element_id,centroid_x_m,centroid_y_m,centroid_z_m,sigma_xx_pa,sigma_yy_pa,sigma_zz_pa,tau_xy_pa,tau_yz_pa,tau_xz_pa,principal_min_pa,principal_mid_pa,principal_max_pa,affine_principal_min_pa,affine_principal_mid_pa,affine_principal_max_pa
1,0.3179090236366824,78.76415962959973,29.85416637185784,-1190.553764351207,-142032.35848226646,-85048.15172473047,264472.75972601795,-375061.37924098124,1873647.1179260123,-2026256.2796291881,-35795.78279290424,1833780.9984507447,-39255.864060864165,-7872.1582935743345,177450.29631645302
2,0.3487023234861074,81.2275069957785,29.85416637801436,7041.709351634465,-96840.38897142827,-61785.311672286596,-271850.1947079994,-239073.45934652415,-1896990.7059466261,-1993415.0690440526,-28461.979795040737,1870293.0575470133,-39421.83071702393,-7577.750035853221,180227.9025553052
3,0.317843913232531,78.75895172984161,29.89583280881416,-5903.725881982053,-145196.43855038483,-108665.51171044062,266416.000024563,-263292.1539951388,1350420.5716632914,-1511320.4126285142,-42621.076525148645,1294175.8130108553,-36193.59477883789,-14073.472007079892,178898.85538565164
4,0.34876746432555833,81.23271489573823,29.895832814550648,13756.122488951052,-88416.44158379573,-39978.04660207966,-273744.3101523711,-164319.66833062426,-1366464.0666204847,-1450071.4371666024,-22764.788196756155,1358197.859666434,-35630.063239967356,-13397.937645858623,181330.6739320334
5,0.3177788019785075,78.75374371704551,29.93749949461928,-5964.160799738089,-144686.33328375738,-112274.19137473789,268520.46220166975,-157677.5110924518,817400.7979739123,-984967.0337500905,-46999.39376182345,769041.7420536801,-32003.150378027625,-18560.842880735527,179899.49349501764
6,0.3488326025799158,81.23792278383114,29.937499500502025,15385.884999110094,-85988.49915804337,-36840.97314664416,-275872.42847557727,-95196.35420998473,-826903.6648089982,-920267.9936171705,-23487.956164862815,836312.3624764559,-31505.940469194098,-18038.977874140084,182183.4818334728
7,0.31771368917495185,78.74853571539474,29.97916618067978,-1385.161051286268,-140380.45458172436,-95666.75601456485,270818.70781191764,-54885.8823412634,275195.8407887149,-483220.9006458035,-63288.77222680416,309077.3012250321,-27360.66592865976,-22067.514179242364,180780.78780317248
8,0.34889761295856936,81.24313078590697,29.979166186666802,11502.735325163849,-89859.90139504147,-53928.52885199791,-278244.2233898164,-28753.44454708777,-278214.6274539686,-442486.1791999029,-43027.47768041035,353227.96195843775,-27083.989935524387,-21894.01833251976,182860.21665083407
9,0.9849652175320718,78.79228197113338,29.562499481105778,954.3177940320238,-156676.78620969865,-124599.65025778321,362988.36116298055,-149190.26275894904,866820.0111859418,-1071952.3051457698,-44890.65417242411,836520.8406447438,-58652.83162713737,-10101.12507598963,242586.93621854595
10,1.0148468012480993,81.18271837839691,29.562499532718324,23305.617143158364,-65314.31701837514,-43674.00393942462,-380811.18948752625,-38757.384429082376,-864267.1373377313,-972640.2476211605,-33120.9553339651,920078.4991404841,-57137.223337652234,-8041.30262592791,242073.5961962125
11,0.9847699884240282,78.77665810858173,29.68749922766996,658.646280190369,-150795.2380484802,-143382.2199084112,373846.74630155193,-105000.08175591109,638937.5816554333,-869941.0493512218,-57060.26103017492,633482.4987046954,-46731.58180325691,-13435.639428031544,250347.58249207746
12,1.015042339145868,81.19834222203242,29.687499289130976,36398.718526147946,-44557.19095745693,-12858.896466671446,-391092.73467716435,-13090.735519773094,-634980.0257215711,-745295.7025311928,-24105.17280285464,748383.5064360672,-47148.16142333559,-13098.136503949474,249084.1378659832
13,0.9845747387175208,78.76103418579137,29.812498983691473,3884.328998678604,-146251.89568977518,-140457.03035665373,383845.8891321579,-70189.23242857668,394947.25587843545,-666160.5955452216,-73270.44568611495,456606.44418358617,-39227.36979108305,-18029.473799844884,256012.94947647513
14,1.0152378414496455,81.2139658808329,29.812499052127922,39505.3286418239,-38658.88577084062,-12831.382733708573,-401126.4587086007,4307.001668869879,-390613.98513938574,-552042.2050972639,-29670.255268511395,569727.52050305,-39868.288110655674,-17806.693548464227,254255.57369406306
15,0.9843794681056727,78.74541044544924,29.93749874375303,11494.005677178095,-141663.54026187738,-113474.74866574582,394005.8899365603,-38246.13592041056,137133.21838023106,-502246.9153200258,-92515.52325765173,351118.1553272324,-34133.092069451784,-23399.80187352356,260424.72222071572
16,1.0154331818091262,81.2295897371431,29.93749882145118,33079.57560054275,-46543.717898638,-42660.748931080554,-411970.55311755603,18320.09175029172,-133015.94217375567,-435820.1335848294,-53621.36521020903,433316.6075658626,-35392.171126666246,-21544.157303688997,258448.89443942
17,1.6484591082996898,78.82046006402969,29.270832377323295,20182.639306026897,-198483.54967307576,-163241.69778897037,468747.13771922793,-133623.78901167822,660057.7910318328,-968305.4268716644,-60069.16459350905,686831.9833091543,-55409.18988844414,-2159.795966116946,358610.1050010117
18,1.6845563893233626,81.13787388812788,29.27083246749436,43870.008440950376,-45219.72587651932,-38438.22950065425,-519512.3517623231,15594.780784084429,-699770.1858368095,-863258.3531966194,-57737.558057201975,881207.9643175981,-81728.03075354264,-6300.273007097527,314807.22485173796
19,1.648036022206433,78.79442171063957,29.47916534314436,16084.46667420018,-176685.41606306695,-185539.87479098016,493435.7102435267,-94836.38367341313,507706.5147762172,-852874.2771126872,-86188.0207025097,592921.4736353501,-45457.915146300686,-7383.249103112325,367682.2490962981
20,1.6849798624432233,81.16391228915307,29.479165459721617,60697.06429452327,-7435.551937369222,5001.530018211844,-533865.5408914431,34301.62786948474,-513293.51531821594,-694016.0769369443,-35237.81284541577,787516.9321577259,-62870.399572473674,-10663.904777069927,324182.713216787
21,1.6476130527218997,78.76838352783663,29.68749806825955,20168.401810162242,-166709.97011339702,-176883.29631019454,511889.5805644787,-75220.73256724516,322460.0864394872,-728522.6534791808,-105694.94611063265,510792.7349763843,-39762.50152495474,-10331.500904757553,375784.91484834824
22,1.685403306007673,81.18995036895797,29.687498233909857,63791.81701939729,126.37832588028868,5130.47090451546,-549244.94073174,45428.4342502585,-313765.76603540865,-581109.7541452622,-35073.26337513464,685231.6837701899,-53161.40129521077,-12972.557926178335,332383.13498326764
23,1.6471901093135788,78.74234559115732,29.895830798855837,29549.824100403923,-165687.7439175654,-140729.79121511953,529711.1588278157,-58560.62712101315,118301.52536000576,-636252.9626102294,-115917.59244119615,475302.8440191444,-34428.00042217178,-15916.314417969279,384450.94964482775
24,1.685826817599031,81.2159884223208,29.895831030859515,54100.9318271937,-16140.926455604187,-35761.350304747495,-568193.2127283966,52969.620039681984,-104913.23903937395,-552486.516634571,-53338.02615906605,608023.1978604791,-47666.91142879328,-17811.218948768954,339719.6429702947
25,2.138453727622071,78.84776792123041,28.979165726448173,-84886.5346248373,-519491.03057368833,-279564.85875679983,1064040.690468907,-238263.50135395848,1039096.3277016078,-1880198.8624918466,-158060.96353971364,1154317.4020762348,-30069.773052833047,8180.474739199448,440993.3449895261
26,2.1943358575953846,81.09181755492574,28.979165683410184,-5935.380154213175,-77647.27239669634,-58561.444484453954,-1231313.8184444166,42280.32460026105,-1204441.515660453,-1738497.2750870625,-110159.98966597777,1706513.1677176768,-104432.37161250449,-9922.688923824428,341394.3146976262
27,2.1375095649811016,78.81132215393045,29.270831417377657,-85445.24707139937,-419004.196305362,-347107.03252939845,1167890.119740302,-184454.93027653976,844831.3495406068,-1789276.8428044044,-196586.75653552377,1134307.1234337685,-29309.27200765047,2800.242124014372,488395.79300536896
28,2.1952802128248012,81.1282636981486,29.270831381683713,36146.429998529,27876.743580021583,42496.37842482357,-1265067.8145067955,94287.24527429174,-880041.0100992791,-1463590.238067918,-50615.05678889909,1620724.8468601913,-79324.6181192302,-15993.464799273186,360034.78930717293
29,2.1365660544835454,78.7748767689733,29.562497259552742,-72278.30393853797,-372304.5911326374,-324995.67277400754,1223124.273206584,-170861.17826431405,545471.8267824043,-1641232.7742988234,-205052.6005360627,1076706.8069897033,-27718.898499802548,2743.0324355628236,506452.0970336556
30,2.196224612674052,81.16470930017557,29.56249738054015,43826.16222264239,42475.113382522075,56744.611610554595,-1297066.786014353,130712.82330416495,-531914.583749782,-1316236.3069158809,-36686.825538954894,1495969.019670555,-65914.72872632512,-12289.294454089271,373754.67574805615
31,2.135622757146251,78.73843153127898,29.85416307308115,-55325.00154057995,-373443.17769027606,-252469.04397745398,1266642.1396597836,-161417.83270725416,206277.90805336964,-1542416.7478574128,-202803.47022324364,1063982.9948723468,-24614.1260367949,-288.981702647882,524199.3722050235
32,2.197169026509942,81.20115459693507,29.854163415764255,22295.31515888636,-4284.959104498297,-22601.14611323859,-1336551.1086704915,158395.55709365735,-169241.82240414427,-1327645.0633994746,-60743.64370875282,1383797.9170493768,-53826.05815056931,-15530.039432413296,391013.1864036146
33,2.465639390926658,78.8739713211135,28.687499261715057,-73765.47644443777,-553692.6152973161,-291119.5457696501,878710.5449894575,-207035.35533965754,637117.3284904256,-1492903.8468043157,-184487.69601734303,758813.9053102545,4417.4657816526205,16613.63249138709,507563.8435847397
34,2.53349393221394,81.04478349906013,28.68749869784483,-15315.236545958162,-32222.37036495984,-124169.97929085135,-1373446.0451373933,49468.1827922134,-1036750.0383082189,-1737778.7939822562,-138330.2123126239,1704401.4200931108,-101578.7428489507,-958.8107626338781,362306.2395821818
35,2.464174173287737,78.82711920283114,29.06249816254044,-66919.60348897698,-425740.50851398497,-361156.55033678096,1078034.2282745107,-175852.47375879166,603978.753186064,-1575513.3720784038,-226197.750674247,947894.4604129079,-9083.542860554468,20377.36400673889,606544.1875210353
36,2.534959306184658,81.0916366704614,29.062497574945255,34147.41335200196,75397.03936105443,-9489.496357841355,-1448408.5734654402,95830.4914428156,-781513.7020252919,-1561437.0093191562,-70432.85355314362,1731924.8192275143,-71954.76360870474,-10552.722559425745,398677.40901733295
37,2.462710094578905,78.78026727332386,29.437496751694283,-43928.46824489655,-346108.8145472349,-323120.2586086998,1153769.8946768953,-162452.87604898203,406196.860262974,-1490731.9923964366,-222227.6797834908,999802.1307790959,-14737.076857577827,26359.58456399541,642128.0761857766
38,2.5364246993379447,81.1384892837699,29.437496524360533,42957.36968703322,75339.21792009397,21785.328625752896,-1489821.721380919,135767.48015301838,-470095.61412871175,-1470562.1782830553,-50930.989902061934,1661575.0844179974,-57423.59970854528,-5441.862574620809,412570.60895523976
39,2.46124634339182,78.73341540242407,29.812495203235738,-26525.363107707548,-331728.2579337,-260726.24005552282,1194754.1984271447,-144530.25173762097,164200.37044065233,-1424068.8708962835,-220851.75684180236,1025940.7666411556,-23242.07413150363,27235.664108667344,661962.2384938758
40,2.537890269837727,81.18534145022137,29.812495502777146,23053.422830778556,14272.688739183923,-42484.27269189191,-1523362.4674419158,165150.41147435023,-135486.53995327625,-1505018.5890944295,-70190.93999475427,1570051.3679672542,-40301.04565171919,-5157.259365454364,434331.3738269705
41,2.7967326315730134,78.9001075596185,28.39583313048191,-82130.1965050036,-637487.5555147297,-389397.26661843347,458951.7414321173,-232067.37199336148,239980.1728415074,-1052411.6894082276,-251638.35030498795,195035.02107504843,47358.60023612342,64222.86854824892,679652.2206344296
42,2.8687461228175852,80.99781744043831,28.395831402028556,-12020.70928270691,47876.36438656898,-186159.11238609813,-1296681.7057954897,40541.45575575555,-781146.6947212906,-1511811.2844729659,-159216.66509751222,1520724.492288242,-93782.79777030912,2810.206792802168,386983.33277940104
43,2.794746535599913,78.84285125260563,28.854165176117544,-72785.36567289523,-532076.3046847868,-443636.3983420193,803226.0813302466,-222035.42475487216,367916.6117811295,-1321837.9391100262,-287754.54532575584,561094.4157360807,23396.744621890743,66175.4248602328,823490.9328671357
44,2.870732621913365,81.05507584444928,28.854163317212155,33763.243686792586,134213.73333617102,-81815.04680848753,-1435748.2520809954,62905.11558361999,-627464.2664352688,-1478586.2432718189,-93266.903578881,1658015.0770651763,-57154.26713478118,-7964.79812919716,417284.7205095185
45,2.7927618162188277,78.78559478320763,29.31249636175936,-38414.78978416507,-431046.57116914814,-366658.86547702126,926483.8280724766,-176944.23361933703,276409.08878039895,-1287741.5172717697,-270990.8820781652,722612.1729196004,11526.455620470375,72917.08366724587,876502.848574958
46,2.8727189949980283,81.11233377607739,29.312495132528984,43492.3344937494,120793.57595206273,-41617.61480658452,-1494222.2628654249,83429.18594983507,-380709.1490831547,-1446155.0326348965,-71581.06747416113,1640404.3957482853,-36699.14648681964,1483.9274061924764,433535.6792674489
47,2.7907775973240794,78.72833829053948,29.770827224682154,-18617.646988815322,-393917.7996835628,-300814.9733952851,976134.2168894244,-108266.75378571662,122039.83964702682,-1228299.6168167018,-273377.5727874938,788326.7695365327,-8703.509310986185,71278.17852947881,890651.7173762922
48,2.8747058692164718,81.16959114935422,29.77082696534795,32069.98820101126,62328.62402237886,-72703.25833686507,-1506748.6267363075,90949.19676424169,-92158.86076359634,-1459626.9162326918,-82941.74530328381,1564264.0154225007,-22906.172175629406,20324.58341031726,459486.95949788665
49,3.1243007688543867,78.91387797400277,28.104167555804942,-132295.34346728405,-755969.0464782892,-510980.6586532303,-184262.23537837525,-293670.18305752805,-127665.73005731386,-1008971.0415292142,-315344.3256536524,-74929.68141593637,50012.09244771205,91080.2763527777,738678.2446677346
50,3.207367688172228,80.95905365789386,28.104164108862808,-21627.54287315187,66494.81393023975,-276602.6533286309,-1145237.99587454,-4716.345230851778,-552680.6683786338,-1292128.372184882,-205902.14877187408,1266295.138685213,-99986.93146021864,20134.2946453552,387714.7898598209
51,3.1219896981026114,78.85663481181263,28.645832310603733,-118886.40444927706,-737588.9629237652,-559839.6968450639,235725.0513790427,-307153.0524701137,97258.09339329107,-1035384.5423660218,-341716.0926318164,-39214.42922026829,35140.158006715086,79001.96481978503,940084.2541010464
52,3.2096803491067862,81.0163006143919,28.645828365187892,15323.732405681745,160296.8007089228,-185387.45615998353,-1323794.98672757,-11540.00558837219,-478143.75723323354,-1349854.2418254663,-137003.5781469855,1477090.8969270727,-56605.448823182815,18903.579312149774,416869.134643886
53,3.1192242561447747,78.78898457572862,29.187496316731973,-79947.50498475235,-660502.0663635711,-455101.9653867305,413098.1923298674,-215848.02751529543,124397.018581744,-990776.806579927,-339661.0130579882,134886.28290286174,13784.927890404766,85725.28980259683,1021974.3568374688
54,3.2124480751971425,81.08395375917117,29.187493151593713,35882.73591626831,174970.6910450973,-122795.25027540699,-1415086.2871241553,-24466.860562712565,-297493.20765302604,-1355590.0812562262,-99892.50222437104,1543540.7601665556,-32570.32458968143,35924.987952425836,436564.92003456166
55,3.1164595401241133,78.7213340546585,29.729159786460517,-57771.27897829209,-614901.2217701861,-375034.292833398,486171.0003448668,-77353.77436176199,69893.77296114362,-915898.5654157655,-356590.2354748971,224782.0073087867,-6735.380163845744,81764.54941799004,1035708.2755969288
56,3.2152163308640005,81.15160624634512,29.729157996638364,41783.14880420886,151908.66899138223,-99350.03995754843,-1415695.8100996048,-49134.49472905725,-54795.5304715357,-1324336.7993622606,-94937.6679765936,1513616.245176897,-20536.241015544594,63905.481949522466,457979.71035331086
57,3.454782775529646,78.91504036337538,27.812501701434652,-184410.55642239086,-820297.1511247983,-579699.3363924527,-700583.8764778448,-336146.8450860707,-304124.81536754733,-1491803.3017421877,-367074.31223318726,274470.5700357333,11808.496929356274,88697.86551712657,671728.7784321699
58,3.542918003684891,80.92873394454283,27.812496598833942,-76940.32716638278,13344.662240872553,-378895.48725847545,-1070137.423112487,-71762.36010781504,-412706.52329062653,-1246140.7200188334,-274639.5190104664,1078289.0868453141,-123411.56362052899,27524.090775256533,361908.824875834
59,3.4527337009998322,78.86821319523322,28.437499824155505,-181680.5041414064,-902608.3059396408,-640008.7721920185,-348308.0518640252,-384688.4252948277,-90751.32941805289,-1282146.7406891063,-409158.9324074066,-32991.909176553265,21892.287689735243,49991.752339896586,880033.9160842646
60,3.544971334094704,80.97556704784034,28.437493590169947,-18553.46822600336,107216.292635634,-296041.7087348154,-1238178.3206562256,-108591.40648230741,-373002.41380227765,-1313917.7711818207,-198030.46021350063,1304569.3470701366,-73239.5468929016,35971.79225539283,385533.7540084281
61,3.4493184188352033,78.7901653519419,29.06249662848291,-146296.4384600371,-884472.4433856588,-546841.7190968166,-161290.76292359328,-284140.4056277503,7245.132038112689,-1066679.1932034432,-410394.7333398727,-100536.67439919632,-8896.628912123666,62621.000839516935,1007453.9238801482
62,3.548390350344926,81.05361985148126,29.062490995554278,15549.26221659303,160832.32027168898,-205314.2918107076,-1367804.1569251195,-148393.84424550383,-239194.76113442058,-1348108.1198911765,-140725.21642548463,1459900.6269942354,-41081.64107654735,53972.68949420867,410484.2113154947
63,3.445903335471716,78.71211684026757,29.687492665929717,-121031.68631072131,-852876.7193711958,-448423.0837071657,-62139.42041504277,-112920.40508594133,28529.79180026912,-885952.0847726504,-425066.4837731665,-111312.92084326572,-19168.303976887415,62092.115280516264,1042629.4681373918
64,3.5518098172635244,81.13167192630536,29.68748857833632,40027.954799395935,184472.58679895476,-125913.2140675,-1379009.3076399816,-190218.60938184304,-31141.05459223812,-1289000.374055313,-113951.1093271175,1501538.8109132813,-24515.76286516558,79568.3293673504,427441.695610706
65,3.7850202674014795,78.90841366259893,27.520835649400624,-237998.18483627384,-868811.959180787,-622466.727674534,-1033009.8163777599,-372217.2275106763,-349781.37204055814,-1844354.0731208646,-415051.47647229006,530128.67790156,-20002.98231966973,89356.05314004341,648854.8576432737
66,3.8787116360088287,80.90620427454604,27.520829152269563,-95611.9333962982,-38081.25418136745,-450363.7066589655,-1059256.767456378,-131590.10035310316,-331412.9973100518,-1261541.1907570944,-328637.61147513887,1006121.907995602,-146927.24848780019,21014.586563690867,350677.2567436787
67,3.783331546620468,78.87199921221067,28.229167239067895,-245831.91944168662,-1017238.8333165431,-697302.90762332,-799774.8763720808,-463302.1376978112,-181485.6505223334,-1747879.648028274,-479228.86565695406,266734.8533036781,7962.029350446631,23954.04989831546,801632.7540486075
68,3.8804080379593078,80.94262700436255,28.229158855550747,-43224.22609413671,9549.850999298666,-382655.7428957535,-1191953.3099412643,-198271.80914881086,-298583.9769995234,-1338959.6774182562,-255756.6500048754,1178386.2094325402,-90640.49314013845,34634.878942984506,368023.8229903948
69,3.7795600128913325,78.79136247797665,28.93749709294803,-205743.78485703457,-1048706.0857201642,-620368.6433146861,-648266.4356996772,-387670.89565673564,-59394.44714295426,-1548828.4914747044,-496985.55012494815,170995.52770776756,-26158.38954798473,34361.010415894714,947747.0759831823
70,3.884185499611445,81.02327110562186,28.93748886004587,-16853.544169451627,67095.8574702746,-278097.1137618913,-1336672.3638167682,-249491.78468063797,-198428.51767766514,-1401235.0544713119,-190123.77718249938,1363504.031192743,-52817.57595550995,53335.26236920109,393936.92087819247
71,3.7753973791527926,78.70292202236838,29.645825961902442,-179814.12417858368,-1046587.9336312837,-508547.78333481797,-539396.1643894993,-217515.21573141712,3731.085546051904,-1350442.2375200342,-479684.6708704762,95177.06724582493,-29922.305385945092,38850.70255604198,1011835.1622477816
72,3.888353759341185,81.11171706523733,29.645819178981217,19928.797709924183,117802.58402395883,-160693.9911204099,-1365917.0228763106,-290772.89549348905,-17533.55609065946,-1337500.3202254055,-145338.33144208533,1459876.042280964,-28213.627618434497,76549.75599434934,414701.1012055474
73,4.111690507043413,78.89206758250542,27.22916974407474,-271477.34357688704,-892671.6183136144,-637560.170588983,-1228027.1503126118,-397130.67350070254,-332434.8302141969,-2039828.321326239,-446779.74804305146,684898.9368898056,-44375.00435877721,89729.36048530551,656227.8336809915
74,4.217863235991389,80.88923334129814,27.22916194439903,-124353.34851761775,-66324.14214722624,-514391.20277364535,-1116107.4466795968,-188227.85541117284,-291799.57308601274,-1350673.389972928,-378726.24559565325,1024330.942130092,-169153.45752939713,14396.383964597504,344952.47063528816
75,4.110329784520676,78.866067782573,28.020834285994418,-277440.78817753296,-1071735.0511053372,-724167.7694095415,-1109190.0789024504,-524039.47465589497,-206617.94033358814,-2075611.6463110917,-517066.7345026611,519334.7721213409,-11770.438886904056,23387.29128786734,773335.9018605296
76,4.2192353955557245,80.91524387984202,28.020823831572862,-91575.58757097748,-70604.17354597886,-459473.97523191717,-1233289.4338382855,-287591.87892845814,-259785.8033265956,-1463580.953556654,-310609.560816191,1152536.7780239717,-107864.11076942003,25595.814328970682,356025.8109502817
77,4.106332557781762,78.79065858675493,28.812497528633614,-240070.1604086124,-1131341.1437066968,-656008.0082076406,-1029445.1193068626,-484066.7815303321,-88155.16341207405,-1965975.4989399193,-533048.5482432486,471604.7348602186,-27830.871156071877,15635.757446772275,919374.1423746042
78,4.223241115099852,80.99066309274775,28.812486675865745,-54824.295779750966,-23969.99595313215,-343581.4654912469,-1389332.0678684178,-349364.26234315865,-179880.04799280444,-1545424.5584746688,-235966.58526833507,1359015.3865188735,-64357.70377243854,43577.243996482095,382519.98082304274
79,4.1010652610957825,78.69184521507806,29.604159651592223,-217144.05295216752,-1163797.016949514,-544712.0103163188,-943365.4401637682,-340511.3069224186,-8332.909328127327,-1814783.4185563386,-508542.32127925614,397672.6596175941,-30885.24696659369,23520.043284165095,1005798.2816468873
80,4.228515802739381,81.08948450651611,29.60414995526723,-10762.62459682795,35423.60856066919,-197391.89460610916,-1442232.659758984,-389870.77052854514,-12226.402219933334,-1492746.8226972362,-178200.74127721722,1498216.6533321855,-32145.561852079245,63725.07117473794,408849.6593156216
81,4.441376934667315,78.87349435225588,26.93750352745013,-288738.8171129759,-901943.1579646321,-638965.8982974568,-1335732.1335800292,-416529.2054325851,-286156.52217765595,-2135642.4738492253,-470095.3067276941,776089.9072018553,-64101.09755931306,87239.16620020794,674542.2645040392
82,4.553788297683319,80.87032830553599,26.937494530921278,-143528.87395936236,-73018.29455915,-562651.2713837037,-1209143.2675738165,-240328.81724551375,-267084.7039224783,-1461373.5788347682,-419324.7223725158,1101499.861305068,-189536.18906377323,10199.327538947651,342299.08540671295
83,4.440506937956347,78.85790127823931,27.812501465621864,-287411.79059878876,-1092934.970822317,-733123.4115438154,-1312181.8621388273,-568538.8516137439,-196018.1714747761,-2277441.5290464247,-543058.5926632208,707029.9487447246,-29701.755204000405,27591.638224020924,776439.6143053028
84,4.554674052541779,80.88593456568258,27.812489069449413,-126573.94877318174,-123546.74306476818,-520414.7998295828,-1333162.9393366377,-374316.7430936335,-239230.23662931894,-1628533.888628524,-355617.9633581793,1213616.3603191704,-123380.35130039175,17788.41060629146,353812.4722094413
85,4.43656076940448,78.78770671953615,28.68749785931794,-251098.58513948965,-1165089.7238017567,-664831.0814874943,-1317319.5560681194,-561971.7472468308,-90442.24111279228,-2267173.530293978,-548689.2993484982,734843.439213735,-24388.06517546635,4393.181254089257,914415.0733667554
86,4.558631756455444,80.95614211047744,28.687484469647767,-85142.18176307922,-101135.32292246722,-401369.1015419841,-1513317.1547084993,-453688.9377604566,-174209.43757325204,-1753892.6251176859,-275653.2285358964,1441899.2474260519,-73406.91680361102,33249.75853786947,381267.0976652659
87,4.430416832253652,78.67851047457917,29.562493095394352,-234674.55941711515,-1232476.2165071343,-561818.3690464556,-1279933.6333265891,-457568.99744532595,-9968.511471987425,-2198344.380621952,-522784.7603870355,692159.9960382829,-26241.264517174674,13025.980014736539,1014719.2359149002
88,4.564785139477278,81.0653496859525,29.562480428445284,-38751.45626981651,-50279.58417675279,-233276.43947730548,-1600303.7667586156,-498212.7236327041,-10998.69122406864,-1733665.4020067668,-209609.0704368481,1620966.9925197398,-33927.29496511666,49814.57647502486,414183.6969659607
89,4.767945240221164,78.85514563940775,26.64583719338772,-323840.0446130001,-948893.9121998913,-666451.8299357478,-1479836.242230726,-468096.801997668,-254408.42267702785,-2315532.2724889624,-506243.4763644972,882589.9621048203,-82082.93821786158,80535.09395835728,679281.5533895525
90,4.892830277259963,80.8511986937076,26.645827068570583,-149772.73495430365,-55189.086406962015,-577805.4370432924,-1228760.4013665968,-267917.62508375105,-221316.9896437041,-1466381.6646385186,-444520.87449494,1128135.2807289006,-209376.1416878426,4497.16107169425,328399.4085335394
91,4.767663848675313,78.84995420645564,27.604168535162014,-316169.34004280827,-1152571.63124789,-773025.2216951153,-1537770.8096969177,-651261.564927992,-188800.20891704745,-2554499.589154498,-585467.3758763354,898200.7720450199,-50014.0692597251,27059.398588706717,769834.979497201
92,4.8931322785155755,80.85640619143294,27.604154240903846,-143100.56446275508,-137411.82009723148,-548457.0085359054,-1365930.2739042363,-425953.5834004142,-206645.38199409805,-1683626.834449791,-385122.64584058255,1239780.0871944816,-143450.78675349682,8123.574803519328,343458.53887021553
93,4.763623095927034,78.78498586601403,28.5624980697297,-279623.4561809125,-1231286.3264999865,-693665.6315591172,-1633336.621852696,-678515.9791353906,-91435.05583455534,-2642888.753225511,-576950.3262408342,1015263.6652263299,-33131.1851439931,-7265.783859989154,885084.287708984
94,4.897188097429159,80.92139109801653,28.562482136054754,-100089.49199097976,-139733.4145816955,-434619.53215802606,-1564781.4460866023,-522474.6616258418,-161490.32330575786,-1853101.1980287428,-300905.11948000174,1479563.878778043,-86839.83384106678,19812.404749295638,369658.0979476128
95,4.756115547855548,78.66544011714291,29.520826463192243,-272131.16070738446,-1337878.452047369,-592662.4860142005,-1666005.351494314,-614119.739904639,-10054.861444231887,-2677063.2062414805,-550734.6603520527,1025125.7678245793,-32493.708801709094,-6001.685639657755,980814.6948373253
96,4.904707463676962,81.04095173641478,29.52081072606119,-54732.3372218754,-103707.67662561132,-255700.1287184402,-1678344.4412124746,-572383.4248522975,-7746.76155820955,-1866742.271695158,-229843.800627027,1682445.9297562581,-40609.63747420852,32456.349948387386,403413.0175510348
97,5.25738505708866,78.82141691371467,26.35417091181344,-75419.52102501919,-481653.3267067205,-348580.0623918234,-764315.6336343823,-185849.21078329242,17427.442091753826,-1094767.6540760016,-341809.30123814003,530924.0451905784,-103338.02261891475,84512.40531569475,740516.0319382724
98,5.400976801694263,80.81624052079948,26.354158631941107,-84406.00199989909,-55188.087094054696,-480449.9258529078,-669514.3258819026,-109162.29719673225,-35729.72171627015,-774961.6410594597,-447575.4021323863,602493.0282449841,-251765.95090434112,2612.500936859416,338908.04971887317
99,5.257400544102495,78.82142804098511,27.39583512121805,-29382.757519326755,-574217.4290268765,-429328.4385421296,-828662.2951863131,-288917.07155359676,1390.661812590043,-1242337.7793934583,-390217.1694876002,599626.3237927252,-66916.9840049603,31311.98811673302,808240.5229023423
100,5.400988199185628,80.81625045089868,27.395817520073823,-43044.675383778704,-100005.40189728841,-418301.04760361445,-747089.68773423,-199479.44387007662,-74219.58486891985,-899148.6169394548,-345005.4650848355,682802.9571396087,-161858.23251611565,5472.556226697411,355588.8265973497
101,5.253120051159302,78.76169787048376,28.437498041175967,37647.218895376835,-597664.7218321046,-386678.5720176005,-909162.8279081138,-319694.7491088133,29413.68060312697,-1309006.4497380042,-361201.8681101778,723512.2428938539,-42143.665606291506,-5401.056905848889,904344.2616122619
102,5.405288527259036,80.87600278766756,28.437478025752778,-16150.62918538558,-114176.59500832352,-344308.8342859743,-868524.5270022405,-265939.20251487073,-84115.01947152198,-1028312.1533768881,-264183.6328489779,817859.7277461827,-94192.35662409978,12429.73332297973,384151.29277408065
103,5.2441526858328675,78.63703171422195,29.479159895680375,50329.490849426336,-663637.3376829284,-349679.09135634423,-954776.6756717444,-321297.85853475047,36937.65741165303,-1384256.3003904407,-333752.1332580673,755021.4954586618,-27584.470713488307,-14106.106513448387,1002276.4106384476
104,5.414271011592566,81.00068924598641,29.479139398951293,405.62060281371305,-106254.32057433871,-225362.4509830362,-948332.1627831364,-312531.1084094314,5186.776570227715,-1064116.8208175115,-205924.3944216789,938830.0642846297,-41557.68696718046,18218.53156683933,418917.5236156851
105,5.919051682954332,78.77169379915725,26.062504287211805,-81129.24499441855,-527093.8252405784,-393111.2025839904,-858032.0707927258,-213899.203826194,48242.15471577566,-1214859.6070429538,-397650.007387161,611175.3416111275,-126429.80156499888,104543.0401402168,844998.9482652333
106,6.068872883470702,80.76606858106977,26.06248882735976,-104223.18588357075,-49730.060240384715,-575665.195969716,-772112.0011750823,-136617.20255160128,-25339.001410032983,-890717.5064360288,-539651.3923075837,700750.4566499407,-315495.99451780185,6248.504729674999,366306.91213858
107,5.919071672259092,78.77170889089271,27.187501723603273,-48444.71306721255,-607272.5680209012,-468102.60547390056,-964382.7147546436,-347138.4341455406,28220.03489463596,-1406307.565597151,-439840.1753129988,722327.8543481356,-87654.76304830959,32568.423427049034,856583.1833460636
108,6.068886747768364,80.76608252307045,27.187479299365542,-62535.23745543595,-107098.7567944277,-480643.4372580846,-878271.2793987343,-265024.5386271642,-78235.33852758101,-1066828.437383843,-390455.26181459817,807006.2676904928,-185280.08555692885,3553.77258841785,365413.8334227481
109,5.914990745560607,78.7171905242161,28.31249773338627,28502.829348231695,-610416.9742136669,-405875.1566347128,-1100336.0655776877,-396854.3950551124,46295.57149012541,-1514587.5284618884,-387052.52391243074,913850.7508741711,-56403.61882880481,-5115.822828930151,925753.261554846
110,6.072993344035329,80.82063110742796,28.312472026394513,-35073.624204340544,-131845.23463723366,-388137.56228391494,-1039789.3294302697,-350207.6699090766,-91173.70622732621,-1243301.769508466,-292612.6653152929,980858.0136982696,-104147.06344411855,4425.433454749511,395148.6492697601
111,5.905637051348749,78.59255642192919,29.437492827610868,49596.43444359195,-678348.2358016977,-346226.95921051805,-1193928.6367438843,-422498.3275686105,53716.04717324256,-1637756.9740691637,-337309.4563818377,1000087.6698823771,-32160.25824427801,-20681.280049865418,1015127.899404892
112,6.08236658074511,80.94529333770515,29.43746583725997,-18876.92010388203,-135110.1671781217,-256203.29735326537,-1156636.9849940217,-411539.87953024905,-522.9760355216267,-1321481.8430533698,-228846.71938227664,1140138.1778003774,-44982.167144356135,4455.256800423127,432333.34283942415
113,6.5807209868928505,78.72199050868124,25.770837859280164,-82129.1235280068,-563365.5053991114,-441024.3803604015,-983884.8984208596,-245335.5578186405,48321.012095497834,-1364991.995936824,-442897.313252731,721370.2999020355,-144501.81820757285,134617.26338769097,932678.292530464
114,6.736767676595194,80.71587749996205,25.770818843518402,-115475.96420926682,-35359.37780938731,-672582.9815244394,-870501.3844242049,-156619.37734358638,-26018.10792508057,-997289.3521929296,-628330.0639095111,802201.0925593473,-384544.1794611539,13636.028176566571,387637.6738229885
115,6.580744556496278,78.72201060821,26.979168351765335,-69119.55280519069,-637660.4950690975,-519336.22427102656,-1114096.7554180499,-423191.2012195889,48104.37132659147,-1592756.0754623222,-495740.86598618905,862380.6693031967,-104925.28267118204,30384.839640301532,908179.610092361
116,6.736783775809388,80.71589650691611,26.979140580143802,-73875.22263389386,-96833.69661947143,-532769.188627575,-996233.310973194,-327168.22513702704,-82474.81489515936,-1209161.6233475138,-425903.9554889791,931587.4709555525,-208234.94008565738,5102.301179018824,371973.74167368165
117,6.576911766481126,78.67270213467822,28.187497250674276,16063.616891864745,-616119.5666613851,-431043.09647742845,-1300141.3540857714,-490520.437903058,60352.27076412091,-1734424.7283811956,-416236.02584781067,1119561.707982057,-67201.84268427889,-4929.711047848587,949101.4228044255
118,6.740647989759587,80.7652450297989,28.18746549856652,-45732.59447122841,-124425.16446931529,-419327.1370842594,-1196878.318296754,-427045.506500203,-96179.68727202258,-1424480.0848290052,-311861.21861700714,1146856.407421209,-115245.76115914011,-96.20786417036825,398772.51166524936
119,6.567172087393761,78.54810321426642,29.39582553372739,47427.716243145114,-679730.593441302,-341677.78435378335,-1447055.4532478855,-540440.5287001244,71677.38486611212,-1904624.2252762413,-341756.5322015693,1272400.0959258708,-39342.99252516418,-21011.964387446533,1026216.9102084506
120,6.750411926909011,80.8898815497984,29.39579167253205,-29346.572922781674,-132626.1978511064,-280461.88258100685,-1351296.0352879593,-504517.3446822358,-7391.790654167111,-1544477.9851237922,-244476.4571422291,1346519.7889111266,-51938.54300938441,-3985.239952227417,435214.98324876925
121,7.069707292378486,78.68220504800226,25.479171970994777,-455841.44154518726,-1154986.4464761831,-930829.65550233,-2234615.5099315997,-823493.2337096719,-212568.69887318826,-3315000.664165048,-743292.1192429934,1516635.239884343,-152848.14121364578,150684.8159815135,964641.5687808294
122,7.244433267899883,80.67451260242498,25.47915039070971,-232301.26617971214,124090.13796648418,-961170.0648720904,-1905198.829275968,-584903.204589176,-213027.50422565738,-2214247.822103366,-744667.1046211993,1889533.7336392468,-427894.80109509977,20713.286853091282,402384.9776460802
123,7.069733539152904,78.68222956910073,26.77083508566948,-478611.2016741231,-1281340.340536074,-1052365.923071867,-2585636.006270924,-1271946.2772475155,-147333.97705896886,-3904804.111245577,-829302.6565369676,1921789.3025004803,-115563.59386733401,28439.69829770542,946769.850764182
124,7.244451326979343,80.67453610768365,26.77080308561095,-217026.60193517772,-22394.86052120957,-833681.7200906884,-2236139.366313432,-1013575.7235232804,-232129.51382911962,-2763077.5150937457,-541212.9559230584,2231187.2884697285,-231375.68248367595,3680.843421389512,363891.5121241463
125,7.065905138587498,78.63815204542334,28.06249698939354,-374325.7011559886,-1189551.8368558413,-838653.7265648823,-3096459.497772724,-1438428.7153934422,-81430.74090866646,-4291577.096325649,-696231.7028336164,2585277.5345825534,-75779.36358436802,-7940.419570059473,956999.7529031507
126,7.248316151768163,80.71866259266031,28.06246047416884,-171283.9418049619,-62421.38707208053,-622503.1319588125,-2722852.6863223026,-1224673.9310130512,-200339.23699212825,-3237001.938036963,-393309.6779069858,2774103.155108094,-127327.1143250839,-4960.230586769648,390869.1384751213
127,7.055000693170411,78.51365621459341,29.354158597596914,-306709.7437276686,-1278745.8315453026,-598560.6233975148,-3522035.672348035,-1564445.036037104,27268.446578534444,-4690187.320795986,-571080.9431433092,3077252.0652688094,-46647.15246061356,-24272.245164145235,1021423.5915871211
128,7.25924888006882,80.84320477387098,29.35411929193251,-128923.740972081,-55183.05985759586,-364909.4004678187,-3104320.0707203415,-1372821.6776182835,-39711.17774845038,-3523164.732662347,-296657.0439819032,3270805.575346756,-60422.856686985586,-10449.033272083285,427589.8642371127
129,7.3953510392301975,78.65154771540092,25.18750591829396,-428979.7605867251,-1076910.3818173239,-875168.7225078392,-2236733.3383711735,-813533.937479296,-182337.12591226172,-3243926.4472200586,-711035.3582843567,1573902.9405925265,-154938.1681424602,153311.5292361107,958391.3132152741
130,7.582527220227896,80.64276348036006,25.18748306392975,-228339.66308366414,195801.68051466707,-979560.9580238259,-2062474.1634388643,-653780.6192157898,-217387.5194826164,-2355743.894660281,-752040.0522985595,2095685.0063660173,-443255.85997000564,26160.71010667974,408053.3728305867
131,7.395379707116823,78.65157557176465,26.5625023818929,-455514.3569921538,-1210496.8115582643,-1025791.1055537892,-2595737.10105329,-1300766.390967462,-111905.53622349932,-3864533.606317797,-825637.9051882006,1998369.2374017907,-120807.91635287476,30740.354120402324,983309.246858297
132,7.5825471658365124,80.64279034335257,26.56246767972033,-217392.01338521537,46588.69435891145,-868365.9599838273,-2435485.6165145766,-1153460.940651839,-231503.22184032731,-2980592.2844247255,-556755.2512022908,2498178.256616885,-247481.3619406882,7844.076237444326,377730.88391980965
133,7.391750015264484,78.61271277854091,27.937497021142523,-343710.32455135515,-1090637.7159086461,-809509.0927447771,-3124305.743958219,-1480962.949828,-53014.542341372755,-4257675.190684697,-684554.7066827825,2698372.7641627016,-78024.81163939818,-6051.406892394751,986558.5899979356
134,7.586217964273487,80.68170962002755,27.937457299536607,-170296.08444717072,12037.77294711885,-632860.3381501308,-2995158.4745874023,-1395614.1483916452,-201999.04342584783,-3524767.935773137,-392192.5777754366,3125841.8638983904,-130723.68588350643,-2071.3955016179107,405965.350215018
135,7.380069949387261,78.48828886050498,29.31249159978595,-263844.31512575626,-1147436.9971791324,-553509.2584008772,-3581684.175105179,-1618458.7691351748,45743.15238057327,-4668008.780289179,-538962.6571687887,3242180.866752204,-43069.4278701388,-18883.146809852067,1053061.3903182633
136,7.597930051100967,80.80618727149202,29.31244858401606,-121603.33088518055,32400.41354915667,-365981.09215739265,-3471678.286554286,-1579802.7988030307,-45028.414479030725,-3900610.276169207,-289778.7105820323,3735204.977257823,-57946.18072839487,-6922.439372366607,450022.31874066836
137,7.724110189942491,78.62064672017901,24.895839796310742,-437846.13708066626,-1071268.3309063609,-875069.4986821371,-2369635.52758711,-884072.9701637872,-176514.46222683342,-3391870.9990757206,-710322.0538853037,1718009.086291859,-154527.8934122977,151870.7201140449,951019.2506686562
138,7.91750510212545,80.61125831593914,24.895815483493454,-221916.63184286916,231564.1882714242,-970838.0000817889,-2104116.127171205,-684823.1397854834,-198986.750537793,-2378078.0822626078,-750686.2304536691,2167573.869063042,-450914.1092395299,26512.795455795356,404453.4153481189
139,7.724141493968616,78.62067781978628,26.354169704467132,-469605.07515112596,-1214255.6911493803,-1053581.9840767991,-2766217.196551358,-1428700.6257904992,-104885.26327852932,-4083714.911274502,-848428.3965397534,2194700.5574369514,-126586.45653102254,27522.476903080966,990884.4642386152
140,7.917526957202534,80.61128846497591,26.354132220050346,-213181.53825394585,89948.7928599724,-873061.1931815195,-2503892.743171674,-1218945.4736914483,-215039.38709900877,-3045036.791509967,-564330.5673855415,2613073.4203200154,-263454.32788365276,7233.9091253795,375528.4459816746
141,7.7209049928042965,78.5870138612271,27.8124970421265,-349050.31784385536,-1066795.8828393624,-827579.4584966793,-3349755.1324121887,-1631939.2838902061,-44141.31127297035,-4514658.695052944,-702242.5508295561,2973475.586702602,-84303.04441883053,-8836.8752761046,995887.7075941449
142,7.920809175762593,80.64501698691345,27.812454099352102,-166152.79724050037,63682.2393327975,-625031.999297995,-3095155.162589019,-1472195.834612758,-190097.46205335105,-3617237.036156974,-389472.82260140544,3279207.3015526813,-140502.02461016524,-3989.051979920497,403128.8414596914
143,7.708838945174421,78.46263168131875,29.27082454480141,-257819.33442539774,-1105528.8764428715,-543080.4755557354,-3898363.6774462,-1800525.118750779,56679.87825841604,-5000302.912479199,-536236.9766583422,3630111.202713536,-46985.351883467076,-20915.054401877853,1051626.231738883
144,7.932911308149125,80.76946102058422,29.270777818688497,-115212.06162212379,90391.59419802071,-363904.5272018238,-3618845.0219174,-1670633.996861314,-45550.05216902921,-4042100.5064271935,-285181.3508321703,3938556.862633438,-64421.17778060953,-9554.148916901542,445911.33742039686
145,8.049553088807297,78.58799461816298,24.604173873119375,-444728.11651220964,-1035607.9197042874,-859842.4676697875,-2443358.714985045,-935714.1412934765,-159285.23019833257,-3456232.9848057777,-703545.1475680076,1819599.6284875013,-153577.33653552597,149684.0899834108,951800.124643022
146,8.255383789981678,80.57735864645264,24.604147997334884,-225188.42538261882,281641.787634706,-974009.6446611846,-2174296.282287338,-741093.4022551464,-188627.61814275535,-2441862.43688867,-750957.65715857,2275263.811638143,-457609.49489064486,26143.219866336847,405036.7721401964
147,8.04958722563232,78.58802896374506,26.145836790949406,-479900.58070695575,-1175747.5665831382,-1058209.7716526191,-2876664.1172521645,-1530036.5979133788,-93302.41311581341,-4209521.386707539,-855874.515470369,2351537.9832351943,-128761.34305639063,23751.95164899557,998921.9451116887
148,8.255407584183478,80.57739216651237,26.145796390563497,-219033.9550710697,150596.61036110698,-883700.7190879406,-2615725.428305516,-1320358.1525531614,-208284.43970233534,-3167859.4766241317,-568300.528435252,2784021.9412614796,-272993.4458698057,7023.82622981611,378240.75742630963
149,8.046679089602627,78.55957086007722,27.68749709140168,-353350.50233580376,-1000033.7306520243,-829875.9482564412,-3499229.247430939,-1748199.0947753373,-33746.43963565362,-4663425.416679522,-708552.8229752807,3188718.0584105346,-88568.65394389229,-10965.96750510273,1011417.6503319058
150,8.258366074940115,80.6059232752712,27.687450832378932,-172384.46623094156,139924.47158420482,-621763.454212694,-3250003.1420140998,-1586625.761349849,-185947.32301702502,-3773183.9344172175,-385252.00999989733,3504212.495557685,-147809.9439249249,-4398.290816830945,407066.8028101572
151,8.03383850689117,78.43527079962415,29.229157728549218,-248550.69431130862,-1008060.4556662705,-518086.04753010324,-4118637.362316901,-1939959.71310041,66558.16568717212,-5196048.574752572,-520549.0723978424,3941900.4496427304,-47874.36181809441,-21081.574311750956,1062227.8755860112
152,8.27124670897052,80.73029379530854,29.22910719192588,-117211.96014229364,183734.61896914782,-360166.0197393572,-3839599.468017551,-1807371.3111306436,-50831.52931363455,-4258504.968559466,-276516.5412227884,4241378.148869752,-67470.14883096448,-9655.873823785763,451866.2477014781
153,8.377898391786097,78.55296772452375,24.31250768286465,-436239.2005098396,-998191.4339569125,-833356.5305245689,-2468694.3500704775,-967612.167672973,-131588.9481990442,-3457144.0432399074,-693367.6708811332,1882724.5491297196,-153033.10968958607,147172.03871876915,958914.6835571977
154,8.589944192379498,80.54168853404364,24.31248027321835,-222946.5120622051,329731.0748113983,-983632.4181023237,-2283667.6148385783,-814917.6566355574,-183345.66811274458,-2549634.7254034462,-752930.8971894102,2425717.7672397257,-464279.1859188749,25896.92693409494,407336.1896113288
155,8.377935556356011,78.55300542035538,25.937504137652713,-470854.59520856716,-1129313.5929779336,-1044974.0679868902,-2936310.372998904,-1600104.8541430447,-72702.87052024744,-4259225.308205953,-854354.1951798036,2468437.2472123657,-128932.12761423804,19649.506509393043,1010575.5307728832
156,8.58996996984896,80.54172552176917,25.93746080905944,-218740.42472924705,203752.41875548998,-901763.8552802745,-2781373.48351462,-1455797.1753006643,-205299.305201746,-3358200.9476822144,-573676.9442854444,3015126.030713627,-278961.0699257012,7368.079701535851,385829.4097257386
157,8.375485531487005,78.52974075320613,27.56249715732761,-338431.6275822827,-932409.6220203697,-820316.7298434675,-3584851.782257774,-1825052.377991821,-16383.819534274375,-4726415.615012935,-708456.2080393339,3343713.843606149,-90748.62577817136,-12064.044264396825,1033140.5467081389
158,8.592475207597552,80.56507213939967,27.562447586003834,-170220.66156299238,207012.6820851669,-624109.6521641152,-3472847.731654027,-1740098.5797202413,-183251.1944832105,-4009770.0100167925,-382918.9081131921,3805371.286488044,-152091.7599324974,-3245.1521426438962,417678.50855802826
159,8.362259296616417,78.40548551806346,29.187490663385567,-219854.13725281687,-914569.3316086243,-487023.663601603,-4253619.62870085,-2029827.9136684462,81866.42313186794,-5286857.354079956,-501160.25122126885,4166570.472838182,-45896.25879255216,-19272.42165299167,1084907.7071109698
160,8.605745665088513,80.689407163625,29.187436317513868,-110237.48056191774,265376.5144512713,-359642.94013094925,-4152774.744699366,-1991752.5490258916,-54653.51183691376,-4580745.816500725,-269942.0814122247,4646183.991671355,-67119.96252477347,-7470.788802073302,467503.92868076335
161,8.706245453490919,78.51796040361596,24.020841455005293,-446278.5497145263,-993838.8589644574,-838185.8978252173,-2580862.8634761493,-1047842.7033841038,-120160.30505936175,-3590575.8091841564,-700827.9189180032,2013100.4215979592,-154624.33040694022,143402.73337280258,959324.9219238468
162,8.924502283335265,80.50599926135419,24.02081250779667,-218257.6460149558,359544.9748046813,-977897.9494280086,-2299971.6117988736,-847959.2468788547,-164020.26796302028,-2555013.9218269773,-753289.6192193014,2471692.9204079956,-473082.5622508195,23559.24488331632,401178.0867460868
163,8.706285797472692,78.51800157160201,25.72917145043171,-481810.56905580556,-1115672.3977107329,-1063817.3237351698,-3106654.2617096063,-1746965.4335738467,-66205.84218095872,-4478229.480825024,-868972.1520068799,2685901.342330195,-130064.75175655635,13780.653857804537,1011473.9819518898
164,8.924530092675816,80.50603985763873,25.729125159607243,-213708.42382672406,244854.1033360751,-899001.2437495376,-2837931.1675347816,-1525283.577285978,-190760.74665997256,-3415959.3182807798,-574203.9973530113,3122307.751393604,-286809.8505524474,5089.069304051401,383781.53904253535
165,8.704342753523619,78.4999256703966,27.43749718569864,-340688.4897114099,-888715.8909552132,-834102.7077696507,-3813434.1324675293,-1988871.1677119501,-10418.628632405724,-4982951.694644494,-720440.5139741186,3639885.120182339,-94693.47370854062,-15728.495049635503,1039482.6039926964
166,8.926533670093574,80.52420695564905,27.437444272242498,-163756.4410645539,262983.708606482,-611957.3171718467,-3556496.5252568303,-1814622.0724538674,-171473.16289735062,-4083956.060441862,-377346.92700636986,3948572.937818312,-159853.05908535267,-5172.168351198832,416216.2813866378
167,8.69073135178299,78.37571792797686,29.145823556270464,-207145.79588825317,-845961.0668228507,-470478.10366188816,-4581468.923029781,-2225586.4657091377,91967.44035301727,-5619886.524777217,-492522.61692098854,4588824.175325214,-48779.577588519845,-21961.26174154697,1085407.6289483225
168,8.940193906563097,80.64850441911577,29.145765349613374,-102657.03787298671,331052.74496118654,-356173.0463837069,-4283575.839750877,-2078797.3496159196,-55142.878772986754,-4702336.137353676,-264059.1363996613,4838617.934457833,-73071.80389697786,-9575.867744600131,465319.70358035574
169,9.03125398822051,78.4812433043452,23.72917547114889,-454210.22597369005,-957974.2490991587,-825619.9028671382,-2629763.3630586723,-1101269.5552845912,-100902.14026211915,-3633574.1831599413,-699610.0416030422,2095379.8468229973,-156492.36227724305,139155.07634282103,961958.2194471138
170,9.261930646133447,80.46787935171908,23.729144951917682,-221748.04289582037,412501.89646354737,-979855.9334434748,-2348409.7888686717,-905411.3571580356,-152564.91243421572,-2599597.9802995007,-752874.3201255249,2563370.2205492775,-481073.5599857501,21941.77352922533,397519.1788054777
171,9.031297659175694,78.48128805798885,25.520838529392226,-490498.51642974786,-1062725.1868459648,-1061803.83304718,-3207325.770453165,-1856073.1767285503,-54914.60536742784,-4592301.094693325,-871912.8692717945,2849186.427642228,-130389.6305151259,8478.315684213798,1017394.4981700868
172,9.261960562556139,80.46792373680549,25.520789204120735,-218718.046064864,311854.4563086778,-903644.1236650852,-2940316.521257954,-1633036.9603717441,-185437.0568054461,-3531904.9619879094,-572902.2985261498,3294299.547092788,-292696.1781183436,3741.43020696128,385949.7723397988
173,9.029845606472232,78.46840299789714,27.312497229403867,-344634.0159037522,-804702.3655594947,-831552.6240019429,-3959073.6999436077,-2109807.282822388,-2936.952016989638,-5123828.922598835,-721591.2807995139,3864531.1979331584,-96730.43613824318,-18258.908298588587,1052396.272666837
174,9.263478724597576,80.48090958563773,27.312440904238837,-168376.90270725972,350266.2381985602,-603083.7181163264,-3700587.6850128975,-1933010.5162804418,-167801.2360480455,-4226967.416079073,-369074.27882438386,4174847.3122784304,-164971.82164516437,-5437.224601754154,421645.63622972695
175,9.015461135424763,78.34428800350949,29.10415671309839,-195030.28309944377,-726043.8438232086,-440458.7554695765,-4799504.723624147,-2369292.957242602,99840.01103663175,-5804905.489504149,-471638.59878361004,4915011.205895531,-48938.52179343914,-22554.21069765596,1097057.1207713778
176,9.27791671567701,80.60512472383488,29.10409454027776,-104419.23949632663,440044.7096637167,-349649.90056199895,-4499335.7654414,-2221181.392060545,-61016.37826229665,-4910457.481463981,-252659.35073582537,5149092.401805198,-75470.77261738329,-9347.271256125325,473122.061057213
177,9.3591348972334,78.44211454010573,23.43750925700056,-446127.95503338083,-921215.0512762133,-800559.0797198848,-2628421.185578539,-1130131.7751966473,-72284.38177230337,-3609632.3194995774,-693678.1360441169,2135408.369514215,-158790.02613086713,134428.06704507399,967276.9790974826
178,9.596018669527286,80.42802987521722,23.437477223412998,-218202.29666278762,466455.66964594857,-986409.3511427914,-2439780.093347173,-982375.7055492125,-145122.3544385732,-2689676.3673558393,-752956.1677944432,2704476.556990651,-488291.38326755434,20927.365349801465,394911.6913082373
179,9.35918207946808,78.44216304540805,25.312505888302205,-479850.4211242079,-1009153.3221348957,-1044082.52440716,-3250273.0270061027,-1924294.500383514,-33798.95936770993,-4622691.1418197155,-868690.4949964477,2958295.3691499005,-130423.67399175659,3640.791653387774,1028232.4475004633
180,9.596050787410366,80.42807818014012,25.312453551749314,-216020.5226826685,374240.7649850371,-916883.1205193565,-3100819.909872502,-1778829.07569405,-182397.14162861786,-3718863.7215687726,-574312.5357818392,3534513.379133624,-297559.41376000235,3441.853299243961,391967.0734627637
181,9.35830194100786,78.43446035375791,27.18749729176138,-329405.8366307309,-728601.3464316259,-818457.4203142995,-4035225.527024813,-2183449.60774235,12974.365214738631,-5173715.712935434,-718577.97611829,4015829.085677067,-97216.19284587182,-19383.314527706803,1072686.5208625717
182,9.597002656901928,80.43589200821054,27.18743757572654,-162581.2846855498,429536.31961979566,-599911.5242109592,-3918270.0192997344,-2096428.7705253116,-164494.45473896604,-4456606.542200889,-362743.50512694876,4486393.558051126,-167808.83517136757,-4170.8289064453165,433260.22490145505
183,9.343532690978932,78.31039609105191,29.062489644534807,-163619.3324725248,-622808.5012536572,-406405.41655296396,-4920711.15505974,-2454440.1461339067,113854.63593814656,-5876594.186303047,-448991.68559963955,5132752.621623544,-46360.08939150172,-20949.729647784377,1120381.8769387668
184,9.611830240507809,80.56006784387391,29.06242350430138,-94558.00356411948,537759.654675487,-345594.73717289756,-4819398.3247824935,-2420637.8666418702,-64425.399584173,-5237240.157341808,-242822.0154126937,5577669.08669297,-74297.3874533485,-7089.426160212509,490328.46841130673
185,9.687018013865627,78.40300523861056,23.14584302081098,-455433.85408211546,-912166.5979019402,-804943.5696142236,-2720940.0715712793,-1213464.549118753,-58873.73271916646,-3723705.6191231944,-703831.5444057464,2254993.141930662,-162832.90886989838,128952.0696714101,965542.911582625
186,9.930104312568993,80.38816113582666,23.14580948981285,-213514.93096301038,496328.5699638467,-977986.5888054726,-2432522.0753535647,-1010454.9051765925,-124651.42327545551,-2672073.300817941,-752495.9320355084,2729396.2830488146,-496830.9548377299,18374.98438217887,384906.78166584286
187,9.687068872895525,78.40305764744629,25.10417322199278,-488352.71620891575,-983855.9895632935,-1058796.6282899904,-3415553.862635702,-2081932.9867849387,-26372.60507833626,-4836868.6853468595,-881276.6514069935,3187140.002691652,-132022.82902002044,-2015.4949744439848,1028837.5252597624
188,9.930138732538333,80.38821352014122,25.104117859255084,-210241.78305827457,417084.13496216404,-911123.3565289439,-3138927.668340686,-1842973.0777898263,-167894.36014513805,-3757650.142271987,-573559.559142595,3626928.6967895273,-305603.7430450013,1085.405579868538,388398.2493331417
189,9.686809299675058,78.40053197034717,27.062497319203757,-329038.84238502954,-667046.6179365707,-826864.8812906847,-4271719.744463734,-2359368.8749447092,18664.469394396372,-5433930.161468187,-726195.0531181492,4337174.872974054,-99723.11515493022,-22758.9426760593,1078903.2468005503
190,9.930476052648558,80.39086122992117,27.062434180769216,-154408.86510350482,485690.25939277466,-585031.7429657958,-3978327.579566284,-2165358.0492104427,-152293.90714699376,-4506801.808637325,-355875.5122284151,4608926.972189212,-174558.64910090226,-5840.731255875406,433259.96262897167
191,9.671655778729217,78.276521009148,29.02082254819712,-145449.30383581782,-530495.5805838153,-383650.77252128004,-5264123.292334863,-2667436.60982844,122596.0247864079,-6218306.5323694805,-433846.1550204181,5592557.030448984,-48825.26084480696,-23964.1241715676,1120435.0790980589
192,9.945693201224898,80.5149957191958,29.020752380387037,-87804.86670795214,602045.0025858043,-342190.8660875582,-4928896.496295939,-2501952.2546917954,-64472.63676650799,-5338828.109011883,-237484.38867930812,5748361.767481484,-79236.21649068948,-9234.722388474738,490223.0869187526
193,10.01154153467386,78.36222854832114,22.854177030930543,-463381.76267502876,-871630.8520632794,-791297.5070667418,-2747746.216117633,-1264954.4291690714,-38383.31386503953,-3743451.150378491,-705199.644326131,2322340.6728995717,-167634.55884625754,123103.21183733172,964888.3752378783
194,10.267029648216365,80.34582641339243,22.854141996779855,-216453.97606893384,554232.0727958961,-975440.5325880856,-2459999.7551043415,-1065670.9510969166,-111476.37013849086,-2694763.142758042,-750113.5266327768,2807214.2335296953,-504502.4883539786,16460.554873973993,376229.63674102194
195,10.01159625832406,78.36228499075943,24.895840329299073,-496117.2702596551,-921410.1978968682,-1052837.1316057837,-3504097.8910409654,-2192420.2946515083,-15519.779484866935,-4937374.107187412,-882406.7967833688,3349416.3042084742,-133633.02500813134,-6629.542693636934,1033186.5592672968
196,10.267066514614719,80.34588307697481,24.895781888483942,-214580.74086342976,491935.8663046905,-912791.4911547899,-3227811.6967126206,-1951630.8620256898,-162581.32790243498,-3859928.708821204,-570829.3130693833,3795321.656177058,-312637.5106904017,-121.89732422608758,389179.4749115934
197,10.011649041753119,78.36235059046336,26.937497461733507,-359679.59854889126,-576315.2231107622,-825107.6680540512,-4429615.497489065,-2492987.393566704,19033.565761807644,-5602785.907722774,-729207.2902981268,4570890.708307196,-101207.84621093706,-24983.547683904275,1090751.8248993752
198,10.267097800437467,80.34595075323098,26.937430652492264,-135154.34532687764,584758.4436761983,-571069.6576117262,-4116513.513964041,-2291855.3498155386,-144626.42912604008,-4632202.6149762925,-342135.7308041063,4852872.786517993,-179851.64412681258,-6971.31334249195,436999.45888253115
199,9.995723996982381,78.23844295338627,28.97915582268582,-166010.8614271102,-402031.2163087505,-361466.4588231796,-5498249.072708314,-2828555.7220579735,119493.23382534961,-6440759.984127803,-417780.1134869753,5929031.561055738,-49303.84274565914,-26282.9402810403,1127838.6776166998
200,10.283091884239681,80.46999428709043,28.979081345646044,-63602.143224493164,726446.2019593813,-323988.57170403004,-5144207.371516238,-2653868.523491017,-63156.00090098212,-5529490.453380898,-217214.32767827332,6085560.268090029,-80385.4357650766,-9416.289504734721,499364.07193434774
201,10.3389068294338,78.31900483481039,22.562510789486517,-455901.40479815204,-833274.3516076307,-764456.7528916006,-2723057.831844673,-1285975.138509035,-7906.5132374125515,-3693774.0651677856,-702306.3776349977,2342447.9335053987,-173901.52503335246,117613.85575574024,965467.8047450084
202,10.600593043851525,80.30180425587182,22.56247436382664,-211125.22799089426,616506.7852192442,-975961.124404861,-2531967.148383486,-1141161.5429333472,-100762.47638421692,-2761665.1434979546,-747885.1324117451,2938970.708733187,-511768.25531638094,15189.365408784664,367461.23749070155
203,10.33896568173594,78.31906551117166,24.68750771402136,-484299.20044000377,-863996.3167518886,-1031542.4518391194,-3529865.31829546,-2252420.696453158,5404.0870181525715,-4946918.638196716,-878046.3874176798,3445127.0565833845,-135435.49299973887,-9898.833662092773,1042026.5815113081
204,10.600632529992225,80.30186534911279,24.687446251840274,-209853.38716167858,564105.2324046222,-923430.9421264529,-3380304.6082486883,-2104197.7583438414,-158172.4973907132,-4039156.9369780603,-571314.1795787475,4041292.019673299,-319508.8073915643,-317.0513196863712,393166.4985122663
205,10.339022628155277,78.31913698048311,26.81249771476968,-345494.73387242213,-497448.37420036783,-806227.3095232344,-4513955.858604073,-2576305.4061687794,35547.69976201964,-5663572.245065788,-723356.1481071884,4737757.975576951,-103488.09104499743,-26665.40817859704,1104347.3808216439
206,10.60066628928582,80.30193914493144,26.81242708681585,-126990.50788319821,672639.6716025748,-572274.7872811584,-4353007.462124446,-2479935.2665010975,-143955.96856688388,-4888556.008775511,-336511.8341507527,5198442.219364481,-182655.5367872632,-6791.007854803031,447410.69460237445
207,10.32271387685669,78.19528567867926,28.937488963702183,-141986.32690652568,-298425.4723692555,-334847.7798686432,-5628241.823932205,-2926775.0383941378,128207.16277351744,-6532958.409181034,-398753.2066935472,6156452.036730158,-47695.4747073489,-26948.69506028763,1144032.3483802006
208,10.617049660710808,80.42593950828628,28.937410018392168,-50071.96049428379,837618.5458105302,-310551.8029696895,-5492111.796915514,-2880991.8686698345,-62968.77013193101,-5884015.142410059,-201982.21650712425,6562992.141263742,-78540.82497064037,-8030.810687844596,516519.6099395496
209,10.663179861408969,78.27623813005287,22.27084442740002,-468633.93613355554,-817559.1139405534,-772587.2759819494,-2840646.3746674424,-1392660.4988340843,3458.0992493450763,-3840356.361875971,-716561.0880306864,2498137.123850599,-182672.2266624517,114656.11627481805,956275.736694424
210,10.93724772499329,80.25732476825664,22.270806705615815,-202826.5715036386,649552.0615323014,-952702.1727784431,-2450868.4338437505,-1130290.2383393464,-71708.17241283089,-2652930.8316961406,-744056.721902836,2891010.870849195,-521525.8737728818,12743.996524508912,349853.1822593979
211,10.663243093967553,78.27630320364165,24.479175046484233,-492352.6327451988,-814762.3861150665,-1051105.1417877036,-3749760.2737640766,-2467128.0406808406,7259.565462664634,-5231214.211008427,-888731.1909244854,3761725.2412849446,-139408.37749153876,-14069.173938982827,1035236.2677667275
212,10.937290036266573,80.25739055146627,24.479110546868732,-198365.50280171863,614413.0072408719,-903942.1162606577,-3331855.634054226,-2112999.342132184,-137114.53118370444,-3965564.3847990427,-566683.0935077242,4044352.866485263,-331038.21182164503,-3365.863703565332,384601.9345941526
213,10.663304312603472,78.27638081711626,26.687497924070602,-342142.8653436733,-394221.61445092974,-809283.1635944175,-4849913.1527285315,-2839420.629173264,37385.288504924654,-6034737.928225655,-722280.899142905,5211371.183979539,-109153.85130031707,-31952.896512723557,1096363.887329652
214,10.937326409315387,80.25747082404239,26.687423401635186,-113501.48552660196,737880.584920113,-553086.4958339513,-4332213.85222014,-2503062.563777122,-131031.57633783178,-4839739.844834139,-326766.1180112445,5237798.566404942,-190820.92602348974,-10826.872559168401,441570.49931628804
215,10.646225715282824,78.15264337104425,28.895822047736043,-122685.9270994154,-143216.62146806286,-309531.52504141815,-6122721.354251185,-3252057.3307906897,129433.42855736901,-7032815.609952567,-375659.5477506453,6833041.084094316,-53931.94744117325,-34083.187710152066,1125092.369574749
216,10.954485696431874,80.3813711820599,28.89573854763383,-38319.43892408098,915617.3171164978,-294449.6294139506,-5483338.355449554,-2899331.250447885,-58537.08997451864,-5840570.67616511,-189554.89738505875,6612973.822328635,-86515.86147621459,-13120.11928317146,508013.848101212
217,11.1487154380718,78.20593322331345,21.97917845208536,-188792.71508425847,-430293.57083692186,-361878.5159418663,-1380917.580630193,-539721.7932689636,214425.13905081776,-1745492.3789651347,-484101.8072953483,1248629.3843974364,-192219.96170275487,117367.23160430092,974254.8528320593
218,11.44134621643808,80.18439253169308,21.979137276133464,-191972.56704240793,238415.74017020938,-823536.5911680891,-1241802.6281291149,-440675.23813588446,63590.389475766635,-1353317.6462281614,-773736.8763983502,1349961.1045862236,-548244.2836186182,11073.808071328642,337626.5716887853
219,11.148784527527887,78.20600529514411,24.270842187989814,-168962.55272721453,-439878.5605099864,-584534.448028853,-1824339.0283113217,-1029727.8662316322,192794.12888227275,-2375325.4401879613,-648882.3502900857,1830832.229211993,-147381.26192782223,-20010.840404316183,1045203.8353611475
220,11.441392182633251,80.18446588784401,24.27077222390253,-157000.80788067143,221344.5665819399,-698640.910059123,-1690506.8726679748,-906570.0755271027,-19749.308171411463,-1994264.2916916998,-548845.5600689511,1908812.7004027965,-333466.3602354987,-1882.2801929443183,396060.0083474052
221,11.14885111964578,78.206091591686,26.562498025934076,-73442.26714389204,-248919.54235395824,-502828.38256635505,-2348997.9523975956,-1194563.345513976,178020.7475687387,-2772209.3890836956,-558243.1590421016,2505262.3560615927,-114521.3220567221,-34803.7323866876,1111025.5010836022
222,11.441431907962626,80.18455533757948,26.562417454262004,-95844.71713612399,281789.12421078293,-450483.8756374759,-2191191.122298758,-1092966.2377583098,-46940.421455500924,-2429380.1154608326,-339298.0123830376,2504138.6592810526,-189948.80625323174,-9075.121286703994,465263.1046711221
223,11.130617182884492,78.08252757014407,28.85415528871048,109488.85668817197,-103057.37352739184,-167518.80076395773,-2942245.463914522,-1410064.1522507037,192337.39711350438,-3214097.0951751424,-265698.0305051463,3318707.808077112,-49801.352600185404,-33222.32564301737,1156927.4839087627
224,11.45975410825137,80.30830117337618,28.85406488528955,-98235.78789179896,346512.49723948835,-358098.0592148175,-2843097.267760957,-1323968.034754816,-49343.53768535333,-3068621.1297476953,-272931.14693059464,3231730.9268111615,-83352.78065602317,-10814.599389255345,536916.6780257621
225,11.804795853203778,78.1067762702233,21.687512450677286,-196208.05653242738,-428900.2631389396,-380511.02677484456,-1445038.5278593274,-601623.8953837138,236278.21388257487,-1822149.7066777018,-520573.1578717497,1337103.5181032398,-207161.42733922796,128779.3595730135,1023142.4543929708
226,12.1036059493866,80.08432136043996,21.68746602581269,-209721.0472672302,278446.6448512605,-886650.8175051484,-1326863.9546475185,-511808.80261241033,77655.30751518755,-1457698.444720619,-827985.0226865963,1467758.2474860977,-597142.4934415845,10978.143461668411,337474.3771388057
227,11.804872094576544,78.10685868385437,24.0625095790878,-179719.43445891704,-405639.364571649,-604989.0728749158,-1928446.6270712058,-1131451.879537371,206797.88907674458,-2499518.62353892,-676205.1790455689,1985375.930679008,-155350.79864113606,-29635.925747192217,1057222.9163118345
228,12.10365644064269,80.08440558612853,24.062431827533256,-166922.50592364458,266045.9137980732,-721170.4787642385,-1828895.7366736915,-1030931.5546990166,-19983.664794226534,-2167340.0039936802,-558435.8485442621,2103728.781648133,-334277.9059719006,-1693.3011734548395,403944.21583011735
229,11.804945363481618,78.10695659864143,26.437497940819565,-75740.46419674423,-193148.75017256488,-509437.68756697053,-2497201.0872877166,-1299493.5063296407,188202.59604725428,-2921092.0712773753,-570918.1432381496,2713683.3125792444,-119917.86773466172,-37679.49126598105,1128590.5176119711
230,12.103700340803504,80.08450706729111,26.43740924038826,-102251.23125633867,336213.8211947443,-462140.3743611892,-2382801.3396363766,-1224928.8901107914,-46470.99451341262,-2640135.4111958747,-346227.53790984914,2758185.1646829396,-190585.9733752781,-10224.417431336646,482617.41915285075
231,11.786331054076863,77.98346178408543,28.812488140500314,122987.4156664885,-30455.492434872383,-148661.1917274393,-3132253.9034274523,-1534283.606325487,204881.6813541647,-3389445.6692249156,-257964.74194202718,3591281.142671119,-49276.25428125974,-35551.88931533334,1178137.0999790323
232,12.122412276087502,80.20820819696095,28.812388548757397,-103917.23269657374,410766.99971556675,-366836.61088990234,-3105863.026363555,-1479952.5515079023,-50878.38131685791,-3347468.8869124413,-277618.7812951273,3565100.824336658,-82515.1129192315,-11130.557456832072,562750.249049152
233,12.46087932311399,78.00763852360748,21.39584655144734,-204459.78788044138,-420497.8503378495,-406122.9955605719,-1544660.6172845173,-673431.6388653623,246903.77084895564,-1935916.3225627646,-554388.6038533701,1459224.2926372723,-218964.2832535285,140856.79374101182,1067968.867449808
234,12.76586261955563,79.98423116008053,21.39579503175458,-223230.66345490087,312985.34155577206,-950987.2429656329,-1386253.9073525895,-557945.6895527467,87299.11871051413,-1532012.5573206416,-881446.4683448217,1552226.4608007013,-653152.5291366722,13584.790848419556,331675.72209024034
235,12.460962381823428,78.0077323794972,23.854176823259067,-197404.3029281092,-369712.09621399315,-633813.5885751785,-2071335.4899133837,-1265951.4292347534,219783.84550230682,-2677991.774794735,-710195.580657416,2187257.367734871,-165471.62405308467,-37066.3878847541,1071447.8622591007
236,12.765917857042114,79.9843272203106,23.854091165290008,-172640.63151960203,309221.9027889249,-738115.9476758073,-1922917.0139677592,-1124619.4398624876,-17780.056042631422,-2284015.0999559015,-566512.0170321788,2248992.4405815955,-339491.3078481808,-656.5176962239252,404849.7327731957
237,12.461042720516623,78.00784281488487,26.31249762801673,-85474.31759816445,-129256.06128555113,-519918.6705128444,-2698035.9340053997,-1442251.843376593,195741.0175803352,-3135079.2957769213,-585867.0685579656,2986297.3149383264,-125657.47397127225,-39346.57377531511,1140121.7609053098
238,12.765966273473554,79.98444164914862,26.312400640545036,-105124.48546934492,385998.4018958899,-469172.2130167512,-2517392.762414832,-1322781.1635872095,-43469.55860181757,-2783637.489675544,-351792.42343813635,2947131.616523475,-194093.49009946102,-11357.293237407916,490553.6411909834
239,12.442048769416637,77.88442058099747,28.7708208042461,129558.06690920994,54942.286854275146,-129335.01666890821,-3397868.6087206393,-1707873.7465740938,216714.71590582217,-3651196.6754823793,-251023.4533405113,3957385.4659174667,-49072.49588016494,-37496.29899971178,1191421.7189180902
240,12.785067932986626,80.10809646312151,28.77071178300456,-107387.53136039319,465955.33528279094,-374574.4828303603,-3290237.5374917183,-1594518.722832587,-52002.73932946596,-3541013.891689056,-281885.0289116505,3806892.2416927447,-84857.57288311176,-12330.69531363723,577670.8469649998
241,12.945507321025312,77.93132709211766,21.104180851831313,-532787.090985784,-646540.4973853506,-871916.0461766341,-3331547.8454111065,-1977680.5538712922,52863.67338270847,-4487206.512441635,-829771.769925989,3265734.647819855,-228955.62671943262,142808.79956949776,1088024.397851977
242,13.269000577553212,79.90494529321994,21.104126387847884,-236164.60940164432,1063778.1042081304,-1149006.6125497017,-2884322.157852491,-1658739.445163485,-36790.227192143306,-3178800.5494006122,-858720.7071160523,3716128.1387734488,-686535.4536428062,17503.9685965783,331689.333290155
243,12.945595934397693,77.93142997393838,23.64584394161022,-533230.6207166568,-364149.0888784435,-1131307.7178346808,-4588369.472211441,-3464260.753322911,33673.922919039396,-6300536.904913767,-945180.9202830993,5217030.397767084,-168302.16585008043,-40436.427844753816,1083380.7137576286
244,13.26906009214457,79.90505080945732,23.645752655037555,-214899.90516358672,1106414.0012458959,-971455.6374106174,-4100404.4950730572,-3017890.756272202,-148372.0839827834,-4944033.367382769,-553493.5033544996,5417585.329408959,-352828.52239633474,-2547.6777671537225,393409.1060467317
245,12.945682592605664,77.93155100023614,26.187497600706056,-338646.6968326267,294231.3321691499,-779257.3580851785,-6098670.188047031,-3921230.248187781,44898.19202615756,-7328293.297429424,-690610.5695786079,7195231.144259377,-129634.37985543489,-41643.90098576475,1143915.3892191937
246,13.26911271796987,79.90517641183399,26.18739425622122,-117466.53110544861,1336720.4381623813,-540661.5751189835,-5464620.52878381,-3479329.9063398996,-146902.16214260214,-6058669.969799007,-283004.7922665651,7020267.094003519,-200869.82995116743,-14223.091287755082,487121.58123653015
247,12.92553741308771,77.80832595928061,28.729153962251466,-40446.784155384725,757855.3868870104,-128523.61605615847,-7810539.1135891825,-4530368.471089877,145623.60060621335,-8625245.49100851,-232742.14178906815,9446872.619473048,-53461.14784046995,-43000.629442658494,1181066.8517753328
248,13.289374881300228,80.02865695561461,28.729037596808308,-25095.096727616852,1648971.0204672734,-226066.0325867968,-7033652.441626708,-4026506.472127672,-80317.02802480655,-7402786.0397672085,-106768.66653192395,8907364.597451994,-90182.35423702867,-15555.550692198247,578779.3425889276
249,13.267935500401293,77.87635443282116,20.81251473530441,-502149.65658782,-566575.9970266056,-803571.1322759351,-3220795.6975311595,-1897632.1323977504,82031.86075132545,-4276897.21749398,-797513.7128484607,3202114.144452079,-233786.5525418517,138481.1313658359,1081219.9483689899
250,13.603763577808667,79.8479510131616,20.81245958076849,-214233.31720883196,1200156.2116779033,-1136965.0984246319,-3004392.3143859934,-1756822.3059542577,-33934.01885493917,-3264962.8604158936,-840812.1481067984,3954732.804567129,-697831.7611972723,22584.77105393401,327799.009842924
251,13.268028787960576,77.87646357652385,23.4375114940331,-502536.0546666139,-279402.0572740826,-1076391.2963352147,-4468628.32041024,-3412178.258799161,65144.020139862274,-6097454.826771595,-926489.2646681437,5165614.683163827,-173425.4045219481,-37583.65837788518,1105023.7016164283
252,13.603826842033804,79.8480630621451,23.437417113180285,-193109.62537992082,1274267.4943866064,-977051.1974404064,-4311620.798151545,-3262318.14336987,-144492.540878094,-5182499.710152957,-541866.7099225137,5828473.091641746,-368178.75655721605,-888.9171895153069,396317.0175715861
253,13.268120920343488,77.87659312182895,26.062497959213204,-309510.58174456784,396294.6441170247,-737067.0615967438,-5987027.033682277,-3893682.6740818922,69714.06497012136,-7142708.480414293,-673115.6704059712,7165541.151595978,-133527.3139839222,-41147.15814733275,1160939.7375340064
254,13.603883256223341,79.84819761169051,26.06239039685147,-86847.87746981264,1539355.5285586924,-521423.331001907,-5802745.378126283,-3784758.281327038,-147502.6789667932,-6404398.4931394365,-254252.89477387487,7589735.708000286,-201183.23547098637,-11410.08394570663,501767.78858996416
255,13.247209955694943,77.75350360150942,28.687487187444262,-125.97011878542253,889625.6181189293,-86814.16898724626,-7672345.121923069,-4487377.658036026,159199.06988569733,-8393699.266353121,-203453.25194516307,9399837.997311182,-48756.057843735594,-41078.455588422345,1209415.0548308543
256,13.624919532044991,79.971561446662,28.687365849276468,20534.694388145115,1918045.0302528713,-177935.37622844067,-7550348.154450381,-4405822.271798271,-79614.8575749778,-7891487.302485648,-57801.30013397412,9709932.951032195,-85313.15265330808,-11541.473693584478,603883.0526457767
257,13.5903766149439,77.82145908488275,20.520848495896814,-504382.51756930654,-514884.41130127327,-798019.6254023996,-3354515.0015027793,-2016999.9863268917,84395.05971207384,-4426679.490832278,-794440.3391756739,3403833.2757349713,-239516.14614773414,134525.12545214882,1060928.668000692
258,13.93851313709197,79.79087975911925,20.520792435004225,-204672.82557538513,1216437.8030653424,-1099242.1467672694,-2898963.926141914,-1700571.635872591,-9780.757225929685,-3117719.0511830626,-831222.2747749692,3861464.1566807195,-701533.3525950374,23900.058202301174,314639.5547607589
259,13.590474788750974,77.82157435199439,23.229179014228414,-498938.5427932173,-184221.34532575545,-1085934.9518708216,-4701613.921725681,-3677510.690744467,66828.50615173855,-6401120.096305852,-926472.0067959672,5558497.263112025,-178295.63479153794,-38321.58722595514,1103006.1524874945
260,13.938580221248138,79.79099826907843,23.229081545589086,-182525.9275337977,1315128.5997265694,-953859.3115623691,-4201403.363878889,-3215848.0046564466,-119558.01235064131,-5030626.2955637025,-542717.6698372344,5752087.326031338,-387141.09462242236,-2953.3581029804886,385679.18181207246
261,13.590572445573224,77.82171272069856,25.937498262525953,-290207.89302466833,570900.5225779333,-723746.4814315321,-6348127.839465897,-4227934.214184936,72207.33418119205,-7536523.240131347,-656529.3849393127,7749998.773192393,-139916.1954782051,-44969.34463255248,1152943.265321789
262,13.938640599160578,79.79114207783029,25.937386457342683,-74041.92070390313,1594819.5528748024,-497067.19210529706,-5700369.028977268,-3758562.9961967035,-130795.09587009874,-6264462.423032382,-246286.72246523548,7534459.58556322,-208594.3996087203,-13919.192879300745,496356.2863266441
263,13.568897364703394,77.6987685655281,28.645820323550808,43455.278406954196,1152413.594436755,-36435.538016101054,-8228741.570172402,-4905002.494927776,160892.70271750932,-8934346.974398833,-156991.2914479281,10250771.600674367,-54415.41461792287,-47175.72720000056,1191743.005373422
264,13.960449524246329,79.91437995886075,28.645693993176593,28143.947195497924,1981724.2945050101,-162068.95300774544,-7435511.124628544,-4362983.875046493,-72777.89155630625,-7734919.500752671,-49434.00226216391,9632152.791707594,-92918.23770605879,-15957.30598647576,597109.9032672457
265,14.072934384937744,77.7330002646141,20.229182757373433,-242369.6771177064,-308514.3784768062,-367215.72801592527,-1629714.754695299,-769238.0563553972,277806.9104025278,-1991673.620643607,-557625.1307215974,1631198.9677547668,-238789.42285037282,133777.9840590251,1060527.2462440305
266,14.439522270796155,79.69909959373366,20.229123059169737,-253066.4275977417,467424.2191867979,-983137.6007735597,-1459677.7968090656,-652109.6906804848,108311.64158645445,-1594521.6874847463,-910182.1181052345,1735923.996405477,-713959.4166824517,22198.831406867488,304265.40202889487
267,14.073039102257328,77.73312465271886,23.02084648651519,-237506.91068805478,-194682.5582898904,-631941.5450638,-2262605.3188324347,-1508532.9642765305,252110.94555081782,-2881694.956953862,-742725.6281711175,2560289.571083235,-189422.38701275937,-42155.8313557935,1108061.2956180563
268,14.439594168788187,79.69922790150186,23.020743177522274,-213034.4127413651,514454.36453678843,-775291.7343566294,-2102325.155422378,-1357491.0377583194,-145.021728672289,-2494655.9963281555,-597578.2385735261,2618362.452340477,-392919.997940338,-332.40357951775735,397052.0526065085
269,14.073143626984944,77.73327506918245,25.8124985483303,-132912.26874634798,130576.99921970331,-504632.27449710865,-3023357.926476159,-1750715.7504599318,219581.44705900433,-3447757.606608254,-601565.845645844,3542355.908230344,-147455.91915190677,-46167.05942084528,1166005.50156435
270,14.439659741101721,79.69938436046245,25.812380176240108,-144425.9009352548,638451.3262770768,-465656.78060822736,-2836564.037518757,-1615550.993904453,-40052.33988648954,-3109701.4872264145,-350175.6107782744,3488245.7427382832,-209181.00217589384,-11641.285346707169,516962.01977090887
271,14.050321802671338,77.61055117534505,28.604153678292505,118508.50883083366,427477.15256800095,-59255.506518690716,-3881851.134986994,-2089759.886652505,227454.94946588573,-4061717.152691668,-209096.73014906485,4757544.037720877,-50177.96096668068,-46398.74148792906,1223137.2659405745
272,14.462626284047337,79.82242801812332,28.604019810650257,-154189.15491122278,790182.4273672326,-355628.4237515768,-3797572.303390862,-1952892.5230928215,-62352.79905156085,-4032166.229501666,-261974.77595844225,4574505.854164543,-89327.46276566046,-12917.180324572806,626876.6183885399
273,14.724835742066746,77.60931721372619,19.93751703888546,-249554.54066623695,-288530.98476522544,-374857.5620014868,-1689290.2803970228,-842126.6245548617,290736.6905005256,-2061936.4607931,-580748.8258037673,1729742.1991639182,-243438.59044159556,138815.61818328057,1085637.4484696998
274,15.097564411956899,79.57427153073832,19.93745158245408,-266682.3849733515,513624.0936405448,-1029809.9059110895,-1544906.8100588955,-742574.2917874187,118238.2138499751,-1708580.898148531,-942843.612220795,1868556.3131254297,-746489.5035151322,19217.117207243027,305838.3492518908
275,14.724948592882667,77.60945451279356,22.812514282182025,-247228.3540162809,-147105.83356204611,-646015.9505456827,-2354172.0648879753,-1613121.9022312886,263123.89342351,-2993868.100239989,-763324.5384264416,2716842.50054242,-196104.0818368293,-51621.331024585794,1110707.393640335
276,15.097642167068035,79.57441335710828,22.812402508702178,-221419.21332591397,572065.4136123182,-790826.851842427,-2236073.8931561895,-1497250.0301291852,3081.1752509850503,-2665306.020177578,-605842.3879691483,2830967.7565907035,-392381.4227500837,-611.5791317251227,407670.1646538379
277,14.725061592567142,77.60962052179431,25.687498689959636,-134834.55369040102,195609.0455692024,-507038.14270467754,-3146883.461986349,-1855876.932431467,230378.91182115642,-3572397.0137756676,-612434.8604184033,3738568.223368194,-154301.33986702946,-47274.44555009918,1180812.658127822
278,15.097714180176817,79.57458585721348,25.68737152246772,-149867.42785714942,712279.4185258311,-471868.1464831261,-3019018.171928061,-1761458.9341491028,-35186.44913901883,-3308899.3218484847,-357270.5040646752,3756713.670098716,-211350.27842071583,-12092.208680965294,533085.9426371428
279,14.701864011931683,77.48698465204373,28.562486661936436,133119.48801749648,511399.23083300237,-38549.78258760445,-4040040.5395145835,-2214474.342952466,240569.21533636062,-4204993.779794696,-201574.23105356988,5012536.947111158,-49876.670973726475,-48685.062885375715,1243487.9533656707
280,15.12107025674031,79.697574621983,28.56234281250195,-159135.52151144133,879733.424820519,-357072.1389847966,-4055832.62755429,-2128494.1229056627,-60248.564901848215,-4302933.202654204,-264018.3464975943,4930477.31347608,-88063.21318966166,-12499.90204063208,654231.5788893143
281,15.376740701029764,77.4856535928799,19.645851272806123,-257738.6306321954,-262650.24843863526,-390542.007959991,-1781442.6318081794,-929970.6185325263,296688.2238152538,-2169292.230576527,-604348.0480828797,1862709.391628585,-245808.65781470246,141338.5263252357,1111845.173107918
282,15.755602870357052,79.44942460534557,19.64578039263098,-277349.2951138067,543608.8192143048,-1081858.371439333,-1594064.6482305294,-797475.568323434,123853.39989668423,-1784275.6388892543,-977636.6204027934,1946313.4119532127,-789601.810420093,17243.191247113566,303209.6301032474
283,15.376861483604653,77.48580463612208,22.60418177717919,-264212.8594587867,-89814.12742871144,-667132.8643498289,-2490943.982486172,-1764984.1922679301,273678.14891193545,-3170309.906570308,-789881.3396804759,2939031.3950134562,-204863.98391606595,-59606.442089679236,1112851.2232597019
284,15.755686612607791,79.44958066828231,22.604061463149485,-226452.44431515547,618184.0800787108,-801060.764869726,-2315843.9651765437,-1594525.2475646827,7961.828224905997,-2769980.771783955,-612355.6763162642,2973007.318994049,-394269.1202520703,-425.0464950990669,411726.3399867794
285,15.376983425262537,77.48598691765893,25.562498483386936,-142989.5304902462,279850.14317277086,-511804.6228177341,-3337444.9017977086,-2013784.2141937392,237921.7614790778,-3777023.141349677,-623683.5640902804,4025762.6953047477,-160248.20992170842,-47855.65230288825,1189077.6334683574
286,15.75576535888233,79.44976992803447,25.562362401995827,-152957.2987894669,768956.021148395,-475375.59142396064,-3130340.5041239834,-1858624.465948944,-28171.659680179313,-3427696.052964662,-364530.77187847556,3932849.955778105,-215717.77053494466,-12910.195392232974,540419.9091252766
287,15.353410973687536,77.36344213388185,28.520819328782856,142969.99576561057,623748.7764375147,-14419.106030290219,-4296070.876219478,-2407730.354061965,252718.56954446394,-4455276.86544122,-192218.39243800024,5399794.924052056,-50717.995362265036,-49667.911718776515,1256536.0799037716
288,15.779511050943663,79.57270224024515,28.520665318040262,-163850.83353853913,943183.7949238284,-360901.2825303233,-4211703.197512612,-2242324.4228304247,-57908.67043446436,-4466768.789577796,-268645.73258546606,5153846.201018227,-89901.43037072531,-13200.453387439002,670863.8099268298
289,15.85816617218116,77.3912272623432,19.354185588520906,-534989.6727936002,-187794.25696351085,-822400.8034171853,-3798411.457341705,-2656795.4030588283,106239.25395729716,-4998412.7935126005,-827486.3619280793,4280714.422266385,-251793.72499416914,135610.1677230204,1122775.8190761225
290,16.255414565826456,79.35133196158172,19.354111804274858,-223723.44713725883,1650355.8465272347,-1226394.6415652097,-3287477.919815356,-2286256.6135402448,5683.2551297684495,-3650132.135133467,-868616.854725616,4718986.74768385,-814643.1151250899,18282.85833292043,307519.52158618
291,15.858293370405706,77.39138880938611,22.395849057523073,-514341.4104461699,428685.7570952868,-1102166.3073544013,-5451838.636187378,-4743395.484317194,83780.0087222152,-7382405.326475182,-929833.7089332064,7124417.074703103,-202665.61606523755,-64813.51139015652,1119135.7666763556
292,16.255503478830086,79.35149910171646,22.39572278138977,-188631.87277653487,1899621.6901308764,-972549.0579817572,-4879545.28603025,-4180249.5172945308,-121398.88361899664,-5938174.741938065,-511228.0334147688,7187843.534725419,-405144.429062309,-4225.48819942577,405451.5226987221
293,15.858423255529686,77.39158460958888,25.437498542944393,-271843.42866175435,1418456.475862712,-643685.4146752523,-7440577.303023965,-5380325.005584568,79887.48273294778,-8677426.979781153,-591327.9625491926,9771682.574856054,-164152.9277622981,-49623.99371722784,1189850.311751624
294,16.255588230717766,79.35170260468719,25.437355661507578,-68298.48360704014,2334631.4140196075,-439482.67816324683,-6693090.358733655,-4793209.630107948,-133626.3619571956,-7335644.943870607,-185371.43016574107,9347866.626285672,-222319.92463630994,-15155.626871835859,538205.1352905342
295,15.833709264013743,77.26928339410519,28.479152483079563,147699.6748691717,2266566.483299597,191987.10487592686,-9735033.11276282,-6268272.419299506,174144.63304898082,-10326943.065571021,20617.57507531553,12912578.753540404,-56267.07799813781,-53775.820200429866,1246139.3802458523
296,16.280488496482487,79.47442082779864,28.47899060596374,47136.88003584847,2897331.536656931,-44696.45471295796,-8839130.10036929,-5566437.181842644,-87702.67728143984,-9130575.379113916,60638.19139392271,11969709.149699816,-94702.97560722087,-16054.798214834032,673417.4045960468
297,16.178305958988613,77.32420443184216,19.062519470381037,-503525.3755556842,-122442.33751501856,-750610.019563607,-3643615.6216348554,-2539735.270618623,131997.266076756,-4736740.945218498,-793489.5756427934,4153652.7882269816,-251920.57968013448,123846.78605752537,1113851.349620569
298,16.58780495762399,79.28182649958572,19.06244528654814,-194086.5888306318,1802838.176269526,-1205654.0735028721,-3399886.6640757928,-2405424.8856239095,5580.768209049864,-3736433.70548042,-837411.659813456,4976942.879229899,-820855.2082426009,20798.623558825595,308054.5799693783
299,16.17843835716453,77.324373007443,22.187516749960956,-485854.502405162,494068.5553652892,-1042895.5902322084,-5273456.832478398,-4635271.211987085,114926.08547804233,-7109153.087455469,-912113.4102037646,6986584.960387154,-207816.7570587936,-63405.39880505705,1134089.4803800944
300,16.587898143911094,79.2820010547655,22.187387320063763,-155767.6998475853,2113177.2580803824,-967291.7159243663,-5095158.803059128,-4478732.819184911,-117233.05928604266,-6195255.929473966,-487528.1685353016,7672901.940317699,-420000.9734692475,-3946.9502917161126,407841.16500716156
301,16.17857507177468,77.32457954042758,25.312499016453856,-247400.3828395332,1493494.4420273593,-603299.5023347333,-7250432.049153332,-5293820.076291764,104888.17647894811,-8410840.53657255,-578958.8394705805,9632593.932896225,-168805.97550216172,-49299.10293168327,1203218.4779703314
302,16.587988054803038,79.2822158502119,25.312351654106855,-22642.849486054853,2606144.523145255,-404302.1371951774,-7051026.067753353,-5164078.483981999,-132292.26643809341,-7700055.818812242,-143167.4329942402,10022422.7882705,-223036.778146006,-12317.082785168368,552151.8906276047
303,16.153101924544,77.20244542874333,28.43748574824537,179960.6884719826,2358169.0588876707,225447.9719841805,-9482221.54962695,-6148039.8824302675,188613.25128976087,-9983380.254673008,39964.418297720535,12706993.555719126,-54950.10994417896,-49370.9171011502,1273368.5684642931
304,16.613658615576835,79.40479133812887,28.437318572086063,113612.71023287228,3266480.0271948213,28040.49188151909,-9401902.444589183,-6030354.668227268,-85280.75143403951,-9649118.219951453,130632.4698878634,12926618.979372807,-89911.01530139278,-12260.314352145542,697456.8031775889
305,16.501514086926296,77.2565896230671,18.77085334317357,-498557.26392967027,-71136.71177127864,-734448.1833746632,-3703627.497959056,-2633258.948856825,136496.74260561875,-4808811.068890827,-784011.2750226862,4288680.1848379,-251368.21073514287,110807.57704679745,1093585.4652355267
306,16.917126463846042,79.21291303881112,18.770778397899157,-188856.2343902546,1794365.3263940844,-1176725.6600625408,-3323840.5356219863,-2373998.3895741864,19317.90493397331,-3646791.793417021,-826140.1683903594,4901715.39374867,-816351.5367175523,19863.372894122058,303197.08449333475
307,16.501651814170206,77.25676498494926,21.97918440112176,-478100.17572851665,581444.3186228346,-1037126.513652106,-5418870.263844212,-4850787.0467084,123072.41917942115,-7314383.459373971,-908779.9392104628,7289381.0278266445,-211889.71215978853,-64342.48186741091,1134411.2206412684
308,16.917223845266697,79.21309469970844,21.979051884885898,-151550.86273730698,2139071.371604191,-956204.8971751718,-5032366.068213135,-4477663.76825385,-97759.32150628255,-6124867.989840542,-493818.55812913575,7650002.159661388,-437189.2043591029,-5637.474426429203,401043.8782788846
309,16.501795474492965,77.25698262387675,25.18749939800842,-228500.80596273328,1648817.0451398895,-583658.8728679037,-7503673.15747605,-5574606.266511277,112059.58641812795,-8696398.656711265,-564154.2264681313,10097210.249488652,-174508.44374461134,-51644.479562217224,1199092.8770425888
310,16.917319064218024,79.2133210339423,25.187347605868794,-16733.06916322175,2649271.786850994,-390050.0743300492,-7018515.035351757,-5196947.416395831,-117922.07948027807,-7663341.942165603,-143404.61839657684,10049235.203919902,-228739.22718770936,-13132.185293504479,551970.6660524589
311,16.475947043727174,77.13494204904055,28.395818899593138,219800.79235221812,2589145.9745253003,272805.8789120174,-9889864.166355055,-6498216.728101647,193597.5713267341,-10382807.658253524,79312.65088683339,13385247.653156228,-58565.52036087116,-52261.33439550355,1267875.690147251
312,16.943376690373977,79.33582829196104,28.395646474050857,113925.90840909141,3316908.653991925,38347.382218156825,-9391244.38542927,-6061614.22548654,-78081.66394663138,-9629990.375688322,131840.05960192886,12967332.260705566,-93834.96073422988,-14612.955138973139,699315.0671279348
313,16.821229840051984,77.18760721267371,18.479187452681927,-498294.5171496765,-804.2448500424507,-701894.6859413735,-3672260.1315139467,-2669051.9527007765,144652.3916915882,-4761145.750251125,-769003.8189633612,4329156.121273394,-251819.96761934276,98498.55588400431,1073381.0572369162
314,17.249061747970575,79.14129491236987,18.47911155233934,-187083.52824023552,1848460.4945246945,-1149830.5121060722,-3295083.4811229534,-2414630.740333195,23474.637165405875,-3623857.0549589614,-801786.9841356355,4937190.493272982,-807642.667106332,17911.713959014614,297416.96687042963
315,16.821373110930306,77.18778916994196,21.770851866905478,-481548.1201299471,683048.1459372806,-1013072.4595270624,-5446836.961726089,-4957890.9695883505,127542.04847615557,-7354611.537570257,-897337.2098418375,7440376.313692367,-215554.236562889,-65891.93369226796,1135470.7871016073
316,17.249163362343037,79.14148365943207,21.770716194313156,-154671.5228503357,2246373.5470931297,-945794.838781321,-5056337.557564362,-4581584.5790164005,-93362.74962715874,-6166776.319802499,-486737.52340406185,7799421.028668036,-451614.27933210006,-7192.845785289455,398304.0993119786
317,16.821523832472003,77.1880180913141,25.062499849775726,-233889.5179113458,1803070.071462263,-557379.4190362749,-7593213.817651022,-5731938.549131992,113657.4806871682,-8789081.386549411,-548857.0594232207,10349739.58048727,-180174.50362487044,-52911.65401612577,1201180.4353955686
318,17.249264127123617,79.14172184934237,25.062343568385597,-21628.394753640285,2796570.2876197407,-368906.63538704906,-7106409.511665588,-5347186.5454424005,-119027.19536028498,-7759483.301848716,-127526.48553054898,10293045.044858318,-233559.5693680131,-13030.080770169921,556290.7576354337
319,16.794918916947054,77.06615479485299,28.354152331855367,226686.90871064313,2811981.502621141,316602.1802519771,-10057617.237866234,-6690502.651295818,189508.88778963443,-10518451.131530501,114479.30771003582,13759242.415404227,-61123.148362065134,-52805.72154664432,1272341.6180777983
320,17.27609057122439,79.26407746660783,28.35397458618012,108933.91996688128,3514856.762216321,72067.32996431587,-9562967.09243827,-6243431.081047248,-83588.87924417641,-9785459.283069298,159677.57632212067,13321639.718894698,-94739.38477922369,-14962.0480854761,708959.8207462525
321,17.143562562137316,77.11593878499018,18.187521298356884,-486127.3509302021,35292.534446232225,-661098.2681160413,-3571141.9086093144,-2646381.7529628663,166178.5580576555,-4626986.097698808,-758008.1829021304,4273061.196000926,-256187.59528174342,88549.01768915805,1052970.3198967618
322,17.577500376806174,79.06828947036689,18.187444514142058,-170491.58099291846,1924166.662632668,-1126887.9535485697,-3324676.2723399685,-2508270.6225498007,29628.16305567625,-3664139.0452945647,-775235.960483961,5066162.133869706,-799692.1811802932,15295.647748115573,288015.0116887668
323,17.14371173924042,77.11612741684223,21.562519654327527,-468027.2357120407,730477.2332676018,-979818.7763732264,-5382963.906938946,-4956981.515076586,147201.114364328,-7263756.4261139175,-889870.3692603415,7436258.0165565945,-219192.80317395116,-67092.79108251794,1138057.477154762
324,17.577606294119427,79.06848531885834,21.562380861987677,-136377.49578626582,2375017.8042803626,-941480.2216500608,-5185286.40623592,-4790814.437787181,-84660.55034004303,-6339238.209704227,-476855.79026886914,8113254.086817129,-463901.7587934097,-8299.216088354175,399731.781451469
325,17.14386971504238,77.11636791931795,24.937500380253972,-221872.2886217247,1865774.3024939736,-534787.444678494,-7548136.0666689435,-5762189.5607783515,131734.36220527955,-8725750.941159373,-546283.9512301055,10381149.461583234,-186062.80025155845,-53150.492553812335,1208899.927502374
326,17.57771278525289,79.06873552226052,24.937339642269947,5047.637372950907,2971174.215767597,-346804.9551490942,-7341918.3991831355,-5620029.501880803,-113561.99497394271,-8018549.8210757505,-105759.90952155652,10753726.628588762,-237241.39460674033,-12084.917114887141,564630.6235549864
327,17.116890473755376,76.99460110015477,28.31248555185946,246861.6744528009,2896520.0848544138,339970.2806557948,-10019649.348321091,-6717883.903523262,200524.8117524528,-10446462.392914258,125864.80190605207,13803949.630971216,-62562.67295390272,-51194.17657706877,1287296.2030662408
328,17.60492598105769,79.19102087944928,28.312302543797724,146539.7725616931,3754858.7967949035,118256.92996098241,-9956921.612592762,-6582454.528224745,-79116.17965299111,-10167874.006481087,199699.38439727025,13987830.1214014,-92952.23564977387,-13741.387731973033,726012.3798378066
329,17.459815295622686,77.04572108995981,17.895854912656564,-475782.5444945977,149531.01135052764,-653424.7642749108,-3711390.5373506853,-2859062.364933111,168052.02308823334,-4807600.30210928,-749679.1462933058,4577603.1509836055,-264770.1489605991,87981.58844084003,1027029.9840554489
330,17.91201811946837,78.99383215175355,17.89577734038613,-168276.80754780595,1868736.1010642857,-1085881.4074257251,-3086852.210150761,-2366732.2410282316,54431.39861103563,-3398619.48278378,-764882.9474001046,4778080.316274638,-795562.2377913955,12578.734899826739,273375.0403375777
331,17.459970655319538,77.04591645378912,21.35418732565802,-436467.5141521754,967193.8969819527,-971794.1112324136,-5710854.378488551,-5412398.566230164,142440.47789055883,-7700101.425633796,-858713.0457652082,8117746.742996367,-220090.6452892924,-71126.9256195917,1123362.0529300245
332,17.912128507878517,78.99403549805287,21.354045333327452,-131755.27577830513,2349628.0625195922,-908138.9113159924,-4909292.4692812925,-4575900.824984588,-56304.90256905377,-5982384.279816997,-481458.02124667243,7773576.176488966,-478726.2236138751,-11651.17603592142,389907.0738988338
333,17.460135944451327,77.04616862098588,24.8125008162787,-157545.50405916234,2251839.175847642,-484463.7776293219,-8068085.318058501,-6326171.986051506,129516.9590973305,-9276228.076250467,-485344.4721578807,11371402.442567507,-192091.32567220522,-57552.259019607605,1193168.531567638
334,17.912240934899643,78.99429811002439,24.812335491954645,10516.384141390794,2960918.674159829,-321949.9546489256,-6999114.524078079,-5397685.61566254,-91619.9499639205,-7602316.240868499,-108021.89196115287,10359823.236481946,-246142.8366291617,-15627.26816526062,556317.4767653523
335,17.432022450707017,76.92468002903992,28.270818622944738,362020.46299912734,3480113.144932215,461316.5944062448,-10853549.118617032,-7435558.009901991,199856.17520043062,-11206490.848153435,243496.8265607236,15266444.223930297,-69938.45882670075,-58258.25523179741,1259904.120521158
336,17.940601164929593,79.11633267448457,28.270630232306196,138048.24472230964,3730605.4381195754,120287.08474043303,-9489973.101909898,-6287806.871319248,-68992.10287858106,-9630519.42533982,189272.40333683885,13430187.789585302,-102412.18845087744,-19749.082760372683,715584.3533322939
337,18.095539309899618,76.8917619664033,17.604189706542346,-153174.0441196101,-95590.4651540799,-151119.8746011126,-1090944.6237604218,-528356.7416777756,400787.90993426717,-1223308.349790805,-448475.2476798021,1271899.213595805,-268999.3967467487,87201.24462986035,1020637.7690714805
338,18.572075549203422,78.83414444642227,17.604105912095996,-268129.7114032671,347167.0957284161,-1020424.359407213,-951111.3835342423,-413677.11687667825,153386.4447345689,-1169961.5187688551,-894992.0096349395,1123566.5533217308,-817882.5032270182,6304.398211875827,246809.56133143578
339,18.095706018284215,76.89197289126797,21.145855511613828,-114453.69059503199,28272.617613742797,-474396.89462786296,-1632416.0854647364,-1108053.0765726154,374341.55016023025,-1899743.576758073,-708574.3826791903,2047739.9918281115,-246866.78166420062,-71796.24419837339,1115108.7675439985
340,18.5721939725886,78.83436472640028,21.145704411687674,-214391.80280565165,441106.8351151077,-781862.7578265662,-1484770.4285820387,-957028.9671320145,53147.9289676511,-1784502.5418552398,-641962.4063376661,1871317.2226757961,-478908.7104961797,-5077.069540963386,405699.9182304319
341,18.09588279856917,76.89224526790161,24.687501424095306,-10560.92208629397,303148.3556489814,-414182.69127361133,-2234035.4321307437,-1308469.6353013357,315460.331925998,-2357803.5204842947,-586162.7580679419,2822371.0208413135,-204206.86345235063,-59755.687905020844,1203655.4609840014
342,18.572316164337906,78.83464855574651,24.687326551074282,-127401.42356097628,572053.9979926575,-463252.98662774765,-2076364.5267308052,-1167809.2138699389,-6777.446773254851,-2242103.081263854,-373055.02078256244,2596557.68985035,-243376.19806281035,-12749.76377710529,590661.9012022354
343,18.066259756418425,76.77113564496659,28.22915200426018,299919.31537539815,652711.5203718693,51511.927669489305,-2947245.448058046,-1650430.1875749442,284526.4010318071,-2811348.4294303367,-131645.5512391121,3947136.744086207,-70315.21489554498,-51689.85196425183,1303635.9723083777
344,18.60220625388881,78.95634726209227,28.228952949040924,-209065.21243806576,711680.951236134,-426589.1559275588,-3007512.0006993944,-1495367.133150239,-83103.87044923785,-3205137.0950216586,-315507.3857567141,3596671.0636488814,-95123.35561978641,-14755.753040601041,763752.8030500938
345,19.062901589427664,76.65119631012942,17.312525092389414,-176291.52100766182,-69699.17131326489,-161897.07150801254,-1140841.4364265539,-593064.9101914393,430157.1540678838,-1276000.9651607738,-496996.3796464868,1365109.5809783218,-299145.8241667417,104807.9844588744,1054642.1753135566
346,19.545504535546513,78.59209040242018,17.31243077222914,-307149.99589551706,395068.29841126996,-1095337.8142309887,-1006960.2896201712,-486094.9135693971,179872.76854244643,-1273015.2785126856,-953381.0977414978,1218976.8645389476,-884469.6039001988,-106.24568437565726,226514.84267743686
347,19.06308512411453,76.65143365813258,20.93752430301704,-142945.8459521855,73595.94249145364,-502968.49801511574,-1712871.3869381442,-1204675.3162822516,388775.0692480987,-2006013.1477799853,-749377.7539013416,2183072.50020548,-267339.04844814254,-78293.06003586859,1110053.2862781903
348,19.545635289459426,78.59233825891208,20.93735840844563,-230601.3786747706,492344.5980035289,-799469.4411639681,-1591894.3146880737,-1072812.007097858,60179.482877419,-1924097.1323269077,-657540.095109487,2043911.0056011844,-476371.5011429403,-3107.8128408387706,424485.4749154373
349,19.0632781790949,76.65173577908934,24.562501694292195,-25150.965743508423,358901.90717153513,-428858.7014900404,-2334707.2135978728,-1400496.7807699179,326120.5109661329,-2467284.50993682,-609665.784780286,2981842.534655092,-216440.71504849527,-62330.68292558289,1212713.1257951027
350,19.545771242060365,78.59265249208555,24.562312411174304,-139899.47601698927,630635.0344820449,-471453.73235761514,-2215646.901496901,-1283627.543242435,399.6516707869896,-2398039.417660947,-385204.0255415335,2802525.269309921,-241907.312008605,-14687.119358882721,617593.855489623
351,19.033291626686715,76.53074882592925,28.187484691273706,313953.35813859315,726150.9570453453,69060.61800533874,-3070287.4934787075,-1758934.1259173474,300828.22222790995,-2920888.1978003215,-129781.54381816184,4159834.674807761,-75734.40439976755,-52505.745924223054,1326326.27267291
352,19.57605322936114,78.71428833342509,28.187269868862767,-226408.37213997782,781145.5009558329,-440021.5730329402,-3208694.879418036,-1634046.5881009705,-77552.29728880028,-3422894.892670193,-331814.4011231232,3869424.849576232,-93258.1249019339,-15059.673319209576,805654.3122869751
353,20.027242661835174,76.41143112504224,17.02086014546597,-192517.92072305345,-30521.84988044844,-178577.02320371423,-1216025.9528194317,-658266.7854895649,456692.27843002114,-1345084.740199973,-542359.1874785646,1485827.1338713216,-327945.0472015991,126637.2226558246,1097278.6558448698
354,20.521953143000662,78.34923457908012,17.020756123530525,-340548.9206284464,435090.0427505631,-1181352.009050126,-1028845.9843702294,-508811.3979206786,199112.71812496005,-1348090.8691569534,-1001505.0573053913,1262785.0395343357,-972058.1746851046,3479.4824789996783,194543.29292395344
355,20.027443266748378,76.41169752780935,20.729192165550877,-173318.09111618053,145233.64866540104,-534138.077449382,-1829202.166213181,-1342754.6570685336,405181.8399730218,-2154214.270220739,-793793.9514255072,2385785.7017460843,-289530.32019876497,-78376.53133781053,1114188.6473315957
356,20.522097748557854,78.34951246210281,20.7290113097427,-240858.39627358541,541719.6148622477,-816849.6185505481,-1642740.0355084182,-1139647.8460727853,66079.69678771538,-1991130.5279612443,-671260.0838895715,2146402.21188893,-484954.2879486712,1249.1440720771564,427733.42320744094
357,20.027653585329592,76.41203107544804,24.43750078531162,-44619.3392575536,452279.5929860391,-442093.3743311715,-2490361.325870497,-1542866.089613137,335327.2198433662,-2634960.834801206,-631983.8970301516,3232511.6112286723,-227008.77126964866,-62333.20473301801,1222003.0658617707
358,20.52224827114822,78.34985897239214,24.437296773000597,-142316.27279674815,680817.9176953713,-474375.4259525186,-2279799.269173767,-1348081.2025836494,7603.1410175538695,-2462829.879528412,-391853.53604628466,2918809.6345208017,-242949.6824464718,-15454.567085284112,631570.6654923162
359,19.99692680649662,76.29126825978815,28.14581612744042,323988.30243277666,855010.8261938868,95661.69517292292,-3275760.685567583,-1932641.5387691031,316266.34077820927,-3108658.033665231,-122010.57681734332,4505329.434282161,-79251.01603567041,-51370.912942822215,1346699.2929619923
360,20.553300926518993,78.47133326755095,28.145585303966328,-232855.96421348827,834887.0141246084,-451506.40936472244,-3302396.594261088,-1707151.3400192098,-72887.81496551227,-3518471.9359486294,-344458.65890300774,4013455.235398035,-94490.27331374252,-15354.398167927684,833326.2731795248
361,20.818141596978684,76.20427195612238,16.729195432814553,-399671.35841384786,175811.64545614793,-341676.0048935319,-2007066.8378081855,-1524047.865907996,401137.82864472497,-2435293.2890179656,-746287.5987888803,2616045.169955614,-346255.0433277014,137591.47282252627,1123913.5415714916
362,21.343053073960796,78.1340630443069,16.729083968208364,-400028.717948762,1044262.2991511794,-1275371.8098514848,-1695101.6805789997,-1271050.3093518722,191851.00157014042,-2099405.0448229304,-1060743.401115703,2529010.217289567,-1033908.1082089449,8763.869255965194,173052.55195395014
363,20.81835704409363,76.20456308933967,20.520860057076586,-426697.87375723576,668995.7149078941,-696959.4030277042,-3142015.2366831554,-2870231.437685081,334604.6084325835,-4054217.128811125,-906252.4343107124,4505808.001244793,-301109.66662548296,-79683.40561700043,1121329.3597625452
364,21.34321070210455,78.13436697122023,20.52066683903273,-355060.4007701066,1304957.4807165903,-883491.9165211276,-2803815.4573209547,-2486216.645442906,38661.599093872625,-3497180.5143397218,-679710.2569956015,4243295.9347606795,-500669.8370514118,2941.031113768648,420607.34168906114
365,20.818583417632542,76.20492475939798,24.312500420774914,-304248.6201307655,1307701.6591917854,-471590.58589741844,-4364656.536115693,-3251734.2006938225,269878.0235122198,-4887303.487387493,-670454.4322656888,6089620.372816784,-235273.26231031003,-63591.94403990555,1227883.6359659655
366,21.343375061466347,78.1347429804666,24.3122838137497,-287391.1967485412,1617461.5501495807,-442391.9467225879,-3951944.211994751,-2857444.5474455478,-15963.364943278088,-4345649.52897516,-373500.7585644012,5606828.694218013,-245731.43625015346,-16363.541538108462,640517.6729906423
367,20.785984201774824,76.08469016902376,28.104148341012458,124483.59809884679,2042511.5394907044,243544.28443305672,-5771750.167982078,-3885863.228538292,276990.8738409794,-5777270.932270186,-49112.96807327144,8236923.322366066,-84121.42505429003,-52191.6706699639,1356425.1717881206
368,21.37632855219633,78.2557455200682,28.103903825551804,-348493.2748832606,2021369.7191744195,-296978.58307015395,-5506639.61048309,-3410930.7956231935,-75274.1613092913,-5779910.665267304,-243862.60784767472,7399671.134335983,-96410.28080568029,-16659.57074936213,853463.4925758457
369,21.45070033309713,76.02571180378847,16.437530402288157,-391220.5451062644,221676.0989871546,-316515.567589181,-1976523.335893926,-1512121.5854304011,420288.87017167296,-2365225.4559244965,-745951.4549077108,2625116.897123918,-355441.12006976764,139410.5124869219,1134320.5757945026
370,21.993702469944537,77.95058238616164,16.437413999658823,-399622.0475474031,1170190.5239331378,-1299399.0328702203,-1767514.8181939046,-1385502.4595843127,203537.08408677063,-2190657.4539498547,-1067503.4148661306,2729330.3123314995,-1068621.237626615,14708.683530634098,163526.92956831248
371,21.450928832609442,76.02602299031257,20.312528694311784,-414446.9444836409,730444.7331513461,-684627.0024097054,-3101951.3565948186,-2871298.31115659,356237.0859988161,-3980353.6086516595,-913996.3146422525,4525720.709551911,-314566.5003916262,-77375.72731466369,1135799.2921358864
372,21.9938716095755,77.95090729662607,20.3123261188136,-351421.6398684056,1475317.9077854566,-889483.3134279854,-2946389.862038252,-2710208.171819003,49131.17061635767,-3680688.9489484923,-682285.1149802674,4597387.018417825,-517447.6361737799,5941.671032714127,418745.54673090443
373,21.451169942799993,76.02640943916228,24.18750090079076,-288080.62864866783,1378848.1555147232,-460053.09033508296,-4312183.1345709115,-3251887.688513386,286251.0285574674,-4797792.828326938,-672926.1012808443,6101433.366138754,-244964.74132853016,-64288.43324456157,1238343.0225678477
374,21.99404881494022,77.95130906806307,24.187274245933434,-273598.44631111296,1821455.1035057842,-420197.1288724154,-4172015.60969349,-3108896.537613662,-6883.61454729024,-4569558.24508861,-360838.988198854,6058056.761609719,-245085.561443442,-14243.168139838552,661452.6105239552
375,21.41745413475771,75.90650686100427,28.06248116008093,161286.8852698377,2125488.284225252,269421.9112314547,-5682284.987271445,-3870930.964583716,291452.09315164166,-5631666.401771095,-34924.54534167867,8222788.027839319,-86896.2244631781,-50437.84757219028,1380033.7259870577
376,22.02814495696267,78.07202951429161,28.062225697713185,-328745.79247663985,2290137.6562922485,-256000.0071908388,-5840765.482075923,-3715442.594073381,-65977.06439844242,-6087457.25222718,-217197.44991167754,8010046.558763628,-91938.91752496971,-14763.22067786192,887668.5288192659
377,22.083306271614994,75.84732074646514,16.1458649694514,-401224.63418944983,310793.68744621944,-312952.6181768105,-2064373.6430361385,-1643756.9656357835,430080.4282530075,-2466534.208962027,-762932.4545412495,2826083.0985832354,-366782.1139477561,143987.9626756382,1131167.0623967391
378,22.644303422664226,77.7669328904735,16.145743495888613,-406255.4779262328,1197004.7528588264,-1317764.5463621267,-1729810.1402403628,-1373403.021515652,217213.66858727127,-2159228.555331866,-1080121.2916504643,2712334.5755527965,-1101650.820992182,15362.627098346364,146789.9362133309
379,22.08354824157718,75.8476522523609,20.10419680534344,-416624.0671496001,884158.3577560689,-689144.5914640354,-3262775.294187145,-3116242.2510002456,365666.12104579696,-4194208.5502888104,-923068.3574503892,4895666.606881635,-324395.0838565426,-76567.9414409633,1134651.9969859459
380,22.64448428514771,77.76727914564383,20.10398482915583,-352478.67800500785,1517881.4727351442,-892662.5316951377,-2901202.6852815645,-2701667.6602631323,63982.99894200722,-3621529.019618278,-695503.3115405209,4589772.594193798,-538940.3716711522,6345.496017809966,403845.6385887064
381,22.083804399161604,75.84806435085939,24.06250073527549,-279169.5208238153,1596775.4899061022,-442049.60612699174,-4540558.29486407,-3525925.3735852907,294112.18329770083,-5037228.957853035,-665726.0174564674,6578511.338264799,-253672.9529330913,-66208.42861480212,1233442.716905367
382,22.644675003363776,77.76770749631878,24.062263987577026,-264885.91900747444,1865800.9649717074,-410201.973099348,-4115432.226025437,-3100087.8675914207,4992.727986036154,-4490419.2648864845,-361999.22452258604,6043131.562273953,-249368.76809100664,-15671.386951937608,664975.478070062
383,22.04897846022269,75.72851586972632,28.020813273929264,202010.43081111182,2431701.5045820987,331518.8478148561,-6016450.596841343,-4204965.420117657,300997.21923099126,-5924899.130373911,7595.3449560551,8882534.568625921,-91721.08633236418,-52471.27918747488,1378288.6716512637
384,22.679908628798152,77.88812545552724,28.020546868539324,-326819.49755736627,2329601.9127916032,-255536.86728241062,-5763171.7623428,-3689499.8284971095,-57657.14281654041,-5988170.963816633,-223892.50269220743,7959309.01446067,-95356.99268128102,-18092.338005209254,900580.3283773623
385,22.865853839328135,75.61056234383624,15.854200507533484,-280080.57779619907,141027.8761941468,-162088.47675762197,-1324460.486592641,-799775.9613597665,489538.3166081278,-1433237.497262876,-595111.9866320466,1727208.305535248,-376055.905634876,154758.77715630885,1140985.1100506603
386,23.45678659305558,77.52122243879592,15.854071122869136,-448935.74516176974,636505.6848284211,-1342221.7044530653,-1092378.273682849,-625169.5983242635,224110.9383720363,-1537083.7341713032,-1081810.8113555443,1464242.7807404338,-1147365.2121675396,17435.808536897373,128698.18481650151
387,22.866113007652086,75.61092000308489,19.895865494140168,-288544.09942675853,410771.052341594,-581884.7496580004,-2018112.6616756117,-1636210.090831602,412627.9771714662,-2402615.6038364475,-868483.6239207011,2811441.4310139846,-341800.12607863615,-75222.76907087283,1136807.3069811652
388,23.45698262483573,77.52159646348905,19.895640846029444,-356432.7193622767,810750.5226437589,-882490.020096077,-1798900.5953053208,-1396222.9851088198,63017.888958858646,-2234427.3203169783,-727533.6010109133,2533788.7045132974,-552495.2494249023,10918.218498539172,407683.85444718215
389,22.866387447240687,75.61136323830196,23.93750103675143,-177496.98464215518,792524.6459896818,-468530.0109627629,-2739560.056208652,-1866478.0235731206,321309.14764460665,-2926037.314386337,-675239.8214696919,3747774.7862407938,-264654.2741165525,-67921.91585319003,1237289.8750939213
390,23.45719062903527,77.52205719876159,23.93725151569754,-250058.56120787398,984484.3418133487,-476014.64935034653,-2518522.556492359,-1637639.6544150268,-5313.693023937394,-2746009.377111435,-402282.50455699145,3406703.012923553,-248232.5182872108,-14444.417861450089,688108.7324643171
391,22.829708052389304,75.49240425014227,27.979145981747106,249744.94409453755,1330251.5295324994,169382.0347460347,-3597445.959519685,-2323804.8969914517,301574.3783790687,-3388390.1594374124,-81245.67246808278,5219014.340278568,-96134.63568210133,-51342.43981814542,1394439.7748677349
392,23.494311474580485,77.64194708130361,27.97886586578329,-386567.82979998086,1211004.4731807075,-463261.55910449463,-3679451.0676126904,-2052213.9326346256,-96187.04599709286,-3936679.9664254976,-362619.5955403416,4660474.646242074,-91712.36832349563,-17297.062466280717,940371.7116563115
393,23.813313108953086,75.31095995058772,15.562536361771599,-291332.65069266385,183921.7728682173,-156389.54626615878,-1371171.8281786577,-833793.7745280922,510872.515986184,-1467129.382094742,-610630.9974660029,1813959.955470139,-393989.6969962771,175505.8248937799,1172814.7906361644
394,24.41618263341878,77.21792807085004,15.562396752324513,-484065.0414074079,714551.2391555568,-1404687.7307712645,-1161743.6610692337,-697399.3061407871,243808.28914414064,-1630245.8261360535,-1140786.3905639604,1596830.6836768992,-1211181.761876794,18012.73073387054,110294.99758446353
395,23.813593379792653,75.31135073730465,19.68753473886841,-303717.17846907245,464112.3129069475,-599937.557223116,-2066778.938740564,-1697255.0083005903,424866.13557668997,-2457138.510909565,-896486.0217426578,2914082.1098669823,-356356.791277401,-76674.71929779202,1136775.978382096
396,24.416397479100702,77.21833627638478,19.68729453206312,-377909.96596399357,900468.8913162561,-898430.2319788967,-1908812.0601400896,-1530129.8401738843,75511.13865107496,-2371932.897622716,-751792.8987011011,2747854.489697184,-561015.9841500063,13965.888806358345,416969.24574546865
397,23.813889684292704,75.31183105620174,23.812501226387806,-182586.10595936433,850951.5216489891,-478153.49045219255,-2780811.938434931,-1922967.384676619,330512.1244746914,-2964821.71122475,-691702.6801381496,3846736.316600333,-275372.51508412417,-69579.52299885126,1241081.6881451935
398,24.416626382864127,77.21883469497206,23.81223666547484,-262466.05017586023,1082624.5746097262,-473553.8013406862,-2655884.9111512634,-1777040.473012925,7457.513741824935,-2893013.636298817,-413836.8538824339,3653455.2132744323,-245665.87459609853,-14506.813391948306,713205.9007039929
399,23.776485203495056,75.19313810915197,27.937478254273728,274818.6238657341,1403965.3942920472,189746.6006322792,-3631355.368674943,-2389725.488223326,315671.48104510346,-3398307.9153306517,-73859.21237464137,5340697.746495354,-100581.54225092208,-52117.181905214595,1409057.4209826253
400,24.454512837502598,77.33852983911636,27.937182104573797,-403224.4380436204,1328971.4610062563,-463154.96641272045,-3877903.418566528,-2220643.1258306247,-84304.94483127368,-4142025.808757161,-375249.02664987015,4979866.891956947,-87407.21660746982,-17256.176548994266,985892.9874241652
401,24.7607964550454,75.01143250343858,15.270871439202299,-307979.0757682284,248829.48868860485,-166518.27386450695,-1464815.2377830374,-909965.5875748601,527248.7285580272,-1550152.7621414636,-643095.895332001,1967580.7965293338,-409644.9087912143,192944.2380589064,1203380.9045138261
402,25.37555482939809,76.91456072517602,15.270721720545808,-515754.6971268465,758174.1704331529,-1476292.49233042,-1191432.5877726362,-717156.4764003257,257681.75772269093,-1698996.0334802154,-1186234.301615997,1651357.3160720984,-1285970.653867227,22245.319581823132,81416.38467090437
403,24.761097910928456,75.01185767012524,19.47920231742411,-331514.6495042908,558495.0341178024,-624305.2352554125,-2184863.196814488,-1841237.9651373748,434426.44897385425,-2606960.430991584,-929771.8306405463,3139407.4109902284,-369878.6488823855,-75832.80832258509,1134560.3087994626
404,25.37578932394507,76.91500409378533,19.47894660633815,-392390.36982301023,952522.6251144747,-910528.4109939195,-1946630.1608351253,-1581336.1208824809,85668.85585635708,-2416024.4884430794,-771958.8295953337,2837587.1623359583,-571684.4889211367,18063.0274472811,414643.3269268324
405,24.761416582143557,75.01237581747556,23.687499545801163,-201453.96494326484,964270.4592588071,-485282.2322203373,-2918455.5990896514,-2069138.0539119043,336048.7839318362,-3116132.894438933,-707372.7121121468,4101039.8686462855,-282189.5350207243,-69069.38350212663,1242325.0517580993
406,25.376039859827596,76.91554081695216,23.687220115017393,-264911.20838864695,1128849.71845309,-472332.14265152416,-2688569.9290192677,-1824617.5818823571,20040.173411665448,-2921479.6716036787,-424363.3514499166,3737449.390466513,-246037.7701288749,-14832.7586847697,724493.168597521
407,24.72329028353795,74.89395887599468,27.895808662881503,286240.6413224151,1555771.5395302686,220581.7622606061,-3803991.006197488,-2570014.817958275,328424.03988423967,-3555430.6383631933,-62851.22952269333,5680875.810999177,-103016.99276770891,-51568.66569173262,1420011.515979027
408,25.41468991530275,77.03503231285663,27.895496671293056,-410474.99001820484,1370319.114463752,-472230.7859535813,-3921484.755502175,-2272834.092982964,-73790.33055113343,-4187484.303184562,-392331.88796246157,5067429.529638989,-86816.29918781786,-18114.06976448641,1015807.8870786295
409,25.537212516224837,74.75527960656511,14.97920659399428,-497109.3728452646,754694.9338238323,-298666.4963593328,-2415199.269135381,-2088300.9832763006,457429.5787804334,-2822740.940289998,-831338.070865742,3612998.075774974,-421551.8782765595,200908.71349405052,1223054.568862829
410,26.181610985551053,76.64852597994454,14.9790493569883,-528608.4163905169,1703843.8439813922,-1515606.1777604222,-1985182.2463125433,-1766455.6049112708,242559.72527225988,-2554826.702525923,-1210186.9712640247,3424642.923620401,-1339714.6066449713,23706.866686297788,65959.59847628995
411,25.537532277237904,74.7557333748932,19.270869851125532,-550439.6886612782,1527376.807964607,-726660.403905649,-3710962.231139506,-3882645.2429105993,348163.6737374292,-4832891.069961732,-981380.133512826,6064547.918872239,-372444.663505619,-79500.96131297424,1132659.1252597347
412,26.18186314318596,76.6489992365353,19.27060159092697,-475440.20473764604,2125428.348974505,-917806.1226697413,-3291658.8756521326,-3389288.485746498,53932.962329844806,-4195199.91570345,-737638.0630736572,5665020.000344228,-585996.0513074163,17172.998378964123,406935.2124429434
413,25.537871182360213,74.75628449012387,23.562498497747217,-417574.084271258,2355521.3960718326,-417621.0033332107,-5028640.923090304,-4289716.342134016,259921.94076725314,-5631348.385546216,-674154.2324569776,7825828.926470556,-287172.26458940073,-69989.64128978482,1238965.4466667566
414,26.182133620875174,76.64956997910181,23.5622066180718,-395166.3031616394,2510533.5243108417,-363664.1861846767,-4573392.897926065,-3790406.3968553315,-7464.823949493943,-5053997.738507869,-369140.4619888073,7174841.2354612015,-247541.315141554,-15175.074721574198,733134.7243002802
415,25.497911639390388,74.6385167372222,27.854139996226817,154036.6378311665,3392883.50700685,504110.32839641924,-6582378.565450962,-5076598.65572514,279328.4868762932,-6464180.554321627,106187.11333628272,10409023.914219782,-107020.56125881977,-52404.43525851415,1421531.221242479
416,26.22265520083856,76.76847650123254,27.853814691771674,-505283.36962494603,3077048.3748661047,-211912.47064475203,-6377731.720413019,-4460992.550969785,-79298.2516074641,-6688384.53096301,-233142.7354790627,9281379.801038481,-86909.1222149311,-19384.765972752488,1038751.5818816299
417,26.15738366822156,74.53755915101422,14.687541479190514,-488659.70380913024,804860.7184155397,-267358.2903914673,-2385998.644748814,-2042108.3119938273,473802.0265180915,-2732642.7556649335,-822599.853527817,3604085.3334076917,-427221.79842603474,200805.351194231,1230038.2205132467
418,26.819528759592835,76.42476519974932,14.687379554108874,-518838.17081689544,1875839.361330484,-1520318.0994898225,-2080926.6934258218,-1895644.6050439496,249626.88732997884,-2646347.3667607196,-1206497.7283641552,3689528.1861486407,-1367486.5083152968,30914.306075881494,61610.869408138824
419,26.157719351071584,74.53803584054268,19.06253827604065,-538859.0908322106,1578904.704532781,-707532.7419480851,-3651087.2574366974,-3827435.82264422,365667.2211373281,-4712185.517449582,-983471.6654693022,6028170.0546713695,-379475.285821285,-77914.33686105431,1138887.7708992516
420,26.819796015956218,76.42526232678429,19.06226082936783,-464074.0417505099,2349976.0735691357,-907324.8742586136,-3446633.653663044,-3643091.733914654,67217.7493517434,-4381275.780487908,-734252.7710568691,6094105.709104786,-600804.4031648929,18403.72719245361,406928.35697236174
421,26.158076431101186,74.53861538324195,23.437498558173516,-403267.6980745897,2394260.155653932,-406874.71917684306,-4920593.801667768,-4229623.733904234,273979.2937449349,-5480615.551617999,-676096.756387291,7740830.046407789,-293751.0742734892,-70969.79794529937,1238625.8808516464
422,26.820084402456033,76.42586215450349,23.437196973501937,-372594.76953698904,2760962.689577855,-327343.3826683108,-4780752.926761134,-4067752.513658726,5609.040864074018,-5260352.957325865,-351840.32550632046,7673217.82020474,-245961.97852996702,-13022.529571151652,753465.960674168
423,26.117025190055177,74.421252926355,27.812472243525107,186401.3619724007,3419015.3403102276,518762.6291278562,-6400737.454487506,-4989459.011197176,292616.7324308017,-6235113.660664615,112155.03098526374,10247137.961089836,-109849.95925453653,-51297.33698087438,1433453.498227042
424,26.86173231173981,76.54441965244739,27.812136513911263,-475865.1100357096,3396010.229181266,-155882.15625157044,-6680084.290420779,-4795668.237876171,-65697.03278506431,-6960943.817470515,-201565.94870844006,9926772.729072936,-82414.32936763404,-18135.269237992987,1071708.1960983095
425,26.777612697265067,74.32000480469266,14.395875816521226,-492480.91866200924,949610.8681160263,-254178.66415325837,-2497241.3571634367,-2188247.0014649127,480495.7364145258,-2838979.9743426032,-827805.9466204961,3869737.2062638565,-438433.9445069684,204792.65531304094,1218871.371319365
426,27.45738836725988,76.20083911320204,14.39570901087943,-526328.7594836941,1893020.4768574429,-1528058.6514398907,-2043996.7372619188,-1849438.7944530486,258918.5533635687,-2591613.20794528,-1219704.8757684927,3649951.14964763,-1395040.8869159268,24027.63110276754,55334.71107931943
427,26.7779646563429,74.32050458581864,18.854205837659553,-531264.5344297949,1796419.8970123585,-694435.5147690941,-3825011.8274536524,-4097072.4640921215,370637.62619743834,-4925408.072433929,-975941.4380000458,6472069.358247438,-383797.57210057415,-78940.32297091043,1127384.5567687266
428,27.457670780540457,76.20136038786784,18.853919355385187,-467212.0730639397,2373796.9871636154,-903819.7297714885,-3382454.5129541964,-3582474.149655222,84416.93364715659,-4277531.08331952,-750762.0996719522,6031058.367319658,-619187.5806674041,16704.04046547662,394647.82188070344
429,26.77834000034463,74.32111284146328,23.31249766428719,-383238.24616743985,2664549.190329749,-372537.49215485214,-5130551.183665532,-4524049.247570609,279669.59695231286,-5697126.487580885,-654569.251437168,8260469.191025509,-298648.9931886696,-72782.93868273398,1224905.0003660014
430,27.457977587405693,76.20198943108508,23.312186551211585,-364310.8250886771,2770245.3997493675,-317931.416148245,-4673264.796996833,-4003297.07102014,21382.94101940348,-5121716.047622399,-358633.7180487843,7568352.924183629,-248040.3110660818,-14318.547801529348,758955.328995061
431,26.73620461426339,74.20417676953564,27.770803538600966,241804.29436843575,3780387.9364922456,594893.276979161,-6693903.009961464,-5349508.5471909605,301109.52901617583,-6486872.248252831,166454.66531377708,10937503.090778898,-113195.54576173115,-52666.60357237889,1426591.5207136236
432,27.500745064112774,76.32017719556124,27.770457563474412,-477452.0201060311,3377428.861627262,-163500.22045486956,-6517098.89964156,-4702406.931162095,-53175.88130360109,-6780929.511938482,-219563.55198003547,9736969.684984883,-83908.74012316321,-21068.34692480071,1088787.736307005
433,27.54384632619953,74.03483419660206,14.104211165156936,-404850.59337757167,495983.28376088536,-139666.18148578834,-1600259.2548140166,-1036602.6652744258,533409.6534150806,-1652796.5907679312,-655716.9847050201,2259980.084370477,-447014.8197415676,217710.30026356468,1217028.1281281007
434,28.252938978984545,75.90486526496883,14.104036382165358,-618135.9218967863,1009079.8061006768,-1587072.0946076715,-1279470.2840741682,-819715.5521305848,255647.27050855616,-1842112.4381860532,-1268512.2848797834,1914496.5126620554,-1432438.752399914,17968.83461009348,49026.320290955526
435,27.544218753692693,74.03536335302734,18.645873854616195,-456611.04643000395,888847.9206228503,-645767.6043716195,-2352280.190844523,-2105041.962279844,400777.81090208725,-2826032.472867201,-959429.0578291869,3571930.800517615,-395092.32352748467,-79041.79141663418,1113589.5279818657
436,28.25324084329071,75.90541749936816,18.64557535734706,-514362.1704107075,1265279.6733181363,-941232.0177268725,-2083789.0950002712,-1824644.227839119,77724.5113526498,-2619839.3524176893,-821368.0295161966,3250892.8671144415,-624566.4625380517,20662.78302856466,404822.0570999179
437,27.544615642915943,74.03600491993916,23.187497118663437,-345231.1161799954,1334289.7230623434,-491981.34511815937,-3065578.747958598,-2349612.11732307,290929.54920757574,-3322324.552749414,-718605.012651906,4538006.827165505,-304721.25759240176,-74831.67730511271,1214969.8759978348
438,28.253570393652574,75.90608046202964,23.187174323975945,-377314.82165731717,1453741.5584150162,-455251.9194881316,-2841230.0319790468,-2088540.3014255106,7953.029594046506,-3117621.4635646245,-435317.326900954,4174113.607735144,-245038.40198751175,-13844.644424937964,784054.6152306753
439,27.500668960760773,73.91977603378994,27.72913539959995,200353.3725353732,2040062.7684346028,294365.2661808291,-3949963.5145659554,-2911220.8701977497,288077.4510155889,-3694580.7808295875,-12382.974820948402,6241745.16280134,-116858.49819329155,-51891.48145449196,1429079.384392
440,28.298191766770888,76.02362567497659,27.728776847212895,-575693.7964097069,1750042.2486524861,-471240.7919867962,-4142186.032957212,-2581467.8436546,-94384.04161406362,-4464456.327789144,-415725.41794015275,5583289.405985281,-79981.91516878949,-20676.110505095334,1129027.8175259074
441,28.470746242936265,73.67664568802984,13.812546669363165,-417615.0592621274,553538.4082979679,-135222.1048309904,-1654170.3440004836,-1051139.4754184296,548498.5397927797,-1687448.6751847516,-657712.7686618045,2345862.688051407,-465749.077272116,243793.57719199022,1235739.1486128396
442,29.191519792869485,75.54224713195809,13.812361622234471,-652942.6838812898,1108645.8544255206,-1632069.8952336598,-1362325.945599035,-889931.3631777435,275222.94252460654,-1917865.182330479,-1334137.8708993746,2075636.3285404253,-1489874.2926070169,394.42577077851945,52380.06939914706
443,28.47114327162473,73.67721151302956,18.437542087364896,-475128.5038068289,944146.49735845,-657941.6714980367,-2382414.3314637854,-2141361.005395363,402840.1067343305,-2857015.209836887,-976296.7556039661,3644388.287494437,-401101.4008669253,-85918.95571692837,1089426.5421292675
444,29.191845598323482,75.54283673049456,18.437229158238065,-530222.1242041674,1369318.6758252243,-939215.0360727513,-2194189.072507762,-1963383.9656079786,91493.9539009317,-2746923.5569688138,-838233.7998305976,3485038.872347718,-619506.7804047404,19887.406543045636,427688.55097348796
445,28.471565208920165,73.67789100041759,23.06249617879841,-350756.8856685434,1379520.9878144385,-495669.6810543634,-3064359.01092613,-2374251.261016566,295475.20038725826,-3318005.830324513,-727418.900000604,4578519.15141665,-310373.32285136887,-77028.62470302156,1200521.2065589018
446,29.192201729004612,75.54353739668214,23.062160091739106,-385234.0775452564,1559005.8776267474,-446046.28750262276,-2954101.1108789253,-2224697.751778945,25103.784294236448,-3235639.8231519624,-448092.1956016802,4411457.53133251,-240263.730169461,-14695.825151407395,813522.3952946756
447,28.42691286055008,73.56197488811497,27.687466654621417,225724.2699500487,2085401.7081727851,310409.8221487253,-3917224.626389217,-2940941.856188256,299202.86856796173,-3646601.3164863987,-6023.290022914151,6274160.4067808725,-120527.74031895831,-52945.67212231662,1426419.3533023936
448,29.237578619274466,75.66084177609096,27.68709374098929,-588229.0446657736,1870792.3097667624,-465711.5656809488,-4292520.109337883,-2746098.1284018736,-76846.7158579749,-4621921.614402686,-431474.8144693661,5870248.128292093,-75465.56333452699,-20360.049465914035,1177110.3036377036
449,29.39767553409009,73.31853204600532,13.520880803999837,-432217.38634307706,643506.301960038,-145779.0880533123,-1762703.117991195,-1113699.7371306743,555896.8327987401,-1775322.1348391287,-674733.7427484597,2515565.7051512375,-481556.91157560144,262883.51652362774,1251474.581550926
450,30.13007298340913,75.17955905946533,13.520686089011509,-683061.471271519,1146586.4151447697,-1691141.1574244066,-1396106.0065499665,-888824.1997099539,290942.9611224578,-1963079.7488770508,-1387915.2471438397,2123378.782469734,-1561862.1654869004,-24930.948318576488,61289.23425051894
451,29.39809632060581,73.31913497874542,18.229207937043526,-505820.8230764571,1058562.6109063309,-672028.3074055463,-2483324.5149145676,-2281506.733067823,402650.6752047668,-2990485.598738462,-996656.3814897056,3867855.4606524953,-405913.7990180668,-92002.11188660818,1059170.968077338
452,30.13042341840852,75.18018580084198,18.228881138775026,-536434.6732011696,1408425.2206799893,-935379.4178579126,-2216255.3075356265,-1995378.0967966877,101917.17004556152,-2763752.943932967,-848620.1269085046,3548984.2004623776,-613700.3422921578,20120.575990919293,441887.9207561019
453,29.398543341405304,73.31985161861783,22.93749282199632,-368530.1466039226,1499642.1937998077,-492146.4162136569,-3164527.0653607734,-2508229.422620082,297593.0841621239,-3432483.5260646646,-734173.7095673309,4805622.866614225,-312367.02964915714,-77072.41800620817,1185919.881149693
454,30.130806151953514,75.18092328090525,22.937144029596308,-381558.4715206406,1584996.8039024053,-442559.8449614839,-2948911.923698329,-2244555.707590785,42045.127233271895,-3221145.5623119883,-460659.2167446021,4442683.266476871,-238159.65820708938,-16216.070956102101,830937.751233372
455,29.35318900594052,73.20425713465403,27.64579559903822,240047.96213991672,2233991.94715363,342495.2777592231,-4030014.5093804155,-3109887.670783535,309375.0426800161,-3754117.757437358,6472.38585527578,6564180.55863485,-121566.66750786347,-52389.28344973006,1424325.1092463392
456,30.176935568225183,75.29797711194118,27.64540883665501,-589717.7697557468,1879537.2201326634,-475829.1121349799,-4272582.860587069,-2765832.426924992,-60988.29024570233,-4606089.517974891,-453753.1161836354,5873832.972400465,-74013.38416749946,-20999.810871367983,1212520.4466751134
457,30.15658026682371,73.01439132373697,13.229214966771455,-585715.1418299556,1572790.0322287674,-211562.40829880332,-2921702.7826425396,-2551495.5500362623,468316.806606129,-3163300.3638749057,-826080.2521877408,4764893.098162656,-488674.0481712601,266366.1868540242,1259067.8638983094
458,30.917941020453135,74.86370556957989,13.229013603512612,-648746.8939674231,2499329.31138904,-1649467.0842355886,-2363887.613055351,-2184163.5329147,272506.6785895969,-2910029.926334633,-1355266.112525913,4466411.372046574,-1614041.8912817244,-40524.51066199125,75411.85584644748
459,30.15702054152344,73.01502413973168,18.020873984053335,-666532.5176588078,2554011.1123371995,-672965.0135516047,-4169299.818498523,-4756925.85236242,306406.5513218367,-5398270.227610831,-972914.2893873568,7585698.098124971,-402151.2376049289,-103021.05634796164,1033121.9274718765
460,30.91831299618057,74.86436259622893,18.020536363443266,-581096.0266837263,3014200.985606829,-855612.4600899194,-3711146.1312275403,-4195801.123220767,60551.0871422742,-4731273.000714377,-759182.4916967212,7067947.991244283,-613184.2669823423,13091.764772162021,453710.2713107234
461,30.15749003230638,73.01577256171576,22.812490449840027,-519828.56620564254,3412519.756626253,-310905.8044196662,-5361697.856151245,-5141406.841833499,218138.18376676878,-6041221.769234135,-627959.6292702375,9250966.784505323,-314386.79056611913,-78137.51602269315,1169309.3480013001
462,30.918719559129844,74.86513222168537,22.812131231670598,-489328.88980809995,3377008.678877651,-254035.40407562372,-4917341.375219899,-4579350.586595171,10004.93720858839,-5473994.35675185,-372140.60146053095,8479779.343206309,-237521.71644149843,-17006.38275266098,846662.6308531351
463,30.110347349346544,72.90094144603361,27.604125803974092,190896.8573815336,4630873.988370393,752001.4649243274,-6848695.250131421,-6066730.090539745,254570.54230907807,-6706776.673272033,257696.81487804503,12022852.169070248,-124340.71280799771,-52641.255192760735,1415724.8464924013
464,30.96668301425792,74.98148549555947,27.603727574885866,-658058.3424187084,4010281.2949265335,-125236.91884169192,-6767159.328380196,-5348986.454165953,-70939.61250471586,-7179928.942784665,-257770.83641197934,10664685.81286278,-72738.01162700882,-21385.461538510728,1242261.2907945518
465,30.761944973071174,72.75836540501446,12.937549003596128,-573261.8183760467,1597744.050880053,-181760.52793586056,-2884498.5156244845,-2457827.096373057,470265.43841316074,-3059697.208672779,-796795.1801858939,4699214.093426821,-481023.8566897226,251056.92578453515,1255090.2395671948
466,31.54063949135017,74.60054342688665,12.93734403040616,-627496.1185998275,2694995.827425392,-1636910.8321463037,-2488975.0230094437,-2314499.268453231,278606.31503993773,-2997547.70593444,-1346481.3743943209,4774617.957008022,-1634707.6674995231,-42809.60846678323,101632.96801817279
467,30.762400929160478,72.75902074165947,17.812541352487123,-657765.9001377109,2564089.5106593296,-651035.2844470197,-4049742.774009086,-4633937.045579867,321354.375060164,-5208562.131468131,-973153.398220275,7437003.855763006,-405103.93645525357,-106530.83501301354,1015994.8159630913
468,31.541029003122475,74.60122306797194,17.812196208174036,-556555.2079444944,3259998.874530958,-826077.5422941437,-3847593.327409573,-4456589.461633265,72152.83974068731,-4895240.4845107095,-740621.1604525552,7513227.769255587,-616363.2693798435,10670.152021424823,465137.7853353333
469,30.76289054301437,72.75979630100396,22.687489665514097,-508176.30596713175,3389424.7019463833,-304303.6427207097,-5185171.858252726,-5008706.091809731,230766.82074502768,-5823062.626671934,-632372.4237135485,9032379.803644024,-318719.87519288156,-79804.96271094313,1154112.6044274848
470,31.541456424288103,74.60202007587836,22.68712251639758,-456837.04143508757,3641593.4844566337,-210063.33097309014,-5081815.447558014,-4856842.0016240375,26187.381278976674,-5639775.927241625,-352771.66967379156,8967240.708963875,-236267.91938726604,-16023.030033067707,868714.8591110217
471,30.714684375279102,72.64543869634099,27.56245736923628,216687.72108346957,4563588.356558809,748812.8157664619,-6572208.616595555,-5898904.737236781,266785.0188746029,-6404384.952195283,251042.64508879674,11682431.20051523,-127457.23083211988,-52184.8192438926,1411898.6614409946
472,31.590524313831903,74.71795488679757,27.5620503105332,-618659.5592813846,4330188.022151131,-63674.24900357635,-6995031.0721839005,-5690275.631397439,-54395.09402948384,-7395004.772509459,-227664.78601076914,11270523.772386396,-69202.90138004383,-20388.195803006925,1274051.5744550466
473,31.373105210072204,72.49999863797308,12.645882380441247,-574525.9871930225,1683280.9450546838,-171814.80353582592,-2970675.633649354,-2550532.4156048726,455411.17133842246,-3153425.4188190466,-779569.8893620347,4869935.462506917,-459689.50704771845,217633.24981873113,1230484.763420817
474,32.15754490769794,74.3397270264228,12.645673449558524,-632590.1862366737,2680180.249973081,-1648147.899800664,-2522679.3697332586,-2326950.3119613943,277738.89943975996,-3032901.819291352,-1359737.4403091234,4792081.423536219,-1641478.8129773068,-60155.63997308249,133639.04731330404
475,31.373575793314906,72.50067461335391,17.604207637234314,-662389.3425656358,2684015.550843123,-640773.2684453084,-4122560.101855988,-4788014.999421338,329207.38847458054,-5315273.954699215,-978599.72762895,7674726.622160343,-410143.3934751771,-110800.43441257109,989369.1303838892
476,32.15795064673794,74.3404269954499,17.60385536481621,-562320.5363626844,3275006.838306812,-821727.8692317634,-3838260.990160108,-4475868.0660642255,85937.331185784,-4889725.833236427,-754830.2266965926,7535514.492645383,-619280.716753685,9708.068699299765,469600.9082411167
477,31.37408577759192,72.50147727593755,22.562487709500978,-504682.4043016209,3516750.523825556,-286223.3655897138,-5262397.745729802,-5169591.362771126,237437.8028762391,-5925573.62925753,-629892.8273242965,9281311.210516047,-320337.288293822,-80676.11721432341,1135671.7998054468
478,32.15839896919876,74.3412509917947,22.562113107278037,-458200.0974712388,3644812.254967995,-210149.05816862104,-5052320.797382786,-4878926.555276824,44569.87928937216,-5620886.841382388,-373096.4782484231,8970446.418958947,-238216.7252786282,-17083.687055529423,881590.5013922346
479,31.325540715915377,72.38730034496179,27.52078784334647,242511.31249364524,4710034.280685369,780843.7689165846,-6661308.315500563,-6099760.5280762315,276245.12076250056,-6516273.573723264,264931.8942503001,11984731.041568562,-129657.1441487746,-52554.55028930642,1403667.7880545103
480,32.20784714322856,74.45705980513402,27.52037234035464,-629176.614658714,4302465.330774001,-73584.2971229984,-6939398.858298912,-5711963.421828228,-38527.20429850082,-7372004.651919745,-256242.95640640563,11227952.027318439,-67417.04287367093,-20910.486771701835,1299102.117954948
481,31.823784102739516,72.30616031315311,12.354215678568416,-226444.00559668802,4976464.948587849,-50887.414410539204,-6184958.891306245,-6952579.3304667575,249193.76470088106,-7069765.067216148,-396169.75392809015,12165068.349724852,-457483.4982125554,190635.98874282386,1216953.5976883448
482,32.62542312305988,74.13842786701277,12.354006165656193,63628.655282011256,7001910.759564455,-1201008.6745256558,-5159461.850199464,-6257810.876725756,162782.91003801738,-5764440.893566173,-558952.7736971165,12187924.407584103,-1646874.6138604016,-32293.285759213024,134810.2344094077
483,31.824265969195025,72.3068507375547,17.39587408789874,-27694.49794445606,7661506.621594949,-273778.9783342732,-8705220.299198067,-12423255.915776337,130635.17362280912,-11860056.48689301,-230635.29579885086,19450724.928008087,-392346.8220649127,-131297.81081746952,984533.4827953847
484,32.625841239524824,74.13914254013727,17.395517346268008,191129.93018159084,8407625.289803447,-316068.4464407475,-7785384.062055034,-11168979.62543213,-48015.11623285864,-10174911.069106558,72501.87396893892,18385095.968681917,-629964.1241958474,-16825.935795011716,487515.12207754736
485,31.824793359531682,72.3076760859655,22.43748660331258,397935.73467729473,9818252.048276903,667774.1802191616,-11248594.32286747,-13346915.604900792,79622.56456456034,-12823221.136799652,431971.19181791093,23275211.908155106,-323600.7723168066,-81497.17715657533,1115581.643981696
486,32.62630731140624,74.13998960780754,22.43710639793102,371271.6909159068,9396328.154817661,679122.5169781316,-10286707.634536926,-12024606.444351796,-64149.1063676473,-11499901.379995791,565660.5352305039,21380963.20747699,-240071.1055331697,-16160.670985341843,892847.6053843525
487,31.775190658623824,72.19398915890686,27.479119364759345,1519476.1739598229,12461025.11541834,2404068.9356629737,-14489694.522874366,-15284439.518422944,184913.5892347404,-14372074.08918591,1758071.2885574007,28998573.025669646,-133093.5438426082,-54194.095676584526,1388615.0116796826
488,32.67684863845421,74.25535599705351,27.47869747934635,458834.4162282096,11044974.714818954,1335887.8979101065,-13671659.09187851,-13615334.259989737,-73481.28865144677,-14034939.099983292,977823.2804165864,25896812.848523982,-67090.90954790308,-21553.67312743088,1314609.0373848116
489,32.122581844514905,72.17311824223165,12.062548837485409,-229066.07373107574,4808837.0799471205,3807.0269329557195,-5890043.427158787,-6525922.045460119,269649.18474866165,-6604688.252955136,-392218.1354021542,11580484.42150629,-451007.6325441351,153850.21106602537,1207556.9799578912
490,32.935673273567076,74.0003753142646,12.062341924146887,155390.91248438926,7354357.531248113,-1111246.7615118984,-5306599.938820178,-6443688.411898303,156529.3203574609,-5816360.2481078915,-462400.358801236,12677262.289129727,-1646335.1326468387,-22802.15263852708,155695.50153224592
491,32.12307220914123,72.17381778911087,17.18754157590912,-53118.880626877304,7416412.163290724,-244756.49041878665,-8302314.957828234,-11878372.755782427,160315.5944818493,-11271640.19076025,-265790.6313920619,18655967.614397377,-393438.5388775587,-130485.45115676739,975889.3809500252
492,32.93610011115443,74.0010995473585,17.187183251347225,298735.4931297926,8913944.835739216,-240579.74563177396,-8006674.62300178,-11698965.161331166,-39769.11681309697,-10475792.995994478,166190.13052989627,19281703.44870182,-649462.1863545922,-24525.918892152346,485262.1052720649
493,32.12361413606646,72.17466174851448,22.31248675203871,351167.61489545926,9506076.435499776,638504.2162702195,-10744132.931003852,-12834708.494340336,103273.17745043113,-12254417.647826407,368395.92354669905,22381769.990945168,-329230.09373448516,-83229.81636666527,1102542.086655832
494,32.93658056986629,74.00196564861227,22.31210285514806,495732.33880355116,9970394.4344627,791756.4173391918,-10612258.078075014,-12653943.777857875,-56658.3115500523,-11873928.973224884,674581.8435915019,22457230.32023882,-241837.6959858311,-14694.443340145714,901136.4749999397
495,32.07331070845998,72.06130848668323,27.437451809321708,1444863.9181244497,12006704.080319874,2312871.679714225,-13771219.827582108,-14635548.52468461,198761.33993690863,-13648947.284988519,1658684.3198802173,27754702.64326684,-136252.90793701727,-53704.35812227252,1385923.6564813661
496,32.987852655916285,74.11703961635826,27.43702574693117,617976.3153676516,11776433.434705906,1503973.2799669262,-14174069.203396289,-14395711.802785669,-63906.95115677892,-14525920.372124799,1123129.190431629,27301174.21173367,-66422.92914614605,-21378.1024627921,1325536.230539334
497,32.42425472107085,72.03885144484353,11.770882020445246,-191314.489731126,4951374.284308613,50815.324225885095,-5939405.027648519,-6624324.299141362,265207.7946089143,-6629838.770226363,-346464.3328881264,11787178.22191786,-442720.5181719715,121420.48414936855,1174425.004900291
498,33.243049161012756,73.86354937468668,11.770676889229353,134360.62263416825,7145519.774335809,-1088938.6651281775,-5165366.627506023,-6224473.341050916,159489.8948422772,-5631602.436618152,-474732.4303377849,12297276.598797739,-1626812.0530722453,-16919.90188217931,169739.78171519205
499,32.42475337620811,72.03955933090552,16.97920877046961,-896.518488404341,7652457.663295807,-188375.57553217327,-8414312.343228215,-12173620.07447047,168910.75036275096,-11441290.894139634,-218730.16562986898,19123206.62904473,-391767.32944434026,-133097.82778165513,966267.0328337324
500,33.24348405589845,73.86428239212503,16.97884910633963,274463.811260066,8758292.925806394,-248255.96344384179,-7807491.840393726,-11459373.328907762,-17165.51335574447,-10229913.093466356,127215.24125467564,18887198.62583431,-669754.3308254554,-29630.20733689209,480497.10262684606
501,32.425309896659044,72.04042191503548,22.18748660135464,416232.8920094096,9813579.399066491,702075.5696828829,-10907366.11310743,-13226146.989993779,110823.80605669254,-12485767.307719171,423602.9126853006,22994052.255792644,-332581.54447259963,-85089.72148746549,1085274.1978725912
502,33.24397893542989,73.86516735231393,22.18709917537868,469276.0553516573,9805699.432828752,774422.4493578984,-10373483.468935974,-12468347.387512231,-37591.41988644007,-11650248.561851373,631919.0165141063,22067727.482875578,-244423.83252685552,-14318.067386332157,905912.1562423662
503,32.37466535015814,71.92724917350075,27.395783960284167,1540651.320243383,12414606.001904214,2405740.601026062,-14032572.894068254,-15120929.238464741,203846.23049644567,-13945960.491994537,1742061.1063123585,28564897.30885584,-138406.35069413824,-54531.640953959024,1376983.1249229815
504,33.29562243886202,73.98010201911849,27.395353864892364,566354.9371101214,11537187.428075135,1455885.5680143186,-13849302.232564889,-14155843.78251988,-50457.59175776578,-14250838.106984578,1057127.6870981383,26753138.353086025,-66486.8411410065,-22024.687371222117,1336539.1446842558
505,32.72222534243397,71.90398435879388,11.479215558248066,-186182.73255340825,5012637.290789891,93948.91254744376,-5832703.939733398,-6577749.122086288,254499.449723624,-6494851.528916018,-314700.98436331487,11729955.984063258,-433723.8622773829,93858.02524172419,1134276.4679429182
506,33.55240959181086,73.72352866262905,11.479011688996101,135820.1240829348,7141303.701836787,-1042229.3049982467,-5085554.412364388,-6186390.798988399,143741.30509137223,-5551355.10194199,-436860.84264055925,12223110.465504028,-1596606.4124698879,-7229.195944950235,174358.86476482757
507,32.72273226487671,71.9046999799428,16.77087581623387,-1559.944414743688,7757860.763569996,-141364.06355340825,-8333404.640485633,-12186545.87263853,158443.84875292203,-11354515.464731038,-193201.9990071408,19162654.219340023,-391183.1811357243,-137562.6243623633,955133.5483352814
508,33.5528522060263,73.72427016165473,16.77051482455516,269071.2406368074,8848361.510672243,-227135.37951086555,-7730512.774840355,-11476371.325214984,-24132.961611371884,-10167965.03424489,138755.45861357468,18919506.947429493,-687528.0835961328,-37003.16346172096,480985.7311723137
509,32.723303351272705,71.90558092930546,22.062486580716648,406426.55361744063,9945386.238824112,733337.3888245269,-10819629.503052844,-13313554.979082968,96339.23535962267,-12447284.541224258,442793.42456147785,23089641.297928862,-336697.02686224534,-86764.7031384647,1069230.210536046
510,33.553361693739284,73.72517384894189,22.062095668204847,458084.852583074,9920147.767922178,799220.7471187143,-10296449.115592884,-12555418.263665484,-48730.29406503998,-11625402.360194864,644142.7468783959,22158712.980940424,-247219.52713446916,-13799.03185837498,911754.0195236728
511,32.67196227251956,71.79275057773467,27.35411648246167,1534714.1095954143,12573544.620632894,2435740.8106398173,-13933730.313147454,-15225987.434889164,183760.80017679167,-13896634.2465991,1767133.7643776769,28673500.023089558,-141219.04267388265,-55066.212340104255,1368911.2038887138
512,33.605732156858195,73.83980718585485,27.3536823510141,543558.986219069,11662616.303533055,1479475.190198719,-13769446.084434813,-14258543.110072622,-64400.24853722142,-14227046.524471788,1065490.6683538703,26847206.33606877,-66378.60925692428,-22317.870441565043,1347609.0608722367
513,33.02218786803682,71.76593967171684,11.187548967944423,-192655.29199480847,4894388.791477974,115383.32580279978,-5620465.29114027,-6397100.451916665,264939.4300377572,-6259527.987677142,-320140.89866915223,11396785.71163226,-428945.6369884785,70529.12771710914,1088300.5990441358
514,33.85805988077735,73.58288886588176,11.18734625022394,178450.40108149778,7249646.7531117955,-985121.2158513407,-5102220.499086828,-6299829.28759081,139054.9164817188,-5580017.54477423,-377031.3808159764,12400024.863932159,-1565620.5346944097,4640.663933946623,166568.1185893377
515,33.022703301656904,71.7666628698878,16.562543214928347,-15168.897890192457,7623093.866499286,-120485.28988486435,-8120327.330314655,-11934116.999079572,177901.54548009252,-11069619.230119195,-213484.19504046018,18770543.103883877,-391220.2416563524,-142167.9804025489,941498.1575222266
516,33.858509957151725,73.58363873685647,16.562180996528287,321824.6917424747,9082343.804243034,-189275.9111355208,-7823506.241968852,-11758161.168518048,-12400.767708113623,-10326039.259098688,178782.40030114318,19362149.443647534,-702359.2609767813,-45294.12857622626,486707.458170771
517,33.02328904138993,71.76756203565022,21.937486673473096,380503.7317375676,9777427.610458711,717800.3264612518,-10554926.277890688,-13106425.750291724,113472.83768342,-12194237.755867673,402994.4693990064,22666974.955126196,-341974.2948975901,-88751.77947535485,1053082.4650133085
518,33.859034053735286,73.58456084265728,21.937092430289088,520904.72858818993,10202649.167160975,856018.0487157167,-10442445.018833261,-12928716.645967467,-37955.35086232009,-11843722.192660268,691332.3145827494,22731961.8225424,-250333.30851825236,-13559.503606789052,917459.674898301
519,32.97160796478722,71.65491429670298,27.312448857024716,1496943.8817614438,12332524.940212058,2386160.973550589,-13569436.961859584,-14962930.449647484,194019.81903102127,-13579860.529727872,1709859.7313688148,28085630.59388315,-144588.7238597606,-55656.22658486872,1361724.21664894
520,33.9117754331409,73.69905272938227,27.312010832442656,619795.1737046689,12022335.364865808,1562886.6286528283,-14015263.760220597,-14721865.69669262,-53326.85980459603,-14519494.415537883,1127332.47071654,27597179.112044647,-66404.56043607132,-22690.742121060917,1358270.5905251307
521,33.31933140487807,71.62924564978081,10.895882207881083,-123343.45632384019,5176960.730145552,171938.4103038262,-5684756.758286719,-6651651.712687547,262214.3248694242,-6342008.375256012,-256902.2022801564,11824466.261661708,-430994.5881477875,64727.389012901345,1043165.1532786358
522,34.16652875369226,73.44089871455459,10.89568056948134,134836.36206484167,6897378.082363988,-982103.0294842024,-4797642.897514786,-5971059.622371095,147266.69679187442,-5284991.833273869,-405682.51621544047,11740785.764433935,-1535812.304485416,19268.29883024262,156687.2129060742
523,33.31985556022357,71.629976481595,16.354210341150793,91202.03541269153,8098198.318349464,-29555.37116637081,-8339358.631233769,-12488554.723043533,180328.93536178453,-11395457.451957995,-112026.99015631169,19667329.42471009,-387069.78655110125,-150536.6914204976,926944.7232836463
524,34.16698625747647,73.44165732095628,16.35384687236096,270262.39029265055,8744206.666069675,-211548.87580304453,-7450992.162270926,-11243190.546849485,12765.321453994184,-9844744.370268071,113896.9269375109,18533767.62388984,-715302.7609391556,-48813.11765017054,489483.1768501358
525,33.320455865189516,71.63089357187248,21.812486499803363,514149.70717643853,10374947.534251507,837582.7219369151,-10865463.557456488,-13781268.699404629,118215.48542681322,-12586006.972506791,523721.9467071392,23788964.98916451,-344697.6552425905,-89991.51207698986,1036361.5025404101
526,34.167525014070996,73.44259769503827,21.812088948477243,464262.2653212035,9842520.257235227,809025.2779777613,-9966497.748724647,-12429741.726955246,-16191.644932692418,-11331786.181021774,616057.1650722439,21831536.816483714,-253305.8306599403,-13578.700077750153,922279.1688006301
527,33.26808258333881,71.51859720529278,27.270780946619357,1687802.355320123,13135761.343582714,2570465.9401332326,-14067205.665604219,-15813754.972157367,197140.98123227237,-14088771.560926812,1886305.8606799424,29596495.339282922,-145856.16471014573,-55928.74595747397,1352585.0573429768
528,34.22098981766463,73.5567793552366,27.270339039055955,523232.8333089766,11528863.71837515,1460801.5550300223,-13355844.269195383,-14098934.413675878,-38967.68275307272,-13879980.903521746,1011729.7183328583,26381149.291903034,-66421.39195238623,-22834.07722555411,1372047.474860154
529,33.76239862680194,71.41859564401585,10.604216425561926,-595285.2511715719,1866615.7521563917,-40351.02638346655,-2615104.367400575,-2529602.988734479,400861.9785239492,-2802133.620288917,-690101.7774479431,4723214.872338215,-407260.67638974584,30902.859927613914,976120.7971234829
530,34.626558493946746,73.22225175325406,10.604011676357032,-567400.6535507874,2706572.3042921764,-1445969.741837788,-2293558.592842839,-2292380.282306119,192410.3335257314,-2831129.4630727903,-1120319.00744971,4644650.3794261,-1489672.583498049,-7624.2249239475805,162271.1097439378
531,33.76293562721631,71.41933885804784,16.145877362568655,-691178.152008173,3021035.4181524655,-488019.52527004294,-3870795.0462605297,-4886045.222209563,311463.5414099137,-5067334.950851417,-915958.9078180391,7825131.599543708,-412352.9948557615,-133499.07291921056,871645.837537202
532,34.62702684904783,73.2230243973497,16.14551006354347,-591519.3082189304,3540010.96200919,-801831.7594683643,-3617865.5590370256,-4582193.338911122,93488.23186941636,-4747072.504343534,-761245.6347198037,7654978.033385231,-716200.79837556,-20877.037979896777,472152.22285418975
533,33.76355398703788,71.4202773678711,21.687486080142307,-564486.7200831969,3905290.59499682,-207401.02351956884,-4992973.810123889,-5442734.594507488,207358.81397919107,-5793606.935106929,-605696.8148860876,9532706.601387072,-349569.8854158611,-93232.10616879648,1017184.586031874
534,34.62758435453634,73.22398648260847,21.68708371758077,-492825.3824976054,3984105.0792641407,-150137.96006766963,-4836085.3243567115,-5156554.156216026,42551.2546832473,-5527778.95481647,-372433.637743721,9241354.329259053,-255161.05729922987,-15895.581337515758,933553.2431570989
535,33.71013963253935,71.30850374548481,27.229113057266357,233139.8520485144,5189804.132933449,861887.9614935245,-6341590.421519625,-6444488.2930535935,222456.6828407955,-6333554.769566778,325929.82008444145,12292456.895957824,-149181.29013739916,-55622.553744823876,1344889.8805673043
536,34.682128533147655,73.33769182199282,27.228665512500864,-721972.0891298794,4674563.429369357,-12149.727197007975,-6719730.466028957,-6054719.56017972,-47788.22584680328,-7300669.772463364,-275427.8239038502,11516539.209409688,-65755.21775890591,-22396.938516793463,1393066.9714681562
537,34.35986843702954,71.129990566556,10.31255076318452,-609441.4652203715,1854110.5542823481,-50607.389239960816,-2502267.345960744,-2588628.8729948387,402680.702928697,-2761437.0708348076,-725227.8730768923,4680726.643733714,-411400.21754786634,25487.331629739077,901245.8412441146
538,35.229668549270166,72.9309444563365,10.31234016967567,-558929.6436734713,2736194.8209748017,-1437942.6315564308,-2257048.94550578,-2432654.5110063152,195554.02663366692,-2905683.414009417,-1082789.7515101265,4727795.711264444,-1459168.462516624,1354.358330894793,134692.16690196155
539,34.36042318015687,71.13075222265324,15.93754444858465,-699366.1485458938,3013425.2392472886,-488819.0154696088,-3795747.289953582,-4895629.858114017,321703.8991079209,-5028359.02510406,-931826.9022731963,7785426.002609039,-420440.5571160586,-143677.3011439747,828207.4925633856
540,35.23015165028816,72.93173717315076,15.937170902943121,-580994.166520854,3598120.7468987796,-788911.0074468378,-3644608.9349650447,-4723041.694231108,106389.44349474373,-4833462.360666931,-759477.6528380638,7821155.586436084,-704667.368514431,-20684.236012984664,499425.6558808648
541,34.361063405171826,71.13171580696594,21.56248496760383,-566986.2272033833,3872843.82438998,-212283.3983812027,-4896418.664064767,-5439180.151173525,218123.28472515027,-5733936.530206727,-623074.2126909521,9450584.941703072,-355884.3504565039,-96052.14583747879,988081.1592570443
542,35.23073171839923,72.93272419226693,21.562076499429267,-480625.1253891657,4051405.943813154,-140595.5923832364,-4862112.536538709,-5300555.151075297,56742.76981820377,-5603268.441802191,-379439.21089652367,9412892.878739469,-253862.0330060695,-17706.48320806426,953765.3590356549
543,34.307319350252456,71.0201367789245,27.187444235644318,244852.46625215514,5128034.105637345,852390.9194161219,-6206018.326560841,-6436635.179369908,232775.26495394774,-6248280.330964756,310326.86193232273,12163230.96033806,-153545.54641347262,-56852.85759716261,1329769.4049726978
544,35.28565106824346,73.046286319918,27.186989605502188,-714707.5654599366,4751002.940953831,-1555.2091638001148,-6764768.133529847,-6232514.712874967,-30021.38051572258,-7398513.3997172825,-291686.2850934063,11724939.851140779,-65269.04423441037,-21899.61169218113,1421829.0941400188
545,34.9489671942425,70.8456087688747,10.020884247261593,-587190.8190586368,2016844.9822990317,-35829.27045547683,-2472609.5649348428,-2775165.9025937486,414446.5834559317,-2775963.5704638716,-742509.034156603,4912297.497405392,-434389.09971496486,37419.01726432549,860859.3638459924
546,35.84114594641299,72.63540795033553,10.02066950954013,-556505.3148766594,2604128.335873679,-1452371.4436483867,-2053759.4519587697,-2315570.0938187437,205703.70676564958,-2771874.6460257564,-1063500.8056537404,4430627.029028129,-1466492.3849883154,14326.765455759294,115059.99341732565
547,34.949540730140875,70.84639081655114,15.72921061262354,-658711.3713129484,3297108.169766932,-450703.0438305859,-3859108.681597875,-5225406.679656005,327976.8571724462,-5185342.997129568,-898766.0168501656,8271802.76860313,-425310.0844431706,-150806.63166984054,786498.2706358862
548,35.84164531096003,72.63622322776928,15.728830736922909,-570225.1682019046,3450324.017498038,-788291.2966226492,-3422390.4658438126,-4500829.6365411505,121686.3508442018,-4578191.705390334,-764821.9747461115,7434821.232809931,-696639.1483545908,-17241.95947754112,520284.2702066265
549,34.950202956230214,70.84737910647159,21.437482798087725,-510136.5341006173,4195114.926790506,-153833.11366904643,-4997771.369517396,-5787557.716388317,226613.9786037112,-5886006.118378893,-580386.8020408438,9997538.19944058,-359463.45688446634,-96782.98931126801,964671.8238496281
550,35.84224810767732,72.63723535569136,21.437068142717592,-462452.27783032646,3881299.2262892136,-154337.32406660262,-4571744.488951007,-5044301.041718704,71641.47878849752,-5283376.99469907,-392790.92623261595,8940677.545323972,-250836.2447729985,-19957.993973207973,973491.6366988572
551,34.895083031272414,70.73652251388197,27.145774290486276,340758.62452725344,5544658.9279397195,947621.4865772377,-6376179.362681075,-6875576.802385923,241013.29491949614,-6440816.6011712905,385919.1271662295,12887936.513049278,-154302.4982177746,-55061.02061557286,1321832.0562274307
552,35.89858932356616,72.75012595451466,27.145312650479035,-712474.5888435452,4510308.561318427,-46994.825412190985,-6364721.256382705,-5912464.752052291,-14168.880536689494,-6994430.508988501,-334136.478139637,11079406.134190828,-65230.404267095124,-21516.738768815638,1452701.1820593262
553,35.82133888801631,70.3968727808263,9.729219873747287,-525495.0330641355,479533.058138274,-60799.80880148357,-914802.208027973,-593653.1657593984,480004.46341514465,-1083072.927361209,-433673.5342686674,1409984.6779025313,-459552.2819562181,44566.69164476741,826693.7898290944
554,36.74697765519485,72.16973120715404,9.728996060773094,-583641.2211522078,694305.2600740624,-1616667.6794400765,-749965.9266817571,-367727.10226953134,185738.896438036,-1679271.3298674957,-929656.0526218807,1102923.7419711547,-1494423.2877318757,19690.0152797681,77866.61392512638
555,35.82194187618374,70.39768878989126,15.520878308670571,-557445.3475641526,766548.8701148841,-604244.9277939531,-1387328.6575925723,-1333237.8545144515,355675.53273025196,-1715951.1341743632,-937111.1893830112,2257920.9183141524,-457160.03043546004,-144216.14748229,715858.5615600295
556,36.747504816304804,72.17058278222618,15.520487339466067,-454391.8646242512,947922.9064155708,-952936.7100922363,-1287258.532067855,-1089673.9085079948,86913.77580439202,-1708568.1621212543,-792751.6468317435,2041914.1406520817,-678256.0403578902,-1231.1437697122437,538950.3799582536
557,35.822634406383386,70.39870877353427,21.31248151478366,-353322.8410932041,1029678.8501825723,-534887.7729223969,-1783925.7038219909,-1511159.0150248467,220943.32232305608,-2010991.8878191325,-675935.2702284064,2828395.394214511,-370328.5281767959,-100415.65974446482,925447.3614603684
558,36.748139134441274,72.17162721340293,21.312057767295997,-205941.83585935162,1078582.207662798,-464398.5519049445,-1747620.6098193997,-1313668.787192539,32966.359562252605,-1887829.9417249972,-398496.2875675454,2694568.0491910456,-241638.64820501616,-23188.268497076326,1009684.7455572165
559,35.76545289591127,70.28894060961677,27.10410536888936,387394.2017244205,1667988.9972870653,267125.1213920652,-2257971.614859012,-2056244.0155646452,205423.9980253315,-2003590.4504785615,117416.72289449254,4208682.047987619,-160696.57093796972,-55018.462210965874,1296991.6578432526
560,36.80660289258292,72.28348908550193,27.103633752504887,-549175.015156575,1226004.9578972193,-607586.8804649517,-2807504.09097189,-1775984.2516518186,-77773.09468903454,-3156015.1519592125,-520064.2759226732,3745322.4901575786,-65071.74309488851,-20418.033331019844,1495910.5866057947
561,36.99370860374469,69.77531147460087,9.437556369666012,-552535.1785681584,486751.86972665763,-68644.02490020954,-860473.7252892354,-578389.5684798529,503112.03894986963,-1070727.940058692,-431374.3688840889,1367674.975201071,-504638.9527735235,65505.45795033598,809567.4796246024
562,37.930434490081275,71.54238116103986,9.437319600727987,-620836.2769594203,725325.3155322695,-1664289.4963687318,-721896.0687244649,-399635.12345793605,228384.53249792464,-1742651.0289720646,-931767.6509218639,1114618.2220980457,-1550603.7567534845,27701.779121946416,44214.831567885514
563,36.994351556116285,69.77617552076896,15.312546558327352,-590374.7680777472,753887.9926772391,-637865.2362262437,-1305478.4302405808,-1337685.4314923477,362626.0923598167,-1685732.5504262035,-975242.0112554479,2186622.5500548994,-488492.2364874987,-147117.20458448282,642308.7204057721
564,37.93100128876111,71.54328118489913,15.312140344340825,-444442.87204997597,988651.6313254009,-935630.1299685715,-1292003.8650032475,-1166268.17669387,101625.87829873092,-1735492.796817673,-779641.3412889276,2123712.767413453,-651527.5325458088,8209.393335504708,581166.3610266424
565,36.995083366759324,69.77723482543648,21.187479380493244,-359014.2363684075,1001779.521952982,-550471.8483432257,-1689190.4946833567,-1501398.5264161932,223403.47449789688,-1953614.9602898676,-685983.0498581225,2731891.447389339,-385617.54972400615,-103458.27338264768,872794.8704500732
566,37.93167574795671,71.54436481555487,21.187044174434444,-188505.1813182244,1109952.703210504,-454839.4795607828,-1752876.337990807,-1382888.5383201777,43695.1252906209,-1908879.12180865,-390681.24716635066,2766168.4113064967,-226144.45784032042,-24758.927182837648,1060363.1476870491
567,36.937246221019066,69.66786235944085,27.06243520065231,426809.7678681901,1627774.0769461596,269643.0619658923,-2130131.7587396656,-2038933.7983684593,211175.3233792757,-1902571.0047851552,134706.15428649337,4092091.7572789066,-167826.62036319246,-56586.13410160305,1262373.117146911
568,37.990871019716955,71.65589855221688,27.061951337944418,-544611.5019813998,1251438.2244469677,-614554.0650116534,-2813867.162406349,-1861173.2254871302,-55347.02859500746,-3184023.3901896537,-541882.7241688226,3818178.7718123905,-63152.20424586652,-15443.756953663025,1558912.2907966853
569,38.16064351150925,69.15684230195303,9.145890550469222,-567688.6422294774,526925.8266597611,-86249.58360278851,-833735.5340605837,-604407.1221368863,522210.9565479648,-1061638.1045770685,-457288.82603976835,1391914.5314443319,-541098.8081901083,78774.58722800273,798794.0051850827
570,39.11931624680337,70.91192503969953,9.145642475900004,-633149.3997673923,691164.3695871441,-1729100.5163770446,-640119.1828883031,-349418.4212054155,264530.3670402388,-1808250.6025808984,-878212.5419078292,1015377.5979314349,-1627583.7370673746,10093.656828132654,44258.88837699712
571,38.161325267365356,69.15775415428986,15.104210923329113,-617816.7640181776,807246.9006390749,-668012.2953357243,-1270564.0739620577,-1432959.5394739038,370495.7585813229,-1730174.6053670584,-1004048.244372508,2255640.6910247384,-513280.1105471911,-143149.94836646217,592354.2944431838
572,39.11992445640028,70.91287214251636,15.103789976776236,-408359.7001644843,958293.2516694618,-926723.534889294,-1197294.4854277135,-1112881.0382458789,114374.48615525909,-1638294.8242025506,-753876.1533843781,2015380.9942026122,-641287.8045707165,15754.24256366824,604861.6950934601
573,38.162097040615066,69.15885307253447,21.062472905996852,-371736.99956934806,1052218.7662254693,-558249.8627315239,-1661025.8269922945,-1595622.9950806152,227739.16261685535,-1985534.477657343,-693554.6835790878,2801321.065161029,-396074.51875037537,-103568.73789030235,844781.9061877143
574,39.120639847694335,70.91399539638326,21.062026420256984,-128396.13654884754,1062154.2285305557,-444787.9652324079,-1638413.7548964382,-1318182.6287990736,50896.55909852568,-1775830.4176375945,-363168.2069485482,2627968.7513354416,-213395.97353288098,-28646.542601003122,1098056.6124127218
575,38.10292571161935,69.05026280931477,27.020760502905727,455244.1526314691,1691516.7181151437,287847.6012631861,-2098800.002676274,-2154162.8584342552,216966.6332517351,-1921282.4369063412,158289.48575454377,4197601.423161596,-169321.10984309833,-55008.66659629112,1254936.898285747
576,39.18124561980379,71.02481259819001,27.02026499981666,-489985.4718953659,1169844.8011934739,-627840.329398318,-2659248.0882662716,-1781045.097065693,-36932.9827957301,-3016322.4380750065,-549985.898955582,3618327.336930378,-64537.01524125027,-13773.909532956046,1608175.3729119878
577,39.30041774699806,68.51558676048177,8.854226404042075,-594488.6546548837,556524.5587061585,-90769.48406782735,-777557.1467311294,-620422.9591753572,498670.8179706116,-1029945.0494785677,-466150.03473655524,1367361.5041985707,-554879.0865278702,78340.94519777718,779085.9239317499
578,40.30267017094456,70.24615336903689,8.853967907813098,-659879.0837782124,714811.2218460565,-1774146.245569867,-581512.0664932036,-372949.0698882156,273962.6158567357,-1861772.7299377616,-856685.349905839,999243.9723415776,-1682545.7328231619,-9126.243159227888,53736.90993753552
579,39.301137017572806,68.51654259668149,14.895878000942506,-670747.019152579,840207.4548883621,-698817.7338693644,-1186905.9930984632,-1494091.1081554494,328239.98577557463,-1772073.737449692,-995640.5557370504,2238356.995053161,-532422.0956013807,-142578.584869157,541473.7421536876
580,40.30332099348816,70.24714363486741,14.895442827954401,-437385.8913972443,1000490.2851511574,-927991.6061069816,-1140785.292455021,-1170764.2249929023,90981.45125972091,-1667653.0575950514,-724208.7068908449,2026974.5521328272,-638923.9117582102,21669.96228600569,618900.7573825658
581,39.30194974905761,68.51768046329578,20.93746962134138,-436384.5220319295,1077400.4598455238,-581040.5007597941,-1572998.9794334988,-1658154.5927921995,181777.8491517653,-2021632.0251489684,-683867.4934640978,2765474.955666866,-410588.57538686635,-105000.00603122784,809157.9872799502
582,40.30407929416604,70.24830618469082,20.937011878822542,-164490.58903239283,1098424.1015532394,-443951.7178008816,-1590252.564624243,-1376062.2130449966,17216.57094634861,-1803626.73360588,-335219.69672099757,2628828.2250468424,-201712.0734014696,-29969.685375290297,1136512.535520381
583,39.240092805513356,68.41065428817527,26.97908898949236,400882.55839043553,1707402.3095766052,279730.8992567723,-1976445.0655057512,-2213122.9503877778,161464.21139289794,-1929674.6272133833,187811.52494645884,4129878.869490737,-176311.86835632133,-54807.983295104365,1232530.5956584925
584,40.36744917134468,70.35762302714811,26.978582158646464,-564191.219366252,1184352.4486849625,-648723.3354269669,-2588785.030168728,-1838627.021004586,-68462.76256014808,-3043494.0851432225,-555077.2905787711,3570009.269613738,-64292.24877314122,-10643.955762648839,1658095.2083092323
585,40.43481719743579,67.83928900922052,8.562563029588885,-590754.1741621522,523768.88893697644,-79766.68971973797,-693087.9486208023,-562892.062354079,501623.13341921027,-992407.7075104738,-409318.60336432763,1254974.3359298874,-560725.1977777388,64578.084691945645,760770.3917799606
586,41.4587096778889,69.55732270231289,8.56229566161143,-664592.1321547696,734530.8255451062,-1799001.7140675741,-545001.7005548377,-422754.5100206402,307503.30696204805,-1909473.1955519149,-830630.5735716647,1011040.7484463423,-1712964.4625312062,-21621.324165824473,59843.783719139836
587,40.43557294226317,67.84028460627258,14.687547819494089,-656330.7231734067,781754.5962998522,-715853.7333308635,-1051751.0961716194,-1413758.8538561747,335166.18197103665,-1665645.3605354265,-984955.8529026436,2060171.3532336534,-549426.3604982122,-139993.8067181066,484622.8005991457
588,41.45940238204614,69.55835062186796,14.687099741889991,-430744.29598102224,1035527.5506799745,-926538.2743091488,-1100764.4490378576,-1254303.7470102296,114928.29703439093,-1691240.1916848607,-714298.2420370827,2083783.4141117474,-640185.961703373,26970.175852555607,625696.3434116689
589,40.43642763331361,67.84146059277927,20.812469280672623,-402544.19954253157,1000272.8967977166,-597629.2159690605,-1409088.3152844987,-1577304.0043718973,188245.0524157246,-1885613.6411237905,-670208.9351873136,2555922.0575972283,-428581.0598474392,-107155.36659326922,762028.3387038843
590,41.46020477144823,69.55955071281132,20.812000917287552,-142806.04880434286,1135909.9390394792,-433472.47163085785,-1561976.0531763942,-1460645.673713884,30631.55848501102,-1812633.8750210397,-321764.39853290585,2694029.692158224,-191990.38613926774,-29217.45732640391,1170646.491229665
591,40.373257579205784,67.73524875882987,26.93742003237063,479310.2522114116,1599968.1494133556,275159.30610414036,-1758508.7767466854,-2112798.6853698213,167488.93144849804,-1744546.7564670176,234317.76027780742,3864666.703918117,-186321.8807946634,-56608.80099334871,1195702.1150151645
592,41.524968409821774,69.66811509310065,26.93690267204807,-552954.3908855264,1213338.925681173,-648912.7068889622,-2559715.72618781,-1947800.7724562811,-45141.21412537502,-3056229.081430201,-569637.996685188,3637338.9060220737,-63266.35267389165,-5369.899903963624,1706131.28456261
593,41.564105433826015,67.16662025754269,8.270896444780988,-598689.5535077965,562408.7439136344,-87670.35551499206,-647965.3838748537,-610778.9695569549,500650.32683022163,-965597.1832243457,-440274.72465424385,1281920.7427694355,-569262.0548242914,56694.83014355664,728598.7867521478
594,42.61985138058341,68.86485249797107,8.270621715862877,-646651.2301698112,674219.3724407238,-1833846.0178719766,-458462.900000552,-348917.63587123406,330097.95703122567,-1940030.090599009,-753139.7551681848,886891.9701661298,-1749619.9979812484,-23046.269560453162,60995.37594791352
595,41.5648951863294,67.167651327822,14.479212772652842,-654055.6655825183,825489.4815152166,-726974.7830546534,-993448.3502451861,-1510740.41339235,339120.1964500699,-1717686.5714325071,-964975.8921434656,2127121.496454017,-554253.8429844696,-133958.69708877735,449166.0670540548
596,42.62058386263607,68.86591356516982,14.478753002007721,-380694.8664442329,961952.14130431,-926799.9642163182,-963377.2979573102,-1123835.8244328548,134233.33370137095,-1543096.8649315173,-675833.7299990128,1873387.905574289,-647961.9957128877,30505.59699383089,633210.0192616219
597,41.565791134544945,67.16886394788958,20.68746429548056,-393770.9429735427,1041057.6627779943,-603474.846174497,-1352618.2141677036,-1685225.7068597751,194374.1309725877,-1923341.3964328482,-657099.5090985034,2624252.7791613066,-435570.3478502513,-107772.39838629522,749123.6695646148
598,42.62143050395159,68.8671493135646,20.686985699456773,-58871.57241392456,1052331.155938071,-423604.4120360005,-1397785.4241287676,-1322431.5131938534,39160.811035646,-1608261.1184218712,-278427.4759404248,2456543.7658504415,-184186.6147224513,-31582.904775279727,1198341.6930620144
599,41.50066972414453,67.06392013263968,26.895746439455426,525910.7006351659,1647556.8477058094,290451.1878970847,-1693720.0247274798,-2252330.3066853895,172870.85105457256,-1784791.3828664029,279461.3318523697,3969248.7872520937,-187230.90092688566,-54682.03098857652,1201664.3823463698
600,42.688226825465755,68.97450583751261,26.895219043660923,-466273.0840483915,1082202.762728743,-660269.8795389882,-2340656.843479219,-1785091.7040025378,-27163.757364214518,-2800243.212596121,-560810.522891815,3316713.5346293002,-64632.293135215106,-2590.935227054198,1750409.5497822394
601,42.935535462700955,66.27766483371562,7.979233305558974,-422258.50982287124,158924.40402168172,-19705.822840832654,-254543.32964871573,265143.29729830346,480023.1466970459,-867566.2708324897,216527.54409760833,367998.7980928589,-561532.8357951338,48308.56208386303,694284.5097921798
602,44.04394501283902,67.94223769616643,7.978949740516957,-459266.2608736765,159429.89295980986,-1826499.9463658645,-150130.39695994632,425282.6724547106,308601.1888351978,-1986284.0275172405,-397587.01283980696,257534.7260773166,-1770891.1362832407,-37528.33320661588,61811.476362673915
603,42.93636498844945,66.27873240336757,14.270883194710331,-308386.30524823983,177322.30692065926,-677734.0979941264,-332651.49615971156,-47680.420526332084,308246.1944951656,-868832.3926273595,-320046.6675825513,380080.963888204,-560207.8650412688,-127017.26606395215,389020.6677402595
604,44.044725082975475,67.94333253076337,14.270409890954259,46670.01571278917,385460.4528846575,-855365.1458253323,-407543.76674386766,162098.75916408424,100537.36258099882,-903784.0581875744,-181073.91092475032,661623.2918844394,-654392.4604513764,34073.420160907925,629414.2097967296
605,42.93730954810072,66.27998300956898,20.56246523284463,140501.6621643224,279560.62555100245,-589127.6008187234,-465246.41559002385,-170256.7927683403,158694.43591190098,-630606.5419710192,-260168.52645430033,721709.7553219214,-448309.05720815645,-108864.26864322337,715854.4108207459
606,44.04562523394878,67.94460487351512,20.56197463469726,600997.6514618263,473603.35899939237,-342078.27524519956,-641123.0135626831,11037.091501039002,-3031.8973463304915,-342299.9755571939,-106818.46333863269,1181641.1741118454,-180091.82580519377,-33116.17876308009,1216582.683163996
607,42.868943351865724,66.1771746030621,26.854078749421788,1135969.4225288099,722112.1567838013,252549.5706253766,-543112.1577624528,-561925.8843809933,117547.80085414734,-159804.91716285358,624446.9476236386,1645989.119477203,-196658.3960445662,-54405.455354159894,1175072.8406493883
608,44.11576376563771,68.04988832458241,26.8535394958638,235551.2053957702,390135.16360707267,-642213.4839059692,-1375407.1831231166,-322912.9960211058,-75843.72765764264,-1204096.6093128393,-517219.00287743076,1704788.497287144,-66460.15954499501,-799.9003983989302,1786368.2852782817
609,44.575430750431224,65.15559260482942,7.687571145627283,-460867.77268113306,146694.41697363104,-1363.715439259482,-217670.58586859776,316755.14818652585,458534.21414932446,-868360.1798309037,129782.79569508543,423040.31298905704,-553435.6215173713,19540.69336090684,671747.019417365
610,45.704660945817274,66.8063011588555,7.6872788229447915,-483787.9820703791,174219.2340964406,-1836051.4863339392,-149309.59808095594,406879.6182303458,337880.87596388225,-2000961.927769492,-407882.64877374656,263224.34223536024,-1778148.9340076253,-40557.954187156785,62287.651142246825
611,44.57630423186187,65.15669553818776,14.062556158186215,-353851.4337172094,169558.88632720866,-687771.1599545712,-289175.88135111635,34640.919256585534,287600.0907634241,-884496.6854761592,-293492.98454916757,305925.96268075483,-566558.2396083248,-117755.17670446934,312304.98777047795
612,45.70549358681754,66.8074265773395,14.062069067844842,10765.025582588045,428784.69619574957,-858081.1649868265,-421905.0056155283,148626.38139959815,120128.75047252643,-909970.1705878358,-201786.42835764203,693225.1557369895,-656418.4937426317,41083.11997657386,641482.0916580108
613,44.57730432880875,65.15798407295595,20.437468674203803,113865.76287251333,274400.9477237242,-605736.746130401,-418814.655553837,-95985.73207450341,142024.38259893583,-633137.000790349,-226623.72259973767,642290.687855923,-463556.9639951089,-110191.81203592262,661944.4941686301
614,45.70645460840266,66.80873390705301,20.436965404246997,574952.2756314668,532970.6610239269,-336946.5662793616,-672937.1946442365,-687.6841520144346,164.79293607429554,-336947.4544063134,-119302.36763049524,1227226.1924128407,-172875.039249723,-27731.999784537667,1251421.8372803929
615,44.5076906231366,65.05607408273112,26.812413277096024,1181154.7049505438,706081.096904509,257382.73883293892,-447672.93145183125,-485745.3958089327,105031.0943648409,-74849.92386831054,670369.6167398507,1549098.8478164512,-207574.7461892965,-55453.3940895535,1131049.0819651452
616,45.77795253409023,66.91318031570506,26.811861345658112,210699.17244289498,436614.58730699425,-646101.1458833312,-1389665.2568511132,-357465.888215811,-57328.300465447515,-1216763.286696115,-521211.90583800536,1739187.8064006784,-61209.54176778334,9427.809709439554,1844858.711381942
617,46.21296111053592,64.03560125920397,7.395902007221986,-512508.65515700483,161347.71123157968,-30032.487169657907,-199593.55072075463,324052.1479748425,440489.91877558973,-884961.8191613264,82607.8854219367,421160.5026443068,-563488.4822176379,-1604.8252671782293,625286.8892278762
618,47.36771844515385,65.66825571292658,7.395604787234338,-491830.0118197428,173925.0026805303,-1875762.856559235,-142126.89667820514,437757.3975765299,356116.93001416954,-2056477.6487237322,-407286.55145894655,270096.33448423224,-1814253.9544719988,-31440.06522306047,52864.26141018547
619,46.21387278923744,64.03673014760975,13.854217540110206,-399778.37180038233,202247.7567646951,-696987.3492871572,-287101.25016774936,43524.63459482352,269517.5043555076,-889365.9713665954,-326192.72799747315,321040.73504122416,-568223.7688545047,-99344.21233251248,275091.49551983335
620,47.3685969654106,65.66940210676756,13.85371992173172,-6941.783255122777,437205.6987478029,-873131.336560998,-406597.7319149898,225571.7366093188,133758.76991827815,-957463.0299275548,-174331.1063382249,688926.7151974618,-679466.561929462,40058.86010829435,636300.0964520152
621,46.21492552406447,64.0380507979539,20.31246071670457,73664.0673896075,311351.8510872923,-614575.8898876832,-431315.028674829,-97789.13820905286,125123.74034766381,-637293.724977895,-250724.05771579852,658457.8112829099,-462681.47140068165,-112145.31660598001,661790.6192784472
622,47.369615936331016,65.67073811700598,20.311946315015145,577042.424591818,553083.0157945647,-328046.5371734594,-660817.0112233704,81884.66437751333,-2927.195947953956,-343150.76375205704,-83034.06230540822,1228263.7292703886,-172482.80065345997,-33746.20447779432,1257790.1725077834
623,46.14376893458717,63.93729725517581,26.770736817090974,1200906.7194853025,738291.739479214,265032.8954880702,-431418.2388371333,-504658.54763914,91134.86284385825,-76887.28623607689,723398.4908014049,1557720.1498872584,-205040.3352587675,-56019.72060426069,1156533.0958447983
624,47.442766349976914,65.77408146069588,26.77017375387605,224175.51148094467,431748.9396871129,-647021.2006970185,-1338028.0750017862,-278609.4589373981,-43118.85181607968,-1119751.151038547,-554629.5483452542,1683283.9498548403,-67842.73167668951,8110.8863540218845,1863303.5618452453
625,47.66415139534847,62.97488246555894,7.250068806424924,-120807.97541805413,-98205.10029649676,182631.98034396075,-158335.31057918724,-80409.46006491127,413997.33385673264,-432821.32784447796,-116053.33687628107,512493.5693501689,-562985.2635145015,-9490.456043494445,587947.4197384435
626,48.87428714401969,64.56678941336594,7.249766295112219,-126450.19392578289,-19068.224216348084,-1682835.0790590798,-69955.46818779178,85239.80247536502,321622.3872219757,-1752138.3479171586,-95531.82968246021,19316.68039840829,-1838337.8564141123,-27307.272805946963,49644.23707074169
627,47.665094232090404,62.976027384985265,13.75004960968164,-81803.78224448461,10316.245625212177,-448026.55591934914,-291593.08567166585,-634821.0837497074,235416.5927145045,-894663.5928335525,-272656.2660903661,647805.7663852969,-572250.5998045825,-80779.1728547768,227704.81740604393
628,48.875203637433266,64.56794804828681,13.749543026362456,241098.81210186286,263711.1588685187,-650415.1414031801,-392998.0766276886,-386094.54716167354,129631.33878468708,-791860.8954929165,-98468.33226431602,744724.0573244339,-689885.0674862077,44300.48978615094,642915.7194450395
629,47.66618795430259,62.97736568756278,20.249957797657924,119916.33671604996,256760.2141042496,-480543.6000571587,-520872.7001666477,-805164.9482451717,98361.90807268913,-1036022.0352241449,-109238.86681901869,1041393.8528063041,-464311.35690475395,-113609.50834863305,647800.161122075
630,48.8762691970497,64.56929875191155,20.249434413239843,531482.5851691504,486874.3720753839,-215533.37384309436,-743203.0779494148,-561280.620998209,8144.1361651703955,-664377.6022996159,107843.48153081468,1359357.704170241,-168970.04903865085,-32853.795602024475,1275537.2024039128
631,47.59161135193733,62.879173262000705,26.749899610258925,1020807.580634846,836808.3601107302,299850.25965721346,-576796.5067772542,-1276545.2187207555,51658.58117407412,-796551.7807913836,858760.7800398436,2095257.2011543298,-207869.1723845946,-56474.07325005414,1157808.4564052196
632,48.95292693744121,64.67010754147644,26.74932742216101,-109062.2486602315,489967.4986898584,-657778.2048792306,-1480297.628573633,-976680.1626404856,-39667.12449752243,-1762885.9936615466,-433060.6275516102,1919073.6663635527,-67014.34918898126,11415.287744017447,1891112.763257076
633,48.95668609038905,61.953069214711114,7.250071970967971,-108261.18891897975,-106549.4278842989,199593.57685656106,-117554.4830896889,12162.741508741365,403388.03259554825,-420723.2673044105,-77481.54772154527,482987.7750792382,-560556.8079201791,-9818.194173001595,593760.2391407494
634,50.19668606396546,63.522273587441916,7.249763687077425,-128944.21561021924,-30718.65682489361,-1693632.5720173651,-39245.51101090601,57508.503885351354,342334.2293963803,-1767635.646499135,-73138.98909500553,-12520.808858337818,-1854304.9899605967,-47954.99963595885,51435.01577067135
635,48.95765407251528,61.95422279567249,13.750053951187052,-55046.2592086496,-22437.49863524492,-452719.563423158,-226716.80792088507,-491224.7657959417,220685.13526397353,-779643.4533067611,-230486.1079038438,479926.2399435521,-571584.9345939865,-70628.24497913274,187858.5953939091
636,50.19763381837572,63.52343680842266,13.749539856657869,252575.30377910304,263344.69925623084,-646310.7541897413,-363468.8170691479,-423743.9670589144,140340.03910938156,-813122.6031722638,-58234.037312302666,740965.8893301588,-687352.4596629122,48006.97820742948,647127.0831045324
637,48.9587777231729,61.95556565120455,20.249961398725134,167895.97349444966,213405.45143901045,-484165.02981888654,-438513.1045470172,-661772.3252769208,89373.87602642989,-906933.438964868,-66367.89845346879,870437.7325329105,-468188.423168676,-112883.82248142116,620897.1014381029
638,50.19873406582626,63.524789041164766,20.249431404018907,541730.541246617,491259.229954903,-212817.34016577184,-710059.7035809265,-594731.0837612898,12459.367348741791,-673310.3292645467,143584.34652990956,1349898.413770385,-166841.11729691207,-29962.63690332815,1284136.5092503529
639,48.88236440525413,61.85879370699759,26.749902923772083,1118084.0007638922,762596.5114553185,305848.2726142696,-441094.56904395344,-1114109.0754420743,48826.688784305,-637312.7880799214,960049.551301081,1863792.0216123217,-213858.69367105726,-58001.335855718986,1130740.5935880016
640,50.27729252167887,63.62417797387378,26.749323839933766,-109404.44936548904,474947.04521073436,-666867.9155243711,-1415313.3566912976,-1037800.0196846907,-17658.089681432113,-1757401.9035892158,-432698.7711737277,1888775.3550838178,-63887.70408248742,14236.166775722833,1908118.7306552082
641,50.240240330058946,60.94002686542905,7.250069573710427,-98669.46689751587,-120310.51420437428,178658.22574534712,-98666.14734758239,10604.327275820535,394761.5714762486,-405027.0361914639,-97777.23265887315,462482.513493794,-575920.0456228612,6428.657895838748,586848.9714269183
642,51.52804750580583,62.468964432800405,7.249758384284607,-113679.5882578867,-58798.13842514437,-1738016.4925153202,-16725.09547579241,181616.56385324764,356144.4167272758,-1831196.0945342788,-60441.687225028945,-18856.437439043973,-1896683.5357738007,-50461.4353892834,55202.05153227541
643,50.24122934350012,60.94118400612732,13.750049385473133,-36998.51747994787,-35442.802864789366,-455003.551909433,-201304.95912064493,-516895.8692732688,205559.21935911523,-807883.4004598875,-189609.5398506656,470048.0680563827,-565218.3511709165,-59447.047250588344,200579.55635012215
644,51.529022585510056,62.47012627595742,13.74953005384286,290021.9004672783,249298.11892739573,-648309.6353010783,-326184.3639174704,-214981.95152923747,143701.88784828965,-702438.0777212139,-52263.784119762415,645712.2459345721,-693293.347124892,49341.85926297852,650539.9071184637
645,50.24237991745313,60.94252770330636,20.24995650501781,189410.75649736973,195584.67453587416,-483727.1344931956,-408038.4775852503,-696659.0553118872,79668.79776291615,-940502.3418220873,-18227.931136168478,859998.5694983039,-457431.78300676186,-115752.20380213737,652374.9219417811
646,51.53015463301409,62.47147585465686,20.249421245658688,605541.6598016388,482331.7262388471,-199044.20119776775,-659705.9867768191,-376873.9706584979,10722.947449556268,-457530.94927175133,90948.26797862847,1255411.8661358412,-163517.4841966569,-32577.585388950854,1289636.288041945
647,50.16300621650426,60.8482710839402,26.74989809277431,1173259.1314081624,726812.2227580198,310641.81289274874,-377001.9924585617,-1177615.5849936823,44938.18765168709,-700711.0634454468,1047082.3126338266,1864341.917870551,-205176.92712399593,-58424.23048331076,1181124.2074646621
648,51.61173336831355,62.56834372986409,26.7493136453461,-28942.263210080186,434761.94057986536,-662053.3235615827,-1315148.916330424,-797550.4387908756,-1198.2687339511597,-1500792.2488594567,-457706.66885719413,1702265.2715248533,-65159.04425123931,14225.923707381064,1922372.230815469
649,52.06300955180873,59.30371855092235,7.395909485082593,293320.41938417236,-131958.94928096826,424108.577966915,-72030.66544777868,1083126.1450446227,392587.00206263264,-1040125.4706081355,290721.53745569516,1334873.9812225592,-561265.6326540485,46615.46599840101,645786.2142378518
650,53.42155610355579,60.771156929011184,7.395594610859213,298182.03225225175,-248207.7738510252,-1560227.9409084925,-46392.970633084646,1107593.8485962043,361520.1761794603,-2236459.7250717194,224146.7352287169,502059.30733573646,-1896668.4745896375,-97636.09313198994,64328.813243148696
651,52.064020027106686,59.30486810167948,13.8542291314299,522466.6433042003,-59310.11234479482,-193140.8624203103,-197475.60637852197,1228416.2452261916,223367.19705251223,-1402584.949677167,568397.8052216311,1104202.8129946315,-545956.2140852786,-49012.885023855546,217974.30314518284
652,53.42256220611097,60.77230361025637,13.853704485401874,953612.4247482321,225106.88557598786,-370227.17118635424,-381702.90500714787,1277894.932749128,183087.9407459198,-1445408.5698634917,912072.1218128444,1341828.5871885126,-690344.4097861056,47231.3787499358,609079.107256041
653,52.06519773753476,59.306195928824856,20.312471290321486,865876.7791081913,255980.55391781396,-251058.96736035822,-443819.589586772,1087439.0105726856,116905.74181246992,-1181184.3251222793,739530.9478835195,1312451.7429044072,-451087.2327075568,-111917.15489572761,665667.9420755683
654,53.42372908170229,60.7736316740591,20.311931064549817,1439131.0074727088,651695.4878919756,86901.78600983389,-768267.8588376674,1149101.6703100656,71455.44754119865,-938850.246023022,1011965.9125247186,2104612.614872822,-170441.58328158536,-35568.41341468912,1255955.5154332293
655,51.981430967504394,59.2157651041258,26.770746551187855,1919609.6653661272,858092.9083355248,519916.9533938947,-374010.4928912435,805824.9170638779,59130.82127462681,-172980.17530002404,1400222.8029648748,2070376.899430696,-206001.50174963483,-56161.792986248525,1180131.9909701392
656,53.50976541398094,60.866631834971535,26.770156784379573,856522.324820197,720739.7104674572,-404970.4584427497,-1410808.941417024,861682.225616605,46785.83975007139,-1219445.9614615869,68930.7273274923,2322806.8109789984,-70317.08543595586,6802.033934275773,1894025.9073456298
657,54.46034902750454,57.01339339528121,7.687585811891462,211215.33048073872,-55593.150287307915,496630.1700505925,-180260.34550269353,1141095.9628270313,321233.8494446581,-1046209.4539761276,286659.3433964783,1411802.4608236721,-535533.6331456511,72195.899341367,718844.6538909657
658,55.841841264026286,58.459587590103595,7.687269338569888,192543.42820245354,-206808.01551972126,-1523418.8958905493,-127521.92607174364,1094853.9832995702,369405.0631151652,-2204311.2675005016,227678.74643102218,438949.0378616609,-1857594.4158451194,-110647.00920579823,73241.75015811357
659,54.46137141272278,57.01451459814848,14.062581289538338,274964.48268004885,62780.66973608581,-206360.79451702317,-379258.1929417636,1308468.9239685629,111879.83585630596,-1453529.9083817413,297333.18623245065,1287581.0800484016,-532674.0513756273,-56457.28331475123,231903.7380491445
660,55.84287208335135,58.46069453271653,14.062054749692342,702971.0958636889,345312.28411957354,-384200.8086328126,-556091.8403627186,1275055.4471995134,146167.76615238225,-1442741.6053096505,621613.0091318608,1485211.1675282393,-676838.2029289217,54710.22499315253,607662.7633527977
661,54.4625691450206,57.015803058403584,20.437493025983194,509442.0771056607,409498.92923708004,-299312.20627338096,-673115.6663672279,1170085.7514500988,6611.131707510158,-1266797.3536949195,319839.5155640197,1566586.6382002602,-456123.29978398187,-111399.91928247813,645975.5118681827
662,55.84406917202553,58.46197430740578,20.4369506460906,1097489.2248663034,832078.8980363712,48806.54956091114,-1012049.3730144963,1160572.905369682,13793.412125038618,-982166.0609560575,675628.7064804595,2284912.026939184,-168037.4798060204,-22420.522239238286,1274806.727061476
663,54.37739087509508,56.92666008240395,26.81243585225524,1595954.839181703,1039050.6493647976,492523.3176724398,-578021.9501632933,896030.9410886375,-31176.300028949205,-230613.30448734987,1202919.2030347558,2155222.9076715354,-214153.19569775945,-56958.464001802844,1141718.250399407
664,55.93157286010949,58.55359697516079,26.811843493781133,499303.27042332833,934951.358430431,-442628.9303290718,-1630506.81336977,854099.93090615,25272.482197528534,-1349787.8096339281,-158518.23569321682,2499931.743851832,-54955.377372208335,17645.289534735184,1932120.5973370753
665,56.86020304404041,54.721173207997836,7.979243970173565,127455.3261944383,18560.768845249142,433361.2427016353,-284654.1352141575,1145701.4539226731,243378.27420985242,-1056785.9337790003,245864.3436555838,1390298.9278647392,-536927.4471329686,90938.70293138901,693155.6361517673
666,58.25956852868717,56.14986217465308,7.978934339211095,87599.22488593131,-149225.01148254232,-1591419.7648624906,-219569.33629422405,1059401.5040818106,355625.47528305626,-2226994.813075743,159759.73535631475,414189.52626032766,-1894696.1431515974,-112576.53779645106,60426.89939824929
667,56.861216207037046,54.722242004232264,14.270900695488821,114685.79344186786,224239.8603174098,-220639.77998940955,-577344.5622893416,1341183.0481914764,305.43880155578955,-1450952.2025237016,63578.29521286151,1505659.7810807081,-529915.7315687167,-62952.25515322101,334629.87072899827
668,58.26060013911475,56.15090586267929,14.27038150904639,425336.05749581277,435382.6188838589,-461682.89178030496,-699391.8676086806,1275683.1485129097,105916.58749395791,-1496922.337170193,315134.5291510809,1580823.5926184782,-717730.6717371206,46076.48240154767,563244.6711069519
669,56.86241608444051,54.72347345840319,20.562480232947504,256114.98494455652,616697.1681841678,-309221.9604672269,-933508.4502683519,1209334.1194839336,-110194.75798612442,-1289725.6394284216,-35861.26292607056,1889177.0950159903,-437651.92455261055,-108569.17623092413,738561.9351771167
670,58.26180893622931,56.15211858312459,20.56194239805396,695887.3156109153,958311.0394819549,-14611.507559832477,-1209087.4408426369,1181043.0387235135,-46507.54810948342,-1090192.6246958808,314580.0532029195,2415199.4190259986,-186194.73542562878,-32153.452698498884,1213392.9760686783
671,56.77612763023353,54.635369905037045,26.854091059996072,1352047.3764623636,1281350.3701840793,491610.64147288806,-832401.7031650144,937014.2122419592,-125954.80386837295,-227068.9754307686,896517.6939404489,2455559.66960965,-197760.31724088595,-55755.613261441904,1239356.83907901
672,58.350446907848806,56.242582164007764,26.853503429403833,56168.92927185842,1075909.3870976618,-501373.0133382704,-1790463.0683302162,865120.8363257176,1085.134679367264,-1579712.146900349,-374999.7424218206,2585417.192353419,-68692.37611889183,0.7271726767725042,1846734.362423469
673,58.47426054544388,53.101448154400195,8.270903447917224,417763.6102802547,-1093610.4232296543,390708.9860177681,-44556.457457063574,-379747.2515009785,239459.4099322887,-1185226.9635129895,204699.25495716327,695389.8816241942,-549202.2167704985,75961.47685427242,703716.9406079869
674,59.93418200034776,54.46699827302094,8.270600223465028,371765.1358644601,-857135.8480794376,-1575499.2304191203,130655.66235108509,-265835.0839238105,301042.6763042798,-1714395.3758580936,-770165.6541724453,423691.0873964414,-1923384.6467523396,-92758.29421877486,60066.09204526406
675,58.47525963462817,53.10247148660937,14.479222222699937,560238.7470735093,-1110016.8581278294,-203630.92243311228,2610.805645289869,-1246076.6516043588,-2687.760936136638,-1982754.2274034293,560113.3332621015,669231.8606538957,-534470.2793980256,-77469.50364360643,411321.7939997482
676,59.93520332693452,54.467989918990696,14.478711408734226,722560.6637990896,-654138.8762148982,-466153.258874606,-50526.68639605499,-988756.0421877244,84941.15902878699,-1553531.6924374485,403679.61380052066,752120.6073465137,-736382.099573019,43439.81808453075,563859.1238505298
677,58.47644806401144,53.103651527352284,20.68746899853462,652994.8510163489,-801526.0729536162,-379752.2323467355,-7014.611513269739,-1492665.8945187174,-113948.96041869803,-2100456.181822125,632059.6603737812,940113.0671643389,-429507.2809730274,-107260.0139414653,788347.5341275191
678,59.936406337027314,54.46914350980437,20.686937940092577,829958.9409397214,-315885.9379272098,-133778.3914591276,-250998.63839723257,-1191241.2090222987,-44843.62116564627,-1439907.4918729044,760527.0508712374,1059675.0525550507,-190045.56848066088,-27574.09292542306,1204248.0835152445
679,58.386366955021835,53.01944462485144,26.895747677421177,1553907.31264727,-380350.1525793296,248232.29804152923,356862.2319731942,-2032643.5417249594,-141234.41964832583,-2131618.5359423845,1375682.275030258,2177725.719021596,-187630.27163451086,-55858.61586594081,1295797.6166956588
680,60.02882758351265,54.555603215895104,26.895167048182447,-72401.38853289172,-427594.00142830546,-782931.9943130128,-573409.615846475,-1703057.6674895731,-3139.010931740397,-2383561.979083342,-146971.32810161632,1247605.922910748,-62983.85777704159,1607.5663735913563,1829429.3642315303
681,59.3328031996028,52.12266414912857,8.562572013824411,419452.50480757264,-978230.5277668347,407206.7016969558,-85641.22553804249,-163646.5108929956,247642.3882074985,-999614.877252307,168330.03697521435,679713.5190147861,-550468.639582301,96683.6198619548,754658.4277456058
682,60.83541644269235,53.4425714754429,8.562270788974743,360363.0796737203,-961741.0424065015,-1585634.4595223127,134888.35426621712,-270368.1046516798,311507.02459309314,-1741189.6809235292,-861105.8436784286,415283.1023468629,-1923793.4454427753,-122284.20655553779,66529.07656849973
683,59.33379077667452,52.123659445860184,14.687558927615045,553334.798483588,-996903.0536113861,-210755.61727775598,-51865.7592332373,-893305.4537925858,-4723.92011631152,-1580783.64427556,368926.50416572683,557533.2677042785,-536650.4060540772,-85353.34882671463,437515.39842181385
684,60.83642796345872,53.44353153186101,14.68705326258312,718994.7404254086,-760964.7852487618,-477674.54857232235,-46613.38642065721,-1018864.0156865434,87874.92910900193,-1648197.6062720187,381547.3330889763,747005.6797873677,-725244.7800127277,43302.20893783507,559814.7080905479
685,59.334961300140996,52.12480103629415,20.812473956098565,655088.7374102006,-680656.9289074792,-369568.0272813304,-69085.33776155568,-1126164.9679393612,-108881.46314259803,-1668546.438681135,592362.0875261038,681048.1323764222,-431119.35431141127,-106498.36800997193,794191.0235957928
686,60.83761598107248,53.44464240374221,20.811948675228685,823591.2707327856,-430248.73289865296,-158332.03191552925,-217339.97381200272,-1219752.0190720113,-38389.917181474295,-1536537.8528047549,760562.169264443,1010986.1894589157,-195105.15327533399,-25988.858282283392,1184902.1493573738
687,59.24219601139423,52.04340872325699,26.937420661718242,1574427.5600032269,-250383.97255219409,274205.5112092694,290742.00653260836,-1603180.424603253,-129336.21708820664,-1618580.6555262613,1320495.3951880322,1896334.358998532,-190987.76637743638,-58676.028080636024,1278326.7606003843
688,60.932692525317,53.528206794488675,26.93684582605952,-83124.42684068566,-592207.4222894636,-817089.313621073,-485502.1087403758,-1768198.8738873801,14234.817802865578,-2519587.868797945,-147582.2346619501,1174748.9407086738,-62326.495348592995,-1304.7007760220113,1795920.9141387802
689,60.200580926498155,51.135372935909025,8.85423682398327,432528.6902128745,-1022436.8012816572,389564.29989216296,-113628.69703646722,-145431.7791477726,250768.0923486997,-1042635.467594577,160094.94491801693,682196.7114999404,-562829.5219438196,132047.36931294957,784661.3651077303
690,61.72741152629094,52.4266451794161,8.853938383319543,358478.7366921012,-948404.6103908208,-1602829.0653384975,113433.054343262,-155088.2856013533,325168.55102971476,-1694787.5463935956,-914587.4727309413,416620.08008731896,-1935448.7722607432,-137562.77547580886,66938.28178593796
691,60.20155389943691,51.13633813252479,14.895889550814765,559818.265048821,-1052885.6434291068,-222108.25097829758,-56663.09823573455,-878371.8368939549,-12947.35404991683,-1610520.950980514,332502.70768566354,562842.6139362673,-532455.0962710526,-90642.4054765992,487138.97280789027
692,61.728410901801034,52.42757076966522,14.895390443098801,716008.0201239176,-694703.2003402564,-474744.95398620534,-75063.35000874441,-835054.2702008956,92880.28845348766,-1427000.3007895632,228345.35971603158,745214.806870987,-714125.4419991248,42891.88524059041,562510.405994546
693,60.20270399228255,51.13743918796172,20.937473080500695,667509.4484938667,-746926.2510227787,-375140.2872978134,-57502.270790835326,-1111739.7039452496,-110973.08525296411,-1693868.1875901525,548115.6989743132,691195.3987891129,-421615.7447072115,-103185.118924035,839213.5525340724
694,61.7295807909858,52.42863749968518,20.93695473995727,815875.4384556756,-357554.6203056122,-154919.88007472403,-239644.93319502778,-1024438.4747219594,-28410.07713173278,-1304001.4814464112,661172.082875274,946230.3366464768,-197985.71343444253,-27048.593564557606,1166562.3264947415
695,60.10840693130777,51.05779696931198,26.97908804033079,1584704.337943626,-368819.8240936054,255336.2063042732,333765.6086796738,-1605140.8952863703,-123723.98648154592,-1701758.3816914347,1279079.8082848128,1893899.2935609154,-182055.44432613917,-55388.970510207604,1315712.205399728
696,61.82615547034624,52.51036856830817,26.97852025674425,-79275.50414152874,-514797.3517327593,-803245.8294759213,-489884.5661863531,-1546907.7751991036,33883.69812219136,-2256279.0987890707,-172566.3987163099,1031526.8121551715,-62778.377118708086,-3794.0293772841096,1771383.0934045827
697,61.23226114772525,49.86781247393355,9.145903871724851,350827.7211700632,-342801.60700210097,438935.4228655975,-235843.1026459426,561919.8898819219,214375.7584225257,-725139.3383662594,419939.268497396,752161.6069024238,-561257.7422324345,150279.0675369802,819463.9792058661
698,62.79884694081279,51.110866853207526,9.145612401662211,247253.3799140121,-490549.2199950161,-1566825.9494349838,-41141.203975545446,418364.85477909876,338979.6559282672,-1765830.2255312544,-354438.56346968963,310146.9994849567,-1892280.6321437631,-134898.15383931246,63801.020986488875
699,61.23320873255516,49.868737141816126,15.10422649082135,408196.81238831073,-196184.96660944668,-168427.00230612262,-316937.58108638384,293825.92542552546,-41754.225093777895,-524588.353671761,-10812.148652177933,578985.3457966804,-531097.9204367218,-88339.1922156579,529408.7886579116
700,62.79982427423504,51.111745691214004,15.103738606441436,549466.1182527216,2360.885421168132,-448005.0929658983,-327306.0693806239,160557.8521445942,103579.83932632109,-540480.8412671186,-58780.59591818966,703083.3478932998,-706551.9591362162,42322.079610482855,547972.9480598536
701,61.23433240823977,49.86978962374314,21.062479650752998,506028.4212512401,192597.37554468864,-274424.4840726212,-463858.2141530561,108033.44288860969,-129253.51826550868,-300164.73084221745,-139364.4040253879,863730.4475909127,-418539.1717352025,-101148.28663264518,863527.5773829422
702,62.80097021570206,51.11275926313922,21.061971564863335,653983.2390173455,466980.0927112184,-78011.90819738194,-608735.8302228706,24544.753555234834,-16438.348417270437,-81097.35206150814,-52953.12671272084,1177001.9023054112,-203934.49707964354,-26955.36972107467,1140896.6846098532
703,61.13752793335546,49.79311437434351,27.020762631110518,1518319.4096889046,736820.1670050579,440896.0212342042,-201189.72864169392,-226862.10519343437,-150540.9400252495,275463.1986864218,845365.4283003322,1575206.9709414127,-179181.82766755647,-54725.310456125466,1322465.0884366222
704,62.90001019156535,51.19142445239419,27.020205317732724,-137243.80274035735,465059.8682534144,-634811.1878302328,-946554.6910470097,-383178.9325084638,40691.19056433498,-964282.5799975492,-560497.0902790885,1217784.547959462,-64199.07714094794,-7377.563693081776,1732348.369812016
705,62.4477196054659,48.295875997059966,9.437572166813325,336357.9545011029,-304417.5795079985,463978.8086106415,-254792.68021286972,598452.9812648383,179057.95871145616,-721935.9243308839,423778.7937578669,794076.314176763,-534595.954689508,147648.84614541664,837222.2086368089
706,64.02984567824835,49.51934394097549,9.437291928884328,262689.4744769904,-471422.65035334916,-1493995.899665359,-65650.46388790823,399663.16377097956,323380.97579613357,-1686604.0879842355,-336496.0738592881,320371.08630180627,-1803619.149734701,-107431.06368699326,57466.384308213375
707,62.44862919568776,48.29674728242967,15.312566376947935,371936.1392373731,-119241.51416487453,-148854.86873203542,-347768.89158615394,382882.4339967951,-60053.351931437945,-564301.6653315561,37956.6418215573,630184.779850462,-521341.5075654016,-95008.36824329603,571700.0597804352
708,64.03078889996816,49.5201640872777,15.312094355181205,520244.05321724486,20889.31660013795,-451333.0696859783,-328007.99685384217,168479.5138535963,101708.2953725634,-546547.0563007847,-46687.565512215726,683034.9219444052,-703815.56905566,39473.419995642675,533572.423618518
709,62.44971864158779,48.29774188294171,21.187490449137893,455633.94224014424,271096.40198921954,-266853.1159079722,-493934.4750482246,203462.2550488898,-145104.5850599725,-336098.27897130605,-119410.81983570327,915386.3271284007,-420165.77870919387,-101609.55370526794,874867.8734557381
710,64.03190411162957,49.521115028404196,21.186995941940857,620128.3058998543,497299.39803537633,-85112.49883164742,-602352.3525939576,34938.52901866628,-15874.470818671074,-91341.71695943171,-41523.13987514879,1165180.0619381636,-209286.66716366986,-21882.419752684127,1124360.9943839023
711,62.35191380584734,48.222235436305944,27.06244168932465,1461194.184528816,809827.5206797249,440433.1750976344,-226121.61823333352,-117736.01672900915,-157648.42796350503,361690.2817541117,805379.044167145,1544385.5543849184,-182633.60695383113,-55606.133082164306,1309977.222738645
712,64.13189042961692,49.59849533190669,27.061898408583737,-162514.8218237306,483912.40783515514,-629049.6132542705,-897729.5088098607,-381006.16832147463,52479.96489195472,-924009.0627136294,-563664.6998629934,1180021.735333777,-59830.25783961844,-6950.705277144855,1702450.63831225
713,63.66527807845947,46.72161258098649,9.729233801139218,311438.1833327927,-259694.01054421032,438470.99074209883,-259830.0291645905,596418.4657561065,149684.42966223852,-691345.6084333131,401104.3868174751,780456.3851465196,-510997.88516237965,130599.68403906954,833933.1662007462
714,65.25873678035013,47.93013841978878,9.728967062280967,243969.42690426295,-401572.663244786,-1466088.0793101925,-87633.43898831772,390586.8618681714,307894.88894734124,-1648106.5919832224,-273901.176703971,298316.4530364777,-1753330.0237528053,-78467.75574273827,49254.47066943216
715,63.666145615033074,46.72242604899516,15.520894403778028,363564.3165351629,-57083.0930564662,-132334.25503738626,-368101.49205192755,415433.5026689565,-78464.12508448458,-557085.0474769908,46447.86169114182,684784.1542271592,-510149.19013743,-95026.66841360419,637525.9683562092
716,65.25963955362988,47.93089776847419,15.520440698115195,469100.0232941154,61534.803259604756,-470542.40997867996,-333002.9465737586,204887.48460292083,103548.90800718614,-585000.3905476172,-10723.863534401817,655816.6706570591,-714128.9733748359,34647.8262732253,502481.1622294827
717,63.667195726382616,46.7233596511803,21.312488841979995,440771.1444052573,331238.0567584677,-249928.53996585676,-511514.54923713824,239858.79589329322,-162777.10959388898,-337126.4487010199,-106605.81774164285,965812.9276405311,-409910.9791752235,-98883.12307505382,925874.9158670658
718,65.2607185416235,47.93178284318732,21.312010086840985,551526.1019205027,541192.2070222227,-96713.76164950803,-604214.046796026,80466.02044241641,-14147.12173423996,-130737.13040817145,-27415.530330772017,1154157.208032161,-219569.4200133012,-23708.516199564012,1077142.0814069097
719,63.568648517518426,46.64872892730582,27.104108614389077,1431956.9397743426,851947.3935721254,440284.9763726095,-233949.007316451,-79742.6818798925,-166975.25615118703,381110.1996659736,812475.078965763,1530604.0310873403,-175042.0407397977,-53587.73014310495,1347272.556452501
720,65.36138232054526,48.00816623998017,27.103581844427858,-223824.06123750936,523952.48391722067,-622308.386193171,-864794.4297253885,-330197.24245149334,64795.954196078565,-872605.5985922177,-596900.3354750213,1147325.9705537795,-64472.189685771154,-15642.598806175387,1630376.6845244314
721,64.54346515098948,45.541399239655846,10.020896430706056,331749.0436839743,-1745401.5702514562,267810.33152766654,-126550.0493951399,-575912.8605873364,140198.39128749678,-1901858.4740484392,204726.95970631987,551289.3193023033,-507373.69741956616,117474.02187527633,862155.5828160102
722,66.17006670045151,46.704480256511815,10.020639489894533,356700.96181671566,-1477124.1464427747,-1528001.1830662615,133958.81251616037,-609543.0642144727,236312.91568039774,-2140433.3343274007,-895906.5858064573,387915.5524415375,-1730261.3336473121,-58313.56825378443,48120.6298905829
723,64.5443008736815,45.542169303481074,15.729223241356703,527632.0129548362,-2073584.9992635446,-321991.5435806326,71969.24904449149,-1591912.1433463064,-110757.67118076797,-3014718.7170447432,433714.98348798254,713059.2036674198,-497607.49720890395,-101284.95884174603,689546.9249633983
724,66.17093668842912,46.70519445005051,15.728783965160257,681382.1265958218,-1613263.889933262,-611429.1123686295,133836.3760211986,-1558577.4364664876,26240.6783896027,-2753891.0275527732,506274.0539293587,704306.0979173457,-711829.7236496592,28166.898353519333,493436.90555146727
725,64.54531576640919,45.54305388921741,21.437486837125302,699276.7621772231,-2078983.5543398468,-558117.5210076432,290354.87303696194,-1895295.132011469,-206711.37038162065,-3364560.33935078,379481.79295317334,1047254.2332273403,-401315.399573773,-96333.91523540093,960602.7723766628
726,66.17198162383914,46.70602624822964,21.43702154326062,814437.1002026701,-1565162.7952710907,-366625.7190923664,171796.73536262946,-1814042.583024713,-85385.48695977188,-2878518.083263935,699135.0012537686,1062031.667849379,-223245.0650007665,-22695.314448458044,1048314.2224629469
727,64.44466509174141,45.4712162578247,27.14577483637665,1558466.616579027,-2178378.825977873,-98555.2233023328,896434.0167066269,-2454786.3110583336,-208799.4452871029,-3879038.749680617,913707.6565422416,2246863.660437195,-166953.99789965551,-53399.644445359474,1371527.5431280548
728,66.2746861191677,46.77951773863363,27.145262215920827,-63910.69464741857,-2103725.593456362,-1069524.861028673,214856.69238296885,-2405443.951551236,-4960.596917160859,-4053771.0564100724,-77411.50138815305,894021.4086657722,-64789.160522207705,-16393.90269879208,1586870.092860836
729,65.09885342388384,44.73251713643201,10.312562951191278,333776.99759299034,-1577098.7113414395,283854.271343869,-156806.68552314435,-407595.51506129367,147972.772010997,-1670083.5688570188,178120.7699420244,532495.356510414,-502197.59932964883,123360.88882221968,896806.9111865036
730,66.74726633017315,45.865093266479775,10.312310386956625,335281.19521802844,-1556753.0588689374,-1532052.234943372,125805.84365958034,-601463.7696380542,241267.85041987052,-2172741.235595261,-948118.835973278,367335.9729742578,-1716870.0706011504,-66161.0129773344,52142.88747534024
731,65.09966753267119,44.733258993993566,15.93755690569378,518297.6681821231,-1868008.2435932076,-304921.6571922479,11504.551567056387,-1301432.2056554228,-104695.97796925766,-2605088.057763917,369076.2796236429,581379.5455369417,-498185.87146710424,-103753.1010536366,711966.0638218471
732,66.74811395060146,45.86577839234372,15.93712662109205,655312.5911642858,-1701331.048906817,-620880.0674551041,120208.51178771628,-1557564.3098761581,31098.16695222922,-2813573.779749115,476714.57652749965,669960.6780239809,-693993.7179959734,28390.36860352323,498543.0998886864
733,65.10065281877382,44.734107259976966,21.562489235263442,689767.3856668659,-1842063.0287661774,-521491.23414460773,203970.04394171954,-1583575.7642204794,-196059.57318725737,-2898538.7636883957,325231.84048935596,899520.0459551208,-400196.8861921133,-96511.92453360533,972562.3554364
734,66.74912971133419,45.866571656668036,21.562033702360157,780997.6604311839,-1682886.2057552948,-395241.78831778397,179024.58693725904,-1810440.3659645969,-76722.16791687797,-2963359.6835654723,660083.6287846107,1006145.7211389662,-223499.3812484036,-21641.1361820579,1034570.2847574851
735,64.99861040205089,44.66414026486939,27.187445489786317,1551467.6866072444,-1879332.8666062632,-43960.731132760295,773893.5896310708,-2085456.8857731218,-194745.17911418562,-3301492.661741254,864215.3968077537,2065451.3538017205,-167272.8139966732,-55766.93496651083,1364627.883143154
736,66.85316961471277,45.93811831768624,27.186943121011772,-99134.26059998258,-2286934.558986259,-1107275.705029245,260258.0530501207,-2425218.676457054,7539.971592199459,-4203701.947646124,-114659.736654638,825017.1596852766,-64674.33726763729,-16136.837803593819,1556786.9208300246
737,65.65819659796465,43.91877162749334,10.604227781639768,324339.2651914108,-1606621.2208539778,264859.6648133147,-180651.32764687028,-391531.59641794575,155678.41195420932,-1695942.7664696588,151514.6846339478,527005.790986458,-505936.4530999704,142572.97322758014,918685.5524038651
738,67.32050874314324,45.03056658637893,10.603979755805375,331576.3802735268,-1492604.5126623737,-1524037.450114933,101194.2601709616,-495476.70808803814,249256.1085396371,-2030498.7914285199,-1019771.3741096442,365204.58303438313,-1709304.1247748563,-70455.88793483775,51609.33514078717
739,65.65898823006654,43.919485202119745,16.145887756520466,499153.0340528308,-1910932.4426443414,-318175.41238442005,1443.0058319880654,-1274138.2778207797,-101686.84604530134,-2617841.5718623046,338284.7172658461,549602.0336205291,-492797.98701566097,-105443.69826390156,739427.4363760801
740,67.32133373220769,45.031222165136924,16.145466931068242,647523.4163272472,-1572572.4569446796,-602039.839091592,84253.66478638792,-1381015.147175827,38783.92066198045,-2553694.364143404,375426.38888701587,651179.0955473634,-678872.6491106936,28116.91967546151,501289.47841825476
741,65.6599431039606,43.92029679046091,21.687488715374933,669602.7193227495,-1906617.7908369591,-531927.8149342628,202509.2860859893,-1551652.8357385362,-189929.3107756097,-2917576.479853805,287965.8983176492,860667.6950876836,-392190.3271505408,-93708.74375648971,997420.0326359629
742,67.32231939512391,45.03197713719915,21.687043355792362,768972.4054634994,-1536926.6915704967,-376331.87925187964,136915.84901078718,-1617938.5015284368,-64776.36361835459,-2677107.7588030905,634606.4502395984,898215.1432046151,-223660.52251805904,-22591.209194922772,1016772.4976897184
743,65.5570027255667,43.85159243517245,27.229113257721764,1510324.954077423,-2004326.2548652745,-74913.31694827217,788009.7266940139,-2064021.2181620055,-184386.20808120008,-3384344.9219698673,808889.1580747203,2006541.1461590244,-160931.03957102046,-53745.824541271395,1376102.7538678402
744,67.42719907389794,45.102186944131304,27.228621606808694,-91740.99107099266,-2100049.7035677726,-1066562.9636541703,215154.2573922048,-2200740.4529041834,22864.30895201144,-3852794.394537887,-100034.28924088304,694475.0254858356,-65837.22438746583,-17183.285419925247,1527210.0247746333
745,66.2824685248967,42.959609119948524,10.895893233099809,351686.6317469088,-850659.598507494,351450.3870831008,-244248.9498269334,137692.3410761119,134519.2352570485,-918907.118794108,280005.04854236473,491379.49057425954,-505506.01098422444,153909.8760249624,938594.875665743
746,67.96875922486862,44.03481402072822,10.895652271903181,322746.81585161947,-943199.182816238,-1442290.4244592804,5388.527660871541,-60976.84202071675,252352.95953175388,-1484565.0729786558,-936302.9414582946,358125.2230130512,-1674976.0147818879,-65848.67615727379,50654.89603725811
747,66.28323170620132,42.960290346451096,16.354221024411455,510973.4122027744,-906214.1089975042,-192394.04509814864,-173096.11430420846,-377014.58139592304,-124489.56111880501,-1095480.4869835936,-33741.84596227758,541587.5910529933,-493419.43288429646,-102097.4584793121,765295.2180418946
748,67.9695556551437,44.03543493091011,16.353812678149804,626263.9020641032,-746422.2260229114,-503789.0435952979,-87207.23432091696,-610148.3759145286,35344.318883526146,-1248280.6669979284,-13660.055315431668,637993.3547592539,-666030.9227774697,28900.47889382195,497803.0674726886
749,66.28415183552482,42.96106186223217,21.81249090624601,686423.9103164236,-721186.4575590472,-335280.0658479707,-111369.80058434515,-596563.7292493476,-208430.8811336997,-1179574.6929881165,82196.07951957113,727336.0003779503,-388671.56961982587,-92541.51927026588,1012172.9391968221
750,67.97050659757079,44.03614766208618,21.812058132995574,756798.1913201365,-515557.9832139506,-219020.76444691635,-142356.8835490347,-787110.7737133496,-67108.54656705885,-1180242.4260669225,429171.36354771414,773290.5061784781,-223807.01302102752,-22881.10305631878,999690.8605085823
751,66.17967977795979,42.89460520391788,27.270783522650387,1595028.3672559008,-529272.410900152,218624.36672114985,319422.9743654147,-974731.0396015556,-205278.60708266194,-1207194.303480585,746140.8732390112,1745433.7533184723,-157345.72881040507,-53548.38822270821,1375808.1430883706
752,68.07685213765674,44.104028707797575,27.27030513649389,-15395.263358709897,-824948.1103109665,-805256.2849624088,-173656.17674599998,-1265937.172259655,17486.087857248287,-2087040.728613861,-45886.18049401668,487327.25047579256,-66964.8617336706,-17908.54912432472,1493757.6725306874
753,66.98365894138836,41.836734678364834,11.187559329274151,338933.16691463906,-777390.0183157795,359069.37419098825,-259879.42202811624,196720.13978320739,128071.65022644184,-874250.9325282726,316191.1948861573,478672.26043196325,-496546.77335610776,156327.93069084806,951682.2954570319
754,68.68002911536237,42.89613033915767,11.187327814133438,318896.29447759537,-930201.2290948399,-1396693.567768481,-12227.559296546544,-48149.40618918669,250089.09284361804,-1436575.7019677376,-926310.8091020266,354888.0086840389,-1618515.0305445115,-47891.13217089503,48846.59863281446
755,66.98438689116885,41.83737845596532,16.562555334648167,488653.30160351924,-804346.7323573569,-178498.68927272968,-193212.83492870827,-266467.9221800959,-121516.47994650944,-937456.2835122442,-83946.77088251623,527210.9343681926,-487365.66417447146,-104783.02201970264,793425.4899561761
756,68.68079089882542,42.89671206755104,16.56216215582561,607223.0059873206,-737511.3824310051,-502539.0393724649,-87547.56691162655,-579549.592049563,41188.12286655011,-1212322.6169906296,-40428.38863237089,619923.5898068509,-656034.7354928596,26340.126232550338,493237.54718367406
757,66.98526708503907,41.83810600750318,21.9374948775853,658865.7091085904,-621574.4478159293,-317827.57086438104,-133775.81145418735,-478747.3167617511,-203891.1057734803,-1003467.6850484288,21948.3921860585,700982.9832906509,-386316.92667297437,-92958.37457369118,1020449.7641216334
758,68.68170269144632,42.89737895159932,21.93707679093865,737754.7048346221,-516227.9316552917,-224799.46959880757,-132341.1032079011,-756558.6503242976,-58658.51029624626,-1151268.6514406581,395653.95754622115,752341.9974749597,-223829.9843305845,-21353.98969503528,985586.5593614667
759,66.88012749495216,41.77259452902467,27.31245584758346,1550107.281246509,-423920.22885753465,228040.83114654472,286110.7726244545,-837817.9984947728,-195661.05271029833,-1003272.0296128294,682136.8679680157,1675363.0451803328,-157075.89157767463,-54364.37041825935,1364331.732549791
760,68.78864168165362,42.964227023351164,27.31199293952839,-18991.768693240097,-850349.6754061312,-801282.0962333794,-133151.56333775126,-1235913.8732673025,29224.55326663229,-2064702.3616116205,-44824.58594305516,438903.4072219248,-66446.70868834223,-17757.511066202922,1458968.8307250552
761,67.6849978950269,40.71395231708004,11.479222792938323,323560.611905134,-743703.7152758425,339604.58162259747,-264397.0659815757,219522.088052531,123043.82448903756,-854725.0926316599,318713.3648394573,455473.2060440913,-488181.0473829205,150591.4077230043,957644.3188057916
762,69.39114975701818,41.75735287002466,11.479001509484398,306502.69746701466,-854989.9322271398,-1363224.719944037,-28126.360330606472,-12247.690881128736,248641.1245751009,-1399583.1494653777,-855601.4697805559,343472.664541772,-1576742.5568744275,-33328.08161815007,47460.79299781969
763,67.68568942991253,40.714557744255885,16.770885006538165,474171.63507627754,-768794.0486912305,-174707.94727281277,-201920.43580303263,-217889.5766409838,-120371.51354360812,-879109.1267719334,-107430.79167737778,517209.5575615461,-480367.5300215681,-103154.98530134122,829104.1411923565
764,69.39187514139894,41.75789502166519,16.77050788296687,579712.8774751956,-658352.3909721687,-499048.49800648313,-101309.61116595707,-494505.1076129321,49413.33286466395,-1080811.1640338216,-93624.09930306616,596747.2518334313,-649937.3037479764,24848.535878253377,479436.99752476864
765,67.68652831936375,40.71524121299712,22.062494014392374,641717.0321843813,-599971.8373541032,-308563.90186266915,-135180.11284582622,-430491.3191234696,-200448.17066179932,-941359.6917257565,-9766.690868185726,684307.6755615508,-376526.8658223749,-90565.41206454832,1043043.5394379006
766,69.3927462467405,41.75851581846555,22.062091366067595,702263.7607056326,-432019.4231539981,-220564.75011378396,-144438.7026421043,-663612.5406738749,-48804.20861760494,-1009992.6943958153,337251.0261259904,722421.2557076755,-226653.51312177896,-22074.39145278014,956497.9589520767
767,67.58073882816362,40.650686546464165,27.35412345641725,1508806.8308908716,-432100.8202919497,217153.2453823807,286738.6670952069,-788779.4493117906,-187009.91198373828,-967883.8135901125,633601.8137480419,1628141.2558233733,-150549.7627990759,-52521.71545787541,1371723.1918227938
768,69.50025843078518,41.82431977075903,27.353676778927927,-34928.27412438611,-752899.7189889097,-774978.4106847335,-132340.43617273754,-1124739.0402204196,42249.77797183009,-1890885.2886824878,-68423.82634122587,396502.71122568357,-69784.52605508552,-20602.846287755645,1406288.313451206
769,68.27298620252498,39.73212741837397,11.770886698064867,255954.73685921985,-1428948.653657651,227180.5163855179,-261426.32955051237,-171504.30922344548,115249.06790611453,-1482234.5301980772,126427.8871428723,409993.2426422903,-487596.3999578794,146692.45029601475,976431.7697013568
770,70.00149308309484,40.737925029860534,11.770674396113456,290910.31851107586,-1378932.2416863479,-1400393.8637502296,11729.427101812827,-349223.33784650534,217937.96395822422,-1752502.959233616,-1055094.8270082488,319181.9993163643,-1541704.3720144522,-20934.096442246868,46102.48201942547
771,68.27364546635896,39.732699808267164,16.979215700979232,441019.64206462994,-1736236.6379410194,-305045.1321178198,-89476.7934492415,-887582.7984750804,-142743.34614870863,-2168535.257055012,96485.090093763,471788.0389670397,-472279.98206561746,-103835.7640374238,856493.5552886935
772,70.00218522577497,40.73843277529909,16.978853170261516,583711.252128985,-1476526.8525314303,-597682.4918800443,23168.492448780664,-1097820.9370162645,8513.977310094502,-2219807.9098772015,145313.48015082366,583996.3374438877,-637374.8610482084,22092.04527533449,476830.26921877917
773,68.27444588482729,39.733344382223336,22.187493751076943,639813.8148267249,-1814495.9269134132,-498160.66441658756,120849.50543417557,-1155872.6374261964,-225673.12444836268,-2486476.69563507,60765.06251256796,752868.8566192263,-367295.96921876643,-88777.72128815774,1057957.7278330144
774,70.00301751071751,40.739012574197695,22.187105444582542,724494.5488759868,-1507763.4308793335,-392474.7831315142,106671.19036242283,-1322368.2059434974,-88452.81823151895,-2385773.2274864987,426128.87010161905,783900.6922500181,-227763.08388231334,-22341.059649414852,933501.6687681777
775,68.16722337757922,39.67110204925856,27.395791414697765,1435028.6535110706,-1989449.1003493816,-92431.06352419942,668799.3441828036,-1598995.7006399678,-209741.8759945445,-2952867.5492201205,543245.9150832726,1762770.1237743383,-143835.71636685275,-52534.046512073415,1373406.678127144
776,70.11189023424666,40.80242682768528,27.395359746849593,-38427.203849749756,-2119111.6407459634,-1023836.7519078073,248663.19437768968,-1848138.1568185384,2541.5064541399124,-3510670.4380070157,-76430.36777791158,405725.2092814075,-71992.52309916192,-20826.09874730188,1363624.8016334004
777,68.75880197106375,38.87245793897366,12.062552114586257,250112.21701790177,-1288562.591523124,234216.51518448134,-278420.7958888691,-69626.37078554761,117820.51055729738,-1338880.7246304532,135457.76828363986,399189.0970260722,-483864.0867669727,148203.51388050837,995951.6273109925
778,70.49988156590472,39.85664807265096,12.062346783203958,274882.694132712,-1387727.3283290647,-1378801.494412774,-5717.278569366061,-330218.7451542587,221132.13104352338,-1725174.897757612,-1071867.137074333,305395.90622281714,-1508171.7715526659,-12300.653223702593,46254.55156977977
779,68.75943240074469,38.87300235773564,17.187548063758463,426171.7401689664,-1565467.649869952,-284742.2938811388,-120309.02372937858,-711880.421490875,-139958.87582822354,-1894634.1247685808,17704.616476148873,452891.3047103062,-469071.4164669509,-105904.88182487123,872526.7438827669
780,70.50054452354335,39.85712683688533,17.187197933145658,560065.4902430256,-1487286.3863282118,-595934.9089206846,8351.684051853828,-1064119.286500042,10833.334496276573,-2195351.1941724583,112025.92822909793,560169.4609374906,-617754.0801940744,21282.855085322073,486747.4775530635
781,68.76019716330043,38.87361282068479,22.312495311192162,619959.9282108499,-1609841.179776386,-460872.8256388315,69931.08698928129,-968936.035696737,-215759.7242288305,-2162565.464879596,10308.460053548135,701502.9276216814,-361073.1226326174,-88562.96882116434,1065357.8757357853
782,70.50134089702568,39.85767162939801,22.31211955223373,692218.4177648445,-1539135.8255047225,-405880.02361287706,105998.27399890905,-1284847.3991742278,-81031.07467618017,-2377399.0521277306,381024.25141242676,743577.3693625489,-227147.74936703715,-21380.39513539466,920638.0345792919
783,68.65215549998567,38.81268762266955,27.43746135471909,1403873.612217473,-1728534.0758313169,-49061.66936069407,585667.1809202933,-1378048.3230861048,-196460.90140248465,-2546734.5287951306,505347.7650653736,1667664.6307552198,-141207.9648301051,-53194.22213687726,1366643.4815814653
784,70.61096555674479,39.91970160670201,27.437042764394178,-61885.36542632844,-2183845.408344644,-1033086.0837292688,268674.9782130917,-1816707.6032006047,11975.05515414689,-3528590.5377804544,-102758.84528372886,352532.5255639405,-72017.97909246563,-19341.70322720385,1332683.090889683
785,69.24342879512756,38.01570325843038,12.354216022173132,228455.73767200316,-1301135.9689552926,206770.58003224415,-303281.57209618035,-43961.7878673115,117087.14339004738,-1359363.7748881322,117254.96476333073,376199.15887375595,-485406.22769014776,154924.18002823833,999815.8677808444
786,70.99945854800285,38.97245368086889,12.354017868093768,265892.80668341846,-1274078.678069168,-1346914.0033908812,-41517.30136444101,-236786.8118846528,222316.14423284773,-1561448.7754840506,-1093073.271396747,299422.17210416624,-1475227.9403765358,-6279.389497192717,39975.04261200044
787,69.24402935244558,38.01621959615369,17.395878062260056,393382.58747140167,-1584295.7426023737,-294323.7812493257,-133839.57815597017,-666447.3084328602,-137595.66811484244,-1880540.7027547178,-24607.774370320953,419911.54074474005,-458896.20868419897,-106453.77878524666,885745.3370568871
788,71.00009122477938,38.97290271875071,17.395540857678622,538934.4892462002,-1302246.0695646992,-571004.3659834898,-34485.08224810248,-893017.0748984433,15373.247506923712,-1901755.577967306,26345.422545895508,541094.2091194215,-599952.8073861323,19441.60256251646,492634.9738208613
789,69.24475845452105,38.01679615302671,22.437494467896965,580350.7602195614,-1632748.0562133086,-464163.2685945045,54909.33098301835,-922269.6714832331,-206505.51367664893,-2141213.1755472366,-27315.617752440856,651968.2287114259,-347957.8225009866,-85898.2626537565,1077248.481928679
790,71.00085113148651,38.97341312144467,22.437131606659175,660477.4209097676,-1319018.8157776278,-378280.4091815692,50116.762921676906,-1096616.4744756515,-69633.0887207186,-2041891.3458657537,322825.60901512695,682243.9328011981,-229127.27387004066,-22720.577230733095,896208.9357528803
791,69.1357491904549,37.957553337862045,27.47912891648903,1333358.3255883674,-1795795.616424665,-75755.27529129246,570825.895628212,-1338842.243647688,-183777.80519566912,-2571366.0452306354,453614.83889971406,1579558.6402033311,-133760.78119420254,-52045.10252848078,1364499.0040250728
792,71.11137612767637,39.033695150461554,27.47872373264998,-68137.56313109468,-1886395.3409032463,-969741.0311158171,194381.02407625588,-1593077.6332054408,24209.372211753565,-3095304.726291657,-88443.66002037097,259474.45116187094,-75610.21142313382,-20289.051439196937,1291621.8659296064
793,69.8509965380786,36.85761339329052,12.645880055081854,228608.6828596507,-269291.3713306391,324966.4905245054,-334823.24922852655,504200.3633462433,77797.02729004169,-678013.791146717,319244.58611387253,643053.0070863611,-473176.27724272764,143411.08136664904,987489.566299838
794,71.6305318328374,37.77024143490572,12.645694192061447,220372.4726104783,-477998.2030333461,-1198023.3735756755,-138845.4185033385,191028.1316735587,222775.8924654548,-1287140.443647489,-439343.0498141359,270834.38946308166,-1389718.4445790516,16258.410792549297,40891.77617489232
795,69.85155416920048,36.858093522258145,17.604210639036367,313953.60017007386,-142785.04586847167,-103864.39394249165,-325692.70349624055,282703.8228489389,-151526.16338087365,-438664.0226629737,-84083.37378655963,590051.5568086437,-451202.67632728163,-104790.41798618263,898633.1372079463
796,71.63112090368902,37.77065198764822,17.60389244924289,407275.1093327992,-118552.4160361262,-437385.5481811658,-233374.15646822142,-84065.69158979174,32365.895952074952,-459043.78363542503,-189411.21096021877,499792.139711151,-584073.7342777916,15990.404495650166,495363.74674388644
797,69.85223858228758,36.858629762439996,22.562497244501966,450982.9859684821,131069.55451354942,-184548.26788118933,-341716.29261409404,107754.68332851958,-205303.00100682705,-245316.40754061655,-84110.57738797457,726931.2575294334,-338298.9016019551,-85300.33377408807,1078341.3983203615
798,71.6318347199571,37.77112162271125,22.562151976931666,483632.5636335563,175964.09285977657,-170917.90677632202,-307306.0736740857,-201706.20375925503,-45531.095240142466,-306284.3117087,115812.81777474152,679150.2436509696,-231812.22654179315,-22384.626714267946,874997.7814453116
799,69.74172000611941,36.802106352065074,27.520800072344596,1273924.4241595217,455988.7839152821,338028.6043257517,-46119.68662402433,-144075.72087640018,-186584.98454547077,210286.25941308078,547509.176242616,1310146.3767448587,-128369.82422946353,-52488.07692825308,1352604.37772801
800,71.74378710754101,37.828606992276015,27.520413056089975,-139506.63451869675,26946.067170636845,-607569.7492299643,-326588.88450206607,-566808.3817259065,40432.44393770527,-962390.5010074321,-261572.37973738482,503832.56416679255,-76658.25170594992,-20172.968212531247,1250094.4828555959
801,70.59325763891252,35.37612668390905,12.937544273233968,191261.97730973468,-223529.94894722162,318202.0524929233,-320614.9157990285,503391.6940375787,38571.147812558585,-631841.8718092911,255432.16019525746,662343.7924694701,-431297.2342700861,106824.15624996448,952185.4316761568
802,72.38134764215494,36.27207220014177,12.937375257649027,213706.36590156984,-401155.2663698191,-1089399.043852677,-156593.25461106663,172371.46956024456,185659.92518670074,-1164603.1475789254,-378761.71263571363,266516.9158937125,-1252678.5443701823,12143.810513665994,88216.40957609264
803,70.59375897187425,35.37656137662041,17.812544021583697,265721.7569661121,-47786.53161017149,-77195.35295385783,-322839.19104408554,334549.69665876444,-148946.90130521124,-422777.10500762786,-48394.65700697139,611911.6344166822,-421741.6965208246,-110965.8816746739,913958.9056175983
804,72.38188015847386,36.272437315851995,17.81225028795142,366280.86932463123,-83270.60739394293,-441603.69592621847,-219865.37344760596,-62739.14981213848,32431.61410159046,-452305.4965454908,-165436.64347340396,459148.7060233645,-577049.0881605817,7084.366612134791,485963.470691315
805,70.59438942575841,35.37705090590712,22.687502068276412,393238.8556696647,219867.24699026905,-163834.51389818153,-346732.79171387723,169786.62443644978,-195462.32047679176,-238855.39434640255,-49968.34144255389,738095.3245507085,-324495.8663010776,-87438.50980378097,1073340.167023927
806,72.38253949821639,36.27286070062292,22.687178411169697,444690.13894180075,199202.36316195136,-180983.04560685303,-289924.27924252575,-174969.5113965983,-38424.79467217672,-282064.68359228014,102833.7662967773,642140.3737924015,-238512.64910192587,-20833.001754133198,847311.2918497133
807,70.48328835974198,35.321525755112255,27.56247362586329,1178739.663269772,545101.4142509613,331343.88200869015,-68532.90076770616,-68589.61979375941,-175153.81044409575,272454.18891518505,564856.5554787193,1217874.2151355196,-125612.0741848255,-55024.79414803281,1328167.2756901798
808,72.49497802278728,36.32925973611751,27.56210894862479,-148351.91355142693,41511.264740959654,-587035.8547186358,-288278.5919862575,-534008.195221606,46425.899102841846,-907489.5874199828,-255711.9200240671,469325.003914947,-77261.91994795499,-20620.97166109949,1196853.7859141026
809,71.33840122599338,33.8890935846208,13.229205910856772,151443.09911609034,-139615.78766730108,294276.982071768,-279186.9743219207,492427.1859895286,22924.163095271826,-549315.3234290599,200422.90575002175,654996.7111995954,-381389.74269804766,66402.59422999847,940438.6647915754
810,73.12927328955728,34.77944244055298,13.22905603567004,187103.6324905339,-288363.4353961735,-1013243.3793729434,-135223.5427904878,132851.81328957464,173842.277904307,-1067393.824501335,-284989.62341713754,237880.26563988952,-1159932.9976891899,16289.688766962856,128874.9720917851
811,71.3388487490964,33.88948324718905,18.020872613115134,244559.8621085811,30647.19842945827,-52027.66001592248,-310945.887445825,352844.9129471398,-146030.26412788438,-385716.08034190413,-22909.356250688146,631804.8371147091,-386471.32609874394,-109204.02993254695,950224.2007472919
812,73.12975044134097,34.77976575072656,18.020603699598496,325711.5376856374,-54484.14721050791,-463076.0647818895,-193294.5956941262,-47092.362061482,35475.01865639954,-468688.9125047345,-132858.6589878434,409698.8971858179,-589387.5233694412,-1152.7447812918838,450586.41880069196
813,71.33942609715946,33.889927409390175,22.812501440924922,368718.9208701589,277662.79754768516,-141568.83257664775,-334682.4904849098,192427.61157658728,-185174.2795924489,-224101.62297413268,-12287.238597911957,741201.7474132413,-301766.50635991635,-84141.33262116446,1090984.3743699812
814,73.13035627546864,34.78014453978676,22.812199270377512,403345.59916754614,215776.66960054895,-193373.9508879293,-260235.41896723647,-146532.9706484796,-30643.419829506835,-261686.62311159555,96589.72161693286,590845.2193748283,-250968.0688307876,-19147.182341750307,794038.7943808371
815,71.22810392243484,33.834708833643404,27.6041415637393,1117251.965871626,580338.8914045115,320921.67555236095,-66430.38001476828,-40603.38687111671,-165539.37993314254,278520.1850579978,583984.3203099159,1156008.0274605846,-115651.76358776167,-52324.44076773941,1328914.2174386987
816,73.24292084418781,34.83615264226899,27.60379936610241,-157910.4682569976,53209.15921618507,-564732.4103673452,-243025.29441827637,-496104.87758221553,52664.11550543902,-848270.7154455353,-247512.3467925892,426349.34282996657,-82922.9082654906,-22448.13922874433,1113951.0083484673
817,71.77261685479412,33.00940019658894,13.520869155878525,-870748.2508907446,-6122687.477890121,-776401.8119349901,-370608.87217182096,-1759954.9429182734,57451.11008856309,-6669809.728506211,-891406.4720717217,-208621.34013792223,-384531.7252301294,69158.98219928915,988030.8649792906
818,73.57965611045307,33.86591336847009,13.520729957932517,-386038.83952190285,-4381274.713528056,-1687537.601971763,49660.60681991943,-1479875.6726090233,106692.0001126625,-5037114.269711282,-1042508.1324779314,-375228.7528325045,-1143590.5514844125,24220.24304311228,175909.0059833458
819,71.77303523752148,33.00976367661777,18.2292021685643,-1064270.4829017927,-8478588.579481134,-1553651.3543847676,157785.2993645204,-3814615.139813482,-157921.3879087334,-10168525.627983462,-1098706.9843848327,170722.19560059844,-328975.8187515212,-121885.70333832751,994465.8137807702
820,73.58010152608142,33.86621300729169,18.228947185909057,-451202.34503935813,-6353457.944275684,-1533600.125603859,355208.3062636879,-3245341.107000202,-55273.805235314096,-7997150.661670142,-511346.7369347038,170236.983685942,-590805.1728033496,-20940.906009458806,447319.20170707477
821,71.77357896712944,33.010179148354055,22.937499625159283,-1230155.3836913693,-10481203.884741563,-2291980.17672798,971509.3931392235,-4579149.027578434,-219502.864273357,-12585540.848549884,-1464680.695792829,46882.099181792764,-278521.11889161053,-80086.57889647801,1101059.288715125
822,73.58067222949654,33.86656344448091,22.937210507457955,-596826.1984399206,-8046686.586409075,-1802087.0421747249,891475.2551368163,-3905489.7114776038,-118067.05801006606,-9984980.881989934,-809097.7813912332,348478.8363574443,-258761.86982657062,-19789.870979616124,748274.7724758477
823,71.66121502355335,32.95704745609445,27.645807614259216,-1211359.2029210827,-13213194.091967907,-2783665.5660706437,2195358.9850681466,-5644166.518766787,-189687.91273234086,-15938384.917690016,-1728243.7403331061,458409.7970634927,-109050.57828146382,-57703.15017401205,1305651.7944380287
824,73.69421405198074,33.92043015647402,27.64547933882858,-1616331.3971153244,-10347398.753892595,-2830767.186972856,1619892.5413797388,-4792991.534800488,-32009.131915962233,-12865588.133817844,-1832330.227341179,-96578.97682174783,-92862.76579537087,-27520.795797952927,1040396.7162087315
825,71.90399159456273,32.720131505456905,13.812535712295478,-713530.6392629464,-5371864.461776823,-648672.051399243,-378398.44050328434,-1421930.482105225,57328.91802542904,-5790944.122326993,-739676.6091587847,-203446.42095323608,-375308.13000159146,57530.562548971444,1004906.8951333279
826,73.72441608424236,33.548404215932266,13.812395750038764,-509622.3981478935,-4894364.593208549,-1805141.9794865283,18086.060777205294,-1566552.5909354615,106243.18329490174,-5550393.532784341,-1162452.4004973976,-496283.0375612328,-1156105.36706232,16474.549362288355,169178.77477242475
827,71.90440200363543,32.72048608425119,18.43753439588961,-839499.2996603143,-7321358.396807511,-1347970.851458006,49569.60622343957,-3143671.890965047,-153105.72598987495,-8670936.853947215,-868967.5292040448,31075.835225430066,-336617.59763156815,-119643.90162980987,1001095.6210565994
828,73.72485195223777,33.548695959227715,18.437281814084987,-611638.1899800792,-6967661.428079425,-1644061.8710105533,317647.61288378655,-3433147.0069525824,-56735.888588296264,-8658438.931079041,-655588.3972502624,90665.8392592471,-570359.2574574094,-20134.3564522178,459086.58664334926
829,71.90493065702043,32.720888422759195,23.062499184409333,-932176.8813316615,-8928046.02455923,-1964387.1646432085,731141.992221987,-3790791.1422111723,-207239.34528443043,-10628876.188244237,-1165804.5211132911,-29929.361176573282,-276080.0661603966,-77805.02086950342,1120547.0388548968
830,73.72540613700266,33.549034037144935,23.062214368306527,-804295.711556982,-8773621.503309669,-1968048.1255532978,882674.7651873016,-4110145.212947383,-116509.99239685846,-10763250.603313575,-989111.7293783261,206396.99227195155,-255446.86163538083,-17949.048134292327,747822.24209744
831,71.79171348271473,32.66950789420266,27.6874748845397,-765428.7732872628,-10974779.62896793,-2262570.1494948207,1767416.2302533288,-4641357.098423526,-178291.5706537483,-13178770.60794111,-1285757.647358486,461749.7035495858,-104002.42498877544,-52801.29650173703,1337474.8178135608
832,73.83976611566194,33.60112298639639,27.68715143922176,-1898385.912192325,-11347226.320060447,-3076167.863342228,1670697.678081817,-5093897.695199257,-30707.873250566434,-13958986.554681323,-2092839.453746459,-269954.08716721775,-86479.10330840826,-21971.69596399304,1040725.8526969242
833,72.03950542645592,32.422448155831,14.104202063416693,-774946.4830331149,-5656827.260018254,-706109.7973252526,-408675.2954103478,-1502197.605725023,57279.790408046116,-6103838.955294883,-800872.507631329,-233172.07745041003,-364853.8807866558,71313.81511294868,1021243.343580456
834,73.86503650087616,33.23930853419135,14.10406083287836,-470650.67587044346,-4729155.014286191,-1778930.7033368498,3217.749300495134,-1451184.9281329885,102199.24685950196,-5323675.030804177,-1196765.8608697269,-458295.50181957963,-1153553.326702633,12348.250859262997,176561.5337317671
835,72.03990752152534,32.42279381026432,18.645866408179895,-917022.1747867544,-7618206.199598545,-1411411.372143718,39059.48176465527,-3213716.128846422,-152066.7254012884,-8982431.976010274,-943832.9680817461,-20374.802436997586,-329424.16957863315,-121132.49605210357,1004718.3368689476
836,73.86546313634821,33.239592521455016,18.645616220389865,-538500.2719719196,-6591263.899111957,-1558298.0867635263,278968.7007508469,-3194081.8550714804,-55944.154408394694,-8147835.98414119,-583247.4391978672,43021.16549165383,-550949.2438667093,-17080.16793862309,466809.3106943319
837,72.04042107201076,32.42318294599605,23.187498552501786,-1023501.6408512958,-9230439.568011291,-2030297.5840945782,722843.5885794158,-3850251.141806807,-202511.82337220202,-10935810.341012929,-1242323.609006492,-106104.84293774451,-266356.4434866799,-77113.6943398925,1122132.138923663
838,73.86600127734155,33.23991871856478,23.18721791201503,-704856.94677952,-8227787.286416468,-1851659.7557685093,801475.4995357483,-3806195.040674385,-111885.6295146072,-10054089.982173597,-891710.8847790858,161496.87798818827,-254447.82610775804,-19176.33425987237,737331.5482102758
839,71.9268679260469,32.37250176552951,27.72914191406165,-898741.3502830642,-11380161.086554712,-2362880.028488742,1777433.9643696465,-4737373.329606138,-172082.88374470916,-13605233.846567258,-1390793.6563401942,354245.03758093563,-101263.08981878505,-55581.21735105562,1326645.0735639632
840,73.980662522725,33.29128218947004,27.72882316770023,-1737695.20317695,-10540052.220499074,-2887129.3893853305,1528186.2191493278,-4718567.181026392,-24824.146338859504,-12956264.998643812,-1924582.3708374973,-284029.44358004443,-88270.2961531195,-22577.42674490228,1022711.8826610083
841,72.23707679748223,31.973395265835094,14.395867882637233,-23916.64834834868,-1978468.0456619181,-38397.73915739311,-286962.9766785194,-203780.15499209627,39047.690332198385,-2038981.2745497334,-70662.9883894493,68861.82977152264,-345507.03689550416,75297.70089363013,1029495.6624279483
842,74.07021288429586,32.77311589285199,14.395728402984554,80833.15090423386,-1922770.4137539992,-1258647.4713000671,-34867.905043278304,-456897.36891755054,115050.99646430153,-2155728.7453038404,-1038398.8827075345,93542.89386154251,-1144726.6464845843,4949.835711948133,176619.18444589773
843,72.23746591820357,31.973729183629306,18.85419895247783,89934.34879340115,-2569762.096514684,-463878.6606492456,-123118.90370450326,-881001.0052368048,-154865.0495455322,-2899239.1063963166,-181891.41551616954,137424.11354195653,-340404.9689262301,-112582.16749963399,1002274.1329516576
844,74.07062548306267,32.773389266602315,18.853954104119893,252080.7592179404,-2457412.3826589864,-788038.5381609127,47635.65707415658,-1211677.5049334,-41308.23932675766,-3094230.8777359957,-159747.78461387043,260608.50074790802,-539760.7155981612,-7121.957705479221,457477.5435525787
845,72.23796045176405,31.974102286027282,23.312498685199238,238295.7904151947,-2943711.9707576586,-693323.5488541371,123105.12432641487,-1201323.6750327796,-190955.71169911794,-3464866.015088361,-271103.5908288819,337229.87672064325,-258711.45553905796,-76233.2807456761,1131524.948604417
846,74.07114344684817,32.77370085486362,23.31222433978545,327892.8552714676,-2900959.496865454,-731638.0520781719,235487.68452174994,-1490501.774921296,-90876.85179742821,-3666824.1354492307,-61660.96886240034,423780.4106394721,-252823.1000347886,-19093.400395326353,727861.4823386248
847,72.12391214275817,31.924476208440662,27.77080945306989,760796.7610799908,-3469290.890765599,-515434.68437278474,655004.9817893044,-1627805.7167432941,-167467.52567699584,-4247093.121918201,-4599.995685943047,1027764.3035457527,-95064.25976595227,-52916.22966223003,1340257.8008385836
848,74.18625903013441,32.823978349124665,27.770497731803072,-359276.5965659403,-3855685.8400009666,-1329105.3098220704,534814.8817445933,-2040720.6013937441,-7001.0943281702575,-5038603.84942295,-524643.1097596419,19179.212793615756,-86229.76942487281,-20007.803689209053,1011398.9941143511
849,72.50050804867983,31.36440386982482,14.687533537127244,-18566.12382162985,-1902229.949486634,-33294.077176294115,-294276.1342976716,-155823.53549957852,46260.88739834112,-1958381.5568210827,-71009.68399791609,75301.0903344407,-348378.1755560418,93016.810284309,1043155.9688012735
850,74.33614322224348,32.15839563011228,14.687398850054157,76922.69497198611,-1932873.8821188132,-1247665.7581973094,-39635.754573641134,-425348.3060564485,119101.51810282699,-2136548.669317879,-1057769.4295029915,90701.15347673386,-1128870.2546978001,11938.877930106299,174694.25521383775
851,72.5008792352782,31.36472299065606,19.062531322618586,94043.44170252478,-2435982.0208247537,-438175.7372534529,-123639.62910399443,-804750.1650041348,-148743.16976042872,-2729603.2052527107,-187904.62587250525,137393.5147495335,-325240.5417214897,-112416.01500525745,1016393.4934735738
852,74.33653712019,32.15865567460818,19.062294491914162,240420.01618273847,-2433350.611138836,-784572.7150571877,54901.74004603676,-1169907.9036826266,-40272.63302864084,-3040428.536025381,-186490.39760853624,249415.62362063257,-535070.4295977454,-9819.269275511972,455502.48263441777
853,72.50135085924452,31.365077283390367,23.437499318338865,239126.59415005194,-2783699.177159036,-659405.0064004336,106746.82413495201,-1115501.284294604,-181667.82843168115,-3262046.1518137795,-267469.4482048025,325538.0106091642,-249511.173429722,-75490.18891604162,1138620.3660667096
854,74.33703130971111,32.15895027716027,23.43723319838632,312291.14564612287,-2868064.2527680662,-726693.5227974975,236023.73043213735,-1448199.7262158429,-85165.48115974545,-3605995.0908760075,-79432.24630397798,402960.7072605452,-252278.63412691205,-18346.960669910848,713118.4200446083
855,72.38712340883087,31.315790549160887,27.81247773460943,753282.2474313767,-3265765.208087524,-477962.2624484953,618877.2798004592,-1524034.1037612387,-157891.38305013604,-3990891.447542837,2889.700737288215,997556.5237009056,-90728.7795121471,-52800.4331408564,1339637.7105129268
856,74.45227929379413,32.208852858373604,27.81217513299574,-363504.735558301,-3814908.4049488627,-1315460.017480027,536576.3360771973,-1993428.3446729835,-1892.7438478087715,-4965819.429313647,-529227.2963738868,1173.5677003442956,-86621.18762809607,-18875.76609534071,986646.2016338436
857,72.76274327349834,30.758299380548316,14.979198969557654,-30872.225660640048,-1898906.154016138,-45541.00187382795,-303306.8115398571,-133789.3581486177,47714.31590881167,-1955070.3974913764,-83298.70043104471,63049.71637181446,-344444.4026206501,102281.15832635104,1052400.290522131
858,74.60326915663542,31.54078777618054,14.979068969574326,83171.68877023208,-1835828.577136031,-1218822.0711041156,-48402.323770531504,-370929.9214485963,118099.45618148611,-2009800.023467397,-1059095.7085179226,97416.77251540465,-1109019.021902265,13796.47993962772,176370.25435419395
859,72.76309640462357,30.75860372567426,19.270863164857996,74865.27537997544,-2403215.7823338984,-434432.8659836274,-130630.56634695173,-769865.0704347875,-141106.15155581027,-2678954.117452772,-198134.0577145022,114304.80222972448,-310401.1967363268,-110428.97899834107,1029782.4088466505
860,74.60364403529707,31.541034455614078,19.270634350327228,241989.54161556927,-2276202.8193343137,-761251.8069415726,46428.998847609626,-1064765.2672204326,-35732.50575189282,-2825640.4258750286,-218127.3706970907,248302.71191180355,-533955.9289293684,-11558.424950288398,444115.4555716675
861,72.76354599544297,30.758939905366148,23.562499255653293,212489.72013802547,-2745465.268653208,-652287.1051112617,93081.24073296567,-1078320.0068321521,-172173.70034006977,-3201683.624318148,-274155.3331174697,290576.3038091727,-239145.9755873811,-73983.4515286725,1142838.1437508538
862,74.60411518466164,31.541312625392,23.56224135085365,313833.9756080409,-2662684.6596419024,-690102.3137032147,209615.69436468123,-1331839.4825181982,-77289.45600530747,-3340042.9845697815,-84854.08104378748,385944.06787649106,-254613.28896364727,-18625.470282695063,689020.8604350068
863,72.64899058544884,30.71035390052848,27.854145280089462,705087.8478892833,-3236947.2155457404,-482170.56448669126,597296.4710607318,-1486697.494224768,-148463.57762843443,-3937909.6985582784,-13298.368856046274,937178.135271178,-86600.13657629887,-53595.944443581466,1332552.2943340188
864,74.71964550525979,31.590479939805697,27.853851802121103,-337487.7405821533,-3533639.9672381063,-1249048.7263754355,492487.63458032254,-1850616.375742597,4482.4211975896405,-4609977.60868513,-493088.2838957012,-17110.5416148645,-89761.16218794265,-19753.533983738147,950940.7167755852
865,73.01491661489797,30.15476359528468,15.270864398186788,-40144.87582673854,-1845296.5889631016,-47694.43955822976,-316753.9258487503,-98502.21457414712,40171.35748513194,-1903667.3920721328,-77667.09005553536,48198.5777795983,-336200.0856564675,105197.71551280898,1062222.6147902717
866,74.86507896299928,30.914185266296816,15.270739272460252,75986.72750073957,-1798422.4257817059,-1197846.5046949256,-61758.875552172496,-339058.47293968033,108773.22003688574,-1951118.8485230545,-1058882.4384174997,89719.08396466178,-1083698.771078881,13788.11070313027,184573.50635272692
867,73.01525191923142,30.15505355663059,19.47919565450831,64010.60202263377,-2309175.442066309,-420017.6718099994,-155649.85067725222,-706808.0178753379,-142128.17002999905,-2558500.78264153,-210179.00939958566,103497.28018744069,-298578.50688638474,-106826.1980996426,1046640.7272490377
868,74.86543466088824,30.91441902417454,19.478974963434155,228922.4873565418,-2216768.9105558437,-756539.6459636285,30664.394111641603,-1002737.5353319462,-40555.916076462774,-2727064.2828888223,-251485.75091387602,234163.9646397687,-534480.31058568,-12834.717057458422,432768.00982128625
869,73.01568026822612,30.15537259273036,23.68749956764386,202414.2005327806,-2635588.4587835404,-629780.0252851684,53983.74675706133,-1010639.172862674,-173734.69741694347,-3056573.494549785,-277268.9266059128,270888.137619769,-229901.8497208971,-72143.92275946325,1149261.9759036575
870,74.86588332109855,30.914681442552215,23.687249915803424,302692.46854909277,-2581898.380330151,-677643.1004665017,180109.0456760141,-1266432.436316673,-81902.64054638472,-3218609.4863429195,-102906.74209922427,364667.21619458345,-256245.55256177642,-18161.12538049642,668890.3807865547
871,72.90050075681629,30.108211063463475,27.895812927392452,687541.2724982522,-3091361.330920417,-458081.0008407909,534550.8095936809,-1401795.3446033448,-151056.2436317549,-3740069.635358056,-15085.653461170554,893254.2295562733,-82044.57464671135,-54037.40852134668,1331207.930197293
872,74.98199302083884,30.96239134437102,27.895528645017542,-327779.73004244186,-3413342.4224801213,-1215971.1385079173,449870.73216165917,-1768273.9728324017,-3446.2349258458785,-4433896.461240724,-484088.1385159877,-39108.691273768934,-90710.09699518859,-19720.100997685826,920942.4689249104
873,73.26184610818244,29.542262992173043,15.562530260310115,-32179.890345478547,-1699292.3844968444,-30410.27145120513,-312976.6859784329,-41446.126605878715,39361.9464313221,-1756772.8983643423,-56099.04722906279,50989.399299877725,-324980.9955368406,104732.80587444578,1074456.8168769346
874,75.11675410804557,30.290121910739554,15.562410206635255,64679.827630291635,-1783634.5377854935,-1178666.7896421473,-62476.96354208683,-319077.259257907,105711.71333466774,-1920941.6422628493,-1054731.9086817084,78052.051147208,-1057151.8195377802,15630.61215654321,198242.6827538409
875,73.26216387508047,29.542538886734906,19.687528271909564,69553.69569722889,-2100115.8473942834,-383392.26741619443,-171706.73831608545,-603899.4015454708,-132191.3109973937,-2308715.8310296093,-210594.0054124942,105355.41732885478,-288225.06013733114,-102176.74188324995,1068492.8029997374
876,75.11709116704276,30.290343585009754,19.687315611602628,206596.570323052,-2196401.047011788,-760734.427033594,27682.446845599923,-963398.9979768066,-34266.448814572504,-2680023.254935816,-280942.5498648217,210426.90107830695,-537357.7238160424,-13877.782191750448,422933.7516768183
877,73.26257139855012,29.54284151400941,23.812500291098598,205889.37863685226,-2390411.229081274,-581014.5625715053,21458.67947058134,-899392.4827625772,-163511.15620073353,-2762014.292602232,-263974.207685644,260452.08727194872,-221061.0719903438,-70380.78204460921,1158371.2898688447
878,75.11751813766088,30.290591047953335,23.812258665924006,276187.631852887,-2549479.4464234035,-675564.6047429199,171573.94157610886,-1227633.2029988063,-75389.41670029651,-3161079.7035955335,-119694.98153609133,331918.2658181889,-256141.66867501012,-16443.536470121388,655167.8817205884
879,73.14707384726412,29.49638596351445,27.937481193149722,687003.3662408227,-2774973.6067443076,-398109.77370659355,474673.1382909891,-1265342.2418794103,-141381.54576110016,-3358331.108796966,8964.365466584337,863286.7291203022,-77524.90771565575,-53456.4611904159,1334964.4970648023
880,75.23390220560181,30.337563312730598,27.93720591608909,-345422.15769501845,-3378623.347296769,-1204589.1166945868,441996.3269800673,-1727694.0137751857,1041.2533019113698,-4370208.04396725,-492971.9683216776,-65454.60939744498,-89478.84130478711,-18106.86295543431,897918.4461980014
881,73.50998852647834,28.92688159370691,15.854195671880497,-37264.67882897885,-1635772.560955316,-31029.471544044616,-300211.62337656744,-5648.164325117094,51029.24245149861,-1690302.5176509195,-63502.92422417815,49738.73054675922,-320193.43051900796,107140.50692105012,1095544.9985199645
882,75.36721496562971,29.66893768013845,15.854081635879583,66840.73710439686,-1696652.11723998,-1158743.4233877547,-49137.706492855694,-295973.6839469498,114298.02332461489,-1827619.763331124,-1041737.6355982869,80802.5954060736,-1052639.9374891403,20203.79100241366,205828.34421106402
883,73.51028974889701,28.927143842591786,19.895860313018268,60203.94084286317,-2022150.4356200378,-367991.9938436505,-179356.2137399648,-563273.4843326976,-123378.93802192372,-2214726.8350165775,-208965.09115749068,93753.4375532415,-277533.9073991924,-95513.00725173535,1086944.8027000418
884,75.36753441504027,29.669147999289937,19.89565560885991,204383.71098564263,-2086763.570445658,-750195.1256299113,24745.600718672922,-893849.3741775953,-28519.71206076964,-2534562.5819228087,-305054.8047832403,207042.40161612126,-544039.3961191078,-13702.293644654446,404677.48058535624
885,73.51067687195025,28.927430542896904,23.937500384858634,190882.42619519948,-2307700.5984054646,-563978.3136893157,13458.17597160099,-861568.5074477369,-153917.15764213094,-2662325.832971677,-258418.07194454948,239947.4190166456,-212043.82557604695,-68466.30744890396,1162714.0035569137
886,75.36794031670857,29.669380939543835,23.937266614857453,273684.1285800688,-2409203.050960346,-649290.3733275284,162368.37389946275,-1154622.8457235536,-68398.25510333487,-2985038.719169598,-121954.77959880422,322184.2030605967,-257744.4495217885,-15548.99014634026,631331.7603374423
887,73.395013539498,28.881321281505283,27.979148766304935,655734.6521593039,-2686307.3560762997,-387604.3507552505,455424.05686041946,-1222762.265404178,-132798.92492217096,-3249505.0166360456,8217.848216880566,823110.1137469192,-73308.79670609649,-53342.654053652084,1330646.1255107375
888,75.48444758696708,29.715976235449823,27.978882380862157,-328136.4397288408,-3191481.0546308234,-1157067.43170999,422363.982003164,-1637683.5738248937,5944.214254365751,-4138572.519172399,-469472.2942411126,-68640.11265614207,-91801.97958487975,-18106.98763225216,862999.4725338169
889,73.69063704644881,28.47075579644889,16.145861243002603,-721687.4907446036,-4839056.094385079,-650200.5095502151,-470734.8338403492,-837873.5308341953,76256.84869239703,-5046863.1173821185,-769876.4861950006,-394204.49110278155,-329562.95643263205,119944.14566823406,1126410.135706933
890,75.55471118846712,29.195357523887402,16.14575063692078,-442869.83099738753,-4184234.3062470993,-1647804.3052139736,-59096.75164460385,-888999.8174696241,104747.73143763775,-4464943.263362578,-1381991.23871609,-427973.9403797923,-1064197.427393887,26968.987533940286,213205.02619721933
891,73.69092669408292,28.471007683374403,20.104192723334393,-796025.8142362961,-6121843.398749325,-1148439.018674101,-179471.48288488813,-2118117.42450714,-124203.48623500316,-6908961.026811874,-795679.3804456008,-361667.824402246,-256371.8604596048,-97795.8510841533,1103593.158809282
892,75.55501787300308,29.195559151292677,20.103993226523464,-461227.8459517668,-5428845.187211652,-1374020.795670386,118175.72162384071,-2186199.985135891,-51068.44225180741,-6384325.809568457,-536061.2858240019,-343706.73344134697,-541501.5584067599,-22369.756856136533,402452.42104390595
893,73.69129760334195,28.47128149452969,24.062500209531258,-843754.7818788382,-7245061.63850329,-1611837.4700111551,309723.80116812023,-2670674.5322107645,-164692.89277785813,-8316804.791270414,-996234.6583310377,-387614.4407918304,-204596.36151104886,-66921.80764191203,1162898.616931243
894,75.55540663870008,29.195780353321137,24.062272328871327,-566187.3589112305,-6575820.019918224,-1523091.5970182163,477578.9531684487,-2722787.6666233623,-92501.8402810279,-7786039.116186768,-734002.920437383,-145056.93922351676,-259204.77729972842,-16383.43945420558,607497.0288533787
895,73.57518921422925,28.42624987177328,28.020815774348076,-683952.824280116,-8760266.586315468,-1814003.2512696239,1100688.845883148,-3354609.112434063,-139968.83759558125,-10214450.976807158,-1065002.0907953281,21230.405737281213,-72538.41615317637,-56993.99062044775,1313491.6724367344
896,75.67232362055012,29.24127314034113,28.02055617789647,-1397711.5518335698,-8290177.175274132,-2337817.4562212313,1032532.4931267307,-3461759.952391819,-19510.655626472515,-9980323.142186549,-1546118.5399710236,-499264.501171357,-95829.63404211166,-20538.191612028822,828020.1295310543
897,73.80721614433534,28.165158299713937,16.437527623799237,-659626.994876882,-4524825.8114263415,-592141.15849228,-477761.1908807769,-744557.8854175099,76737.5498671482,-4712486.090889392,-709707.125551102,-354400.748355009,-321593.75513151276,125284.50554180708,1152620.3432882796
898,75.67581931267101,28.878108880953963,16.437416829356923,-485800.3117097303,-4339980.987508475,-1688090.1144167136,-80577.5244891742,-894601.3646545686,103966.97361045991,-4614076.684442729,-1430521.1437233961,-469273.5854687961,-1070009.606570921,23593.336323596788,219630.8854497875
899,73.8074982739623,28.165402730801937,20.312525216713308,-717282.6941930606,-5682337.063370602,-1065831.81178875,-206286.5782277912,-1922522.5977739652,-122135.11091171118,-6387886.291799132,-713296.5762821228,-364268.70127116295,-254204.77213947417,-95517.68589328142,1112469.4273928362
900,75.67611771631607,28.878304221882118,20.31232805540494,-506715.05961048603,-5567901.068594476,-1387692.7750106205,95555.45948618854,-2209229.8321270575,-51040.70071752337,-6519811.630151646,-562748.231711663,-379749.04135227366,-526008.3256573704,-19513.106957893706,409623.4363089075
901,73.80785685743716,28.16566636006298,24.18750001123097,-743305.7226986518,-6666491.2323964,-1488012.8396663195,243871.28785304213,-2431206.1160591315,-157999.17807233962,-7633131.244599251,-891947.3385892578,-372731.2115728587,-198139.70823308924,-62918.25715189226,1178418.5793482729
902,75.67649337806552,28.87851651680607,24.18727594350939,-622816.1654626941,-6711953.648372389,-1552176.0852727573,460480.891821988,-2741681.270304089,-89494.25969804445,-7917301.258021854,-774169.7783360423,-195474.86274994805,-255868.08551312285,-14527.113219917623,606096.4232338166
903,73.69145163431854,28.1213524522377,28.062482967211317,-543434.6128493729,-7960453.776784519,-1629504.649310167,979661.2553456322,-3048709.993226124,-133760.529929764,-9274532.274345621,-918399.9382563508,59539.17365791502,-67052.2730723557,-52667.64480530422,1333525.413269564
904,75.79367870890592,28.923272136254123,28.062227892892157,-1465668.7882142721,-8467014.674111886,-2381622.4759479086,1027052.1800016589,-3499469.015226697,-17323.24840781354,-10160745.30373335,-1603007.7412408243,-550552.8932998892,-91042.97386829121,-16593.713686935847,827254.6298136902
905,73.92386833295951,27.859588491524473,16.72919392446633,-705847.4538281653,-4695795.685910361,-625766.5014830395,-520958.51483266836,-789278.8147241295,75873.95297444452,-4902708.463586855,-751435.4565800196,-373265.72105469,-315902.228941294,135694.98661046042,1164086.3568386575
906,75.79685442791465,28.56083238922893,16.729082512514857,-443262.25963797886,-4111683.421402874,-1645158.890236636,-105837.6978469192,-805821.2060256008,99620.02506455968,-4352974.644732374,-1421352.1617072558,-425777.76483785873,-1066111.1990843331,18716.55842820392,219655.17526088105
907,73.92414278778413,27.85982556654044,20.520857588810095,-771593.5744850833,-5842850.384221526,-1099313.1156559284,-230955.57916940615,-1956281.2039710204,-119005.35616143643,-6557013.911298579,-763257.4705778223,-393485.6924861369,-249569.23277061209,-97184.98646668725,1107305.4252592227
908,75.7971444752228,28.56102142389662,20.520662807320086,-441422.17276341945,-5190998.484348724,-1302828.6472446597,63963.21178381175,-2039216.7563090944,-48662.74147322627,-6064615.831323767,-505471.7350412128,-365161.73799182527,-513103.6895886747,-18550.31294022413,404851.16244978004
909,73.92448929601878,27.86007911981325,24.312499662354828,-804217.7368488498,-6807941.633608945,-1519560.7098969775,218611.7599483616,-2456373.234317109,-152740.9247139716,-7775967.94535392,-931816.5220158191,-423935.6129850341,-193000.43521457826,-62585.49150434197,1173182.80359517
910,75.79750727167671,28.561225019570582,24.312279406687466,-539246.0619457003,-6209372.342933346,-1444771.7540625404,398835.66577742744,-2523828.2861189567,-84275.18662226977,-7314046.010968206,-688998.5069816628,-190345.6409917182,-256884.36040085982,-16781.810607414234,587380.4888293119
911,73.80779646076624,27.816486512431403,28.104149975851918,-632257.4993059488,-8154343.349416195,-1680831.3129185436,962986.4213975641,-3093905.9496517,-128209.42147468554,-9476349.625879403,-974082.5082749969,-17000.027486288443,-67530.96498376776,-56825.15135480101,1315376.6740689613
912,75.91495207812878,28.605240055166075,28.10389942654252,-1333707.2004081444,-7763561.4773104675,-2217699.987711596,922677.497829564,-3225002.854962759,-12679.319698566254,-9330862.628101228,-1461518.17448054,-522587.86284843786,-95055.30864716809,-19508.428555034145,801271.1378145005
913,74.09300357383874,27.399068450743933,17.02085978005132,-44227.230715877435,-1439429.4199480629,-17651.2805347924,-361738.3915448566,59375.11729377208,51083.4152515958,-1530861.4382562097,-31214.496690815504,60768.00374829181,-303325.0146521872,139570.91047209213,1162707.2339711112
914,75.97250862564869,28.082733753960365,17.020750615880463,44858.68901761889,-1602274.136693207,-1154324.3916849198,-99957.30780152715,-191995.35456179504,104177.49867922199,-1675265.2654289745,-1098547.2442961603,62072.67036462738,-1049701.6242125654,14785.88422120028,219689.21192172513
915,74.09326636572291,27.399296174234802,20.72919050679535,35327.963019469054,-1737489.973457391,-326343.1899851029,-242113.95783349813,-422734.52926744445,-121303.95625666318,-1891111.080785337,-218624.1417515358,81230.02211384797,-255830.30811416617,-87961.15585682019,1110640.2705594497
916,75.97278612666818,28.082914701462002,20.729000902290174,179293.49084159813,-1860770.5347915257,-685697.7785385287,-33176.83522988406,-749005.3498454456,-34478.574970269976,-2226022.592752244,-321825.9908142452,180673.7610780337,-508681.3440725079,-9238.610394323545,395745.71250289935
917,74.09359781366317,27.39953781115096,24.437499972059868,160959.32623150677,-1920277.749977873,-489239.9205393761,-85735.11568498501,-687807.098967531,-143662.6115006893,-2204768.910863121,-237419.25922534554,193629.8258027229,-187403.5612387089,-59765.49708781329,1183228.0850368987
918,75.9731329021238,28.083107859177122,24.437285522440284,236743.00658358273,-2105281.785817455,-590523.8437619738,81413.45994855235,-978141.1188567588,-66113.31812052059,-2585675.6461970583,-135139.2292680691,261752.2524692816,-254646.5927384762,-14797.610811305216,581112.8931550696
919,73.97648151959865,27.35703172633153,28.14581734087938,600453.8719480274,-2170711.1502576657,-293118.82073406316,304641.8743782679,-996985.3790976958,-123190.54302165513,-2617994.3598381137,42827.127405270025,711791.1333891425,-61590.806680358386,-53030.81445427579,1333036.099393955
920,76.09096798111969,28.12601365694203,28.145573537809934,-318752.40409961424,-2742999.3819366707,-1053059.9123980775,313479.9662821089,-1413152.0440089623,2305.5344238465373,-3567658.8623851137,-427286.2430888206,-119866.5929604308,-91946.5729795117,-16347.423092372235,793207.8767002621
921,74.31788215981156,26.77480818414225,17.31252559974537,-45480.19651794876,-1339188.8202000835,-6347.3371833561105,-363096.1052463131,94178.80323401187,53841.588822674275,-1441774.0454875678,-11699.138682333512,62456.83026851333,-302893.3360820383,143856.63614420255,1160458.436209035
922,76.19952240610934,27.452603154902647,17.312421677421916,38217.06705982413,-1563758.5804885412,-1128058.767903129,-106873.15031232702,-165387.5382051618,104008.28154423936,-1622274.506124295,-1087900.7258086733,56574.95060112114,-1024430.0576434559,20497.603065488103,221622.62369605975
923,74.31812943133292,26.775024342842325,20.93752326381746,35467.372130443866,-1577068.6599143571,-294384.19246676745,-248445.0950578193,-364026.04727429466,-110255.7336930166,-1714363.271006497,-204721.92736771586,83099.71812353226,-245892.67260087188,-80679.27390862662,1125551.1178483197
924,76.19978360034129,27.452774465242765,20.937341398516672,163972.96108501422,-1801767.336686917,-685324.2472763944,-33919.99389476367,-709744.8804292976,-27759.171400135092,-2147299.273344811,-340782.63302636833,164963.2834928824,-516641.38447895175,-10573.46191455921,382986.2207863949
925,74.31844280367636,26.775252301316392,24.56250070772722,156378.38877893944,-1742511.5859960713,-454706.4245975462,-100600.4197497441,-624402.2785647275,-134083.4928134024,-2005099.6749209296,-220908.69889020556,185168.7519964567,-181928.90779581218,-58298.73849996096,1187069.826746465
926,76.20011160036734,27.452955638686127,24.56229385923859,220725.61363274278,-2030138.6309131463,-577405.5563243484,75545.43728832006,-942278.7531713604,-59370.53652200666,-2494156.8835152984,-135067.38429992355,242405.69421046862,-254646.94989782412,-13333.670819200048,564747.7051239749
927,74.20117435577572,26.733099344816573,28.18748532836071,587717.4496597542,-1952561.1639098385,-256243.486596748,272132.19188298896,-920655.2249276808,-114163.1678459917,-2370264.606264299,63003.77717468947,686173.6282427773,-59104.759878764584,-52802.14161350065,1332673.9746643049
928,76.31806070227839,27.495482635350676,28.18725026572443,-320990.1198137488,-2652699.3886333387,-1027985.7793932201,305735.5799730532,-1368437.0638478277,6221.882134044555,-3454839.7968906015,-420789.4280170748,-126046.0629326311,-92138.54987461398,-15319.66881629604,768450.2880954503
929,74.54277961338265,26.150554280968734,17.6041911405444,-53303.389048851386,-1270051.9218844883,-6796.211662663787,-355039.6421878325,124812.37918076124,63859.32042481038,-1379779.9497621094,-9198.317607732923,58826.744773839106,-303242.29524280137,144344.45605393834,1166112.4954533123
930,76.4265181622806,26.82246622722689,17.60409305021829,38071.39628889138,-1467830.5819288015,-1104457.9550217988,-100758.46656397675,-146226.4602240107,110674.92722021916,-1521598.3608586395,-1069962.752367099,57343.97256402993,-1016597.9461728813,25041.7727175528,220080.34106653917
931,74.54301215492652,26.150758957910327,21.145855493543984,26204.70513698022,-1480462.361190255,-274003.74689284514,-257502.4632331982,-329206.74731909466,-100179.88853180129,-1610433.0739912405,-194077.62415180818,76249.29519692829,-237683.58977938764,-71784.14740176286,1136530.197657781
932,76.4267636864384,26.82262827542749,21.145681257171873,158987.57795547677,-1684037.3255157846,-675885.6768477324,-39323.53526093885,-648460.3439449184,-21390.118864893524,-2002223.237578235,-358632.43509119423,159920.24826138842,-526314.1579599977,-9975.305696055157,362456.6796812615
933,74.54330796736434,26.150973704810585,24.68750082735346,140959.20046064933,-1636739.9181669613,-435268.7971325639,-109428.06924957415,-591281.8454027608,-124102.06407413997,-1889761.5511942324,-207960.5641502444,166672.6005056006,-176800.56025460307,-56178.90324474843,1186023.8225789433
934,76.42707346226827,26.822797816153333,24.68730149257224,215724.02029286657,-1883811.6791745771,-550260.3260051089,66319.39026888681,-881637.3015585125,-51886.69659672998,-2322938.771890118,-128404.92775598513,232995.71475928242,-256924.98082362133,-12310.260982699487,538472.4034931132
935,74.42589010277332,26.109175191932597,28.229152665433965,558196.789459863,-1834872.5086071952,-241425.46877646906,251236.6582438214,-882752.932176515,-105572.07462081399,-2239805.890328639,72318.2182170799,649386.4841877582,-57726.40387897617,-52050.355364379946,1325491.3332221927
936,76.5451349279403,26.86494565974312,28.228926269930966,-306240.151749669,-2463723.3776263385,-980422.7305139618,286498.02281394985,-1290193.4276946431,10470.182631497735,-3232201.1788886646,-395367.8830124078,-122817.19798889689,-95014.6281347251,-15268.400875318892,732788.8770138178
937,74.70620079046296,25.687974855138528,17.89585676889514,-651784.8322887422,-4015704.458528864,-536955.4380968206,-566408.2400259208,-499743.04747684737,91683.20046808885,-4171607.667745581,-691453.6863873136,-341383.37478153105,-310709.46257882204,152625.3185735372,1190077.5268410796
938,76.59612760991189,26.342189925094047,17.89576191510134,-408366.3250291054,-3586245.2911647484,-1527186.6787300522,-160072.15652015497,-558715.6409001072,105708.99511973272,-3733109.138751794,-1405387.8803760516,-383301.27579606004,-1025227.3586928528,28170.085071127753,223119.20505771536
939,74.70642294118434,25.688170515759897,21.35418803248348,-678055.3880918158,-4811084.630006608,-895108.3609282954,-349869.6582077762,-1503488.380389986,-93606.73595400531,-5349695.518906925,-652217.2808839093,-382335.5792358833,-221630.34266471624,-72661.69896857998,1139961.013465157
940,76.59636171473963,26.342344643653558,21.354018721414825,-381446.70949344244,-4365732.023219117,-1166564.5057800892,-32773.1220031538,-1605546.651991964,-36289.12362146038,-5032941.364106225,-503360.252948611,-377441.62143781426,-525278.6102519348,-17536.121794832994,352843.1444426529
941,74.70670482194308,25.688374432592042,24.812500653171835,-686224.3568046459,-5535094.082036465,-1253795.1773674898,24346.453206786595,-1965255.9936863517,-127795.64060754149,-6300505.938966744,-748947.3035497963,-425660.3736920629,-172990.6064868502,-54919.100664908685,1180987.3664516192
942,76.59665669462979,26.34250470287436,24.81230694956699,-447152.4725775224,-5145237.919497462,-1223523.301422476,240466.53093018266,-2069889.8639512586,-68472.25543379674,-6042312.610800859,-553489.0970031534,-220111.98569344406,-260139.20526643127,-14079.365603135318,508939.105976113
943,74.58888544800196,25.647671169289943,28.2708194623405,-492975.8193042686,-6546343.509208368,-1345578.6316422853,648072.4194831423,-2502774.852724355,-108633.37919386472,-7599403.063269995,-739269.0128151453,-46225.884069786145,-60409.69382256396,-54843.118187005086,1303840.60323742
944,76.71508903378624,26.383537068297287,28.270599671677335,-1133418.408509907,-6392173.123039389,-1884646.2187528373,685748.0215046067,-2673476.467982463,-10022.179288940102,-7693369.971943173,-1226062.315717384,-490805.46264157724,-99813.13354614291,-18127.043132021903,695258.9732772674
945,74.81124062437732,25.378220808538984,18.187523086747195,-592579.623989284,-3704093.058288656,-477109.3733281915,-574606.3162804232,-428961.51390372624,88016.17149239077,-3855901.078246326,-622827.6006726295,-295053.3766871723,-300488.4732168864,158492.1431416276,1218733.2610291536
946,76.70525611856033,26.020624182570643,18.187427899194166,-442928.48100510926,-3681522.1690152795,-1555834.7736775605,-190905.0977121346,-549776.4447122794,102918.43946563966,-3822998.970396498,-1442898.781851409,-414387.67145004094,-1028773.769558215,23260.656573786953,230490.1509142538
947,74.81145585939728,25.37840972738389,21.56252060345413,-608389.8486421851,-4406876.619071426,-818492.9265536882,-364409.971225726,-1353516.9459562036,-91739.91910198396,-4892924.264422593,-579447.634329239,-361387.4955154689,-217400.53084608674,-71684.30729752834,1141822.6185110877
948,76.70548270138467,26.020773303982963,21.56235342036245,-412425.7755498653,-4428959.184904168,-1161258.1077084923,-58906.36638338997,-1615875.1943518757,-35974.53469820776,-5094039.237196943,-498529.76540139026,-410074.0655641922,-506842.1154177176,-13960.551630447922,362835.14367984096
949,74.81172720521306,25.378604910018346,24.937500411391106,-599899.0600540449,-5012115.954222305,-1144480.6525968951,-24288.864689942457,-1773686.0226417987,-121162.50692133195,-5703212.298484764,-653433.9438848604,-399849.4245036218,-167658.24755048443,-49496.50245059863,1199365.6755519102
950,76.70576641177806,26.02092606252226,24.937310359073404,-485918.74049645255,-5194101.107134918,-1233124.2503673008,217266.11719984587,-2074636.2002831502,-64575.36817773415,-6087221.768844768,-572704.4823119941,-253217.8468419085,-256929.7150107125,-11515.911484565828,509068.1113463283
951,74.69364025690038,25.338631127358205,28.3124864479985,-375804.46614320856,-5846829.072617791,-1185515.7373897417,557392.5671940042,-2257055.7268303134,-102887.93024508825,-6796265.3810071405,-611563.1129693256,-320.78217427594313,-54821.014131746655,-48920.009635094,1326826.4580291281
952,76.8244415908415,26.061212854181953,28.312271057878768,-1175961.9481531675,-6456736.786513379,-1901397.7612254235,670121.6244743118,-2688136.347551113,-8119.958402258537,-7758032.757574853,-1258023.9690751866,-518039.7692419353,-93528.49270660672,-13095.224235410593,699036.3579668959
953,74.91733092703558,25.065522961419383,18.47918928708796,-603058.7743919946,-3732040.808189066,-472927.0650023492,-606425.6999327866,-455282.15545296774,77344.89970652692,-3900359.3408692963,-616265.0830022475,-291402.2237118638,-288030.1090085467,164528.09099764482,1233998.2190022087
954,76.81333504582817,25.70200202897816,18.479092995136618,-420904.54284230864,-3555288.765982171,-1520518.1441566749,-214188.91104866107,-496747.4158189412,88922.41989606616,-3681028.4072836568,-1423581.6885167046,-392101.3571807945,-1013984.6802376851,15721.33820598345,233141.06088368848
955,74.91753888748713,25.065705169827,21.77085310492485,-621555.9029893288,-4401425.315892064,-817247.357382784,-372641.99488030974,-1357232.5327484265,-87393.78231175504,-4891383.866218627,-593039.9790139844,-355804.73103156296,-215030.94158058515,-76054.02341995772,1124652.47058288
956,76.81355394709823,25.702145522042805,21.770688046954582,-377589.6575200793,-4214910.4580159,-1101842.477531217,-67412.83508749255,-1544213.8614844065,-34238.79164963616,-4852223.204319999,-466197.6896443162,-375921.6991028794,-492973.95597797073,-14666.45205759158,357733.5337593236
957,74.91780001084484,25.06589165308315,25.062499996504016,-611680.6527063731,-4962399.556077012,-1133039.515566441,-45050.06008563405,-1757070.172805931,-116032.47154607919,-5647833.860441598,-651806.3513097158,-407479.5125985167,-164744.3146115618,-47275.58442705076,1200147.9277580858
958,76.81382678222313,25.702291220468556,25.062313560263362,-444008.41880583134,-4911293.886094139,-1171050.585910798,189355.15078141095,-1966374.309437943,-60739.21215299496,-5759078.056492727,-525623.8417374435,-241650.99258059688,-258083.64577537176,-12947.002914204055,492150.8502688788
959,74.79957684046788,25.026279496357766,28.354153250937117,-398041.6100146959,-5790463.237515533,-1175748.1970474203,535913.3362723986,-2242014.149038878,-97901.50916797391,-6733762.51043549,-610879.5473730701,-19610.986769091684,-56857.82305048394,-49601.4636194961,1314908.540331379
960,76.9326138602704,25.742200783445924,28.353942202665444,-1106487.4801759701,-6068737.714380168,-1809934.2532624467,624508.5505057237,-2550686.189661087,-5138.161242802648,-7313284.531429889,-1182430.7641539068,-489444.15223478957,-95430.56417849811,-14338.353476472548,678183.777867446
961,75.02046081820959,24.755129526383055,18.62502189219683,-337170.56018753524,-2016508.2967541157,-355699.7068867596,-12761.153700640676,-532072.6814193642,67543.62563378115,-2172370.4457749627,-365412.31293516554,-171595.80511828238,-266196.45866179565,154761.28957022468,1195293.8525844018
962,76.92040514955869,25.379748192071784,18.624927567606143,-249739.0496483774,-2234198.4588389066,-1451646.3257548877,387450.3546129042,-853865.114529468,125673.47660268696,-2842162.9471059684,-917930.7508002901,-175490.1363359119,-991744.9149017555,8499.418202910922,225006.13875515017
963,75.02066157494042,24.755306714032717,21.87501956946665,-463375.81673474656,-3030307.165707313,-863982.4971718907,200902.87648252788,-1428145.0027072283,-46806.729852779084,-3747304.9050522405,-504782.79674031213,-105577.77782139934,-231231.38989173554,-63007.91162991098,1117876.2331274503
964,76.92061634110354,25.379887491815847,21.874858248271128,-309772.0461379412,-3198849.900906327,-1240092.2957176587,521131.15826382354,-1727973.9305110408,27129.57641293617,-4260369.584617786,-481716.28921516787,-6628.36892897185,-498246.50664371456,-747.3713454204294,336672.8010737363
965,75.02091509029262,24.75548718657846,25.125000046661366,-531254.8329714502,-4074117.1423687963,-1176626.7068198596,338164.6399449054,-1791427.901599382,-69289.14762665825,-4946503.465394342,-646800.4465626562,-188694.77020310884,-164040.202755225,-46511.76037346009,1197836.5510913397
966,76.92088098077086,25.380028204796,25.124817399398072,-413764.06562471343,-4226503.499115624,-1269800.0470085517,578182.1423050144,-2012942.240813064,-6789.330691379569,-5299614.030464456,-576559.9153772662,-33893.66590716863,-257665.17268871132,-11294.996653424208,485349.0502205694
967,74.90243733649349,24.71661036061386,28.374986750205064,-360222.54577244073,-5350552.461722044,-1173354.546320839,622930.7997290586,-2196073.3389087697,-77396.58983804382,-6341867.194121426,-589070.8948257118,46808.535131812554,-54433.357998396896,-45698.47131472037,1323834.4880680905
968,77.03990548870351,25.41919152149327,28.3747800614411,-1080362.0087530306,-5688479.627991651,-1816571.273551858,721244.3398177602,-2501914.2454459528,22878.230125655784,-6989339.2401981745,-1159912.8846563806,-436160.78544198896,-95637.74608058426,-13670.400703015168,665291.6794050413
969,75.12260082641168,24.441109366626858,18.625021272417925,-315062.61806972016,-1855955.3374528417,-310251.91589685576,-26284.933063148423,-446923.7402405534,70875.0124942844,-1975904.650756252,-350418.7771782694,-154946.44348489633,-268891.42410109454,151490.93156288727,1152280.9065979267
970,77.02449606100768,25.059794197711405,18.62493238953471,-246003.76263100177,-2162142.922254422,-1407735.6095986953,370699.8851180421,-810793.8280867267,125594.33251967456,-2737280.0880718664,-902525.3585391988,-176076.84787305194,-961943.4027863422,16725.627129252876,226056.2511187119
971,75.12279472353607,24.441282937622404,21.875019647784242,-424614.93600084307,-2748230.283759661,-793681.0381122981,162382.79990552823,-1301378.890039411,-37216.85302987886,-3403983.5077518984,-454976.2963978204,-107566.45372308383,-229230.98045604443,-51299.21125597663,1140438.2595442482
972,77.02469989990824,25.05993087906525,21.87486352838601,-316141.89196296805,-3121846.6158471103,-1244836.1888410845,506943.0124961834,-1681598.6641002486,33915.203899393186,-4162951.862589321,-485788.2333848015,-34084.6006770393,-522038.47079507436,-1026.8810998913832,325439.2518611974
973,75.12304288878843,24.441460057681372,25.125000565983974,-487770.47668563144,-3755547.1764320214,-1100836.1647160188,297144.76703048387,-1671908.2464778405,-64372.991700290746,-4577004.980645709,-591051.8756508845,-176096.96153707957,-164474.93491696464,-44465.18420279661,1201089.1001835288
974,77.02495893614314,25.060068614157245,25.12482179038641,-419779.5886105177,-4143346.2547005387,-1254638.2819935787,561971.0322113477,-1990612.2972969369,-2693.2372746358656,-5210608.715954959,-567774.8820866236,-39380.52726305202,-258510.66205673455,-7605.624433376231,482694.78800494585
975,75.0044383363728,24.402950903745754,28.374987211130303,-303214.80202493654,-4945695.198979495,-1085604.583750797,567772.8106220386,-2062022.9935525416,-72736.77350155853,-5883497.573002461,-519035.7813946934,68018.76964192957,-53422.65848441971,-42627.21464000022,1328854.5793052644
976,77.1441003613564,25.09885796175058,28.374784762050503,-1083939.5690108635,-5623882.815504549,-1797418.7801756384,704467.0793141427,-2479997.3783863178,24101.671166643064,-6913923.625119867,-1156002.3833308835,-435315.156240306,-94112.7461089174,-11109.780181785703,657783.2899119036
977,75.22475987976553,24.127095730809298,18.625020811447357,-319873.408794653,-1812875.801522743,-303534.7172604461,-18372.934263398478,-400489.7755167534,82603.91687247988,-1912561.4695734214,-364435.77934546286,-159286.67865895797,-275899.84166030935,142016.04603264417,1105513.142995152
978,77.12856896974458,24.73983469463582,18.624937722664228,-221132.62842041644,-1984394.1176829624,-1356382.7106016106,352192.3898556252,-746366.877007053,133308.55512103144,-2538390.353735649,-870243.0079536809,-153276.09501566045,-948864.6840977215,20848.96654622661,212895.41206154507
979,75.22494746232316,24.12726533724132,21.875019499529174,-424906.9475968233,-2640157.022793208,-764439.5874381611,135266.6188908922,-1255636.803180704,-28878.18002508135,-3273622.882570605,-444889.4916396406,-110991.18361794847,-230426.9004821778,-41737.17532826755,1146324.1667842823
980,77.12876579781745,24.739968930367663,21.87486858804395,-286229.356729662,-2888458.5740279327,-1208882.0750954566,469345.2059626993,-1558399.2679997182,40552.08783863295,-3869224.8633720037,-462617.0762339981,-51728.06624704968,-546206.3787034146,-1986.2958626920993,300519.2518914682
981,75.22519017841645,24.127439246411306,25.125000915079184,-495903.0472342856,-3667113.8695780565,-1081734.3139698147,279262.81602569815,-1648029.6830653301,-59014.45442622466,-4481710.746628973,-583870.1976859877,-179170.28646719788,-167772.56090434158,-45624.42688769997,1185880.1507970819
982,77.12901918611968,24.740103649277174,25.12482601422982,-379768.2815201719,-3856569.747875768,-1190563.803164209,523169.289738743,-1880905.9288570462,1948.7827724583724,-4877270.431340715,-518758.4927042601,-30872.90851517397,-264808.53626476275,-7873.439945532639,462398.0214264554
983,75.1064612409238,24.089298515223632,28.37498753767358,-323092.66073458304,-4876909.973062845,-1079336.3790113102,544834.2300060032,-2049128.7973025932,-68487.94717255744,-5812414.995013533,-517501.8022719957,50577.78447678671,-56351.971335228016,-43711.236153958554,1310486.9297212092
984,77.24827530444773,24.77851821675695,28.37478926513937,-1017845.2281515833,-5257115.362803121,-1703535.5947856016,654699.8248335524,-2348314.4634536766,25466.70905498595,-6490465.795063933,-1082957.2085614891,-405073.18211488257,-97880.7365955678,-12785.750232430275,631886.5159531601
985,75.32400190671288,23.81543809811798,18.77085391177452,-567200.2265744789,-3235870.7371440735,-411868.82976493635,-568542.5411216975,-267193.67877706996,90087.87426486974,-3372067.5740235155,-565749.589315379,-277122.6301445939,-290349.16703321727,145310.78611764903,1121074.4704511904
986,77.23160277206843,24.41626829438507,18.77077363864976,-384632.09358973254,-3070548.7995825983,-1391588.787892019,-214172.96924769453,-332040.74777581525,93582.83197846638,-3147340.9432289163,-1346053.3825820654,-353375.3552533684,-944962.7865196165,30030.540404560717,231910.84074765063
987,75.32418394791753,23.815602187759872,21.97918572799324,-557242.7961637444,-3618139.199900272,-680582.1660964488,-454211.45152262534,-1066408.433314661,-51573.02632985549,-4022387.774718364,-539271.2828662882,-294305.10457581346,-214311.54036881193,-44761.26391008153,1160386.3371863896
988,77.23179317020207,24.416398926444177,21.97903850317533,-339764.8665883343,-3580918.84007678,-1057115.8688810316,-129330.49123488774,-1246805.2708247225,-7524.750261651436,-4096967.09172741,-553231.0091695861,-327601.474649149,-554623.6873607318,-16214.909281592672,297921.270067052
989,75.32441923167855,23.81577073522056,25.187500845868513,-541750.1704773864,-4122785.95127299,-966565.2096850767,-158778.7101793265,-1476741.5334461152,-96947.60252166551,-4714023.440609358,-540156.2547158785,-376921.63611021935,-165669.60632126263,-42459.0757011005,1188051.8713572067
990,77.23203871549617,24.416528804702043,25.187329664196543,-378483.40118554584,-4145472.5150483423,-1029188.9819645016,83161.62347792462,-1696330.2097762283,-45596.29470400688,-4891404.025791984,-419471.5100400208,-242269.36236638593,-267225.7040953549,-8125.579035819273,447597.35959519737
991,75.20544532223789,23.77836872590227,28.395820989988795,-316033.21107657393,-4798827.137484714,-980614.0231295424,359466.7405908199,-1927978.974723068,-85351.9947924677,-5619855.74762279,-463138.0070695567,-12480.616998484345,-58991.36342696266,-44881.943066274565,1293504.4118909324
992,77.35152349653927,24.454194298017143,28.39562692575391,-976697.0437543064,-5156802.4217731375,-1586817.9303054954,473050.0789473662,-2227874.7903388315,-4257.675516584243,-6260731.575249407,-1027303.7572486307,-432282.06333490415,-97858.96472592128,-12118.194441784259,615709.8398908128
993,75.42222287368115,23.50018046787704,19.062520523103924,-529983.1054178693,-3027112.931080073,-381745.1908743561,-563789.9187169303,-234514.16522104762,93940.95429780084,-3164314.2833899762,-529662.630721518,-244864.3132608021,-280065.8947503927,139674.20462401662,1152744.4961753725
994,77.33170122866879,24.09505023118717,19.062439898412308,-394430.005944381,-3076471.661314484,-1399236.9357127673,-217609.56780496595,-339917.27963969426,94079.52050941129,-3156641.022913684,-1351316.613033995,-362180.9670239522,-953696.8220412999,29837.28455386774,243316.3724301117
995,75.42239986730446,23.50033782036704,22.18751810105462,-519703.32032793114,-3377905.754472741,-634526.0502809312,-463974.24141980615,-990852.7255087941,-46393.42811787872,-3762456.624506886,-505476.9897585843,-264201.51081613085,-214990.9376497839,-39658.508601742884,1168633.4472854016
996,77.33188588213028,24.095176108740493,22.187372950632383,-343747.64533557,-3542700.271418679,-1034649.1907409929,-149992.66227341135,-1238034.866553703,-2861.3645402233797,-4056132.9543152195,-541025.1610097315,-323938.9921702928,-544259.096886363,-11376.887591782639,295418.75268332154
997,75.42262574184738,23.500498773839023,25.312500365062572,-497436.7825223901,-3827588.566995655,-902808.2459709774,-178014.40374908398,-1381458.2793029111,-92548.32721405431,-4387161.089988605,-490176.6281311773,-350495.87736923725,-160417.55707703304,-38959.4119883449,1193983.302610567
998,77.33212158044961,24.095299434960477,25.312332641114065,-385097.5253351338,-4084662.301026325,-1011416.7850122737,66878.07455472456,-1676845.6518265791,-43601.11027151591,-4822896.659193905,-416036.0200456483,-242243.93213417678,-261822.76989076048,-5977.326714659997,448427.60696457967
999,75.3035234592567,23.46346149400341,28.43748778599246,-258954.35942760727,-4405850.867171557,-890195.2722892616,317769.508638395,-1803490.6137629624,-80734.56367011723,-5180370.895216189,-393176.90798619715,18547.30431395984,-54420.77308276054,-40285.438169437475,1304399.3099519988
1000,77.45171213543779,24.132586217151154,28.437297891351545,-976390.7557018161,-5075883.810714958,-1567081.9372772216,457954.56001253595,-2207953.747887093,-2596.6940073182145,-6174176.770820427,-1021360.5876221824,-423819.145251386,-93557.31020105709,-8285.644454271984,612722.7395153447
1001,75.52046272494027,23.18492804852062,19.354186739188908,-532589.8551159105,-2989396.3416618956,-380466.71414631064,-587000.3162484752,-236757.23360267185,107825.90033469103,-3138042.0855975826,-540203.5826073576,-224207.24271917844,-279498.58354875876,146335.8332351108,1176618.5871442254
1002,77.43178096466326,23.773826358979335,19.354106154028017,-374660.9784569802,-2949375.2934927396,-1388274.9196872765,-222228.18267270474,-311190.31264878396,102332.85920452328,-3024128.1162437703,-1348846.1274058777,-339336.94798734575,-975235.461607529,29564.25115946145,239688.26760366975
1003,75.52063493414381,23.185079184047666,22.39585030229473,-524501.1912512253,-3335878.1591299395,-623854.5594941358,-482812.29316636344,-984145.6497076905,-41498.39497163924,-3725063.568319237,-511599.7266611431,-247570.6148949218,-216284.13621633383,-38070.96108304133,1161141.2831532375
1004,77.43196028404357,23.77394759971322,22.39570720103506,-311265.3026291736,-3337489.6412382512,-980892.2909334663,-166489.84232062649,-1172023.4675756677,545.1215872972996,-3827845.2034497904,-516545.0312932892,-285257.0000578114,-534315.3480339351,-7800.196681798345,284145.64324648015
1005,75.52085146350909,23.18523259661723,25.437499742200032,-502680.4852818039,-3756384.083337757,-886226.7884142592,-193880.67199641513,-1367409.1182576162,-88368.2266719158,-4315422.003820377,-491456.04580150073,-338413.3074119403,-157281.55777507756,-38435.63642480839,1184950.1441701304
1006,77.43218618905702,23.77406446550655,25.437335439485338,-347724.7014524294,-3826143.3495819075,-951937.2618502644,46151.10581653923,-1584930.8981409506,-41419.209003734635,-4528650.5987720415,-373409.44457944017,-223745.26953311934,-258919.0541063511,-6597.951480062639,435431.66796522436
1007,75.40162329058823,23.1485609687578,28.479154398435238,-270645.64428971393,-4314618.920170089,-870705.9888477616,297574.1330417061,-1785875.6077520193,-76102.57523217254,-5085879.422510662,-385106.1726724061,15015.041875506175,-55074.92660849638,-40106.02753806951,1290779.2123808041
1008,77.55188040043905,23.81097211928781,28.47896867143185,-914361.0561596175,-4726283.099268151,-1484906.5555520377,421306.96936180594,-2090263.7029568844,-151.22077531659863,-5780003.929199252,-954256.8966511352,-391289.88512941677,-95610.56611544886,-8819.197604662328,590107.7736839368
1009,75.6158085869303,22.87206020281632,19.64585255418751,-522108.8471858871,-2870838.7603533454,-363566.53372765623,-618240.4338650825,-217103.96317117254,121503.23542895136,-3036025.9267532392,-530134.073675228,-190354.14083842194,-283695.44675176323,159519.73880902826,1202904.5987897622
1010,77.53076962476598,23.449003096509017,19.64577208599686,-374095.4239549663,-2890819.490607359,-1397129.6650279807,-246045.20796885167,-278585.76895872434,113946.74163779877,-2960238.0069301985,-1370488.900677321,-331317.671982787,-1001602.9078104286,29744.09509083579,229911.03276092804
1011,75.6159760230776,22.872205575442695,22.60418274543644,-510643.18555572757,-3198436.5292528365,-595608.045604505,-502269.3201438212,-940790.5298644828,-41315.30388733218,-3581358.4543306874,-495655.52666511934,-227673.77941726078,-215125.14262639362,-36120.503846192245,1154195.232651497
1012,77.53094368738319,23.449119647257394,22.60404167532726,-297837.6886473612,-3207102.531464731,-939707.1329248535,-193901.0932854363,-1128451.3410713654,-222.00040962639088,-3682494.3873304883,-499525.14756178943,-262627.81814466865,-519370.4572310815,-2679.7505472747234,283036.3274786239
1013,75.61618332658308,22.87235152464005,25.562499143590173,-483649.8723481856,-3564451.9862601324,-845891.454051885,-220130.13701264493,-1307594.2790854068,-87402.82780966122,-4106773.4479112867,-468176.89446843683,-319042.9702804789,-153137.2889984024,-36343.71296025452,1183762.4719133761
1014,77.53115979205364,23.44923019810858,25.562338286936733,-332408.23042567424,-3658498.2315446073,-911773.9543536514,18765.850318024422,-1524095.3411266697,-42573.714978418466,-4336718.457881194,-350861.0497735023,-215100.90866923792,-254292.99027503378,-5767.284813459547,428291.88874172803
1015,75.4967169451528,22.8364196880608,28.520820756433828,-245391.19054645614,-4057852.1560572805,-812690.1734636188,255936.40305271922,-1706689.0324839472,-74736.92582098643,-4799477.823408581,-344694.73771676305,28239.041057992497,-52886.98471879498,-37193.687933138295,1289253.3513069116
1016,77.65107059797431,23.48538490852541,28.52063923348731,-880564.8343940659,-4496931.037353519,-1431416.5620279084,383565.0590828882,-2012546.1367738831,-1731.2055358870668,-5519318.136773501,-916156.084705793,-373438.21229619964,-94677.29833485345,-6712.283838858633,577148.2993643522
1017,75.71008251482414,22.555598372001615,19.937518490908833,-490654.2664687829,-2677502.7601578664,-328447.8824717653,-640624.4954479556,-184944.84265410126,132330.01537753656,-2859562.688953681,-494392.69405050424,-142649.52609422873,-287226.0546396602,176019.44627519202,1233828.8783235142
1018,77.62684595600014,23.126559190704658,19.937437755535193,-386178.6197514805,-2900352.5713108955,-1415817.8512508317,-278012.01250081294,-252224.21681458148,123684.98967817912,-2967227.618294712,-1400649.6623715924,-334471.76164690306,-1023571.6168994948,29053.09852741048,217672.56260723388
1019,75.71024481036076,22.555738233576555,22.812514937558607,-473462.5731223852,-2977853.2671487434,-549847.1357187803,-502481.3923248284,-877070.3223566277,-39911.78745456741,-3345394.1043663807,-458453.08248522365,-197315.78913830486,-211189.82556875132,-35035.502579065884,1145401.747354911
1020,77.62701463684625,23.126670860626145,22.81237577651676,-297805.60618447105,-3157313.7442748016,-906342.1539603516,-214736.0889050737,-1121757.7693048008,-695.5866693892522,-3632720.427060688,-477264.31228393415,-251476.76507499974,-497691.8504575021,3225.16451956739,292342.56577149255
1021,75.71044296831805,22.555876706845897,25.687498551508007,-439853.5165180829,-3272277.711132088,-784282.1403252444,-234745.67179185332,-1219072.5048193967,-82751.6378461552,-3788480.2741992627,-422471.5166545153,-285461.5771216372,-147726.122235859,-32012.14911978055,1192499.063977796
1022,77.62722107436198,23.126775343368756,25.68734111400668,-336422.12936427107,-3590648.147785825,-891452.6964305614,3348.143309389579,-1505981.8488329297,-40831.72764364317,-4263322.835220898,-347942.88787611504,-207257.25048364597,-248866.5020894422,-3647.049750670368,426838.8124925405
1023,75.59085366373004,22.52031157617194,28.56248735472146,-189777.2928617138,-3677984.517640573,-725135.9175105682,222131.46511095477,-1591576.1828427461,-69971.15634929165,-4379860.914355636,-277164.0239386483,64127.21028143059,-47238.51637849046,-31171.95742521763,1299960.3090966365
1024,77.7472338201062,23.16255060514262,28.562309965240832,-876168.5108009322,-4406416.433550678,-1410104.312786582,368305.5479627986,-1991101.8133703468,-352.9010522166489,-5423924.72749875,-907330.1696733298,-361434.35996611114,-90383.26577241371,-1710.2233945261623,574416.484788266
1025,75.8043761031581,22.239142284122977,20.229184273235553,-492226.81696460786,-2649528.5742912902,-315664.6313784213,-687518.2214548377,-197124.56379202567,132162.66677992354,-2859165.3778094286,-481013.04901435727,-117241.5958105334,-286011.3116027192,187793.18702719416,1255289.3479279089
1026,77.7229044044995,22.80411035415364,20.229102348431475,-367111.71746287064,-2782182.48150761,-1388336.1592792636,-311895.87855506816,-195629.48318262788,119691.0818991152,-2843944.2101328177,-1385468.3555999845,-308217.7925169417,-1025893.8067993904,22133.651310728437,198204.2454992252
1027,75.80453259150752,22.23927668349316,23.02084703530383,-474710.15542196645,-2935446.413592274,-538636.6486181337,-507460.7702116455,-879476.9740875085,-35973.99753133532,-3309574.891975482,-459822.28266633174,-179396.04299056088,-209502.1124758332,-39317.19979330791,1113893.9531107275
1028,77.72306717135565,22.80421676578527,23.020709786170926,-266115.5942717191,-2962717.551853484,-845448.3529149834,-223774.4170244341,-1071473.8753703723,-1177.138261772679,-3423895.6290394026,-436993.7231441397,-213392.14685664538,-475865.70731129823,5962.013615629629,292865.3497234648
1029,75.80472189053496,22.23940765125709,25.812497768087514,-438395.15649142186,-3174820.7120833723,-761864.0049938122,-249892.0653363064,-1200107.9810866488,-77820.27933106653,-3690955.646737491,-421022.47399000294,-263101.7528411144,-144482.41171986895,-28767.34194256713,1189325.2283944797
1030,77.72326416615631,22.804315429913608,25.812343782823557,-302384.6426530257,-3350469.7618920803,-836965.8830744508,-16011.705766097584,-1421118.6060649748,-39036.176560334534,-3991076.2481279494,-309580.5767497149,-189163.46274189217,-247534.75405578496,-5104.693062126018,410186.19200328813
1031,75.68501223796338,22.204210196561334,28.60415379429181,-193407.55600587022,-3562247.4418560863,-698623.6290205279,206669.44658585323,-1573275.7956256208,-65151.05919452432,-4264215.689326356,-265028.8056371233,74965.86808099388,-46686.68197110735,-29444.69245715334,1283174.6020675437
1032,77.84337672823885,22.839710659489878,28.60398049342627,-818836.6049499197,-4085053.686982144,-1335330.8811918218,335610.036980779,-1883057.674298357,1466.7771641883676,-5062959.662841377,-846001.2281841887,-330260.2820983187,-92053.62180281946,-1463.0795595850116,552218.7102661113
1033,75.89579921410122,21.92510083065423,20.375016525200223,-234781.9534674472,-1063579.7238495497,-189200.72102667222,-140391.83547130344,-266245.9693976668,103115.26163751785,-1151094.6439507538,-314788.02253159694,-21679.731861318367,-277976.1369388798,182502.56650171624,1214831.648688947
1034,77.81782018020797,22.478070835185733,20.374935981897256,-185885.6602817877,-1536361.0151194117,-1286656.383467034,227404.05291255243,-541757.1315885852,138186.39229573554,-2005779.172449799,-857077.1932733452,-146046.69314509016,-1017870.6605063414,12252.546310112297,168898.85235250113
1035,75.89594986692806,21.925231463644295,23.125013056839578,-323873.8245401422,-1737548.4897742637,-571193.7212937165,11059.868618547645,-940946.2166607174,-13760.478890911683,-2261387.69297689,-324960.2241719989,-46268.118459232915,-219950.46666666752,-26932.429342451254,1101373.527991967
1036,77.81797695221664,22.478173408220535,23.124879187065005,-202637.18765340303,-2095581.3957689404,-963292.9902724929,291389.89884651493,-1245276.7387554797,38985.49365906886,-2923447.5347467205,-293634.71104146045,-44429.327906655184,-469367.4073344655,17712.086265075162,299804.47637041495
1037,75.89613272355072,21.925357265771545,25.874997359141815,-362631.9149997569,-2409975.0996442637,-795441.3017492347,89828.96377485967,-1223510.46971448,-43200.65449911547,-3069808.752245022,-387301.65819172864,-110937.90595650494,-143372.8570364485,-24913.72022766157,1183817.629545986
1038,77.81816691924752,22.478268216300595,25.87484701063429,-279670.89759857056,-2792536.8425181117,-930070.7523683237,319121.9346544711,-1462819.5366728122,1525.2676918057596,-3618991.6701493384,-356444.19162535865,-26842.630710308873,-245921.86391840223,-4846.621812642405,401005.5919786088
1039,75.7761977023912,21.89090499855064,28.624986926267162,-153631.25168009987,-3163322.9765279717,-688330.6614251033,294910.3352504824,-1535451.8913075859,-48452.45583007848,-3913894.5285985097,-239514.6176350418,148124.25660037654,-39463.55728808434,-20934.076817214573,1288339.911303792
1040,77.93849044543894,22.512909608871084,28.62481765427762,-795278.2475929599,-3761511.188055303,-1343264.5901765137,420502.6950624634,-1842933.1313864023,23833.471672430696,-4793002.340317676,-825303.9434864253,-281747.7420206745,-91766.73198334222,498.43104755210976,539970.4499337345
1041,75.98609859429635,21.60747291348219,20.375015681561106,-212914.37963612392,-918322.3002531925,-150061.41827165626,-151486.1285518931,-201444.7837986538,101794.27804905524,-987909.0514788583,-288017.19546974514,-5371.851212369694,-283298.50991516496,176783.87549252587,1162080.2841846496
1042,77.90984673589818,22.15444131124396,20.374939392159597,-181089.71749156836,-1462884.1424591106,-1234058.947946099,200369.47298197236,-507671.7525217446,130666.07102377753,-1901829.6269570994,-828826.5852177368,-147376.5957219418,-984600.6843546712,14314.5087604698,166235.42431906468
1043,75.98624372479179,21.60760115075289,23.12501263369196,-283766.19160732,-1491907.3888253337,-509042.1724779821,-7789.866084346532,-836384.2348229168,-2102.086798359347,-1970585.4274520804,-283746.5785030047,-30383.746955549654,-217901.93448381938,-9340.67773119116,1118507.7996272952
1044,77.90999782712413,22.154541647464004,23.124883487090262,-207881.61688438832,-2021483.1680257258,-963805.829076374,272170.7193793212,-1202602.8366193804,41892.3977162747,-2830421.4324282818,-294561.5691360754,-68187.6124221314,-488639.32363580377,15035.076860053217,292512.76374684204
1045,75.98642228266303,21.60772416744318,25.874997307995567,-319735.3180570617,-2128787.022406705,-726142.0757862802,68986.25112479822,-1122173.8409953283,-36759.18602087886,-2751510.122315027,-337430.9971238426,-85723.29681117706,-142873.23493589315,-15740.812095909381,1184544.2319137477
1046,77.9101831491418,22.15463445575429,25.87485073748788,-282603.8967871173,-2698168.543125026,-912078.513864177,298313.591908406,-1441831.5643253592,2742.7258533213803,-3522341.6458021877,-346639.2640584702,-23870.04391566186,-246169.14294189055,-4688.973803544558,400406.679991293
1047,75.86637515428534,21.573644492412853,28.624987024749508,-97273.14686811634,-2807100.2341206954,-606473.6195624176,267838.2493105658,-1432859.5612418517,-44446.391094654806,-3527592.875488116,-174152.39885992793,190898.27379681508,-29575.524614200735,-8313.380653858982,1292527.380546845
1048,78.03061031954935,22.188898357241055,28.624821585697173,-792275.0698607021,-3675073.0248101293,-1319863.0103138946,398989.8126726661,-1820830.0417873305,22642.15120775791,-4699382.370911546,-818026.2985893115,-269802.435483868,-90632.73571145974,1625.667179899364,532351.2746207396
1049,76.06715280749056,21.32939499287994,20.375015140734945,-321047.45991404174,-1228104.1630310668,-239899.11008267303,-182332.74142743618,-302165.0111610504,101820.09811392569,-1335148.3563494722,-389832.4064749661,-64069.97020334375,-323461.3976017743,139513.68969420224,960050.6215815262
1050,78.01112015645056,21.791263693200825,20.3749432429551,-85862.32790857504,-823283.3779137945,-1057579.21455032,75010.81660283457,-196257.58444069797,126889.30427505626,-1188689.3167717517,-711879.0552081255,-66156.54839281202,-960626.9581522616,-9596.552685116198,92674.63525382073
1051,76.06729317423807,21.329520704360803,23.125012051651826,-435068.16171756637,-1889284.5550029879,-613561.0591108116,-54286.66438765134,-1001935.7254238316,11202.121704805953,-2440058.2330562025,-437632.3177188769,-60223.225056286545,-250675.00269285304,-21449.635541500775,943322.9599839215
1052,78.01126493486898,21.79136151555966,23.12488814782413,-78354.2585233878,-1097170.1524274116,-761921.9754230623,116611.99062338381,-658664.9222331793,51371.2326651103,-1619124.5421816371,-255004.09573226387,-63317.74845996117,-519545.56248604076,-11753.193750588289,202603.69458653373
1053,76.06746796017448,21.329641378709454,25.8749970550317,-526938.2149532036,-2676981.968548556,-874047.7307257229,26701.52729989237,-1324692.0374723282,-26096.54255626805,-3377887.4671981526,-530431.0646907964,-169649.38233853318,-181722.52799375675,-43606.915379144484,984005.9939757914
1054,78.01144510421403,21.791452100213917,25.874854934202464,-103724.50515568253,-1457206.9428698542,-631022.2246216843,115387.69811222036,-844917.4798464517,9748.181331367328,-1990242.5350160971,-153679.08112233467,-48032.05650878978,-272750.4138210649,-33853.48082911348,307941.8758110969
1055,75.9461536936879,21.300878431720903,28.62498700293105,-437463.7214080484,-3822117.2701589363,-874791.4907462293,224126.1492823128,-1777020.6385186971,-33850.48745917569,-4665429.213323161,-466196.6001462662,-2746.66884378354,-74095.21773946389,-48465.38939056911,1042741.6126775163
1056,78.13313109463225,21.820394732772282,28.624825957734224,-516352.77111054386,-1999936.050637132,-922261.2251394875,165398.66064250923,-1110960.5869669598,22262.038858107455,-2706394.228791749,-521811.41197091504,-210344.4061245001,-123094.36493495852,-32848.37051591688,419964.3853028262
1057,76.52679349462475,18.923364086022445,21.10418119241767,-56912.24903307525,245083.31273547406,164142.61905262832,-353090.54483415233,493025.0938918696,48733.4696087953,-486157.1429060422,70935.64427127862,767535.1813897907,-290100.8773585417,108115.36440549606,972186.2309079457
1058,78.49213549385532,19.294000823927902,21.104123033683333,-7890.360866097717,-67394.56958690015,-617687.5519924975,-258778.20852000115,351513.9722696213,77098.71612898969,-831624.4245037662,-128000.82087968591,266652.76293795696,-803773.4682365406,10936.959018590273,254565.13898417196
1059,76.52690263603957,18.923465343578354,23.645846786152628,-145971.52864150357,514438.4967287788,33827.63225127607,-392244.6976583437,422630.44486142945,-81976.3807739698,-372883.5334284353,-125241.95270104283,900420.0864680293,-248098.9778678351,-3051.4809131421594,948548.1823925526
1060,78.49224681140672,19.2940792575372,23.645745792522554,-59406.8676088871,230564.9733697035,-241951.3119403178,-289869.8551046638,193545.97098907508,-8898.318798103697,-355344.79213539977,-167242.0644267768,451793.6503826751,-453115.4895522048,15187.432974531368,356446.3940743959
1061,76.52703950061525,18.923562333537408,26.187502459488258,-234774.8378523193,784021.775800409,-25883.039334462752,-412270.7827189136,340037.65276126406,-120883.75493884436,-380704.7533968067,-146833.14668153503,1050901.798691968,-185294.20575176133,-12955.073742800705,974515.60285141
1062,78.4923872380008,19.2941502531953,26.187385040490668,-197001.39034146394,466285.95134772937,-98436.97286870566,-297512.6636284064,87883.77045388047,-40865.846083154946,-311117.624425348,-111719.31005081414,593684.5226137217,-225971.39875113126,5841.9343901920065,469046.16176733293
1063,76.40435033717092,18.900479441242794,28.729161642102458,-11759.432065970439,1164430.3904226753,243366.93677908462,-285353.0577359275,281177.27081223944,-65606.18015734617,-77336.26839699416,165088.59282589494,1308285.5707068888,-71484.2299091272,-8859.125505359963,1023076.9020037225
1064,78.61536856548223,19.317373384043872,28.729027177784552,-589217.7583082472,525467.4110108046,-344189.7339436967,-217864.94376998662,-43892.26694691838,24298.110360831288,-631156.142385922,-345805.0675249112,569021.1286696942,-86109.94067507816,4825.646682182322,565353.6327614711
1065,77.37571301973254,14.343761165986244,22.56251144900398,-76913.60900485933,185846.4632655273,123134.32035331956,-237196.51540681854,364818.3269897468,39163.80727844781,-353876.54085975914,27924.831868415913,558018.8836053305,-215255.4088184907,65391.30284697167,753282.8884778349
1066,79.34220967080503,14.708273120945655,22.56247306832335,-10545.429037000667,18611.092196686994,-425855.0266408661,-193822.02608083785,257034.95515013585,60944.12240363076,-577963.9337663604,-77450.15701202594,237624.72729720653,-568120.636281234,8142.657606691249,273689.76540023286
1067,77.37577470526644,14.343822520628263,24.68751242427809,-136980.223702594,378095.206420865,13887.60032553524,-268303.95055815566,317628.0301338853,-62372.70105214119,-279034.07771240006,-117028.99528827371,651065.6560444802,-198633.1806907753,-16787.21824418429,733380.832641671
1068,79.34227238071863,14.708320193810144,24.68744675295054,-37562.80510982241,241632.1211984014,-169052.34491454175,-219387.86548279584,129151.20292560411,-2587.6299852744214,-236574.52130932064,-114366.99803751693,385958.4905208746,-332556.6706078495,6842.840927802157,336438.69880567497
1069,77.3732903125195,14.343405321728092,26.812506614119805,-183620.09420671055,585260.4119690206,-28262.012732078874,-284005.9741448991,255875.4153230716,-96937.76822959865,-277992.4305819227,-120789.84201170132,772160.5776238558,-155840.23282082836,-22996.937264105767,743887.5911400042
1070,79.34491168975575,14.708834709396593,26.812429220660093,-135308.4945400207,404599.83822928614,-77740.5575091866,-224951.94454298957,46912.04465781725,-32082.25920389164,-218229.4688413536,-81584.79249515965,491365.04751659185,-180107.22877542354,-2209.660166945063,404217.1089145141
1071,77.25046538509966,14.32066926485546,28.937502481544776,-40821.00621302964,852346.9146564608,171313.1646199077,-185038.18775986106,205067.54191451563,-55096.8729116064,-78603.6294336671,114394.5756836791,947048.1268133267,-70260.79814524575,-22150.330228463587,755394.898191541
1072,79.4679007071407,14.731648400982367,28.93741271678345,-408479.660808931,439657.1631753066,-261942.0442079923,-148882.7756499203,-39002.846587029846,12406.027789924578,-434044.6961004298,-264005.8616449918,467286.0159038049,-78907.91248276563,-4535.685148601356,469176.49062251986
1073,78.22411486545174,9.767246028901234,24.02083948369517,-75420.29858870502,164396.1994510078,47234.88881078183,-170895.88733332572,232224.2927559243,23745.906527128303,-241759.47249802438,-1359.1012005836183,379329.3633716926,-168332.65363405002,53129.72991191535,551503.7337166585
1074,80.19281256691333,10.119461945143284,24.020816688602366,-15072.963121191999,58015.60854301436,-287070.1499754137,-136916.53611889464,147902.60906947963,38947.00472260806,-363783.09513213736,-64232.23694299968,183887.82752154567,-404456.5095591547,8581.431120940812,217924.26936842498
1075,78.22414582140301,9.767278950337008,25.729172480428137,-124729.77056345041,304087.5843346498,-25857.917316047504,-184590.46620522934,190810.5128018455,-56983.746242932306,-194934.36084719846,-106364.11120662725,454798.3685089777,-152643.540000684,-11652.823693831559,541989.0429282754
1076,80.19284379468664,10.119486264250723,25.729134695735944,-39240.017413243724,214833.7253591133,-114656.65777734522,-146304.038851558,49039.11470894252,-11108.141344286409,-125873.24715371818,-100775.86800732625,287586.16532956884,-247224.65257837513,5337.063664321183,259849.73171164794
1077,78.20622404627744,9.764178252879088,27.43750194053154,-133987.9888672916,448987.33842483576,-29849.717699720437,-179746.57607512537,155087.62396863726,-79619.02963582173,-194543.6808331047,-70744.49066231625,550437.8033532449,-121252.8934616164,-19969.532863372486,545877.402678492
1078,80.21083982909872,10.122635718115525,27.437456945512924,-123157.5644522001,311459.1181104214,-71960.99284197007,-142371.96003664524,-7464.80250254541,-29210.26643347418,-174494.04940444042,-63113.11208392893,353947.7223046204,-143194.72591183777,-1455.752086165505,301083.2002851473
1079,78.08321877750927,9.742186691824177,29.145832192223658,-75972.12034537265,608496.5837006568,83278.80909535453,-105405.77701713367,124902.91337949458,-42618.66757361769,-95409.9530289163,57265.396048192786,653947.8294313622,-64417.491930062715,-18955.841731453766,552280.0249349787
1080,80.33392264840059,10.14466457892901,29.14578019119727,-265741.1707456882,334227.7209314237,-170837.7124223754,-74131.49188552423,-38715.24183844931,4669.679909222726,-274765.0693862388,-173778.8634521767,346192.7706017756,-75704.08292634698,-3754.916364710135,343054.28645528044
1081,78.66995606534859,7.193279123764741,24.89583655635901,-101893.78884726492,-89630.1396333095,-28429.154888513647,-140988.75422351836,170877.9607467354,43709.24029432089,-320464.3114480587,-31752.62498044849,132263.85305941923,-125074.58676694812,20784.95052779403,418995.56644457043
1082,80.65193766094426,7.446426738638184,24.895821895868863,-29789.830206392624,-77881.82576878957,-280424.48477696755,-85051.19046495136,92493.79313665614,33780.409838455525,-329928.3031818739,-95815.90602249689,37648.068452220876,-286108.6618573838,-1908.6905809976313,170095.67680024868
1083,78.66997331042,7.193298851008328,26.354168425366296,-89034.83085159287,27593.944317312795,-60075.694956446365,-124413.90136689488,123236.8686749168,4110.869713368584,-209592.09725968918,-69664.2832744621,157739.79904342483,-106249.55068546806,-29640.22034405741,437884.69003514503
1084,80.65195453642578,7.446440711148082,26.354144906538263,-10342.298876892206,-1759.5010135205957,-177147.5853476773,-73677.15512907477,8616.464173209723,10837.449989325782,-179071.37643951323,-77934.75280975005,67756.7440111732,-191151.33579447778,-11960.327052566952,183285.81033044372
1085,78.63642924231446,7.189144087281367,27.812498546172463,-35586.22981328143,127209.64731246128,-44893.106895184304,-88067.1836912207,72221.95705147595,-12390.052998088537,-87677.13865772518,-53201.44550428727,187608.89476600807,-77403.58603182578,-40687.3223123908,449950.3873239077
1086,80.68553806057977,7.450623410417137,27.812470148796137,-25077.026083454715,23098.711789934947,-142291.45127089124,-52449.110812535626,-61159.22135471695,-3026.921918810339,-165340.04664691634,-47992.62682926892,69062.90791177422,-119579.57092245175,-21319.133386032765,194262.8711336471
1087,78.51257545061475,7.173334222212524,29.270828990503745,15757.637409040268,212490.61770077675,-1194.6565082038287,-16857.652784594444,-7076.527630085861,-10276.852436343135,-6903.047872700338,19854.105195346627,214102.5412789668,-49900.76358907255,-39676.323543931096,451628.0621940448
1088,80.80943214330142,7.466454093483403,29.270796607252993,-55063.33848232552,32074.407355250834,-147481.30633886205,3695.903367253192,-103248.91454840178,-6673.078275560128,-194673.75106261796,-55195.18312099918,79398.69671768034,-58795.88234002847,-22687.086866724312,216204.56198138552
1089,78.719878575655,6.5723224633799155,25.187502852606144,-85230.10964791039,35953.43973182568,-19225.427439812804,-122919.21885838991,168728.64940080492,40991.9150301028,-244976.78052673876,-20984.487195371687,197459.17036621305,-117796.82292759742,23254.026951670785,410403.8831590471
1090,80.71294244644217,6.738703451091398,25.187490039493085,-37126.99728547862,-55855.19089195896,-264888.13930257404,-91207.27111228611,97347.56986728203,33943.825707446515,-319160.56377552974,-89875.27670577401,51165.51300129217,-261429.33233787393,-893.5356201919769,177145.99710169435
1091,78.71989341700876,6.57233949047733,26.562501150056196,-79631.4974573324,149841.5761091655,-47003.6292051247,-107309.96686288243,136881.5607414471,6825.819296996226,-165046.36139235835,-58582.98788973957,246835.7987288063,-101210.78677388953,-23659.111897302726,433352.91852757
1092,80.71295663576133,6.738715697694964,26.562480774355123,-18656.8706764049,29502.90063498675,-167063.84523216094,-75741.94968704044,22462.58593938303,14026.522280808387,-173514.95433047428,-67993.78671315931,85290.92577005451,-176133.15250683503,-6986.410037805291,188473.3744667779
1093,78.68098296517626,6.569104751191681,27.937498241214488,-30247.46249282334,259470.02907655577,-23326.99086264694,-79041.84002464004,101138.4329642593,-5277.506827139069,-70827.89811179118,-32647.20465309237,309370.67848596897,-75277.20312048009,-32409.46731602287,452398.61272810615
1094,80.75190036129663,6.741974736259503,27.93747365183713,-32538.460588101574,70281.28412009469,-129456.35320041567,-53357.846429368576,-38816.956443645686,2208.9533756322608,-137374.10570236968,-53197.533850581225,98858.10988452831,-104362.5209598888,-11357.365645481133,204200.2903011262
1095,78.55643349677611,6.558716094238129,29.31249563920671,12554.726762631442,352835.51784717187,21505.381220191193,-16462.365309315366,39535.66454847669,-2661.971266992154,11652.46089031334,16952.54947614839,358290.6154635328,-42146.0152725782,-28561.62031870534,465080.8082700855
1096,80.87648375057788,6.752381444305042,29.312467766818326,-51938.167558803674,95128.45059764033,-119742.4139447582,3487.601424726561,-70354.69726417371,-1369.3976997129198,-140729.88987808576,-52019.951391334245,116197.71036349845,-44758.18970247017,-11486.622385021368,232936.15428193152
1097,78.77509188315209,5.911096650444581,25.47916918826803,-80877.41925752984,50860.26074245009,-21465.71752631992,-106624.04968549949,147711.40683480847,41079.588697382016,-214592.15299566547,-18411.231778374047,181520.5087326398,-109168.34949117585,22894.774317759468,378652.5300051689
1098,80.76865642865049,6.0712487891397595,25.47915817845066,-32450.789057949707,-34208.35566824269,-237795.61578964596,-81664.1431554073,80623.04037804661,32709.68240410255,-280241.31921532634,-76990.22514716537,52776.783846653285,-240303.78180023085,324.08635861626254,172839.08898891596
1099,78.7751045698447,5.911111090876004,26.770833908257835,-76905.74939095817,163199.0959065635,-48003.872120965396,-94871.87226059956,123710.40147614662,12529.477040368778,-151170.71690489375,-51858.59761918067,241318.7889187144,-99014.30789491367,-18954.159165355264,412254.7757552806
1100,80.76866841328597,6.071259535535198,26.77081641953786,-17951.839819512858,42875.00775855268,-157645.21664456459,-67368.45397611157,19853.84030389564,16675.4711834441,-163872.8607851606,-55468.79828346923,86619.61036310502,-170694.20907862263,-5819.753788565559,182573.89448256587
1101,78.73098951069007,5.907586789776059,28.062497931248743,-30813.41473984586,262282.91601891967,-20457.634382638527,-67085.66605666319,94461.71783445336,519.0107047519206,-65968.14466483044,-26278.155664955608,303258.16722622147,-75111.55723095851,-29318.46945761957,427128.7476430719
1102,80.81281129615454,6.074804807948207,28.062476704454248,-32467.739497360588,82536.19401924667,-122555.85086888494,-45450.20119070055,-34200.481724759826,5203.819211595452,-128162.26656030539,-47779.52331761168,103454.39353091818,-100027.70813707869,-9333.634479551238,197666.40975440873
1103,78.60640583666688,5.897585791981792,29.354162240873613,3064.962825179333,344276.7482285843,14391.80095226584,-9988.819030835539,35691.14553462957,141.64693291972267,2598.8062503079545,10755.795294140487,348378.9104615812,-43493.2481898293,-27314.9819627218,437913.8375188718
1104,80.9374228945855,6.084821292905349,29.354138219189394,-42964.12828569755,109836.31094489765,-105183.34723096737,7415.10265563429,-59483.82453879128,-438.23246351908045,-120568.50566890737,-43253.11293673013,125510.4540338702,-43561.959386330964,-10357.385416227105,223832.8037237436
1105,78.81288137606693,5.421957000622405,25.770835396566113,-139329.22329943033,-191877.7743339532,-87724.688767669,-161628.95697515312,146229.55842690874,60143.88205006548,-402549.30495335313,-52877.76429967494,36495.382851975635,-106174.928989244,24557.186011347625,363663.48374653177
1106,80.80783080432406,5.563411309568014,25.770825572872848,-81347.47687052234,-218964.22686057715,-288962.2327542876,-118782.4412319799,106801.05775102181,44678.98874323173,-403316.6484910468,-174007.75543499013,-11949.532559350242,-232189.0210510941,1948.1178250467042,173252.2532663201
1107,78.81289263920506,5.421969390479838,26.979166981453403,-124386.47711426542,-40693.08268831727,-96960.8231871346,-142532.3552017417,113912.20225446027,26049.873733975743,-279064.08785207727,-82173.7901896772,99197.49505203718,-97346.42557324484,-14763.973614701403,403093.7292760704
1108,80.80784130049472,5.5634207901547175,26.97915148500576,-53613.97278130674,-101365.4065337796,-190203.2859537812,-101261.02855599506,30228.742294460742,24693.418244788096,-225134.4601506221,-146597.93845216482,26549.73333391933,-168141.30559698655,-5578.586085346005,175981.32527962798
1109,78.76354939871757,5.418497025535718,28.187497675964636,-68804.16855061408,91079.91137449924,-53454.69155012004,-95577.26984852612,71938.30354541025,7594.857198574456,-134363.42737597623,-51474.60973541243,154659.08838515374,-74003.56712925785,-27767.07787971901,407061.00062510656
1110,80.8572083811792,5.566911444689886,28.187478829239907,-59726.92167485306,-33749.400397853875,-143690.1597090894,-64975.051083737446,-43707.881248677186,8154.911599773979,-161521.58282207412,-104155.58437523834,28510.685415516127,-97133.6222227295,-9352.665830595153,188700.3948855336
1111,78.63887690592013,5.409663318988824,29.3958286739704,-34047.93359181916,199394.66779403918,-21168.819179447855,-24157.145444828493,895.0273571628271,1842.8212763334177,-36759.12888528204,-20933.460135748403,201870.50404380268,-44945.6929346216,-27658.205801399446,413415.7166585552
1112,80.9819041139008,5.575758596455748,29.395807386923355,-59933.40266016651,9797.450429552555,-118534.01188786,1092.9964598117385,-78112.53980087687,-1174.3747631986716,-155460.11234811626,-59950.513722264885,46740.66195190723,-43213.00380050823,-11071.188859345792,212964.64367225862
1113,78.83393993238006,5.0955540876767325,26.062501801003176,-127193.81659776345,-122418.29119133292,-88800.82210968994,-155585.79198165736,142094.09791292774,64117.46423122107,-360571.05336865224,-42821.57071226634,64979.69418213236,-107831.3388605525,28392.183572613467,371627.43472047034
1114,80.82977346771446,5.224540294442783,26.062492415031734,-82983.02254250977,-203144.15681416297,-296376.19782079244,-122971.67115517386,110973.6183876134,50106.33525520834,-409451.6971002626,-167963.20339402716,-5088.4766831752895,-236867.13504799758,2419.338233375922,180268.43311390455
1115,78.83395020090177,5.095564991780897,27.187499802961003,-114680.5432214271,6965.0511778689615,-91241.2843448174,-132135.58857653232,113796.14474933848,26143.34190632025,-249476.8885932829,-75228.63330635434,125748.74551126172,-95304.47833895068,-12587.232803648967,402946.1993261389
1116,80.82978298003334,5.224548714941251,27.18748538071543,-52113.5302795816,-84930.29826818386,-181200.43785104196,-100107.07215539887,33469.49946875239,25524.59968155373,-218000.8654350789,-133188.2526823117,32944.85171858318,-160064.27994068,-3730.3835368823843,179429.6231285776
1117,78.7793873850869,5.092047560532576,28.31249745045702,-59315.263204528615,133591.63971933845,-41398.03616779923,-84849.5228576023,74558.01759252544,8410.020760924073,-112534.82851754698,-40210.14929829624,185623.31816285377,-70504.13716592488,-25320.111658159694,402253.5463222518
1118,80.88436680574449,5.228082260634962,28.31248004800131,-59249.35253312517,-17815.792910505075,-137916.31294476928,-61811.34047507099,-39516.072198913964,8173.947447708475,-151240.2434180965,-98359.95075630835,34618.73578600533,-90739.63322166316,-7388.099630978586,191777.47064144316
1119,78.6546581763553,5.083992046129856,29.437495395054597,-31069.36837085671,235320.85977464722,-15453.665343376779,-19004.64018623529,8873.026347323228,2272.623940549982,-32906.45364606325,-15264.757282774368,236969.03698925133,-42497.4240312433,-25185.743826687085,411905.23979920417
1120,81.00911629162971,5.236149578448919,29.437475818099816,-54277.47148688578,28950.72464868288,-108088.90363403305,2246.1563873767786,-68868.65388184981,-1493.4155545596448,-136720.96114852058,-54336.851236119204,57642.1619124038,-39588.68621456478,-9447.139587042264,215641.17372306957
1121,78.85507659037529,4.769155887159556,26.354168083504415,-125273.04904969211,-97329.84973498186,-96607.58995680527,-161780.78675264827,142258.23402887178,69055.89639701533,-358830.5303547575,-40661.16827765273,80281.20989093088,-108976.32469478724,31509.018406057916,380275.11791317613
1122,80.85163822028565,4.885664136338336,26.354159093441822,-77899.2194460422,-164172.92323837389,-291975.63920733123,-121494.64329869873,114031.58891532631,51967.77723970033,-396660.4040260969,-147507.68537081082,10120.307505160297,-236788.46634028354,1702.9945472012403,183017.2867864986
1123,78.8550857742272,4.769165523931441,27.39583260773106,-112947.5130417061,17505.22801599057,-90828.05237481688,-128371.74756793474,110876.69235237468,26486.656492670507,-241214.8774163219,-73938.32950782389,128882.8695236134,-93302.41222589172,-12621.746056649648,389440.35469166253
1124,80.85164668058736,4.885671595202599,27.39581924064874,-46060.76937154879,-51910.2687698489,-164904.85067135558,-92295.39315114594,32825.29281936451,24203.56061620454,-195297.1243173834,-111084.18273907318,43505.41824370328,-151506.33783150266,-3958.6700330593767,174903.8023241305
1125,78.79530131562387,4.765700971045314,28.437497229853427,-55827.012191780304,149236.86505489826,-35173.03915951752,-79334.80643710397,73430.7708288315,9508.208247842813,-103378.86022564846,-34151.78502514672,195767.4589543956,-68759.45645321121,-25065.92735075914,386851.07642352534
1126,80.9114493251407,4.889150217457551,28.43748123685407,-54960.53514853895,11569.781565845013,-128896.09534476255,-54778.3659461301,-35787.41879768546,7311.839728604382,-137992.74443184122,-83511.30010500665,49217.19560939136,-86875.17223991855,-7811.267218041319,185912.68899640912
1127,78.67052513678811,4.758424483377153,29.479162104456844,-33563.56225598104,244308.50542062812,-16094.247225028099,-16846.88275732431,10207.75011090155,2618.9194122957674,-35139.426105475446,-15920.463063564463,245710.58510865897,-43831.700835093645,-26294.357799758895,394565.4564885966
1128,81.03624294466991,4.896436992426349,29.4791441973202,-45938.73276437547,59560.136156890265,-95062.3546559581,4953.551462638367,-57715.19099965293,-1874.1186581045192,-114230.15225336592,-46162.25866165476,78951.45965157737,-39681.59928559046,-10705.786235135614,206014.597887941
1129,78.88056899236634,4.27922072478055,26.645834108614107,-70028.2588692083,137664.4391087791,-43836.471106685916,-95972.94335762011,114274.22743458438,49590.35659768107,-177041.39790763054,-8487.83936734195,209328.9464078573,-107784.98607375727,29759.054658319703,372036.796245327
1130,80.8781644664766,4.3770088933618005,26.64582609171357,-32439.088681483896,17218.577383096883,-215498.10399737235,-76016.75333196207,72672.02257886613,38160.774139250425,-252410.2964385684,-55765.01858805795,77456.69973086701,-223891.2634561205,622.5028782082343,177111.67198014286
1131,78.87537386857386,4.2789907926910775,27.604165784789313,-67953.78008807116,197895.54561013792,-45736.5695076696,-72046.1359713907,94263.30675458493,17378.776824022796,-118314.13186359567,-40379.669043479356,242898.99692147208,-90873.70508594341,-11697.101190835701,369988.42316855147
1132,80.88337424210442,4.377253884904775,27.604154088868665,-17871.843347539067,86731.00285015495,-122240.4361476229,-53097.8343183936,16612.237885037575,17478.416843965526,-128308.82004442626,-34354.94178400886,109282.48518342816,-141185.8785320687,-2443.749410261232,175588.9370275002
1133,78.81035533583724,4.275822783415552,28.56249712767648,-28216.334708605325,282157.41108708264,-7513.989687047797,-41258.405778568595,74021.25599016658,6576.760448329906,-45376.941918756056,-12655.350912982027,304459.37952316744,-65512.891445060006,-22930.256945471483,376831.2580881326
1134,80.9484077507158,4.380433871075891,28.562483170298293,-31688.364534066102,120082.44896903198,-98688.69561819824,-28542.68928962644,-27106.005357505433,5016.272525872989,-102031.85976317759,-36878.61464155166,128615.8632214969,-81361.28067320476,-6024.516887590897,185923.89827760094
1135,78.69071576252601,4.269953761020129,29.52082862209052,-16448.412140535263,343791.66273861116,2306.726015375112,1039.4986225470175,29090.039107930872,2529.3006600966046,-16808.050805446775,201.7004738048878,346256.32694509276,-41979.19815954093,-24720.534844898517,386608.7215718076
1136,81.06806146576771,4.386311520014682,29.520813128716718,-25225.653713939093,147525.07489363936,-68116.06565823292,13592.40292155711,-34365.303388291475,-1731.0403918350582,-73463.21239704938,-26269.892785772663,153916.4607042894,-36959.277036811734,-9082.934047377072,205204.41151793353
1137,78.91093457703465,3.6163880354232263,26.937500496286006,-68801.70795838833,129955.48722282393,-47940.009762869886,-84139.30939198374,104146.17546325331,45051.56960913835,-163859.73789772822,-14671.306411422871,191744.81381071667,-104201.5050537283,21549.44403403489,342498.32491922425
1138,80.9088355462117,3.7079352832333297,26.937493893451663,-31857.21882204462,16105.595759907214,-193978.30824013945,-67770.95966315588,70635.82936026224,32981.81656630138,-229647.37221209827,-50480.654366575756,70398.0952763972,-201332.3489685251,-733.071488688694,165117.08915612524
1139,78.89533209371452,3.6156799273651807,27.812498847048115,-61059.57398680831,200621.9848327547,-39793.00071400434,-61649.19139155048,83864.6075653144,18247.13732229372,-103846.10237731886,-33064.38741650343,236679.8999257643,-86281.75611054979,-10950.70400939517,346403.37301524426
1140,80.9244494464064,3.708656098857857,27.812489257286668,-20857.786962214566,86557.155608223,-117722.35689152882,-47843.496191382954,15643.701595846926,16310.415992827133,-123210.4074595451,-33942.69573978301,105130.11495380776,-131098.9907080653,-2902.068112584128,168716.73596731818
1141,78.82509934755748,3.6124670263295657,28.68749712909692,-32383.7522851557,275915.68899128167,-13566.82581164378,-32809.71328196066,62930.98077832263,6611.655982657138,-44772.39408164297,-17192.42837334663,291929.9333494719,-62271.91076443429,-23305.81027230983,354790.92102623836
1142,80.99469370734275,3.711878860606279,28.687485690582502,-26002.887936399544,123264.51114887868,-85828.30483388677,-23094.056684732917,-21743.501691227728,4062.816307198171,-88112.74332452127,-29484.355733514167,129030.41743662771,-75522.66387303662,-5296.902579958148,179628.36890057338
1143,78.71584462838469,3.6074638938285464,29.562495452898414,-20535.775542741787,333441.1568555596,-3678.416024875958,4686.766898405954,24745.235793257838,2673.9747300557733,-20952.008630274155,-5135.474593015065,335314.448511231,-40735.83892304601,-24948.45997175932,367469.1878708224
1144,81.10395908954558,3.716889041291825,29.562482935351,-19794.49307893713,151714.13912748985,-58328.75141234588,14035.231256946905,-27710.732775773853,-1756.1969718910605,-61923.18948516601,-20929.60751394932,156443.6916353222,-34776.59081192604,-7741.6819609110335,199155.73061292735
1145,78.94111184292262,2.959802826008816,27.22916690959014,-66034.653454121,132480.4599646388,-54803.80749262794,-75622.70665478817,94292.41507300806,40101.43285227857,-151375.88084498208,-21323.422687670645,184341.3025505425,-97884.96609981405,14505.500848319427,320541.18936205877
1146,80.93969529968916,3.0326145470485426,27.229161514263584,-28838.970359384894,28354.32255811896,-172304.58247582935,-58729.88277402953,64947.19865012328,26883.276030850262,-202455.6855041629,-42943.349093901496,72609.80432096912,-179959.6810926343,-2800.6539380246086,152481.79151998763
1147,78.9150914371999,2.9589092928852048,28.020831907081742,-55631.65892136828,201739.6537233321,-37813.33753786001,-52486.60483326921,74763.17623389236,16472.837790982,-91117.03536920738,-31195.36323729517,230607.05587060633,-80166.94458421975,-13796.63492028876,320304.4702408053
1148,80.96572427844936,3.03351831053442,28.020824199604927,-20891.17683628664,92244.38582425454,-107443.94395495697,-40401.06078263411,12795.144987236552,12810.92326887406,-111116.56201218677,-30488.93854112694,105514.76558632465,-118101.93825097223,-4050.7545353990445,156748.516415801
1149,78.83962756581528,2.9561886195375493,28.81249710464156,-34662.07836974274,272117.0299281442,-19060.556916579153,-25657.17191327338,51775.415130637724,5373.177189970651,-42795.85303778085,-21730.998241083194,282921.2459206863,-58009.18654108849,-24753.928671386104,329814.54810137174
1150,81.04119664208221,3.036246887663467,28.812487991872548,-20129.746322799765,129965.7317138752,-72168.06888432484,-17367.716058081816,-16008.554416577615,2291.5817204753857,-73444.45372261816,-22109.079085460286,133221.4493148289,-69501.03435651788,-5272.181062386074,167746.0760240561
1151,78.74074510866012,2.952539629535763,29.604162283980635,-22996.552483189953,325517.98463462526,-8055.593285038471,8101.132117205022,21323.92679671347,2351.2620423665244,-23429.49668911548,-9173.957970391984,327069.2935259042,-38972.846565396554,-25776.448259436034,344175.4904679698
1152,81.14008683854271,3.0399016002526635,29.60415248011841,-14450.937235247031,158265.1811548269,-48531.77288854475,13725.621935419587,-20465.79612076429,-1744.0075169491383,-50542.20070498167,-15534.44128715766,161359.11302317458,-33746.675076480475,-6648.870871217018,186477.4408501847
1153,78.96317130005882,2.1425225800326952,27.520833095626784,-49743.0548825468,174226.65830585553,-41358.90182338613,-50038.848485160146,68203.15749689697,25794.828869608493,-97110.03396677003,-20582.859356087163,200817.59492277974,-84669.80827836414,4830.6346866247995,287504.5983158091
1154,80.9626975503756,2.1841019563093904,27.520829090132047,-15201.58674365023,67227.28860728303,-126953.18041768743,-40842.531372976875,44747.117226942886,15695.838011597825,-141590.10267016734,-23376.48762561744,90039.11174173013,-148352.57802871618,-3227.873850311237,138226.48798339863
1155,78.9267240556051,2.141801423305582,28.229165276047777,-41196.67616386652,231614.8089336518,-27576.276066468767,-30305.499143709563,53922.28992454689,9639.626194509978,-56693.95459106056,-25562.734237051132,245098.5455314281,-68060.03274922418,-17070.014393571593,293767.11147848057
1156,80.99915049696837,2.1848307882026616,28.229159681675075,-11826.222731863643,113474.66856535882,-84150.12636640196,-27091.131565369444,3526.0379906355124,6841.256957427454,-84984.72852569944,-16619.1508174897,119102.19881028237,-99028.25703080377,-1831.5811584433807,148409.07660004395
1157,78.84601660642345,2.1401424744795094,28.937497117851635,-29687.236219418162,282348.57138666214,-20939.787544524457,-9161.87518203199,36626.12837105422,2217.2223541125227,-31635.55036200854,-23598.449476845326,286955.5474615731,-50319.69719214774,-24928.12428755311,308686.98935937963
1158,81.07986355058591,2.186495687107317,28.93749060499156,-9160.23126326481,142705.25836520627,-54602.90474141236,-9575.114375671828,-13043.348292504521,-285.398895488251,-55479.620614369764,-9735.127165469092,144156.87014036792,-59933.72439915427,-1424.3578122606777,160662.41849916254
1159,78.75749926067209,2.138270940932005,29.64582890239382,-20925.004255531152,319471.22275421914,-11715.646651220886,16827.698032411972,17590.795566942386,1789.9317925277535,-21846.931753288685,-12560.031953632448,321237.5355543882,-33855.20767530699,-24841.180916990226,324436.0007489252
1160,81.16838593451945,2.1883716553822445,29.6458220610543,-5166.004939700353,164287.7622842725,-37685.275888006545,12854.016517430739,-13515.111087425936,-1910.0068408554914,-38619.50692266296,-6111.354043717009,166167.34242294554,-30572.941182014412,-1254.517137565717,177016.0004579752
1161,78.96977285126596,1.1488165198420108,27.812499650741866,-39160.31186906435,164033.92775081965,-38265.09513771277,-26107.576341689302,38653.464771467705,10515.148766576398,-58705.245641454356,-28518.84076875272,173832.60715424956,-58832.970696087265,-7691.297879636109,240762.91441725226
1162,80.98518285503765,1.1781285574948672,27.812497047752395,-5632.455336024625,68297.0121020242,-91307.17461549894,-32410.05632899991,29915.983102596063,8673.689077517547,-99056.6271291291,-13696.707789512951,84110.71706914267,-107492.75265145757,2208.4272160560135,122226.60763632943
1163,78.92290470086814,1.1481375087728165,28.437498478970795,-29988.737132566486,226689.31584618177,-30110.230723266694,-6353.54601513147,28170.81994965604,460.7657724934239,-33547.33255886132,-29756.767861077802,229894.44841028782,-47498.21020425216,-20439.107820622074,268499.5127512739
1164,81.03205421159974,1.1788127143039084,28.43749502984118,521.1352053701703,110405.73749582209,-60395.39231641684,-23961.146750920918,-691.0225670980013,3765.1352402350985,-60631.01651984013,-4252.738386521699,115415.23529113721,-75321.41024247187,5775.341786573515,135827.36802548586
1165,78.84478976786018,1.1470032663511804,29.062497165358824,-21133.138290734758,272610.4558269416,-26605.049736263478,12133.384296723783,19041.726130281553,-2215.17284059286,-29010.003022835823,-20420.05608022983,274302.3269030091,-38830.27073525883,-22057.295119496805,290547.6467422937
1166,81.11017228932394,1.1799509550327554,29.06249334239059,4817.658075360829,137198.09471312386,-38366.078133716306,-10954.532775196505,-11301.710119047242,-1114.4912163508197,-39166.5049517257,4013.0516105418533,138803.1279959522,-47991.834946910436,8006.056247279348,149959.52291198427
1167,78.76667443283553,1.145868308068496,29.687495792127358,-14164.241954303681,298995.0830714194,-18927.084405023896,31519.44355895528,11285.460696201175,819.8584975795893,-19369.57321065636,-17260.67937683848,302534.00929958664,-28105.870825413836,-21242.701484191904,304548.0133653574
1168,81.18829018386847,1.1810889420098671,29.68749197837597,7230.871367334505,155209.23787218664,-29084.985928643422,6159.023240024158,-9169.2601677188,-1965.832595786218,-29615.11030407479,7043.284006070264,155926.9496088822,-27432.246668098833,9420.112926106713,162754.66225075803
1169,78.9686427906002,0.15841588403441717,28.104166189010183,-4620.841889774791,191005.5517654135,-27862.02326894641,14449.958489709577,-952.6905284042497,-8127.555093116933,-30477.17313507357,-3078.156539152317,192078.0162809182,-24392.032252805126,400.29437912626054,226218.71166472894
1170,81.01540013635366,0.16885008650793465,28.104164850880498,5350.162142351026,70133.0837517036,-51428.743319854,-35713.6525586406,8392.924453838796,8059.933890666329,-54218.39478804711,-7826.138211941531,86099.03557418926,-72167.47830435827,3569.9638742594666,108359.94961080502
1171,78.91135494060636,0.15816992647868003,28.645831693935587,5542.521637532889,237800.3840593558,-20137.807097616926,35937.49843146674,-1409.2602640789535,-13459.54069028735,-26602.920741468326,6529.956535136868,243278.06280560326,-26240.861918956332,1479.3524447080679,262486.8742384646
1172,81.07268933760028,0.16909894525022756,28.645830104310413,13225.720597564217,105118.16057695507,-27372.677263529193,-32599.36138834964,-11395.483105666068,6372.740693103341,-28723.385688593215,3049.605594942783,116644.98400464047,-53445.16466713705,7997.169518590902,123307.658785067
1173,78.84365152945755,0.1577721507210556,29.187497346419633,14068.627697957418,270673.19903403387,-13403.956629671826,50734.18632216189,-2234.9367488604375,-11557.606104899887,-18653.840339487568,9587.079807534194,280404.63063427265,-23761.818055559033,2766.4620499217,284939.8956132282
1174,81.14039410781069,0.1694990623987454,29.1874957791277,15859.78262163556,128878.54866391463,-16045.681433105303,-25657.371037125988,-18403.025212838093,4882.499978709371,-18438.92173361064,10334.246776046142,136797.3248100094,-37795.87660068414,11595.203843155645,137620.74578487643
1175,78.77594789290947,0.15737402933277317,29.729162957608587,17052.68883278579,286870.81307433866,-11160.923381525863,61476.26390666209,-1632.1852044575876,-4558.784040069559,-12240.569360743239,4764.497890308237,300238.64999603364,-19697.213205667325,664.5936029213962,295923.6688517119
1176,81.20809872070447,0.1698990350989459,29.729161598733207,15727.147552572245,148645.71213220703,-15719.848519964115,-13728.280119778541,-15140.38170144844,2975.187388071722,-17195.357213711966,14387.403069493352,151460.96530903364,-24385.95317424401,14742.82650233295,151741.5117190629
1177,78.9384842993441,-0.8217061770192854,28.395832478125847,9571.448029052128,121795.50226505313,-30700.21409379643,34594.62268766147,-13078.177717803836,-10794.859313846135,-33555.261816525286,1144.1761304165752,133077.82188641757,-31320.46847547777,5785.071332423692,146004.7854883164
1178,81.03715187514251,-0.8505481766439202,28.395832139768423,3442.1181201437485,55030.802048224316,-31985.97820218352,-41016.239797966475,655.0077215749486,9663.435161264977,-36570.409444038196,-14786.097344234578,77843.44875445732,-51023.127794536194,-6310.183281665023,87623.11573206758
1179,78.88119996052191,-0.8209764491971906,28.85416527564878,17800.46211644372,140577.34293295987,-19629.782148541082,46255.03015698185,-8719.580385661111,-13236.043332911382,-24114.457469402874,5926.019141485697,156936.46122877963,-30703.55542940908,7401.825000533234,165914.4768917779
1180,81.09443666152217,-0.8512764780729855,28.854164956380256,9056.1757838344,75824.7800399136,-17937.115490681063,-42352.712214838466,-7628.052072699256,10942.743351529745,-22820.666633882625,-7781.308890327951,97545.81585727754,-43319.61600987285,-3397.244815804892,98683.41416644386
1181,78.82391565714595,-0.8202468473968959,29.31249781823861,23684.16896399691,158177.64789276468,-12070.570940921833,53456.44376635515,-8425.344972440042,-13766.162483364806,-17509.03758987476,9639.093573480031,177661.18993223447,-28028.55055229596,7832.917835087261,179695.20384745696
1182,81.1517212625791,-0.8520048772402337,29.31249759806251,10609.201330079868,91829.28128376085,-11467.17336560264,-41578.268234998584,-10327.600371763863,12288.163265733438,-17926.3411262362,-2114.3546864561326,111012.00506093042,-36985.60461968409,-716.4916811168808,108057.37374442192
1183,78.7666312731584,-0.8195173401239403,29.77083035712687,23451.016012262415,169868.16580645263,-12456.863999006266,57465.84015695705,-7627.541339666389,-9231.754264367602,-15051.911597581782,5669.467654500852,190244.76176278968,-24948.84762781889,3387.730147506854,188456.64759408482
1184,81.20900571465435,-0.8527334374978233,29.77083029984118,9194.638712406377,108145.58373161382,-11725.459728035537,-38917.70211240017,-8445.865751010133,8989.382301290163,-15518.189406458912,-1375.202881303757,122508.1550037474,-28065.564058224096,-1893.7188716068672,118760.74823051404
1185,78.87921643251373,-1.8108829731512008,28.687499179069185,178.80817808169195,42695.30034493064,-33771.23165735128,29086.67555215731,-4401.802978280267,-6578.116573287643,-35020.480034160755,-13861.237364795332,57984.59426461713,-38373.276002286,-6848.700508113881,66751.46349041529
1186,81.05051918017078,-1.8607312484008454,28.68749918234827,-874.4328219544641,39706.64401258204,-30798.767640490474,-31597.183746145798,-1787.4582220707625,8174.7054402510985,-33695.530257215425,-15582.115037307985,57311.08884466051,-40078.3907981284,-8479.590711423227,63209.67502684609
1187,78.83235381224586,-1.8098067874294221,29.062498739965697,4636.08616720646,50326.54734554018,-23993.15495730112,32620.275062182714,-3323.4257912910844,-8143.389964876544,-26722.454583975104,-10106.1938471965,67798.1269866171,-35561.43699401689,-5343.528366955818,73823.74825516033
1188,81.09738195378156,-1.8618067778745444,29.062498764380607,3244.935687018282,50892.26114457307,-21323.82322100334,-33802.46244475518,-3833.1854116603686,9741.70487501778,-26020.082307862915,-10281.672644710616,69115.12856316156,-37156.17305552878,-6442.986546800338,69659.47548586744
1189,78.78549123817882,-1.8087306195494064,29.437498339119696,6826.772917448321,58278.668175109226,-18338.93093117872,35054.367125002675,-3471.423445873365,-9906.821075391315,-23216.954827026013,-6658.3802384620485,76641.84522686692,-33225.001288836625,-4663.097150542683,79504.70393837283
1190,81.14424455542135,-1.862882233833481,29.43749838866786,4845.278351834539,59853.91536237573,-15499.93618111614,-35302.52878198039,-4015.934219885971,11023.177852487457,-22670.41412229667,-6002.360262325624,77872.0319177164,-34517.92729825748,-5215.257491582678,74890.36892636324
1191,78.7386286173044,-1.807654625455616,29.81249797018672,5423.860691611029,64763.64597168963,-16692.4491890434,37180.129239065434,-3199.8485156880606,-7763.8633471138555,-20832.135421967323,-8727.031820527212,83054.2247167518,-28807.84050958168,-8734.447731447826,84457.53154205278
1192,81.19110705964844,-1.8639578793484137,29.812498053147348,3237.967372432886,66864.50554867141,-13388.537264893639,-37135.71346459746,-3686.6606267274774,8244.666192170636,-19789.852504096893,-7920.612917720604,84424.40107802817,-29318.01500914474,-9813.085248068199,79563.16507751387
1193,78.82016306193871,-2.799037795738072,28.97916598752318,-3109.0903964712325,21504.59870522793,-31058.669708093425,18889.507076177768,-2856.2350702576255,-5739.559066160836,-32208.958209456236,-12634.10146614123,32179.898276260745,-34791.371954212234,-7230.766494821118,41024.0420127956
1194,81.06367196646514,-2.8719346761114424,28.97916599604761,-1953.8497058753037,27738.185655965826,-28457.02217076085,-18817.34052690236,-5715.525260268299,6167.831149970304,-29873.637049361583,-10588.880495197987,37789.83132388923,-34635.188328228265,-8194.418015993077,38645.48368087703
1195,78.78372369489009,-2.7979079918384495,29.270832200839646,-474.00351704482273,27191.54836856253,-23174.11761588136,20223.746699641568,-3506.6535564067867,-6442.193689120733,-24961.719351733405,-9963.974807133187,38469.12139450294,-31272.471286447057,-6643.022433052027,43921.957338486915
1196,81.1001112122253,-2.873064123644469,29.270832208889143,803.3374413694019,33981.79438599297,-20419.926821434427,-20144.771410402274,-6066.096088240781,6741.3642890862,-22381.22964548712,-7822.413041822766,44568.84769323781,-31037.50627126505,-7449.876661412723,41993.29742939411
1197,78.74728448113756,-2.7967782177380993,29.56249869710866,326.9865669414794,31250.81949478499,-18642.221531128325,21549.286895981888,-3055.174680420692,-6708.586132762446,-21172.28612294338,-8750.48207512908,42858.35272867064,-28039.58146088217,-7067.703863452461,46354.51434427729
1198,81.13655042890132,-2.8741934754365515,29.562498703191388,1646.0396626340098,38414.2658068002,-16109.455800047608,-21435.653362570087,-5376.969208292312,6881.665386096939,-18561.073143634614,-6683.681631773188,49195.6044447944,-27894.127915133995,-7869.107306013481,44610.075928685976
1199,78.71084531725275,-2.7956486041465016,29.854165224679363,-1046.3600349105163,33421.23166080661,-16729.697461724194,23372.154296652963,-2205.6052356112036,-4766.864693111759,-18785.986854009854,-11068.524792725371,45499.68581090711,-23500.381533268963,-10430.493857340061,48332.51661038659
1200,81.17298972130499,-2.8753229898638635,29.854165228508446,77.1356190341885,40420.51929182458,-14868.977114765596,-23148.109878306048,-4209.533919482773,4927.361528413947,-16602.178350504564,-9242.635069158287,51473.49121575602,-23875.419975855806,-11464.421007392406,46151.83606192278
1201,78.7429524127825,-3.775048402911372,29.27083257125631,-3195.2308093356924,11733.388828447702,-27390.820934687632,10500.0685661118,-4188.10947054009,-3674.22878321181,-28129.031529147316,-8523.395740243397,17799.76435381509,-32153.539738591287,-6065.951658432826,23572.70323102454
1202,81.05751874931022,-3.8937185344489187,29.27083257278771,-2252.7768038995455,17246.0201124772,-23137.89185843843,-10090.6564409786,-7634.114549503749,3916.1641201424227,-24741.84738403911,-6514.309205403532,23111.508039581866,-31023.189776436702,-6631.312159567033,21905.019966348435
1203,78.71694330208697,-3.7737674327080493,29.479165889324467,-1408.0891116759212,15169.647836280064,-20692.248227691663,11331.937206333994,-4256.385947449181,-3964.857660023826,-21606.275877259523,-6984.426072421665,21660.012446593675,-28968.931255632586,-6187.536374517813,24596.789979702342
1204,81.08352774030706,-3.8949991887964477,29.479165891266682,-595.9644472378322,21010.9153176855,-16705.107098199456,-10891.502040598154,-7331.331712333404,4170.19649495967,-18380.480399365842,-5057.145651331961,27147.469822946023,-27552.049777534965,-6576.554050953019,23591.876951065504
1205,78.69093432994106,-3.772486601867069,29.687498977141118,-1005.7723109885892,17166.24454710717,-17568.467211923697,12259.088036442046,-3426.6601691573546,-3888.4776546094704,-18452.95596673684,-6853.810250494332,23898.771241426046,-25712.59040325408,-6880.371693606929,25551.193058593613
1206,81.10953671789464,-3.8962797316550515,29.687498979317482,-432.74364344271635,23190.812946857055,-14387.568123572026,-11726.33381224099,-5883.134525596251,4043.8144180307713,-15716.001365565873,-5057.507635743765,29144.010181151956,-24575.383879677232,-7147.9793858040175,24949.348548805418
1207,78.66492537880322,-3.7712057853892222,29.89583208349835,-2010.814411336526,17713.75830464309,-17391.171434122683,13510.635617101594,-1987.7457288117512,-2712.4426513312073,-17859.765489444253,-8621.032254045289,24792.570202673436,-22074.435799656374,-8630.897458430647,26428.446923562504
1208,81.13554579988117,-3.8975605364657766,29.895832085821464,-1761.3856310989195,23974.792901771238,-15376.592111126763,-12779.566090641836,-3516.3565342048014,2870.814665185849,-15986.796142969926,-6838.451754876851,29662.063057392344,-21676.75557317465,-8819.30686621031,25929.25422952239
1209,78.64669340661447,-4.760281493640819,29.562499432864108,-2343.1862571061474,6280.334936134224,-18233.21996095247,5463.907227526362,-5799.285035465278,-1492.3245746752882,-19540.123809020264,-4902.699660504581,10146.752187600447,-28070.026105371428,-5765.803274615898,11704.729357788707
1210,81.03295137644199,-4.904715492014058,29.562499433740694,-1409.3081220126373,10914.187618244072,-13457.474290614922,-5007.343428376565,-9744.443132445267,1600.255533983533,-16875.96352905212,-3000.9087276366263,15924.27746230525,-27959.939805981754,-5559.286052403276,12085.815198631111
1211,78.63109691687768,-4.759337446176458,29.687499338530362,-1050.2512192244862,8675.486659601323,-13402.193852289354,6034.777268208879,-5373.983005751017,-1784.012082307484,-14653.031205999137,-3893.9530735879275,12770.025867674549,-25493.483728859814,-5758.328583701993,12456.027031648639
1212,81.04854774628133,-4.905659443423665,29.68749933929189,-271.65352956992683,13565.840434311467,-9099.911448960285,-5464.967553854506,-8711.740296288535,1793.4584507789493,-12061.736033228673,-2051.7129388921535,18307.724427902074,-25391.796531876367,-5561.285345477876,12873.387039207333
1213,78.61550055649093,-4.758393403318072,29.81249925211315,-1028.6528573474657,9712.829479642443,-12987.868721905788,6685.301735886493,-3959.1103670287794,-1766.5925763426571,-13695.082425089458,-4231.926453462812,13623.316778941464,-23094.463277130402,-5947.195078823369,13232.601802986257
1214,81.06414411152008,-4.906603399019203,29.812499252738704,-549.5586919494781,14733.212845889037,-9710.713653474479,-5990.53184410756,-6454.497932667179,1790.3658759803066,-11319.768422232526,-2599.6066928841956,18392.315615581792,-22989.68132787796,-5752.360272190164,13678.933273413617
1215,78.59990420171437,-4.7574492392864896,29.93749917309165,-2088.451496847093,9639.858222226012,-16174.463713405417,7472.094766649575,-1792.9978965719044,-1168.790942063635,-16333.48940454756,-5716.088308693768,13426.520725214827,-20806.303122600897,-6361.082925801392,14012.611659339085
1216,81.07974059603981,-4.907547358035925,29.937499173535553,-2045.921779106381,14681.365041025041,-14406.833975607919,-6631.180875363379,-3212.1495512028937,1340.7956996076407,-14790.870532248491,-4351.619522634069,17371.09934119331,-20748.948884192414,-6187.535139927115,14451.60084807951
1217,78.54988828179461,-5.756193653028991,29.85416631276934,3569.2909045302804,9382.684485114693,9839.864050672442,2714.0155829285304,-16534.356376720865,-275.17776506369677,-7208.76239565014,3658.6452173074163,26341.956618660137,-23888.18926753108,-4918.153180319922,6205.640921167112
1218,81.0089296144888,-5.90503302401082,29.854166312721105,4390.610202437765,12288.342682800718,14206.27616711024,-2220.86012994238,-22163.118671508808,-1256.6662543052605,-9380.966911375252,4822.255164322695,35443.94079940127,-23893.867446808763,-4875.4470794668405,6346.79740590465
1219,78.54468940895623,-5.7558790145249805,29.895832785830176,4412.363723096182,11069.3717199813,12442.655605651864,2909.792009784985,-14027.57807133081,-589.3887887466851,-2706.888138093271,4556.24422978213,26075.03495704048,-22638.071002610428,-4755.429805392694,6489.994530015348
1220,81.01412836398364,-5.905347635364428,29.89583278573438,5010.110387663824,13857.28645022251,15986.748894475582,-2337.535463914118,-18290.454074466357,-705.8834136454586,-3934.8775770995803,5503.319926604315,33285.70338285719,-22651.47580316569,-4718.933494051746,6631.172745849792
1221,78.53949066164306,-5.755564376505646,29.93749950996139,2930.7555147541643,10386.06813578492,5858.493388259669,3131.9822289155386,-9709.343178498297,-620.4538477736181,-2289.878156045416,2855.666695179163,18609.528499665008,-21426.0301372733,-4597.056624714221,6793.313858686717
1222,81.01932711290956,-5.905662372133429,29.93749950981137,3230.7452606529287,12993.299265426844,8292.376133544354,-2481.7136463948505,-12462.787581662351,-205.1894912231032,-2573.6326384042623,3607.4182045951716,23482.635093433215,-21451.8194891701,-4567.458777416606,6934.569488368498
1223,78.53429191478733,-5.755249613934771,29.979166235120587,-687.1526507625376,7521.754550270991,-9166.489658678522,3375.0742483027298,-3761.730969295766,-220.7540685596615,-10003.221311461868,-1766.3571417203161,9437.690694012112,-20285.561072788012,-4451.845459571614,7101.2943347834225
1224,81.02452598633329,-5.905976984261472,29.979166234920143,-739.5229506320693,9905.329168321385,-8059.8980936071375,-2648.0469182279153,-4824.172069987013,93.11496762203463,-9310.819569232788,-1243.9941144232973,11660.721807738273,-20287.713011292133,-4418.136837996841,7256.948277384782
