element_id,centroid_x_m,centroid_y_m,centroid_z_m,sigma_xx_pa,sigma_yy_pa,sigma_zz_pa,tau_xy_pa,tau_yz_pa,tau_xz_pa,principal_min_pa,principal_mid_pa,principal_max_pa,affine_principal_min_pa,affine_principal_mid_pa,affine_principal_max_pa
1,0.3179080199242313,78.76415951550699,29.85416636785249,-3679.4399538612415,-125302.62038920847,-82909.68154915946,228164.22682477886,-324776.4949670917,1617757.864310205,-1755755.1283832632,-33522.693600131024,1577386.0800911647,-35850.52798626675,-8726.355007359807,152257.8986870345
2,0.3487013477358491,81.22750716241883,29.85416637203522,6829.017813688031,-82047.60202053041,-50906.66876136337,-233904.062050238,-203507.81137632448,-1631028.512400756,-1711945.9744455921,-23777.562904730963,1609598.2843821174,-35796.036351480296,-8315.179789304819,155517.26659378537
3,0.31784290964953893,78.75895161943313,29.895832810249875,-7260.086097209478,-127617.20865119364,-101570.71271694174,229894.1285923306,-228145.38517882704,1166280.3168316323,-1310297.528142427,-39018.93084470497,1112868.451521787,-33095.49122210338,-13901.299706273838,153439.6511792324
4,0.34876648861124165,81.23271505872874,29.895832813795884,12373.789609292522,-75103.21296340523,-33317.5334908695,-235589.68692789407,-139778.63955784732,-1174995.48540617,-1245675.4612847706,-19190.535691782425,1168819.040131571,-32501.342208779577,-13219.955106109155,156500.9657185573
5,0.31777779839666653,78.75374360869336,29.93749950185659,-6795.082987297796,-126722.67254851507,-102793.02456056065,231769.43505152225,-136785.52747962112,706243.7097568971,-854713.2846387342,-42466.663016248494,660869.1675586095,-29404.588275438484,-17710.679530751197,154293.34632097237
6,0.34883162727857986,81.23792294480847,29.93749950517103,13474.291797320315,-73387.28573357739,-32063.735386607004,-237470.8177847432,-80867.73090327361,-710948.6941791539,-790953.7656313514,-20283.759927616135,719260.7962361035,-28877.265953594855,-17136.088313250933,157278.64546191297
7,0.3177126856760361,78.74853560757902,29.979166193814546,-2278.9303247881944,-122502.97083966929,-86355.7519029769,233816.4468317969,-47811.43703580969,238089.54666244503,-419680.16287117,-56785.33774542962,265327.84754916513,-25231.08159422601,-20798.61806211112,155064.28955657897
8,0.34889663853533803,81.2431309463837,29.97916619685092,9790.794383503624,-77133.46832934271,-48377.34231956059,-239557.2813178569,-24231.165653669013,-238830.30435059656,-380679.1173307293,-38396.21610171592,303355.31716704555,-24882.49179463468,-20486.032495696178,157912.20438209857
9,0.9849637277327284,78.79228186862186,29.562499487681176,-2754.313958111936,-139451.87897722816,-117757.3651128531,313144.5277090784,-131080.72990381246,749587.6978514425,-934045.0775068345,-42389.599555729365,716471.1190143705,-53128.45866716587,-10431.79716549685,206957.62994580113
10,1.0148453986370756,81.18271853972612,29.562499525432074,21170.48744294275,-53031.96199068981,-35681.82280958442,-326875.9545903864,-30212.964912991854,-740472.4736907029,-830751.1637697723,-27824.65989158667,791032.5263040275,-50983.56427379641,-8796.47352624147,209355.84729453345
11,0.984768489106753,78.77665802350418,29.687499260135855,-2606.5508646317758,-134316.26212460175,-132961.62911237677,322728.556002556,-92858.9588414744,553035.5209297393,-759135.5949640828,-52868.826354716715,542119.9792171892,-42794.14393890408,-13472.583392368804,213841.91541972623
12,1.01504092245407,81.1983423687249,29.687499303316155,32325.812691019484,-35502.11358386766,-9963.18641372313,-336058.89844247134,-8831.252713464999,-544363.368413803,-636869.6818779075,-20529.288985115247,644259.4835564517,-42184.34655032108,-13044.622674886545,215719.12616139516
13,0.9845732313894766,78.76103410968364,29.81249904103083,810.5512169925023,-130090.9635984533,-128399.56534761802,331639.9958988534,-62563.97412086633,342273.54986229894,-581695.9821058365,-66736.83861283891,390752.8429895964,-36044.79699603168,-17558.094965319804,218917.27028646838
14,1.0152364161735095,81.21396602131713,29.812499087517644,34773.95239052981,-30906.363826610257,-11223.688684435965,-345005.71981773776,5483.81267015665,-334848.7610774835,-472119.8518080925,-26225.93414253145,490989.68583010754,-35615.51174378125,-17214.939232710836,220445.10029481805
15,0.9843779536856719,78.74541037095875,29.93749882615258,8134.626334489014,-125680.61381733396,-102352.32002523715,340749.3238269461,-34580.39245789046,119226.66212970832,-437950.3621558873,-83075.14609315805,301127.2007409633,-31141.328025606053,-22455.24565242258,222919.96357914922
16,1.015431753423468,81.229589878769,29.937498877624638,28921.000017889884,-38297.0904433408,-38558.027208018284,-354600.02358995494,16932.014138184153,-113543.39927392815,-373533.5945762021,-48262.93418041624,373862.41112314916,-31053.555249035413,-21018.534413225625,224283.61310333852
17,1.6484568571552132,78.8204599194921,29.270832409325457,10836.5422291043,-179214.04170918465,-153689.46554696216,405906.59667036386,-119935.65376060113,575675.9019512535,-852967.2729930901,-57404.115478155436,588304.4234442032,-53944.50964444204,-4339.655143976017,302158.0194792405
18,1.684554474055903,81.13787404814397,29.27083248315268,40596.11415530713,-31207.193005529498,-29489.974096927566,-443303.21473497624,17996.55585471067,-595570.1432984796,-729071.5235290534,-47831.533601192634,756802.0041830961,-70551.82066438737,-7731.975098217063,274008.6175912544
19,1.6480337920477761,78.79442159368655,29.479165430600723,8265.13711143202,-160969.7412000038,-171605.42815990295,427200.4184233021,-86702.39116607244,442284.1112558098,-751079.7302005013,-79451.72557788537,506221.4235299118,-44216.85992865653,-8503.463228663388,310806.66737008584
20,1.6849779157116465,81.1639123984196,29.479165520238123,55045.49870874056,1315.7144198404276,7295.339779035814,-457064.39521601284,33611.11107811544,-437545.9328537574,-586412.7938012072,-29138.97088945594,679208.31759828,-54509.90478045432,-11098.46369325048,283213.8137791968
21,1.6476108159400829,78.76838341852425,29.68749821461565,12689.735752855464,-152745.06957052904,-161847.74062837363,443654.1058051739,-69505.20147087639,281442.411701848,-641972.9412967323,-95928.69356027487,435998.56041096017,-38366.141214700394,-10863.617520739264,318690.3047489795
22,1.6854013381259965,81.18995045729041,29.687498336063186,57559.8843380732,7490.442960253555,5777.459230334458,-471390.0936813235,42510.062871719565,-267466.6910705746,-491954.1275469281,-30161.875108803873,592943.7891843934,-46058.05417400477,-12972.694170218821,291232.71428021404
23,1.6471878548440646,78.74234547898578,29.895831006983876,21854.665519797694,-151990.11824214732,-127114.80042002484,459851.4480345129,-54283.88593844297,103853.2533749918,-560161.9081143572,-103954.51080319124,406866.165775174,-32756.686934317077,-15929.45269912032,327063.5011071289
24,1.685824839033456,81.2159885132791,29.89583117236346,48860.306236618504,-7394.958441751634,-31798.40675223902,-488542.50408140797,48093.99178709504,-88622.55576536297,-470179.6363120475,-47252.11918945219,527098.6965441274,-40801.27150319542,-17530.244774011902,298393.63890315493
25,2.1384505951915562,78.84776773055049,28.97916573584874,-84376.82437968784,-467023.8424107813,-262611.84676642483,930527.1274522129,-216377.394745535,915918.2055701453,-1666640.0020563398,-146500.41791814013,999127.9064175863,-35643.224207561245,2990.4131138908233,368871.90730554523
26,2.1943335236688046,81.09181772274178,28.97916572536885,3901.769285877288,-43592.385844769924,-34182.99236298999,-1040176.4698436289,47719.282075529845,-1016880.7700454373,-1448359.357451237,-86486.75217956633,1460972.5007089204,-86505.56296262602,-10300.156677421372,300819.49822028214
27,2.1375065629555947,78.81132197029166,29.270831503409685,-84503.40773690956,-385505.77207344817,-319456.43543022894,1017849.1855240283,-171911.28370095772,740007.5837797509,-1583200.0660857197,-178737.5251876988,972471.9760328318,-33116.79936710267,-411.4127387140754,408273.6977727892
28,2.195277828766966,81.12826373554178,29.270831494106236,40071.420375036025,49830.21794640584,51495.562135850545,-1075484.8712903706,93295.57325136762,-745868.6247295868,-1221267.4819455198,-36373.14746269703,1399037.8298655092,-66354.30507603067,-14947.725094459782,319349.7435030141
29,2.1365630719658744,78.77487656770249,29.562497456285794,-73165.30530546384,-350215.16866094957,-298735.58521199215,1066795.5194801055,-161399.62789178028,478505.89300854126,-1456472.1926383157,-186192.00955241927,920548.1430123292,-30026.877804901644,216.24286574748743,424847.20518830186
30,2.1962221957067922,81.16470927448808,29.562497554253238,46204.46329251313,63794.476781863006,59299.48607999591,-1107196.1458663836,123623.8963986571,-451509.0807164876,-1102287.5248764164,-26125.093478409723,1297711.0445091985,-55311.05237317343,-11605.153867204554,332888.0187529236
31,2.1356197528270466,78.73843131163368,29.854163394459285,-57578.23719560913,-354990.5084063263,-230631.23142728186,1106597.969198072,-152619.33569220328,182332.7058719854,-1371237.2998792022,-183433.28187120357,911470.6047211885,-25452.445988192754,-2588.7603289469885,442450.1356539295
32,2.197166583410733,81.20115456058127,29.854163645672728,26412.8035000692,22250.055845809627,-15302.776636233019,-1144329.8088568472,144907.376971668,-142353.56364401037,-1120003.9182800772,-49177.661345167406,1202541.6623348903,-44936.88230539183,-14543.705775734445,349303.8604286631
33,2.465635318435814,78.87397112501085,28.68749914984133,-73123.88034793416,-489735.31596709316,-263189.0993413789,785774.5320509184,-184542.80045246647,580555.8868229628,-1341282.5034085182,-166511.4034851039,681745.6112372153,-8614.922469288635,6378.9734827975735,418715.1565370996
34,2.5334913832544834,81.04478366426072,28.687498782149575,-1509.3556276443715,-3982.684931866781,-84978.38160005555,-1145316.5139616642,54361.3229402294,-865020.5632192087,-1426840.294821436,-107816.13029917752,1444186.0029610468,-81710.88129148871,-2508.085317848913,321339.31070569344
35,2.464170371141744,78.82711891987034,29.06249814516705,-68049.43098760597,-389698.66819521727,-323444.7230912332,950702.3966986857,-161135.839668569,537035.2690784263,-1405561.9125563647,-201139.41093544534,825508.5012177533,-18139.361168742766,12228.83872118468,499445.72737330035
36,2.5349566530602745,81.0916365970971,29.062497759217827,41727.579136060944,97401.43174315503,12099.032099695843,-1220572.2151779768,98401.61461097501,-655963.4162676518,-1286037.1838875415,-50832.180833177874,1488097.4076996313,-58485.822723584795,-9491.608243739023,358435.4299039361
37,2.4627063479351476,78.78026689865304,29.43749691747328,-49945.594755077764,-331053.32480136596,-293185.96590030566,1016613.3090208226,-153295.17572369523,361018.834127428,-1337490.8995245476,-199314.40984986766,862620.423917666,-20033.009167178832,18046.606592924407,530597.6591988697
38,2.5364219939008814,81.13848906933359,29.43749678656194,49503.759005919375,103892.71280799631,33301.805774894,-1262885.854244806,132561.1038215488,-395342.5350791057,-1216608.0038249663,-35599.09827958364,1438905.37969336,-46956.908775447795,-4599.792340016394,373798.4483034164
39,2.4612425853850115,78.73341496643714,29.81249559201445,-34978.943345913765,-326238.8391307062,-237157.11757045978,1052984.9982907681,-139090.04197781728,148070.95022977507,-1282703.6665009346,-198443.64672902162,882772.4131828765,-24430.929251820922,19504.62525049095,551703.9301576486
40,2.537887503358878,81.18534118058352,29.81249583485009,31240.741962974636,52869.88330971573,-29943.364090019622,-1296805.4371928023,154447.28700308333,-112188.81061301916,-1255493.7560447569,-54777.313823098666,1364438.3310505261,-33897.43643006089,-3667.937145329498,394501.1606919005
41,2.7967272665239946,78.90010731975674,28.395832780721033,-73597.11502021152,-536745.3243553776,-328641.26727062836,454045.8092685919,-192557.81268351676,254617.63386861447,-957885.7036991911,-214073.04072396804,232975.0377769418,31842.85634047828,37802.589527948985,554178.8012049746
42,2.86874347069922,80.99781755503892,28.395831600432825,1610.1953688515787,50894.99386316182,-134916.03270733746,-1057929.2763059444,45241.181892184504,-637286.9614327168,-1215377.569307653,-125122.51146095616,1258089.2372932849,-73018.98810180361,4792.216385012619,352556.36892202374
43,2.7947415550428722,78.8428507268519,28.854164930681044,-67084.31805489765,-458092.49915286043,-375977.02465973195,737415.6903349693,-187501.0325333855,342637.44373640296,-1186175.3224907906,-245274.74129739017,530296.2219206912,7492.382786088478,50492.12748401498,669364.1438843873
44,2.870729775730472,81.05507556184048,28.854163664901456,41892.235303098234,137787.5448104612,-48638.94902127687,-1191366.8435804984,71892.3421101154,-517317.83412723424,-1199029.3277097943,-71569.93163121332,1401640.0904332902,-45612.906854208595,-2442.3037848967692,387782.8309002663
45,2.7927569257665827,78.78559401556363,29.31249638840329,-40809.35998682964,-384630.69339273305,-317780.3170050022,842320.400553369,-155806.43531510505,253951.15911120156,-1166254.2469527135,-234298.99487475317,657332.8714429014,1454.3452676378654,57571.40922238805,714834.9203886695
46,2.8727160596599575,81.11233321299916,29.31249557898816,50459.027795843016,136119.89133509778,-22032.075922751363,-1250067.7460858556,90346.93840219868,-314372.4966436357,-1181163.2184488764,-55248.61168781876,1400958.6733448845,-30031.621864822067,5895.543374849694,406896.7726431984
47,2.7907727297957448,78.72833736155661,29.77082760638233,-24909.560116468354,-362971.4575715542,-264170.66775802826,882481.7217971265,-101819.57043638424,114761.57469778323,-1119347.4315500425,-237869.06393616204,705164.8100401533,-12449.659491568818,58888.94917100065,732770.1101280814
48,2.8747028112550876,81.16959042884353,29.770827497402664,39530.203045041715,90222.06215217739,-58273.271560995905,-1267618.6953971696,93193.65435910992,-73790.88968066235,-1203133.925857645,-68109.289962557,1342722.2094564252,-20651.03436848373,21795.682477851067,431314.18061284686
49,3.1242938774653,78.91387757244412,28.104166877683788,-103407.07891749426,-600567.7766901868,-410383.5609922722,-61481.28180788852,-227322.3502335589,-47780.27176022303,-761056.2577988111,-259259.24139409832,-94042.91740704355,38490.57880238935,55978.48488415547,601829.4501656641
50,3.207365018145123,80.9590536697242,28.10416448236532,-10714.296636365561,43780.94022817881,-210820.41811488706,-900444.187160878,5864.845589219101,-431233.9751350019,-1008736.0515682095,-166426.5383405347,997408.8153856704,-79400.4970762398,19472.815901289192,355000.6945359247
51,3.1219831759257346,78.85663382125695,28.64583170330472,-92626.56490339206,-586998.24728687,-449213.883623268,283471.0656219523,-237698.5140204384,119869.05502868026,-880153.8049217022,-285272.50202041765,36587.61112858952,15722.894625199917,65433.44539783753,761682.500366142
52,3.2096773778369783,81.0162999924606,28.64582897319044,21854.63115161941,132452.31832976307,-139048.13326943447,-1068442.1783277167,9789.041579550085,-381161.16249164985,-1073370.9878281788,-113928.82692058149,1202558.6309607085,-46936.41119892524,20466.610706168547,393527.52976438357
53,3.119217829135987,78.78898310630598,29.187496052343263,-62403.9012037458,-530008.3386174977,-370097.7593494724,432341.8598231028,-167446.52220740265,128649.55008046144,-874925.7480284974,-284064.8132187562,196480.56207653758,3421.24125367502,73124.87792686919,829954.5583721856
54,3.2124449662293513,81.0839526315326,29.187493901694488,38202.89377964176,151709.1808293062,-97638.44973653743,-1155607.4258691457,550.741634792471,-237386.43998076805,-1091985.1707305126,-87541.34556815318,1271800.141171076,-27892.543535323348,34128.69535760738,417563.7860354953
55,3.1164531829615836,78.72133224455577,29.729160003600818,-45151.57044068408,-498626.70866439183,-310686.2473476059,487531.5507651488,-57322.03079662847,72991.27881512017,-824518.7731791905,-297386.3428361998,267440.5895627081,-10644.476061995174,73699.41912227696,846807.9275905648
56,3.215213021634084,81.15160477875794,29.729158862339247,41573.826164764316,136053.92987001705,-89064.93052755564,-1164568.3275607603,-23581.380876965562,-40234.467413354476,-1078790.6366938301,-87074.30055346423,1254427.76275452,-18891.718953577532,56817.60348453082,438163.59632099303
57,3.454774518488999,78.91503973601078,27.812500707057968,-142055.23920966598,-636153.3501607369,-458752.0556204363,-476677.61095337203,-252483.79407628454,-195682.86321120837,-1086698.2014745276,-300569.27357030497,150306.83005399304,10718.58511946233,51263.12435040277,550471.6189433469
58,3.5429152988066357,80.9287338041245,27.8124971374687,-59455.00119802626,-13794.24746440164,-294665.4191650622,-809254.6624890553,-47696.60688361264,-302936.43695784925,-945377.8975912232,-225057.61591910553,802520.8456828387,-101153.73760072938,22180.22685884232,324586.4588308382
59,3.4527255705742075,78.86821160429636,28.437498815343094,-135088.66507536656,-694860.7004208538,-501147.899661056,-186485.73882533112,-285076.05364917516,-36207.53114698031,-936743.3170444181,-323066.8911561841,-71287.05695667422,3778.0770519238404,45121.815932385834,716493.0644761871
60,3.54496822666809,80.97556598697788,28.437494476165,-11556.746481307724,66994.9626531807,-232112.23571840365,-964914.9830087699,-67336.876008972,-283605.4198222164,-1019286.5134461396,-168867.2429518002,1011479.7368514091,-63249.53999326746,30446.090084076674,358976.42167243105
61,3.449310279363798,78.79016295994897,29.062495964812285,-106617.79558126925,-679650.6942829504,-430159.551962859,-29010.172956659626,-203217.18907496426,31831.002404720177,-793495.5431513545,-324520.6434781897,-98411.85519753427,-15158.808423619454,58099.10999036335,820399.2132251328
62,3.548387070568511,81.05361799073977,29.062492100347207,14827.519913223561,113600.15459125163,-171118.10570679107,-1082777.4138948575,-98169.99999501609,-182062.9981612953,-1064297.1426331275,-128813.7707016443,1150420.4821324558,-37839.30151803782,45553.61380415292,389342.09750043484
63,3.445895274154534,78.71211384003689,29.68749255428185,-86619.37202143177,-653789.5227976078,-358981.93763425585,45448.23768714727,-65347.07065197237,39592.49847602967,-672381.1396086025,-348325.7410537147,-78683.95179097862,-20606.67489433684,61801.29264826226,852284.3404951784
64,3.5518062719178944,81.13166947224464,29.687489849445615,33446.691848863,136071.84811941383,-117155.27625329483,-1102032.0344975747,-135982.2702494054,-18464.281078775828,-1031097.4714707857,-110139.03454828318,1193599.7697340506,-24189.931332852106,67456.39494895808,406687.51038263465
65,3.785010968823747,78.90841280359287,27.5208343983465,-183651.28368230368,-673380.0416801494,-491951.7699772838,-739725.6674889663,-276638.9101579544,-235431.4067337032,-1359026.4757040292,-341737.4597836402,351780.84014793293,-15273.670935537839,50583.37849650792,531817.0346897093
66,3.8787088525645785,80.90620393576755,27.520829832975892,-76433.84788907418,-57949.87655593039,-352417.1791821861,-783762.3216467124,-93596.52768780704,-230827.51501256455,-941617.4329741673,-270575.57981571875,725392.1091626954,-120957.43244977285,16463.47807977922,312793.0182065723
67,3.7833219780807594,78.87199698527519,28.22916586515852,-183124.3754792718,-781224.7575443187,-542676.6992549293,-544661.3620995004,-338030.9660492864,-111122.03978031893,-1270420.9210202165,-385624.8099337619,149019.89867545845,-5234.248957411153,20767.418245949393,655749.3541239658
68,3.880404755404752,80.94262542032044,28.22916000577489,-34321.5661780802,-19608.725185422583,-302116.88854954386,-902841.753421315,-136147.50061823777,-216214.30398752805,-1017030.3278432193,-217620.20088882145,878603.3488189941,-77949.35936241898,28105.99444710934,339283.9238581014
69,3.7795502083456722,78.79135906597317,28.9374960069141,-151107.7144929818,-802298.4764650244,-483987.65629176906,-414102.2084441705,-271474.2445652779,-22845.023310810957,-1108341.2235826429,-398624.53361003305,69571.90994290072,-30120.4028694924,36248.90035768099,774617.9195588067
70,3.8841820078911566,81.02326837370941,28.937490324384548,-13836.020152944035,26889.45532870473,-230714.91600948185,-1029491.6118137663,-174764.49461273258,-143623.5884688795,-1082565.2142754206,-171788.9207904631,1036692.6542321626,-48157.43102801148,44295.29459784941,371201.8161435542
71,3.775387578589074,78.70291765439585,29.645825437858853,-129908.32692698711,-794750.8967809476,-402878.3963998266,-331086.2607296268,-131854.33573880175,19647.3821892119,-955385.8833140791,-390507.9048265019,18356.168032820184,-29540.64133075661,44446.61583429233,828448.5022869059
72,3.8883499601318756,81.11171342389144,29.645820878765154,14895.88774507177,70879.13546051967,-146496.1583473803,-1063880.4815008217,-210508.45806160584,-5645.706643936488,-1046942.5495454015,-138029.74873408783,1124251.1631377004,-27414.267206348235,65850.34786583489,392394.4688444046
73,4.111680396333024,78.89206648625132,27.22916826995044,-210809.8311708946,-695177.1826520223,-505982.79108408577,-893758.2192846175,-293841.3383003156,-224513.30868049784,-1514567.9635313828,-370397.9699154389,472996.1285398193,-35898.32656299147,50548.98631358661,536407.3522100103
74,4.217860360854697,80.88923276752854,27.229162763350942,-100385.69859023772,-82371.62083557088,-403688.05645095237,-818686.1209117529,-136257.9041415242,-195705.74864665337,-1002462.1665478018,-312850.933580498,728867.7242515385,-139672.49393236783,10697.62139895916,306375.33596758085
75,4.110318958559325,78.86606489702282,28.020832585585044,-209446.19399156084,-828335.6756908554,-564693.7605349413,-789789.788993264,-380270.06458649685,-133104.53185484177,-1525686.9215782564,-419444.223669077,342655.5150299759,-11945.043063432551,8982.993652319885,633732.0935745165
76,4.21923189544316,80.91524168919788,28.020825244712782,-73711.39914826064,-88049.26926734306,-363058.4821080013,-917801.4805993066,-203163.32127125692,-180213.10376807716,-1098672.399698792,-263294.2398382538,837147.4890134409,-92272.21322753244,20036.71823227584,324960.29560087394
77,4.106321182653983,78.79065408202484,28.812496040133027,-178230.7984554712,-870853.4621488906,-512576.59802949964,-715674.0247032435,-338361.03662302095,-47284.94457359863,-1427236.2331368064,-430994.677081568,296570.05158451205,-32625.319312252082,20679.920782520818,753438.3270736255
78,4.2232373519300745,80.9906593444984,28.812488503626536,-45679.76331190677,-52912.139820325916,-282267.22974824934,-1048382.3207550036,-248180.13915612444,-124516.9198821833,-1175804.011227231,-210180.43963315742,1005125.3179799063,-57888.77456380155,35981.185488253395,356699.68245225446
79,4.101053724670737,78.69183933478675,29.604158695876087,-158865.20970776596,-887637.581578202,-431509.9863003404,-649072.9918206517,-216994.49040940148,9677.46879992552,-1306045.7560384031,-414426.5623135623,242459.54076565692,-30712.30894273829,32216.831551626212,824825.2300477183
80,4.22851170880104,81.08947946429632,29.604152103616613,-11140.644455949507,-2848.5808484636727,-175882.61785705184,-1100720.1750351456,-280835.12184275704,270.8930237753787,-1148771.038404286,-165746.06153424588,1124645.2567770667,-30808.84646098324,56596.26559704627,382691.4967870015
81,4.441366178244699,78.87349300926816,26.93750184959982,-225646.96954291192,-705201.8036972173,-510066.7836963625,-980233.4438548604,-307559.9859824506,-190465.53436954843,-1593906.7319402131,-392337.1018003807,545328.2768041024,-52930.46908122208,48560.848649317835,549369.4014720514
82,4.553785328949749,80.87032748721928,26.93749547608771,-116726.3234192905,-88939.89439250588,-442049.0991892152,-885871.4822202845,-174492.62185812191,-174418.2997176582,-1083675.1273919025,-347190.81607495685,783150.6264658476,-156895.49332824,6885.71368874607,302897.1519532717
83,4.440494985585715,78.85789770231224,27.812499468457062,-219416.45456382888,-850148.6188129655,-574184.3450501834,-951730.7634752579,-411588.91762324603,-126614.1696760679,-1687925.3130263325,-443192.807703824,487368.70230317896,-24109.218839291643,7972.90686760226,635948.2906122508
84,4.554670288732982,80.8859317208245,27.812490735344454,-101908.28492416051,-132710.0827089368,-410959.8647912949,-984384.4335305983,-266925.7836768814,-160836.29932335005,-1216223.4843518063,-300820.9203171445,871466.1722445587,-105236.98132217588,13138.982724130885,320008.37502488936
85,4.436547878857612,78.78770102940453,28.687495992453716,-188151.77920035832,-903472.2059942294,-521895.81656031334,-944603.8051094798,-393210.1858713525,-50801.03016831152,-1665912.066187528,-446215.53282860003,498607.797261227,-30238.533015210094,9876.665218355913,750271.1707029002
86,4.558627666002717,80.956137235038,28.687486656090957,-71070.52367739374,-118831.79416348352,-326856.0861335372,-1128325.4768130677,-323705.5361887202,-116862.9485109276,-1322798.9526036992,-242921.04372219925,1048961.5923514839,-65458.94913470608,27191.41172888001,351012.8658688656
87,4.430403527639349,78.67850291233806,29.562491705185124,-173564.0380538762,-946552.3703758663,-446642.50563635724,-914760.3908352256,-300193.379806441,7773.91267695756,-1605935.4811060831,-427460.57572851935,466637.1427685032,-27453.19625446494,23217.586537429765,833003.7338471729
88,4.564780707637831,81.06534306592806,29.56248303306402,-34688.120906699405,-76468.14154322933,-203848.1903265738,-1205442.2203763723,-356505.302984923,2683.5046608351863,-1319632.2667934904,-191561.16929517337,1196188.9833121612,-32473.566046136282,46108.7748885029,381965.61927887035
89,4.76793400732811,78.85514406437593,26.645835349722717,-254624.28157366166,-744538.5344680037,-533601.2187358591,-1091148.4111942789,-345752.42362141487,-165760.8553586858,-1734383.5194271263,-423948.54664150986,625568.0312911117,-68227.44087229106,43274.90743837152,551600.1184380907
90,4.892827237845649,80.85119761072652,26.64582814456909,-122503.17015483459,-74796.56754538527,-455391.88981079945,-901673.970459374,-195202.98061958118,-138698.42473929672,-1088426.352022748,-369113.829526978,804848.5540387064,-173447.69935626053,2177.2824271493773,290807.1635965127
91,4.767650901742324,78.84994994083897,27.604166277823623,-244258.95247085247,-902006.441788529,-607337.888882217,-1125979.717507896,-471501.2328943185,-120951.77674265925,-1903889.6767635294,-479651.6324438904,629938.0260658213,-40489.14146458078,5655.311814789086,630626.5106799868
92,4.893128222455795,80.85640263798743,27.604156165886987,-114810.58690796768,-144430.54966564165,-434336.3275531126,-1006123.6577203571,-305541.3175679666,-134235.91198791703,-1255280.4926314608,-325994.6860094389,887697.7145141778,-121540.08633428125,5185.010282742206,310313.6538126094
93,4.763608778345587,78.78497893622152,28.562495859307077,-212181.158937837,-962466.745958117,-546446.8880298357,-1188668.0476563254,-476116.3721477478,-51982.27319172911,-1957596.8175076651,-471009.8582638287,707511.8828457049,-35064.69067183371,-3416.557125778807,728033.9364210273
94,4.897183630871116,80.92138496547003,28.562484695426782,-83441.40882352652,-151564.56767385104,-352774.5819666269,-1159710.3838593366,-374248.6381261088,-105178.27545996805,-1391687.1043382483,-263840.87818225264,1067747.4240564967,-75809.92061409044,16264.62363029258,339398.4871441452
95,4.75610050230885,78.66543075545725,29.52082466208695,-204631.6491873801,-1036320.7176070451,-472693.1740441287,-1211182.049153447,-410924.03464523755,7672.887177293968,-1974668.02691118,-451576.4548375462,712598.9409101726,-32555.613065812333,7374.4834619182475,807827.5954402792
96,4.904702650267392,81.04094332821167,29.520813813395634,-47719.17751490661,-122052.91035475236,-220959.06510700387,-1254831.5735940887,-408350.7647014264,6272.715265058182,-1412150.5890748035,-207956.67430317885,1229376.1104013198,-37214.81858873416,32730.371501542777,371017.3791517679
97,5.257372926218243,78.82141460951118,26.35416880998055,-58471.21687612157,-381837.10556527856,-300065.1182918311,-568464.4121431428,-140280.37136318255,34988.247611139755,-827145.8121347941,-302613.60672788566,389385.9781294482,-87417.94582287772,44502.18139427252,600691.6570197222
98,5.400973475049152,80.81623868226205,26.354160021884333,-64596.438876555396,-60059.19996654088,-386823.36324393086,-495408.0892955165,-82852.74141272821,-1985.8245208624453,-576918.1765677207,-371651.3977048218,437090.5721855154,-208903.41403466195,0.3174957214101268,300071.8167117699
99,5.257385987993365,78.82142233302294,27.395832469063297,-16593.257210998345,-452613.79954698816,-353092.69791767304,-614683.6373997508,-211386.00729870985,17007.135573284693,-933586.2797482852,-330136.3867717944,441422.91184441996,-54677.141698683445,7911.281790779242,661477.778484135
100,5.400983586155265,80.81624540765084,27.395819947628805,-27987.057253875104,-97329.51794065077,-338481.57258915994,-553711.370177316,-145907.7441329485,-37345.19879500118,-670580.2922459837,-291785.3185774932,498567.46303979115,-136908.60515851105,2209.553786740926,318452.5416829748
101,5.253103529396024,78.76168868528588,28.43749533624846,40117.54925056771,-470677.0677488195,-317738.1120083311,-673064.9878524288,-225802.79982620996,33925.43077368309,-978252.5179554694,-303946.6830209237,533901.5704698107,-38478.36653249287,-7479.648707367825,744328.9403761281
102,5.405283390693001,80.87599432306584,28.437481220463184,-7006.773280720323,-111078.1103480098,-282104.6138897061,-645681.1488126357,-192944.1900277514,-48662.85410258977,-770275.9171630009,-229180.6708376475,599267.0904822123,-81930.50100481106,9430.395284769373,347173.96941841877
103,5.244134993770734,78.63701926712685,29.479157511753627,51308.393589560204,-517696.317282115,-288654.37070904934,-707177.6871214424,-218354.06036701755,39765.138765186224,-1030132.4953572671,-282974.3359291907,558064.536884854,-28380.19198290782,-754.9048378917204,826162.7990108485
104,5.4142654927291725,81.00067768899751,29.47914325562188,7396.2836298795955,-104025.93952744576,-191687.25972363784,-710262.755794646,-223717.5733966599,15235.159519391516,-800844.4995412327,-182162.7252944239,694690.3092144527,-37800.601759746954,21035.733942821364,378475.7676865396
105,5.9190380538730984,78.77169023657748,26.062501822290088,-63332.63927198091,-418985.3105143724,-340862.77061917615,-642795.215804762,-161097.9854743049,60035.45874556639,-922990.9713653794,-352797.48134187213,452607.732301722,-108653.40619256778,56842.32289698672,685744.5347687032
106,6.068869023177181,80.76606549742657,26.06249070261784,-80599.92200952659,-56688.296170269394,-464183.8640338328,-575572.789501738,-102817.14947851324,7404.814899879857,-666847.6557728628,-448027.4398421058,513403.01340133994,-261608.7449830579,1725.2349413525974,324165.62785021623
107,5.919054809040093,78.77170081440568,27.187498527494203,-31480.21235851619,-480512.9768718922,-385485.9353626375,-721472.2586565376,-253862.94415769755,38414.2464098562,-1061954.935086507,-371687.88070882566,536163.6912022869,-72424.62894896143,8081.468541981514,700834.9039367638
108,6.0688812938156715,80.76607509823215,27.187482491246474,-43949.283847045546,-103487.2939494118,-387508.4284573446,-654246.9676012022,-193800.37785094636,-38974.63910021943,-797988.3484347045,-329811.2047388054,592854.546919708,-156495.6511317479,-302.51936976476316,325493.319270269
109,5.914971162904248,78.71717782116772,28.312494372483187,32710.25852395837,-484204.9040912981,-334147.86812499,-822953.7203499904,-281884.2004643945,47574.46912102838,-1139063.4033002174,-325887.9363269212,679308.8259348086,-47930.16505611584,-10776.449064200355,762736.3137184347
110,6.072987207632567,80.82061907514752,28.312476133149055,-22527.393400243855,-125800.4335428559,-315529.6312817103,-775209.8756741094,-254085.3976761165,-52899.27221093452,-932242.1665262354,-252500.95457954227,720885.6628809676,-90004.41740516093,2170.550826345308,352916.89376549365
111,5.9056157141476655,78.59253929707666,29.437489680650312,50414.11436954286,-533884.0224081518,-287955.2805113504,-894116.6982121525,-291682.92104834155,52913.0133083931,-1228247.24965677,-287439.8387389338,744261.8998457444,-27825.275978565773,-11428.586063505378,838539.9956731574
112,6.082359983828791,80.94527707301924,29.437470760953634,-8672.19687643729,-127760.77383798182,-214293.66556163487,-866840.6532825611,-294369.4881207127,11996.140781087848,-993837.7442100008,-200091.0837422154,843202.1916761623,-39818.826024562935,9138.51053978536,385044.9442001861
113,6.580705677321475,78.7219856289468,25.770835005522386,-64420.296380815256,-449158.9447633416,-384756.33992957906,-742623.1871910302,-184282.3011181752,60011.3933186295,-1042455.0703563245,-394274.0682170505,538393.5574996391,-125450.49060428346,77119.74741987116,757802.6107476967
114,6.736763217578372,80.71587305343067,25.77082123755169,-89290.08662084096,-45521.42499060267,-543778.4162936663,-654207.3601906201,-117237.78776117862,6436.263023513989,-751289.8319376284,-521416.8563855974,594116.7604181159,-318278.6489519349,6225.874175025848,343037.9572986089
115,6.58072537688902,78.7219998747857,26.97916459960679,-47707.71007680381,-506067.73899594037,-427566.64324155275,-839305.9229803196,-310066.6826614523,54095.238756912535,-1207722.1764291236,-417837.80071114143,644217.8848259683,-87869.40758237289,6619.846552332092,742920.2865187371
116,6.736777409259971,80.71588635926497,26.979144614063046,-53004.52831204509,-94932.33497895999,-428994.9953941448,-747193.1724361574,-239596.36141485462,-42033.460282331704,-908007.6126010467,-359589.08988241776,690664.8437983146,-175656.63869138825,115.59102012107157,330141.963983421
117,6.5768891197609065,78.67268545751071,28.187493262683795,22645.580645144306,-491578.90295138455,-355005.2115954801,-979330.848901198,-350738.5607338618,59062.10854208467,-1310274.0529023246,-350255.2315865761,836590.7505871804,-56587.841042226384,-11716.240828834223,782798.4746743754
118,6.7406407316885195,80.76522890578471,28.1874705893765,-30964.24189869673,-119388.57101679192,-339444.35017916944,-897555.0068016751,-310352.2248129178,-56428.8207938728,-1070973.561174389,-268331.70642596803,849508.104505699,-99039.96345804608,-2119.6577086057514,353457.78781331785
119,6.567147055095142,78.54808080323794,29.39582166019906,48349.705763281905,-538763.032940299,-286308.58008075284,-1091686.3107070914,-377549.75342414214,67090.93805697764,-1435751.6435774995,-292450.18172496464,951479.9180446944,-28941.630491948894,-17157.66402704958,849608.3284775834
120,6.750404102343837,80.88985987379948,29.3957977465002,-17259.30314173833,-125273.73406571175,-231660.42269708432,-1017124.653173919,-361713.25457746204,7406.999778544271,-1163335.9851899971,-211977.23951713907,1001119.7648026019,-44500.89729914961,1307.5837745403717,384088.0897553469
121,7.069690862201796,78.68219948945446,25.479168831932956,-362636.56125433947,-917308.918392185,-760702.3972094653,-1689915.6455910637,-611029.1730989331,-135089.27162761064,-2528006.4691874706,-632931.9230265772,1120290.5153580585,-132913.08895003525,89024.95163047727,783321.163727663
122,7.244428426675933,80.6745073456112,25.479153104944416,-189103.083855115,62544.595245604694,-764982.8205590621,-1435519.0129400082,-429474.7018903028,-133024.86261439082,-1673347.1415170222,-620256.720826142,1402062.553174592,-353621.38988105266,11056.308705083968,355017.6102798968
123,7.069712776226714,78.68221700480142,26.77083090461146,-374099.53211898985,-1019708.9738221198,-833305.501717703,-1950774.8068633229,-929898.2286973477,-89465.82163302878,-2959887.570096473,-682711.9577084822,1415485.5201461425,-98208.34345485707,4835.909778373503,773722.5390294208
124,7.244444282593735,80.67452397600593,26.770807738685313,-173778.69832289658,-56820.66798045939,-656994.408021376,-1680941.7614659842,-738672.6722914812,-151583.65822959825,-2079308.8444679347,-457663.1948933726,1649378.2650365753,-195061.9150695394,-1509.0788781381264,323244.73014733905
125,7.065880284188614,78.63813235924286,28.06249253842576,-290949.5195048844,-958236.6058443756,-666663.6050482814,-2334430.5944391363,-1033300.2535049459,-43696.998518802604,-3245206.7134433957,-574417.5205892433,1903774.5036350975,-63867.41473442239,-14732.996405878563,789866.5245844938
126,7.248307980263558,80.71864323629622,28.062466315873372,-139853.071954833,-96314.37851744841,-495587.8910367419,-2046258.1438549757,-887784.5016048581,-131756.09514629672,-2439139.1163107385,-340638.5014411571,2048022.276242873,-109004.9628197724,-6360.504473702895,345375.76201839535
127,7.054972901287059,78.51362962411856,29.354154194657784,-238370.78699553118,-1027344.4356621343,-488667.2112913332,-2658755.630772731,-1103184.008936034,37148.87606931975,-3543378.6579058776,-478458.516699871,2267454.7406567493,-32578.811620401604,-22489.988923412733,847613.5270171051
128,7.259240023397395,80.84317863789929,29.35412626616593,-107454.5776793671,-92489.98986809145,-300782.0695456904,-2339216.1389607224,-985512.1069965672,-14046.896328944327,-2659367.926499312,-261424.2988651641,2420065.5882713264,-50850.227844143206,-4499.479656552109,375704.72016220505
129,7.395334135956328,78.65154209613178,25.187502613863565,-342839.53795638296,-858528.8081522841,-721387.0083941724,-1697563.2965286835,-605402.8477586965,-113685.7248569449,-2481693.8131215703,-610001.3976395631,1168939.8562582936,-134518.89219481952,91867.797214467,776954.7002439889
130,7.58252227056445,80.64275806090772,25.187485878713026,-187013.5018146275,118013.5268941067,-781348.6097129958,-1559765.9741755086,-481450.2226879543,-137680.15404866237,-1785753.2758023338,-627797.8219199013,1563202.5130887185,-366112.19367962785,14988.081926752417,358464.0183354247
131,7.395358063533866,78.65156209087826,26.56249790254292,-357237.3516333585,-966358.704074239,-817641.8572043318,-1964970.5192268442,-954541.369534216,-63163.94716422463,-2937408.4178996077,-682930.4806362197,1479100.985623898,-103693.56844801319,6506.387795362581,802642.623453943
132,7.582539724559523,80.64277718748333,26.56247267025433,-175009.5387716296,-4025.9044738751836,-685584.3535275507,-1837433.0030490728,-843250.5852291816,-151559.851845639,-2248311.036992477,-471956.5896594243,1855647.8298788457,-208729.99693515242,1500.7624511356871,334207.2603370488
133,7.391723770980303,78.61269117059081,27.937492247627816,-267982.3557175887,-883028.2202136583,-646968.7198507441,-2362570.2606309527,-1068508.7413183611,-22359.4307997138,-3226909.558676442,-566970.3875751442,1995900.6504695946,-66399.94691246914,-13239.63737873982,813344.3460960365
134,7.586209145563435,80.68168818622553,27.937463607404787,-139739.17038223025,-39750.7517385323,-504493.04713640857,-2258436.1391367526,-1014338.5692112813,-133150.78782821697,-2660818.3513734713,-341247.3700207947,2318082.752137095,-112300.05737072875,-4403.291834539298,356554.88816549897
135,7.380040286316531,78.48825933680536,29.312486836823798,-205271.25462701835,-927595.6708287026,-455600.2632144431,-2712035.0342837977,-1146707.4738101747,51091.26198469969,-3533994.7193769403,-454444.8744145161,2399972.4051212934,-29293.624709872693,-19198.788404852803,873437.9654795101
136,7.597920424594319,80.80615799709476,29.31245614891021,-102886.75314630289,-26386.484377090892,-301611.63186898176,-2623461.883255465,-1137299.7622827468,-17786.622640642534,-2948217.7112121144,-256988.593977729,2774321.4357974683,-49284.17019903621,-2001.2616027007912,392373.9602574498
137,7.724092836379053,78.62064096438863,24.895836306149842,-350730.52452369186,-855996.8572467,-722586.0627229592,-1804730.9174266807,-659216.5601625805,-110158.04026068821,-2601421.0193316205,-610552.6316583301,1282660.2064966,-134066.49178054213,91642.42262297604,770520.2071111442
138,7.917500048105843,80.6112526914622,24.895818431565026,-182078.2263893987,148113.8617096938,-776217.195410281,-1597245.6559813116,-505781.9710876762,-125002.90733446759,-1807796.5773188462,-627497.6529828637,1625112.670211724,-372640.091710223,15381.494937163885,354535.1553588316
139,7.724118951669154,78.62066338085147,26.35416491066553,-369400.5159415746,-971289.0733766765,-841843.8039073006,-2101085.605433466,-1051568.3028049811,-58253.36903032029,-3111197.835725005,-702993.6849712104,1631658.127470664,-109217.44966922072,3672.7291608599926,808504.5319685185
140,7.917519120999061,80.61127427524032,26.354137550912565,-171809.15947345336,32035.633814013272,-691132.5932401699,-1896205.1109483875,-893747.9497251973,-139951.74017476838,-2302584.076688635,-478930.3231987045,1950608.2809877293,-222112.77144591292,863.2823846218773,331592.49729126634
141,7.720877348949384,78.58699024174304,27.812491944782376,-273334.62477120536,-866901.8409223403,-662754.7716099948,-2540783.656930585,-1181920.7124296727,-15604.243147024505,-3428681.6918204,-582451.3261321342,2208141.7806489947,-72240.96721638435,-15515.294740305008,820965.5388180751
142,7.920799691111573,80.64499342818166,27.812460871432087,-136020.9365047964,3174.3200206854963,-499393.541241336,-2342147.2124744267,-1072745.5608296623,-124597.07982702911,-2736099.6413165056,-339557.6172764571,2443417.1008675154,-120504.78933092506,-6124.094321541395,353260.55573126604
143,7.708807374562413,78.46259905701683,29.27081942778097,-201374.07068008458,-898013.596634062,-448989.4198960047,-2960818.8258559597,-1280982.60667965,59560.67513568032,-3792865.22255949,-453462.98128147586,2697951.116630816,-32274.156498216606,-21396.647450395623,873265.5058362773
144,7.93290087611998,80.76942849588963,29.270785976524113,-97506.32096509656,21865.173346186188,-299248.0934212357,-2743132.946449133,-1205854.2425243354,-18159.154590048154,-3059835.541046703,-252966.9580305461,2937913.2580371024,-54267.895887209954,-4474.363150656995,387731.1453361263
145,8.049535333486698,78.58798870147817,24.60417019979802,-357044.8144653259,-830693.0846254758,-712793.8413542309,-1866601.81417015,-699668.394850223,-97701.89245696238,-2657734.9607984736,-606776.8173212945,1363980.037674735,-133483.87641140306,90779.28833078638,770583.2554829206
146,8.255378613735227,80.57735276470038,24.604151095207698,-184873.5419319752,188233.00239130817,-780347.2108929685,-1656015.4207724903,-549264.5195400931,-118065.14103448222,-1861179.5265861184,-628985.3330397985,1713177.1091922815,-378734.58212548395,15303.224596709782,354109.3847521873
147,8.049563793397963,78.58801355388104,26.145831674960903,-378356.563192958,-943546.1560668674,-848203.5219890523,-2191658.6487664613,-1129918.26083538,-49723.830170720335,-3214363.3731530327,-710880.8855847181,1755138.017488874,-111606.30245662233,621.2525310437196,814953.9742931444
148,8.255399329488597,80.57737688387733,26.145802069787965,-176501.8357746329,80447.0207079445,-700799.4555566622,-1987762.1852347772,-971250.8221210142,-135474.68181261068,-2400981.4444830706,-483078.5675099006,2087205.7413696204,-230388.4168412894,744.3882880914796,332931.85679054214
149,8.046650049266079,78.55954519016927,27.687491666027196,-277497.9323012,-817135.2122645755,-666594.8015172944,-2661693.8987835203,-1271111.1720342112,-7629.280879857862,-3548853.6037950944,-589037.7193409554,2376663.377052979,-76558.37518588564,-17079.151570381488,833460.1367696002
150,8.258355876587576,80.60589749125128,27.687458067630047,-140551.36053109885,63809.35034749913,-497839.75452683074,-2467562.6740290835,-1159446.9895362575,-121763.64121892572,-2859773.864522157,-336986.8691729527,2622178.968984679,-126884.58790766867,-6575.75354622383,355485.4829841014
151,8.033805018715134,78.43523497803487,29.22915226149706,-194457.24726315946,-824811.8790856658,-431065.6915548021,-3137013.075136758,-1385851.8707023894,67316.81185301983,-3948760.9222197356,-442251.1886180514,2940677.292934159,-33196.05242089419,-21694.227978120816,882528.2551640524
152,8.271235403471591,80.73025783945396,29.229115949354288,-98950.83140400179,95868.47644415013,-295928.3413128682,-2918994.453596152,-1308461.3312166657,-22012.926487067885,-3228762.8101982144,-246277.22294129917,3176029.336866794,-56841.0099356789,-4792.315149089415,391249.1931155212
153,8.377880258003142,78.55296160453568,24.31250382016559,-351219.6081522759,-803049.640602893,-694205.0061264399,-1892054.6282427625,-725155.1206884277,-77303.5374826582,-2665554.755555649,-600064.009579513,1417144.5102535535,-133413.77852328183,89625.38323402108,775804.1606712788
154,8.589938889915862,80.54168239242307,24.31248351172853,-183567.78466027498,227049.74721935685,-789154.2450999026,-1745153.3001330686,-605561.4913981904,-114963.37009668729,-1948152.2760780943,-631784.6295481193,1834264.6230853922,-384964.6945611864,15319.100055824856,355151.7006970736
155,8.377911217379973,78.55298898434691,25.937498687070818,-372073.8620722055,-908408.4447257635,-840504.8333242986,-2244312.6446660617,-1185211.8386854525,-34460.67218526274,-3259876.3971722047,-711272.4589628904,1850161.7160128274,-112357.36987997564,-2466.7550555592024,824433.9592604404
156,8.589961283043694,80.54170913357768,25.937466826707208,-176603.7401899316,123253.75857686615,-715620.3315292647,-2120915.413608841,-1073779.6464001453,-133885.18985538348,-2550730.170733875,-488133.2436458203,2269893.1012373664,-235893.49378712417,1217.82128915013,338315.7718854068
157,8.375455056697692,78.52971293689438,27.562491392822803,-266436.94762987667,-764822.1154019302,-661022.3972556593,-2735138.286015959,-1331699.1095159992,5450.7467370995655,-3604444.5979851643,-590132.303409202,2502295.4411068996,-79194.51719736603,-17662.948332855012,851013.0301081305
158,8.592464259296596,80.5650440875359,27.56245526989308,-138870.2031189945,117455.9618147854,-500265.53376225755,-2645526.8014493585,-1274726.5247225384,-120118.47789154448,-3045047.1312114922,-335764.19896764087,2859131.5551126665,-130937.00913480904,-5689.469462118227,363232.13559707504
159,8.362223828725503,78.40544632762537,29.187484837380396,-171983.5234843815,-752197.3213383893,-407998.53195082693,-3249796.5464575524,-1455238.7176466566,78987.37843771224,-4025845.9229615987,-427534.1448208514,3121200.6910088514,-32067.88234072474,-20078.129709691082,901410.9132270897
160,8.605733431007446,80.68936767667012,29.187445663239128,-93761.5078212847,160980.2357686421,-295017.90707473335,-3166384.4551176257,-1445695.11089599,-24903.688192737645,-3478753.140986711,-241198.8485988385,3492152.8104581744,-56942.41877277527,-3138.7090896105597,402729.1030906869
161,8.70622699326233,78.51795407145153,24.02083741233738,-360150.0250543768,-801622.8524485759,-699532.7502812821,-1984052.9351694472,-786996.6079234548,-69112.40440890033,-2775051.6326509705,-607196.6221702521,1520942.6270369878,-135195.87111165488,87294.12453317805,775525.0613517093
162,8.924496860890816,80.50599284913832,24.020815890607167,-180003.25880323094,252761.26731352365,-786478.4193301303,-1763416.3036096557,-631923.2491961443,-101161.10166769364,-1957243.9304276737,-633079.6251535575,1876603.144761394,-393037.65468636155,13626.357113294544,349125.99301185476
163,8.706260573799698,78.51798408408413,25.72916567278678,-381688.0813109358,-899582.476273052,-857013.246234538,-2381769.7594126267,-1297626.1766128975,-29757.779805929647,-3434638.232166604,-724319.0066822149,2020673.435030294,-113936.17878392046,-7107.858969198615,825373.3062190076
164,8.924520969723934,80.50602233251846,25.729131521500967,-172612.11460446156,158153.23477649683,-714764.9382872559,-2171294.227434884,-1128186.2913197156,-123567.33709380931,-2600307.0245822826,-489029.7592383989,2360112.96570546,-242905.32550271662,-376.2160512293039,335677.1223328728
165,8.704310845212234,78.49989564321224,27.43749109072661,-269221.6175268936,-732303.177717834,-673101.6665768141,-2918091.5450539417,-1456100.810310919,10005.794224916217,-3807612.951138345,-600878.6262136042,2733865.1155304075,-83210.14935054225,-20447.66170217209,856402.1277281858
166,8.926521947486146,80.52417656289907,27.437452409440723,-133296.39131307535,164437.17084409963,-491594.4010506311,-2718045.7686255835,-1332738.19236817,-111665.78813100432,-3107608.422396055,-331474.6327840527,2978629.4336604998,-137683.680925097,-7194.286242216267,360994.08385899937
167,8.690693885161803,78.37567523990633,29.145817380651188,-162602.12093552417,-700323.3111327412,-396200.79487018794,-3510535.0418823427,-1601044.4650294425,86822.84087051432,-4287562.5239657,-421555.2615446712,3449991.5585719193,-34943.38870621036,-21995.637410958465,902612.2380729541
168,8.940180699472068,80.64846126121606,29.14577529334278,-87333.51364303459,216180.71838527336,-291530.7644660141,-3275629.8804635038,-1512887.0323816785,-25422.648191650587,-3577181.7749248575,-235966.28778500948,3650464.5029860926,-61758.42997886134,-4998.806307133586,399649.407199205
169,9.03123525527597,78.48123677700087,23.729171256761283,-367333.3711764031,-775719.2601459131,-691786.8067305357,-2027218.8086686155,-829438.2970727042,-54776.75376360826,-2815191.3927762215,-607677.5114582903,1588029.4661816598,-137256.41096938917,84663.76787196132,776925.6562383357
170,9.261925094332524,80.46787265208542,23.72914848091402,-182993.84807251408,295694.1890656014,-789806.0982260202,-1805986.22914142,-677019.9400217223,-93132.98324447288,-1996217.35188098,-634089.4558971499,1953201.050545197,-400553.74727069156,12497.053704037966,345216.073978377
171,9.03127157661176,78.48126952200522,25.52083242681919,-389361.1503565345,-860125.7407903485,-857866.3260449932,-2465902.110157952,-1382950.7117578739,-21269.027314024905,-3529694.8751068395,-728349.1848970122,2150690.8428119756,-114941.21340365778,-11169.69220959833,830327.5221499421
172,9.261950977850498,80.46790502848962,25.52079591017488,-176593.78860699793,212223.76451276382,-719568.1255531631,-2256599.2737802775,-1211588.8230493474,-120062.20052625943,-2694251.5099476376,-488753.7687511297,2499067.1290513696,-248409.55070811702,-1197.6885976989845,336555.2334016573
173,9.029812265226457,78.4683707261537,27.312490803887474,-272945.22243962524,-667992.8323806797,-672757.4736572651,-3038010.9953086744,-1550037.7289416196,15839.338990709291,-3923153.7604288626,-603130.2858583684,2912588.5178096616,-85737.5558935595,-22168.304667284763,867124.1926983439
174,9.263466175739085,80.4808767529333,27.312449491684575,-136535.53623542556,234546.59322395953,-485448.0084437408,-2836732.3751704833,-1423624.3771198806,-109182.84205942813,-3222654.2865530686,-325368.6936971226,3160586.0287949843,-142405.63408167817,-7318.130845066993,364454.7261634417
175,9.01542165242534,78.34424173061305,29.10415018778918,-153209.32346718918,-608002.5787081107,-373876.6767413029,-3687877.4745318256,-1710387.8326285302,93067.10396251426,-4437164.009722516,-405865.91133641393,3707941.3421423263,-35744.6904915815,-22048.65932760634,912683.5212940897
176,9.277902459558156,80.60507771772762,29.104105085669282,-88462.76875267437,303556.3047427059,-285930.73641496163,-3450075.489659432,-1621178.2007311478,-29888.92240731022,-3741820.431155391,-226875.39605415286,3897858.6267846134,-63975.92564940736,-4879.658667083793,404739.17837880657
177,9.359115919167145,78.44210780572534,23.437504865321827,-361761.9557542879,-747955.7139234106,-674056.8941895067,-2032120.6070653666,-853175.5583643218,-33281.48835326811,-2803573.8202665187,-604035.162732951,1623834.4191322639,-139702.97144936214,81714.23628354607,780599.2945826709
178,9.59601299669984,80.428022916225,23.437480882455862,-180604.969094256,339787.4317369336,-796288.8180998456,-1882000.1192409291,-736546.8207406849,-88164.70848125465,-2070048.046799777,-635340.3544562535,2068282.0457988626,-407450.8301868185,11853.266626303615,342251.06070905295
179,9.359155131432239,78.44214342312287,25.31249945233688,-381739.30448081216,-818843.0167716439,-846472.0500800366,-2506391.5508462605,-1437833.266333988,-5396.572738833536,-3560938.3346262323,-727194.8088736807,2241078.7721674205,-115814.89563497367,-14675.689797758407,839249.1827744986
180,9.596040729919586,80.42805829934333,25.312460586505292,-174731.04105176262,262943.0635223631,-730646.8439982444,-2387141.251715867,-1323233.9859395244,-118347.84252175184,-2842552.985881508,-490529.3080012858,2690647.4723551497,-253133.53047129232,-1160.2345562418832,340727.23025270546
181,9.358267127881591,78.43442574496939,27.18749052687403,-261417.94524681632,-608008.8731067044,-664063.2692417864,-3105746.9160117023,-1609280.2327030394,27932.809000853493,-3969857.5062787486,-601670.1953533865,3038037.614036828,-87049.50665437119,-22596.260137804962,883914.0112305034
182,9.596989244310507,80.43585670454553,27.187446597481863,-131927.8809339584,298520.6652215518,-483419.6134428489,-3012516.171913899,-1547700.96331654,-107052.46877829614,-3404046.0304074204,-320714.38925620535,3407933.5905083707,-145346.03143769017,-6169.40220260729,373101.86270675453
183,9.343491121472105,78.31034606311536,29.062482757417317,-128329.08852078192,-526350.9419901909,-347990.53696590214,-3792379.2015528576,-1777488.5833946872,103773.98660205919,-4501278.277674621,-388186.077093583,3886793.7872913308,-34361.73297033249,-20188.423979853877,932211.5195468259
184,9.611814875948198,80.56001690292685,29.062434637679427,-80835.44710409835,382297.8923265854,-282141.48771694576,-3705546.679391546,-1771180.2898496073,-32616.970327476713,-3997550.2046732744,-218972.62347608572,4235843.785654901,-63501.149265475564,-3027.3416524107474,417638.7487544931
185,9.686998849372785,78.40299831457892,23.145838463596164,-370103.62803586165,-742250.5831974428,-678844.3061375899,-2109509.978250013,-918203.0818040448,-23263.020445322232,-2898431.0047206646,-613045.4184732205,1720277.9058229916,-143631.7960391604,77993.28575365726,778448.096800792
186,9.930098538865156,80.38815393213882,23.145813279813403,-177009.83402583378,366046.04331504623,-791406.8401906369,-1882064.7923508142,-759745.443475279,-73156.85307678758,-2061257.3175764373,-635869.0669935312,2094755.7536685439,-415470.3246052419,9933.408496781705,332980.9573558081
187,9.687041089761642,78.40303693418902,25.104166464504512,-389419.6047021296,-800325.1643064733,-859785.0373892668,-2641373.4242312764,-1559695.340262655,122.89646723336561,-3733274.1088761045,-738566.3273404908,2422310.629818726,-118025.38545727107,-19092.878533903295,839866.4079394285
188,9.930128203370804,80.38819245780076,25.104125227860056,-170147.41388076532,299607.8192276481,-727506.4710284478,-2423814.3985596998,-1374673.975845804,-107889.85233469581,-2878225.2719732737,-490352.2584506305,2770531.4647423383,-260401.5874003573,-2863.563172349162,336872.2495243578
189,9.686773018198112,78.40049496811551,27.062490225917383,-261977.0278545735,-560402.3882608989,-671720.1248720994,-3297427.9138883706,-1744182.3945448585,32316.168527298527,-4177891.779294189,-608774.9746393253,3292567.2129459423,-90007.90331934023,-25003.552106878324,889358.7710515787
190,9.930461752659962,80.39082339362376,27.062443644386367,-125051.52652599156,345974.1784984156,-472549.21525909693,-3067511.1727905734,-1602602.266485298,-98189.46466158694,-3449020.3015433694,-315256.41655483696,3512650.154811534,-151344.3092264984,-7402.496605450804,372049.35676015733
191,9.671612101154047,78.27646710294535,29.020815308280085,-114437.58210488159,-454540.75710929016,-330886.2063998679,-4068755.899302744,-1937855.6262625088,110555.13940724242,-4772400.265822887,-376704.3687257352,4249240.088934583,-36909.0339951904,-22293.319011614054,932992.7662155085
192,9.945676680961656,80.51494071320711,29.020764112543926,-75028.82013777219,436894.7285204472,-278698.70419714396,-3799794.8033498316,-1835238.6089993033,-32910.2924996418,-4082208.8111277316,-214029.28197829443,4379405.297291557,-67626.93191766937,-4884.342802720007,416233.7574882911
193,10.0115222467512,78.3622214769679,22.854172320699725,-377274.2054570629,-711819.2218774924,-669869.3393378984,-2135692.53529627,-959858.5592411923,-7595.856198115891,-2920294.02584278,-615248.7759194219,1776580.0350897482,-148190.2032158913,74055.87931093267,777123.6127743461
194,10.267023779280077,80.34581897189864,22.85414591710694,-179548.0065767678,413622.7218154267,-791057.2887245738,-1908590.1565788458,-803875.1513864383,-63507.05591063063,-2083258.9724733667,-635127.6352425494,2161404.0342300013,-422813.705108426,8532.113004845094,324888.4626914504
195,10.011567671978181,78.36226321227576,24.895833255664986,-396359.56964514137,-752603.6955206646,-857495.6904398474,-2717069.4235357963,-1647094.8241135378,8414.203920503198,-3818590.496903318,-741081.0301987778,2553212.5714964424,-120303.41354734435,-22610.72101320176,843533.6696005738
196,10.267055492056336,80.34586080735845,24.895789589031445,-173635.984048557,360444.58056879725,-730106.4106061091,-2499545.7831105655,-1460038.354061054,-104281.00363451427,-2962609.1700764024,-488898.059456273,2908209.415446806,-266905.88715634675,-3657.698264028685,336680.1685394761
197,10.011611264457768,78.36231117339499,26.93749001642872,-286205.9510395723,-489618.9714481838,-671754.2935532706,-3428943.892908703,-1848603.3020283093,32920.13555519189,-4316456.9316687025,-612267.3432050121,3481145.0588326887,-92165.03334232653,-26431.462568614603,899268.9924172013
198,10.267082590089219,80.34591029346682,26.937440578368687,-110045.4228870658,425635.0348124867,-462312.6741389788,-3182628.512006952,-1700818.8963799593,-92751.35356844563,-3551601.6967190607,-304742.5717718862,3709621.206277389,-156222.02177363544,-8185.824877048556,374218.31798609905
199,9.995678160108804,78.23838509336981,28.979148205071183,-130298.10895825765,-354039.03640734666,-314015.25538523344,-4261348.84339194,-2061807.1639758577,108675.77856489981,-4952907.230801335,-364379.83005791856,4518934.660108416,-37895.516631485676,-23755.06174417887,939668.6287181266
200,10.283074156999128,80.46993504357712,28.979093700937604,-56047.01129333486,536855.4346032346,-264117.4468232902,-3975890.177917417,-1951803.0887094138,-32162.270995649775,-4235270.639397155,-197875.5593503745,4649837.175234137,-68920.03187204996,-5119.958740113303,422460.6834941015
201,10.3388874601489,78.31899763002792,22.562505930381345,-372108.8986286423,-681964.753989372,-650311.8211977902,-2122156.1364770723,-978195.8146021158,15849.182037176526,-2888015.563412289,-613724.7234443037,1797354.8130407878,-153925.63268015307,70367.2690691882,776963.781268158
202,10.60058710663426,80.30179663141017,22.56247839578016,-175684.26444876555,465034.5200967135,-792674.4204467759,-1969878.667475249,-863132.5758624288,-55681.52870053086,-2139188.692786306,-634366.0255517123,2270230.553539191,-429762.9830968749,7649.389591081204,316807.9599356967
203,10.338936290157589,78.31904264852977,24.68750032081757,-387735.458005353,-707505.485745892,-843243.3543624121,-2744730.315621004,-1696502.1949694937,24348.469678350855,-3834013.602954516,-738992.6321403859,2634521.936981245,-122820.82207388316,-24958.37698933243,850894.880145753
204,10.600621009697559,80.30184190620164,24.687454266427984,-170143.42036788896,419484.6858408097,-739350.9563269903,-2625089.30574649,-1578294.4381227912,-101417.15447700516,-3106192.3974104743,-489922.00965188735,3106104.7162082912,-273310.549374423,-3640.0651654098046,339320.74530416337
205,10.338983290930964,78.31909506491908,26.81248988672002,-275310.87406493747,-426708.2452525564,-658470.4722573628,-3504296.2788802665,-1915612.043693783,45537.24188602844,-4372397.710626408,-608433.96932785,3620342.088379402,-94942.69991864735,-27343.562115007546,910732.0590370023
206,10.600650164584374,80.30189604547925,26.812437482144947,-103804.53782256623,496690.4847131405,-463432.3569643056,-3374529.745306146,-1844813.3173847508,-92622.87501204331,-3755038.437006257,-300523.7253720872,3985015.752304613,-159144.59800432733,-7937.243231070136,381923.7683096271
207,10.322665779746504,78.19522370095862,28.93748093466068,-111297.14082714327,-271199.4833437369,-293319.9896048774,-4374273.039510482,-2140075.202746379,115407.65251310036,-5034185.156866979,-349281.2023153889,4707649.74540661,-37154.880953562744,-23863.42865022137,953507.9245595399
208,10.61703069788726,80.42587595559115,28.937423003424655,-45324.359093613486,626694.485835107,-253160.96631237815,-4255749.854675128,-2123668.3177280123,-32212.210424433066,-4514739.74381301,-185608.39117639107,5028557.295418516,-67908.71623278497,-4033.581572383547,435445.1828802297
209,10.663160503089681,78.276230856625,22.27083946238161,-383457.3396337152,-671041.9888043533,-657896.5741380254,-2218874.1244655307,-1062248.1825344118,24855.3200053513,-3008170.896019765,-626149.1912798283,1921924.1847234997,-161659.67677163848,68077.45089162955,768634.2151731432
210,10.93724175507769,80.25731699064025,22.270810855659057,-169295.10838181534,493992.8129163712,-776338.5994191056,-1911729.2589781673,-857608.2640623968,-33532.96798836457,-2059385.958514592,-632189.6258351078,2239934.6894651502,-438751.2157419345,5686.407836621034,301028.4761850797
211,10.663212951091616,78.27627929715935,24.47916736014643,-395350.44043124316,-670356.1982712122,-860435.871959502,-2923025.8403327675,-1862891.3751461073,25752.214047924328,-4061403.366174301,-749176.8763492091,2884437.7318615536,-127077.67198862667,-28576.52963156431,845405.1617879758
212,10.93727801899165,80.2573659193198,24.479118886952023,-161124.37462625737,462212.91075453605,-726096.7399517898,-2594546.018507263,-1589545.7575061335,-85725.22485433574,-3056117.3281631987,-486797.3349651591,3117906.459304847,-283492.1890967886,-6095.612020900569,331312.16518134874
213,10.663263451355636,78.27633639532847,26.687489732910883,-273824.02871670376,-347100.51663903927,-662046.0241179543,-3774637.5703503173,-2116871.592282551,46985.33183581945,-4667026.71508996,-608970.6714267047,3993026.8170429682,-100488.1913707036,-31552.799822336438,904468.7794796306
214,10.937309341240136,80.25742500206749,26.68743428392283,-92963.98878944723,551491.5125980086,-449216.86306874244,-3367359.377236436,-1867069.2408660408,-83175.78479432904,-3725012.160894036,-292726.5247599677,4027049.346393822,-166294.62413866687,-11197.095069911293,375902.14148756146
215,10.646175372681897,78.15257721580257,28.895813629512404,-97200.34224955636,-150963.3282529485,-273937.4121561298,-4769964.4091801355,-2385403.032108792,116547.83309412556,-5428599.257356645,-331828.15110730036,5238326.325805308,-42679.24700406601,-29682.407665668936,938631.0353036758
216,10.954465439215207,80.38130315300431,28.895752182638986,-35378.41857962316,692432.9646083313,-240128.75280579797,-4259792.839810584,-2142544.7665606933,-29133.394488769034,-4489782.071546984,-175020.7093665479,5081728.574136442,-74422.17703829393,-8467.303087656477,427001.3652089204
217,11.148695466124009,78.20592501228819,21.979173176736765,-156001.81162680755,-357194.80080964,-340489.769250102,-1084255.6410393661,-414029.1198073683,187358.08016338354,-1379178.3901207154,-441498.6022349426,966990.6106691083,-171565.8535677342,69051.99537436433,784821.9050377074
218,11.441339802538904,80.18438369790958,21.979141822566593,-156280.81783371518,177852.2690665811,-681682.1964622648,-973376.0644885696,-335968.30425961275,69703.95613729607,-1057268.7839548476,-654195.809357053,1051353.848082502,-462654.05316684453,4196.07069914338,291095.09917577147
219,11.148752733508699,78.20597890812533,24.27083397600547,-132531.38103685557,-362886.1409531896,-502034.7397573524,-1429687.1430394636,-782762.0480297074,167214.84337479842,-1857597.3492477904,-557364.089603167,1417509.17710356,-134767.95628173187,-32513.05167810792,854239.9298894892
220,11.441379094070864,80.18443853677823,24.270781188393222,-123436.23886140868,164034.65773639045,-573061.3106678005,-1322858.2056789566,-686102.0953749646,2302.5960048609218,-1546391.2825623562,-469402.0753648401,1483330.4661343778,-286436.6152843891,-4871.993674902656,339795.0274874381
221,11.14880762121127,78.20604266387511,26.562489270975114,-51214.444158746584,-213060.22763827327,-425840.5180627446,-1838143.5201407168,-896253.7772244195,153417.6714128758,-2156192.4644844066,-474574.57201489434,1940651.8466395359,-105828.10276816739,-33112.338230100824,917482.6181799914
222,11.441413156522593,80.18450466819225,26.562429092464882,-72351.35424950963,209267.9596170363,-373086.3514377468,-1711556.5189389589,-820293.0503527028,-21134.674965922935,-1879983.0974236897,-297988.3574181128,1941801.7087715827,-166396.61059689207,-9678.004026970195,394126.526114366
223,11.130563285622934,78.08245468984074,28.85414627148825,98138.15362795128,-96654.69724697352,-160121.7816981808,-2306329.7901520827,-1039154.6909159455,162861.2332031996,-2493388.563631853,-238530.82604640455,2573281.0643610554,-40651.46555745867,-27754.427494062216,965347.5569168677
224,11.459731669153948,80.30822596519485,28.854079477333634,-74891.9670866653,263429.1501373245,-288750.3826644098,-2217886.6808955013,-982684.0958591377,-24621.16766213327,-2368448.976638267,-234635.98074794753,2502871.7577724643,-72289.10640237489,-6625.281906007976,449411.1551633981
225,11.804774562525775,78.10676623452864,21.687506673532354,-162613.31671465858,-356262.3500979185,-358985.71999577386,-1140051.0903952464,-462714.98905372655,205592.08708385492,-1444549.8405762147,-473994.5574329673,1040683.0112008307,-186419.36102692803,76545.63014080866,825964.4180907123
226,12.103598697381765,80.08431063467998,21.687471179550553,-171236.26300094137,211532.36186092527,-735363.9572718526,-1045070.3148263758,-391238.51503986784,80982.96290776492,-1143048.2262143265,-701083.0707229718,1149063.438525429,-505509.32883076556,3824.7540497145633,290685.5189445914
227,11.804837701606708,78.1068282221482,24.062500620958936,-141275.26405311716,-335354.2536785328,-519441.73288967484,-1518507.0795069372,-863091.6089262294,178384.06737876008,-1960852.7121328164,-579946.1742458015,1544727.6357572926,-143167.5624820095,-38990.78887078066,865303.1473411365
228,12.10364170744943,80.08437398755339,24.062441712593763,-131791.64718258468,201914.73406302885,-591587.1715359126,-1437963.2405345477,-783131.3505713422,1490.6913894680042,-1686386.2970633465,-477671.8541588889,1642594.0665667672,-288354.40067449765,-4570.912752869656,345156.12714732403
229,11.804898028032472,78.10690093473478,26.437488432776142,-53121.50519537044,-168034.75413709827,-431906.37715280545,-1963533.5727404153,-978846.2216342264,161567.79191132062,-2280156.6019672644,-485334.36525185045,2112428.3307338413,-111427.87062414209,-34822.723948394916,933167.9507913541
230,12.103679148947908,80.08444941002469,26.437421909529725,-78013.11213403456,254914.5866587383,-382345.6541725992,-1870089.163730881,-922596.8295309214,-21375.109093551273,-2050762.1328991218,-303469.4347363809,2148787.387987607,-167876.69636889955,-10451.56030340267,406792.32118162577
231,11.7862721675679,77.98337930960983,28.812478316328956,108976.8586233011,-37594.43924944757,-145273.36632652118,-2467038.620894315,-1136369.155381554,173011.64142964236,-2639551.6936802315,-232251.7788636155,2797912.5255911797,-41037.88623527496,-28915.97823430522,984041.8770493183
232,12.122386732934617,80.20812308828567,28.812404406775336,-79632.91552316374,317952.1001837609,-294893.27416086115,-2434263.87585175,-1102614.6216704,-26329.47772789379,-2593248.59972727,-237698.20631781308,2774372.7165448205,-72141.91588731235,-6897.589753275436,468644.47199808795
233,12.460856686606794,78.00762672340501,21.39584031588571,-170075.96882103168,-349622.4289049496,-383333.6015923219,-1224515.3451637642,-519281.00970014295,214310.65804852836,-1539882.1425657822,-504411.35624733195,1141261.499494811,-198649.95741868013,85664.40653938355,862771.543124656
234,12.765854552730584,79.98421855463872,21.395800757461117,-182650.89353947254,241277.328338753,-790576.905048797,-1097130.1425745296,-427670.3428024042,88174.67995257348,-1206405.4245376529,-746988.6151815907,1221443.569469727,-553980.4202430312,5459.869523363019,285586.7759806392
235,12.4609254330373,78.00769772415052,23.85416718718788,-155821.06486082604,-306269.6846709945,-543710.5010847904,-1638497.452185282,-969043.108048207,188822.73909676992,-2107185.752931976,-608120.0007644662,1709504.5030798316,-153621.73021690117,-43657.738730928875,877933.267489016
236,12.765901448133299,79.98429123911396,23.85410201990237,-136667.04344826468,239075.42513660045,-606000.8998671338,-1518830.7218670074,-857527.8232640828,2395.723262012868,-1783287.4539624183,-484554.8756249806,1764249.8114086012,-293782.80561606283,-3655.1588950637365,344722.7654558927
237,12.460991518979652,78.00778014274856,26.312487437896763,-61247.653234941004,-116325.35408589503,-440995.35826543684,-2131151.1468318566,-1090515.6292643452,167760.1322405451,-2455550.454739567,-498041.0157556973,2335023.10490899,-117251.69304376937,-35826.19374965686,943948.3785239675
238,12.765942536405428,79.98437671499303,26.31241440889835,-80698.57128726691,297568.81495126046,-388057.4603898126,-1984752.611870664,-999861.9222878309,-19756.22712637996,-2170096.899654468,-307683.5870156544,2306593.2699443037,-171610.44055571026,-11284.43771537697,411661.5623669339
239,12.441984798436467,77.88432808340237,28.770810233951195,113996.67953855601,31949.67421083581,-129922.9828936358,-2688307.453652197,-1270929.3653359888,182722.8837349603,-2853724.339928378,-226559.19691373844,3096306.9076978723,-41685.94451619462,-29913.716838978362,996111.5240090878
240,12.785039097916881,80.10800100721923,28.770728981034217,-82411.4108561044,366055.3288780268,-300218.1322943403,-2590319.916496197,-1192417.5136718734,-27894.673966217408,-2752899.1689769463,-240177.96034464758,2976502.9150491757,-74554.7715695917,-7914.3758754139,478789.39829423244
241,12.945484078380272,77.93131460121987,21.10417437352082,-438569.1388898315,-533689.2355976974,-750647.7643146258,-2646136.6685629277,-1528874.7565535342,63168.90283969678,-3555965.4985288316,-727044.2341170452,2560103.5938437223,-207508.3448365221,88472.34566733881,877157.018414956
242,13.26899213357457,79.9049318115698,21.104132391870216,-196403.63505717443,841347.4398446791,-944231.2952733957,-2288706.7705868664,-1277469.2111953103,-8370.116844549797,-2498222.5992336655,-733506.9861044005,2932442.094852174,-582927.1691841602,8424.195817704183,284369.1784281143
243,12.945557418743828,77.93139276284215,23.64583385358821,-430125.08457271574,-308388.82563711156,-931284.6981480866,-3637220.5809005923,-2653158.247345704,44901.80169512051,-4945026.973215599,-798758.8474158251,4073987.21227351,-158212.01058274292,-46203.02070870795,887762.0589863537
244,13.26904254210858,79.90501200694497,23.645764160060498,-173098.25190344814,873247.5554928666,-782216.9949698115,-3247897.3570142975,-2305225.125417042,-98553.3832943157,-3855289.6211205423,-476411.84255018074,4249633.772290329,-305809.81125757424,-5156.6774106072535,334237.7009772003
245,12.945628664222713,77.93148341997265,26.187486908391207,-272022.7329838738,207040.3035455639,-641706.6124938097,-4826811.314708646,-2967079.0493919565,52141.55237972046,-5734072.779056918,-586351.1766746236,5613734.913799424,-121634.58332964581,-37636.32986814855,947655.7649657407
246,13.26908704555538,79.90510618868164,26.1874088378624,-94408.80898385606,1048460.9520987446,-437733.9830742138,-4320176.586762034,-2632545.6524165086,-98815.46243941897,-4720501.474388036,-254958.7648440787,5491778.399272788,-177826.94549040406,-13657.646002158972,407471.078086676
247,12.925469635288536,77.80822598454986,28.72914283715431,-31462.610898500483,576370.8782770312,-129263.08069893072,-6185669.144006754,-3381637.216770932,130317.07472467184,-6738499.104754682,-216445.5425898665,7370589.834024148,-45649.814449283025,-34503.49144926397,988393.6003132819
248,13.289343421583382,80.02855351427667,28.72905581784642,-20516.59811726591,1303284.175225908,-179553.52292971167,-5555638.5074714795,-3018755.9303410454,-47958.66534221343,-5759169.56153894,-102760.286404441,6965143.902122311,-79386.80585527795,-10713.486485143743,477712.108705314
249,13.267912397025981,77.87634225681435,20.81250821169345,-414866.494028423,-469844.57202830305,-698300.1041763619,-2564015.6230671047,-1470750.2704636694,85703.93964634254,-3397634.45580687,-701942.487704839,2516565.7732786215,-211451.57334024712,86742.82711754531,870163.9650425364
250,13.60375522861412,79.84793773923751,20.8124655710146,-179216.18394866568,953111.0093976969,-936094.3445865875,-2389407.803755268,-1356819.1249182269,-6745.777344867076,-2571067.828137251,-719837.8128506792,3128706.1218503737,-592746.4779122085,12490.422353485565,280672.3985150663
251,13.267989630588993,77.87642543096197,23.437501143205054,-406401.40126088733,-239641.18021120736,-891436.2990082672,-3550530.7330005076,-2619825.345749601,69471.54723867416,-4795603.173701943,-785571.4863557781,4043695.7795773586,-163618.576622307,-44043.41201941962,905459.8502566884
252,13.60380874105864,79.84802317327512,23.43742889982044,-155963.9068357988,1010120.0470019779,-787757.360302553,-3423147.1405232605,-2498169.9699022304,-96013.98947501749,-4047978.108418233,-467793.73533994536,4582170.623621804,-319174.5956210521,-3777.7663574290973,336564.65429098625
253,13.268065360359417,77.8765227347532,26.06248690309803,-248857.49021084947,291001.3558694512,-610014.8987370762,-4749022.760027739,-2953296.811981239,71422.60168132503,-5598882.4215108,-572881.3198224381,5603892.708254765,-125438.43289788373,-36921.278496505685,962310.8488887725
254,13.603856341297485,79.84812434602365,26.062405457430852,-70083.76648720208,1212914.001039737,-422206.08808028593,-4597828.3331293715,-2869896.561233362,-99776.01043797865,-4997319.715673449,-231841.76064348838,5949785.622789187,-178505.49426852813,-11331.700783350898,419436.1100352876
255,13.24713959940414,77.75339869287254,28.687475660997634,1093.0371635891206,684760.4033258484,-96054.0176645417,-6089597.2288154345,-3357675.015638976,140877.8608411684,-6569052.596456846,-192518.8620423805,7351370.881324121,-43552.57734335946,-31090.616446993823,1012556.6480286582
256,13.624886236732227,79.9714527337424,28.687384719085745,16119.342276659736,1521586.4925793796,-140478.80652831786,-5976866.047842039,-3309980.6391981314,-47704.563556048546,-6148383.152322561,-63002.40731753315,7608612.587967813,-75850.37555768999,-7260.381590106771,498149.82963252533
257,13.590353702797078,77.82144721535359,20.520841930894782,-417585.17672756466,-428699.815000278,-694158.0052544134,-2675982.769599846,-1567408.372852587,87494.73168802897,-3522624.969783607,-699651.9154303517,2681833.888231702,-216081.33973993815,84369.63126361402,852749.6442891603
258,13.938504914756386,79.79086669219541,20.520798463424647,-171760.8335423706,968968.2763563169,-907938.3981714562,-2310583.8668276407,-1317034.491427737,11840.313409249777,-2460596.254817638,-712436.1202675328,3062301.4197276607,-596482.8871135819,13581.059875530813,268726.4467653348
259,13.59043501330933,77.82153530934904,23.22916841660174,-404535.05630156887,-162827.31507599668,-901012.263850689,-3743905.79941036,-2830003.559913124,70639.31443205009,-5042349.2821674775,-787069.0247393659,4361043.67167859,-168737.27319907502,-45357.70634556709,903001.8023406258
260,13.93856159520883,79.79095732788736,23.229093619712874,-147780.4218140887,1046093.7615347733,-771964.3954718014,-3343266.5781189003,-2468808.0488702,-76946.88879396547,-3937330.9023845326,-469108.84589934757,4532788.692532762,-335477.14391100314,-5658.1960975093025,326844.0672150998
261,13.590515274946561,77.82163951710072,25.93748686318461,-234126.94982505465,431596.0717752472,-600050.9942150861,-5046074.540856391,-3213818.0872244653,73266.90007628393,-5915637.131585034,-560340.3200262222,6073395.5793463625,-131564.83049633415,-40277.41809519812,955697.1493608002
262,13.938612434453319,79.79106575739296,25.93740201269003,-59735.55903439119,1261426.782401865,-403804.05676408904,-4526780.288899295,-2856479.6692058058,-87236.37708699584,-4896877.847504677,-225148.10991120228,5919913.124019263,-185052.78056853285,-13565.605175325554,413923.6244964553
263,13.568824419601793,77.69865865224232,28.64580842095156,35371.106520851754,896033.3646716548,-55543.359904012235,-6544232.870218154,-3678563.3717756756,142315.31328941713,-7001402.560452483,-155270.01056251413,8032533.682303492,-49041.05972900404,-35959.655173185805,998087.9698943857
264,13.960414351008902,79.91426589588717,28.64571353074971,22803.40808589582,1577724.1249231016,-127504.11627077719,-5898526.111163916,-3284547.5178891867,-42776.779608702054,-6036591.137168806,-55296.91102061563,7564911.464927642,-82266.79713320205,-11209.53046533379,491154.0868236405
265,14.07291094650826,77.73298765174432,20.22917590374464,-203302.27086146938,-261171.62431772193,-356274.7599301657,-1305394.463747542,-599427.6208929154,239200.92944238122,-1599300.6290965993,-509837.6241694333,1288389.5981566752,-217166.02549368565,83235.64335807589,854544.0083560444
266,14.439513670483885,79.69908563325785,20.229129449313657,-208907.82981493173,369972.2461536629,-823689.8503155434,-1167608.544666672,-505572.849387865,103447.22904181355,-1268814.4774620398,-775004.2805438954,1381193.324029123,-608504.52848154,12354.93017864312,260126.41575403098
267,14.07299769117175,77.73308306805598,23.02083538622523,-190758.80271394958,-166126.84905774516,-550632.4750023448,-1808995.2378808972,-1167007.0466759072,215239.33709030782,-2287972.7511604857,-640361.0460277183,2020815.670414164,-178640.14192764548,-48028.91619713239,907605.3810324173
268,14.439574316204746,79.69918414781657,23.020755840641183,-171024.33921088095,408769.7639092677,-641413.2835650021,-1678716.748336367,-1046772.0258693644,14906.557813813752,-1966255.4769592513,-512700.01117640734,2075287.629269044,-340817.2006115714,-3611.1557232245027,335741.0297024472
269,14.073083579237004,77.73319674334815,25.812486601038277,-100552.86651907644,93609.14626641854,-433326.1205600728,-2413132.0872557443,-1338006.7327690923,187623.38553509026,-2723262.792667658,-514069.6622120795,2797062.614067006,-138466.5917181809,-41037.78708474085,967236.6690519216
270,14.439629362405379,79.69930253733983,25.812396489074235,-113605.63705704903,505819.4694433024,-387233.9439504373,-2260542.8226911956,-1233774.1818492387,-18277.99907842965,-2445955.6936869402,-307118.450392374,2758054.03251513,-186091.29560053206,-11737.514694872003,430330.0738886664
271,14.050244739502151,77.61043330210698,28.604141189514504,104778.74166764152,333515.7313439109,-74143.11721186554,-3102708.7698551426,-1573552.0758236384,192778.74207534335,-3201033.346628862,-192994.40221697534,3758179.104645524,-48273.25088105544,-32631.831910950965,1024773.0883125449
272,14.462588021114717,79.8223054733645,28.604040323378797,-120316.9453085973,634121.5785765785,-284616.1670913738,-3021156.151116409,-1475137.881162468,-36929.89351495417,-3161604.9568204847,-223283.42526352894,3614076.848260621,-79642.724692004,-8665.49425321708,515157.96918957797
273,14.724811002821493,77.60930277740152,19.93750968234189,-209739.5454088087,-244800.0025445377,-364633.7353090038,-1358556.7866361267,-658183.6413977393,250282.76803366593,-1660444.4267326945,-530410.8627201595,1371682.0061905035,-223060.1814447689,86384.9846719834,876925.5389598134
274,15.097554944746074,79.57425565178798,19.937458563728164,-220627.73016870447,409576.2645853697,-864178.0291786053,-1240715.8381577875,-577634.566089919,111341.64159522252,-1363837.2617126578,-803946.8429470082,1492554.6098977262,-638169.2769135782,10058.952744689455,260822.4551358555
275,14.724904481074141,77.60940857325471,22.812502443774378,-199046.96856774212,-126556.35900831711,-563021.4161210107,-1889764.3582371536,-1252113.1017172744,224044.43249760228,-2383983.9585538455,-657593.5210272828,2152952.7358840583,-185895.45106431955,-54562.728697552215,910735.15393771
276,15.097620390093226,79.5743650514853,22.812416065830792,-178238.6579606467,458032.19299938664,-654326.8112167891,-1792612.1518127702,-1158561.3465701484,16697.951532032694,-2107217.9680327475,-519342.2292476669,2252026.921102364,-341175.4696882629,-3595.957486579776,343551.6626527397
277,14.724997306721297,77.60953455202868,25.687486010000185,-102425.20784859623,148113.75492917505,-436125.5500016199,-2521806.9989895737,-1423170.6855400042,196203.53308158994,-2830684.0790660037,-523335.83693820453,2963582.913083167,-145064.75279336967,-41870.63129050122,980375.0510594491
278,15.09768062661049,79.57449612446372,25.687388867769855,-118571.39717061672,568463.7182086143,-392234.8490288937,-2415524.1946274447,-1349430.289773995,-15181.785846160912,-2611115.390728792,-312407.41253175994,2981180.2752696564,-188584.45447941328,-12130.478543100564,442510.65679453907
279,14.70178116668539,77.48685555912617,28.562473390884946,116514.70577711385,404343.52225484536,-57202.27960947514,-3242141.7735945173,-1673908.6715138112,203417.52757333068,-3324911.772151611,-186382.48784802775,3974950.2084221216,-49993.393839332704,-32670.843468593343,1042672.9761349636
280,15.121027684011727,79.69744052637535,28.562364614942634,-124425.85593540588,710834.3212996216,-285004.4988212293,-3239318.0548267607,-1613056.8181727189,-35939.738532193056,-3384731.902181042,-223890.793684321,3910026.662408349,-79088.23521421454,-8312.20940926312,536436.4270872868
281,15.37671467108246,77.48563734522816,19.645843477337486,-217158.2412947033,-223463.4259700913,-379949.72141487955,-1438342.7959222284,-728874.120961051,255164.52467319186,-1751878.3407701028,-551475.8642616079,1482782.8163520365,-227127.93212604237,88622.83498690225,898716.2626980473
282,15.755592535129342,79.44940678600666,19.645787920174723,-229914.75113310342,436302.85733740276,-909628.4612691285,-1285236.5048346582,-622142.9284783375,115277.1089709797,-1429458.669205889,-834380.5765245523,1560598.8906656126,-676532.6722524446,8459.852493226621,257926.00903718267
283,15.376814722036512,77.48575425010912,22.604169286367544,-213356.90602548525,-78848.95265503653,-580963.6310810966,-2007148.5079299186,-1374444.7551933008,232666.5324923557,-2531090.4437054577,-679721.357437469,2337642.311381308,-195108.12724868013,-59829.15736765253,913405.4853835907
284,15.755662883897761,79.4495277098254,22.604075977183616,-182685.14797860844,498357.85949621897,-663173.2349923805,-1863573.8613515387,-1238052.270301918,19731.7686393088,-2196571.0820318274,-524467.5299244516,2373538.088481509,-343528.5210960427,-3219.1582375600915,345835.72659626894
285,15.376914875897619,77.48589312866888,25.56248516445127,-109551.838990691,218423.7038070016,-440557.40157502826,-2684728.8571843514,-1549223.5677774341,202323.35929017406,-3001584.3218233,-532898.0348789043,3202796.8199434867,-150995.1716150013,-42365.0580257293,988038.3912293403
286,15.75572855056176,79.44967209613004,25.562380864785016,-121560.22434545384,617814.3682561973,-395120.39545628446,-2514113.80937867,-1428331.6561450022,-10438.866743618486,-2713426.471010963,-317691.0281964593,3132251.247661881,-192813.70439275436,-12813.349632900565,447251.4153054889
287,15.353322257321686,77.36330152050763,28.52080536678283,124182.28565336223,498558.86676288815,-37293.44730327232,-3460678.578542199,-1826707.3114325965,213394.77403282328,-3533513.4610031024,-178165.65487221177,4297126.820988293,-51633.71063828216,-32851.7980003602,1054186.4668390062
288,15.779463998325074,79.57255628210224,28.520688502634854,-128286.80356515493,767082.2542664614,-287335.1592978763,-3376354.5762606794,-1704782.152542523,-34898.31053595974,-3524427.204563004,-226442.50801112072,4102330.0039775544,-81102.30294101838,-8905.002671975783,548576.5189910771
289,15.858139663101532,77.39121038831522,19.354177586829277,-445617.60447256576,-160269.7209149563,-722966.5119080351,-3072690.1338211303,-2091029.0802888034,103939.41241073847,-4019060.8190727457,-731521.9796147316,3421728.9613919193,-232300.0903370314,85664.98809844948,905649.0119802344
290,16.25540385754624,79.35131332375698,19.354119564187172,-187282.603769304,1340017.4523857292,-1020439.5631497756,-2657434.177952429,-1795051.1477552017,21584.11928967514,-2913311.103547509,-748324.2280282666,3793930.617042425,-699098.952504881,9284.705656483477,260345.1136916368
291,15.858245056463476,77.39133585032691,22.395836144584038,-418732.3225437637,343993.6056890645,-920035.7097467397,-4402561.613388158,-3697229.1444689166,82800.30702108015,-5872224.178303463,-792387.5657030089,5669837.317405033,-195859.56274008824,-63480.39812992013,918587.8579148933
292,16.255478462838344,79.35144328570384,22.395737919230417,-151567.85806191684,1541375.272426314,-788962.2330308054,-3937921.3888678635,-3252409.0205119597,-82283.0295557375,-4697413.144563677,-441512.4090903436,5739770.734987613,-353388.8042585849,-5994.632096658495,339346.2837826264
293,15.858351735254374,77.39148548083679,25.43748475524699,-219122.47393602814,1135300.0536104054,-537223.6307249554,-5997613.683378183,-4140888.0815922236,78468.9492975231,-6878819.106065862,-507458.8217913275,7765231.876806612,-155348.88087599605,-43903.380893166315,988941.1750099002
294,16.255548999221492,79.35159902285432,25.43737494492295,-53171.16296534403,1885836.5440432082,-355088.68845787004,-5390520.022655442,-3687369.4971495937,-92853.27999980934,-5794831.847581613,-170848.31688011976,7443256.857081728,-198791.9615821996,-14771.906919364817,444191.48160127096
295,15.833616172149526,77.2691343114417,28.479138009852704,121825.78368728986,1822872.7762029027,133364.88403303176,-7849417.177521452,-4765112.073981452,153822.46987819733,-8173950.970503908,-6084.351804911253,10258098.766232044,-56235.516685421695,-36809.61376650838,1045880.1239400669
296,16.28043792891599,79.47426584491343,28.47901484123787,43392.47376347915,2353812.972609609,-25500.112666780944,-7109674.923464746,-4241746.114135084,-56730.651160592555,-7199517.544549146,42617.97152371547,9528604.906731736,-85574.27332968547,-11416.202591556164,548954.6774078947
297,16.178279761939002,77.32418805031142,19.062511458775127,-420895.5736440395,-107646.04780181868,-666645.0981745374,-2953021.061668683,-2003360.191247064,124051.99182169235,-3817243.8363544145,-704233.5661420553,3326290.682876073,-232259.1891296671,78268.19527006557,896936.598625863
298,16.58779441502425,79.28180825673184,19.062452972454967,-163349.07623744523,1467101.7041565948,-1004802.6513444572,-2753526.8489253796,-1893320.5223134463,20828.484759218765,-2987358.842547597,-723117.5618334155,4009426.3809557036,-705014.8869305004,11488.328553755882,260575.592499512
299,16.178389515382083,77.32431930604632,22.18750359921876,-396516.31128052593,398424.0056351369,-875829.1538823035,-4266592.640323205,-3620855.377799546,107622.10854453206,-5665160.260130256,-779518.0827303096,5570756.883332873,-201200.2398503099,-62409.82928524932,931078.117641415
300,16.587872568842016,79.28194434356587,22.187402695726604,-124952.24737596198,1718365.8301642323,-785318.6678202597,-4119885.3556367853,-3492266.3648360632,-79437.13421071671,-4907441.037709391,-422464.20891539985,6138000.1615928,-366318.5049330298,-5608.53891069427,341298.83861585543
301,16.178501821098752,77.32447749839844,25.312484881159225,-199425.7802469408,1199718.7263577818,-506378.26600206096,-5855221.683094381,-4082519.1958877123,98220.89542810396,-6677624.168180924,-497723.4391573249,7669262.287447029,-159771.864574707,-43374.151044886756,1000716.9204564386
302,16.587947320358566,79.2821091054528,25.31237140593968,-15991.628256615135,2109995.2218639893,-325924.14642125973,-5689589.4804149335,-3980149.440578643,-92319.14938662964,-6089690.103037148,-135905.93998721155,7993675.490210474,-199576.380560413,-12372.846848667563,455944.32846097345
303,16.15300588914922,77.20229085161628,28.437470895052076,148403.22947488754,1901951.6870800774,160711.67871144135,-7659850.676766325,-4682760.094340433,165223.186912763,-7913618.750906191,10462.332362600366,10114223.013809998,-54982.22362027445,-33126.6212892871,1069396.2410890968
304,16.613605634774284,79.40463049482905,28.437343462522918,97946.23569846095,2658709.4889170397,34621.783371532685,-7576464.813732717,-4603271.775621179,-55175.540784886,-7616935.124343188,100757.83699971809,10307454.7953305,-81885.49921238235,-8034.226293007932,569089.0188405443
305,16.501488228940765,77.25657367981027,18.770845292979683,-417412.8220170363,-65503.826057820435,-653346.6797435757,-3007234.033112917,-2081778.5310840744,127349.48892166784,-3881539.726915255,-695901.9551562953,3441178.354253119,-231613.4805255648,69131.05752465934,879558.6630976509
306,16.917116110002876,79.21289518939707,18.770786064857603,-159188.22149608086,1463340.0086612878,-982767.8325469164,-2696974.143314457,-1872772.2357486275,31264.823159482916,-2921226.717501582,-713813.0436708073,3956423.7157906797,-702077.8911600778,10981.206443532885,255827.5832131838
307,16.501602455804473,77.25671055311886,21.97917102708768,-390842.6820898372,471825.45291659585,-872891.4644112966,-4392613.0822715275,-3796741.2086376767,114023.04676379892,-5837136.871958077,-777732.5382989729,5822960.716672512,-205716.7690589569,-63557.42165388196,930684.1173822046
308,16.917197753624478,79.2130371731699,21.97906749896128,-121750.4988682447,1743245.5259994355,-778373.1329447613,-4076801.969030754,-3498631.907170696,-64329.356358868936,-4859862.425622553,-427918.6541992685,6130902.974008249,-381211.07359225117,-7094.978075551458,334935.11852664663
309,16.501720491231037,77.2568776272723,25.187484938913,-184192.45033960207,1329720.0897761388,-490761.85895762464,-6070938.444540887,-4306818.993620114,103786.46216073804,-6912698.64230899,-485680.9980261539,8053145.420814053,-165349.13986706096,-45467.62698905772,997304.8686867116
310,16.917276846461384,79.21321118056042,25.187367838319204,-11047.432730166824,2149893.412941425,-314868.3325840576,-5673824.696348911,-4012742.313513626,-81395.97552320472,-6069585.254705978,-135454.37725754466,8029017.279590724,-204643.98504506235,-13173.796465418118,455131.0222008911
311,16.475848019965046,77.13478186533197,28.3958036920466,180999.9097896504,2094547.3421236014,200182.51640793978,-8003416.486925167,-4958293.59005002,169212.0116161276,-8240007.589105037,43515.89889027766,10672221.45853595,-58390.062863826985,-35646.757448513636,1064826.2991363527
312,16.943321288334737,79.33566160893199,28.395672034871346,98852.20366701321,2705901.45861033,43623.987976360484,-7581300.071847798,-4634593.228434772,-49878.13531990191,-7612657.139960137,103115.01455106132,10357919.775662776,-85388.52674073321,-10154.29526357451,569679.9829456719
313,16.82120438101794,77.18759172601855,18.479179359683236,-417815.0759968242,-8355.496902366576,-627041.3941102887,-2986786.941507367,-2115106.9134197063,133797.2289752541,-3849525.2333662487,-683218.1616548337,3479531.428011602,-231888.1201792017,60326.34271344979,862678.4363282039
314,17.249051577118106,79.14127743803732,18.479119227140075,-157802.47067575622,1510400.4842857919,-961960.6239998837,-2678361.2503669006,-1909630.7518743393,34190.61656939295,-2907831.8989604595,-693744.0684689969,3992213.3570396076,-695658.434603109,9717.274077689432,250397.24477350968
315,16.821323264440927,77.18773408221871,21.770838264137435,-394350.13012872497,556335.8992809204,-855619.9284164342,-4423237.9898457825,-3888591.553124547,117726.10138380424,-5878224.702933425,-769524.7666656107,5954115.310334796,-209799.22536234633,-64966.51223631249,931217.1418067948
316,17.249136745431922,79.14142532353071,21.770732040413947,-124447.30256864161,1834131.365102361,-771403.9063158259,-4103763.919684109,-3587489.842189361,-61060.09689173854,-4900832.152103843,-422463.9645732258,6261576.272894962,-393743.6510232313,-8346.419429900347,332169.2617524028
317,16.82144713215751,77.18791020163269,25.0624850617362,-188645.93380234094,1458788.7433476795,-470305.39340577816,-6154223.273472676,-4436624.082587346,105224.62344174308,-6995131.194519314,-473473.8243407191,8268442.434999593,-170838.8988776322,-46550.62641556982,999174.4778731274
318,17.249220376914742,79.1416088545049,25.062364271321478,-14833.113655846566,2274086.292334979,-297850.72263170965,-5755309.071643059,-4136403.932544625,-82517.68543957135,-6153971.554975943,-122016.83051573965,8237390.841539105,-208948.6268756679,-13170.660954601492,458324.5814052619
319,16.7948168904635,77.06598903414496,28.354136769362547,187021.74153597734,2280628.2032158272,236564.58364405134,-8153227.1268765405,-5114242.889934955,166344.59748757404,-8357614.356655215,73030.9264866076,10988797.958564462,-60740.399515829624,-36142.880553103234,1068842.7785984578
320,17.276032649554523,79.26390483681453,28.354000813508392,95554.39020280784,2872783.5745989485,71846.46219265636,-7733557.516410558,-4781636.8134902995,-54309.55312829128,-7745531.32618532,127028.67552270756,10658687.077657025,-86382.8315417862,-10480.23057647594,577160.9029233027
321,17.14353754808988,77.11592375511405,18.187513160112687,-408434.10689614614,21258.81724463799,-594087.6003741121,-2909453.707933319,-2101674.282963671,151064.1994971072,-3747398.8412181963,-673751.2232878117,3439887.174480388,-235465.5929899826,53173.12724108169,845941.3400320981
322,17.577490414112813,79.06827242888133,18.187452188228544,-144214.63454319868,1575647.273479413,-943914.8685449737,-2707112.119661309,-1988313.8285944008,38751.25821626962,-2944414.9887668234,-671760.1281427337,4103692.8873007987,-689819.5957365313,7948.669710303739,242033.9587360578
323,17.143661393597945,77.11607167792073,21.56250580849554,-384014.2105099145,597050.9613541164,-831082.287509548,-4379354.843633941,-3895649.2592224805,133467.30725550896,-5815132.102786376,-764439.7537015269,5961526.319822559,-213829.22306200102,-65887.73530452797,933361.6213852164
324,17.577579169673264,79.06842624835753,21.562396919510316,-109524.91290413833,1943065.2141497657,-768646.2723143852,-4216093.2652363675,-3758799.536264853,-54487.25605415586,-5045075.626406228,-414426.723757174,6524396.379094642,-404473.2406461666,-9122.09572006798,333123.26731331245
325,17.143791259855494,77.11625710491822,24.937485248266746,-178888.88184890605,1514188.4066528035,-453099.27895984764,-6128648.150126881,-4468122.370526627,119534.89512007935,-6954342.214403307,-471430.39602553716,8307972.856272894,-176425.12878147312,-46669.493289319296,1005916.4782111915
326,17.577667492030923,79.06861945387976,24.93736079303223,7156.584434786113,2421149.0052505173,-279444.69754242024,-5956659.79639128,-4354874.084921451,-78674.7776396787,-6367129.166238249,-103458.50126969717,8619448.559650829,-212252.10054442353,-12419.196106931322,465152.8878981846
327,17.116785357984718,76.99442965850656,28.31246962380676,203962.66291791853,2355314.606518373,256324.92483384412,-8136863.565563742,-5144057.402252862,175099.2532089439,-8311639.073188923,83438.75184629121,11043802.515612766,-61988.431033307934,-34753.71387769989,1081927.3608488627
328,17.60486549534258,79.19084233756857,28.312329415795716,126998.71200099587,3074840.396125257,110653.20634980523,-8066175.67845315,-5049041.311073129,-51121.139755424316,-8057899.217713546,161265.19624057013,11209126.33594903,-85101.28834644382,-9373.98240592265,591260.4091092775
329,17.459790847218656,77.0457066110441,17.895846791288896,-400673.87460681907,114841.00600402977,-587447.6598951296,-3027906.3858002196,-2276373.8526343214,152714.74612063466,-3898079.494746772,-666582.8718652497,3691381.8381141024,-242564.053743003,52683.50039278752,824142.107389719
330,17.9120083893306,78.99381556527761,17.895785040117474,-142776.84831855807,1532470.1798388516,-912658.7164674986,-2517409.717776604,-1880633.585110869,58445.898851369864,-2736383.7359778695,-663320.7688633595,3876739.119894024,-687319.3413115581,5913.572819067917,228566.97489100907
331,17.4599198914957,77.04586016675786,21.354173274160352,-358786.6910023474,792582.6905641104,-824986.7345239612,-4653723.803001333,-4262112.550906488,129594.21443363305,-6170479.921176033,-739521.3372304542,6518810.523444291,-215712.2075310822,-69592.32360858256,920453.1717845802
332,17.912100875098346,78.99397566007396,21.35406163354743,-106367.13277511077,1925019.8276012172,-744545.563768403,-3998560.454515137,-3598038.2055980754,-32060.330526331698,-4769539.753837584,-418800.3378745214,6262447.222769807,-417461.9348605312,-12081.912286827936,324028.4160549801
333,17.460055812904038,77.04605499171221,24.812485375110946,-126718.2235344575,1832346.7086738164,-411624.4786706227,-6561436.460586923,-4914077.797340728,117573.68847250349,-7398117.709754482,-421706.7674085876,9113828.483631806,-182615.3404476578,-50652.430048062364,992093.3067401994
334,17.912194062811107,78.99417888344638,24.81235712661447,11344.156766311498,2416904.254134427,-260821.43436402443,-5688339.894088456,-4190716.365642947,-61631.147987676275,-6045747.32056211,-105100.85126251378,8318275.148361338,-220082.7034472705,-15654.011395402224,456987.7968956378
335,17.431914313598167,76.92450300726416,28.27080237457094,297848.77117011114,2835690.4482913176,356635.7220937271,-8827460.3574143,-5703335.504550591,174582.75325495016,-8921321.612048632,180402.50475400477,12231094.048849782,-68951.25248066187,-40927.84959280346,1058294.6899453923
336,17.94053802508931,79.1161480394309,28.270657791770695,120236.73185439687,3060264.0916659418,112164.83713009045,-7700604.992174141,-4831337.599496215,-43504.160306277176,-7642648.2076656865,153632.86932636486,10781680.99898975,-93288.98895072953,-14798.563456871707,580856.8304501118
337,18.095514096337638,76.89174605834252,17.604181124920725,-132299.7080918971,-88561.81957932567,-187173.19084323887,-893733.3104039636,-419847.54007823864,338477.9707724433,-1008366.423902384,-421836.6876012193,1022168.3929891414,-249462.17866202322,51098.10400384218,821860.5647406038
338,18.572064961905784,78.83412627313754,17.604114185621448,-224726.84449367927,281635.164414023,-871683.6774726429,-777752.0174790565,-325862.07835406694,135243.8132184763,-973052.2353601075,-754242.2915881479,912519.1693959559,-708195.5953761053,884.9464957880754,206461.46838841419
339,18.095652612915476,76.8919124632089,21.14584072268158,-92731.52557024633,18622.698482948108,-439699.84075998195,-1335201.1677581707,-878517.5878723767,313653.62442184985,-1544803.307238649,-622539.9101015396,1653534.5494929082,-238141.32067391672,-70423.81743848638,915094.9438125566
340,18.57216407891281,78.83430035995863,21.145721518414664,-175885.99675115585,360887.5913013893,-660207.7444328846,-1212128.8036221936,-755739.8890946353,51944.867024817104,-1440828.6453530805,-551849.0799973939,1517471.5754678233,-418153.8317127114,-7071.509899360584,337551.5870466427
341,18.09579802351445,76.89212363037446,24.687485242417424,-18.724492594454205,246375.17879382794,-370957.73687170306,-1824504.169251164,-1025063.281668369,263866.3617917401,-1902269.5067684324,-507235.413646122,2284903.6378440857,-193425.76306229245,-52099.93313229259,1001967.1098314095
342,18.572265205846435,78.8345207775279,24.68734916180732,-103486.11076855261,467941.8008065203,-392141.13681869966,-1691956.7013577418,-912730.0987892703,2067.8083502048303,-1803543.012525205,-325629.43719557463,2101487.002940047,-218114.81992592284,-13179.50515584935,485565.01500913175
343,18.066144908232584,76.77094639490346,28.229135014602726,255351.92565759437,535919.487204678,16775.893316650036,-2413574.049959094,-1273206.888691853,238970.82597317587,-2261680.3481104537,-128399.36067994178,3198127.014969318,-69142.66956698243,-35324.48660548081,1095818.6001789924
344,18.602137234077908,78.9561496497785,28.228981765160977,-167573.2341245215,591984.8362341298,-343016.3394142173,-2443332.798890786,-1153134.1139832232,-59243.52827991289,-2563443.0237823776,-264018.4730045306,2908856.759482299,-87355.22845766916,-10411.40161922304,621267.5215790385
345,19.062874265844208,76.65117710323509,17.312515679222287,-152501.70110891658,-66442.39533413456,-199376.56074298074,-938416.5871063877,-473159.5846678655,364593.6497781813,-1054847.1943960688,-465000.7928254412,1101527.3300354783,-278113.4634324547,64019.346797694685,851475.5780730117
346,19.54549212183859,78.59206883149838,17.312440039843892,-258243.97044701208,322914.3662702592,-937789.2505176559,-826850.0346791162,-384720.69244936784,157568.76737342443,-1061542.379469278,-805462.1212635111,993885.6460383809,-767839.8387783894,-4478.191753720726,188340.5170079496
347,19.063026809481034,76.65136529239419,20.937508350636676,-116557.58411552121,57281.36987058504,-464456.4870941297,-1406934.3103414096,-958934.5774473099,326167.06336979516,-1636623.8060918038,-657143.1603475874,1770034.265100325,-257272.9001300906,-75215.84935694895,913038.1772925445
348,19.545601389142014,78.59226567429263,20.93737694264353,-189958.32358004953,405368.6844399236,-675462.9480867494,-1305145.5513142762,-850574.0631055917,57043.465813662755,-1558729.4702328662,-565054.9650488602,1663731.8480548514,-417030.81299681164,-5385.401630634115,352607.8687566307
349,19.063185648210187,76.65160061019779,24.562484448234322,-12649.14511870066,294438.28715801705,-383753.1696988182,-1914919.1228390008,-1101183.248393667,272763.3905050307,-1998008.7305371305,-527177.3092219302,2423222.012099559,-204967.9444140518,-54147.76843659133,1010783.8107669719
350,19.545713673631997,78.59251083092056,24.562336579577874,-114943.38662717919,518784.63152405934,-398999.30194314034,-1813253.0662919697,-1006697.5563201433,6894.3806800132215,-1936460.5019574573,-335122.7667251187,2276425.211636315,-217703.4235311658,-14764.96613472319,506713.22686387005
351,19.033166137110555,76.53054022990963,28.187466645558963,266156.82898617187,600029.8053481275,31519.948525872023,-2525618.629251005,-1362581.9646598354,252551.91305446194,-2359280.7606420103,-126499.608281887,3383486.9517840696,-73898.38851711786,-36064.66406995954,1115611.6942061295
352,19.575975060205007,78.71407095498806,28.187300588795836,-182609.97753352515,653348.6075348521,-353455.18624415906,-2618171.5012777704,-1264828.2354541912,-55828.584925476345,-2748297.991300377,-276255.75031324907,3141837.185370795,-86361.71121268562,-10627.323756653032,654804.7596296628
353,20.02721334252594,76.41140894969254,17.0208501099489,-167183.2899989707,-33067.45453898259,-216670.22444392942,-1004191.1502189115,-526986.3981759002,387500.9192653745,-1115153.6912790015,-505635.1985729025,1203867.9208700212,-305313.4336946007,81772.88865177611,886798.7880688882
354,20.521939079583902,78.34920981812989,17.020766353568174,-287204.0982511403,357852.3375505725,-1013469.3018906299,-848142.8029284116,-403761.3987413498,173303.96983260507,-1131762.8607029081,-844607.1955345825,1033548.9936462932,-844761.0837695907,-1906.1293508983981,160684.2023692182
355,20.027380172639862,76.4116212117811,20.729175320842124,-142195.9490718324,118012.72439589724,-491730.71450649755,-1508521.5286270047,-1072776.051641142,340282.34030465205,-1762723.5286049535,-694935.0577288498,1941744.647151371,-277824.874589745,-75134.0343018899,918191.6748081782
356,20.52205978758507,78.34943156530638,20.729031487155723,-199178.8415279189,448498.6174398042,-691029.9470602147,-1352198.6486878349,-906963.0453572546,60944.67819375196,-1618663.4280412507,-576671.3537155235,1753624.6106084448,-425291.6024564414,-1770.014923581,354655.31712546106
357,20.02755327194005,76.41188219253783,24.437482763107628,-29542.40497031572,373907.99795903766,-395226.93017376476,-2050864.8142352314,-1217332.4398506412,280587.13973620237,-2140800.287751048,-546143.9378831747,2636082.8884491804,-215258.1450538224,-54112.3894253651,1019579.8010361752
358,20.522183907173556,78.34970313101611,24.437322776881647,-118091.68264691567,563047.6469300623,-401599.58946748206,-1873299.4024161561,-1060998.201465001,11657.007974201435,-1996139.7566184069,-340051.88397108944,2379548.015405161,-219248.00896241708,-15303.041349672058,517095.90391773585
359,19.996790525947507,76.29104000764107,28.14579732930384,273429.2464969472,710364.3783302427,53944.29268482707,-2705628.7441987875,-1503029.5675402503,265528.3950374041,-2519623.4283967116,-119534.1749695263,3676895.5208782544,-77254.51647192986,-35232.16644061846,1132797.71793809
360,20.55321324915857,78.47109566289113,28.145618204890646,-188842.63933028057,702025.1006364519,-362415.5728003365,-2705385.076717609,-1326274.7324777527,-53305.725392773165,-2835133.7434067843,-285528.01625904784,3271428.648171667,-87975.06590514579,-10781.990856770439,676231.7030508649
361,20.818111013118944,76.20424804564874,16.72918494747113,-341470.06701790134,142496.23459712043,-350583.29436344607,-1662185.06704897,-1228897.8227495255,344302.1749659733,-2008791.687975491,-674497.1946153754,2133731.75580664,-322001.6010407314,91312.96119148638,908350.130072691
362,21.34303793016054,78.13403621815117,16.72909487152846,-337424.8980198309,868223.9277585557,-1091341.234574009,-1402745.6933720654,-1020925.7974194267,168957.44393298627,-1726008.3513375786,-913511.6772075909,2078977.8237098865,-899417.0341050338,2322.53805778543,141718.42563929956
363,20.818290322061188,76.20448092916925,20.520842501053806,-354403.0408723734,557204.0841042623,-622468.1066595401,-2599724.2551984554,-2296160.6403811816,285252.11599869886,-3306465.112692174,-786915.8341747205,3673713.883439243,-289739.4593230159,-76221.90998090182,924971.7120023774
364,21.343169442764218,78.1342797085637,20.520688295502325,-293566.2922171045,1085669.2443172298,-741714.4928309626,-2317808.0265824627,-1984373.1734197251,40265.474964500834,-2837206.5662383065,-583434.6083400238,3471029.6338474923,-439553.7272876911,-394.7779529294517,347870.41806401673
365,20.818476706733794,76.20476497586186,24.312481732860487,-247095.3802639451,1085890.6164855433,-415310.5690356584,-3605765.5710643246,-2565986.3605119684,230210.89262952472,-3964346.9122277275,-576262.4377106349,4964094.017124301,-223691.9761111389,-55114.59214728425,1025337.6987928995
366,21.34330484233766,78.13457551319667,24.312311308153138,-236873.5639564703,1343083.5518572195,-369817.2748635902,-3261033.1738955462,-2251731.487979467,-5429.906947246252,-3517305.1259296145,-321381.29906655685,4575079.138033332,-222165.77180233033,-16149.186342083696,523494.33701126795
367,20.785838768389635,76.08444575191317,28.104128898038592,106205.7871221879,1699480.9428411855,179469.3369685405,-4774648.066322366,-3027682.428981665,237069.4652018165,-4675916.501546899,-54965.10663049514,6716037.675109306,-81690.01830677138,-36124.563978367,1141015.7282687766
368,21.376232459518988,78.25549078806999,28.103938522207113,-280969.174281968,1693545.0694248416,-230064.55031844223,-4533187.105431055,-2657853.4832331273,-53055.707420667975,-4660284.332453682,-196787.39578829313,6039583.073066406,-90097.8710110644,-11940.479194626856,691487.4473155963
369,21.45066917738892,76.02568722286901,16.437519599279593,-335257.3545873556,181370.4552791429,-331191.5018618546,-1641147.6707570772,-1222443.3880148372,360308.3803682407,-1956269.2599333953,-675237.8605814275,2146428.7193447547,-330544.7710019745,93778.57064283412,917070.2214437561
370,21.993686823638274,77.9505546967021,16.43742525145503,-337735.4596557957,975813.9556760109,-1113504.9711995786,-1466542.1492395278,-1116295.119781443,178445.95428881055,-1804571.503461246,-920322.928872816,2249467.9571547005,-930545.7126448588,7291.028166302286,133502.0909300117
371,21.450859506913687,76.02593695425077,20.31251052132702,-345204.4714946245,610120.0828524482,-615019.1088223136,-2573438.599436178,-2303316.2774782698,302959.131914194,-3254582.314721538,-794828.5891365524,3699307.4063936006,-302342.2174344485,-74843.3959319452,937620.001738717
372,21.99382793559384,77.95081584482978,20.312348387619895,-291085.6715183687,1230574.3368650717,-747618.8376036012,-2442435.3785142493,-2168931.384936887,48236.317308936406,-2991795.0995793063,-585716.6444687893,3769381.5717911995,-454560.22456079215,2053.5646442532343,346210.01836928824
373,21.451058114884955,76.02624140521223,24.18748156656168,-234344.39148214366,1148469.658822858,-407071.9682852072,-3571950.509853517,-2572938.248064962,243309.7949473891,-3900645.039536159,-578843.4162210224,4986541.754812691,-232835.77080104564,-55659.67486045334,1035130.0500647104
374,21.99397385514968,77.95113289928614,24.187302771689275,-225863.01905556378,1516483.0222318522,-351049.9991172406,-3452150.32319183,-2455840.8335156194,1257.036139616188,-3705114.4385233964,-309819.09985422884,4954503.5424366705,-221902.95528792602,-14406.264717455728,541140.8872114762
375,21.41730104813169,75.90624952585867,28.062461080746385,136208.3213958728,1773678.998029682,201499.41577127116,-4713591.483609186,-3024033.379147916,248689.5217026478,-4568068.238432126,-42536.781955897444,6721991.755584847,-84051.93614690535,-34631.164537502234,1161617.3992618497
376,22.02804180348248,78.07176125614147,28.062261683026357,-264462.90996964555,1922776.2653602716,-194947.97313369194,-4821349.118357254,-2902144.2686193753,-46187.13491283647,-4916857.434730676,-172615.84298916731,6552838.659976779,-86528.88079772089,-10165.522918147637,720144.6458375785
377,22.083274643462154,75.84729554953489,16.14585392493762,-344347.3746602152,257227.09556135634,-328644.63545315387,-1718300.64978493,-1332761.7136661748,368990.1708293945,-2043616.6070572042,-689629.6225897209,2317481.315094913,-340856.9588655798,98094.87725228045,914702.8932868307
378,22.64428735748445,77.76690438504671,16.145755182354407,-344004.9717208087,1000539.0887151028,-1131364.4825155973,-1438769.2596325912,-1109297.788088346,189543.3033707907,-1784316.809486893,-931335.2894376212,2240821.7334032115,-960275.1989162557,7926.206605600115,118802.77937561272
379,22.083476369467753,75.84756241607019,20.104178140203242,-347929.8937883134,741056.6629686672,-620219.6045995414,-2713862.564736357,-2506052.6019683615,310837.2139214274,-3435338.0895259716,-803247.8084415862,4011493.06254837,-312096.2412702805,-74888.7779141352,936631.5096599935
380,22.644438269076197,77.76718356271269,20.10400801437849,-292763.7845664447,1269080.4983435143,-752099.6989526286,-2411122.6951658097,-2167688.146993687,59661.91600177621,-2950887.2046979167,-597103.4009192834,3772207.620441642,-473571.23087162885,2207.282699855733,333024.53338969883
381,22.083687478888805,75.84788805330882,24.06248090326285,-227621.86953468615,1334083.2303978943,-392341.1391063517,-3770763.2377017885,-2796210.3119022436,249606.26263269613,-4101510.9144644793,-572744.7423079571,5388375.878529293,-241499.33242626247,-57478.26158777648,1031062.6802498609
382,22.6445952798206,77.76752260985748,24.062293675772008,-219425.91213374707,1557348.7230864344,-343282.02825410763,-3414001.307474175,-2454938.8268109094,10003.431700469459,-3649208.16191444,-310222.7392768403,4954071.68388986,-225944.47700897607,-15802.6344976081,543358.6578663887
383,22.04881766948496,75.7282455254234,28.020792718278308,169562.9400010397,2034847.0819034535,254434.06997927045,-5003048.952014972,-3292833.009492004,256544.1065854327,-4812364.563552265,-5695.332561638681,7276903.987997672,-88687.81505990382,-36559.315539998264,1159488.9458953533
384,22.679798293047284,77.8878435786759,28.02058427623702,-263430.50901898136,1961077.671306695,-194152.24842054618,-4768738.515129506,-2888635.189501565,-40358.65326258095,-4846728.126260366,-176969.52841782098,6527192.568545354,-89800.03481874116,-13127.95595346813,729671.4002641567
385,22.865820979384544,75.61053556853142,15.854188989919798,-243300.0148718976,111768.6352774743,-208044.29842821343,-1105493.5327877814,-647794.5221831072,417665.4350748044,-1199704.755610188,-554354.8989490975,1414483.9765366486,-350591.2384732067,107108.61443520317,924223.4291327486
386,23.456769495500154,77.52119203110595,15.854083466705998,-381319.9813592576,530918.5533411559,-1158669.2625792958,-910344.708717325,-501929.203805247,193934.0998202183,-1302585.5156834705,-917792.0450589271,1211306.8701450003,-1001452.4128546736,9520.340613675296,103299.82524436018
387,22.866037255077842,75.61082451059349,19.895846036428644,-241582.23957569926,342759.0179011832,-539861.205603376,-1682827.8984804593,-1321680.79816993,348456.91407995555,-1986109.8055860326,-763451.1296753127,2310876.5079834517,-327871.50969851896,-74539.00594638224,939235.8527706736
388,23.45693309257965,77.52149467914892,19.895665158096712,-298488.757641497,678552.7918697448,-751365.1044583048,-1497613.9433158361,-1123404.573782089,56631.2723469839,-1835413.0442753993,-626198.5715661806,2090310.5456115226,-485834.80438844627,5850.944995920272,336288.33546932833
389,22.866263563814503,75.61117596001161,23.937480444047505,-143003.26478931418,664019.0468292697,-421449.3840282996,-2281193.593678622,-1488457.000465705,270680.33893880853,-2400015.2920338027,-585991.7805782021,3085573.470623662,-252094.1545593021,-58923.50609964801,1034853.2275285018
390,23.457104306164016,77.52186062057984,23.937282524690357,-210815.917828099,823222.9077647617,-404490.0383839534,-2093044.6245624858,-1302417.2970931355,-729.6050647728126,-2248162.590509321,-348286.2427425536,2804365.7848045835,-225271.59143347555,-14926.752307290782,562768.1123323804
391,22.82953715208842,75.49211743600745,27.979124694996237,208445.20660339628,1117772.326044795,116598.27892324261,-3004764.573080535,-1827935.6604236183,256117.89468960123,-2771588.1207907824,-85429.91814747194,4299833.850509688,-92691.19964256446,-35642.448865570375,1173251.4137872823
392,23.494191492410536,77.64164779445403,27.978904880858224,-318690.68920316483,1027106.1269082435,-371250.43249962205,-3047589.9302349766,-1611400.7902800676,-73912.20154780979,-3202473.747585086,-298239.8693099184,3837878.6221004613,-86915.30518500412,-12386.656993435543,762939.9787892239
393,23.813278147814827,75.31093052038776,15.562524178742951,-253708.51143065782,148702.42226981334,-205534.89254062617,-1148242.9979312844,-677296.3049956776,436553.44705766207,-1231871.0683968896,-569465.1610751257,1490795.247770545,-367777.53170885285,124151.62573618036,952045.6665520442
394,24.416163955437842,77.21789474340758,15.56240993138577,-412043.4942234283,598445.7573324774,-1214795.7378494195,-971466.4804216942,-562025.3696571769,210513.63736080652,-1382790.7835622695,-970975.5556755489,1325372.8644974479,-1058826.785367748,9734.900432505301,87233.17145725657
395,23.813512290552495,75.31124746470219,19.687514274042428,-255126.06198659792,389227.2498084918,-557144.4931728095,-1729105.749931967,-1375201.862461335,358679.96173991816,-2037526.3862574417,-788296.2851162786,2402779.3660228048,-341862.1446344345,-76174.12212079784,940454.7822016047
396,24.41634330866438,77.21822632691163,19.6873202169229,-317247.42932272423,756261.6354124726,-765786.9087705626,-1594646.0339616402,-1234973.213169101,66095.29481918101,-1953705.9735180936,-646572.9214355829,2273506.192272862,-493993.6341577448,8406.282414471816,343905.0836093589
397,23.813756788278766,75.31162976635223,23.812479709493406,-148315.6598843573,715789.1991835653,-430704.00921667885,-2323059.6676004105,-1538026.7685391097,277962.54253607447,-2439089.2170058563,-600452.0465157753,3176310.7936041597,-262564.85429978603,-60512.20885012555,1038739.5647974876
398,24.416531716457516,77.21862367530602,23.81226920258116,-222155.07029906363,908304.964651111,-402546.95361843106,-2214723.404232948,-1417231.3942734862,8731.712124769885,-2375204.532824127,-356928.2768533395,3015735.750411083,-223557.12607084398,-15159.366853636939,583567.913034204
399,23.776301537934497,75.19283096217464,27.9374560746566,227995.86464325534,1183946.1241784364,134032.89006914702,-3043305.326089933,-1885809.7320995773,267636.02095129783,-2787853.474980352,-78942.41275372014,4412770.766624911,-96838.52106661114,-36313.545218675696,1185694.170113841
400,24.45438086721596,77.33820971669684,27.93722295449171,-333153.20555684256,1130437.6379009252,-370544.3842029293,-3222702.9137229812,-1748885.953594519,-65240.60136219095,-3378764.970232563,-307059.8669488995,4112564.8853226174,-83663.10634282739,-12280.073247753638,800761.7278824934
401,24.760759385797595,75.01140039407763,15.270858764947928,-268681.5670834619,204632.3859030319,-215902.2613130045,-1230574.3316146801,-741318.329896121,451084.07871966925,-1304551.2636143647,-598692.3000465739,1623292.1211675038,-383214.8486333975,139124.0798802098,978606.1862821119
402,25.375534656533677,76.91452437010756,15.270735840709685,-439981.717482473,637154.4763679568,-1278759.928485788,-999421.4408591308,-579197.4768363668,221969.35715801019,-1445763.9287372045,-1010681.0151322928,1374857.7742691936,-1125544.9755463214,12952.719565390838,62463.52336590929
403,24.761011518553836,75.01174652220737,19.479181181896095,-279336.64479845116,470758.4704382794,-579123.7746314988,-1833670.7220369342,-1496047.2997848957,366744.2618129822,-2167025.08681448,-817096.7752786464,2596419.913101455,-355056.22569067066,-75729.9757459328,939524.9439449059
404,25.375730521282875,76.91488584814613,19.478973934914663,-330212.1011971766,802513.9564084323,-777031.1581619901,-1631316.4311190331,-1279988.2972991732,73474.96810328918,-1995801.8225508847,-663384.1946623545,2354456.7142625055,-503828.6334153603,11943.050395038857,341607.23219740577
405,24.76127464627251,75.01216042067938,23.68747749242344,-165266.7049375435,814132.721716942,-437359.42034558626,-2445494.482345794,-1659181.128193242,282291.42540288967,-2569799.4822185007,-613808.828719253,3395114.9073715666,-269836.74623251025,-60305.48125757483,1039926.454676799
406,25.375936767176142,76.91531524605557,23.68725449423268,-225268.0314459172,950055.7179045952,-401724.1326873832,-2248811.1532036224,-1459200.7919427978,17936.153982311444,-2405469.3794913627,-364820.78268209,3093353.7159447465,-224204.702016183,-15492.848661974402,592572.0519814116
407,24.723093746020538,74.89363129110026,27.895785990204665,236131.78165410936,1316394.1970121213,160647.60999391714,-3197492.28466778,-2033883.5275228417,278154.596238417,-2923314.840183246,-68824.65885058063,4705313.087693973,-99497.15745546784,-35931.77630059298,1194063.0284182052
408,25.414545723256463,77.03469126050909,27.895539678082226,-340083.05707769725,1169488.3121829561,-377756.547221911,-3268343.7060606126,-1795034.4859101519,-57858.21823453373,-3424777.7466404703,-319966.31436039903,4196392.768884217,-83556.04577514707,-12927.842876917284,825109.0368908043
409,25.537174139648627,74.75524599934054,14.979193586373897,-428794.18009250634,638956.5841651398,-323624.2356686767,-2034895.074015429,-1714094.00607895,394968.56204960437,-2362900.09053587,-753233.5204745588,3002671.7794143856,-394151.66346029576,146609.7154862147,995359.7935817207
410,26.18158988493284,76.64848767571004,14.979064110373939,-450512.87668008654,1441217.2760858452,-1310444.2787382659,-1671745.6726516685,-1444695.226121973,210973.45598947458,-2133726.51920418,-1049028.9258645233,2863015.565736196,-1174055.9491731105,13893.572844826687,49133.12709838969
411,25.537441876925165,74.75561655550614,19.270848187975577,-463918.15237366967,1296780.640641862,-658676.5988091191,-3124949.197336234,-3159574.421578194,297165.22507213894,-3998117.5841584364,-856191.1182948331,5028494.591912343,-359411.5297170256,-78802.58689804288,938357.0757545502
412,26.181800657151623,76.64887471581767,19.270630165360945,-398523.39694824384,1797172.797444128,-776815.9211155638,-2770376.4875481795,-2752298.847552394,48742.268305482576,-3454313.770603217,-631883.6204495252,4708030.870433061,-516789.7506623778,11406.382625205275,334395.23738425673
413,25.537721891188525,74.75605807861385,23.562475976972348,-346805.2617643763,1994410.6870385255,-373495.8477802762,-4227233.535440116,-3439696.315315685,221618.8420188575,-4626583.629642185,-579762.3758965889,6480455.583032647,-275527.4241050855,-61197.32345077836,1037209.3295185065
414,26.18202340043693,76.64933266452992,23.562242454875765,-331402.31856709556,2120250.1885359255,-303044.51180709247,-3841440.9366712235,-3035080.730443979,-2881.8239167410943,-4147458.4193032878,-311122.098526121,5944383.875991145,-225730.452410205,-15971.418029647239,599369.6228272209
415,25.497704306781735,74.63817258586805,27.854116893543306,126825.56934894237,2876458.407320839,405274.6714408733,-5540195.333042073,-4021440.840865248,240748.21677405946,-5292920.833194771,82901.72459691614,8618577.756708508,-103372.88154027447,-36780.86025827729,1194608.5417650244
416,26.222500372680646,76.76811797557929,27.853859440730815,-413046.2653118005,2620143.9221850378,-152315.692609853,-5340867.970620555,-3531758.7184479595,-60180.48803565448,-5462947.953538664,-175639.68533527062,7693369.60313732,-83992.35098054048,-14064.966264845356,843575.3177971714
417,26.157344756418844,74.53752513099516,14.687528242463102,-422491.00106082525,682106.9187544368,-298281.2313534241,-2014329.5904694244,-1679509.8143942188,408874.3556865756,-2293022.350567296,-746939.4302477427,3001296.4671552265,-399621.17483279726,147718.86511918713,1001921.2618947171
418,26.819507342762268,76.42472620913476,14.687394581809144,-442857.75298752426,1589789.3478169225,-1316400.177033465,-1756091.007138714,-1554278.8486532033,216843.8667914037,-2213145.9283330943,-1047395.2906099276,3091072.636738956,-1199794.488480906,19961.719715153205,45667.611808711954
419,26.157626118473537,74.53791540826809,19.062516125783297,-455299.00654177583,1342414.4328141108,-645289.8284221943,-3080594.0277132755,-3121300.043515161,311556.2849369331,-3906994.181729233,-859367.3706289025,5008187.150208271,-366646.5656987631,-77992.14595922861,944151.5643655467
420,26.819730920700216,76.42513381717335,19.062290128966048,-389393.4646414127,1990450.8023412286,-768557.0997054195,-2907090.5723852576,-2964803.4146986958,59266.10413509296,-3612712.745290056,-628888.1847434454,5074101.168027898,-530094.5456380924,12575.975868451327,334419.97801275994
421,26.157921335967703,74.53838082080979,23.437475523843624,-335661.39997021656,2030940.5864245999,-365846.910043987,-4144336.2286231136,-3398307.235767985,232694.1286461724,-4510761.621036204,-581806.2641754359,6422000.161622036,-282150.25629028416,-62021.98343591013,1037453.2399330854
422,26.81996853517656,76.42561624288307,23.43723375823222,-312640.0899369592,2335840.583985988,-271793.42171189387,-4024055.3359238724,-3263292.624253901,7174.152065350435,-4321490.844892536,-294972.8232803743,6367870.740510048,-224343.3225774978,-14235.51093271584,617008.0378937765
423,26.116808946136853,74.42089573988258,27.81244865027076,153131.4853993439,2904103.836423381,418196.7996211372,-5397987.972615412,-3960098.7068910943,251280.16045834834,-5112942.60029587,88388.98404199026,8499985.737697737,-105927.459663414,-35770.87866222331,1204874.1785733397
424,26.861568720703474,76.54404754174692,27.81218245563289,-387827.3342175599,2895822.408375922,-103814.49456934002,-5605466.904210307,-3803629.5191350197,-49690.935195713486,-5690932.624677393,-146336.79910420006,8241450.003370617,-80226.53307293104,-12820.554381310949,871846.8684516565
425,26.777573320762283,74.31997033331656,14.39586243773612,-426313.0929188946,806699.6271055917,-287036.3588623905,-2112352.4293786464,-1804044.4850421643,415038.0723263785,-2385755.479784123,-751403.8723449449,3230509.527453376,-409846.568458982,151872.83519313842,993222.0252945225
426,27.457366672133915,76.20079939053777,14.395724423511723,-450020.7896948153,1606917.0002234343,-1325484.3303740097,-1728187.8092103,-1519203.8839833573,224562.1107457015,-2172938.5971541256,-1059537.6990599497,3063888.1763686854,-1225332.522451554,12992.095497874665,41254.78878715035
427,26.77786863168896,74.32038053802403,18.854183364711723,-449655.64060419635,1530018.7346356332,-635267.4161352296,-3233668.7358361264,-3347818.6889076913,315615.7470785975,-4089086.231708322,-853399.1302550866,5387581.039859616,-371749.0672414738,-79447.65340019447,934293.1486960601
428,27.45760313343154,76.20122786407558,18.85394950023719,-392911.3444288821,2013723.1398722269,-767276.0326065213,-2858347.466825679,-2921352.446836332,72956.22137203005,-3534405.489814048,-643165.4537762424,5031106.706427114,-546515.4664491807,11127.715445322505,323614.7560883416
429,26.77817914456545,74.32087013567362,23.31247430733251,-319268.025230243,2264419.8373638806,-336758.7268009152,-4329334.436516548,-3641128.116791857,236953.00839641993,-4692915.188844934,-562864.0376097588,6864172.311787413,-287624.8390838968,-63742.99664132424,1025378.3119319726
430,27.457856072913955,76.20173493377118,23.312224428868483,-306516.642870566,2347452.2703213426,-264345.29198277753,-3940764.2332903785,-3217621.2557642655,19318.519116374984,-4214958.831268628,-300080.34179158194,6291629.508528208,-226247.32102261242,-15524.86851993146,621357.6816191707
431,26.73597945313624,74.20380656219668,27.77077965285235,199586.79876498994,3216980.888306281,484184.6467901525,-5655153.675900746,-4253107.584100259,258043.94821835597,-5321583.306814575,136193.11255799097,9086142.528118009,-109359.51180655613,-37117.14618634207,1197776.0944306827
432,27.500572635534247,76.31979152835054,27.77050484929724,-389867.9482220536,2885085.9345673905,-110028.3019028696,-5477717.475462845,-3736115.3894300144,-40291.682246637225,-5551879.8244951675,-160451.74594439313,8097521.2548820255,-81779.1643509951,-15436.477023458949,885508.3467440187
433,27.543805520241484,74.03479803380613,14.10419740278413,-353375.3689604794,416453.1636803064,-195896.7061603995,-1355916.398143167,-852043.2052514356,458996.98564944096,-1402529.6665387733,-612910.8290161163,1882621.5841143182,-419089.7091705708,163122.4099817341,993414.125810877
434,28.252916196615743,75.9048234085994,14.104052400846847,-530447.3235293283,855314.671163784,-1382917.1828480195,-1082716.8012320173,-667844.4879788313,220691.67948175967,-1576715.696722805,-1089527.969504679,1608193.8310139207,-1259929.3423328632,6071.588912613252,37381.362061646396
435,27.544118357997835,74.03523357052852,18.64585077418992,-389067.92914816295,754877.6129807106,-604791.8227944331,-1990721.4958008283,-1724989.6263491476,339786.7830514968,-2368785.9204510082,-847667.20445498,2977470.9859441025,-382436.1991740317,-80171.47043406888,923406.5184131395
436,28.253169189126364,75.90527860316068,18.645606494847872,-436340.753016216,1073370.646465171,-807501.6555109741,-1761677.0180135255,-1489881.7650658763,65524.67879387496,-2181964.6759522143,-706802.688200532,2718295.6020907275,-551703.0868682727,14407.56786225085,332742.9091098539
437,27.54444691309307,74.03575130178257,23.18747319577803,-290514.8889906569,1134957.8079586665,-447030.8011745492,-2589364.443389658,-1898914.9951776937,245238.0809836901,-2759131.602094148,-626192.8744357891,3782736.5943233967,-294155.8913460532,-65409.02375398262,1016939.8734337923
438,28.253441064862134,75.90581436127025,23.18721336618927,-322933.54301066307,1232031.3329634713,-388112.4559115064,-2396651.677671446,-1683731.4113520042,6398.250455156591,-2585849.39967237,-372440.07107611414,3479274.8047897853,-223622.2746574466,-15227.207957074623,642957.1641280553
439,27.500432208754162,73.91938949002693,27.729110977687494,158990.474556853,1739121.7020779287,224786.64650175755,-3346699.792288662,-2322860.721869789,246499.7084405643,-3054981.808911593,-26007.160291356868,5203887.792339489,-112812.29305608466,-36475.77952558133,1199282.3597084605
440,28.298007632614237,76.02322283856174,27.728825579001896,-480996.65996086586,1502348.4533693744,-376030.4137233739,-3479530.5953345587,-2055113.9624469904,-75982.26339950168,-3674790.521624958,-336625.69407511177,4656737.595385204,-78476.42304680916,-14996.243587605832,919848.1577334185
441,28.47070289022724,73.67660641872175,13.81253234636744,-365166.2886206968,466657.74043226324,-193922.29640255583,-1405253.1921295156,-865595.4629621607,472723.4750960234,-1435862.172555742,-616604.3125437966,1960035.6405085495,-437157.44319409976,185127.2573764717,1011003.0951072221
442,29.191495173881226,75.54220178068104,13.81237841486286,-561325.1071805574,942302.847346804,-1424802.9679895088,-1156010.2323396103,-727138.6676222063,237579.45438111393,-1642905.4081368847,-1149177.6033728414,1748257.7836864637,-1312612.0653652505,-9642.92310822917,40368.58760474243
443,28.471036794549697,73.6770735736371,18.437518227275543,-405678.1570447174,803745.3682623047,-616901.7190034105,-2021052.8612588672,-1758830.9234995209,341174.22108582436,-2400881.43541048,-862861.706831993,3044908.63445665,-389385.87913337746,-86004.92282991446,903969.6373038698
444,29.19176853131734,75.54268922788702,18.437261480558504,-450402.877558379,1164303.84282037,-806355.3116471837,-1859924.6254440043,-1607218.0137474742,76301.58621120059,-2292498.1601211405,-720639.1612628497,2920682.974998798,-547980.2826512558,13941.93191956739,352347.83634330815
445,28.471386319113037,73.67762341615428,23.06247157092268,-296451.6891181433,1176078.39122563,-451207.2880573261,-2594028.560402551,-1922867.2319103305,248350.22328017847,-2761580.551718987,-633947.7243230995,3823947.6900922465,-300366.1204254348,-67368.64400149848,1004658.0579039509
446,29.192062552882216,75.54325695920124,23.062200431672544,-330344.0904209959,1324059.801320834,-380097.4820121361,-2498029.4219736597,-1797261.633709422,19738.62711267993,-2688747.5895510684,-381788.0749032558,3684153.8933420265,-219595.75155672556,-16052.906819948696,667999.6736763848
447,28.42666160327009,73.56156835827404,27.68744157024206,178617.40321567096,1781735.730536822,238796.43394869266,-3326525.9968811595,-2351902.260214893,255259.91084733137,-3020857.1314051636,-20438.77037481264,5240445.469481161,-116359.22740171672,-37387.84864089935,1196184.7179939458
448,29.237380112553403,75.66041860501754,27.687144077652945,-491797.43302830384,1609026.7612875346,-370705.0935697207,-3614338.2204484767,-2191009.004450941,-62451.15849033641,-3810826.2710993877,-347810.81868635403,4905161.324475251,-74818.29190447502,-14627.976839230989,960607.592775603
449,29.39762952475053,73.31848943877253,13.520866157628666,-378533.27386193286,545074.048534404,-204338.75927529047,-1501325.2832170257,-918770.6074449345,479627.40535348357,-1513668.5288095376,-632863.2371252214,2108733.7813319396,-453037.9853068384,201853.16428069133,1025769.4517003811
450,30.13004651106738,75.1795098894844,13.5207037683224,-588364.1374164845,976818.0904777608,-1478798.7083175178,-1187587.5719169234,-726944.4935709483,250959.79469335254,-1686621.583418073,-1196571.0691908903,1792847.8973527213,-1377850.6242579808,-31182.612799549683,47376.75196258629
451,29.39798382123232,73.31898869025535,18.229183714820042,-432583.6803586682,903522.1143251896,-629739.4952335359,-2111553.2459340813,-1877951.1713227872,340682.7970806176,-2517541.714279724,-880126.2900539286,3238866.9430666403,-395322.76607183216,-90807.05096296477,878879.5927287771
452,30.130340878407694,75.18002950152108,18.22891494332374,-456302.9584832458,1199988.8429469177,-803573.933207516,-1882927.2146321703,-1637106.9432276248,84132.73122146176,-2311637.4108235585,-728887.6051540758,2980636.967233789,-543354.4928245528,14415.004553026085,364622.12515441125
453,29.398354351695488,73.31957008652829,22.937467993137478,-312690.5101831605,1281263.5479883659,-448600.95447391743,-2684442.782810687,-2035006.7455550595,249534.99005535233,-2861284.822628827,-639260.0553462002,4020516.961306316,-303433.2564816852,-67578.26410405991,991650.753872049
454,30.13065709258197,75.18062853999741,22.93718601331115,-328058.87786610005,1348616.0856230748,-377071.7310578801,-2498878.9931138866,-1817016.5539862218,32887.905962498655,-2682100.120269647,-391374.21221199655,3716959.8091807393,-217689.6262319209,-17326.989922545843,682758.5339562485
455,29.352923270400776,73.20383076712913,27.645770321100123,189190.0527896349,1912767.6325727636,266889.3093837793,-3429067.2817992736,-2491922.696165215,263314.6356713472,-3113135.7701357184,-8831.561266786439,5490814.326148684,-117820.07194471144,-37022.51537714461,1192607.721790616
456,30.176722567397672,75.2975337989374,27.645461138021854,-493671.9744841345,1619962.492627394,-379014.82591516926,-3604330.451044404,-2211271.128106455,-50437.762330621845,-3804103.208979073,-365317.9801713244,4916696.881378484,-73745.9701301287,-15070.881357171682,990428.1251853456
457,30.156532477359058,73.01434662869639,13.229200145022373,-509502.75411990104,1348685.087576873,-255946.50584022602,-2495386.498012789,-2122724.2262995522,407522.8560058065,-2682316.2022675085,-756291.9501829589,4021843.9800672126,-460242.62802655937,205578.30564218023,1033084.0826201267
458,30.91791329153749,74.86365371883932,13.229031830404843,-558341.8687112846,2139878.2213390437,-1441322.617416519,-2018212.739404472,-1811056.9980961618,237218.46240839592,-2460065.1864108862,-1185253.3448633791,3785532.266485505,-1425888.7226181165,-44353.02352433358,59057.67301143388
459,30.1569035700242,73.0148718851067,18.02084949052511,-568304.5901870662,2191559.4733845517,-621930.9865690717,-3556583.0749158254,-3922201.4562842897,261474.70326567173,-4516958.280306335,-852416.9473605562,6370699.124295304,-394258.199739122,-99516.27737043191,856765.240512942
460,30.918226110186435,74.86419971459316,18.020571237900498,-492204.6084654066,2576467.1849967204,-728025.6415570055,-3165584.477121499,-3453549.9453590433,51025.5504505432,-3941391.148745165,-648498.9437371937,5946127.027456669,-543265.7079474728,8841.704188213324,374348.6990067869
461,30.15729294994179,73.0154803403679,22.812465405681163,-438603.6900715284,2923825.7373415036,-285227.46475940605,-4562854.321306034,-4170815.241988193,185109.5779446325,-5005718.089623143,-538600.7437965532,7744313.415930264,-306453.2567242816,-68593.60114991866,977095.3613926729
462,30.918562249202253,74.864826150972,22.812174474265998,-415233.45234448905,2883226.0212511863,-208118.67244625057,-4183529.6051014275,-3710715.233090686,8093.058685862756,-4534376.3522861395,-306253.2897790408,7100503.538525627,-217017.19316288413,-18108.969600591237,696073.6026049275
463,30.110069622012084,72.90049923048069,27.604100329767604,153181.00163066294,3974462.0940807112,624080.4616861162,-5834026.017980025,-4862784.216813736,220382.1968234367,-5523179.083957821,219160.61648255883,10055742.02487275,-120646.0895985575,-37369.764175059056,1183887.3261180026
464,30.966457561956464,74.98102562167429,27.603781426521092,-542823.9049392707,3451944.5937076374,-72794.91523231647,-5735011.134812218,-4284303.597523397,-56472.27300767135,-5910063.007026538,-183941.41917549737,8930330.199738087,-72829.51667615943,-15410.365961046942,1015396.7996293423
465,30.76189622897312,72.75831974991007,12.937534070733232,-499744.43261768564,1371125.5308942697,-231365.25386161078,-2467776.6581666586,-2047302.6100052306,409107.9188906898,-2600275.846862371,-732465.2356592551,3972756.9269366,-454484.4912402943,193605.14693687038,1030862.8401674379
466,31.540611152233797,74.6004902541581,12.937362418088497,-540845.0787685021,2310885.2250882373,-1432467.8486086037,-2128677.188640639,-1922882.5967025284,242461.8123622621,-2536673.0436216677,-1179590.760139699,4053836.101472499,-1446144.8715670505,-44970.92792848365,80610.31024614141
467,30.762280900957897,72.7588647718522,17.812516554993188,-561932.224040935,2202208.416119129,-605349.7283375086,-3459395.626948672,-3826888.930996999,273664.30470769654,-4365969.2576202,-853436.7366488079,6254332.458009692,-397869.303970841,-102453.49165632992,842376.1351895717
468,31.54093906881018,74.60105612748296,17.812231616869074,-471577.06507362623,2790052.1189633245,-702788.7956705872,-3287298.8016655394,-3674398.0115298205,60314.71122003341,-4081671.608506656,-632200.6567411827,6329558.523466948,-546281.7695494461,6986.398238865465,384419.61107352126
469,30.762687200140466,72.75949638247981,22.687464281403987,-429705.51973546785,2907142.5571678784,-281075.6684551588,-4418055.81982393,-4069021.447702249,194996.21469982504,-4831104.747717662,-542821.3726995427,7570287.489394454,-311160.75440236897,-70050.83122530322,964234.0649024503
470,31.541292700234628,74.60170594840855,22.687166504356494,-387638.6925435369,3112697.459173078,-169869.60010330984,-4329964.078937803,-3941044.9434902975,21006.60267559838,-4673534.1463596225,-288239.65695918695,7516962.969845042,-215665.68421464943,-17318.60303073614,715479.5018720559
471,30.71439689085492,72.64498422160966,27.562431557497376,173848.25991785782,3921243.2698458373,621627.5764814722,-5605660.63675097,-4734777.962857321,229871.02314747102,-5278087.813948866,213300.22002066392,9781506.700173367,-123523.61340296165,-36931.45369981714,1180138.8458299884
472,31.590288755813443,74.7174823714524,27.562105159765807,-508542.6460058689,3730777.202473121,-19106.303969274275,-5936540.345213129,-4563643.936661823,-43409.38990899558,-6087796.502600996,-155488.29918247322,9446413.054281447,-69782.35231901314,-14375.179406861263,1043051.5055959701
473,31.373055388852855,72.49995162439531,12.64586738545781,-501384.0915841293,1446687.487794024,-222230.03228683613,-2545993.0178253767,-2127697.6515997546,396459.4544453286,-2683824.7784475703,-717294.5799625926,4124192.7223332217,-436761.4424990711,166163.63936668308,1011058.5147708566
474,32.15751583529567,74.33967226577188,12.645692117804575,-545992.8516557638,2301479.2418058207,-1443876.0487545112,-2160972.794450695,-1935945.4503065206,241653.2879116021,-2570392.767878668,-1192624.465657655,4074627.57493187,-1454337.7128431618,-58513.230346827,107194.91075585174
475,31.373452748614866,72.50051484566313,17.604182716080448,-566557.069216164,2308350.3083929587,-597106.2552912935,-3526605.6586417966,-3959995.973905367,280004.5376982545,-4460308.559717169,-857932.545889527,6462928.089492197,-403228.9121296191,-106043.03283458715,819306.2704372738
476,32.15785775918911,74.34025610296816,17.603891429456265,-477012.6196162298,2806340.9051413364,-699526.7298802196,-3283903.2271226654,-3695844.2169651743,71441.55660362025,-4082676.647887393,-644100.4025692511,6356578.606101527,-548966.9531356241,6241.4776252159945,388352.0296739609
477,31.373876188186465,72.50116962077232,22.56246220453059,-427205.22302629275,3020180.7205954534,-265841.3746712805,-4489437.133115993,-4204842.454092393,200002.95761207555,-4919577.527568642,-539966.3842436038,7786678.034710122,-313627.61493904056,-71026.55948326572,948016.7945802519
478,32.15822894385595,74.34092900821015,22.562157988563296,-389247.4459793698,3118789.451381962,-169922.67700282158,-4310260.820102073,-3964111.128991199,35742.735551199,-4662862.869702589,-304778.9523974833,7527261.150499841,-217171.40315440073,-18285.45287163952,726761.6356484462
479,31.325243428384418,72.38683359877575,27.52076190853628,195410.48287075583,4052266.616064495,650214.9402489938,-5688090.563848364,-4901770.637459448,237220.36117156135,-5371294.392040888,226490.86763121834,10042695.563593911,-125820.55656358723,-37340.44134893098,1171799.4702151334
480,32.20760158333152,74.45657495846146,27.52042834458666,-517619.2789539236,3711347.3355412018,-27176.11357089132,-5895726.620376879,-4586450.948051149,-31002.729792161626,-6073781.720774245,-178386.6743255215,9418720.338116152,-68333.19842799756,-14765.59424507317,1064441.577936748
481,31.8237343846916,72.30611348907884,12.354200816433593,-196676.39149757358,4299214.728017853,-101156.08683169936,-5310998.516120001,-5832200.859837825,222187.69795208273,-5977787.393271755,-374536.02426512045,10353705.66722546,-433812.36781819543,144411.02216437776,999503.3007959037
482,32.625394134174655,74.13837303839018,12.35402479181441,56616.16484234156,6028212.048751151,-1047845.4617624865,-4430462.565006389,-5243470.306877314,145065.066920961,-4851252.45279161,-501308.2056589145,10389543.410281532,-1461400.9927428653,-35656.86126639608,110241.79716135508
483,31.82414160408571,72.30668962375952,17.395849146956543,-12290.957134116674,6608008.881773799,-253576.15222208807,-7464147.127847891,-10288965.394013828,112462.97163560512,-9870849.857610239,-201449.35499565082,16414440.98502348,-390693.62163031835,-122473.46231977263,813960.0418887206
484,32.625746816860854,74.13897003673583,17.39555375831186,175368.15428143297,7218036.787388371,-244181.47870740085,-6678861.857945197,-9242370.128070418,-41245.73907271176,-8445070.09559191,72483.87533639355,15521809.683217917,-558485.3542550034,-15653.092302024686,402235.3002825924
485,31.824579737561734,72.30736382163497,22.437461008313875,357327.92310500797,8445570.494078858,579030.5656971922,-9618081.026157174,-10856658.892114982,67765.602570605,-10535514.24822039,387945.21263336245,19529498.01846809,-317274.2392611771,-72084.5535149424,930332.7215814979
486,32.62613295616071,74.13966270633182,22.437151901040163,329883.2440744429,8054907.030358915,613453.2044341259,-8798978.031798469,-9776477.066043435,-55051.74697263721,-9452167.081494637,512470.76567284745,17937939.79468927,-218677.12693111697,-17645.22216683513,736448.9674839932
487,31.774886289425623,72.19351382252793,27.479093340043505,1304981.9662606409,10735049.706448942,2062135.8599989389,-12379092.428643053,-12282512.915916445,162582.80581280377,-11714030.559407784,1528356.2406290534,24287841.85148724,-129200.60147164801,-38858.58731083478,1157942.1874385104
488,32.67659555103727,74.25486221228384,27.47875433653838,429634.751306077,9518607.097660318,1197345.2501912562,-11654729.528186895,-10943257.69610744,-58917.18166598654,-11462753.796850586,901262.1928370498,21707078.70317118,-68194.69061962166,-15360.452292858343,1077455.2457929074
489,32.12253337093693,72.1730731626488,12.062534230005939,-200056.60240251105,4154889.8972722213,-55508.68880714406,-5061968.303476754,-5479913.643201746,239378.87875507394,-5593130.227356912,-371893.1648424732,9864347.998261958,-427976.36489599873,114931.39366901296,991652.6347559566
490,32.93564530032166,74.00032214912574,12.06236016478468,135655.98653570213,6336232.37721149,-971183.5468888183,-4560731.607160775,-5406289.518829981,139577.0712874814,-4899131.634802432,-418137.16310428025,10817973.614765093,-1462329.6108765206,-26767.62586702323,128845.84323047324
491,32.122948098362706,72.1736576506624,17.187516648738114,-35438.96937750839,6399498.2448623665,-232860.79371734662,-7123579.597424558,-9848227.780499386,137650.0885926398,-9391737.183476504,-233137.01024908604,15756072.675493097,-392050.0383273897,-122317.284088967,806863.7150222794
492,32.93600565165171,74.00092790229331,17.187219619577668,267943.67867606645,7657525.669952551,-179191.77991438843,-6874316.943409882,-9691850.92402395,-34411.89117984977,-8698628.881982537,152856.94415841042,16292049.506538363,-575695.4005831033,-22153.23548304021,400694.1770555534
493,32.123398555202535,72.17434781225876,22.312461010833903,316464.6514898909,8181254.493311787,551122.5672452762,-9191993.814273916,-10449348.147720747,87288.9666858797,-10074867.008664064,332709.19680442836,18790999.523906596,-322718.9952772371,-73525.68411188292,919389.6894072948
494,32.936403966991016,74.00163690491347,22.312148631873995,437096.9755703509,8551526.897938753,711421.2129986957,-9084059.29717904,-10297034.395435832,-49267.04614709355,-9757577.362037715,606890.0906001839,18850732.35794533,-219849.7211552747,-16372.82619836257,744358.8444173342
495,32.073001795608086,72.06082797757746,27.43742564144954,1240336.2627790153,10349052.720287155,1983472.9474678966,-11772065.504045574,-11768879.143946357,173698.3307197763,-11127421.325992437,1442795.0986115048,23257488.157914996,-132046.43268960904,-38322.23296458553,1155730.9345283094
496,32.98759469051774,74.11654044380127,27.437083068633132,567569.1736642187,10153189.558533609,1343327.8759358646,-12091213.040505629,-11577808.663268303,-51380.33465918359,-11856779.802844478,1028410.9111587498,22892455.499819417,-67492.47815085773,-15006.579778571775,1087597.3792491525
497,32.42420746698599,72.03880794494071,11.770867629406837,-167773.3199942778,4279987.713835886,-13908.507899512537,-5108792.363961715,-5569508.273552875,235527.784370416,-5619863.794490359,-331852.76562791766,10050022.446060374,-420338.97204943147,88471.54283370878,963677.3199634661
498,33.24302216525536,73.86349780084653,11.770694844967249,117321.47647671285,6160636.267328047,-953489.449683279,-4442831.742252554,-5228129.168439743,142003.34877488404,-4749785.036285175,-428909.58559740573,10503162.91600406,-1446548.8419407862,-21167.829578882694,141169.18052655793
499,32.42462953166953,72.03940012914448,16.979183905589057,9383.921807837905,6607378.843798944,-185095.96317569236,-7225039.228239996,-10103386.521195654,144864.275347057,-9539207.511665536,-192646.4827543374,16163520.79685096,-391179.75443228113,-125084.67600794266,797965.8923347085
500,33.24338962496323,73.86411165773009,16.978885448188677,246737.25338519225,7528380.281453196,-187864.58332298812,-6708005.895015587,-9503110.00912806,-15300.306820691805,-8502655.28733529,118784.94388520192,15971123.294965483,-593766.6967332192,-26727.209471349575,396769.62788882945
501,32.425092370044965,72.04010628396212,22.187460769360694,372793.0048865061,8451052.545578651,606071.4432865146,-9337406.711271077,-10776737.8490898,93199.96251576931,-10265868.222359862,380991.9448516334,19314793.271259904,-326400.20514790766,-75312.33049827104,904205.9602842033
502,33.243800159891876,73.86483686199689,22.187145259417004,414269.0274827264,8414474.27504534,695720.6117203459,-8884998.024180494,-10154474.219835708,-33614.707068399795,-9579384.711791947,570520.5045579509,18533328.12148241,-221954.3394592097,-16159.454535186664,748704.4930469315
503,32.37435187106291,71.92676347002775,27.39575770563271,1323511.530351567,10706905.601679511,2065105.046009954,-12001781.041856298,-12166234.009866731,177524.20017135804,-11365550.238726942,1516073.255290359,23944999.16147762,-134285.76442603135,-39101.93068992036,1147365.9721421187
504,33.29535966906526,73.9795975887302,27.39541168893364,523410.2209483525,9952189.506753696,1302006.7001044438,-11819844.463752352,-11391505.410920275,-40563.64837823795,-11636400.185662415,972593.1756660788,22441413.437802836,-67649.74370773046,-15609.212988342737,1096916.1539207266
505,32.7221793347848,71.90394238892446,11.479201354358349,-163826.77099335194,4334183.561677267,23796.073579416377,-5021079.8719880935,-5537479.068261428,226530.1016938423,-5511471.183314651,-304180.10961286275,10009804.157190844,-412103.7469654888,65872.18461591074,929983.7912678896
506,33.552383493147104,73.7234785926687,11.479029406039743,118477.43590784306,6161217.329204049,-914253.8977951217,-4377757.412445037,-5202984.835928325,128640.92673728614,-4687552.688076097,-396174.4026611386,10449167.958054012,-1421302.5034385272,-12456.242870536038,145536.72084973546
507,32.722608725732535,71.90454176441085,16.770850997929045,8292.062396610854,6701699.794489341,-146435.94611653523,-7160585.185292936,-10124582.69169495,136392.77202222368,-9474425.99460131,-171266.3199687436,16209248.225339472,-391143.8528558722,-129296.59494363998,788052.528187368
508,33.55275777793893,73.72410030760794,16.770551116973863,241847.3499937295,7610171.7307026815,-170986.589102644,-6646778.907536185,-9527280.872095194,-20852.890383098886,-8457979.918774104,128173.62693421825,16010838.783433653,-609580.4060161313,-33157.13228602857,397568.5156547474
509,32.72308393411041,71.90526370805048,22.062460640514267,364452.67406067764,8568968.495931597,632212.7132080207,-9267658.747298187,-10856892.18669236,81353.62045522394,-10236742.09332282,397550.4228228987,19404825.553700224,-330664.1975898669,-76855.55619954107,890254.5901803235
510,33.55318070342448,73.72484161846586,22.06214202767463,404703.4084052886,8516732.952462777,716865.269359469,-8824579.016735548,-10233948.149308793,-42696.74500708756,-9561795.283531183,581177.7912000858,18618919.122558624,-224217.85118095754,-15760.34429300227,754098.6281948522
511,32.671644271367725,71.79225981868618,27.354090122890018,1319024.9602597798,10849641.6305804,2092019.3613652675,-11923470.108601838,-12258119.323436337,161177.46547555187,-11322883.6172671,1538405.2944376818,24045164.27503486,-137004.8835311611,-39558.12927422792,1140040.3748101075
512,33.60546449614918,73.8392975061873,27.35374065153017,504557.76666785683,10065032.351063216,1322861.9604873788,-11757909.619887706,-11481064.420808863,-51832.7462194296,-11616801.686211037,980844.7739434018,22528408.99048609,-67556.49287529712,-15827.615398769865,1106601.2345033046
513,33.02214311296917,71.76589915623134,11.187534922209935,-169991.7888297469,4233343.5251367185,42434.98036840558,-4842207.512397713,-5391859.40210753,235529.1698095972,-5318081.596790389,-308745.4418298243,9732613.755295586,-407464.0293735442,46708.20611344815,891392.8211478058
514,33.85803466098725,73.58284032504504,11.187363727830549,155336.95396515867,6259211.884043702,-865550.0766923274,-4395712.114495698,-5305600.217499745,124628.88449900172,-4716323.859916109,-344259.67401966505,10609582.295252303,-1395193.9860991247,-1906.7039698298552,139333.82013809064
515,33.02258004807166,71.76650560133467,16.56251842056009,-4191.901634600479,6588751.092691877,-130973.74903774378,-6982175.240980822,-9924782.856186375,152906.8568665862,-9245843.916789742,-189504.0176097864,15888933.376419056,-391663.922595596,-133439.1693871542,776260.0377875152
516,33.858415557426966,73.5834698176804,16.56221720871421,287300.8011331111,7816115.424665689,-138762.20422139764,-6731715.891975413,-9771301.96302311,-10981.98342193795,-8595293.054766221,162480.2747926361,16397466.801550984,-622788.1574580659,-40324.913304016976,403046.81203927984
517,33.02306771050104,71.76724322338754,21.937460604390147,341914.22849825746,8428872.366898762,617312.2352593145,-9045814.135004425,-10696545.507229934,95432.3831996372,-10033903.8325747,363235.7629786483,19058766.900252387,-335859.7167354174,-78623.14542472722,876366.2866838156
518,33.85885088696528,73.5842269887949,21.937139024145267,458987.5500780868,8763613.16514598,766326.4566857009,-8955274.377481548,-10546493.06941712,-34059.700283446015,-9742389.793825248,622404.7638968433,19108912.201838173,-226737.62022512004,-15579.243863855269,759491.8153062256
519,32.97128537484371,71.65441848270885,27.31242237130083,1286484.8213844397,10647407.463458857,2049786.4900316556,-11617646.04914786,-12053396.518492687,169323.26062956487,-11066490.552678317,1489534.7417068263,23560634.585846446,-140123.16314168097,-40006.47145940867,1133693.470191326
520,33.91150291146611,73.6985379484135,27.31206957048203,571086.5623122943,10379958.16522684,1395720.178450827,-11974370.847195452,-11860728.019480046,-43005.56834537325,-11853213.733860798,1035901.0402895698,23164077.599561192,-67487.34792589063,-16047.526307933822,1116210.7941012245
521,33.31928799430887,71.62920661473541,10.895868354856166,-110274.04111089953,4479833.926194839,92540.25218231953,-4901332.964745129,-5614700.669329719,233397.21272019,-5391840.1393832415,-253398.18279393227,10107338.459443437,-408664.10807600745,41928.70888862736,853109.289530102
522,34.166504398830206,73.44085169748723,10.895697846565305,117311.64438000647,5958686.063543996,-864886.8230863414,-4136384.305903817,-5034703.852347038,131648.93962564415,-4473236.38105261,-369116.7561580399,10053464.02204831,-1370105.8336865618,11301.148805430998,130369.3122260433
523,33.31973266564813,71.6298201927195,16.35418561727071,87650.10546419164,7003078.188954867,-52233.1292227644,-7175664.457646371,-10396536.560608303,154881.1144191576,-9521083.178731984,-101646.10636098425,16661224.45028926,-388699.7211220813,-140821.9431605657,763120.5709954486
524,34.16689188290609,73.44148929496299,16.35388304955696,242307.41867896006,7528897.692591239,-160589.30041190214,-6415410.178943024,-9352754.276613042,10392.915696350421,-8202921.708939256,105803.75750895034,15707733.762288596,-634449.3460570031,-43557.29146683187,405763.1027627142
525,33.32023271900963,71.63057326051468,21.812460357758763,457503.61296335654,8948419.908579709,721454.6353822162,-9317548.638897615,-11255891.219110418,98970.95770792065,-10352210.419862254,468095.85508684913,20011492.721700687,-339045.19327446335,-79913.39411142774,861376.351941929
526,34.167339669869015,73.44226221500358,21.81213582149841,409831.41992910206,8457764.747522319,724265.3268768124,-8551696.151488509,-10147706.056394858,-16048.365460271963,-9326866.384697404,557337.6704148881,18361390.20861076,-229300.38984452034,-15736.799079591723,763680.88214908
527,33.267755499338485,71.51809645869575,27.270754395662546,1451947.7543658705,11346592.340793045,2210789.5403555497,-12049653.592400074,-12745611.725919606,171476.30918578367,-11469949.92578047,1643231.4087100087,24836048.152584936,-141648.93827423273,-40344.552172169955,1125003.8011811832
528,34.22071239568448,73.55625947114767,27.27039826604293,487650.8666905924,9958669.225600395,1307217.3535038428,-11415356.486771414,-11365361.73785575,-31393.830326361156,-11335194.2170347,936446.2913970273,22152285.371432506,-67631.74359120025,-16289.922997727761,1127689.1811437898
529,33.76235561619116,71.41855657179838,10.604202499318752,-522365.93853818724,1608381.148133804,-102621.11067189783,-2255627.179399378,-2129382.5082258256,351166.6054418474,-2402883.496994522,-636440.965909977,4022718.5618282175,-390161.93938024796,13835.946062790103,796968.390620876
530,34.62653393311905,73.2222047378936,10.604029090504248,-492932.2622725683,2335836.2751802807,-1276681.0312639736,-1977425.3055461168,-1924600.7064347232,169231.05040575133,-2417641.6565484013,-989819.9086163258,3973684.5468084626,-1330311.4334118734,-10570.375000533555,133865.56222422572
531,33.76281154666735,71.41918139246228,16.14585252060291,-596799.8591258076,2607185.599376077,-474851.2174581222,-3328808.005356931,-4070830.4231661833,266504.7948101624,-4278494.61249371,-809124.740212408,6623153.875498263,-409493.0400632905,-127064.81758249397,716125.6281485653
532,34.62693091651119,73.22285502790312,16.145546387638284,-505830.9097493134,3046051.9535759953,-688779.6406454641,-3112949.8726925696,-3812444.984438601,78869.81368178195,-3986419.0071113696,-654562.4459428283,6492422.856235416,-635244.1211173356,-20130.294117946036,392536.6870408303
533,33.76332691384514,71.41995290711077,21.687459743283338,-481803.69607319357,3366753.8076304807,-204315.63600955205,-4278129.505432692,-4453500.384168962,174532.97516725695,-4823435.05909863,-521189.6776979091,8025259.212344274,-344094.53004498366,-82530.53579687998,844910.1618355431
534,34.62739459057841,73.22364665718885,21.6871309718212,-420951.3331613637,3421446.5391260916,-119883.31199134805,-4145752.5138956886,-4215590.614197316,33649.258967578004,-4598459.562271986,-304162.0842168761,7783233.5404622415,-230827.46997142144,-17677.844828129822,774132.3927406752
535,33.70980536974774,71.30799507410813,27.22908632235148,184910.4678118485,4482587.079016184,722680.7536490537,-5436613.949025817,-5203158.717086408,192373.22376686498,-5217714.756994025,279253.49953702907,10328639.557934083,-144735.44325685714,-40038.174975838636,1117862.5774465832
536,34.68184329983863,73.33716377612312,27.228725365746946,-596744.3986999884,4045802.1381352674,25809.184846671764,-5731362.377432702,-4884869.378222362,-39038.05241693044,-6021849.3565251315,-190912.06009931082,9687628.340906395,-66906.76157792982,-15827.618195819838,1146176.160497794
537,34.35982497287567,71.12995003498597,10.31253658582158,-535190.9704789964,1599446.8667342665,-111000.8035528601,-2161100.8642649595,-2183215.5928369327,353610.6610544744,-2370248.9184174356,-666306.9478863525,3989810.9590061973,-394312.641634257,9247.64969958389,733378.21678827
538,35.2296428700175,72.93089620998195,10.312357945513412,-486014.5085304872,2364369.974246399,-1271040.9160164413,-1948879.6229659086,-2047055.0168149127,172449.81959462276,-2483771.7713477216,-957662.8724964348,4048749.1935436274,-1304996.6048794445,-2108.6108050259977,109572.40603437187
539,34.36029635815694,71.1305913497315,15.937519356235622,-604593.4381747699,2602890.187273859,-476270.3977436378,-3267693.4175056904,-4084456.6667409698,275133.67024297355,-4250310.04150695,-822938.503215835,6595274.896078238,-417681.9571775726,-135165.47907380882,678752.5510025145
540,35.23005267665864,72.93156442290659,15.937207602161918,-497024.47450323286,3098960.3324143696,-677552.1403359887,-3139786.484876786,-3935288.9333354463,89690.13690598641,-4062399.1781533738,-652935.370336694,6639718.266065218,-625083.5648039811,-19911.87350606161,416723.013365098
541,34.36083023640669,71.13138445763609,21.562458389767126,-484543.41434769996,3341591.016253193,-209154.20461380307,-4198983.14385601,-4455066.682141298,183052.46172293098,-4776495.590863847,-535996.0528048369,7960385.0409603715,-350477.3390471657,-84886.34211063161,819606.02116596
542,35.230535437242246,72.93237754280884,21.562124295525255,-410649.9573588588,3481950.489619354,-111403.84328239574,-4172169.3932173485,-4337627.0714254035,45061.24950127207,-4662595.742217166,-309560.87004218803,7932053.301237453,-229819.2368283265,-19190.072820145444,791809.480140896
543,34.30697510408456,71.01961707344219,27.187417279232964,194083.66758376686,4433180.242549089,715028.1308070672,-5324671.645046447,-5201699.887223095,200329.7766093178,-5147650.658516114,265807.35026342835,10224135.349192608,-148780.25392891196,-41092.52816417763,1104001.3650992038
544,35.28535530496301,73.04574735406015,27.18705027343777,-590061.4057768097,4115164.5994973965,35555.58738901187,-5774568.572540961,-5032934.920380238,-24831.4247992254,-6102904.958411936,-203082.61505250906,9866646.354574043,-66349.70697954074,-15407.379768183522,1171068.1598786265
545,34.94892369261561,70.84556725652695,10.020870038897517,-516460.0700246064,1742633.7564849644,-97913.31644485169,-2138082.681593764,-2345415.189902774,364471.2821141755,-2383872.918953032,-680438.9250699459,4192572.214038483,-414987.0716025541,19556.477830553584,698757.8068709543
546,35.841119332424476,72.63535884863238,10.020687590359842,-484555.76161470986,2252287.096669307,-1285674.3799120868,-1775598.7321357415,-1950858.5395661353,181426.08536306236,-2374493.050931355,-940841.3398637774,3797391.345937642,-1312887.307332334,10218.876502056208,91552.75815286564
547,34.94941146683691,70.84622678429282,15.729185454322927,-569882.8139912095,2850533.1474472806,-443173.14267497463,-3325956.2541636876,-4365982.180332871,280571.66641462507,-4383456.827705387,-793826.5258541965,7014760.5443406785,-423235.4146067833,-140870.30401481112,642901.451136359
548,35.84154328541512,72.63604716840831,15.728867985992014,-488389.1958603936,2973497.7197863357,-678069.7406505118,-2951320.785614804,-3755277.422752985,102510.09142792874,-3852346.4239359405,-658209.3644941754,6317594.571705546,-618040.0340005241,-16935.254444265123,435282.496500542
549,34.94996399345075,70.8470412059626,21.437456191767275,-435742.28784389433,3622348.7967730756,-158348.15144019423,-4290017.112926138,-4744967.506658525,189697.33287015074,-4899335.940898658,-498230.6989573181,8425824.997344958,-354627.66239472735,-85456.23514853267,798710.7481246158
550,35.84204528297233,72.63688196575612,21.437116684888892,-395874.1602746267,3337327.656038136,-124010.500056674,-3926031.9068052843,-4132453.1763052656,56986.78677069697,-4399766.712352455,-321797.9429764843,7539007.651035773,-227232.0117305661,-21116.341492747193,809012.4400414915
551,34.8947291092436,70.73599220553088,27.14574734835395,276737.5110268409,4797410.979167726,798558.9661943411,-5474885.425463287,-5561085.569888864,206582.5782540662,-5296730.132481056,332036.00124237296,10837401.587627592,-149827.89638539267,-39684.903079309006,1095734.8217580956
552,35.898282914043975,72.74957616493091,27.145374336783775,-589084.5467448088,3909694.462556421,-4037.0104986748192,-5435392.812860862,-4779011.364958988,-12353.524267825687,-5771861.726030857,-240327.19842890537,9328761.8297727,-66272.4417854149,-15223.195245474166,1197356.1724205944
553,35.82129397501336,70.3968283502072,9.72920522015174,-464284.6993539166,404753.37553499674,-126367.39099026995,-790232.2375893504,-491053.9842112239,419466.13665621984,-952030.2496817944,-416502.7483794085,1182634.2832520134,-439786.1226610078,26391.407994572757,669536.9459395846
554,36.746948486586874,72.16967935116053,9.72901469553347,-510086.77010244684,595242.3896155988,-1435556.6862541744,-646720.8296394169,-294886.19311507227,162628.05934969534,-1483887.3903453657,-807270.8817039109,940757.2053082549,-1339233.2474365216,15497.154945437915,58845.706666601065
555,35.82180730514533,70.39751786795348,15.52085255198546,-487456.0526714076,653233.9603225952,-589708.3622151397,-1190691.5673585744,-1114540.167875987,302156.2861863821,-1481345.874095508,-842628.1190120343,1900043.5385435903,-451349.34913569625,-135493.36175657136,582449.6459789021
556,36.7473964832441,72.17039970461494,15.520525269145118,-392152.98062342696,811795.1756323937,-830045.7438782171,-1105195.865002525,-906351.5605147494,70387.04673620325,-1455408.4202824302,-688553.0582909945,1733557.9297041735,-601947.5805822492,-3334.0586673772705,452948.20935800043
557,35.82238545509826,70.39835964360581,21.3124544201389,-310698.47733012604,882121.4813157909,-501571.80655115674,-1522789.4305462702,-1245608.0010919,182772.7822242756,-1706321.2933816297,-602716.4038561871,2378888.8946723244,-365334.47025251633,-88182.91416320184,764622.8330835085
558,36.747925094784165,72.17126240324417,21.31210702415705,-184050.8986100126,920154.826949391,-402117.90876128187,-1492324.4193392098,-1080149.0122386895,22002.181241597373,-1594960.8666924872,-344422.3805322088,2273369.2668027934,-219389.8982656143,-23686.00906381629,841043.9037809357
559,35.76508388064379,70.28839449098993,27.104077996004428,297961.07182177773,1435294.0991089072,199662.50061697833,-1938106.9153731489,-1671063.7628487723,174775.46128986104,-1676120.6548341892,68824.23769458146,3540214.0886872704,-155603.88664621388,-39664.43258736928,1073074.380843847
560,36.80627977994528,72.28292326456706,27.103696441775252,-465907.12855927565,1065656.0511822049,-497475.85182993475,-2378308.87302919,-1437804.0351914673,-67958.30728549704,-2627061.457808554,-428457.50112252304,3157792.0297240703,-65859.929398559,-14288.812876746299,1234879.3339621872
561,36.99366105056517,69.77526241118406,9.43754100763488,-488855.5102311489,411698.848104847,-135187.9032346912,-744379.5472839632,-478570.45742478117,441054.629728886,-946537.8694436573,-412844.73598209256,1147038.040064757,-481439.26653093164,44270.83559466549,654867.1253325469
562,37.93040153398092,71.54232512142585,9.43733905366836,-543035.8295365747,623247.1135151964,-1480175.858870657,-623886.1905213159,-322262.9763313624,200595.11121216178,-1542300.4114929554,-809762.4852859804,952098.3218869015,-1391225.2747802737,20559.06104007912,31631.971541960967
563,36.99420900319027,69.7759941670263,15.312519946091768,-516392.76915927266,642797.5863498568,-620287.1941387184,-1121539.1385371508,-1120936.7213194128,308522.57136403985,-1460066.012767268,-874319.1295557392,1840502.7653748728,-480391.2949589443,-137963.94301278915,519559.52148209704
564,37.930883777747276,71.54308809803673,15.312179288941662,-383178.90664348233,848032.9334345324,-815374.9482236914,-1111406.607077405,-972838.2473666613,83068.09466536062,-1479380.59810785,-676974.9341478761,1805834.6108230844,-578686.9514934851,4739.620680816208,490699.7810269294
565,36.99482032380583,69.77686991930801,21.18745166475727,-316357.1098999034,858270.8558271897,-515799.3636071825,-1442421.1491553045,-1239659.8617067577,184468.4813985069,-1659966.8104376846,-611016.2955922042,2297097.488349993,-379998.3003006407,-90520.01801009178,718752.325525109
566,37.931446244616616,71.54398469928603,21.187094383103943,-168771.3501315469,947649.049656414,-393823.8080295799,-1498783.3137838263,-1138889.7552111377,30657.09863949756,-1613198.1432222687,-337180.11206779524,2335432.146785351,-206458.3431517631,-24676.815292454266,885283.8493916175
567,36.93685666957613,69.6672953379294,27.062407291861586,329697.9565011317,1400863.3861053304,201647.88837324386,-1829366.9038400184,-1659333.7263256789,178740.68109944646,-1590610.6467704982,82057.60905934784,3440762.268690857,-162115.5083321645,-40984.7405647102,1041425.589166179
568,37.990525664485006,71.6553124347785,27.06201527861473,-461122.02675780636,1088462.0491238546,-503210.867280738,-2385924.786136838,-1509080.708659868,-49875.059049336785,-2650531.448575577,-445811.1307907329,3220471.734451621,-63924.76642177516,-10248.637334958536,1289021.2729843063
569,38.160594065038694,69.15678966846781,9.145874944511615,-502885.91353630624,447297.0348999951,-151620.0945835706,-722257.8545014779,-501014.6932363879,458774.1721317565,-942686.3604346269,-433238.27526549186,1168715.6624802365,-515726.7553436194,55510.78314860006,646815.0721114157
570,39.11928022789703,70.91186575940816,9.145662948550722,-554174.6716900225,594363.1437031176,-1539117.0431565624,-553999.4670704427,-279450.2535815762,232634.70380825343,-1603564.979400955,-763346.2097256574,867982.6179831456,-1460709.2498383122,126.99289555879527,37308.62635664772
571,38.161175714315945,69.15756355633546,15.104184208889654,-540628.3826081885,689465.7087060283,-647338.9787375673,-1092799.0688076003,-1203282.4051050292,315667.7740988188,-1502093.0335011971,-896470.6367485181,1900062.017609987,-503588.132737439,-135021.7440798854,477090.35031621315
572,39.11979833473039,70.91267026412461,15.103830584803186,-351532.86101487145,822457.3243205909,-807932.0628301874,-1031139.4499191754,-930072.6637435207,93943.39632217729,-1398398.6915166243,-654249.4672441218,1715640.5592362783,-569436.0698865046,11229.588127668261,512634.00874054455
573,38.16182080997811,69.15847363663484,21.062445433154412,-327911.48193888756,901991.7308598135,-522755.6579943811,-1419191.0393065256,-1319186.1574749283,187884.12396297374,-1687314.8390345545,-616485.6452661275,2355125.0752272285,-390331.08031051396,-90490.25080301537,693639.4987357277
574,39.120395358494996,70.91360122598995,21.06207839667705,-116690.99782793206,906502.2618161092,-385102.6156792264,-1401615.0802596733,-1087669.832998169,36267.913071117735,-1501788.8814717873,-313373.24362296995,2219870.773403708,-195429.50057703556,-27566.97028136459,918970.6739871785
575,38.102516478012866,69.04967632997273,27.02073298342473,352610.6238037108,1456409.8527092221,217599.16224723577,-1803066.9675757363,-1754957.136417004,182829.67698444615,-1602363.3025731868,101425.50275404651,3527557.4385793083,-163792.79296139604,-39762.47627544824,1032297.8121038198
576,39.180878401024714,71.02420760236402,27.02033101020025,-413802.6377760981,1017946.6287749865,-514813.9739376869,-2254409.7715015817,-1446250.4706936663,-35272.94474818509,-2510367.663115869,-452552.0296554333,3052249.709832504,-64518.35176660815,-9104.8657762113,1331916.492586082
577,39.30036683007409,68.51553152253949,8.854210412205491,-527062.6909050848,473584.00824997487,-156423.58914791804,-674300.238627742,-515110.7769725647,439706.4069770365,-917277.4751732119,-440566.993527054,1147942.196897238,-529572.5729846004,54795.41934938802,630882.7820185276
578,40.30263148360251,70.24609170520122,8.85398911718229,-577646.1220655779,615972.5566751662,-1580465.9857712127,-503964.14018877904,-299679.352333277,241912.39278287796,-1652003.429564292,-745204.9075627628,855068.7859654307,-1510820.6594927493,-16414.68559379215,46515.31457066867
579,39.30098112093358,68.51634430353754,14.89585082553657,-587390.3952976221,718102.6254083854,-675653.7573900818,-1021584.0347212575,-1256906.8809945942,280433.92613457295,-1542297.270114459,-887927.8435440339,1885283.586379174,-522144.3108774269,-135171.2908570496,433633.36129945714
580,40.303186565343715,70.24693440868333,14.895484640877266,-376581.9351909315,859470.6206433469,-809570.1826512755,-984096.991227494,-980538.0386856535,74689.25987275511,-1424448.2173655983,-629095.7166357562,1726862.4368024943,-567359.1489226314,16233.0106771129,526165.9976821453
581,39.30166086025912,68.51728822200876,20.937441928701265,-384405.141625317,923593.5558549752,-543225.9134366554,-1344127.9362462242,-1372832.3309880039,149938.06875764154,-1718747.148722147,-608820.5220164267,2323530.1715315776,-404395.1296507564,-91539.46831542219,662331.4599410414
582,40.30381986277432,70.24789952412817,20.93706513429087,-147478.52204396913,937835.9579884534,-384406.9083519967,-1361844.9323635835,-1137168.3196552475,8606.134983640655,-1525141.117382412,-290268.0403830132,2221359.685357913,-185468.46895989092,-28419.9763470487,953366.5960030173
583,39.23966431410911,68.41005030761913,26.979061391378675,304412.5800718554,1470226.4749595064,210672.15146410154,-1697923.1021327025,-1805152.1274742994,137113.9269573174,-1606407.232749498,124260.37760961331,3467458.061635347,-170135.47910177018,-39663.30544366231,1010956.3896467553
584,40.36705989637607,70.3570008712901,26.978649706995515,-476414.0901857566,1030845.4825287822,-532620.2759376445,-2195144.93262259,-1495102.033600476,-60790.94628222184,-2531870.7399458284,-457756.4325229096,3011438.2888741177,-63833.209560179115,-6693.162676707922,1375358.7740546553
585,40.43476514223926,67.83923186398019,8.562546541393873,-524358.2123665219,445338.50329121196,-147651.81256704978,-601301.2912329037,-466209.67329790484,443304.2558149073,-889277.8045797546,-388282.5550987697,1050888.8380361649,-535949.825633156,42460.07452557823,616026.8725861205
586,41.45866877784469,69.55725957212663,8.56231728726494,-581575.3388638615,634878.7301953228,-1603888.0897205286,-472865.9697734815,-342661.57482316816,271911.08908959135,-1694556.1606139233,-722301.0716025047,866272.5338273603,-1539205.511574294,-26676.34916729911,53018.99871521359
587,40.4354112232021,67.84007993615072,14.687519866388808,-575497.9749198755,667030.3922725588,-692621.2360692349,-904986.6829804615,-1191121.1177310932,286457.40627772844,-1458197.6633026276,-875640.7216918977,1732749.5662779743,-538677.8904537116,-133940.6073674595,384725.7949935959
588,41.4592602671749,69.55813574466438,14.687142257707398,-370421.0231872377,890400.7011662042,-809013.1965754789,-950985.6881582158,-1052625.5468320402,95326.946656428,-1445053.4734229862,-620138.5905088241,1776158.5453352993,-568698.0481863809,20661.408260022392,533241.344602604
589,40.436126475155454,67.8410570449521,20.812440932627158,-355736.2498322501,856159.2147206187,-559061.2871499087,-1202775.2071481573,-1308169.364797823,155004.1874037201,-1606711.751656717,-596423.2896350853,2144496.719030263,-421438.13340249064,-93426.96610403364,621303.863670703
590,41.45993088089094,69.55913356262148,20.81205492834298,-128036.71506916685,970253.4015823368,-375552.02424528217,-1338836.2843876379,-1208631.57283316,19676.923485286094,-1531667.4196671315,-278228.54576111434,2276560.627696133,-177446.23236674358,-27597.882837385358,983888.7020254282
591,40.37281000194743,67.73462891074179,26.937391897577406,369983.736827143,1375941.4312936545,206049.43589641887,-1509659.8267608448,-1725611.9160698878,141138.02223303367,-1449641.2540758029,161479.73031134854,3240136.1277816696,-179188.12171370347,-41093.133547665166,977590.5568069508
592,41.52455745904952,69.66747801677768,26.936971198223247,-465154.2531528039,1056068.4352209498,-532611.4939979222,-2171127.59062265,-1585882.6601558407,-41772.170773674676,-2539735.8742866004,-468930.23837015784,3066968.800726981,-62662.61833513618,-2413.20746515449,1417004.5441554103
593,41.56405289366971,67.16656191807144,8.270879967955294,-531770.5907178808,479766.33628469554,-154383.4094324448,-562477.8660450045,-507811.23233229015,443638.9341626792,-869041.9616887203,-411686.5952620544,1074340.8930851445,-544783.728210028,35208.19766979911,589934.4039803336
594,42.6198088185242,68.86478859774543,8.270644051572464,-565475.2513848157,583694.6757620741,-1635561.8910405822,-397731.20610243856,-279709.6364335846,292419.22060029727,-1724171.036925815,-654019.6993421972,760848.2696046886,-1572350.920717162,-27054.714450117626,55346.7948204743
595,41.564728676941364,67.16744161813884,14.479184888911469,-574040.0060819597,704837.4503628924,-703260.9209658632,-855032.1692725292,-1274678.0178314787,290071.14036476193,-1506408.6865332434,-855061.8834354795,1789007.093283793,-544294.061355038,-129985.03418134344,354649.266511514
596,42.6204349510021,68.8656943774949,14.478796886445163,-326452.4155466423,826763.3417601655,-809666.1916891614,-832619.7414874642,-944238.4437795238,111926.54633757923,-1320948.141830837,-585955.1192997058,1597547.9956549052,-575067.9864404559,23714.23704913713,541127.7458550974
597,41.56547886491741,67.16845069154328,20.6874362088979,-348279.9735616928,890878.0082364907,-564677.6298267178,-1154270.8077552468,-1398982.8312414829,159928.3867264869,-1638419.3333066076,-583460.5958987324,2199800.3340534195,-428773.3107947424,-94120.99952544087,609446.5463279572
598,42.621143050302415,68.8667233278944,20.687041312742444,-55014.01658244594,897453.1379131032,-367380.86345011304,-1197562.0148537746,-1096297.0381374236,26468.405282372863,-1359966.1602866384,-240869.6826722525,2075894.1008394356,-170497.17436622834,-29479.577575396128,1009333.753543376
599,41.50020420446273,67.0632861884572,26.89571872666293,409408.4250752173,1416708.68780722,219365.8556781864,-1453255.0556272555,-1840941.0331845758,144793.2742040915,-1477216.0176254848,199317.5823837924,3323381.403802314,-180367.0000449532,-39565.50452750053,980504.7737593385
600,42.68779498762261,68.97385567992147,26.895289423272818,-389940.2734860544,941323.2566382247,-542960.5430578178,-1982421.0673815797,-1455349.8612710857,-27404.73161325297,-2324904.9369553933,-461699.4166204909,2795026.793670237,-63151.42768623124,-390.1385442164249,1456074.7263014505
601,42.93548193560982,66.27760487755744,7.979216344251527,-377377.04909261584,124257.9614431941,-97412.72830743031,-217860.40404722266,245827.27866387815,425921.1633611843,-797830.6056561656,155176.67467238344,292122.1150269301,-539537.883837833,27523.85313797496,560972.1678373052
602,44.04390000370589,67.9421727389396,7.978972470241085,-400426.0366200668,133106.94828883512,-1632295.6302014168,-127224.96137099515,386233.7854552631,274026.02333821636,-1776150.6609990196,-345475.41293734865,222011.35540371953,-1592674.9246230111,-38826.831792090794,57250.94828372588
603,42.936192408067136,66.27851717976287,14.270854435076595,-275043.6978092693,136310.55943473682,-666329.6995343361,-277735.36607263685,-39541.74436904217,262650.5623662284,-807710.5808095753,-299671.6328596272,302319.3757603337,-551194.5915373031,-125608.44102537315,303128.9995914404
604,44.04456755643985,67.94310874480409,14.27045444095402,45806.40092783354,325806.8182316237,-750731.7744482242,-346810.9826609733,140944.93586514116,82049.38229538925,-790276.2503278635,-152566.02328126534,563723.7183203617,-580672.4237423344,26638.614428552242,539276.6909991896
605,42.93698370618762,66.27955948841287,20.56243631766693,107842.2230534798,224028.76949229583,-559095.4516851113,-382117.73336266406,-149261.726153138,128510.70282436397,-592964.6952798718,-220572.8892328709,586313.1253734074,-441642.907045473,-95087.18939334946,580337.796953787
606,44.04532094315779,67.94416974504072,20.562031010689473,512169.97574795445,394084.1898391119,-301249.6938044395,-538742.398211261,3563.9433254938067,-10545.482454618885,-301420.8884360586,-88750.58109569788,995175.9413143831,-167175.410981615,-30886.20809254962,1026130.6008867992
607,42.86845614944945,66.1765260063092,26.854050341027527,921202.8138955549,601313.9412734874,179115.2789916633,-454793.132350843,-465994.4177632372,96998.58967521237,-151810.4606458709,497537.6964800145,1355904.7983265615,-188950.43523029017,-39285.45639252714,956103.461548976
608,44.11530618572685,68.0492248462279,26.85361087138509,205990.50216359622,333087.40136114316,-532968.1483385807,-1144479.3895644522,-265562.7895263232,-69449.82768019267,-996124.848142794,-424434.54229008383,1426669.1456190362,-64482.4770605059,986.5930898972939,1487429.428796599
609,44.57537606792786,65.15553084975858,7.687553511530229,-411623.78848999215,113556.44180032988,-82245.68361110958,-185593.47571361638,290712.91018782766,409105.5740650662,-799930.2633472227,79773.17123768857,339844.0618087622,-533413.8952123414,1588.0801105354403,542186.2998504501
610,45.70461317471506,66.80623538790813,7.687301746598033,-421256.92745056516,147183.23128472682,-1642464.561434687,-126864.46115054168,370693.7985964956,301417.75390913023,-1791247.2563843662,-353434.75372194155,228143.75250578194,-1600923.7802842464,-40590.7211468288,59011.45319824625
611,44.5761248419415,65.15647484748108,14.062526149832934,-314929.9684229054,128766.96729673713,-677400.3076769308,-239664.2380535872,29726.787819579153,245836.0610097723,-822007.4713923185,-281151.9405466231,239596.10313584234,-558690.5288106955,-119429.9138859728,237144.53129269587
612,45.70532648080847,66.80719892551268,14.062113949436382,15782.611449140939,363911.7958614181,-753746.2426420653,-360233.29161630815,129072.6298600872,99794.48642090749,-796060.9344119906,-170327.8831962609,592336.9822767456,-582649.7310291411,32580.900295874293,550983.8014009902
613,44.57696307258508,65.15755047575806,20.43743847075327,84973.73944949122,218282.5522114955,-575159.5150797693,-341345.52599260333,-88077.06306620616,114715.54782459758,-595939.1089994196,-193580.99963514687,517616.88521578413,-456725.8009930476,-96435.51946468496,533522.2779369216
614,45.70613135272491,66.80829073470957,20.437022192075016,491187.8310655911,445141.774747445,-297309.86242695205,-566834.5854090254,-6461.3467471623735,-7451.731821991963,-297796.0638852403,-98651.55723057508,1035467.3645018997,-161434.64761709498,-26295.933685737728,1057096.3392100434
615,44.50717859624637,65.05541115392664,26.81238368360581,958749.3180503172,584737.1007492829,182384.75646260008,-370749.7353471903,-404076.80229293543,85821.23880276308,-84388.64160566985,541167.2640519028,1269092.5528159672,-198971.1202303194,-39840.69526602662,916744.1492142822
616,45.77746575944946,66.91250500548715,26.811933365788306,187412.40257707454,372237.38707038446,-536259.9149962631,-1156679.2137438578,-294615.1930366739,-53832.2687134216,-1006074.857489111,-427175.00687910995,1456639.739019417,-60024.53373381666,9751.768977113132,1537873.5121825282
617,46.21290681022823,64.03553932000612,7.395884812836131,-457213.75934562343,126750.04792164353,-106507.29885660802,-169974.47883062268,297249.3992853939,395168.13839262316,-815357.7006690912,36108.15619678555,342278.5341917174,-543654.7064392159,-17296.675452258223,504579.7905387645
618,47.367669229957414,65.66819084223584,7.395628507976221,-427420.21577332966,148239.38091572654,-1677539.4321945282,-121059.54487702699,397165.3871039169,319172.1970118252,-1840698.9956764244,-351635.85600510315,235614.58462939653,-1632779.7332268488,-31433.452534528227,52265.32702553101
619,46.21368892959299,64.0365068874024,13.854188256288033,-355417.76251620956,156486.98821503724,-686072.0046733234,-237829.45182868303,37055.28106541839,231464.70681228917,-827050.3191468942,-310789.1020572108,252836.6422296093,-560888.0971684641,-105827.23798227383,206213.89306805457
620,47.36842253693171,65.66917359373323,13.853766652328716,1563.3397602718323,371893.7397842235,-766283.1066949039,-347839.56184099265,193846.1880852987,112615.36437594185,-835879.4858795232,-146682.68807929647,589736.1468084112,-601892.0327490196,31803.015418508563,548017.9668022079
621,46.214571677957835,64.0376109376452,20.312431404965313,50166.11105882804,248855.5419863768,-583405.9384290463,-351713.36710516317,-89695.28559024299,100814.7824350222,-600898.3599024536,-214208.4673734753,530722.5418920877,-457031.29193915427,-98586.35446461503,532599.8180029959
622,47.36927645913327,65.67029089019593,20.312005454101882,494745.7400793758,462571.84216907783,-289059.9936571658,-557131.6879429633,61680.46660401481,-9704.635834560007,-297354.228389404,-72292.21976929864,1037904.0367499905,-160269.26438336808,-31541.385628276603,1064523.3412672644
623,46.14323512735382,63.93662445306585,26.770708280112927,974616.284068497,609779.0170558533,188481.2254922245,-354820.76958851406,-419550.8756623329,73578.28380523087,-86607.21690519327,586550.3973318931,1272933.3461898747,-197258.19563547117,-40519.246977711184,936094.031149016
624,47.442253293796114,65.77339902555892,26.770248423442997,201753.41059158958,366796.25302668224,-536924.3234769858,-1112299.300407024,-231025.60848488825,-41833.438887718476,-924246.5990994447,-454029.562237451,1409901.5014781822,-65000.557952057454,8355.317718316715,1555472.504528436
625,47.66409680099382,62.974819663647416,7.250051611248298,-118887.95616832153,-96363.60644552155,77318.43305305662,-134367.82726001454,-49542.7771311389,370619.8990565887,-423050.4352574736,-107958.25254304784,393075.5582397351,-544546.5241974698,-24377.044679702634,473175.7774102106
626,48.87423585292946,64.5667247437959,7.249790564043724,-111957.46981039131,-16546.854661739897,-1511632.5650906374,-58827.65033007579,93861.49044982197,289624.3951255772,-1576072.295199866,-77260.57171949802,13195.977356595833,-1654206.9244879032,-27038.789276593103,50076.24659766741
627,47.664905910237586,62.975801787536625,13.750020370765537,-87426.78377680188,-1805.0780785408278,-475059.8650451037,-243956.8655229047,-536254.3599936911,200827.28260067268,-826447.7417164787,-250222.6580347983,512378.67285083083,-564945.6045684868,-92201.7008410792,166765.13638373377
628,48.87502207801201,64.56771873024518,13.749590871938643,208297.6671998556,228260.3877132688,-577785.8964452478,-339729.2174839055,-324246.6494652954,109782.74910548025,-692140.6944171647,-87671.7906457528,638584.6435307945,-610572.6055961159,35427.81714528658,554929.086162311
629,47.66582316088204,62.97692167867276,20.249928632890107,84366.20123903402,211714.23145509057,-472128.1724240938,-432070.7044655566,-674912.7554466615,78135.5574540178,-915373.8207536839,-110039.88686493885,849365.9678886533,-459500.15136594314,-99835.10589403812,520050.6489678689
630,48.875915291199746,64.56884933721918,20.249494922283024,448834.43744145014,413842.7289366501,-196308.13422171434,-632971.4002463522,-471279.69041157956,932.402065102651,-570773.9521294993,86722.27814002016,1150420.7061458651,-156850.27347460983,-30835.58709019078,1081052.2267055246
631,47.591059329795726,62.8784948576931,26.749871316277595,823186.0196116176,701822.0841276752,218464.58608454664,-480538.28247641365,-1050128.773344776,40971.74384804847,-667796.1254871456,688146.121982749,1723122.6933282358,-199922.2941427528,-41020.40160632192,935599.6223227102
632,48.95239122410159,64.66942195374119,26.749403644046158,-80336.66167311298,423300.3502657551,-546208.3713363914,-1237573.8611489758,-802429.489037847,-37346.86549666356,-1457165.6927628976,-354936.5911495021,1608857.6011686502,-64003.9509464104,11148.036193146925,1580397.3583303504
633,48.95663024363719,61.953004587734945,7.250054217285195,-108081.56053837574,-104169.04251202475,90944.75352871013,-98404.99913106205,30056.989685815024,362209.95690565195,-414367.3637596635,-76770.56660853174,369832.0808465048,-542856.2988673429,-25382.029943364203,477816.74368993164
634,50.19663202033555,63.522208176905345,7.249788154417706,-114262.60816373662,-26674.94036506029,-1521889.1545816637,-31776.12116529337,69276.6180441782,308807.0339526227,-1590189.2019913443,-57717.41047087141,-14920.090648244752,-1669095.438429559,-45212.858434614565,51629.62665677491
635,48.957460854767334,61.95399445057971,13.750023830212465,-64052.58159225328,-31438.743671312535,-480181.67785873055,-186915.8868558663,-415012.9509652066,188419.7461964941,-734864.777024626,-210506.6109546445,369698.3848569745,-565492.9792399309,-85085.7006481169,133738.4661303601
636,50.197445096737965,63.52320633028308,13.74958786077655,218574.60303051423,227875.19649876305,-574542.6634507068,-313752.569122052,-356917.2232076237,119372.44753158194,-710323.966052735,-52326.79465349557,634557.8967848015,-608589.9944302987,38478.93338220185,558738.8098907269
637,48.958403065939564,61.95511875258261,20.249931338795882,125976.51435737492,172251.66356970678,-475990.21933802054,-359824.9025147754,-556260.3452577312,70327.995546788,-812219.8497225533,-69312.86939383147,703770.6777054459,-463624.5435383024,-99166.92674775262,496727.80696386
638,50.19836735349192,63.52433875218308,20.249491986099443,458313.90804676805,416826.2155355674,-194312.3381449526,-603683.8049740669,-499379.72351012216,4574.963042767888,-577969.6729123238,118082.33813225436,1140715.1202174523,-155388.1878442757,-28473.876081477294,1088240.4177669352
639,48.881797099335884,61.85811295841364,26.749873736245117,905976.527399162,633957.6731046888,222618.35137714958,-361489.38882215635,-917437.1686127787,37590.247020603296,-539591.8254590811,777763.9037341634,1524380.4736059182,-205275.10525348975,-42096.46592855738,911724.2908618248
640,50.27673779096321,63.6234925609386,26.749400181610316,-78134.78588132176,408689.665725131,-553899.0021661024,-1180456.5007966391,-853362.2104928094,-19005.299366461808,-1450524.8405594402,-352603.06082843436,1579783.7790655817,-61566.828001534064,13582.045593855297,1594645.2117804089
641,50.240184236696585,60.939961694260184,7.250052120022661,-99534.76747095506,-116288.68374039848,72470.73398703057,-81656.90287050782,28472.578225833066,355269.3175654604,-402514.87592590606,-94551.85954310019,353714.01824468334,-557219.7380269378,-11283.974286747527,472805.43049681745
642,51.527991776173906,62.46889957217698,7.249783545800958,-100739.90505998406,-51485.42702383018,-1560603.0301094875,-12192.324130363178,175587.6321686871,321725.7650888354,-1647407.822775172,-56823.665831623664,-8596.87358650586,-1705962.4096930171,-47083.12393750967,54929.50488487198
643,50.241032758763225,60.94095484789009,13.750019854157111,-47936.53656568153,-43399.36394142077,-481854.14028005104,-164288.2765352918,-436976.5448730902,175759.94704075772,-757629.5622250952,-175188.82353161243,359628.3449695541,-559601.5329973067,-77597.72854720315,146951.08972959375
644,51.52882826513969,62.46989668299331,13.749579382215574,251282.9364538525,215573.40939306878,-575708.8447176846,-281211.5521614554,-180392.1253079661,122725.1532465055,-619621.4880799135,-44655.37989569401,555424.3691048444,-613199.1978923831,39783.76679119054,562081.0649669874
645,50.241997368282014,60.9420804131486,20.249927150795685,145244.62924361616,155321.37574420578,-475344.340990816,-332548.47604353924,-585317.1807188608,61983.49921232236,-839974.2542949105,-26864.63427726406,692060.5525691807,-454316.8682852692,-101921.29019258269,523789.7350755655
646,51.529777105029034,62.471027363420184,20.249483296859644,513586.29949595686,408337.08886414766,-182014.28793965414,-559843.0402866844,-319059.75819657266,3139.340155930297,-398896.44859417353,76174.49101127218,1062631.0580033518,-151786.2845009584,-30651.31643077166,1093743.0950197764
647,50.162425955342336,60.847590931464836,26.749869650644236,953788.3327368352,600029.606137107,226278.45583474555,-304326.22828851803,-969215.4310189252,33464.903745234435,-592549.7134198915,853655.411467009,1518990.6966615706,-197793.79881894458,-42914.64382140896,954502.0845954828
648,51.61116188566044,62.567661685885795,26.749391525739778,-7998.981410904176,371694.7362550317,-549889.3486669784,-1093494.9731172211,-657590.1348780986,-5245.228883903886,-1237938.2936377565,-371733.26757912367,1423477.9673940288,-62000.73792571325,13402.936677861057,1608030.626745657
649,52.062952424755586,59.30365215083669,7.395890937696596,237084.17565435602,-128625.67931650544,281545.60176653694,-62357.63431441348,954668.227167572,350919.3460685173,-961766.5554310821,234165.32919843923,1117605.3243370305,-543249.997629557,23491.43866688185,521333.26319469954
650,53.421497731913256,60.77109241365746,7.395619350740348,253497.7084500783,-218817.18499550998,-1408993.7871738093,-41591.6355293202,973921.7850208428,326103.1848481012,-1996642.9266684582,187939.32898164634,434390.3339675717,-1706989.9985653805,-89857.82170568814,62276.75852538155
651,52.063818668324444,59.304638570252,13.85419744196694,421030.13056944817,-65921.70880990493,-262587.90481426247,-167300.4077152877,1044321.7759140865,188323.75774944626,-1251138.3047993353,458951.1011057626,884707.7206388531,-542831.1681353014,-70903.14871596674,164015.16118793815
652,53.42236030424766,60.772076177487044,13.85375260147231,812064.1890788452,197184.07411833684,-340998.44784916914,-333745.2902102173,1085290.367367987,155962.25382296072,-1242880.0413873717,767441.3845361066,1143688.4721992782,-612166.2577123223,37643.15367316981,524090.75013414974
653,52.064805356927536,59.30575118391562,20.312439413445844,701344.2261815565,202542.01862914115,-284790.64202917356,-368147.42099280155,894961.7813968952,91699.71654584042,-1020567.3275512302,576928.5281772487,1062734.4021555055,-449507.87449620565,-98471.73233625613,536555.1701176116
654,53.42333782624647,60.77318905280822,20.311991412419168,1207409.8712460492,554508.4189010733,55861.7909353633,-656080.3797090922,946134.696543311,53885.018414543505,-778228.1268012054,823555.8738046966,1772452.334078995,-158906.92729406725,-33643.61757857757,1061918.500933886
655,51.98083534775341,59.21509147867311,26.770715449875755,1561211.3799484046,699610.4626824672,394841.94192017993,-302164.75013376283,654067.6429297441,44268.933350645966,-153781.35604698153,1126575.3616000742,1682869.7789979584,-198379.82880893897,-40731.449305087524,956110.8877337386
656,53.509173293323876,60.86596067291564,26.77023285090018,725547.1354676271,610238.344561668,-337211.22106909106,-1174790.679903606,699581.9502559628,34986.55667056458,-992599.2591059936,50487.34003219907,1940686.1780339987,-67051.44306341809,6898.295927536398,1581176.245728958
657,54.460290968081274,57.01332603951699,7.687565717951975,164216.80730425136,-61825.36291024607,341793.53674742405,-157547.54295517036,1002135.9715952693,290006.63805110066,-965485.4813342066,231407.35713901147,1178263.105336625,-518089.2305905868,45797.10097981733,579181.5814297742
658,55.8417801934902,58.459523982022986,7.687293119893281,158307.52847295965,-183253.36386683353,-1378029.4120971009,-112577.47587344966,959726.8365670604,334696.6462267756,-1967867.496893449,189989.9586271532,374902.2907753212,-1673316.0678721305,-102576.54259984108,68452.09207017692
659,54.46116606882948,57.014287354065424,14.062546631510902,204949.44342182702,40828.66753091898,-275696.78110193386,-326496.3946818612,1110878.3873306692,94815.96482140693,-1294465.5833750046,217676.73456141615,1046870.1786644007,-531019.0043812809,-77806.26126846894,175837.90000264533
660,55.84266281031026,58.460472739888196,14.062100581232595,590464.8137619242,300951.6675804566,-356035.53360842005,-484944.3070086044,1080818.338265649,126823.6773409312,-1242400.769192995,514047.33869671385,1263734.3782302418,-602572.4800545257,43742.95027660116,520899.27387679537
661,54.4621682786046,57.015367021228975,20.437457709200626,393311.73820709647,335850.31329314713,-327213.2627104721,-567967.8809890732,963958.1250065082,326.84021373885787,-1093701.8374461324,217026.50783347047,1278624.1184024336,-454294.22948555095,-97903.56818178092,521064.7347560778
662,55.84366459243199,58.461545014744125,20.4370080623813,908644.9191108444,709041.1371827765,20595.31079831111,-866117.4738897049,955228.9352821455,7303.509426082137,-819525.0939405473,535317.7319005039,1922488.7291319761,-158321.62640205558,-22729.76491615387,1075732.5604058225
663,54.37678177359394,56.9260029914064,26.81240112046117,1283289.3020129858,855423.2950988035,370733.3350349688,-479521.1184015969,729479.6286855382,-30671.326889449527,-202922.4841635258,954675.5354008143,1757692.880909469,-205287.81197331744,-40947.21338952792,926180.4371230176
664,55.9309606546695,58.552948562346096,26.811916417102736,418737.0796439002,793059.5169384278,-369816.3565242899,-1363709.8840933659,692673.1917886789,19027.210617867167,-1107819.9467438343,-141488.84529370672,2091289.0320955794,-54770.590635787084,16313.726234684244,1611412.2172224862
665,56.8601466124541,54.721108170284396,7.979225150555658,90644.10412748804,3370.169935716709,287858.74730276817,-248905.0673205959,1002611.5674328359,223583.71986584694,-972320.9386746477,195896.1609640195,1158297.7990766007,-518636.385631154,62747.15876147391,557045.8967943935
666,58.259507378340516,56.14980244856133,7.9789588939037195,64852.61840487572,-133059.75630127438,-1434201.8031397625,-193160.2037212264,925128.1659256796,324095.92888763145,-1983857.613338107,131911.54144283346,349537.1308591126,-1701983.2777906875,-104493.68920116652,55813.83072394466
667,56.86101221310574,54.72202352892728,14.270868509979703,65506.83254615011,181346.89799164404,-285479.52766467276,-498670.9159439171,1137268.4738705477,1668.36885901485,-1290437.6868507403,11886.168710119295,1239925.7210137423,-526440.4561290328,-80758.7736650378,263387.3013927024
668,58.26038921804009,56.15069583930177,14.270429235330354,347060.77203704487,378505.0387868621,-422353.69039228605,-609067.5351661826,1079170.695913809,95134.84545433974,-1289663.698820536,248949.40559533448,1343926.413656823,-637405.6682232488,36526.39237721761,481427.7051483725
669,56.862014702616435,54.72305523463728,20.56244777253621,174720.1421435438,514350.3240915692,-334013.7128435188,-793039.9804322687,997029.8441730416,-96640.08586722425,-1112981.411653935,-89082.77888118142,1557120.9439267106,-436308.67781702545,-95681.39097104722,600844.2071828458
670,58.26139949529383,56.15171151701794,20.562002193512413,560869.119167388,817545.342944803,-33109.68867819081,-1036506.8002543972,971665.8835445151,-41304.35904575306,-916668.9672281508,229354.9655391913,2032618.7751229587,-172635.24135120987,-31330.358892537697,1022631.4366396446
671,56.77551545808287,54.63474071678971,26.854059269555115,1073112.804293276,1061878.340212243,369756.2391966481,-698060.9606940723,764429.9126336972,-109369.73375418776,-202346.45008865898,690990.6370561802,2016103.1967346456,-190767.04214029823,-40419.17207243544,1009886.5611994786
672,58.34982562316007,56.241967731038514,26.85357867784208,40389.17652437574,914111.9777290546,-419135.0144702347,-1502852.0883092484,700757.2784633902,862.9842208590459,-1310401.0493406577,-320414.1976463859,2166181.386770239,-66092.67384442194,1115.8923113366582,1538816.1412917313
673,58.47420500277457,53.1013845121612,8.270885641672791,348474.60356126714,-960083.9992340743,250931.91040224198,-30765.29184561785,-306625.1384783488,217074.1809855262,-1033606.2132852705,117857.78188500117,555070.9461297041,-528841.2250902898,49761.75814989121,567271.0321067587
674,59.934120753668644,54.46694129386664,8.270625322875263,316718.29236901563,-746760.3726661307,-1417974.7589412162,119687.67860850955,-214035.5067633999,273159.2430885074,-1527879.845543297,-685643.3723021166,365506.37860708346,-1723876.7879165774,-87443.88094689955,54333.09054253243
675,58.47505715935749,53.10225995815077,14.479192132995152,468560.44051489723,-965378.7201035913,-268081.8879264972,19829.274488402112,-1046939.7882567374,-4891.397180741768,-1720276.8483240916,459685.36095143534,495691.3198574649,-529228.4040138593,-90030.04452055482,328329.5216025887
676,59.93499244418736,54.467789082617166,14.478760503978508,618096.9853971886,-562814.0906538885,-425760.7340694915,-33788.02087721281,-834579.0403671345,72731.92166642802,-1331981.6616629474,323330.0030853544,638173.8192514018,-652812.245538586,34599.63411217962,481114.6690990816
677,58.47604867717714,53.10324817936974,20.68743900837954,548734.7335934881,-698261.003179944,-389434.91291970457,21355.07515222435,-1237578.2543885768,-104571.8403178073,-1792233.1878022319,506479.6082265147,746792.3970695573,-427253.2488247953,-94579.7553833485,643550.9154352428
678,59.93599663712836,54.4687546193125,20.686999433107587,703772.0615703613,-277039.0865258186,-132495.36645469244,-198327.69772123767,-992300.4038208361,-44439.77683122795,-1215786.1343023176,647037.9450248618,862985.7978673063,-174923.62993321792,-27190.16943470793,1015174.5174833486
679,58.385756950089345,53.01883912313433,26.89571841498281,1290437.262753014,-361939.224479906,168425.6347382826,336226.2109760382,-1660744.9304142687,-126305.87612848508,-1788449.5074293625,1098082.022414726,1787291.1580260273,-181703.10953008942,-40678.704730323916,1057708.9684272283
680,60.02820523692975,54.55501704659914,26.89524389365958,-29292.35737738588,-376994.2269716985,-653889.7210909182,-449077.88750129676,-1399802.7500627043,-6514.268477023967,-1971353.347423758,-88250.09617324223,999427.1381569972,-61002.5552951571,2728.9798588878352,1524864.3320625443
681,59.332746883366816,52.12259973272518,8.562553807390287,348984.2290366998,-859367.747802652,263635.0176507972,-67229.61580701348,-121427.9873862015,223881.21374594257,-873922.2816672954,81027.79975063878,546145.9808015017,-529292.310035802,67509.92085037721,609517.4620508394
682,60.83535400774315,53.442514637763544,8.562295556371737,305446.27420866524,-838015.2359783798,-1426703.482028832,123572.3597093232,-217985.1320621226,281757.73010329285,-1549243.4466209288,-766789.7073451123,356760.710167494,-1723457.9661919307,-114046.99121830643,58621.789456221886
683,59.333588084368685,52.12345037683285,14.687528291083801,461799.99935456266,-867185.2922298489,-273872.59567696403,-28718.494170568225,-747836.807273453,-6862.538497004441,-1375471.7091873111,233520.74701632347,462693.07361873734,-530882.3944029119,-95085.09285788678,350342.7716467504
684,60.8362162273617,53.44333456945094,14.6871014987996,614389.2758121323,-654927.1963383111,-436357.22491735977,-29295.931197639904,-859270.9283132436,74955.76653342214,-1412210.33982998,302260.44537732337,633054.7490091181,-643509.4621560294,34356.80210827013,476594.9073724152
685,59.334563448971906,52.12440586091942,20.81244340859125,549447.1324699257,-594666.7648642048,-380182.14699390624,-33599.50138564223,-932770.213426962,-100602.45868600182,-1430619.8942151174,429211.94888246537,576006.1659444675,-427828.22966588417,-93731.54686461957,649056.7334069891
686,60.837206798485475,53.44426366990754,20.812008992097034,698022.9663673736,-376374.8050156967,-154330.6094121446,-167843.7964926548,-1014990.4283746589,-39253.9919238704,-1297866.4959165435,646835.4633912692,818348.5844648059,-179918.02074738967,-25873.07770919921,996975.052835692
687,59.241589442873604,52.04281795558084,26.937390762855195,1305878.6206374695,-251476.72838007304,190103.77807321455,277737.6290664765,-1308103.8350208744,-116892.59876083393,-1364356.4548074654,1036079.557720083,1572782.5674179934,-184359.54746627563,-42791.36839054166,1043877.8872932075
688,60.932072137207726,53.52763805238481,26.93692128801351,-37486.684077317506,-520705.60134773306,-683369.8153228315,-372489.4193381357,-1452590.7171901462,7723.347533718886,-2087852.4542105072,-86736.15558216578,933026.5090447908,-61218.83015989934,541.3769819053524,1494704.4221191583
689,60.20052408343706,51.135308318034994,8.85421876804537,359862.01704016957,-897163.0294225714,247046.4739478787,-91378.98308967077,-105490.32190438296,225988.28314417385,-910859.1253923472,71249.13898935464,549355.4479684691,-539754.8177342406,98070.49834636207,634244.6048099229
690,61.7273482522396,52.426588775156816,8.853963260063342,302474.0950893996,-826694.5429484902,-1440824.2757932341,104345.5511774366,-119348.95210039584,293161.061159408,-1515272.1407947587,-806196.3802963081,356423.79743874184,-1732177.8653859855,-128085.03401022969,57736.615055484646
691,60.20135166257233,51.13613240039181,14.89585934638486,467439.9550857646,-914740.6866806331,-282800.5882658202,-32605.887212237456,-733824.3893003125,-14375.651511412314,-1398391.3195147463,200057.64205506397,468232.35759899253,-526346.8519371026,-98071.29712620706,392851.65397679014
692,61.72819898595153,52.427378381808,14.895438599193865,610753.3184310223,-597349.0510076098,-433379.6134882553,-54085.50081228556,-703639.2663185138,79078.1429904174,-1223844.943337819,172438.1685279629,631431.4287450135,-633460.4404446733,34070.33936132621,478156.7659853394
693,60.20230869631681,51.13705337150757,20.937443040530056,560409.322559021,-652008.7553503815,-384183.6090639491,-23280.16408158469,-919148.3271383314,-102847.43015296358,-1450535.2518226255,388497.3065492583,586254.9034180571,-418371.38411243644,-90772.62898268002,688020.6139518252
694,61.729173233486975,52.42826983424751,20.93701477181187,690277.1270944916,-314255.83966388286,-151270.70633557424,-187093.34961906422,-852793.0735518625,-30838.87330156653,-1103615.8523861705,553962.0779727886,774404.3555084161,-182432.56640984755,-26590.0888385634,980216.8868242472
695,60.10780516722812,51.05722233864025,26.979058595834385,1314668.7840584884,-354973.8583288318,173366.59011568179,314877.5993433428,-1307757.2237427922,-112845.91131559832,-1435883.1297307704,995387.6593923925,1573556.9861837162,-176310.05495862855,-40050.219279164,1077098.4287505627
696,61.82553855025153,52.50981828656409,26.978595238018467,-34401.90188756114,-455002.95200183894,-671230.8590650053,-376905.1564276035,-1271298.9948924936,24103.487135880812,-1870226.1421733962,-107230.84025841925,816821.2694774094,-61726.69557291399,-1402.9991370841426,1473105.8095264893
697,61.23220522396321,49.86774910837017,9.145885681340188,287682.40110727504,-308198.3273143569,289638.1243636254,-201089.60115725046,497479.76724736847,195195.15066399804,-666992.5166521745,344259.52674076153,591855.1880679567,-537119.1094956857,114167.847004017,661917.2400360664
698,62.79878452795001,51.110812391513164,9.145636562827905,204156.44095731902,-430121.9465024102,-1407877.0976775947,-32725.53969724535,369483.144446316,305654.8760848132,-1582336.8614830296,-313601.4560618475,262095.7143221928,-1692582.4915263574,-126190.84072872494,54053.97856421474
699,61.23300976075229,49.86853764645034,15.104195926434755,332926.90288221906,-176503.58931289203,-235049.93493317842,-264443.55781850853,252910.13984080713,-37527.76413680546,-490277.7053369995,-61332.005324703336,472983.0892978513,-523491.0970321926,-95275.43227215091,428436.65988079476
700,62.799615104712615,51.11156109470835,15.103785273412832,462728.1641920889,4001.7832795433915,-409815.68060320034,-276475.74802516645,134364.578242059,89837.45888796737,-482060.9842921793,-54224.59485558775,593199.846016199,-627178.5942856236,33423.6688452941,464423.9524772934
701,61.23394318425164,49.86941732774172,21.062449044161472,414590.72312486236,154746.80208842523,-296746.73646048765,-380923.35481213074,88463.93167293973,-116589.58464156948,-318120.94602379523,-117719.64286847872,708431.3776450739,-414456.03587526834,-89017.96204670737,709666.7073485272
702,62.80056787577647,51.112407295347474,21.0620297883394,543654.0032207042,394394.30319709505,-85263.75323399837,-509513.67850526405,13314.88065297015,-18782.732692935533,-85876.6038285527,-45804.26095681359,984465.4179691669,-188099.0184637181,-26516.03157109973,956501.619052303
703,61.13693496256511,49.792561197133665,27.020732498174112,1247409.5689126707,595777.2474458358,331510.96314756596,-152259.21588777265,-182214.58388584905,-133680.17771582206,204205.18657416952,680065.0233775685,1290427.5695543345,-173506.86198042802,-39319.01779433833,1085151.6592747201
704,62.89940072747525,51.19089867647264,27.020278221036087,-92917.40130986969,388087.06347237556,-526976.6765251975,-774047.4202360931,-321662.46081664326,31832.90882151237,-788446.4256237668,-452309.17069879215,1008948.5819598669,-63509.0502658031,-4220.585865383584,1438204.6255107976
705,62.447666363856754,48.295815478888755,9.437553800329916,274913.7586507139,-274763.6912149846,311130.77515489433,-217499.9700835593,527062.7446740286,164104.37677619667,-662998.362612966,349732.45785663207,624546.7473469576,-510994.16381258157,112134.85304915719,674076.0940356678
706,64.02978575850716,49.51929295717999,9.437314759483565,217254.97182013764,-413317.608661509,-1342743.0639286912,-53755.43556075937,351878.5965746163,291464.02164121665,-1510794.478856397,-298097.8244203181,270086.6025066529,-1612944.1944247973,-102506.58852697021,48129.585532607234
707,62.44843689316074,48.29655741983723,15.31253515648865,301451.87758628884,-110178.9809579462,-217862.32735280084,-291306.91941586265,327855.18231072184,-53151.922022261315,-526170.9692024112,-14006.148639000432,513587.6871169532,-513408.9145586224,-100025.45988965356,463477.2626297558
708,64.03058565750128,49.519990528349844,15.312138597333782,436601.73022320925,18835.57121247999,-413713.55012707843,-276137.79714716267,140625.439938907,88212.92598578402,-487854.962126744,-44664.77200456626,574243.4854399209,-625451.314717138,30758.41021069949,450434.2638504748
709,62.44933989497855,48.29738794566726,21.18745879994953,371718.6055731872,222454.76756198244,-289820.847413499,-407787.5574263695,168099.96631073384,-130043.68194134357,-340204.37484469207,-108482.76721154334,753039.6677779059,-414728.2088003458,-89173.70340308902,720644.400234541
710,64.03151101014709,49.52078349262587,21.187051408223535,514078.04229522834,418725.1829046849,-92422.30532086232,-502984.5341434326,21892.3470519314,-18257.365730322814,-93450.62072119239,-38557.917920674176,972389.4585209175,-193381.59816647792,-22405.15802898441,940555.5180147379
711,62.35133479832512,48.221709956458646,27.062410361343687,1198406.7882181709,658724.2767400552,330762.6385611199,-175393.92361708393,-91792.82562986348,-139954.71098552272,270304.8711113342,654315.5316656516,1263273.3007423603,-175989.43081413227,-39900.034008508665,1077664.9904293148
712,64.13129307739561,49.59800018028149,27.061968220138255,-113482.69656503887,402245.58924052573,-522067.81965060276,-731964.4289902609,-319804.04000962875,41608.50419520381,-755011.2352269639,-453520.5496572551,975226.8579091035,-60591.109983449474,-3573.380178807615,1410812.7724593657
713,63.665228196342674,46.72155564082535,9.729216320666236,253071.87290796955,-235487.71972514183,290212.13991362124,-221558.80792121662,523005.27404120815,138613.00465232963,-634895.5220171302,329978.5733958537,612713.2417177254,-488642.8554505591,97433.54640621775,670743.83882419
714,65.25867986744383,47.93009164710927,9.728989282319507,200719.27183191088,-352190.93093638204,-1315097.5549503241,-72714.23205746691,342000.6040757464,277607.56219924276,-1473269.8183784317,-243527.51458677088,250228.11891040677,-1565430.7110957887,-76970.92354739485,40766.8379610034
715,63.66596131167506,46.722247257993786,15.520864510139415,294198.2850773054,-56816.06063048694,-201929.53426772627,-308531.9579330458,354910.98703501245,-68614.84873296911,-520067.42490580713,-2871.6917475013834,558391.8068324005,-501463.33661755716,-98900.37349809805,518827.90315406193
716,65.25944368395935,47.930736402317606,15.520484131294667,391666.7758021554,52949.08063520474,-429670.7739462646,-279971.6238359195,170552.64881507613,89949.28416966654,-519337.72513072786,-15267.068241941297,549549.8758637647,-633648.9059809307,26680.430872499943,422679.84220489353
717,63.666829617074534,46.72302597186367,21.312458412010315,359628.4996397365,273794.24433212884,-273982.57803570223,-423170.61672813917,198960.67157397934,-145022.65744631615,-338748.42984039674,-98263.96146887705,796452.557245437,-404054.48919221247,-86725.3586921533,764780.9690789427
718,65.26033698014915,47.93147341106912,21.312064734989544,454806.19096019125,455169.032134499,-102234.13503284847,-504311.98782599194,59467.36560354272,-16644.280913479015,-118222.46332181359,-36060.55662298093,962024.1080066359,-201818.12002028056,-23984.27794393928,899331.0021295557
719,63.56808647694454,46.648233454265046,27.104078430504575,1173544.2887834462,694244.2118888772,330442.221634476,-182968.6101224259,-59433.89884360027,-148047.5005723678,284107.96140073845,662460.8833635024,1251661.8775425586,-168934.76697433653,-38335.34225133525,1111166.7743826192
720,65.36080029075778,48.007703742858915,27.103650526955636,-165091.12438318584,435567.95481230645,-515871.04388282716,-704547.9921512477,-278252.2689198201,51938.1750472318,-710258.8718224458,-482969.57222659275,947834.2305953319,-64760.50564119066,-10721.72916866332,1348694.1998178891
721,64.54341701167162,45.541344121401075,10.020879554366026,271980.0852864682,-1514290.0188781614,141507.27315634635,-99482.87876753115,-470511.9907740953,128192.82267135844,-1640766.52336962,120650.05542625974,419313.8075080137,-483936.10476137913,85523.4085209791,694830.4848052307
722,66.17001141552495,46.70443607098195,10.020661293752346,299979.3493907025,-1278320.7965362761,-1367204.3825353675,123712.1470604774,-506767.0813778373,213302.81973762368,-1858383.7096277208,-816432.4110496974,329270.2909964772,-1542702.592042944,-59393.213116440544,39566.35626841275
723,64.54412175920407,45.54199793005338,15.729194376720859,441659.563195326,-1786577.7110159465,-365962.3099834545,83383.67119459955,-1321290.832240969,-98604.83562233583,-2576531.597779272,305093.6155827546,560557.5243924423,-489437.4235309711,-102830.6541411827,562771.8110614102
724,66.17074596272604,46.70504158474761,15.72882680420274,580183.9978160572,-1386997.4833373937,-552561.8902429979,131701.16840838728,-1303518.571704842,20839.402893530994,-2343258.989356166,380801.69384317053,603081.919748663,-630988.7963965207,21283.465801934988,413746.15197681723
725,64.54495918166526,45.542734974860245,21.43745742300543,593198.6691820174,-1791221.6993238654,-538668.7699790513,278896.8411061864,-1550626.0119501695,-184710.55751602445,-2842070.354210756,240508.20559683765,864870.348493018,-394794.2681103003,-84625.64140470562,794909.2021265994
726,66.17160933072199,46.70573332269346,21.437075490667752,691764.1422037816,-1353351.8426627878,-335190.5808616268,172303.07834376086,-1494519.4825907527,-79947.77240058323,-2425932.6331351385,548146.5526213665,881007.7991931391,-204868.8432462236,-23004.133700622504,873722.2618914207
727,64.4441169262158,45.47074345530942,27.145745596710867,1296112.106174237,-1906722.8961978585,-131367.97827456758,796501.7392248164,-1982958.541976172,-185007.66213659223,-3263575.0719227963,667441.176317226,1854155.127307381,-161555.91547099288,-38180.4174724904,1132980.7017001715
728,66.27411747789303,46.77908041354439,27.14532990313324,-12564.303144196805,-1822682.548190345,-898596.0217904602,228205.39169429845,-1961195.58948449,-9208.211346956756,-3384437.722398282,-35708.17238493886,686303.0216582179,-65316.39160241571,-11245.520016878916,1310667.0480437393
729,65.09880521357212,44.73246191157418,10.312545996100123,273089.02395571675,-1367782.4727266622,154330.48915058328,-125892.10310419233,-327396.0221318459,134554.72360573037,-1440658.4412531992,90673.95000374557,409621.5316290913,-479042.0822697054,89932.7490381272,723699.1489331933
730,66.74721093408024,45.86504955908724,10.312331805963844,280921.0370300502,-1345556.7344045425,-1369755.3176898966,116963.4663877481,-499071.1770743367,216926.4880589662,-1882872.1659634782,-862272.1089935136,310753.2598926032,-1529604.9943084577,-66165.13568906282,42582.251340450006
731,65.09949056383577,44.73309105560526,15.937528021809696,432855.2251814146,-1607952.0968415937,-350179.9249708117,29843.660523813156,-1076556.6639007435,-93619.53814181095,-2226012.3471172033,223654.5727941574,477080.9776920551,-488862.63179927575,-104148.05075172042,581806.5048494489
732,66.74792538006588,45.8656297309189,15.937168535169564,557010.7710462975,-1460947.4536752403,-560528.9817425275,120344.835006154,-1300648.3309094566,24465.813953092587,-2391373.7310141413,353661.798686659,573246.2679560125,-615161.5334661882,21443.436467645373,417745.148393001
733,65.10030215502707,44.73379719202793,21.562459778970908,583897.034855221,-1586019.7968352428,-506007.6419291733,202458.42449670867,-1292359.5376262262,-175806.52244236754,-2448335.07645576,187010.2486350055,753194.42391156,-392611.0433875188,-84647.43756071737,805668.4410034291
734,66.74876324800061,45.866288711309906,21.562086391632732,662271.2606800376,-1453053.898406332,-359892.1520360901,178657.28107241096,-1489202.4384196477,-73000.67365436353,-2496292.381608108,510612.83522235823,835004.756623365,-205294.22823402192,-22009.050979299707,861186.2118611739
735,64.99807229074489,44.663682323372555,27.18741612324664,1288329.157097261,-1647430.066209611,-84301.25074545247,688278.8836275039,-1680620.9741871795,-173365.50530535693,-2778695.196026444,624727.8666932414,1710565.1694754008,-161430.03902895836,-40078.076331886106,1128529.3067524852
736,66.85261082872134,45.937697428514014,27.187009272411416,-42934.85630337737,-1978381.6061844616,-930542.185556787,266157.71907640545,-1974845.9460196043,839.6306749037454,-3510543.165547169,-69572.2882975235,628256.8058000661,-65450.08529590636,-10804.691426844343,1284493.618140717
737,65.65814846795642,43.91871663535608,10.604211021315535,264492.8018013184,-1391585.7274799605,137028.84788715641,-145951.19491703698,-312808.4072213175,140587.8623603399,-1461004.0914959093,65689.88934669466,405250.1243577283,-481912.8138559864,105676.33485624052,741820.8904929825
738,67.32045340293769,45.03052350783348,10.604001029432897,277142.09382698906,-1288974.697719828,-1361439.1473151385,95511.54562039272,-408531.72884439386,223199.55741957098,-1761196.2594502098,-920174.1060512774,308098.61429350934,-1521219.0618372783,-70140.8916521954,41865.32966622301
739,65.65881372891565,43.91932108976957,16.145859340775427,416012.099449441,-1642531.0436880442,-360481.0771497283,21229.03296483045,-1051681.6100794093,-91432.57656050895,-2233410.80627206,193661.5463449742,452749.23853875475,-483108.0686603122,-104808.75953272679,605104.789011844
740,67.32114757054411,45.03107797088531,16.14550832157459,549371.3742822574,-1348793.6790037365,-543488.9397184033,88757.359021931,-1151541.154245212,30647.30523443634,-2169037.355028623,271294.56050834444,554831.5500803964,-601438.5681246745,21190.14233173997,419699.4335013197
741,65.65959884806082,43.919996048691466,21.687459767277417,566065.424390137,-1639295.2041222574,-513854.1878635378,200689.63041862604,-1263548.3181644927,-170888.52624403776,-2461647.306320048,152945.49782269847,721617.8409016912,-384497.5664702673,-82113.73962065032,826909.1043596299
742,67.32195919704677,45.03170444533698,21.6870952591555,650805.2875167655,-1326559.325035275,-343219.452450784,141500.04170172228,-1329434.1209996897,-63064.14893852988,-2254540.78478765,480619.14967480896,754948.1451435478,-205468.96862650788,-22679.960393482896,845152.3212122219
743,65.55647534128298,43.85114987495177,27.229084336179096,1252137.376423185,-1752230.6876976697,-110727.62173872109,698979.9221009962,-1660257.8956649834,-164977.63996950924,-2847228.5969036375,576242.411455801,1660165.252434629,-155634.73307208132,-38389.73026146107,1139013.86017949
744,67.42665075622159,45.101782723381675,27.228686707845384,-37265.59848971531,-1816020.1275118708,-894891.4517749513,225432.43528458878,-1790801.2940892936,13452.980929736974,-3215480.6415202064,-55818.992197583815,523122.4559412521,-66593.45537981942,-11605.708977005594,1258574.5804394162
745,66.28242141094806,42.959555213692326,10.895876602238149,287592.10412641085,-740952.7414661662,211896.2659870169,-203344.25993997717,133230.33131425054,122966.26575954568,-803212.978585735,175688.28590590108,386060.32132709556,-480886.8267364587,115072.33740175914,758033.4295719808
746,67.96870509255908,44.034772396364396,10.895672979581576,268882.91224838584,-815756.344147929,-1288746.029534695,10924.929053533684,-41795.24246143911,226056.6618975727,-1324510.4592327091,-812157.6905394639,301048.68833793385,-1489265.0352986334,-66164.36992878588,40714.132586498454
747,66.28306147699351,42.960131541498924,16.354192832598287,425075.36651460384,-780826.6708738101,-250217.7526424015,-134344.1831080845,-304245.23133277614,-109507.22139513417,-939816.8576157764,-115225.06901529225,449072.86962946004,-481921.81334027654,-101701.61980830695,626880.3840789922
748,67.96937390784714,44.03529682824596,16.353852865162064,529573.3709627076,-639734.5949616688,-457579.2845622586,-62470.828126656976,-508608.2140381417,28747.719533019157,-1065900.7781355754,-38742.30633525885,536902.5759096142,-589964.4935297335,21694.097993186657,416372.7733511769
749,66.2838164350973,42.96077251212934,21.812462103273553,578341.8422667567,-623917.0156509206,-343184.44963001163,-74965.90199506421,-481331.07744133414,-184811.88472423714,-1003508.2942501144,413.19394255394263,614335.4772933845,-380090.05343755183,-81003.54446450467,839781.5436955031
750,67.97015533910094,44.03588753785992,21.812108534906294,637803.2831539833,-451440.09645176376,-207266.6252171875,-102370.78206187971,-648715.750676159,-63533.29301103608,-998166.2634593343,329901.7655406024,647361.0594037637,-205735.34498685092,-22784.21860845659,829863.7727154124
751,66.17916608679795,42.894180620379245,27.270754652903094,1321236.7476427096,-486332.911541579,141195.942226721,291372.6968422693,-777748.4157399511,-180731.08154216697,-1019858.5061446048,542460.1140871567,1453498.1703852993,-152132.37096065248,-38142.13213675908,1140076.930236585
752,68.07631752055434,44.1036441542531,27.27036842790124,25216.322886961163,-721546.2105192912,-670140.2139712546,-112226.21348103751,-1033132.5583500911,10448.396293002885,-1732337.0739630307,6064.615433083668,359802.3569263621,-67677.00728861244,-12103.318323697,1229544.8403607542
753,66.98361391085294,41.836682782042516,11.187542852791736,276132.7550077841,-676806.211628638,218439.5482937748,-216820.24523803496,182617.47996226183,116873.10724446485,-766001.7000629075,211510.6018816354,372257.18985419243,-471457.2345758338,116837.47259850438,767991.9605647738
754,68.67997718406006,42.89609090529072,11.187347618736204,265052.32909259293,-803370.4810482486,-1247486.8616386391,-4180.526941521441,-30995.09483381592,223280.45140273302,-1281650.6327056088,-801545.4962248299,297391.11533614417,-1438027.5890935352,-50737.26079486314,38995.21538121288
755,66.98422300480442,41.83722667374853,16.562527289947855,405186.8973918641,-692301.3106920124,-237526.1287191687,-152253.25867062464,-211370.0168785023,-107057.13109854813,-802520.807757033,-157595.66325211115,435475.9289898271,-475309.12190782494,-103432.02892438794,650364.4442491593
756,68.68061546231938,42.89658152552384,16.562200641705395,512196.61199797806,-631494.6403605113,-456600.5460595385,-62679.0244475576,-481898.91156395996,33240.67691957006,-1034282.6351378614,-61786.22763559906,520170.2883513887,-581159.8900924235,19347.93919112883,411839.0659310695
757,66.98494340342046,41.83783043115491,21.937466050392047,553978.6849533182,-537140.8468293664,-327318.23193137057,-95560.52634858225,-383469.13893985393,-181023.27177499514,-854456.1007941917,-46131.246741408504,590106.9537281814,-376739.78695365565,-81050.43648811868,847410.661698183
758,68.68136294300294,42.897133508351175,21.937125184012395,620538.3318918869,-451574.30533671385,-212418.36514832542,-94050.58831207412,-622237.154214369,-56756.7821899441,-973028.8453966505,300834.4190883911,628740.0877151068,-205901.77752482097,-21471.899658565235,817088.5256474863
759,66.8796310192451,41.772190969162494,27.312426842690808,1281516.2508828864,-393810.2006597142,149315.8063696592,260600.0022294327,-665059.8848711923,-172773.62862208727,-847562.3835255185,491953.25365859387,1392630.9864597556,-151330.24531058178,-38773.77126693068,1132117.228674294
760,68.78812389043948,42.963864796140285,27.31205388099828,21808.880117797205,-742247.4644687312,-666366.9016803427,-79051.95441181332,-1006921.1237220388,19810.96032873992,-1713019.988447495,6790.246551573743,319424.25586464425,-67442.8901426248,-11896.679298741736,1199251.7993199814
761,67.68495507032377,40.7139026761679,11.479206912054245,262522.986725687,-646528.7363977274,202339.64144261344,-220466.77878457797,201071.07509475248,112068.77944387108,-748764.8966602918,214271.5265993533,352827.26183151116,-462961.1403837194,111800.79825484271,772591.7682058399
762,69.39110011354884,41.7573158257684,11.479020711051538,253920.94225942207,-737597.2212304546,-1216016.9939106493,-18000.1585256155,-1273.2210360093388,221308.395531514,-1248617.1599842098,-737909.629921976,286833.51702450373,-1399060.9094171296,-37921.49247989189,37610.93671665983
763,67.68553227911532,40.71441343660595,16.77085792606842,392185.83457775146,-660497.7501005444,-232904.77859059605,-159877.72683921648,-170041.0681649481,-106173.01440793279,-750241.2342554093,-177098.60923289432,426123.14937491453,-467628.9443291607,-101345.89530484618,680198.7616721408
764,69.39170644769305,41.75777238670295,16.770545319059664,487561.17209308274,-563158.8313674722,-452875.99479217944,-74782.93782538555,-410233.6874335159,39903.88752136713,-922583.0405869132,-104684.29507036721,498793.68159071147,-575191.3819805642,18056.309587940683,399564.86459455534
765,67.68621706325393,40.71497993140117,22.062466086913435,538677.3071166326,-517123.9266822386,-318146.29668335366,-97591.81525306744,-342490.70175274834,-178207.5843879007,-800044.1050078766,-71669.9187337241,575121.1074926413,-366845.6181182217,-78738.89082900887,866685.9761014782
766,69.39241877266593,41.75828550715495,22.062138534497876,589133.4720342847,-379009.8975910651,-208377.10910106444,-105133.32136840085,-545042.2696775864,-48632.47108660875,-853992.8134426089,255130.52340559504,600608.7553791692,-208072.98603275628,-21891.79922519799,791778.8843506429
767,67.58026053575057,40.65030454534614,27.35409526464008,1245116.4378013327,-398571.60856216744,140142.93914263786,259445.67931912767,-623412.9622993694,-165652.35735388237,-816230.5051808007,451949.4610122257,1350968.812550378,-145230.61617047916,-37273.89561718342,1139196.9644176892
768,69.4997585431575,41.82398028680836,27.3537361795429,7598.2603167662455,-657459.1375838517,-643282.8309069534,-80297.73676654391,-915417.4171254962,30418.020761943775,-1566621.4054090483,-13510.042478136593,286987.73971314594,-70267.83677239562,-14224.031245387647,1154007.9619809594
769,68.27294482357644,39.73207925531532,11.770871249435686,204802.99348630785,-1230131.9256635148,105395.01036866108,-214788.65081690985,-125612.1725942652,104353.61524122753,-1270316.9326152839,39559.261185569754,310823.74962116947,-461169.1947791097,108090.3004507382,787971.6278655373
770,70.0014451134667,40.737889738217746,11.770692998527538,240873.64794339356,-1183795.9266359364,-1246235.2064997647,18247.592849329198,-283064.3514371719,193729.65278502996,-1513934.0160967386,-941149.0940146495,265925.6249190821,-1366469.198518835,-27227.248799353518,36327.92206576544
771,68.27349380450747,39.732561492212135,16.979189359328835,365100.93728495465,-1481977.133266792,-343961.4984582381,-58918.156418823964,-720981.097308468,-125774.61010105276,-1836732.7509804182,-14336.151026743008,390231.20756708586,-459375.24288136617,-101043.3214187072,703116.1966145106
772,70.00202231614163,40.73831672511153,16.978889523938594,491952.60707582603,-1259259.9338021595,-537495.7918058306,35215.37595340125,-906945.9084546177,4119.59444838105,-1874903.8910804442,77085.7525891106,493015.019959169,-563777.1662470945,15766.442358331862,396765.20722994104
773,68.27414552357132,39.733095139899085,22.187466500922692,539067.946484202,-1547561.0734559044,-479274.8175189874,124989.51191579008,-928478.8399116951,-199782.21687701665,-2084602.7538857812,-38321.276044320664,635156.0854394118,-357380.432822263,-77136.82968254735,879501.9906905049
774,70.00270121181201,40.73879532012473,22.18715131700345,610161.1644022795,-1293374.5658489508,-355294.8936758054,112171.61589818085,-1077659.7490082257,-82777.65530704996,-2000544.1867785784,296646.58625911106,665389.3053969906,-208957.80156040002,-21912.636928860433,771508.4058831038
775,68.1667614683252,39.67073851777245,27.395763801708874,1184001.8865450416,-1721454.347770273,-123443.04689239716,586624.9244125602,-1270645.4191446067,-184612.7102747505,-2473520.820361953,356360.80076235154,1456264.5114819724,-139045.11579793793,-37269.25643207099,1141412.341343327
776,70.11140706794289,40.802107222487784,27.395417547495526,7568.905992562533,-1819165.2149242554,-854623.242052207,244844.80049411068,-1493840.6350559734,-3352.437499124541,-2919804.2020983454,-54082.22126160323,307666.8723760483,-72155.02115600642,-14444.71412642423,1117182.8472428648
777,68.75876135464063,38.87241053720233,12.062536839698781,199331.48574579676,-1108477.0422807764,111073.69768327835,-229458.76759647497,-40115.40086508358,106150.57862852109,-1147945.1455438826,46747.1766272899,303126.1100648908,-457250.1333285622,108888.03783575508,803823.7268362928
778,70.49983450491213,39.85661374262587,12.06236479397936,226635.8740827,-1189634.664118916,-1226260.5184154545,3433.0393714907946,-266414.4708142444,195710.6317798405,-1487553.5890468159,-954955.6608591266,253249.9414542711,-1335760.3248001775,-19742.54361324985,36149.48277182549
779,68.75928514508355,38.872868629950304,17.187522049549706,351757.283120244,-1333946.0651136627,-325182.22883698414,-86382.81616647851,-574150.657101288,-123524.62824877967,-1602411.8052976807,-78730.84296165836,373771.63742893573,-455237.5074274547,-102017.58101477762,716651.0155596494
780,70.50038614814133,39.85701583705129,17.187233074509173,470896.7243890915,-1266357.9285463558,-535400.985175025,22523.50177277145,-876948.3940243399,5572.949916614945,-1851144.2031562591,49033.80820112146,471248.2056228485,-546337.4833556121,15088.575000518182,405111.4974188364
781,68.75990631036314,38.87337350051264,22.312468304953516,521118.1229435538,-1370524.4465034502,-446101.1127349916,79765.65531996691,-774665.0489179818,-191355.7461725465,-1810664.6524012417,-76994.72916350389,592151.945269858,-350699.00364174723,-76723.63669383063,886102.615933707
782,70.50103421525795,39.857464995268565,22.31216392757427,581664.6934236852,-1317838.638498175,-366362.73561162164,111093.49335139118,-1044762.2727301901,-76820.61315475397,-1991127.2368227283,257998.95486787573,630591.6012687413,-208340.29634919178,-20962.97638730774,760148.7249657977
783,68.65170833560103,38.81233970237699,27.43743388121311,1156017.9640378705,-1495142.3737120358,-86013.68803267158,513180.55790567293,-1090792.6306281448,-173459.90264747752,-2131035.166895153,328822.7437561951,1377074.3254321218,-136291.89591944995,-37731.32909266164,1136938.0792001828
784,70.61049727302016,39.91939849894053,27.4370987791973,-12974.681539861427,-1870849.687224703,-861671.1914584843,260043.83060468346,-1465781.8773745846,4138.634139082034,-2932203.2517772075,-79549.61615972569,266257.3077138832,-72073.17341701157,-13149.093811915307,1090905.7965924558
785,69.24338895852273,38.01565677857845,12.354201161329492,180463.52490132977,-1117323.9595098821,87554.60699909687,-250226.83071894682,-17786.413740102937,104995.13881013282,-1163901.2024059508,30014.156185425963,284581.2186110696,-457923.27039450547,113998.66284249745,806647.3388890766
786,70.9994124576377,38.9724204403087,12.354035487117274,218433.22191196762,-1091108.4596212895,-1197006.2931587216,-27482.1987339536,-187607.98631461398,196106.4819224525,-1351837.4669207698,-965040.7422801217,247196.67833284827,-1305326.4223339236,-14701.421720194232,30688.05706031945
787,69.24388675113828,38.01609068312598,17.39585280623752,323388.14367343456,-1347055.704375617,-331604.0729717206,-97953.72322895372,-534794.7256019784,-121757.52123185908,-1586748.3455185157,-113815.1521179759,345291.86396258936,-445092.12171871186,-101690.75843159303,727562.1196531281
788,70.99993768359924,38.97279706811103,17.395575115951083,451925.93485396664,-1107049.8843198018,-512765.0397990475,-14821.040595596993,-734087.9201063229,9115.0197022779,-1601878.814838205,-18494.793758309926,452484.61933163303,-530204.0231776998,13567.29398199132,409837.3091189713
789,69.24447743381128,38.016566993189066,22.437468186141828,486669.00334826804,-1386789.795020268,-447433.0273337434,66360.0812169458,-734610.6022277689,-183551.19908831426,-1789432.6879018054,-107713.90599150339,549592.7748875647,-338195.92093151325,-74350.33329110093,895726.9235149358
790,71.00055452625232,38.973217366452346,22.437174894122187,553415.6455768335,-1128756.611219983,-342025.58958758623,62290.83628791774,-890329.518508241,-67204.66945576276,-1708854.2447523032,213948.36660859236,577539.3229129747,-209869.53952747313,-21963.688638898526,738634.7716057908
791,69.135317133895,37.957221180129,27.479102077185455,1094945.6063478778,-1548022.1976013973,-108226.17133458093,498892.2312659302,-1056678.9971163587,-162894.96470972183,-2148483.512137746,285930.94007725036,1301249.809472395,-129664.00127446922,-36817.957785303835,1135198.378356895
792,71.11092328647901,39.03340871089738,27.47877839028556,-19284.743483462837,-1614608.4004401893,-806830.9354279416,194493.65002086287,-1284171.1624904615,14236.024248451284,-2567637.293989792,-62530.75051600086,189443.96515419913,-75094.27325706859,-14056.3988130156,1055521.7457890254
793,69.85095932101362,36.85756926688788,12.64586568383292,180585.152738663,-238506.05958876532,190681.26179929244,-281086.2664587972,436328.9188379654,72785.85102509112,-608350.3557538167,247017.56198966538,494093.1487133413,-446167.4664807712,104235.30135679753,795873.6233722087
794,71.63048876030581,37.77021071202165,12.645710708951704,179169.0447361673,-412556.49848895776,-1066289.114299195,-113581.90518351544,167587.4597961152,197086.67592609243,-1142917.7713751153,-378702.82516733516,221944.0284904648,-1229046.874339609,6886.401728838715,29614.13837102198
795,69.85142010846603,36.85797215569484,17.604185987905133,255029.78936423906,-124256.77905186839,-166265.3065723215,-268574.526129431,243673.89559195278,-131137.06496956397,-404375.1857082625,-110499.10476634566,479381.99421465717,-435989.8440003748,-100082.95484326652,737562.763709956
796,71.6309763210632,37.77055456291266,17.60392471606978,338411.4730784623,-102540.81438215976,-396715.77228685375,-189336.8131765111,-69125.98924255288,25262.812101359465,-412580.274357472,-159651.81572661115,411386.976493532,-515816.3910156505,10630.038307987947,412122.14557338506
797,69.8519727307812,36.8584146152634,22.562471300722553,374795.4939594438,107593.62732830083,-207758.11496025918,-278255.15701475146,96421.7183667058,-179711.89848773836,-259909.0265851856,-66519.70256188531,601059.7354745562,-328283.95663375047,-73861.21600466155,896350.7786256613
798,71.63155383684602,37.77094078884314,22.562193047901573,400465.7462936345,137993.60999241628,-164598.45217286513,-246624.42917730424,-167292.85506311507,-44597.68729666785,-272784.4617111563,94608.72623518149,552036.6395891604,-211858.46883382468,-21572.194277743416,720587.6251002282
799,69.7413094815656,36.80179480641932,27.52077340868737,1040995.8240287392,363162.4446315167,243196.24949746643,-30712.927964416405,-102301.46698625978,-162539.123002494,156615.44247967837,417742.10377553914,1072996.9719025046,-124656.20312304044,-37055.1723930486,1126210.8417413728
800,71.74335652463435,37.82834236843513,27.520465158699455,-83561.85494700537,9384.546882333947,-498892.26008637674,-252089.6947615443,-463044.9694530378,29950.03110965397,-789030.2611221367,-181665.64579134298,397626.3387624315,-75747.30668169537,-13885.729900431821,1020866.7584791065
801,70.5932252534744,35.37608646190762,12.937530595267987,148686.48197953196,-198118.6616325871,187971.25635831957,-269027.7843862738,433707.80356282677,39166.6474522932,-566579.2109192177,192701.6556519418,512416.6319725404,-406807.26562253985,73431.2102478995,765756.2815875119
802,72.38130958899049,36.27204551391442,12.93739012761511,173176.44637635196,-345808.2700546003,-969591.5184356349,-128623.22168323518,151108.33560382717,164792.96721798333,-1034243.8308837488,-325338.0864330925,217358.5752029581,-1107938.0120838766,6953.518549193807,67245.82179773717
803,70.593637828796,35.3764506289463,17.812520126981468,213535.5663986709,-43537.02349555059,-142156.73099526353,-266372.3932121334,285337.20960784063,-128330.67452803526,-393912.43588181713,-73091.8805290498,494846.1283187237,-408719.49426821794,-104629.96366594822,748830.0449427575
804,72.38174863628669,36.27235086456902,17.812279791710235,302717.3011916727,-72939.94421708706,-399686.56443391385,-177788.8151203546,-51068.49370480002,25171.88353544065,-407488.40616648697,-138250.8311302965,375830.0298374552,-509216.618023242,3067.3903002108796,403481.8222478065
805,70.5941446896722,35.376853975029945,22.68747643553076,325467.91751741705,183629.18959027706,-189489.1348085054,-283516.52596625406,146461.84790163042,-170907.2844568551,-253174.81126494336,-37260.90599651089,610043.6895606432,-315014.0731440108,-75466.0742368688,892051.2829964266
806,72.38227985411902,36.272698571868844,22.68721654332888,366853.7336818784,157610.91214080015,-173075.23889363368,-232356.17049897654,-144800.6513033932,-38738.470280981965,-253736.05084973073,84821.96345194374,520303.4943268319,-217182.53337577003,-20475.034881680887,696934.0156169182
807,70.48290655397045,35.321240121943184,27.562447070998157,959415.5457013643,440637.8688770555,237518.0652722231,-51540.28633371181,-41539.95745744292,-152691.8888713633,195844.8731068627,448094.81385195575,993631.7928918246,-121685.71169025605,-39183.34917133349,1107077.9907874945
808,72.49457629984057,36.32902160171498,27.56215771906072,-91411.53950059543,22717.96765493964,-481148.9593743663,-221512.906353977,-435158.80150451575,34510.51827552757,-742758.7836059575,-176783.34031048304,369699.5926964183,-76048.13899420704,-14472.824242489769,976046.7883608616
809,71.33837455619577,33.88905777683177,13.229193583277453,114956.7959880053,-124827.09224907595,171674.68290675964,-233812.98527707334,420345.9548934113,25936.148865028514,-493509.19425950595,148682.4479185054,506631.1329866897,-360663.3748570159,40587.91786949537,755788.6063852609
810,73.12924085069666,34.77942045768621,13.22906943893597,150413.62744341852,-248674.2699345998,-899653.3103752933,-110453.08807236885,115534.53308374643,154119.77929011814,-946329.0385385917,-244392.68426698857,192807.7699391058,-1024107.8011081883,10725.390504666018,102796.20159685968
811,71.3387412465049,33.88938373935026,18.02085049971274,195120.24217788712,22990.80714449067,-119122.50170734647,-256262.5026684115,299018.2857940316,-124932.26353741817,-363934.32883304,-46544.51318026363,509467.38962833496,-376555.62104069453,-102458.53041150297,777734.1028824805
812,73.12963261955734,34.77969054818796,18.02063129573467,267593.95889458724,-48847.36456635762,-416786.72590899526,-155360.5913351855,-38213.98587508303,27984.845365025423,-420943.29995503323,-110391.08641118463,333294.25478545215,-518876.1285206619,-3663.6108657102054,373010.20589238394
813,71.33920331764178,33.889749184792734,22.812477280098772,304440.2804452731,232881.19759515038,-169673.73841031786,-274047.62780108553,164539.21784828868,-161927.1298738244,-238550.5134468665,-6621.319493042107,612819.5725700143,-294129.3111478295,-72498.25579741155,906422.9045919664
814,73.13011860915454,34.780001214666235,22.81223555915502,331696.74705403403,171962.3797216509,-182720.55548819288,-208102.4890065656,-120963.09267857476,-32319.91346021037,-237449.760261817,80868.6436596133,477519.68788969575,-226608.4051189831,-19008.389494378902,652337.113456961
815,71.22775173448876,33.834449450833034,27.60411634095874,906528.3601886292,471901.87294672616,228725.7653405029,-51098.44566785733,-18910.823484362198,-144462.12769869866,196189.98907935768,470351.74022674724,940614.2691697535,-112675.05495664409,-36993.43369848149,1108045.745196403
816,73.2425487811355,34.83594076212036,27.603845927892177,-99631.67890376721,34166.211444560715,-461699.3248316159,-185352.31564925483,-403351.055369543,39344.08566768723,-692859.6723036396,-169807.6307741643,335502.5107869817,-80245.24987155377,-16140.639318709293,906807.5449914273
817,71.77259256812135,33.00936599162257,13.520857591092629,-749040.2193573287,-5168216.083602433,-739533.0602798756,-291427.31949589856,-1421497.2539310628,50135.41320975841,-5599761.827073326,-772068.2060367841,-284959.3301295265,-358383.21449945954,42472.83078356492,793166.7684800813
818,73.57962608319403,33.86589357602041,13.520742629980036,-333660.6400211778,-3700138.3633387936,-1471623.0484298859,59764.821383278475,-1206151.958820762,93086.31488046868,-4230120.403216763,-949893.3913748778,-325408.2571982135,-1008541.8296019816,17260.73970269301,142743.03666523026
819,71.77293429822157,33.00966971216302,18.22918120291316,-904932.0116932103,-7119790.711480993,-1392519.6653611236,175457.0754384017,-3069594.9615469077,-139760.9685397999,-8455576.142984327,-947591.5876046334,-14074.657946368154,-329356.30832639534,-110636.86684755841,813864.0140160348
820,73.57999064829949,33.86614368129133,18.228973961486773,-385018.6028501438,-5340963.82858585,-1325784.9238502756,331914.0794991393,-2626502.3270365577,-52801.74019538176,-6651272.576945849,-460202.7586787242,59707.98033830938,-519641.7721821355,-19468.10423444326,368417.9083616886
821,71.7733680875962,33.010011184527016,22.93747655922156,-1035436.923990828,-8780941.120440869,-1983362.9979490782,860953.5817037448,-3629753.761753239,-195063.52343434552,-10409050.330565788,-1288747.7032234992,-101943.00859148632,-273438.2283153657,-69342.32705931357,914006.2495284863
822,73.58044702667038,33.86643078980452,22.93724592775385,-504897.4876471141,-6754785.962836232,-1540489.3491391656,784940.9815575477,-3112731.4921128377,-109799.70348894053,-8265092.540461082,-733814.4534110961,198734.19424966996,-232909.42880145845,-19644.981283895468,612344.5626707129
823,71.66088004499895,32.95680322474253,27.64578341670764,-1045445.515239845,-11093281.913455727,-2380483.335592071,1871502.8132912996,-4427772.191752838,-167824.74610784737,-13177071.706825454,-1553221.0098879007,211081.95242571295,-107062.457341108,-41948.6210496969,1087341.151109735
824,73.69386002721032,33.920233829869545,27.64552475066875,-1319132.3896135953,-8689111.31039535,-2365792.472835118,1393424.2785766432,-3787773.1232741615,-34600.9760206203,-10629185.093575303,-1549189.3885980854,-195661.69067067688,-88821.7831086296,-20943.144084657622,843322.6288455881
825,71.90396588206016,32.72009582481989,13.812523946811442,-616085.0493156132,-4531392.486612575,-632118.9393718955,-299353.67723349045,-1141841.7994569032,49992.30775442814,-4859100.342980184,-647290.0414800935,-273206.09083981015,-351535.45629955194,32749.949110882877,807884.2427345206
826,73.72438464769273,33.54838359572949,13.812408570059148,-438029.1242756478,-4129611.7701455597,-1571135.5865918826,35099.72665892501,-1272748.0581517573,92182.228313865,-4655990.42318658,-1054195.0405447197,-428591.0172817905,-1018438.8497579091,10308.697993419717,137913.7130872098
827,71.90430050990045,32.72039185308199,18.437513474483893,-715234.2290177087,-6142232.999098345,-1216299.9887635924,79895.7091035552,-2522067.514157348,-135623.52133055305,-7204533.495320905,-755621.987971576,-113611.73358716222,-334846.1124520758,-108122.75383560678,820964.8924793887
828,73.72474075544542,33.548626914042885,18.437308509573967,-519470.07732344326,-5851011.287163929,-1418015.3983182078,303069.041616605,-2773263.5672731595,-54441.847262967916,-7194039.282500549,-576217.998085741,-18239.48221928877,-501374.1066833816,-18263.616981140232,378918.9334239436
829,71.90472161107891,32.72072230101502,23.06247630802042,-784845.454915896,-7472552.567228325,-1705001.7295074456,653525.364586678,-2997951.9698509793,-184460.94421843934,-8783661.376450453,-1043412.3640990669,-135326.01110214624,-270122.4618212069,-67097.17687212017,931691.1996873809
830,73.72518321673016,33.54890369447634,23.0622494226846,-678359.4330514597,-7357019.578676028,-1678993.9318525314,779713.495613343,-3270509.9406544706,-108541.86163620342,-8902652.450338759,-880308.8630749542,68588.36983369067,-229791.06815980573,-17717.60852907069,612673.6453167396
831,71.79138341294875,32.66926793287839,27.687450854043398,-670679.9548862453,-9207831.474847348,-1940858.6345436638,1506767.1776790926,-3634036.050267235,-158041.96325562277,-10887653.263008675,-1183126.7761455174,251409.97487693702,-101964.39867810867,-37339.017456557405,1116015.2411517822
832,73.8394177028938,33.600931340019855,27.687196288372043,-1554625.1068108738,-9518539.948646568,-2569757.5973794865,1436116.7537818076,-4019915.300865036,-33519.08061733678,-11525478.87813221,-1762716.353588175,-354727.42111653596,-82949.46091121067,-15768.999106494868,845241.918413617
833,72.0394783748907,32.42241112885098,14.10419012996105,-667670.2302438808,-4767312.551882539,-682279.5513442203,-323122.6042568269,-1203255.307624274,49433.519312838245,-5115467.756401352,-698510.277540071,-303284.29952921905,-343377.22364741535,42707.80202631343,822322.9554648733
834,73.86500364759797,33.23928709069167,14.104073904283096,-405126.1021713802,-3987152.1438306733,-1548335.9603850024,22321.284718255123,-1174748.1203025032,88413.51413770019,-4461675.7203236865,-1082522.108932619,-396416.3771307496,-1015448.647599841,6460.9857449603805,143862.9427571669
835,72.0398056312379,32.42269945733946,18.645845587465793,-779656.3450544988,-6385114.289352146,-1268383.443725184,72479.24507093523,-2574143.1631030026,-135132.99246276583,-7456031.422004353,-817202.8788829092,-159919.7772445673,-328170.7251923338,-108920.83868752385,823859.3507105616
836,73.86535158078166,33.23952374534819,18.64564287377823,-457641.5796081349,-5529966.078795326,-1343997.700812594,269118.7602295366,-2576146.998778897,-54037.953038743304,-6763849.9805708565,-517552.20304981055,-50203.1755953873,-484206.2646256206,-15705.70847424854,385068.0567050822
837,72.04021404035922,32.42301883621942,23.187475919963966,-860776.0942193877,-7718918.462300782,-1758713.5742942407,647157.106774649,-3040640.680230711,-180509.26867232932,-9030384.508135684,-1104670.890529677,-203352.73214904525,-261344.90830175148,-66693.66705028375,932562.1063833411
838,73.86578054316678,33.23979060680266,23.187252653006375,-594626.8868721137,-6893949.589326996,-1579697.304835573,709443.9475636105,-3024739.5167211764,-104592.78357838796,-8310181.803323008,-800763.5129840253,42671.535272345034,-229046.32815179057,-18775.055875509603,603142.637062712
839,71.92654297805215,32.37226626045984,27.72911811390237,-781684.9236526734,-9539233.599667544,-2023492.4793835366,1514392.0471042532,-3705251.912049224,-152865.71292442072,-11232140.572082192,-1268266.5504981317,155996.11987656314,-99619.44979018712,-39825.179852725545,1106228.4324489965
840,73.98031954592962,33.29109505222101,27.72886751366289,-1419134.0269395262,-8834627.572149817,-2409094.0692142798,1313787.4305124553,-3720724.1776794456,-28626.334231678673,-10689142.450850833,-1620919.8012712689,-352793.41618152196,-84486.51940538263,-16521.022190959673,829463.1582571854
841,72.23704963918726,31.973357861335177,14.39585596779968,-33936.43490766175,-1668431.2778855998,-114840.55708995304,-232154.31746328823,-147221.84364926236,35523.075808983915,-1713202.6955236713,-126817.50182192842,22811.92746238477,-328689.43486984354,45436.8854488812,830784.5735212081
842,74.07017995613731,32.77309450816118,14.39574141727225,59960.33685540507,-1622032.1745897976,-1104802.6481563416,-19276.934051760345,-364264.11983657256,100174.90558320138,-1810597.083642573,-926383.1875305381,70105.78528237715,-1006301.5964610549,241.3196468355809,144091.15067190316
843,72.237365640698,31.973636158018397,18.854178348908402,66010.73134234629,-2150719.7988235685,-464472.6063414947,-85515.4626885929,-694065.3500509295,-135381.91427611007,-2406105.1829150952,-245960.16752217637,102883.67661455662,-334780.4114817333,-102743.51538772418,822315.4506741052
844,74.07051570656469,32.773322143544014,18.853980347359396,206187.4234074005,-2060435.4452772809,-690027.8599462691,57706.51634203945,-975331.273282431,-40114.28717526342,-2567580.470494595,-192951.5695657702,216256.15824421486,-473987.1212204055,-7854.886003609335,378012.5758306345
845,72.23775811149832,31.973942145407385,23.312476317147954,195856.60687886993,-2456234.780906244,-631275.1593563769,121809.24747511919,-938573.8847198008,-168700.24529579075,-2853491.92995123,-315095.48241307604,276934.07898055547,-253979.92649072153,-65811.59169373252,940648.8004673092
846,74.07092773346969,32.773576868952645,23.312258437848573,269985.8161481308,-2432653.312657626,-635100.9404104926,217128.15074634683,-1184395.7189003122,-85221.87903997178,-3028139.5174874132,-121758.0956213386,352129.1761887656,-227403.63966816722,-18556.765514835213,595542.1343426548
847,72.1235954951408,31.924247570536668,27.770785894799445,607716.4733681493,-2911452.82455633,-472499.15504290716,558665.3445468344,-1261815.1654675526,-147243.45184064776,-3498029.459993566,-99732.5817297817,821526.535492261,-94057.02713683141,-37379.39343473681,1118146.2869043285
848,74.18592485296732,32.82379809248688,27.770541207967867,-265237.580590704,-3232437.0034544603,-1100285.343439467,468982.6405420267,-1613212.594394402,-12524.652176815756,-4142899.0614394937,-459465.6403296178,4404.774284480347,-82449.92893769371,-14307.262050566897,820671.8890266137
849,72.50048210213714,31.36436713727997,14.687521871448501,-29541.561127431924,-1601265.8035433262,-110629.76019746752,-238169.59272979418,-106934.90744651263,40931.0893104462,-1643068.6882991032,-127674.02321044428,29305.58664132195,-330304.2338528804,59100.90252448303,842513.6602084966
850,74.33611150272327,32.15837514295967,14.687411513028975,56360.387798807526,-1627740.0235353399,-1093873.0313221111,-23216.01219747568,-336790.473137187,102785.29309873538,-1790861.737178248,-941610.9783610646,67220.0484806697,-990939.4986560603,6003.556316983902,142661.5621578139
851,72.50078272795977,31.36463286869151,19.062511110028385,69251.89327563159,-2034674.9331092986,-441687.324399774,-86602.06182741816,-630996.062631056,-130311.5487946128,-2261008.0609122156,-249444.60886485316,103342.30554362832,-321013.93726524216,-102405.26864303189,834104.3376972515
852,74.33643119528891,32.15859152766489,19.062320033311643,195887.1115432427,-2036794.6851066584,-686313.5683900283,63392.244577800826,-939186.8802116638,-39527.9775970916,-2518825.962646112,-214812.4770433297,206417.29773599716,-469460.55605597235,-9999.261356774627,376438.1045472317
853,72.50115604456695,31.364923193993604,23.437477304386526,196129.3109767111,-2317821.7834718395,-601474.182696538,106849.15005595936,-868424.04778182,-160854.86966413326,-2681026.4363112794,-309728.88831575454,267588.66943536716,-245297.40503915702,-65128.437845853216,946510.774438142
854,74.33682331128145,32.15883219480268,23.437266401651335,256400.53811295622,-2400879.7526791305,-630176.2663366157,216643.28750504312,-1148239.5799678431,-80568.05197327388,-2973297.451912485,-135858.95794225365,334500.92895195016,-226661.76754665634,-17915.42156001504,583259.6981317396
855,72.38681842934042,31.315571338624682,27.812454501440925,600913.1797868343,-2735026.9102462362,-440166.7401621832,526579.5843272812,-1177813.6881884532,-139243.86088947696,-3280218.478361694,-90904.90750885726,796842.915248966,-90151.12652366854,-37187.075893021734,1117973.1699577565
856,74.4519570684418,32.20868166067577,27.812217458469917,-268945.03238515137,-3192363.846422103,-1087475.2233174327,468596.04977070005,-1572854.9163128268,-8510.775393483034,-4076569.21177164,-463335.6211062707,-8879.26924677647,-82516.3808850202,-13437.842449686748,800360.7586494111
857,72.76271856687951,30.758263428793903,14.979187597043362,-39918.053438732284,-1595279.9925083383,-120530.45060931478,-245324.7708189127,-87946.0707068288,41533.17098583271,-1637345.2004871536,-137995.8506634131,19612.55459418192,-326000.80718014354,66062.7440746218,850373.1458516099
858,74.60323873202654,31.540768258247915,14.979081340410008,61391.99817856762,-1543513.2624969487,-1067322.190655937,-30840.656904052506,-291332.97483495716,101303.26783025678,-1681807.8625645828,-940119.1794016106,72483.58699187486,-971967.386652831,7552.250811615514,144241.2554787928
859,72.76300375662007,30.75851663676186,19.2708434714811,53020.333852332085,-2003299.2362858998,-437416.0428565872,-92506.77240655365,-601049.2204767381,-124022.64730466936,-2214580.7457755604,-257434.5539454349,84320.35443083914,-307569.68476092105,-100778.86179120385,844981.3146538241
860,74.603542147414,31.540973385190707,19.270659307076475,196687.27527336456,-1902046.761756164,-665690.2770750066,55430.93681374848,-852277.0637025925,-35888.84104886447,-2337163.4943988877,-238503.0090456828,204616.7398867656,-467943.7470222473,-11436.006854159154,366718.5840429191
861,72.76335869373553,30.758791902703944,23.562477753628173,173531.77986593987,-2281153.10511635,-594167.0785084453,94761.52169587466,-836808.541502119,-152887.66533586627,-2626132.1890482022,-314035.3825085557,238379.16779790135,-235714.5069789302,-63942.16749775216,949575.4696032123
862,74.60391501070477,31.54120047524767,23.56227381158588,257160.4255774942,-2225247.3058276423,-598563.9281395397,193197.5590495114,-1053704.7118143928,-73990.10734536263,-2749611.3464029673,-137891.59299724217,320852.13101052295,-228363.0654589891,-18170.09854542878,562931.8424479332
863,72.64869717801965,30.710144051310312,27.85412253885999,560209.9624424148,-2704755.4592568204,-442726.45192133234,507132.4888330887,-1145941.8215299721,-131396.99290585303,-3230125.2676304784,-103112.4711699566,745965.7900646983,-86573.07177230707,-37853.382087780315,1111750.130447696
864,74.71933529979476,31.590317747856435,27.853893136978183,-247448.22245088068,-2951645.607539164,-1030504.2604011784,429640.59264949965,-1457859.7760935489,-3340.1391600754487,-3777274.743817712,-432551.3472776414,-19771.99929586864,-84963.31981220268,-14369.59024362983,770474.9991609203
865,73.01489319374241,30.154728446354657,15.270853285660545,-47480.73163797008,-1547110.453106264,-121613.499353052,-256341.62955947666,-58537.40138551949,34838.21895800033,-1591561.4326349306,-134647.1852057684,10003.933743411417,-317852.266125899,67929.48590156484,858759.8394485494
866,74.86504999959875,30.914166759583686,15.270751287100797,55350.22099529527,-1509275.622578641,-1047259.4669085513,-42118.24865328593,-264322.6580447996,92955.67401342347,-1629310.5659381475,-937711.9844505957,65837.68189684619,-948231.3576964815,7580.052567056208,151542.41161336575
867,73.01516317909802,30.154969483373396,19.47917642333257,44120.28276069544,-1920939.394165819,-424218.9818863688,-113701.56479612994,-548610.2470558474,-124539.08222494772,-2110507.6070844773,-266065.8159648779,75535.32975786288,-296481.11476999754,-98020.83558155705,858732.2614687772
868,74.86533705006005,30.91436102279119,19.478999255428597,185579.76956907747,-1848997.5138929759,-660834.0663545504,41772.57397576007,-800027.4415053847,-39789.91820187958,-2251553.2390370234,-264978.8732655502,192280.3016241249,-467847.67396684166,-12472.398734735083,357172.1421472372
869,73.01550043915054,30.15523051537301,23.687478506818962,165149.38736300403,-2184850.495425382,-573965.0372351994,61231.868639295586,-781161.960799433,-153575.26091845726,-2501438.3977236254,-314378.9089335563,222151.16135960392,-226970.04213456475,-62547.10431183839,954741.8891124674
870,74.86569116512219,30.91457512040757,23.687281556249957,247722.17558559694,-2153477.056665578,-587207.7064469013,167571.49277873043,-999437.6007121801,-77404.36746158103,-2644785.1663033646,-151160.60978042043,302983.1885569028,-229445.14418236248,-17767.37330532748,546252.1654707198
871,72.90021878746651,30.10801027231927,27.89579060317416,545313.3578386516,-2577199.599528885,-421617.01122179703,453214.51181348995,-1076968.8369503517,-132849.59730157175,-3060891.4410476517,-102136.71350231348,709524.901637937,-82556.98252915933,-38120.47298095678,1110676.5443177833
872,74.98169500840162,30.962237958535344,27.89556890398676,-239336.62432352803,-2845204.1081014904,-1001372.9057473838,392209.5862257437,-1390223.7480419565,-9505.230213941471,-3625881.9809280755,-424519.0259094832,-35512.63133484359,-85504.68470427804,-14434.95439974721,745799.6932498822
873,73.26182413939884,29.54222874837044,15.562519411364717,-40725.440646802424,-1421733.5201457278,-106169.31678352691,-253221.89042748432,-12319.9623684948,33583.858739419804,-1466728.9879459678,-116420.99968905361,14521.710058964316,-306979.76400016394,67202.54853002161,868967.966683299
874,75.11672670058462,30.29010440922026,15.562421807787455,45679.50980928191,-1493923.3021886095,-1028718.6045521836,-42699.05321776827,-247240.66297934923,89635.26329612578,-1600787.141910225,-931932.5805748955,55757.325553609844,-923403.8533244033,9093.226965606957,163645.9916904383
875,73.26207920317833,29.542457905230478,19.68750946192565,48527.34576886048,-1743065.0826487981,-392683.6417398066,-127837.70661482231,-464724.4103746811,-116200.99219030363,-1900140.6843507062,-264456.80267829506,77376.10840925634,-286531.5303917825,-94584.25043442304,876625.2157905885
876,75.11699788398052,30.290288528086165,19.68733918218837,166410.78927934857,-1828537.3869720537,-663718.6105671125,39033.45396807681,-766094.0087939302,-34762.33310901135,-2208629.8590765395,-288947.06353043386,171731.71434715556,-469790.52362245927,-13298.884957559147,349073.97812568507
877,73.26239917625162,29.542705332259196,23.812479604407688,167700.09823630913,-1976343.1108975308,-531943.2353634363,32775.16636562951,-691607.0208547221,-144947.3515234331,-2254320.722082015,-300178.1550493075,213912.62910666486,-218571.88623734342,-61124.638811693105,962430.2397400743
878,75.1173339611094,30.290490306836393,23.81228943235359,225186.260806871,-2121943.3967360333,-584666.4235256892,159655.90372664083,-966238.0729030896,-72096.44394683707,-2592481.3988611707,-164321.67640955135,275379.51581587165,-228984.89915268443,-16290.160779357833,535261.1095535498
879,73.14680342420128,29.4961941215729,27.937459221368673,544388.6543160938,-2307909.6114419326,-370693.6605703934,401529.3463330264,-968284.3319542884,-124721.91669876172,-2740952.5919756787,-78759.79698041177,685497.771259859,-78469.13958191103,-37479.7982213688,1114218.0770577944
880,75.23361625353725,30.337418335185692,27.93724504069266,-254172.50865986256,-2810085.2495712447,-990443.0882293107,383945.97491903143,-1355366.073770134,-5980.651424099707,-3566868.90756899,-430398.4465098653,-57433.49238156277,-84136.818925273,-13109.509460766712,727354.662315388
881,73.50996817757428,28.926848438768438,15.854185237834157,-44955.73906480835,-1365374.415857473,-106274.9297321465,-242226.8291080396,15818.46631616328,42503.2502544869,-1408814.5080000758,-118918.84667486449,11128.270020512333,-301592.88264035154,69429.0019446756,885045.9224163435
882,75.36718923610167,29.668921265278772,15.854092776922206,47296.604877826176,-1418301.638346937,-1009560.972377463,-31853.81525595849,-228885.05406418024,95908.62511683008,-1520845.1409007928,-917560.6136751537,57839.74872937178,-917253.1827654553,12669.41349735223,170588.13569120772
883,73.51020918860075,28.92706609248597,19.895842059826816,40538.864529562066,-1674356.6324690233,-379087.8347447031,-134342.12824639518,-430359.00536495785,-108910.88887445262,-1818116.8099365178,-262527.02865742036,67738.23590977384,-276381.8987394417,-89651.32093535065,891634.599501516
884,75.3674454529511,29.66909586565576,19.895678583470726,164046.27332895395,-1733915.4597526349,-654175.08398521,35909.719696691245,-708180.5452856035,-30118.09444030411,-2084696.7837740057,-307457.347862416,168109.8612275311,-474972.3688281307,-13165.686352809047,333824.9344572752
885,73.51051227074359,28.92730033343679,23.93748022107998,154886.07845170406,-1903132.0695101838,-516478.2821670005,25349.949800352297,-659975.1552369909,-136997.4907086411,-2167347.6776337484,-294116.90931903786,196740.31372730664,-210102.0722396853,-59657.34426403419,965686.1898298939
886,75.36776405252013,29.669285697120483,23.937296665434232,222653.40295172657,-2001125.1605769012,-561832.1148280124,150769.440324683,-906464.00828505,-66390.2020918761,-2443173.0784753766,-164178.71522666604,267047.9212488557,-229899.8410548946,-15536.593955344326,515612.5832637883
887,73.39475461642269,28.881138396225335,27.979127311826822,517961.726680423,-2228217.4878400937,-361037.00486991124,384174.5209630067,-932884.8116979925,-117595.91462372792,-2645039.4120419086,-77917.72083106566,651664.3668433923,-74829.25070518974,-37326.26063387141,1110381.241130596
888,75.48417353709374,29.715839472950094,27.978920534566083,-239988.53264709743,-2648673.3358819657,-949499.4477409641,365736.7972140382,-1282317.9716512766,-2084.3296158804783,-3370378.6632315204,-409910.8678190572,-57871.785219449484,-85865.41620190357,-13233.525969737831,698542.4510516445
889,73.69061710128686,28.470722801878207,16.145851000375405,-616614.1160554506,-4029389.2536183796,-629149.7884145252,-371637.58318149915,-642644.6090324678,60956.915810818544,-4182110.8520720266,-677370.1611054859,-415672.14491084334,-307706.9467237505,79507.33185974098,908777.4763866151
890,75.55468598660254,29.195341433631906,16.145761559625157,-378619.7019995381,-3487520.680611451,-1420144.4722726324,-30425.528662529992,-697690.764465534,85744.54335238584,-3700947.487451585,-1216581.7609253281,-368755.6065067092,-925632.4012509696,17762.307483744527,177212.9143397663
891,73.69084821491542,28.470931687735824,20.104174815259626,-670668.2226107568,-5068049.569112484,-1033018.0771506487,-115264.674203386,-1655700.5453959457,-111402.32202762713,-5664732.193190113,-684289.2511536314,-422714.42453014565,-259135.0890287247,-90761.35737764627,905069.459220492
892,75.55493129243227,29.195508716688302,20.104015876845338,-389253.63334026805,-4501631.114602385,-1177240.1710516799,128507.46571226312,-1727702.9010491173,-50480.1357406681,-5238903.774195736,-515154.9627780036,-314066.1820205918,-472396.74238873407,-19630.082226960592,331154.47347068926
893,73.69113789722421,28.471155250342093,24.062480438102835,-702203.2646575824,-5982270.416030852,-1388595.9272102714,288617.31128670875,-2068898.273203804,-147015.80880180863,-6784414.412082036,-890050.7279907055,-398604.4678259613,-203070.0520896979,-58597.652773582355,965392.9718765235
894,75.55523570570051,29.195688878241235,24.06230187608935,-473115.26154521713,-5444079.157778005,-1289604.196370543,425968.9184289895,-2128970.5440702518,-87413.34016916969,-6363173.2011995,-669100.1712989142,-174525.24319534953,-230935.60539724605,-16294.651824391969,495371.18300753424
895,73.57493846372704,28.426073381562823,28.02079471601019,-591599.9553825576,-7249774.233750539,-1543807.4260438355,927999.5961221196,-2579061.2680537505,-124049.6269087499,-8330199.804076873,-974756.709619391,-80225.10148066527,-74131.93223766603,-40427.4765433692,1095616.125377155
896,75.67205835900565,29.24114237297325,28.020593603448344,-1125260.9013339202,-6863801.8311604615,-1927997.299784522,878215.1366648196,-2692559.2824319643,-23580.26454301947,-8138572.573318076,-1289665.755966581,-488821.702994247,-89189.49763405844,-15440.094316883926,669202.1223832871
897,73.80719537273987,28.165124531310493,16.437517283314,-564493.173297866,-3763356.225451869,-581607.7882718252,-377499.7501761699,-565668.0591838189,60972.640615725795,-3900192.0619252166,-629876.7847469517,-379388.3403493907,-301435.5453654251,82989.80217546222,931109.6648141005
898,75.6757933331797,28.878092271057536,16.437427888273362,-414329.06982900325,-3613205.078848141,-1453288.2134875408,-47182.14359919518,-698579.1279784658,84485.80716188547,-3819585.2614432666,-1257604.4038775547,-403632.69684386265,-929476.5041268932,14868.930636429255,183135.74994866113
899,73.80741997192695,28.165327063844234,20.312507405383784,-604554.1330224595,-4698067.600712534,-962290.2774023832,-138883.50432342224,-1497360.9818486203,-109798.29677718799,-5230211.087397898,-616811.1236686832,-417889.800070799,-256520.87627080188,-88443.12721284664,913369.58061605
900,75.67603146991104,28.878254215724297,20.312350623639105,-426664.42255155277,-4611447.0865286365,-1187676.0667588226,110774.35472870935,-1741837.1253572884,-50819.742055082446,-5343189.136758841,-532407.3904344378,-350191.0486457324,-458638.31583282084,-16962.248647057655,337548.9676378186
901,73.8076994858137,28.165542177372938,24.187480455928313,-618399.5988501047,-5497471.819810108,-1283787.8725870047,231979.3069620939,-1878664.7776650968,-141313.7953314155,-6218378.1114944285,-806415.3495584207,-374865.8301943684,-196719.22590699606,-55233.05253871927,978779.8265028761
902,75.67632505661032,28.87842701780445,24.18730515868609,-519552.173649276,-5550409.919092774,-1312735.6116496103,412165.3687280088,-2139966.129888518,-84964.26543575173,-6463408.714605946,-699612.9210295032,-219676.06875620526,-227875.76939713192,-14612.36628300208,494658.5264057486
903,73.69120597353538,28.121179966588272,28.062462135898905,-474526.76233793865,-6580169.471170663,-1389308.8001031275,825385.5821725702,-2339018.1552899275,-118765.1773597742,-7553724.232868856,-852374.9986096814,-37905.80213318994,-69088.3751424565,-36583.31174861528,1112986.8756379453
904,75.79341895628403,28.92314507774592,28.062264796664888,-1180575.9658361278,-7002085.813567187,-1962337.0367055135,872721.0148197911,-2717939.8908610516,-21811.714322109703,-8276971.685846275,-1333600.2085158033,-534426.9217467512,-84904.35629774371,-11939.944029152464,669479.34128746
905,73.92384670783437,27.859553995403743,16.729183480109384,-602684.9820989475,-3901028.617701957,-611181.2409651892,-411460.43366253277,-596938.6713577845,59650.34625202164,-4051279.145142571,-663491.8379354709,-400123.85768805107,-296994.8163549904,89557.16152050784,941570.5612073436
906,75.79682766135437,28.560815274989352,16.729093786346162,-378758.7197509635,-3419526.0138679314,-1416354.8146361834,-68472.99939357273,-624279.465475247,80473.34984045905,-3598745.2757471018,-1248362.4538605511,-367531.81864742585,-925110.3241036833,10775.303598113824,182908.02605335944
907,73.9240646779918,27.85975026866793,20.520839904953174,-648880.553896062,-4825141.396763278,-988848.3991586235,-157834.59575765498,-1520264.2057730902,-107562.98816850128,-5361760.508361574,-654307.1756268241,-446802.66582956567,-251897.2281693024,-89557.01335379583,908697.3183175612
908,75.79705858328913,28.56097187244388,20.520685313549887,-372171.52998810215,-4294348.408229393,-1115477.118679366,83314.57019404467,-1604191.473951736,-49051.76866518227,-4963905.669032292,-495034.6706202296,-323056.717244337,-447148.8227583312,-16231.89060353773,333297.5198493124
909,73.9243342475786,27.859957029202253,24.31248036023351,-668165.9139814154,-5607925.633599314,-1308425.9625161681,211713.52314260986,-1894648.458119132,-136934.80736404494,-6327643.112783913,-834414.3652382407,-422460.0320747436,-191707.65733466402,-55325.7839063843,973853.4442907401
910,75.79734155897282,28.56113749457568,24.312308322579156,-450049.7562965285,-5129425.362542314,-1222297.8538221717,359366.1044268839,-1966640.3474965775,-80529.28598246063,-5964316.93782253,-631360.2999862303,-206095.73485225355,-228728.18887335958,-16610.57250832504,478617.13677447534
911,73.80755585380795,27.816318027967995,28.104129414083907,-547255.4290446229,-6732735.679789874,-1430427.927836467,810948.9582639124,-2370397.2671923176,-114129.61168776851,-7709868.892649206,-894994.991099316,-105555.15292244287,-69550.52038743356,-40081.94752980547,1097110.9028250594
912,75.9146978034195,28.605116668337345,28.103935845919896,-1070652.6241814354,-6413202.247504981,-1824609.5267727445,784099.5927205629,-2502189.0915389587,-17948.817461640956,-7591329.7388338465,-1215124.6696976658,-502009.98992765,-88208.48325888811,-14641.799443928572,647398.6027988032
913,74.09298233820823,27.39903424364425,17.020849426580583,-50760.900337217725,-1194029.135135675,-99048.79709682745,-291862.341825538,72472.09234378766,40605.928919961465,-1269690.9298555772,-97894.3430127539,23746.440298611054,-287015.67911942094,91210.14367473443,942089.1736336488
914,75.97248245963644,28.082716934933558,17.020761786627258,28339.83309903735,-1331886.216937072,-1001569.0698231813,-73952.75895746029,-139283.04435157048,85237.0818616888,-1383942.531239689,-961862.9371245995,40690.01470307263,-909183.1586925704,7873.8007650384,183273.73514316318
915,74.09319040178059,27.39922263267247,20.729173089247475,20568.178252665035,-1427997.2881557615,-340261.0213527558,-186518.77325600368,-313780.91955272417,-107350.33845856003,-1539776.8498994014,-265811.1751519721,57897.89379552105,-254488.460048008,-83145.10902469867,911743.9697021982
916,75.97270272276907,28.082866747318633,20.729022988121173,142631.9402784778,-1536805.2618473154,-597254.7258336819,-12940.403427710542,-586501.1795661963,-35626.934887703166,-1818851.0761662521,-317110.4736457024,144533.50240943523,-442665.50488390843,-9180.421430351102,326911.3745526432
917,74.09344758950745,27.39941955065176,24.4374809729409,129895.75557844236,-1571184.5039516066,-450088.45019171014,-58338.19215521638,-518847.5141157087,-127456.1514814049,-1779792.8262459077,-270137.16694805457,158552.79462908683,-185956.68890529533,-53164.31856203364,982292.6160540413
918,75.97297250324766,28.08302380251291,24.43731383897676,191269.54245701386,-1738510.3589165339,-510705.9499462462,81846.01888901957,-761739.8320744956,-63856.06584136018,-2103869.785152944,-170103.52886558283,216026.5476127605,-226490.17491470862,-14879.541238184898,474167.60606996727
919,73.9762489043029,27.35686931429393,28.14579709947497,471267.66730980464,-1787106.3997313331,-280694.20271933713,255850.7683230401,-752165.0728464428,-108401.4162728324,-2113170.598177052,-43019.91328742663,559657.5763236133,-64404.711749501,-36566.84727597719,1112137.4465751217
920,76.09072235603475,28.125895771432948,28.145609137359457,-232231.6079993,-2261965.481614188,-858929.6207841979,271243.88863374665,-1100406.3497673592,-4508.317572151367,-2886424.081898029,-369007.52357515745,-97695.1049245007,-85221.1082520273,-11954.187588895804,641705.1151991654
921,74.31786261693729,26.774775335767764,17.312515583484085,-51767.21870075926,-1108135.521545278,-88795.9383945383,-292550.10874628776,100740.88381076786,41973.18998757832,-1194303.0335020944,-80497.91512464391,26102.269986162784,-285108.5054968961,93815.40263350164,939879.6334924675
922,76.19949812191112,27.45258736871466,17.312432418863384,22615.287534543022,-1296720.5925947358,-976945.4915742301,-79596.30431922921,-116681.91551231843,84087.71883401483,-1336616.921349439,-950076.3295992346,35642.454314251,-885131.2459151922,12382.805459586334,185647.2931754446
923,74.31805761895008,26.77495403740319,20.937506307559598,20440.829337242,-1292193.4298515264,-313164.58111738134,-192095.77918917325,-266073.3033634543,-98340.95048205197,-1391236.0975131008,-252874.43212682175,59193.34800825654,-244619.0407649697,-78252.85615891543,923467.2512341901
924,76.19970465255773,27.45272915063263,20.937362773403574,129402.75027631223,-1484578.2389296328,-596344.2204649309,-13962.844412068953,-553077.4078574245,-30384.717957284665,-1750133.2276361508,-332129.08391342836,130742.60243132878,-448731.1477933645,-10301.098951284106,316653.5644719951
925,74.31829997367929,26.77513969019947,24.562482122864093,125798.7968379595,-1420327.7144723262,-420256.7685278689,-71509.39293008768,-467856.76157139323,-119465.23008417166,-1612106.4067046987,-254026.9471421612,151347.6676846243,-180284.25050828658,-52190.26225375089,985248.994772418
926,76.19995899544712,27.452876409914094,24.562321347411686,177591.97391326533,-1672105.6266710048,-499091.19313549186,76157.037598484,-731483.0312335723,-58416.04663923181,-2024035.7755742148,-169099.24047421187,199530.1701551954,-226087.6641951918,-13690.14177782697,461151.0113656375
927,74.20095276183041,26.732945178432576,28.187465523758245,460321.78767965594,-1601471.9671346284,-249397.4528125752,227630.96683988595,-691475.9559822913,-100864.582479507,-1904880.0830220333,-24105.592519757036,538438.0432742425,-62141.91323521888,-36254.69570277749,1111888.8470426295
928,76.31782660286851,27.495371883908884,28.187284787163556,-234242.55406821013,-2181392.0335560297,-836804.3476333242,263231.6031968573,-1062871.1592074418,-1457.8125008161717,-2787493.083335056,-361611.39542927535,-103334.45649323282,-85035.63959300442,-11177.626768556494,621934.9474859107
929,74.54276173341947,26.15052284220694,17.604181560984273,-58235.870410282514,-1048177.8288000753,-88676.79013905974,-285272.86161289155,124368.59954706146,49216.99790204967,-1141274.7125687124,-74429.70471184445,20613.927931140224,-283962.45874080993,94355.65976363854,942412.0904459957
930,76.42649571631901,26.822451462792554,17.604103323694414,22340.242204116366,-1214236.089749663,-954439.1756702177,-74765.56268834227,-101624.99555830388,88519.40669214715,-1250679.7882323982,-931578.5112126466,35923.276229281,-875622.95422982,15829.52447330585,185004.949605367
931,74.54294436819873,26.150691939328112,21.145839114782685,12586.383028364216,-1209184.3825856717,-295714.2622418218,-199493.69947481932,-236796.37263369365,-90202.58761072347,-1302178.712720604,-243392.3623239636,53258.813245439196,-236301.5855919624,-72063.4474596071,931976.1102818274
932,76.42668908349157,26.822585537116154,21.145702038591104,124775.88496942254,-1384126.522689379,-587730.5830249354,-19034.554597373302,-502346.1154577678,-25366.248791557166,-1627406.8610423948,-345353.3662436904,125679.00654119445,-456190.6457909855,-9888.771929477434,299915.44376999437
933,74.54317235547482,26.150866724551975,24.687482796874498,112798.84180982714,-1329088.5431524303,-402928.646017106,-79335.07056186558,-440553.4428666462,-111242.15652924744,-1513320.1712117791,-241785.9081669605,135887.73201902994,-174885.97802810336,-50766.25766903552,983829.6220469686
934,76.42692848454317,26.822723301462343,24.687328292018343,173054.81904445437,-1547402.363089411,-475768.95972606057,67475.63680330462,-682197.3354888904,-52350.27315192343,-1879746.1074385117,-161604.012369142,191233.6160366362,-227516.41981214413,-12871.895954841835,439781.4024211054
935,74.42567927342341,26.109029178204764,28.229133448787202,435615.09717653494,-1498907.4589604163,-236351.79575144703,209291.08460709653,-660476.5620117142,-93726.040210814,-1792214.5846182662,-15089.574824127112,507660.00190706557,-60465.365808938055,-36012.3601276402,1105547.1879574591
936,76.54491211262749,26.86484183918136,28.228959859733443,-222271.45643278077,-2019920.3511148538,-796183.2309655079,245696.86343107143,-999746.8433765008,1914.147972548347,-2599717.757904016,-338443.6347288751,-100213.64588025102,-87177.86621867114,-11245.243764171988,592842.9333081854
937,74.70618328999178,25.687943805817923,17.895847390440892,-554184.1133916521,-3309992.1644686735,-534348.6098148166,-445263.5479127985,-356604.3978809361,69286.29537382693,-3420621.841677091,-612137.2741541915,-365765.77184386086,-288665.63126191567,100645.10082783944,959841.018211067
938,76.59610575512464,26.34217542363826,17.89577198013121,-347868.9297739117,-2959490.048230364,-1306829.0953879552,-112894.7560739995,-417610.10739478504,81991.4016732828,-3062066.5073542474,-1220097.0903631398,-332024.4756748439,-880936.7362132639,17828.965659884463,188024.80432893164
939,74.70635716131552,25.688105330817244,21.354172011977965,-567402.05354552,-3939308.8395329807,-812694.3612984866,-256965.97939221523,-1144622.3406597078,-86721.95979209755,-4333079.492880472,-547931.6409340915,-438394.12056242715,-222875.6790932322,-72537.94252313903,934336.6654466134
940,76.59628949199487,26.342303370554166,21.35403918828971,-320755.52680401655,-3582784.7676862264,-996431.7236626522,911.658664304116,-1242494.1007620967,-39354.72090058625,-4083007.257797557,-503680.6827280073,-313284.077627331,-454776.18262111733,-15343.532055455005,291256.82680415915
941,74.70657378765321,25.688271199634407,24.812483042864088,-566266.937515238,-4517700.887289826,-1078371.8581603472,46136.63112594209,-1494860.3566411925,-115336.44393828025,-5076602.059806136,-669243.2334250143,-416494.3897342594,-170749.95783543627,-50114.37102993741,979033.5473100005
942,76.59651680221204,26.342433382495535,24.812333265994788,-371095.22405181325,-4214714.502469923,-1031765.6940116803,222932.00486180282,-1594832.7511516851,-67027.14728529187,-4883507.3446151065,-514282.3619815427,-219785.71393676946,-229951.99781278888,-14433.834329939962,415107.7165908219
943,74.58868218842385,25.647530957628213,28.270800698666932,-426693.0748890218,-5354100.024549788,-1143120.1754549346,542042.6584384236,-1894758.7597277286,-96720.41671972875,-6120265.246457061,-685688.1587170664,-117959.86971961493,-61704.85976050079,-39311.347065089365,1087063.173570749
944,76.71487446613088,26.38343825735062,28.270632566657948,-900225.608464082,-5233324.1163031785,-1537939.1308054484,578687.3230077628,-2055048.5104363316,-15309.967676983842,-6200761.131207958,-1008366.77691421,-462360.9474505433,-91089.79047849271,-13763.483471312733,561685.0333689959
945,74.81122225604614,25.37818916791769,18.187513613716828,-504983.9678034965,-3049142.229129254,-485983.16035544727,-451915.9113789154,-298458.8676172876,65873.17068675741,-3157055.8515294595,-557400.1733010932,-325653.332457645,-280731.82288294943,103845.16596846636,984498.7012369209
946,76.70523351305378,26.020609144070953,18.18743813906667,-376385.5066740281,-3034291.5768171013,-1330069.733928346,-136868.32816525505,-406482.1419908808,79049.28656837178,-3131177.7059233356,-1251139.6010402504,-358429.51045589,-882799.188027446,13790.879909413135,194817.64314178133
947,74.81139024396384,25.378344994326024,21.562504689475062,-509315.7763923794,-3602374.9060457167,-747265.6683278925,-269994.88790475065,-1025199.6721505933,-85313.50336729146,-3955623.7527372576,-486085.33851386566,-417247.2595148701,-218389.82174174103,-71188.68158774222,936837.406303373
948,76.70541085027986,26.020732374754846,21.562373820868757,-345911.36949657626,-3629632.432905197,-991102.5429494418,-19403.24940493865,-1246858.9646400856,-39474.84029118253,-4125894.788976153,-500734.90437960275,-340016.65199546196,-438592.8229606136,-12101.681105718037,300048.4484548803
949,74.81159831379361,25.37850366014914,24.937483046689593,-494849.55062480504,-4083541.248373377,-986561.3605018061,4559.469358584513,-1344698.967581009,-109694.8175043156,-4586198.3722008215,-593855.6858156902,-384898.1014834755,-165308.47177581102,-45731.56285079583,994515.9469471265
950,76.70562898874044,26.020856396028712,24.9373363604457,-402454.85704082984,-4248731.611074699,-1038744.7584197185,204307.9159257173,-1595159.2161733855,-63852.41572946886,-4912606.146421246,-525717.5636739152,-251607.51644008723,-226998.7659427662,-12221.80159116729,415759.51503743825
951,74.69344165569723,25.338494543375283,28.312467959773468,-329891.10818382166,-4773631.3667258695,-1010276.4627930989,465746.3451227441,-1704164.3449682072,-91818.12734392632,-5462125.090936147,-579752.137517538,-71921.70924910379,-56327.649741632165,-34425.90545171453,1106712.621746664
952,76.82423213941973,26.061117110141346,28.312303461590233,-934156.089275258,-5278287.44289057,-1549704.7171646454,564987.7401454496,-2062688.5415466574,-13750.65924015189,-6243566.281840706,-1030909.8534153294,-487672.1140744379,-85595.15868016481,-9346.053628502541,565789.0635775782
953,74.91731163896087,25.065490775337725,18.479179701991004,-513374.21268784587,-3067991.083043982,-483622.94383774855,-476311.1382150257,-314199.3493827454,56540.16517363323,-3187072.600442442,-550300.686712239,-327614.95241489395,-270848.25090648566,106248.47022229966,999417.2600150632
954,76.8133115996095,25.701986435569623,18.479103546203937,-358073.3660275084,-2926478.9862899105,-1299650.1610579656,-155654.89337131666,-360542.71453861665,67150.52262570059,-3010037.3986028414,-1234139.9718052256,-340025.14296731533,-869334.3013458512,7791.407820158383,197128.1574081707
955,74.91747346748247,25.06564094066837,21.770837327594474,-519466.98801335815,-3592759.1476631253,-744692.9775420271,-275822.46304538817,-1025870.4071136086,-82131.97213280309,-3947943.981611167,-495838.90791956044,-413136.2236877795,-215270.28711528928,-74420.4021727573,922292.8616762268
956,76.81348242722886,25.70210493223889,21.77070839841651,-317003.91454571136,-3449456.3438339643,-940784.9260069103,-26947.405770589066,-1188889.1632820822,-38384.26639861178,-3923788.2581729926,-471145.3019126428,-312311.62430095044,-426206.00889125245,-12614.822679996043,295634.8686234317
957,74.91767325446784,25.065792438433903,25.06248292075269,-503923.59750659065,-4036773.5213002176,-975678.3507956954,-12340.35280989393,-1328978.7640146825,-105411.78467470751,-4533816.474274281,-586468.1374023271,-396090.8579258958,-162059.47682849638,-44249.68936659018,994733.275983738
958,76.81369173524993,25.702223165207716,25.062339283806896,-367772.5382341873,-4011851.618165315,-986673.3627542544,180411.61320586235,-1508898.1469400271,-60645.819241861274,-4640604.839535993,-487758.1652970974,-237934.51432066763,-227884.7217191548,-13481.171491648971,401647.15052076214
959,74.79938288616394,25.026146568153187,28.354135083378893,-347364.8206397506,-4719999.887714121,-1000917.8058724188,447264.9059805073,-1689808.481706729,-87659.16559394618,-5402575.10534417,-575611.0187610609,-90096.39012105433,-56943.31644825326,-35898.60788591071,1096422.6136187077
960,76.93240939239602,25.742108023994334,28.353974157644036,-876466.9470227974,-4953556.0054699825,-1472771.8240792062,525977.0822325026,-1954582.1944637478,-11313.686644080562,-5875564.829538349,-967146.4491741749,-460083.497859462,-87000.13619076888,-10494.982575837828,548498.5579938404
961,75.02044216639125,24.755098041984812,18.625012468279028,-283761.0322581094,-1636237.814101669,-368040.22607152833,-12760.819491584914,-401033.41300144466,51308.592393956314,-1752414.4703929885,-322999.25398972357,-212625.34804859437,-253529.65550346609,97148.13137002602,969584.1126788497
962,76.92038253508116,25.37973303555364,18.62493801889888,-207435.46344060646,-1819799.7810586835,-1226214.206440954,315306.6944273702,-664154.9692734336,99251.69147867164,-2299095.737295279,-807182.4220283999,-147171.29161656467,-849311.6230335238,2586.146187079165,190543.39671793897
963,75.02059799762412,24.755244026841453,21.87500404402442,-381540.9947487518,-2461941.481173093,-766212.310514258,163752.4762359081,-1100039.772510794,-46246.1478205796,-3009051.924517625,-436544.49340215354,-164098.36851632223,-225646.5152873504,-65885.80304006863,916416.7817073354
964,76.92054694335948,25.379848061016027,21.874878264705224,-253476.72449075186,-2608599.8069710713,-1038783.7151953313,425544.3307165425,-1346038.6155728833,13876.305069240072,-3426573.7696334124,-437685.43803732545,-36601.03898641654,-430030.64562012115,-2942.3803130906585,279765.7093631668
965,75.02079160901187,24.75539059384161,25.124983243661866,-432705.2943592701,-3308295.4727468304,-998876.0689871028,275150.23436171375,-1364068.1819711279,-65655.09710343501,-3954800.0151770515,-569443.3809457731,-215633.43997037906,-160754.56208358,-43897.37316395504,992602.5585015432
966,76.92074958136597,25.379962244069944,25.124842756576875,-337794.5413313218,-3449370.0428766026,-1056029.818221965,473196.6582598516,-1550128.7037584921,-15272.832739110356,-4255726.28170645,-514852.70569698577,-72615.41502645271,-227350.640670347,-12089.541737109455,396579.5159944452
967,74.90224833082968,24.716481166661843,28.374968875278093,-313927.61299765925,-4354751.925913952,-992746.7837414299,507802.22967016883,-1655531.1951146312,-70168.90082248411,-5074501.086823735,-550658.8434675973,-36266.39236171082,-54281.931340731215,-33193.335815129205,1103506.05067993
968,77.03970643311696,25.419101854561614,28.374811531454345,-852704.9583813825,-4636977.393653729,-1472082.7393213997,594680.0500960227,-1916836.7348037595,11786.905889823054,-5602395.102853069,-945213.8415259266,-414156.14697751455,-87034.9150973809,-9973.457102230765,538186.8732985067
969,75.12258442294583,24.441079815982484,18.625012307600983,-265104.82421209157,-1502061.1585092878,-328215.962309517,-24024.217064720335,-333949.09377951466,53451.388985587895,-1590485.3713116122,-311619.3974501013,-193277.17626918224,-253508.71576178356,95179.93674859687,932905.2390270752
970,77.02447589476758,25.05978042706884,18.62494224551248,-203870.85464345018,-1757204.78631668,-1187225.6823925548,301099.0765160162,-629427.0291915467,98590.29903486544,-2210077.945778249,-791120.1513077896,-147103.22626664606,-822380.4836128398,9194.201973840929,191793.267457676
971,75.12273463829617,24.441222860220414,21.87500450706917,-349673.7408572839,-2227927.173823113,-708851.020403608,131667.1891645159,-999253.9629498953,-38429.4511629817,-2727826.5844586445,-393275.559078242,-165349.79154711886,-223473.46615814583,-57757.56941102037,934061.879906849
972,77.02463428468009,25.059893352494885,21.874882954001862,-258479.1308423985,-2541413.7865208117,-1042129.5689378789,413102.1823657297,-1307300.4460287183,19311.86103472749,-3342626.262848828,-441925.24462559895,-57470.97882666089,-449728.3208504469,-3244.2821477319067,270856.036537915
973,75.12292388525418,24.44136670591025,25.124984025409415,-396644.7834532355,-3042621.010045392,-935840.229176463,240754.64168522708,-1270093.4009530782,-61678.35190438873,-3650629.302125875,-521843.49203546025,-202633.22851375618,-160544.34497025047,-42434.911769665945,995136.5826644105
974,77.02483233623175,25.06000516544488,25.12484670144403,-342170.97531657707,-3375514.030712981,-1042376.9671778772,458951.31932079996,-1530613.3743799832,-12085.528745735583,-4176541.2564597274,-505184.7711406081,-78335.94560710106,-227775.93386856816,-9061.241993936525,395100.50993195164
975,75.00425468068627,24.402825597316685,28.374969605001123,-266607.9718356426,-4016860.8370273677,-919505.0222783905,461480.7076876407,-1551201.3465175095,-66330.92632052154,-4696510.399011662,-491409.64766541857,-15053.784464321685,-53069.45414280424,-30899.78716090144,1107807.657215456
976,77.14390700776966,25.09877142017542,28.374815725426835,-854830.4740190948,-4576597.601520056,-1454815.2225241924,579613.9718729939,-1896914.7279228482,12691.989116281426,-5532356.209557555,-939427.4290677792,-414459.65943800786,-85626.75348646486,-7765.929563097256,532739.4127126588
977,75.22474568432334,24.12706803401783,18.625012313234233,-268582.54818949464,-1463932.8172902102,-320952.83478651696,-17771.690790390632,-299305.98470140784,62344.12438030359,-1537571.167796027,-323599.18808257487,-192297.84438761952,-257402.09667720844,89130.27423468747,891228.9610205035
978,77.12855117790716,24.739822274379186,18.62494690091278,-183200.7811024418,-1608842.1805092425,-1142810.5964554055,285252.1359092766,-579700.1010663362,104216.16409194755,-2047298.039919669,-759379.6272141554,-128175.89093326477,-809372.1050089819,12343.319615608632,180824.4646924429
979,75.22489073786005,24.127207850165433,21.87500478667006,-349636.5907723351,-2135998.967804144,-684881.747392587,109237.82651681735,-961392.5619508335,-31664.49590729469,-2617983.8501265324,-380518.09956198966,-172015.3562805449,-223895.29954213274,-51563.68294402543,937873.8757491589
980,77.12870383812272,24.73993323839725,21.874887457367038,-233875.9784144013,-2346973.228047245,-1012195.6751258016,381619.65553563234,-1208704.3581695799,24662.988454218255,-3101051.8315978358,-425421.2281649283,-66571.82182468403,-469723.46459328494,-4266.216272944624,250519.2798525123
981,75.22507554906286,24.127349089850593,25.12498467433067,-402735.6966758329,-2964988.135442061,-919144.2013141937,225444.68868512515,-1249799.69280292,-57394.09225714081,-3567275.8526451634,-511537.0020386224,-208055.1787483031,-162808.1603973487,-43870.76887666911,981956.6874330976
982,77.1288972758784,24.740042651311295,25.124850510904757,-309086.283671085,-3136159.819762112,-988951.8766559708,426260.1941281562,-1444075.619594515,-8438.218325715452,-3901690.6126133488,-464159.695382428,-68347.67209338953,-232774.18301138768,-9417.770223463442,378631.95319314394
983,75.10628283001154,24.089177052160387,28.374970231894807,-282007.1256384454,-3953346.5704809087,-912735.2814922179,441737.3764394206,-1539092.7685357942,-62854.60998247907,-4630294.497237621,-486557.568330089,-31236.912043862558,-54928.79020382729,-32574.062006933746,1092128.4963841685
984,77.24808754430785,24.778434730035492,28.374819759767167,-800256.6533731925,-4270446.400768422,-1376755.77294573,537586.7953868301,-1793698.0247100417,13750.687315002006,-5183217.720568468,-877847.4347474361,-386393.67177143873,-88720.28523331354,-9266.626553756518,511450.20911445236
985,75.32398839136943,23.815410993322924,18.770845571807655,-481327.9061735468,-2649353.0630544117,-425347.3767581652,-444367.08695745893,-167799.10455840235,65056.686270487175,-2746874.0979528334,-501241.56451371097,-307912.68351958017,-266908.8017764066,92622.69339142705,901678.3729959682
986,77.23158580940577,24.416256252888875,18.770782507541327,-326480.70658719586,-2516398.4423505478,-1183125.9703480676,-156580.00887019708,-230688.25504721355,69135.83831920345,-2564341.572954991,-1154853.1397837456,-306810.4065470752,-804356.7871343137,19212.25318218148,197173.26922019364
987,75.32412884052178,23.81554622232994,21.97917130808851,-465132.152653813,-2937516.399646642,-630869.0755937962,-343274.59483783727,-791715.5472804513,-52631.04792119229,-3225852.8529819804,-458148.3597883602,-349516.4151239123,-211364.64378129577,-53622.79052262009,948095.368603773
988,77.23173313096225,24.41636422824813,21.97905706886351,-285108.9909139424,-2915841.5379160866,-901089.7064365051,-79661.5969510909,-947568.268823431,-16548.649853177874,-3293602.1954832147,-526266.3870284247,-282171.65275489475,-476389.68978222494,-14234.516941211385,247103.38272453734
989,75.32430765369972,23.815683062398552,25.187484897266398,-444210.78360751737,-3329219.1526493267,-834146.9692960473,-107925.1270429477,-1105308.5438522592,-89185.08515356852,-3753741.160583658,-473563.8359773153,-380271.9089919172,-160578.97094633488,-41435.903100828305,983604.7631043529
990,77.23192021880024,24.41646971405419,25.187353812339182,-312283.7675641038,-3364991.213752255,-865873.840881241,90387.43778920242,-1291713.7432861784,-47999.803509211146,-3913785.7532580984,-394221.45853505103,-235141.61040445094,-234559.4878023067,-9646.71729355329,366513.7545846861
991,75.20527158983415,23.778250815937696,28.395803985885415,-277157.3919639032,-3881657.458224104,-835183.6548229858,298730.12072546285,-1441577.4654110677,-76576.40652145172,-4470494.304371621,-443085.17840894504,-80419.02223042585,-56374.13565478454,-34070.841712264184,1078095.996039828
992,77.35134087196973,24.454113643329496,28.39565695619457,-767485.8557607257,-4180414.393591229,-1283888.1928883174,396971.61075515737,-1696548.3761086827,-10213.743861105457,-4992866.590940464,-830436.9984691152,-408484.8528306931,-88551.1571617279,-8704.149527985726,498484.91268644633
993,75.42220855359002,23.50015281511319,19.062512079441632,-450340.2645570968,-2474807.2036821973,-401599.43436945626,-439893.07858257846,-142078.15038155674,67565.5678239613,-2573507.850938331,-473176.28726280585,-280062.7644076137,-258801.3734640824,88045.0583150009,926982.0530522628
994,77.33168353319884,24.09503759459864,19.062448905570022,-334382.6535118168,-2517645.0075530005,-1188723.985302241,-158584.10650413742,-235411.72239896288,68823.33506342932,-2567508.389084113,-1158936.1911020286,-314307.0661809178,-810395.1700944176,18992.289594532038,207497.68324867042
995,75.42234472947686,23.5002823755022,22.18750384402258,-433777.9530744689,-2736800.909994616,-591681.3700620678,-351288.16659400077,-731093.7110420545,-48642.779859822745,-3009853.0781349135,-433608.2048803937,-318798.95011584525,-211062.00947376058,-49415.3718488856,955096.110710901
996,77.33182599314557,24.095141564688266,22.18739147534965,-288127.93665439135,-2880125.354724815,-881955.6980744838,-95664.73639125118,-937738.0565865065,-13183.056870977784,-3254234.624061288,-513120.65231101244,-282853.7130813888,-467087.6174675748,-10444.879216609837,245474.2882872224
997,75.422515994287,23.500412959552815,25.312484706506343,-407487.2689359008,-3083328.267411465,-780179.7053445874,-124535.7248041353,-1030408.3485371667,-85445.68820535409,-3484034.1962179276,-429496.3655929213,-357464.67988110404,-155361.81350820625,-38411.810171028425,988852.2174166568
998,77.33200515775908,24.095241689689153,25.312356518023726,-317235.02061788994,-3309747.559455806,-850316.6049808591,77069.70003032593,-1273843.8660085578,-46364.83245784906,-3851380.630525521,-385831.6908917939,-240086.86363724055,-229826.35928259778,-7732.506500975955,367645.43429696944
999,75.30335395689372,23.463346941600136,28.437471099111455,-229996.0681203634,-3555097.1824896806,-760133.4549733261,263505.10625880794,-1345057.6491351533,-72655.13925508482,-4109424.88955597,-383536.1743390392,-52265.64168835948,-52169.25217175848,-30185.95359526042,1087171.620963956
1000,77.45153408056073,24.132508121969803,28.43732747366799,-766363.7197181038,-4107078.7816356593,-1265866.7601093166,383657.35388246615,-1678442.989283819,-8856.30804971312,-4914032.901244236,-822807.4275720416,-402468.93264680234,-84816.91683849535,-5381.080381161789,496631.9081860638
1001,75.52044756328871,23.184899940121777,19.354178277195643,-452323.7177179534,-2440734.588721277,-402951.5123270176,-456914.5159841612,-141733.7848310557,77878.64315966352,-2547637.8952112733,-482610.43746900075,-265761.4860859732,-258801.2273715807,92193.81539832515,945636.3577259221
1002,77.43176252242841,23.773813132629556,19.354115307254975,-318091.1040361065,-2410255.3339506066,-1179062.123869813,-162118.38151187028,-211578.7414552804,74709.41689960274,-2455826.949816156,-1155516.5804770356,-296065.03156333324,-827083.9760990601,18504.117686640486,204913.40409793492
1003,75.52057969402128,23.185024265172366,22.39583623824602,-436971.6580991688,-2697291.3503583497,-581683.2634584903,-365493.13055693393,-723030.3800145686,-44946.33751129917,-2972630.8134310497,-437399.85289438104,-305915.6055905773,-211345.77372929113,-47858.19007388018,948938.8834831782
1004,77.43190046611208,23.77391320206153,22.39572571889908,-261346.6849529373,-2708647.3489057296,-836822.4417539354,-109298.75819154149,-884345.4790033872,-10691.08951709958,-3064340.2761126915,-489099.15484584356,-253377.04465406635,-458192.6050455519,-7849.227631219973,236425.72909431387
1005,75.52074348559816,23.185148645455246,25.43748440662096,-411106.59225117817,-3019444.4919390315,-764880.1928043793,-137360.1770714396,-1017366.0277510984,-81948.44306545319,-3418908.554226309,-419082.6832590343,-357440.039509246,-152025.3131217233,-37913.17608195718,981240.6007613862
1006,77.4320717756141,23.77400804803881,25.437359078655987,-286468.0446638848,-3094543.666604775,-800594.7924995493,59285.95384012443,-1201169.251935024,-44492.327947474165,-3608812.1162127927,-350618.67892506206,-222175.70863035662,-227258.35492081364,-8193.215121493155,356900.0097580329
1007,75.40145792690737,23.14844975039682,28.479138070574702,-238720.14573705802,-3473713.7972901226,-742934.700157838,246333.7212787508,-1329335.141430637,-68762.63999592005,-4024782.7465928355,-372024.56603960594,-58561.33055257649,-52349.065166035274,-30257.581857688518,1075389.7771901763
1008,77.5517068172477,23.810896528639127,28.478997840883004,-715236.6758679155,-3816408.9960966674,-1197143.655301751,352439.7873988896,-1586617.2526673519,-6827.171224053307,-4589873.8976953365,-766202.3789593356,-372713.05061166093,-86425.20510262436,-5855.820648233499,477947.9450469201
1009,75.61579247026869,22.872031667491072,19.64584408470578,-443521.197573073,-2340936.806779084,-391832.02444630326,-480677.2735977284,-123786.57556110437,88152.85969398974,-2460599.7379714395,-475871.6749390368,-239818.61588798312,-263007.93979991035,100838.69968918696,966707.3727215806
1010,77.53075039062125,23.44898925354288,19.645781395846164,-317530.1138533509,-2359204.5417149076,-1186069.313185473,-180542.28673956296,-183419.16124155704,83253.24699402804,-2400489.179868029,-1171747.7389043125,-290567.0499813896,-847787.3842402104,18269.5349855719,197355.48782669098
1011,75.6159205848496,22.872151133487694,22.604168862857293,-424703.51697301667,-2580170.1952262083,-556781.6314234161,-380806.7417250849,-687032.1028404725,-44796.71570590678,-2850093.2636248544,-424818.89837271784,-286743.18162506993,-209559.29865694806,-45684.61668829255,943850.851042142
1012,77.53088389740229,23.449085387499128,22.604060184863435,-249944.701532747,-2598072.4124490437,-802039.8326464996,-131193.26127490978,-847878.3629813534,-11424.511916563926,-2941012.4598280294,-471299.8005053231,-237744.6862949385,-445184.54708953295,-3895.86407283875,236001.1305653539
1013,75.6160770219512,22.872269383823824,25.562484122058528,-394891.7764407414,-2858026.5720154243,-730093.8668248259,-159011.96043608573,-969728.7202066665,-80802.96907284638,-3244694.238734376,-392294.0702133868,-346023.90633323014,-147857.8400620168,-35975.2472435555,980204.9255824446
1014,77.53104737078502,23.44917508095029,25.562361674526375,-273503.3870558236,-2953183.737050809,-766703.0534537964,36624.37036783535,-1152162.2479980844,-45149.1503062962,-3448308.272875921,-328487.5584790028,-216594.34620550467,-223236.96596930455,-7399.389880827675,351160.594398473
1015,75.49655557919678,22.836311705049756,28.520804782004838,-217431.6493586147,-3258516.119851161,-694491.7124357896,211588.05652424792,-1267247.9798842843,-67257.59535374695,-3787256.733758852,-335145.46167415485,-48037.286212558065,-50408.31491756877,-27672.072638664235,1073904.7063000663
1016,77.65090144851915,23.485311761583283,28.520667978258768,-686979.4520989449,-3623390.5575334197,-1151766.3417958433,320630.58667999785,-1524974.6552701562,-7850.774684861927,-4372659.944789661,-732698.0488074023,-356778.3578311454,-85558.9582050899,-4013.084069872854,467572.2358960904
1017,75.71006531874757,22.555569445483897,19.937510005794437,-417770.70198773197,-2180105.0842474033,-365733.96958582185,-497638.0464109326,-95715.12457083601,96128.09720670058,-2313307.5856959014,-448448.8441593285,-201853.32596572718,-267094.08557944366,111486.05895778062,992426.3714971987
1018,77.62682578246464,23.12654466062335,19.937447297193103,-327545.1848927033,-2363776.2152666817,-1201494.6586574977,-204824.8465485913,-158693.70091457592,90183.61848266202,-2402732.8132657576,-1195349.4255848133,-294733.8199663116,-865044.6788258755,17247.4420334479,187978.64469482584
1019,75.71018914372266,22.55568426287543,22.81250123141068,-393556.0027124557,-2395487.353021426,-517011.61891061615,-381224.0523529145,-636192.9426695361,-43737.83738336912,-2653708.453820857,-395357.52154573594,-256988.99927790466,-205291.49712818212,-43840.91799507904,937857.0353748397
1020,77.62695477502452,23.12663671143877,22.812394288656613,-249592.87346688285,-2552819.971001616,-773780.3769963351,-147260.41124355662,-839771.6098354119,-12062.908422326836,-2894151.9212521464,-448983.5282147666,-233057.77199792015,-426587.0100444974,877.0610084509424,244305.54415731766
1021,75.7103383121822,22.555796385147037,25.68748384673053,-358770.95070769,-2615754.06202764,-678009.4546833509,-171683.02197706976,-900772.5244827073,-76820.69193244293,-2983247.7629699837,-348398.4657955947,-320888.2386531022,-142685.16543952134,-32068.933553196955,987341.6264846375
1022,77.62711054431148,23.126721459820804,25.68736424337374,-276339.0639840133,-2892609.4363768655,-749149.552448359,24081.46557652291,-1135779.8542655224,-43659.155559012535,-3382489.0251856865,-318158.22918503813,-217450.79843851252,-218545.04810618237,-5505.612500820475,350272.98864011536
1023,75.59069625467711,22.520206808151823,28.56247173671344,-171611.63296486868,-2943905.643418425,-622105.566939611,182993.71900985087,-1178499.0906907404,-63211.446812242626,-3443638.9250373547,-277124.58020181424,-16859.3380837353,-45910.71012431491,-22028.91391807171,1082828.5151758997
1024,77.74706895290785,23.162479788238706,28.562338287002838,-682554.8937920895,-3542681.32365371,-1132531.3615784643,307232.8701442182,-1505941.402555798,-6701.994810386463,-4287212.180449582,-722973.7839369614,-347581.61463772267,-81936.83146466633,353.4308039147079,465942.2724290871
1025,75.80435763131493,22.23911296310362,20.229175728857143,-419024.82461684174,-2153982.4136159,-357442.38036880555,-533168.2033342249,-98729.66821206156,95318.68581777923,-2307186.981651997,-437826.08080317377,-185436.55614637688,-267563.5012440567,117989.34226745674,1012270.5948805895
1026,77.72288310131113,22.8040950741785,20.229112291080533,-311979.40025746,-2264388.907102664,-1178336.9734643255,-231216.9131498843,-109840.32450562209,86405.83707646036,-2300184.7156251348,-1180352.8678006346,-274167.6973986802,-866336.8751934614,11478.504306138557,172535.6349206307
1027,75.8044766581764,22.239223177974058,23.020833530570073,-393705.8018339954,-2355406.258509308,-505592.8642264827,-384372.85394667205,-636343.0454108575,-40755.319412858946,-2617872.685107519,-393262.34891683824,-243569.89054543106,-202712.1318625871,-46163.70693595213,912414.4597704757
1028,77.72300718135465,22.804182743251708,23.02072832085591,-223529.41054451704,-2390633.190208041,-722684.6237875909,-154940.62509486088,-799747.1516265981,-12587.082798461053,-2720955.720145732,-411929.85281193873,-203961.651582477,-407815.08254907414,3008.885244716261,244687.95903038315
1029,75.80461880794289,22.239329159335863,25.81248342472297,-356928.9847790316,-2530840.7917072503,-658032.6711978312,-183744.7363449314,-884178.1548812106,-72645.43778549178,-2897677.631770837,-341567.52165897243,-306557.2942543001,-139433.80716885734,-29239.114063854744,984114.4302157742
1030,77.72315544989472,22.8042627555625,25.812366684481656,-248454.01618174708,-2693431.2508105626,-703760.6953946135,7555.926288119816,-1069086.2705378092,-42020.725934704846,-3158986.343603099,-285183.6061074001,-201476.01267642414,-217379.89813217387,-6644.21047476308,336427.3003474202
1031,75.68485868768356,22.204108614447556,28.60413856994444,-173664.96525993082,-2842789.747650336,-599219.128885647,169748.59449636788,-1162631.337378554,-59178.51572560253,-3342188.7193573993,-261463.7692250721,-12021.353213443215,-45641.7805926056,-20200.065741483995,1068533.6521213357
1032,77.84321603357608,22.83964211619478,28.604008430000405,-635513.2259477159,-3276406.570793037,-1070131.8117221966,279354.8247860308,-1422029.768021796,-5172.7609959927295,-3991453.5335501013,-671402.2201439469,-319195.8547689031,-83313.96305955059,603.6157089694049,447673.12505641417
1033,75.8957809028632,21.925072222925106,20.37500815770134,-196493.43377552737,-837507.2608747899,-231605.17528327918,-116745.93918306842,-178355.2204752379,75086.29419662686,-898665.856753503,-285701.43802739476,-81238.5751526991,-262571.28770623746,112078.07499874628,981571.1639982234
1034,77.81779926748754,22.47805568178004,20.37494594994381,-152587.9598302727,-1224825.6133573628,-1075715.6044361554,179677.75745062323,-400193.10532622144,103696.5018032267,-1586534.093018959,-745102.0858272341,-121492.99877759792,-858972.1489507065,3880.2512810722938,148713.32668333268
1035,75.89589517369379,21.92517929753754,23.12499985953478,-261995.04910535848,-1371221.4230965653,-513153.7159391932,5246.329076271853,-701314.0145940161,-20296.62789685399,-1764344.9140521619,-264814.2312388522,-117211.04285010298,-208748.82134356064,-36703.72531497388,902447.4147897684
1036,77.81791844320061,22.47814020265078,23.124897470890826,-162982.69284837088,-1673435.8102589408,-801166.138727695,232428.3794269616,-946952.1616903972,21984.702028430747,-2300076.874305581,-278202.3355928317,-59305.43193659372,-401698.50915546285,11246.747508647733,251733.78458518448
1037,75.89603219902577,21.92528107371205,25.874983368738185,-289781.3499722862,-1905510.0555402557,-672459.1795739366,67467.29471109166,-909441.9658662772,-43409.92146909707,-2388441.510994461,-325280.4615305738,-154028.61256144318,-138025.16563244324,-25854.02503674548,979081.6287771894
1038,77.81806110478331,22.47821711171782,25.874869606692656,-224523.25367589982,-2235344.4650855414,-767501.537923163,255443.02446986394,-1105910.324313573,-8108.662868654069,-2847413.4107647357,-318424.20490564115,-61531.64101422691,-215978.65852163758,-6321.669341502809,329158.5865366554
1039,75.77604824064228,21.89080663887176,28.624972066962837,-138826.57467372646,-2513219.6064355676,-584856.9927484692,231982.85852876946,-1135274.9967807361,-45158.80218334575,-3051129.4819734897,-234953.07463712373,49179.382752849306,-40230.60108914297,-12456.060193773124,1072401.7965893587
1040,77.938334246207,22.512843399346174,28.624845181546824,-614191.1130166887,-3008307.1252738913,-1070862.457201247,338818.8671161076,-1391551.5565746913,13008.856010130272,-3764963.6117839003,-652272.5887847338,-276124.494923193,-83199.58073643441,2356.669658191825,438061.51482533175
1041,75.98608194518552,21.60744610513838,20.375007738900603,-178133.46942066276,-718223.946693437,-196841.06005077783,-125167.21408495757,-127121.0918958138,73751.88580411457,-766972.993612822,-261592.06926305196,-64633.41328900363,-265491.1613961611,108527.01634795318,937856.2380707496
1042,77.90982770663707,22.154427136177624,20.374948929443384,-148305.35594949604,-1162892.4739267027,-1029873.0844444975,157994.99258742138,-372155.31888842036,97385.69477416918,-1499416.976670275,-719492.295308065,-122161.64234235756,-829787.2765203356,5367.073554564346,146549.89032261868
1043,75.9861917727914,21.607551232308946,23.12499986880301,-229271.47842570688,-1169683.9565390318,-462632.8885719362,-10229.30461303798,-618864.5541610302,-10945.43786329973,-1529039.3621549092,-229262.32505478815,-103286.6363269779,-207254.28428449336,-22888.709739584527,915580.0843360373
1044,77.90994230093818,22.154509882519875,23.124901278303494,-167093.12784330445,-1609590.3851583651,-800737.5941730561,216089.30348207222,-911371.8080826427,24304.15107365891,-2220685.198797969,-279799.4891735586,-76936.4192031967,-417425.8494260429,8854.03790186629,246276.1674407805
1045,75.98632534329863,21.607650765214892,25.87498367099235,-254417.08060089062,-1673266.6134770876,-615139.308123887,50287.121002833126,-830772.3047319542,-38172.00068878023,-2129488.1173560037,-281300.24543866277,-132034.63940719885,-137115.22132238455,-18004.30206529525,979363.730366405
1046,77.91008121664458,22.154585231209843,25.874872955519642,-226506.54128912464,-2153753.628175868,-751727.7880985425,237737.15324169354,-1088015.38900271,-7146.04067900842,-2763683.4141306244,-306584.8100810072,-61719.73335190316,-216061.1523980252,-6223.012181772767,329199.2284398445
1047,75.8662300921485,21.573549455098068,28.62497250465381,-92368.09062529099,-2218974.920443666,-517058.5010423239,209410.77237034877,-1056945.691541442,-41894.99726582,-2736008.011256794,-178875.78524392526,86482.28438943846,-32762.928565037095,-1134.2304906471218,1075806.4788683136
1048,78.03045882024608,22.188834485514953,28.62484869347282,-611285.3843979341,-2931657.7596533434,-1050645.2433447859,320069.3541088673,-1372371.9556566728,12005.197707889345,-3682072.395197638,-644227.1508078823,-267288.8413905446,-82526.62409108713,3384.497933417026,432568.94208769605
1049,76.06713749526169,21.329369650605926,20.375007527187556,-263927.61027705844,-965863.2947950484,-266460.79310503183,-149087.19749533682,-203907.63656572552,73966.72733560848,-1041332.7386137914,-337582.87985227385,-117336.07971107405,-297459.4529086384,79377.0871455625,769604.1544717578
1050,78.01110306043005,21.79125051639683,20.374952279662956,-71889.68406004604,-650233.1852860185,-885590.3546051014,56925.67051137419,-131549.9083268666,94809.84226185876,-958025.3746132189,-591725.4170648983,-57962.43227304853,-808658.8825432083,-14208.200849009449,84817.24071781996
1051,76.0672435061903,21.329472724888653,23.124999706603635,-349861.6892714592,-1486872.0472293033,-545988.2144423149,-47207.148017032785,-742260.1350118689,71.19725386393684,-1896321.2421222609,-351193.3970298619,-135207.31179095496,-233428.79660274487,-35724.967446406474,769198.0530062476
1052,78.01121259124035,21.791331261341135,23.124905399181237,-63523.13068107652,-867684.1925290227,-638484.9453117504,90202.7361970891,-493319.59803894366,32680.844138982575,-1266423.335571853,-251378.0822093649,-51890.850740631875,-442820.09875400795,-13751.29011415041,171565.90238659314
1053,76.06737405235812,21.329570371009748,25.874983778172624,-419515.31264155766,-2109656.057441545,-732771.4313145804,16278.843474687752,-981080.2919907039,-29233.421379219446,-2619742.992144256,-425043.09200762544,-217156.7172458018,-168775.88313898162,-42946.962126119906,811341.1006649999
1054,78.01134736144944,21.791404876454934,25.874876717840863,-83530.6291672485,-1157334.142160419,-526123.629164388,90006.58888004518,-634981.7307002662,-686.7755778398061,-1554764.187767084,-160890.888930233,-51333.32379473805,-238207.4759376846,-30786.694277508806,251635.7939757182
1055,75.94601231237075,21.300786207459584,28.62497280843312,-364079.05402216775,-3029157.9726708354,-731089.9694455249,174161.53879151438,-1311510.0090312622,-33155.7724198519,-3630217.213068222,-397512.4814624392,-96597.3016078672,-69716.64464585824,-36623.37215281232,865569.9918051615
1056,78.13298477403568,21.820333380632295,28.62485259399736,-390498.7684957035,-1585917.4753832612,-731537.7131179171,131134.2332844776,-837701.1393897795,12485.569851596534,-2107231.5026554777,-400618.80627309997,-200103.64806830327,-109901.65450845002,-25928.764219927278,337820.64190256596
1057,76.52678080316659,18.92334252404741,21.104174128683777,-58134.3343394939,190934.58674043932,55392.07110908137,-279842.8900983916,405826.18969882326,31860.849041200396,-419053.60914050735,11246.269013372757,595999.6636371613,-267285.93558384624,58817.596367750615,772048.2031976222
1058,78.4921220537946,19.293989504994304,21.10413010147412,-14851.979556083126,-56698.108396496245,-527400.1150975277,-202838.8758703119,293571.1581935748,55012.35911519413,-697338.3895702212,-110763.99389302847,209152.18041314263,-674608.2835384522,3016.153030975822,219239.49859152857
1059,76.52686205952088,18.92342543420531,23.64583519685311,-121296.08546020396,421611.40376833605,-25640.252767776343,-312822.71403633966,338594.14076832973,-70929.0986568059,-303450.95830971206,-140471.01705520196,718597.0409052692,-228506.55316968393,-18988.70933548705,767857.0382818109
1060,78.49220500755344,19.294054352752124,23.64575940066707,-51665.87682412454,190450.6814855556,-217521.82228435588,-228450.13156600454,158337.9716945719,-12862.031233683894,-296441.27183351875,-145640.68689926347,363344.9411098575,-385173.4768206672,7618.548826485617,301377.58105502144
1061,76.52696295145829,18.923503830733168,26.187489641760223,-184411.86197797404,648052.1782840639,-51281.5875897246,-332023.9895717195,266848.85750686104,-98643.60484861776,-300758.20473697345,-140554.8956464464,853671.8290997851,-167574.06839725596,-18518.757879889494,800256.8496048232
1062,78.49230861684988,19.294112242272444,26.18740234865867,-157071.0372676981,382904.40156000917,-96032.41242843498,-236570.90308615507,68351.79710995633,-36297.26236869904,-246742.0414376043,-105536.15388395252,482079.1471854327,-196028.47385328807,248.18744605266252,390028.7817134898
1063,76.40423503884969,18.90040410369631,28.72914772552109,-15995.357941667084,953239.0143070754,165157.17459870502,-236412.87041846095,217982.22586364814,-51874.66199479922,-70597.69776185534,109295.37378454469,1063703.1549414243,-63014.70939891588,-5926.208384944993,849905.7952033654
1064,78.61525055581222,19.317324729692647,28.729048594494945,-442994.58946442604,439984.0766393369,-265411.0542366378,-177671.52456550754,-38673.10591359856,18778.815520197266,-477987.20610773074,-267153.6141013674,476719.25314737146,-75166.3772128279,3691.27436494602,466282.0651013908
1065,77.37570395050341,14.343745352297917,22.562505701206582,-72129.44998908669,141240.8897128005,30621.979051712507,-182759.20459328755,298271.38093955093,23936.14637480802,-304598.3798494026,-18567.47231048697,422899.2709353158,-198324.64373683065,24544.56615534135,588377.3570905351
1066,79.34220045480727,14.708264844618714,22.56247752801645,-16287.519519602294,14187.73701671102,-364671.51827531646,-148395.17583162538,215830.39922127462,40948.594412495,-484247.5960639182,-68966.92427916214,186443.2195648727,-474584.0523774118,411.96865329545034,235291.6993977802
1067,77.37574823653823,14.343795440581307,24.687502978980167,-110265.28639865833,306940.53702515166,-33431.02208343282,-209955.41719744384,251851.6604338509,-52975.633928407806,-223923.87939371215,-125030.91111872617,512199.01905549905,-180457.29129097148,-30136.197889455463,586702.1086031185
1068,79.34224547502839,14.708303982496243,24.687455129108052,-31935.960046461376,198666.85488860356,-155257.47710609192,-170677.7102231561,108726.09904259534,-7368.311111042783,-200781.2339253613,-98527.58038651767,310782.2320479292,-282504.2314324063,-125.72349087694144,286267.6613112254
1069,77.37324191477947,14.343367120206116,26.812495813549095,-138707.76535650494,481201.85356060136,-48037.927296396665,-226394.86850450173,198251.94166251176,-76299.21967305506,-213720.65130670313,-114058.6005557737,622235.4127701768,-138823.73838965804,-26871.830865106083,606771.6970403009
1070,79.3448621800095,14.70881149737888,26.812439867363718,-102297.32524768889,333105.87070238683,-76670.95059355962,-178326.30019665748,39380.9729070848,-28089.55616392527,-168002.45259307983,-79212.18162609663,401352.2290803151,-155770.21917544017,-7122.167906005563,339488.47335379774
1071,77.25039342470723,14.320621484947438,28.937490538799118,-31506.60034307363,694205.2725947242,109985.8918697435,-154388.5311557015,155547.99436498946,-41621.56008356554,-63654.43325044086,71215.69817832111,765123.2991935136,-58920.20821944929,-18475.261912834514,626222.6389708931
1072,79.46782722268112,14.731619832681574,28.937426100194273,-294858.7269861108,371373.03777386993,-198467.986439879,-124389.69898627626,-30653.696139705316,9200.368424615195,-317436.039981353,-200059.93687793045,395542.3012071635,-67017.92999661702,-4474.93054651538,391283.7772700286
1073,78.22410907295306,9.767235233572444,24.020835733090404,-66384.18784733179,125940.40435182679,-13915.663768203318,-129091.70916749463,188082.87252618175,13180.246070629273,-205235.99602033442,-34713.63245082696,285590.181207453,-153204.4052045933,17359.84656717962,428051.38686023944
1074,80.19280671751139,10.119457175576828,24.02081950060589,-17868.35234931117,46757.34522262017,-246439.15693330282,-102559.1619704169,126816.81191182502,24252.587274545407,-306397.8817757742,-55048.0264759476,143895.74419172795,-335737.7465213093,873.4875567544367,189726.36511016265
1075,78.2241304863569,9.767262141632223,25.729166525946717,-95905.83645886269,246226.2009660363,-52081.68061386795,-142515.88286110584,148346.99381995527,-45542.27196720273,-148860.43897627687,-109509.19335571592,356608.31622529856,-136530.2284574339,-24704.5200591597,431049.93154881854
1076,80.19282826239187,10.119477741048712,25.72913981732637,-31021.270048017977,176579.8501452534,-106743.94920894729,-112309.23439884585,45584.948926156896,-12304.296105816164,-114573.88375363758,-78758.8467330315,232147.36137495728,-208584.1167176524,-1561.5731435790042,223877.8868841066
1077,78.20619724978965,9.764155744528235,27.437495063371554,-97413.84333030578,366474.6189479222,-42802.62826168876,-142113.66174835843,116645.86143275759,-59732.94494905209,-146521.90585315388,-67986.82412661164,440766.8773356932,-106837.91961340791,-23136.635074882557,442406.16749113624
1078,80.21081240799958,10.12262430895335,27.43746351223635,-88114.11632250824,258202.6897626314,-66623.0051760219,-112675.79114447745,-1601.6493771334258,-24049.14294223703,-130244.03787293796,-58004.10126131538,291713.7073983546,-121737.00860017378,-6669.02669253709,255845.6445671285
1079,78.08317987544129,9.742159609710427,29.14582459512531,-52335.52759561475,492506.86400888884,46376.02059348574,-89547.05343963696,91621.93570811517,-30396.575029703432,-69093.2975684156,29843.500884649777,525797.1536905254,-51630.85153393785,-16910.885400703155,454328.238800423
1080,80.33388293050965,10.144651078766572,29.145788388077644,-184578.8389932271,283650.81457567064,-128440.17858182162,-65385.336594505185,-28249.88880192689,3499.4570692911507,-193540.19781710312,-130353.48937821756,294525.4841959423,-61817.71151369428,-4147.768987406805,288583.11302304175
1081,78.66995212065572,7.193270900840123,24.895833976775254,-86283.47073516861,-64849.72658408162,-68969.67343127681,-101652.52232224398,144207.04365919874,26958.60579581958,-260585.25139288418,-55238.614005324314,95720.99464768145,-113404.05660419686,-4007.276279998735,327059.6963328583
1082,80.65193386266199,7.446423928401982,24.895823842577087,-28989.950421752623,-54695.21572284029,-237682.6254426081,-60868.404865016404,86087.1558729034,19578.786313520064,-278688.4654330627,-70050.90952493282,27371.583370794462,-237856.53420520193,-5342.002640066979,149294.77951620615
1083,78.66996362600234,7.193287124652777,26.35416453214168,-72059.60553081709,37089.99193407188,-80256.62157728359,-91062.33956848997,104503.26369701269,-1793.9569322019074,-168568.32482439384,-77262.61272776697,130604.70237813196,-97398.92736983253,-35214.09708644941,349060.55828031024
1084,80.65194503037841,7.4464360481515754,26.35414840787675,-12553.232965039495,12088.085628899498,-155715.6034067814,-53988.29118084682,20756.45813804637,2421.3176872110585,-158859.26545110263,-53497.131171289446,56175.64587947072,-162815.82003363527,-12454.079851427956,160552.99368152017
1085,78.63641292386643,7.1891290896223845,27.812494044230807,-29705.95101699557,123676.2647063986,-58091.91846504888,-66541.35710619854,62239.761054975905,-12340.720974694219,-79474.5651448145,-50700.73292398179,166053.69329315049,-72308.64310433705,-35365.50939904526,364119.57030000736
1086,80.68552176073027,7.450617574248314,27.812474733021055,-19576.625710441393,40335.39310428511,-121599.16666682623,-41066.94835441278,-35013.78645934958,-6976.666457573837,-131073.88309143714,-35288.702603408114,65522.186421862745,-104249.98846154477,-18059.370158849622,168789.03385783412
1087,78.51255225093598,7.17331682650569,29.27082408841521,11040.99679757934,195007.78489322087,-17154.510258799455,-17204.59965950551,1257.816485479738,-9140.272892037752,-19923.653404711764,12194.3972713324,196623.52756538015,-40195.73026968968,-31563.961943654274,370142.0250738285
1088,80.80940901261194,7.466447422100061,29.270802257626347,-35696.71466533946,55399.09305013954,-113937.83216506864,-3210.5715599069163,-70095.60316974271,-7431.047159449574,-139815.11550424327,-35071.939215351915,80651.60093932663,-52352.048800192606,-14446.524442335669,186133.19505626097
1089,78.71987496675766,6.572314585278956,25.187500477800068,-72169.50255363979,31180.880046769948,-58959.67105190001,-89216.78982908513,138889.22039052352,25618.68836878662,-203820.81616986755,-44322.733735420814,148195.2563465185,-106725.5482160704,-2144.2007654951485,321189.74177254544
1090,80.71293918780944,6.738700952626114,25.1874917286241,-34276.38738486778,-39629.000984592756,-224880.17301584335,-65165.468702718106,88644.43938353579,20090.04244571372,-268693.38899631007,-68354.07554711134,38261.903158117464,-217654.6673221471,-4150.081613330366,155267.9234902903
1091,78.71988479699279,6.572328641585556,26.56249761921114,-63586.0170619047,127622.34658724302,-67737.24039438042,-79243.79378566207,109847.7882355447,1065.6911233474045,-136757.3566287072,-63968.70704961161,197025.15280927668,-91658.620181435,-30636.374772337796,344322.75420646893
1092,80.71294849166406,6.738711629990083,26.562483809723094,-18257.181777166687,34161.87010043253,-147118.46098233818,-55184.74872947315,29383.23175202724,5328.215052425499,-153365.44477627904,-49140.99310543401,71292.66522264078,-150453.26075532136,-8405.764758390538,165106.15775165329
1093,78.68096861285056,6.569091104816727,27.937494159325645,-24861.47094569329,218768.17084014,-40997.80470668386,-60355.43324549268,79119.44409457855,-6308.799287431095,-66667.80949127146,-34246.01034686743,253822.7150259018,-68588.70552605396,-29757.72128085705,364231.1294083748
1094,80.75188645564856,6.741969699535568,27.937477630969408,-24139.230442013155,74478.00650638175,-110894.36339359375,-41422.992478877386,-20041.73488733934,-2509.1234428148914,-113626.03628771401,-38101.39679880748,91171.84575729634,-92177.09645462105,-10402.470574189536,177281.0186134885
1095,78.55641322503561,6.558700441343055,29.31249119893796,9860.159556002909,294814.9460157235,311.5105531373847,-17315.264497411434,31552.795531270345,-2942.313032905047,-3132.4835621574343,8899.674321407034,299219.4253656145,-32782.084069691686,-23637.980020386607,378881.1173225392
1096,80.87646409928423,6.752375734262269,29.312472641591675,-32850.26534157439,101247.34159666135,-92970.68710790077,-3295.2558113150053,-47048.240599413446,-3069.602820490345,-103963.24915834221,-32698.669835172237,112088.30814070057,-41049.69364841757,-5835.041377206643,199519.3727109204
1097,78.77508877316238,5.911089254360512,25.47916709862665,-67935.49589030434,42658.96669283327,-57250.98956211886,-76902.18530317764,120190.54315026847,25735.26133732792,-177845.87968597937,-40615.32278491154,135933.68371130098,-97995.5988181211,-2056.4922900377715,296124.84960592294
1098,80.7686536861202,6.071246583652027,25.47915963162264,-30158.340842440535,-21779.91975661384,-202204.28069160393,-58247.79779263911,73917.36239733464,19300.749408084153,-235900.02498920052,-58686.607664990705,40444.091363532934,-199739.21604781316,-3235.2563626896135,151680.3545081408
1099,78.77509711826093,5.911101242397323,26.77083081822446,-61093.3769074327,136874.55401054036,-67588.9655075019,-69729.40201444642,98039.52016981952,5522.764513135224,-125758.11785627015,-58040.31192716329,191990.6413790393,-89021.93023754825,-27613.967440248885,326744.0746685067
1100,80.76866147453792,6.071255993839061,26.77081905185193,-17504.71381657723,45189.898895769526,-139203.5077712889,-49027.098122648524,25915.917433923434,7421.240562117375,-144488.51655102608,-40814.30168726906,73784.49554619857,-145503.07767989225,-7798.1929051731695,160576.74755356513
1101,78.73097716249936,5.9075745871121566,28.0624943372357,-25024.071382003858,219452.21833563648,-38310.479482416114,-51168.54053892358,72728.74372801298,-1771.686619804268,-61876.83438689636,-29720.60340563947,247715.10526375228,-67203.0759337484,-27933.29892401695,343426.4058344688
1102,80.81279946479067,6.074800471518559,28.06248018139507,-23776.45849606485,84259.36533870918,-104821.95236666875,-35557.55157494977,-17444.799132675304,-137.6387245975156,-106567.42572456636,-34066.939521387896,96295.31972192982,-88102.77099228466,-9133.382700143276,172527.67200819033
1103,78.60638851424878,5.897571951147973,29.354158335578852,3450.8027982618078,287056.6383090508,-4105.828508564518,-12327.7533705138,27992.014154771532,-739.1357546544133,-6791.823863809072,2938.9645878247056,290254.47187473223,-33287.66379789905,-22817.155550912692,356709.91009605443
1104,80.93740625321311,6.084816417370226,29.354142470679424,-26559.1286929867,112294.18631044688,-82294.74029492112,-352.8610694854304,-39518.6551757123,-2325.0958333382214,-90101.14295775327,-26472.31354052387,120013.7738208162,-39713.24674721995,-4990.3412385080355,192822.97919378697
1105,78.81287846936355,5.421949865016361,25.770833486718097,-115923.3899428376,-153502.33390948776,-114520.75106279661,-112682.49218767708,126412.12303664058,38492.235803184274,-322838.58232121076,-77150.11565910153,16042.223065190414,-94776.92048385556,-542.5374252038304,284025.43251393834
1106,80.80782830419017,5.563409255043446,25.77082687166551,-70802.44173542545,-173228.40755604865,-246333.73464880473,-81606.7727188207,97852.46754218354,27024.760684341607,-333088.29905352264,-134833.61735601714,-22442.667530739047,-192583.8752446946,-2274.9505994123097,151876.69836132484
1107,78.81288584613293,5.421960198299306,26.97916419917619,-98794.73847160736,-23221.9908896191,-108565.78110391014,-100572.57897543896,97129.54418418974,14902.099578383379,-218656.5068196931,-88868.17782299852,76942.1741775551,-87625.57460167,-24572.812620735516,319056.9074091459
1108,80.8078350810047,5.563417585030186,26.979153848489542,-46598.26229375506,-69751.97729006075,-167204.61999522155,-70363.863893691,37920.39538876035,12721.50602910991,-190787.80322172618,-107182.39737012058,14415.341012809422,-143153.34834629882,-7816.296985195374,155905.5868945047
1109,78.76353834301135,5.418485809103939,28.187494433339406,-53870.09544756671,89909.40751137532,-64073.26007813885,-69304.2171336682,60311.2537078537,3294.9588219356856,-105372.40112404093,-55934.8629344316,133273.31604414235,-65588.6654627594,-26950.11059124834,327390.7824194762
1110,80.85719793939495,5.5669075885098405,28.18748195589748,-44582.818475168846,-3426.4907114921953,-121092.00402462023,-47749.75112970476,-21586.697179938554,1923.6970240310156,-125587.19635298577,-73926.05586228371,30411.939003988195,-85369.9977860689,-9221.412229986287,165876.2551416905
1111,78.63886159547737,5.409650740375856,29.395825151394593,-23108.6813646061,181466.96914856488,-29477.66077646336,-21682.475843546785,5787.9112598164875,540.3712292312932,-29916.70364237463,-25094.737856048956,183892.06850591913,-33711.25061545561,-23376.29884984563,337304.8478563881
1112,80.98188959788085,5.575754300875867,29.39581119311967,-39053.24052640457,40943.92718044313,-91865.52005220599,-4407.820351298682,-51270.681953673185,-2848.567563216618,-109595.93244514069,-38920.98267805599,58542.08172502924,-39215.27452535472,-5435.197685106373,184754.7439307734
1113,78.83393689117325,5.095547013436706,26.062499963615448,-106229.13120615327,-99338.99655876237,-116249.53633551432,-108343.73248989179,122250.014514243,41299.04883406447,-291616.67543438915,-69637.4896163757,39436.50095033505,-97157.2243920839,1527.7031682245506,291162.4569817299
1114,80.8297708771947,5.224538242357263,26.062493680577337,-72319.61251979321,-160752.49263571203,-253641.6569573432,-84233.39392004757,101234.45100171983,30677.601027094483,-338583.9229192095,-130477.99764579948,-17651.84154783956,-196643.32140388648,-2295.8743096492776,158381.96015778405
1115,78.83394359674337,5.095556128463903,27.187497193405115,-90729.62534690948,13247.724706046902,-102871.83224977524,-93133.25768649028,95552.49554315906,15270.446837572077,-197129.59134294622,-81232.74298831384,98008.6014406223,-85646.91864083588,-22331.613701678794,319070.7290698729
1116,80.82977699250597,5.2245456630312415,27.1874876133451,-45417.44461404353,-57324.20657717054,-160299.72322293048,-69231.00713267957,39962.51298257984,13325.197975826308,-184860.308339091,-98041.0565379425,19859.99046288893,-136587.0690247593,-6468.094000646715,159039.47284935965
1117,78.77937700346374,5.092036919255189,28.312494424672092,-46483.33061117217,120775.01543640392,-54371.61874277605,-61590.86478597197,60763.13193213448,4187.066770481937,-90375.32467718067,-45994.753898458024,156290.14465809433,-62236.0045224934,-24750.765308401744,323523.2289135587
1118,80.88435709996786,5.228078674333799,28.312482963343417,-43899.811293781975,8463.983442738943,-116005.52453994758,-45397.90105960946,-19043.170138823734,2119.362143021587,-119211.5924293481,-68942.61218133577,36712.85221969326,-80084.63153039468,-7650.0472474804155,168509.1903966323
1119,78.6546440760886,5.0839802523591064,29.437492115032104,-20445.113888282045,206645.9924780433,-24732.797544180714,-17976.359472539163,10452.909092079217,1046.146748651795,-26022.78797561201,-21027.594004606297,208518.46302579896,-31545.775772961235,-21347.18114803113,335454.6479469978
1120,81.00910305983135,5.236145623315362,29.437479340227227,-35016.540488488274,54941.795148621095,-84183.53799758098,-3531.2683479410616,-44992.520468095994,-2972.6391747192247,-97702.56000250146,-34842.59600994331,68286.87267499662,-36441.39459750927,-3981.366165509822,187065.96892560617
1121,78.85507338938861,4.7691489346099845,26.354166325433212,-105094.2040419225,-81290.21292425317,-124605.24751104826,-112190.23167246016,124259.1345156443,44666.46203864663,-292864.87938212755,-69433.79928774151,51309.01419264501,-99036.13266673563,3049.4182349589228,299279.69727442367
1122,80.85163551767057,4.885662103804192,26.354160345679762,-68274.79045366125,-129435.09088690043,-251042.92798693903,-83113.93923125857,103694.63621099097,31850.61148408341,-329535.2723209397,-114778.81036845373,-4438.726638107189,-197019.53794908454,-3005.9168135132836,161630.35882742426
1123,78.85507936287833,4.769157005239583,27.39583017386309,-89012.65819133466,20588.331409975784,-101507.37453076814,-90072.36847742827,93132.54765852995,15797.78356448247,-190917.75333565913,-79099.46806074437,100085.52008427653,-83361.74605673326,-21969.230837040977,308993.7383001952
1124,80.85164092674367,4.885668699761299,27.395821346647427,-40463.553081126985,-31695.899235474222,-147131.15735434977,-63763.274255557975,38376.552531736284,12490.077979782063,-167548.2549543651,-81851.02729810083,30108.672581514995,-129504.8073933523,-6652.694491290396,155661.5505793756
1125,78.79529159641612,4.765690909762702,28.437494423016027,-43672.28810161681,131355.41433452518,-49246.32056342458,-57370.20507244861,59283.19165853411,5252.014682451394,-83619.34164624507,-40982.978853454275,163039.12616918318,-60200.366894257226,-24340.26931139312,311862.3666171228
1126,80.911440338293,4.889146892037414,28.437483946045468,-40275.40974263041,30561.84147257326,-108296.57621175973,-40573.232116689316,-17260.71197630418,1723.4042984678256,-110586.15158604148,-58125.264015876346,50701.27112010096,-76584.84690501967,-7782.729754820233,164333.93241271572
1127,78.67051219932323,4.75841345976864,29.4791590716726,-21774.340178597573,212239.48002800718,-24633.577589121473,-16345.961355406374,10954.831731472796,1478.5963013073037,-26509.692163769025,-21525.92995538137,213867.18437943835,-32273.4273709009,-21986.402739738453,321934.0728398826
1128,81.0362309419404,4.896433359979455,29.479147444406838,-29068.587165080546,76881.51714705545,-74726.27966615808,-1600.0928527218769,-37589.98793704131,-3131.427236070953,-83747.8260227561,-28861.6268292106,85696.10316778356,-36221.877440219796,-4763.741879689106,180061.25542403536
1129,78.88056590548177,4.279214201897534,26.645832518009453,-58205.43787011687,108341.22951362375,-74093.72302404742,-68241.10742534412,94079.95912414358,31948.791268426005,-151099.03983043737,-33278.42528704319,160419.53373694,-98412.6500944327,1858.5885284693773,293395.02671307663
1130,80.87816193004448,4.377007015368205,26.64582723367342,-29698.33113939671,20495.265136869166,-186090.30230692416,-53525.47613162634,66662.98431298317,22856.207487337222,-213539.19574691996,-44862.624785420005,63108.452222888256,-187010.66981777246,-3889.5657165525445,157205.88978337345
1131,78.87536804076082,4.278982912386325,27.60416361550969,-52296.24453391504,162319.34714663116,-61411.639347371645,-52324.09714266615,73424.08092467,10307.911523773342,-99186.54725437619,-45608.483349791444,193406.49386951214,-80530.8724504618,-20862.681251716014,294145.6400615856
1132,80.88336912837084,4.377251287419464,27.604155954389565,-16273.731618740137,79848.02360087232,-110102.16441776017,-38411.34084522447,20997.1114824452,8460.376789076947,-114138.85439546058,-27126.860209086706,94737.84216891925,-121060.06778116671,-5585.0919826531235,155987.54494536598
1133,78.81034673452928,4.2758136218166065,28.562494630294093,-21543.884488791344,231265.77740357493,-25800.524541347768,-31676.732723768342,54953.627420138604,3777.120204547526,-42693.32186808235,-19336.922705336186,245951.61294685426,-57155.02317875438,-22327.463830150147,303656.993760175
1134,80.94839996281313,4.380430936940603,28.562485555262327,-21896.980384405026,113155.73234369047,-83919.16592524192,-23344.237932810156,-14252.441873928175,538.8076795684166,-84966.02066431927,-25762.036759700582,118067.64345806342,-71874.0793066394,-6282.500125351255,164657.42552357842
1135,78.6907045037498,4.2699438447516265,29.520825946664015,-8648.753412924125,282789.9379447551,-10399.677477068355,-4028.120162136335,21390.596132192426,1685.2710119275011,-12882.260235593982,-7770.359069192096,284394.12635954865,-31083.843501735886,-20169.24000788865,314948.1890767992
1136,81.06805123086167,4.386308325319725,29.5208159606235,-14077.06420890594,139965.5530326424,-55250.50316682503,4296.778014310777,-22552.422609931084,-2839.5432863715173,-57946.53475796536,-14087.015379151333,142671.5357940281,-34057.12970743749,-3359.357359118293,179911.19367179094
1137,78.91093189728088,3.6163822252703692,26.93749915131939,-56753.65197462567,100760.14806193857,-74125.9721749337,-59235.31221335005,86236.84365891179,28954.820850164306,-140921.79546596474,-35259.49580453653,146061.81518288044,-95192.71677383002,-2552.8342419169558,269553.35822647356
1138,80.90883342517344,3.7079336644254086,26.937494836808856,-29269.774292094335,18659.132867227687,-168760.81502774227,-47152.973636401446,64776.0533439491,19137.10542547619,-195509.5253997465,-41438.74312686323,57576.81207400074,-169224.98430000772,-4811.3759088019,146960.55980091513
1139,78.89532721149818,3.6156729868038244,27.812497024094487,-47067.58294616554,162827.63450575448,-56006.66489821904,-44385.496615113945,65382.718030102944,11274.280752327135,-88511.79911817829,-39409.214966207954,187674.4007457561,-76655.03768000306,-19840.343659413767,275466.3917888638
1140,80.92444529619338,3.708653915811278,27.812490795814693,-18002.05545615147,79804.30640625382,-105573.40577195535,-34549.537044273595,20004.407129378676,7833.242899190788,-109244.45100141152,-26724.398044602738,92197.69422416127,-113003.88913824229,-5770.439359306696,150465.19092526071
1141,78.82509227901642,3.612459081688516,28.687495033751873,-23714.795327907763,225340.92958117533,-28695.001365654694,-25327.353236598978,46555.88010468377,4135.676210365542,-41555.44925069671,-21378.79892364898,235865.38106195861,-54412.02314381373,-22025.21956558658,285993.5785166562
1142,80.99468748738742,3.711876421194658,28.687487657998204,-17869.59255788732,115405.67386309557,-74268.25144798259,-19276.678363847575,-10697.638436465428,65.508708638184,-74888.45882683377,-20563.881325132017,118720.17000919142,-67129.10094845844,-5419.824699767466,159986.5616160098
1143,78.71583551051582,3.6074554189101677,29.562493243997512,-10997.43725449311,273748.7147784595,-13951.33033894976,-1094.0623651355686,17995.669721136393,1899.5032190000372,-15865.396738048776,-10207.949553771658,274873.29347683716,-30587.552490094207,-19495.81302477362,299326.58767981164
1144,81.10395101676343,3.7168863725969277,29.562485244079372,-10229.585088670894,143080.7678555867,-48335.178445941245,4760.073496600482,-17946.7801255479,-2731.150184491084,-50133.85916941326,-10259.706258147706,144909.56974853552,-32458.691284894463,-2096.5474058959585,175818.6830561802
1145,78.9411095170495,2.959797710555438,27.229165776986534,-54173.63276208945,101157.99547251493,-76856.88972449146,-52781.594464012014,78777.38859768363,25848.375977327334,-132261.27035746677,-37292.230231324174,139680.973574725,-90270.95965969888,-5671.622442942629,252215.55172379728
1146,80.93969354836018,3.0326131620802466,27.22916228529863,-26664.37869629134,27921.152208533378,-151453.81769434095,-40613.40211487492,59821.38339132913,15095.578926911354,-174403.9349013492,-36016.0160284253,60222.906747675566,-152620.13504243025,-5918.577289294788,136727.41365558832
1147,78.9150873961976,2.958903266276639,28.020830399381786,-42651.325698077526,161984.72366273525,-52953.543892355134,-37475.48121713824,58390.18826299167,10439.72803528386,-79385.35353925895,-36163.50860009684,181928.71621165826,-71782.43431350835,-20335.763825316044,255364.26547092543
1148,80.96572099509919,3.0335165060747826,28.020825442106673,-17347.75515506076,84125.43268174893,-96494.05530044681,-29366.18973758015,17289.81129940897,5771.07260406744,-99073.33181247127,-23877.68847539453,93234.64251410721,-102710.46064159497,-6057.8406570302095,141080.38874497075
1149,78.83962186116261,2.956181835950895,28.812495390854476,-24359.8033667505,220947.51799075725,-30962.56430580216,-19995.665637751314,38354.63788990433,3639.206025161874,-39734.93262103385,-22765.039814666576,228125.12275390507,-51164.68230910427,-21805.231288196057,266568.88917780377
1150,81.04119182964735,3.03624489268985,28.812489571178325,-13460.201084574197,119996.93524165603,-63914.06614810638,-15214.188633717438,-7068.411668076227,-826.551386192917,-64225.44718168091,-15119.781440717272,121967.89663137369,-62305.09387260929,-4737.115415312626,151134.82521666063
1151,78.74073787650755,2.9525325044284414,29.60416051297304,-12018.666379664865,266212.5814797089,-16270.11824274491,1656.9641714201487,15371.587668588641,1835.80717466767,-17645.308717238466,-11488.498620496548,267057.6041950341,-30118.58530744916,-18632.60813126242,280747.72462758026
1152,81.14008068608244,3.039899403742617,29.604154308774035,-6304.230748114154,147294.26817554922,-41439.577700693924,4562.279054971692,-12985.276636734583,-2512.0468804861794,-42462.420282497565,-6314.907436681359,148327.7874459201,-31701.694548490643,-906.5901891971203,166647.53021497978
1153,78.96316945811886,2.1425183624920887,27.52083220672917,-39369.551108133615,135800.87380230322,-59327.68352951022,-35084.669064063906,56150.69410875012,16673.378827189124,-88316.77522251754,-29945.85570075485,155366.27008793174,-79537.35782787549,-9689.732660427073,226000.90436087383
1154,80.96269629625586,2.184100844547201,27.52082964846977,-14457.78931907093,61145.03924829221,-113396.87272606931,-28835.489021274494,41727.825864542516,8263.836041492012,-124810.8740359708,-20056.084688297586,78157.3359274204,-127883.88109597699,-5390.707589692567,124426.15317826366
1155,78.92672100864375,2.1417965259601353,28.22916412315427,-30095.737105271743,185337.1895058592,-40892.74945060454,-21879.649297678556,40864.72113454814,6253.470747238596,-52757.3071025313,-27257.19797708719,194363.20802960143,-62590.07407432992,-19849.614021922,234544.9841914831
1156,80.99914822310373,2.184829383875062,28.229160570922286,-8981.593325619593,102814.68113768593,-76382.13236823896,-20898.839756540674,8325.679895814059,2457.503149301227,-76946.77957386133,-12524.328518572991,106922.06353626167,-87752.350905471,-3368.001854552875,134381.56323683937
1157,78.8460124112708,2.140137065146074,28.937495837791246,-18990.10911104607,228034.64192047907,-29369.974283628137,-8197.206760203695,26285.731733948352,1863.111406195838,-32564.680921993535,-18706.302816595933,230945.54226439435,-46202.11059862792,-19190.832990630377,249302.46328439156
1158,81.07986027334968,2.186494144799757,28.93749173170696,-4707.062376558781,130396.55251694255,-50139.60338047943,-10288.833165629394,-6164.089258206956,-2111.1444411042526,-50483.76795847713,-5339.486591460142,131373.14130984154,-54987.145544433064,-830.6000985735844,145870.29291663627
1159,78.75749403581636,2.138265359711701,29.645827622890497,-9601.806259346224,259590.31685268416,-17807.963006106787,8326.847547398636,12271.605395376679,1624.150893888522,-18531.378439805583,-9680.952366944424,260392.87839398131,-28607.466098089015,-14935.220158107382,263776.69658736914
1160,81.16838179854581,2.1883699426913683,29.645823352324047,630.7614546918485,150976.8564969609,-33762.214234636005,3728.2460043254678,-8374.631794351943,-2413.0658999400744,-34285.3800837255,677.609347967828,151453.17445277452,-29510.467056899874,3541.084247070267,159543.51723291847
1161,78.96977164116387,1.1488133909819673,27.812499026702007,-29761.68616768017,127410.68770492196,-50274.89643086853,-17057.136525876955,32531.467634635654,6259.207724218731,-59029.60159622855,-28279.05913746673,134682.76584006852,-59028.97576703419,-13331.590581833521,189413.21764828736
1162,80.98518216907743,1.1781277283962102,27.812497379042636,-6074.552230863388,62198.09044037078,-83740.6159333524,-24062.19112396482,27880.64443179711,4857.70131346723,-89923.61149444713,-11569.787148862617,73876.32091946475,-95282.8759150484,-22.52102875103901,110554.57513781583
1163,78.92290278666516,1.148133986394653,28.437497723093575,-20079.33280471163,180174.52131402405,-37706.44036633892,-3607.2997024248507,20892.037364976688,-54.64100105469078,-39695.84224072798,-20139.05663415723,182223.6470178588,-48761.365612868234,-16114.713008761875,213706.7304146837
1164,81.03205297067997,1.1788116931520702,28.437495552498184,1206.35730415734,101008.21729210399,-56713.7168456274,-20156.005437491043,3012.365693398448,1562.0636132070567,-56839.5224324898,-2628.5590042619842,104968.93918738565,-68739.50647480853,3737.995558933172,124851.81870370399
1165,78.84478720079223,1.1469994746922028,29.06249638721765,-11131.79989616698,219066.24472110416,-29985.81930486954,8224.209771487795,12642.601312483614,-1182.425568559509,-30757.64829862532,-11287.774664131273,219994.04848282438,-39423.826307496165,-12326.421304246283,233504.56369587083
1166,81.11017050743997,1.1799498317868296,29.062494001090563,6230.9591324181965,126647.75985188069,-37205.108201934745,-12577.661658918367,-6401.385250920621,-1895.6259886229332,-37587.442242491845,5083.116046190154,128177.9369786659,-45566.22418560865,7238.6336429258945,138440.7028243639
1167,78.76667130062815,1.1458644824205726,29.687495080609665,-4035.1573742055043,241884.02505981564,-21587.190814575544,19867.429861382556,7421.691530608431,1009.7247134729839,-21808.547853440003,-5619.357691425913,243689.5824159005,-27668.996985841204,-8199.084755765422,245904.02852511336
1168,81.18828795460738,1.1810876852113399,29.6874927295072,9686.446240999328,143532.16443186675,-27689.900883044,-1666.254424667049,-5697.160352975745,-2187.472960478035,-28012.596614045906,9800.860464011332,143740.44593985673,-27339.11146376934,11313.333577419746,149053.6846445105
1169,78.96864220206908,0.15841390180315695,28.104165837929596,-3431.7153990591396,146389.32511144946,-34365.88818843297,13077.803283477862,711.8821486870165,-6930.791052679174,-35914.00618421642,-3016.652209101086,147522.37991727484,-35078.48298177616,242.76655521613912,176638.6268979902
1170,81.01539986869223,0.16884943071763991,28.1041649962503,5042.526750847663,67399.70313349538,-48907.02423548921,-29415.25666905314,7392.169493762671,6750.184834545946,-50886.28861788752,-4814.740873310691,79236.23514005204,-65161.721276921744,3176.258367193463,101260.45840063466
1171,78.91135404659171,0.15816780489862003,28.645831328233214,6454.237316142731,186790.00133594987,-23094.650131942624,28040.521024126316,-2983.148572114822,-10588.983283310052,-26668.405428856862,5672.13120008621,191145.86274892054,-32471.354044914067,3261.8138763522193,206478.90794465825
1172,81.07268883089914,0.16909817070938354,28.645830335872233,13256.837628627341,99759.8818150981,-27371.699297580795,-29398.739276522694,-8741.105633982128,5839.724880980412,-28389.197832011945,4487.450373686487,109546.76760447008,-49163.421506990795,7227.12542401014,117455.902451594
1173,78.84365035804849,0.15776992758155106,29.187497036964835,14179.176514603358,215804.94475746813,-15177.33588381311,37732.180159948985,-5076.350192345305,-9176.995090593702,-17968.216082392737,9955.303331288635,222819.6981393624,-26938.16512627291,5884.545292257183,226362.73468039514
1174,81.14039337471748,0.16949821727696776,29.187496070427663,16711.73629416737,122299.25784787143,-16692.218751403787,-26045.61808851565,-14823.802922934301,4744.914292263149,-18386.3648138657,10689.92999723384,130015.21020726697,-35364.03861225313,10752.776968070173,131860.3424961861
1175,78.77594649521691,0.15737182163302785,29.72916275258586,17113.756961710016,232087.29114194497,-13000.939962704382,43279.88952969413,-3997.000306345274,-3925.2534823207775,-13516.963680432369,9157.489095403113,240559.58272597988,-21051.26266006674,6347.695731369124,237376.45271465596
1176,81.20809781438822,0.1698981069083308,29.729161932851106,17264.960713952994,140228.3383582465,-15614.399740449786,-17993.793410939998,-12381.80626804375,2891.2245817243543,-16659.51656945027,14724.607515788653,143813.80838541134,-23542.08401116674,14549.081451193759,144364.27466049802
1177,78.93848414508844,-0.8217071601505443,28.395832364316092,6004.205286134897,93443.29240873747,-31684.9592164366,29148.32640457781,-8723.284491093344,-9372.344836638063,-33918.560072923014,-1498.572533911981,103179.67108527073,-35884.058518421356,2700.6445988782357,115205.55621890504
1178,81.03715182875966,-0.8505487254929736,28.395832158836082,3783.3753643871023,50693.6948096748,-31884.815558136695,-34652.888640281046,247.32623812035388,9056.044997391218,-35233.10435518134,-11419.317724887787,69244.67669599429,-47565.00943331384,-5038.440057075529,78652.07566524869
1179,78.8811997401127,-0.820977459067157,28.854165194400018,13220.828020334164,111116.72719459684,-20051.314566607718,37860.69535301365,-7313.010772260262,-11857.934247064608,-24054.911564026203,3489.219441074797,124851.93277127465,-33318.59447316827,4873.150886997745,132163.4178133924
1180,81.09443654661875,-0.8512770894338632,28.85416500519485,9442.946186721265,69685.5702639931,-18482.00324778592,-37120.76302245226,-6486.205418596777,10677.183885647006,-22715.0588139182,-5032.868130024852,88394.4401468715,-40594.14622502147,-2301.165458630957,90120.1148259174
1181,78.82391536950801,-0.820247890511357,29.31249779444789,18072.619403270706,127428.47018713165,-12781.669694455268,43133.06116714306,-7847.706233918006,-12783.829215293381,-17918.654000482562,7378.031847905346,143260.04204852434,-29634.084357098694,6022.867993099303,144788.2989379116
1182,81.1517210894351,-0.852005526018368,29.31249767170386,11565.115963296648,84793.86979739302,-12023.066216694308,-37717.6348978611,-8943.798166027666,12007.59300655548,-17731.20715099722,-145.77377337449678,102212.90046836706,-34693.735620090556,72.4300492868954,99908.3278901493
1183,78.76663093694023,-0.8195183833229395,29.77083040982248,17781.622699485713,140078.6054929137,-12854.164103361014,45624.279358354244,-6908.471806836392,-8852.29520349012,-15502.09948571603,4765.635843588155,155742.5277311663,-25312.555719782402,2831.837049271382,154284.14030986663
1184,81.20900550802429,-0.8527341173842093,29.770830394292133,10482.320696256858,99809.76292964784,-12001.68068519565,-36348.203516233254,-7460.047703470389,8790.46144346184,-15366.08496289575,131.12841621219965,113525.3594873925,-26812.22069744044,-956.9855621980975,110230.8849149447
1185,78.87921639852883,-1.8108834344006441,28.68749916276787,-1319.8338482097715,33457.90641614389,-33427.18770028413,24787.448535226762,-2158.267039503319,-6381.748030029348,-34776.89142454575,-13156.006852662947,46643.783144858666,-38386.464128457104,-7191.855161956887,54932.93086437445
1186,81.05051919050317,-1.860731655472728,28.687499168802503,-977.2668228436632,33161.17262040396,-30731.92508369578,-26857.920909563923,-1032.8888074911742,7767.715799830943,-33268.641670874946,-13469.955418350533,48190.57780309,-38931.55176567166,-8064.434875312649,53562.12775001138
1187,78.8323537794849,-1.8098072620359063,29.062498745575223,2563.127513356001,41070.873522805225,-24039.721759731794,27897.641832181358,-1981.3839089384826,-8226.63705100312,-27109.50282019768,-9401.058749825352,56104.840846452455,-35426.028479849796,-5511.955670917746,61481.15515403009
1188,81.09738195021565,-1.8618072113852224,29.062498765068465,2826.1348212578905,43357.710390445405,-21439.0440574124,-29186.86973105543,-2925.5995043739244,9533.540955998711,-25789.02628414405,-8705.463034454737,59239.2904728897,-35938.251455959755,-6047.25828819012,59823.9760796396
1189,78.785491200667,-1.808731109161731,29.43749837016338,4434.510380402642,48699.139099939304,-18462.669167585496,30116.255150418263,-2338.4316931623403,-9861.596025070829,-23627.52312654027,-6163.210031945464,64461.71347124218,-32892.965654224274,-4660.879962782957,67001.86216869771
1190,81.14424454510916,-1.8628826837974888,29.437498405045737,4411.621768474948,51797.90383408849,-15787.494093243467,-30855.86339116259,-3320.656883155579,10770.529152859106,-22295.821437889743,-5014.778020151556,67732.63096736127,-33225.892981233315,-4862.6423764116325,65069.86788914511
1191,78.73862857564121,-1.8076551256694118,29.812498029740528,3039.56151790659,55108.37114281986,-16557.97306601097,32218.7401858392,-2281.0510277842905,-7599.30721865255,-20903.00620355666,-8330.762375943332,70823.72817421552,-28316.98495052204,-8611.198848056874,71991.66765247638
1192,81.1911070511513,-1.8639583360186949,29.812498085076275,2887.135779518432,58537.26894633824,-13740.961172347987,-32742.55865588427,-3176.4039104935146,8045.926946407468,-19254.494734114644,-7191.117693328124,74129.05598095144,-28203.989235372217,-9120.530226410177,69747.32883776937
1193,78.8201630369527,-2.7990380547282694,28.97916598237971,-3470.7048242567244,17179.35622667896,-31009.60316661852,15932.118902582164,-1684.1257782960552,-5326.926532005858,-32043.718631406566,-11382.106201570105,26124.873068780376,-34544.2505806647,-6939.199802103402,34193.34277404586
1194,81.0636719787767,-2.871934932425789,28.979165988859954,-2236.6914062817596,22734.23838083342,-28319.403822452143,-16017.33960396171,-4307.529726877267,5852.080366511274,-29589.504263156305,-9488.911337416663,31256.558752672492,-34308.07138409428,-7693.633113912309,32418.963498476696
1195,78.78372367369968,-2.7979082614789195,29.270832204333384,-1080.656956697886,22497.303550567587,-23308.654242362925,17229.082053103448,-2523.0513868770036,-6208.345324406907,-25025.89260125392,-8929.489515824309,32063.374468585,-31017.090109924007,-6334.669908148674,36950.50564602185
1196,81.1001112204259,-2.873064390085175,29.270832210338522,233.01438076673912,28562.287285121143,-20512.579998343426,-17312.871202516475,-4935.525824762321,6594.5744096031185,-22431.632211716416,-6969.122241236425,37683.47612049732,-30668.134408655078,-6984.26076895667,35557.631493588364
1197,78.74728446066361,-2.7967784952055132,29.562498709685908,-361.5229466603887,26315.887455557557,-18832.00945750365,18528.806349583207,-2365.4405103832178,-6513.226772085532,-21238.867567019784,-7918.036103624898,36279.25872203818,-27743.449387143177,-6748.633408643871,39307.69695615569
1198,81.13655043657171,-2.8741937489105736,29.562498714073683,945.5757496109363,32723.641527439868,-16334.462509885963,-18566.12820370941,-4550.885102764988,6757.637510118526,-18750.396009285534,-6020.402013205271,42105.552789655645,-27499.787436045375,-7378.398002950852,38075.68771729931
1199,78.71084529502319,-2.7956488867072355,29.854165246497473,-1717.597665227544,28274.693245998053,-16865.65583422192,20314.562864977845,-1847.5413187271458,-4639.310250533005,-18730.10436511875,-10359.392962739403,38780.93707440674,-23268.124488170128,-10011.588405172484,41152.81251198884
1200,81.17298973114154,-2.875323265916961,29.854165248945275,-606.5770146943869,34672.84628682891,-15096.245859634577,-20204.200534612173,-3661.1670330952597,4827.35190737153,-16755.57818089712,-8607.904889280384,44333.5064826774,-23534.830335249775,-10776.143000028593,39605.941978648
1201,78.74295239731723,-3.775048553715226,29.27083256776351,-3408.066287010507,9202.011756669619,-27149.8521606716,8831.26166639265,-3067.2261705985497,-3361.884122861465,-27715.887687637016,-7829.413363735499,14189.394360360033,-32027.943888986614,-5929.911897809087,19547.008355600905
1202,81.05751875659087,-3.8937186844227334,29.270832569707373,-2433.724633008288,14014.67946194001,-23059.90279978288,-8531.07003847906,-6103.301553328251,3698.5847616938213,-24306.081585244345,-6005.330948236925,18832.46456263011,-30902.20121729075,-6292.753492447664,18180.31808645739
1203,78.71694328858031,-3.773767587520179,29.479165889823392,-1767.1068192764114,12429.328301847458,-20614.555117705542,9655.80804607219,-3383.5299152870775,-3802.1957116220365,-21428.790643259243,-6423.234030597679,17899.69103872242,-28823.797518180647,-6023.543629263079,20518.753209529765
1204,81.08352774573852,-3.8949993426324987,29.479165892199074,-921.0118568890166,17553.23363197629,-16812.278009018493,-9311.688633711523,-6137.86507197675,4060.53221229552,-18270.933883348556,-4663.823062773823,22754.700712191174,-27436.951061350832,-6247.665083300725,19740.940324319996
1205,78.69093431691707,-3.7724867594734417,29.687498981882534,-1435.2886364953383,14281.606084536597,-17574.557510134655,10566.272400398808,-2823.8550397896465,-3789.41469325547,-18427.97029155442,-6367.885661021974,20067.615890482986,-25575.42043653167,-6662.1440306118375,21451.24680308417
1206,81.1095367228341,-3.896279888127542,29.687498984469592,-822.0773032742809,19588.42839913543,-14575.68229242804,-10125.310310678333,-5072.720642030813,3971.992602035977,-15827.350130358927,-4722.412002621086,24740.430936413122,-24460.81686444974,-6804.397555020372,21021.249026822014
1207,78.66492536517183,-3.7712059440118457,29.895832092625966,-2432.0473917269956,14802.848934464062,-17358.971113957236,11785.005128559917,-1648.056401976879,-2659.652950394252,-17824.9036415189,-8135.110003067249,20971.84407336598,-21959.11571252669,-8296.807993331136,22327.48703012585
1208,81.13554580534309,-3.89756069412775,29.89583209524792,-2145.5608890891745,20310.973833811608,-15535.047561654055,-11150.818803767585,-3114.4035759024773,2829.013001169088,-16133.980131167582,-6527.074782683652,25291.420296919598,-21580.164469233867,-8417.30172254717,21952.582470577065
1209,78.64669339614463,-4.760281576653281,29.562499431621838,-2487.243152758378,4759.30482780935,-18059.275793520283,4534.692720064099,-4460.3486871242185,-1248.5122232659971,-18909.790061548578,-4625.523210117109,7748.099153196375,-28016.718311357537,-5635.223673862901,9445.877224191314
1210,81.03295138040883,-4.904715575685007,29.56249943236791,-1504.9505707527314,8833.404630544443,-13345.857731978096,-4178.841755594382,-7871.101406198289,1473.778499474018,-15856.609900651543,-2882.535140947652,12721.741369412808,-27913.06090556101,-5443.1431485096555,9777.413251373513
1211,78.63109690707036,-4.759337530107333,29.687499338796307,-1259.0126742260672,7072.176438984025,-13351.417109249225,5105.331216063109,-4363.371310777637,-1641.2274357647213,-14273.633368551209,-3669.210469848735,10404.59049390868,-25431.018955740135,-5610.976068617171,10178.121315860379
1212,81.04854774952722,-4.905659528038816,29.687499339444937,-447.3046798800451,11368.367837443604,-9154.007111514296,-4636.392005389084,-7304.300211108576,1733.075072291228,-11493.93810843195,-1998.0335611221672,15259.027715603374,-25340.086533117956,-5434.122581932943,10540.098246148864
1213,78.61550054694516,-4.758393487774532,29.812499253938377,-1267.294885078763,8067.643385708774,-12987.364936617127,5750.981371100799,-3303.7588972537988,-1686.0535944053015,-13552.791445075956,-4005.475456316783,11371.250465405621,-23024.836499548175,-5778.768740059064,10945.561199705297
1214,81.064144114464,-4.906603484215202,29.812499254461496,-764.8513760516635,12465.647642698745,-9839.119241290955,-5158.2376580138525,-5552.019565540746,1761.088342957769,-11175.528275101327,-2536.1304011037682,15573.335701561213,-22937.492001589315,-5609.589677816408,11330.391954298044
1215,78.59990419209538,-4.75744932386345,29.937499176482223,-2326.0082842177258,7991.782119833714,-16156.640728694052,6528.3235839672325,-1511.5748831420008,-1139.126429575283,-16294.687329128543,-5475.436843485012,11279.25727953549,-20751.12060376433,-6173.440680876221,11713.819928881094
1216,81.07974059904095,-4.907547443383984,29.937499176848007,-2259.2536469341576,12396.95578910713,-14507.563044846287,-5790.573232406954,-2834.1958018875835,1330.7178485685497,-14849.086852421302,-4261.0208241515475,14740.246773899536,-20695.817094260135,-6021.675684332225,12096.39309561305
1217,78.5498882744871,-5.756193693367316,29.854166312562946,3516.7661575233424,8407.785932553403,10086.780301883735,2248.1264424790425,-13600.028345372242,41.142672874155,-4719.08976570309,3739.537720456775,22990.88443720679,-23848.40923009566,-4881.298704514153,4887.469859646587
1218,81.00892961759483,-5.905033065181399,29.854166312504596,4385.389855658393,11015.504165180648,14450.35175626893,-1844.9806902603182,-18326.70916393347,-1179.2767075878126,-6117.673705677006,4823.837448160053,31145.082034624924,-23861.27792920057,-4842.857222408237,5006.294915347038
1219,78.54468940175903,-5.755879054880677,29.895832785951818,4306.126871248389,10036.582419221048,12497.738815751823,2447.480747775218,-11897.962258140009,-389.8756476547222,-1150.9134790361672,4567.166351946875,23424.195233310544,-22598.168432045568,-4711.514666352586,5171.894980988282
1220,81.01412836698289,-5.9053476765271,29.895832785848143,4944.743604591091,12520.417917715007,16013.120399255802,-1964.6488992386587,-15516.225006477556,-624.420879555862,-1868.4239100814855,5437.104819370639,29909.601012272746,-22613.010055822073,-4677.639864071718,5292.370759779824
1221,78.5394906545025,-5.755564416847532,29.93749951041358,2800.561973195705,9328.192020583178,5830.387468416804,2671.1866969960556,-8407.129137556038,-510.87379353052364,-1433.1298920176037,2807.018250952718,16585.25310326057,-21387.845479433083,-4548.425399093073,5474.038429587644
1222,81.01932711585694,-5.905662413262732,29.937499510262082,3137.589813683715,11627.376728755109,8219.531118290706,-2109.8115663246663,-10771.806762553308,-145.57726052837847,-1469.2382079931037,3495.933609119745,20957.802259602882,-21408.372205144635,-4519.562621943982,5596.77830036847
1223,78.53429190765202,-5.755249654228803,29.97916623590652,-810.4496299007883,6473.515383735425,-9165.15949480139,2913.6472290733727,-3292.0044047444544,-187.45475015943575,-9847.955409886854,-1734.7018736264865,8080.563542546587,-20240.027531750406,-4397.401147575235,5784.275446527876
1224,81.02452598928124,-5.905977025336551,29.979166235710657,-828.3432381267057,8544.95720218118,-8113.830013446457,-2275.0921698312277,-4226.494247426877,118.69973425545737,-9146.0559070198,-1270.1358896791087,10018.975747306928,-20244.351176572418,-4366.630659573527,5917.8398200257525
