element_id,centroid_x_m,centroid_y_m,centroid_z_m,sigma_xx_pa,sigma_yy_pa,sigma_zz_pa,tau_xy_pa,tau_yz_pa,tau_xz_pa,principal_min_pa,principal_mid_pa,principal_max_pa,affine_principal_min_pa,affine_principal_mid_pa,affine_principal_max_pa
1,0.31790700848835773,78.76415940049701,29.854166363799067,-6184.714168870574,-108439.73735887409,-80748.42851017456,191563.2794432623,-274096.5791607684,1359805.058969092,-1483082.2056184434,-31229.66530969541,1318938.9908902193,-32576.75384325963,-9427.656980436306,126874.64598594523
2,0.3487003641619898,81.22750733035917,29.854166366014674,6615.741208469135,-67134.7343704996,-39930.79961987891,-195665.76022343477,-167658.70025332994,-1363020.6510307214,-1428305.1334546146,-19054.57741282019,1346909.918085525,-32333.026631367833,-8870.45115110047,130607.51085069784
3,0.3178418983463539,78.75895150813608,29.89583281167789,-8624.551504725343,-109898.9707156822,-94416.80552490319,193078.20412432394,-192722.80085746074,980656.9186624029,-1107665.888729195,-35386.942461197264,930112.5034450815,-30152.712140804528,-13548.16484505412,127787.97636780357
4,0.34876550507563425,81.23271522298964,29.895832813042137,10981.639298536858,-61681.54662029613,-26593.449422089936,-197141.32258316773,-115041.57900115546,-982054.9036192164,-1039701.1208690854,-15586.74162585035,977994.5057510865,-29592.74510689649,-12797.637350931169,131470.2462174591
5,0.3177767871000013,78.75374349946827,29.937499509128536,-7630.1472708222245,-108617.40900369578,-93235.3936803371,194722.46185462194,-115729.54410358281,594192.3379160698,-723422.0883463139,-37896.46849154282,551835.6068830019,-27042.724878139612,-16596.234958465593,128493.96414180537
6,0.3488306441588261,81.23792310703934,29.937499509886038,11548.10971415506,-60683.75760147479,-27240.07065178377,-198773.712907062,-66424.25815479236,-594103.1142836624,-660640.4717009347,-17054.280482821356,601319.0336446526,-26583.602970654716,-15872.033171071607,132171.65847300662
7,0.3177116744705276,78.74853549889394,29.979166207027166,-3177.661387042477,-104485.16880063234,-76972.0192260839,196516.07809995103,-40681.15178880388,200686.51757558552,-355644.0081979773,-50223.862380963736,221233.02116518238,-23655.896550205223,-18947.149110583265,129154.11066182639
8,0.3488956562983055,81.24313110810904,29.979166207127047,8064.733286193878,-64304.72544434892,-42777.64173883296,-200572.88144114686,-19672.131511690597,-199144.55737335823,-318395.8280944556,-33734.78758589279,253112.98178336033,-23433.344722343034,-18299.096375233756,132761.24650178567
9,0.9849622267488778,78.79228176551585,29.56249949420496,-6477.191562636017,-122072.38246005148,-110848.54647807407,262888.18474272924,-112813.5558448018,631374.5672846383,-794995.4314083415,-39857.58914828859,595454.9000558687,-47629.33732692577,-10700.811342507395,171080.07850698446
10,1.0148439845607162,81.18271870256156,29.5624995181328,19015.598103047818,-40660.02241599937,-27601.97456741891,-272533.4218926226,-21609.938744260573,-615746.9338723292,-687797.6369774397,-22490.93305474097,661042.1711518103,-44983.14666385566,-9360.9585997572,176360.79582856555
11,0.9847669784980587,78.77665793795894,29.687499292720872,-5882.865608214448,-117688.51193281717,-122442.53350666708,271188.641001041,-80610.45255555632,466417.6294637546,-647421.0872164136,-48628.42102747485,450035.59719618974,-38929.62825454672,-13403.02656122887,177079.9811181263
12,1.015039494196629,81.19834251679885,29.68749931768108,28217.801480260787,-26382.585784455085,-7022.218054452214,-280608.33188509196,-4542.304650912365,-453063.96637072455,-527627.8604578951,-16930.127860872875,539370.9859601215,-37429.587212903905,-12751.027974835875,182069.05790645716
13,0.9845717126972328,78.76103403316479,29.81249909865843,-2274.8281707771166,-113785.51827945263,-116235.48407400204,279003.4951150646,-54869.893037148446,289162.87952785834,-496548.0151932285,-60131.702719551395,324383.887388548,-32974.125249378565,-16939.84479789108,181558.10607968955
14,1.0152349792564372,81.21396616312177,29.812499123276268,30001.195497552508,-23100.180136387942,-9585.567659510918,-288459.6027857839,6669.71201699998,-278664.47899860435,-391597.2981101674,-22759.195197429763,411671.9410092509,-31667.050996959777,-16289.37876495668,186344.42686735536
15,0.9843764278647017,78.74541029605243,29.937498909008713,4758.852702454402,-109557.21540339598,-91140.70307436177,287052.30278653617,-30879.45636255792,101174.13921464309,-373135.8997023808,-73543.25391648522,250740.0878435627,-28306.378859760123,-21316.078503695986,185146.27511707315
16,1.01543031334447,81.22959002170904,29.937498934357315,24723.34570440711,-29994.376718732914,-34412.30269622331,-296795.1387665851,15536.356354920455,-93927.42384253349,-310788.17990675604,-42855.941163566866,313960.7873597739,-27074.079232072952,-20102.790163154223,189824.48181259522
17,1.6484545903906815,78.8204597747289,29.270832441521108,1473.1875267703217,-159724.66071433277,-144029.48653273535,342487.2416796639,-106092.57322119885,490468.1876306614,-736513.0584483014,-54686.05073130464,488918.1494593083,-52520.02220495529,-6459.598899071767,245392.08351422052
18,1.6845525420926373,81.137874210396,29.270832499037354,37254.96715621126,-17137.00381421858,-20471.677089560344,-366560.14024413604,20405.228656470415,-490626.9655562723,-593995.159484227,-37888.42303906051,631529.8687757197,-59611.58616014603,-8905.225860898998,232806.47359173954
19,1.6480315460762611,78.79442147688573,29.47916551862137,431.55248349873,-145058.5749579788,-157534.08702766473,360375.1505002038,-78463.88705286209,376256.4517481714,-648351.9773316521,-72634.4139783283,418825.2818078356,-43002.644911613745,-9558.565788832215,253590.6672497362
20,1.684975952249768,81.16391250966159,29.479165581406086,49315.76457758672,10077.556872143434,9616.202734010387,-379711.30722008616,32906.49060672941,-361256.858271295,-478098.73499327217,-23029.764375035575,570138.0235520483,-46423.4245993453,-11240.371463455962,241833.7546848532
21,1.6476085631544735,78.76838330951162,29.68749836189168,5196.329862235831,-138592.67890580746,-146671.10376175502,374816.6500284104,-63711.94286968558,240052.29656445704,-554647.8790913466,-86047.58696707131,360628.01325309137,-36981.16767576059,-11347.985888110552,261252.03346156777
22,1.6853993533682514,81.1899505475192,29.68749843929884,51246.453264610376,14847.554550348836,6442.576688613482,-392969.4480315901,39565.92752467318,-220838.6060923755,-402225.26174641977,-25225.1206214462,499986.96687143866,-39242.913689169014,-12665.39073477911,249665.46286275916
23,1.647185584217439,78.7423453670877,29.89583121637827,14139.041375397872,-138105.66737116172,-113384.95230848061,389373.71044851176,-49950.83277196102,89278.22574180036,-483392.2231875658,-91861.43772523114,337902.08260855253,-31082.457717556743,-15907.253728519541,269327.5218327276
24,1.685822843417312,81.21598860616359,29.89583131539294,43544.096157672015,1350.2503157784638,-27793.432656640896,-408311.55600258865,43185.84064148005,-72222.62965773286,-387374.6582685918,-41082.90766522996,445558.4797506314,-34188.627996914314,-16972.24194913427,256645.46699933696
25,2.138447443172098,78.84776753994139,28.97916574567196,-83774.44087935102,-413965.09689083474,-245486.24278613675,795510.508204246,-194224.93973825924,791231.2081331337,-1450653.7736644421,-134773.1789323683,842201.1720404881,-41504.546651022516,-1900.8387492486097,296378.727718764
26,2.194331167240023,81.09181789365176,28.979165767605977,13711.635475234323,-9413.701367100946,-9719.221048895648,-847886.3123594639,53177.310359513736,-828128.9213923329,-1156643.1813548752,-62732.52885217186,1213954.4232662846,-68965.30044524885,-10336.54375383726,259747.19060627924
27,2.1375035411993215,78.81132178755443,29.270831590450953,-83470.11565979279,-351503.343211449,-291564.4541537213,866280.3915745458,-159180.51240332314,634080.7889122375,-1374996.6564142623,-160715.838499154,809174.5818884531,-36883.566072035625,-3623.9696955475997,327741.725261399
28,2.1952754226914246,81.12826377568925,29.270831607445487,43936.29543336205,71741.94186256404,60503.42550288794,-884676.6688893619,92253.83372122057,-610822.5848718475,-977693.6440761664,-22092.651391607782,1175967.9582665884,-53861.446868737075,-13445.38635781389,278129.22364800225
29,2.1365600694563422,78.77487636769608,29.562497654602364,-73956.49108362959,-327632.2325967583,-272205.11697062966,908916.8316856055,-151770.6289912604,410860.9273282655,-1269849.5660396146,-167101.4733839372,763157.1987725344,-32321.948522422666,-2302.657011044013,342844.95553665515
30,2.196219756629995,81.16470925153683,29.562497729669282,48510.580211549925,85005.43621656964,61848.21368536493,-916067.9919236236,116455.00377444562,-370577.6091165109,-887318.2329449079,-15484.725979308432,1098167.1890377006,-45162.521133408874,-10474.583872354764,291466.939435367
31,2.1356167281881318,78.73843109327565,29.85416371798111,-59740.84645154986,-336026.1394547101,-208559.28143952996,944972.010222208,-143665.63403324145,158149.01560519295,-1198369.0821366874,-163789.6549541947,757832.4697450923,-26335.85906349292,-4842.513135069158,360312.61914444016
32,2.1971641178812895,81.20115452706602,29.854163878136664,30468.21841887349,48680.17156495172,-7962.904350282917,-950824.028604519,131329.0816406542,-115298.61178935252,-911417.6699756568,-37442.070528968674,1020045.2261381679,-36580.609367913836,-13027.503720075503,307028.5986320925
33,2.465631223572688,78.87397092938548,28.68749903857944,-72416.81316325291,-425236.11111394805,-235157.8235286765,691267.7251040499,-161871.89981941145,522761.3783818415,-1187563.6078709296,-148341.42905950703,603094.2891245591,-23898.4186071238,-1548.5084844772912,329514.6677616248
34,2.5334888059459595,81.04478383314745,28.68749886629016,12240.554175279758,24416.277225087222,-45741.14537976665,-916115.5262612103,59279.83282973846,-692385.2705856992,-1114594.777156406,-77244.08059439989,1182754.5437714062,-62543.126825246865,-3521.1776767297724,279828.6545263672
35,2.464166546413891,78.8271186387207,29.06249812924457,-69112.93151949733,-353177.02871064673,-285558.8657690589,821743.0866237406,-146292.05250387648,469179.0313994942,-1233471.7507750941,-175963.10634616332,701586.0311220548,-27404.942746088702,4313.816888246993,391980.0383549803
36,2.5349539727994452,81.09163652734456,29.06249794418704,49215.50654767096,119326.60094651618,33687.35565583572,-991479.7752809298,100909.26943777633,-529708.874763956,-1009632.7220481979,-31150.246489035035,1243012.4316872556,-45984.20434637586,-7581.272361123998,317524.51143027167
37,2.462702578385826,78.78026652651185,29.43749708552336,-55880.425313196225,-315497.9381664364,-263021.4100112167,877811.7480617205,-144009.5866395603,315277.88650795165,-1182308.8258220858,-176195.58891549028,724104.6412467269,-25697.000166231504,10099.729822357851,418703.6529626965
38,2.5364192613786556,81.13848885874764,29.43749705073578,55945.1211919886,132257.1729569362,44827.63368699449,-1034639.9407093737,129266.8621711017,-320165.69532244996,-961915.4019979219,-20101.024587003692,1215046.354420845,-37398.937806785434,-2926.290097376216,334304.30206224055
39,2.4612388038874267,78.7334145332131,29.81249598388454,-43344.89663246117,-320210.4897617443,-213356.9514071452,909559.0668949429,-133523.9793557859,131735.79140670502,-1139619.0606619318,-175727.0642465057,738433.787107087,-25848.30126456598,11951.442040073196,441101.2808279052
40,2.5378847093589623,81.18534091504448,29.812496170375233,39332.08884825911,91254.7808988254,-17336.88779632785,-1068910.934493263,143666.51147361952,-88763.7356697247,-1005323.0701528062,-39076.66233697964,1157649.7144405427,-28520.488604963364,-1210.1794722183974,353942.9163775716
41,2.7967218763638533,78.90010708114983,28.39583243201855,-65044.63820919083,-435606.0971312727,-267860.04116269253,447571.33150437707,-152971.98892592083,268235.84742446285,-866082.2487781381,-177284.95277195016,274856.42504693207,4190.89069689474,23540.07871932138,428347.3554793234
42,2.8687407823972997,80.99781767421221,28.39583179770117,15131.493747408353,54182.47578981315,-83732.85742056923,-818583.2382601574,49952.47336372936,-492971.3070718667,-918298.6095044327,-91011.90348553429,994891.6251066192,-53390.1656480235,7311.075050601664,317607.7618134387
43,2.7947365489064677,78.84285020435276,28.85416468752414,-61359.288431694775,-383733.3698631561,-308235.5316065738,669896.299801002,-152926.82522089005,316573.23531502206,-1049262.2883782657,-202759.42437655255,498693.52285339386,-8794.939026942176,35069.090390465535,514977.9527863803
44,2.8707268951816767,81.0550752845314,28.854164012588207,49897.79143998027,141399.97440167537,-15480.901488243457,-946054.0447501199,80798.95647716202,-406742.26312395296,-918970.7549566069,-49643.95197888261,1144431.5712889016,-35355.04070609432,3854.594527091669,357581.9406487172
45,2.792752009299719,78.78559325249779,29.312496418460796,-43154.968741316916,-337790.5989568668,-268744.6464460159,756408.7519164118,-134626.92688506297,231003.2638247388,-1042903.5449732215,-197420.36018617149,590633.6910151936,-9008.90984102291,42401.709621180846,552969.8951357551
46,2.872713090176694,81.11233265604153,29.31249602736934,57305.79322326737,151365.15144352466,-2385.45919672359,-1004883.5181014389,97186.48412958758,-247771.8610826129,-915865.3760185051,-38522.090119596935,1160672.9516081703,-24224.874589918385,10845.811211358343,379363.36401440494
47,2.7907678353292753,78.72833643786542,29.770827992655192,-31136.78637930951,-331549.46310892387,-227325.32510543306,787088.8700215771,-95338.38511614216,107294.20870716253,-1008407.243831899,-202128.92136560054,620524.5906038333,-16359.303709378273,46312.838744560264,574786.9055267237
48,2.874699718708777,81.16958971503057,29.77082803373932,46884.046321000525,117984.00666638806,-43701.93056875882,-1027423.02103667,95410.22043761196,-55346.40859425854,-946385.5576290292,-52772.571625852754,1120324.251673512,-18625.686914091963,23288.25997458622,402182.4945516168
49,3.1242869584029798,78.91387717311648,28.104166201248894,-74563.23229330682,-444930.2676561096,-309830.10573702806,59890.867736809516,-160986.81761514084,31306.03380978067,-561248.0171044457,-203150.72463385013,-64924.86394814826,12278.1292291071,35494.234938060115,464676.924293672
50,3.207362302586299,80.9590536878296,28.104164853304745,104.49184320046697,21592.51136634634,-145196.35501352279,-655779.4966352779,16426.116615506973,-309806.8563469927,-725736.845723087,-126726.41644746726,728963.9103665783,-59715.642675025156,18885.902017766723,321859.886688561
51,3.1219766251147005,78.85663283593541,28.64583109945438,-66408.11053712037,-436206.2307018101,-338612.97713680216,329610.7501016903,-168312.41979759562,141851.55601528968,-745377.346476878,-225902.54957133695,130052.57767248244,-4056.0551147661936,51953.58551811109,583127.134529992
52,3.2096743627269335,81.01629937888984,28.645829579909787,28296.835968516083,104999.60050268978,-92727.64271612704,-812783.7651750257,30999.902623108388,-284063.6141439402,-797200.7367953087,-90284.80097923885,928054.3315296262,-37919.67022008783,21921.2072603074,369539.27502350486
53,3.1192113729108573,78.78898164441189,29.187495792967127,-44881.4270005877,-399285.6325374636,-285046.9142159902,449892.5944809756,-119139.42676807642,132498.96077733586,-767866.7595271216,-226270.60547344002,264923.39124652004,-7292.525640702391,60419.374273035515,637923.2882177414
54,3.2124418136721933,81.0839515140573,29.18749465309193,40466.6347673459,128761.28019394576,-72323.84895051287,-895659.3278808265,25483.100098720104,-177196.1057277219,-828595.956585881,-74422.3584030563,999922.3809997159,-23758.346142090086,32311.64835224732,397695.1091403214
55,3.116446795317264,78.72133044352105,29.729160227335964,-32532.776943340046,-382092.99852233793,-246209.49664419383,487213.42884989263,-37411.51513852654,75921.77152536153,-736225.7917080235,-237880.13818742434,313270.6577855758,-14677.35780361057,65048.82343400598,658109.9956061381
56,3.2152096684820917,81.15160332254331,29.729159732620133,41330.67485292261,120454.99333610496,-78509.70511883665,-912900.3540910936,1975.7796297038515,-25648.66580670237,-833254.5449599918,-78461.77607312618,994992.2841033089,-17442.355920124428,49310.538740255935,417589.6770923889
57,3.4547662313367287,78.91503911209522,27.812499714973548,-99726.61809448733,-451808.5376371285,-337872.5339947883,-254052.41316924963,-168894.98879916055,-87903.60246420946,-688302.7900380659,-234422.2738570068,33317.37416866873,-1024.968819911138,24247.671507470935,429055.26470072824
58,3.5429125400593353,80.92873367206523,27.81249767214106,-42007.39375064878,-40187.477500099725,-210646.95765139197,-549118.4526968913,-23699.997102933085,-193522.6718685339,-646069.891707943,-174845.80774030276,528073.8705461053,-79777.20970509152,17058.89407869662,286890.5545143869
59,3.452717408328315,78.86821002106231,28.43749781123109,-88565.96952965265,-486974.24374461215,-362370.4713486561,-26124.91205694257,-185623.3625544811,17834.420038972003,-620692.1325076411,-234901.13624978214,-82317.41586549763,-14945.86609560772,40563.00077154426,552798.2850662852
60,3.544965065725771,80.97556493834635,28.437495359375543,-4574.676753815613,27516.14845314731,-168214.7901545102,-692011.7563948799,-26272.124413080055,-194348.9441901122,-725909.6462200796,-138776.3536307284,719412.6813956294,-53903.5087615838,25056.318623590814,331735.9085987836
61,3.449302107335361,78.79016057922446,29.062495307951124,-66995.71278417675,-474696.10693448124,-313495.40882125054,101675.02164801316,-122512.62203023057,56085.044302814116,-567672.1397961198,-247452.86478324403,-40062.223960544645,-21735.062830797833,53417.786884053305,633316.729928665
62,3.548383737068178,81.05361614542706,29.062493205272737,14143.392751487816,67103.26809026944,-136698.67853277532,-797913.5487989051,-48101.46508701578,-124997.63885407883,-781368.031589891,-115886.83560940248,841802.8495082753,-35178.9983552708,37233.875956656244,367417.94760962436
63,3.445887178753733,78.71211085374254,29.687492451506728,-52244.2375716787,-454573.84793268435,-269454.7686255245,151441.92206724043,-18037.039019155483,50507.73842366575,-509837.59097829246,-271359.79815116647,4924.534999571231,-22133.020302819208,60840.25542469886,662160.1215744279
64,3.5518026725497887,81.13166703583337,29.687491124605508,26934.281593312975,88366.31688037683,-108025.9316515139,-825100.6637921092,-81798.04106146055,-5804.004298910868,-773615.5398039685,-105467.85544066847,886358.0620668128,-24035.807450250813,54465.27388889071,385737.26904180367
65,3.7850016378494624,78.90841194942563,27.5208331501073,-129327.78223698685,-477687.15993431344,-361520.17005781975,-447756.0665745655,-181191.2737372157,-121708.01224679268,-876464.0160831399,-269012.05207907193,176940.9559330919,-18064.407580993455,18768.804024918176,414956.2908157321
66,3.8787060087805587,80.90620360750871,27.520830508546144,-57254.82434763621,-76982.60503439262,-254695.88344188378,-509350.804227495,-55712.05141557061,-130755.41455967678,-623665.5911140861,-211908.93158565633,446641.20987582975,-96039.43568123417,12230.52037150581,274632.4027697955
67,3.783312374535805,78.87199476888846,28.22916449714335,-120492.03505833687,-544991.0815472957,-388159.268182268,-291015.3861378367,-213006.22695134426,-41216.782770557795,-799737.7735584935,-291128.7449082635,37224.133678856655,-23584.28586985785,22392.214656409684,509759.8672978234
68,3.8804014106620404,80.94262385269508,28.22916115179924,-25386.04622158814,-47844.36468206134,-221632.4004425977,-614570.5857558238,-74284.25339909203,-134139.99890732436,-696890.7785283306,-178460.55051947507,580488.5177015587,-66049.43467529182,21926.237991834318,309879.42649466766
69,3.7795403677666295,78.79135566959003,28.937494929459113,-96515.421624463,-555675.7244890988,-347632.7393249134,-181575.04099460732,-155607.57965877574,13402.934894140568,-680958.1585824686,-299295.7878810357,-19569.938974971108,-34402.41829637069,37998.77519281513,601443.0054622206
70,3.884178452678284,81.02326566317385,28.937491787449204,-10738.76547399377,-12343.033506927437,-183109.11782383834,-722989.1371962341,-100297.04644404873,-88987.01052829654,-765304.8687614538,-152405.88639978395,711519.838356478,-44242.12488063246,35423.70455369344,347843.7939299055
71,3.775377740298066,78.70291330607282,29.64582492496497,-80025.03946629608,-542718.6353332493,-297112.31554527325,-124440.78819633496,-46582.96573478207,35424.371894030744,-578864.0772397127,-300539.4627022944,-40452.4504028115,-29228.683548132914,49338.9978934031,645290.715874735
72,3.8883460968430605,81.11170980757568,29.645822581494233,9983.338451759513,24928.417939373045,-131890.2770562143,-762388.5057158469,-130421.96025484768,6195.878354708572,-757294.750206699,-129831.59087856919,790147.8204201865,-26851.83745979473,53649.51484541243,370598.8252056035
73,4.111670251242746,78.89206539631319,27.229166799129985,-150154.18007014378,-497347.57862651354,-374486.1295066441,-560864.3774071613,-190733.29557327452,-117200.51539813285,-991543.6917852064,-294405.22545043146,263961.02903233655,-33811.26082349006,16830.515826890874,417144.14056210604
74,4.217857420161537,80.88923220653761,27.229163576109308,-76388.05179432436,-97489.13155724708,-293212.0409837647,-522564.76125176094,-84434.7057365539,-100211.1524226418,-656470.6666918542,-246569.453201072,435950.8955575902,-111425.51597120287,7439.157476460383,267593.05191718513
75,4.110308094501173,78.86606202519108,28.020830892243737,-141498.08906748853,-584592.2309989757,-405327.9934888798,-471903.89439345896,-236825.69253608928,-60031.13544137215,-979094.0496976408,-321723.6639826254,169399.4001249222,-27169.265953059148,9169.776010586906,494149.65193756483
76,4.219228325372432,80.91523951942611,28.020826652368626,-55789.37556700266,-104426.5356186973,-266711.50123217324,-603501.1211021665,-119068.9181331059,-101036.56849507157,-735885.9004710345,-215044.39912452045,524002.88717768167,-77670.7086465189,15015.365803032446,293305.0800562429
77,4.106309767940951,78.79064959785322,28.81249456195836,-116413.75047443924,-610005.5132746135,-369153.3068378233,-403599.8881724833,-193082.3600835143,-6694.952663881894,-893370.6335751588,-328934.38426503696,126732.44725331964,-37908.528024649975,25745.689124741984,587470.5534648272
78,4.223233515902256,80.99065562417742,28.812490328720678,-36422.838067271405,-80689.8805703015,-220744.23267683524,-708536.9869625045,-147370.81098203216,-69397.85493178926,-808017.3471657642,-183408.64551589906,653569.041367255,-52353.855346694676,28650.848307626926,330419.22331279464
79,4.101042146858495,78.6918334806784,29.604157753587614,-100580.65352292368,-611127.2726137595,-318176.5896324249,-356534.2968043556,-93976.67004760286,27554.909721731256,-804818.9420619707,-318910.780316184,93845.20660904635,-30604.506512101452,40189.90256143634,644095.613875469
80,4.228507540708601,81.08947445551448,29.60415425360361,-11353.377743691855,-39904.67523992844,-153940.86984390236,-760197.2157145516,-172129.48563601405,12695.743840698457,-806208.6720130786,-152385.50320169807,753395.252387254,-29795.159111207064,47485.33566482255,357654.7264787796
81,4.441355385670826,78.87349167419744,26.93750017553642,-162552.6041177362,-508076.2119490568,-381235.3574049786,-626150.4899149466,-198815.82894948966,-95367.45607546614,-1054300.1604556055,-314794.37313039304,317230.360114227,-47844.76803480338,14737.722111211515,425077.1112539538
82,4.553782290585902,80.87032668386003,26.937496414116307,-89858.41025696966,-103836.73178871865,-321671.60956769326,-564060.2657439947,-108847.99600907686,-82403.17124274014,-708358.974780388,-274676.41799366387,467668.64116067,-125602.11140860575,4102.0227906979235,263322.69385913294
83,4.440482991960902,78.85789414364959,27.81249747956547,-151439.0017259744,-606920.8756179088,-415345.4628549734,-592838.3406858227,-255033.97956614845,-57636.70446076529,-1101124.5112292015,-343155.72179831227,270574.89282865735,-31797.241786242306,1026.0558887580746,495645.39227346715
84,4.5546664481501,80.88592890135638,27.81249239463612,-77163.05152872283,-140680.89483834122,-301580.48765401414,-637057.2428673548,-159948.40923724085,-82903.55525242802,-806307.8438671909,-245151.59422445457,532035.0040705671,-88278.1101269524,9197.047392545714,285674.2389118662
85,4.436534945019994,78.78769536546189,28.687494137725864,-125203.28111839111,-641365.1807021562,-378944.92793808086,-573639.8620471463,-224964.4706198863,-11420.802626408533,-1068311.4721156543,-343526.54297186405,266324.6253288902,-37470.39345895726,16246.171208122623,586138.0428028589
86,4.558623493968975,80.95613239444319,28.687488838618023,-56852.766837485746,-135205.33990951793,-252150.8093395582,-744799.0735134493,-194217.38327856924,-59817.87189203168,-893935.3287124126,-209241.57136431301,658967.9839901638,-58641.22896644966,21560.414994190418,320392.7668914299
87,4.430390177859273,78.6784953838008,29.56249033078829,-112414.98074295602,-660123.6076592149,-331297.4100684082,-551423.9875507526,-143417.6189166703,25390.610834672218,-1019259.3250700672,-330607.1895175565,246030.51611704496,-28741.94287819475,32704.527494452857,651535.8342194393
88,4.56477619187239,81.06533648847034,29.56248563802975,-30413.827854446605,-101227.63133185741,-173968.7585286047,-811979.429377603,-215294.11414114243,16270.229639495281,-907558.7142097737,-172553.51579440784,774502.0122892726,-31449.828162513517,40258.23693926866,351194.9635235178
89,4.767922736868887,78.85514249884645,26.645833510302527,-185382.33892410697,-539727.7904596474,-400810.14193383086,-703998.7647986235,-223689.7234071667,-77725.0059230991,-1155456.9787406605,-341735.145904291,371271.85332736606,-60342.665843292845,10540.580787809502,425021.39789083623
90,4.892824125622447,80.8511965448811,26.645829212623543,-95147.55913889225,-93339.96922947095,-333190.24024442775,-576081.8870737904,-122702.22608575558,-56743.64042512534,-712907.9307067298,-293326.41468689364,484556.5767808324,-138932.2818146799,366.06448625230723,253122.43581930693
91,4.767637910394383,78.84994569623132,27.604164029940335,-172329.0728563018,-650876.2473406129,-441746.3857840675,-715899.3440158371,-292231.316644109,-53545.88758833823,-1256033.4112409106,-373494.18666030484,364575.89192023297,-41368.713836693314,-6067.784567891474,491717.8311673844
92,4.893124083367368,80.85639911462525,27.604158083270413,-86443.9138864654,-150206.38934948816,-320286.6878173102,-647883.8577025059,-185584.7571452846,-62312.87494254496,-829411.0064246905,-266087.8542214233,538561.8695928499,-101023.0643006115,3025.0380088023862,276759.3774636837
93,4.763594413651966,78.78497203875712,28.56249366284083,-144701.75713261872,-692986.4366215655,-399188.6145534449,-745943.2085234598,-274361.798253489,-12792.736103771229,-1276041.2128776778,-364612.3377290084,403776.742299057,-41434.7478046895,4352.768438544245,571002.04337908
94,4.8971790743501025,80.92137887519434,28.562487249750816,-66642.00262990608,-162007.76732160276,-270754.86686357774,-756308.377534523,-226590.90662451374,-49200.01650711695,-932704.0482667773,-225909.73916161177,659209.1506133024,-66225.44418848511,13337.117939727152,308888.25033095246
95,4.756085407741617,78.66542143578097,29.520822879222333,-137042.07707454835,-734037.8404557355,-352504.6780023471,-758445.986207759,-208482.76709736953,25273.359473764605,-1277956.0287301745,-350895.0513081936,405266.4845057371,-32791.23190653972,20137.808453707657,635073.442732062
96,4.90469774322888,81.04093497259262,29.520816899835797,-40484.49965566084,-138863.9796614062,-185768.81823796505,-832978.8247341629,-244934.52209643417,20179.618297917375,-959915.8327035825,-185098.87643064803,779897.4115791981,-34555.911298321014,31028.445190601982,340199.11565241334
97,5.257360754667991,78.82141231897046,26.35416671389457,-41595.323013821035,-281779.077112491,-251474.4354235091,-373362.0965321009,-94785.41807737519,52170.55809984551,-560964.5310189588,-263654.06699465326,249769.76246379083,-78067.46728171283,9727.47604727195,461870.16628604935
98,5.400970069842644,80.81623686605147,26.3541614030182,-44918.56468649078,-64388.205207204875,-293388.2719975592,-322064.74210006435,-56569.98213298234,31267.07778983427,-381193.0605223502,-295801.742173786,274299.7608048814,-167554.0917575269,-2033.3818937898868,261111.4981893985
99,5.257371382317058,78.82141665373736,27.39582982891347,-3924.667866152551,-330716.4713824274,-276857.09928299754,-401536.1154487565,-134047.33587659066,32375.603193947132,-626497.4128344225,-269920.11733684165,284919.29163968674,-50835.17736911606,-8009.680979284463,515203.5250563429
100,5.400978880405917,80.81624040353827,27.395822366452744,-13106.917778837893,-94022.8770926373,-258743.53123649248,-361158.67326071905,-92513.70387435844,-831.4081496154241,-443811.7455284934,-238469.40639990312,316407.8258204289,-113615.7301850483,-87.4477322490272,280975.08852721273
101,5.253086954631334,78.7616795437326,28.437492648546073,42472.69562965694,-343329.47686000343,-248721.0751072755,-437908.73938031605,-132206.34355803265,38319.31523118933,-649631.0556292692,-246568.49928548487,346621.69857713196,-42672.296647789706,-2292.7048339450803,584406.7565416403
102,5.405278151779088,80.87598591377923,28.43748440879591,1989.8470119744743,-107271.26925649826,-219834.1875144653,-423760.51644536614,-120213.95871969058,-13475.422917649501,-513971.5336236119,-193886.14951405316,382742.07337867597,-71426.92338745948,7375.12425732105,309973.4600376123
103,5.2441172467362485,78.6370068766849,29.479155150044384,52226.02708181107,-371336.6345248499,-227449.94418724574,-460605.1021683193,-115788.16182652772,42531.56525490957,-679079.3295164442,-231371.56319767318,363890.3410838331,-30070.621443373242,12728.48625359111,650269.5129246637
104,5.414259866150454,81.00066620146308,29.479147109851684,14278.215242490656,-100987.86789427792,-157763.8292232686,-473143.6315486476,-135244.34977595427,25179.516749902254,-539346.3512642464,-157934.01909949048,452806.888488681,-35229.418982304436,22422.25249619715,339574.3924585624
105,5.919024378524413,78.77168669485002,26.06249936566377,-45618.911155390124,-310598.8956067011,-288513.5830422246,-428370.9958811066,-108390.58389583683,71425.9638337449,-632637.3394149351,-307869.4105106341,295775.36012125347,-98231.4939315902,15075.335391993667,527551.682580078
106,6.068865075166136,80.76606244449096,26.062492568110827,-57118.163211678264,-63024.22495483588,-352918.2032733753,-379873.77849553654,-69061.12902162048,39616.164738463944,-445228.1385497462,-356302.20228646917,328469.7493963259,-209421.35638522374,-2067.079448164244,281795.13901084283
107,5.919037888791189,78.77169277915374,27.187495347481835,-14645.70151775502,-353410.38430488587,-302885.333892484,-479482.6951321228,-160841.87061964054,48344.02062459716,-719301.809024912,-303318.10985408386,351678.49916387076,-64624.71385188609,-10115.905619295816,545777.9904256755
108,6.068875734076813,80.76606772648437,27.187485673132443,-25533.822074293283,-99172.17123752256,-294486.87587989256,-431174.7813961061,-122814.39449724658,-123.81651643398938,-530929.0846995509,-268994.6306847497,380730.84619259235,-129642.0219570319,-2986.694249852391,285270.06404692837
109,5.91495151899661,78.71716517953531,28.312491033682186,36799.33054076186,-357559.633710084,-262345.2742170479,-546630.2239144628,-167293.35708644934,48724.45808755949,-765793.4835855043,-264487.82873655186,447175.7349356861,-47627.88620649177,-8951.28509313462,599886.2459571604
110,6.072980952818952,80.82060711752966,28.31248023202221,-10120.989622868208,-118981.09726733786,-242881.7711111731,-511736.83373332664,-158317.18814502293,-14926.427514523037,-623036.0056112544,-212028.71476871037,463080.8623785857,-77946.94367881706,1166.710540419471,310494.337512315
111,5.905594313653999,78.59252225142889,29.43748656162841,51180.34523640918,-388900.6903033599,-229474.05701282318,-595473.0147536566,-161351.68965477266,52051.89725499838,-821907.1768241301,-236796.44421030662,491509.2189546628,-29699.473570402373,3298.788327688983,662134.9185420172
112,6.082353261247927,80.94526090224592,29.437475680424516,1437.9577223501256,-119521.23447014895,-172151.75243481496,-578227.7893655284,-177661.81875897254,24387.369779348275,-668279.8046165858,-170754.26507701297,548799.0405109851,-36628.927993402634,13387.54450569189,339124.09791286517
113,6.580690314673256,78.7219807781716,25.77083216251947,-46809.31273987761,-334629.4064812435,-328360.15104074706,-502255.43583892327,-123347.39870137854,71287.9628233668,-721390.1606571458,-345367.8151826473,356959.1055779251,-114156.28751809808,25635.79152068154,584263.506438103
114,6.736758660319701,80.71586864692676,25.770823620658618,-63275.49703890833,-55005.56564511301,-415215.76198183105,-438807.6637881006,-77912.3149686988,38350.97272611438,-507011.2999345918,-414620.9590007275,388135.4342694671,-253866.3654278758,-267.85192240787904,298037.0807022194
115,6.580706132233341,78.72198919693034,26.97916086772382,-26434.580898585016,-374077.4732926168,-335829.6559022127,-565541.2848247258,-197270.5660301131,59803.23979805491,-824431.5552626468,-339690.0759877632,427779.92115699523,-78093.87687485683,-11271.52292061435,578573.050504526
116,6.736770923920307,80.71587628032826,26.979148636588917,-32309.960402746445,-92280.64571469238,-325359.10645463935,-499186.94577820424,-152318.44837285703,-2035.720608461178,-608552.3069649851,-293049.4909712283,451652.0853641351,-145218.39287765944,-3538.773814385049,288018.6675926094
117,6.576866402956893,78.67266886204712,28.187489301747966,29106.721039008306,-366530.56768293557,-278895.53766248707,-659717.8179298904,-211431.96528459957,57628.144937661586,-888518.3330816965,-284000.37907501135,556199.3278502937,-53325.98962085885,-11930.381154394783,616715.2854546772
118,6.740633339542489,80.76521287807759,28.187475670833823,-16342.474680628968,-113545.20860385936,-259545.02830909935,-599458.646001366,-194091.38651932625,-17004.14747235243,-719385.495006122,-224379.39274132744,554332.1761538619,-85145.24076618523,-2706.385850977774,307989.5086322529
119,6.567121950684191,78.54805849718046,29.395817820484663,49231.040758387,-397178.2042578021,-230697.14670240693,-737655.1944638682,-215268.39910609362,62449.175219145276,-970240.1768298278,-242441.08298358243,634036.9496115884,-30086.670587653538,-2472.0850448357373,673128.5072373797
120,6.750396134687757,80.88983831904339,29.39580381452895,-5267.906146355359,-116996.27765931061,-182650.5635037078,-684300.1380140819,-219477.73807059773,22058.621743217605,-784516.8715322198,-178797.0542526286,658399.1784754747,-39784.47468355286,7083.84107957426,334176.2346447476
121,7.069674374102783,78.68219396482345,25.479165704771976,-269382.52374238346,-678810.5347123309,-590581.3988574785,-1147317.8806673011,-399184.9121310147,-58288.40046138905,-1743519.359135263,-521921.54382195836,726666.4456450286,-120655.01365604986,32481.005038374922,604109.4143092345
122,7.244423479683283,80.67450213489485,25.479155807120172,-145775.24952722288,2636.1923285765515,-569076.8112648834,-967844.8351652352,-274539.9011580333,-53774.21367222388,-1134743.2203033743,-495197.1613290922,917724.5131689366,-281281.01636506565,2430.41006538771,307130.3060533273
123,7.069691942445854,78.68220450624364,26.77082674653985,-269556.3819732935,-757006.5213807374,-614423.982598301,-1318383.5246351042,-588994.5414686849,-32124.119911679376,-2018641.1225794372,-535457.4589956902,913111.6956227951,-88375.88597056661,-12754.597094850431,601666.2256017824
124,7.244437110296474,80.67451192452451,26.77081237906965,-130389.18674994165,-89462.21466898732,-480475.0331222407,-1128111.1631105074,-464787.78469059896,-71690.32977918218,-1398594.16498323,-373227.02254459617,1071494.7529866563,-160958.57160574215,-5287.002741636687,282257.58789058414
125,7.065855353007653,78.63811277025722,28.06248811800505,-207478.17193386285,-725563.0231108873,-494616.7420852994,-1575348.1681748752,-629625.5230518549,-6293.812178685087,-2204098.8948165504,-451729.4958611337,1228170.4535476344,-59068.37455783005,-15257.50789895981,622984.5550170648
126,7.24829966336387,80.71862399317894,28.06247214705219,-108221.19808902833,-128322.74297752885,-368580.20706839,-1372490.6865050674,-552195.1127687638,-63649.60213551396,-1645141.5161062428,-286875.4620316408,1326892.830002936,-93103.89956338977,-6268.5325373690985,299775.83815591055
127,7.054945030549311,78.51360315902042,29.354149829849103,-169787.4978501267,-774302.9073827219,-378339.58162539394,-1798803.8728733342,-643661.6706635322,46897.087542107605,-2403927.2353567057,-384513.3483883094,1466010.5968867731,-32374.573746371792,-7538.702634189431,673869.8643111398
128,7.259231010785255,80.84315264530193,29.354133233173066,-85689.55580924409,-127667.51169739835,-236220.06581396976,-1577254.4141369471,-599765.5684237012,11406.079565029248,-1800446.778829989,-224723.28982793383,1575592.935337311,-44332.084132324795,2371.1960546665337,324933.39298967854
129,7.395317172477448,78.65153651234496,25.18749932141553,-256640.27549107326,-639300.3349045236,-567562.126928672,-1160457.5616770855,-397883.4477541718,-45676.27292969158,-1721831.8081020173,-508308.13542090345,766637.2061986513,-121347.02299473302,34470.520315285656,598276.2907497766
130,7.582517211725614,80.64275268965315,25.187488680576145,-145522.29729579174,41992.76127268188,-583401.2395104888,-1059188.4553241709,-309677.3100578479,-58720.63686343372,-1218073.4309261471,-502866.91343167605,1034009.5688242242,-290865.5278303328,4914.184912669771,308267.24268903444
131,7.395336345614104,78.6515486811991,26.5624934474674,-258920.1640079667,-721110.8686744091,-609623.9002784743,-1336641.1799955224,-609479.7670909134,-14927.376364834761,-2013756.292496414,-539658.2276985536,963759.5872341172,-94234.08498287082,-11725.09799096957,623097.2873461223
132,7.582532150346135,80.64276411805457,26.562477647031823,-132448.5383404697,-52696.20617470879,-502951.2775732148,-1241902.7453152437,-534188.0747263207,-72278.65613355488,-1519181.7448048342,-386274.33861135435,1217360.061327795,-172134.50770898457,-3376.92863126772,290207.14601035934
133,7.391697445466211,78.61266966983524,27.93748750675328,-192150.35838180213,-674016.1465780301,-484346.9954512825,-1603758.0997548576,-657537.855801819,7977.604417485152,-2201213.5683905436,-448590.6089054762,1299290.676884905,-61624.9449109445,-14517.847496812577,640471.2179586161
134,7.586200174633321,80.68166687654639,27.937469903898837,-108948.71232559875,-89500.10812444048,-376011.8865951061,-1524753.564529226,-634530.1564944295,-64790.965594678084,-1801010.471175144,-289170.0728886375,1515719.8370186365,-96268.06269622497,-5168.301404152337,306941.8445805251
135,7.380010539792617,78.48822995274571,29.312482114819318,-146447.5914675977,-706064.2475281957,-357228.5602464011,-1845697.1942041882,-676737.4163092556,56319.53669242083,-2407153.251797137,-368709.5707603339,1566122.4233152762,-29776.771242761395,-5935.579091469235,693866.5347223431
136,7.597910633989948,80.80612888139176,29.31246370577128,-83828.56631441356,-82862.0640435952,-236781.5302428916,-1778689.5344558023,-696575.2516760367,9232.299360925868,-2001193.790220778,-222633.82725126707,1820355.456871145,-43478.98025529562,3904.264011289789,335602.6811190003
137,7.724075420269688,78.62063524596391,24.895832828231292,-263540.71684703603,-639815.979896019,-570048.3891933868,-1241966.9829937138,-435033.6570857263,-44439.31152717841,-1813395.2746804669,-510077.15224586695,850067.3409898925,-120473.4655296163,34735.32491860134,593103.4271616726
138,7.917494881756556,80.61124711745158,24.89582136581242,-142073.60662721944,66431.86357476498,-581854.3154569127,-1092495.8976572037,-327324.3898808978,-51744.706496206636,-1239792.8879111256,-503604.2063867886,1085901.035788547,-296179.3348869338,5298.680899657889,303972.06632380525
139,7.724096331348341,78.62064901884129,26.35416014237637,-269136.80357932666,-727122.1520030802,-630217.5901715204,-1438501.9542885374,-675714.6341057265,-12128.271729708003,-2142235.3418912655,-557040.872391894,1072799.6685292318,-99653.24236925736,-14137.294100146219,627337.6076632452
140,7.9175111468389625,80.61126017823447,26.3541428668378,-130256.78565543237,-23916.444057468427,-509336.0385101754,-1291038.9051967966,-569750.1617779719,-65510.90632427924,-1563255.0215203261,-392683.1496441486,1292428.9029413986,-182901.64786896558,-4047.736596595014,287145.0448958528
141,7.720849619191311,78.58696673988307,27.812486882090763,-197491.05862335215,-665495.1719311797,-497831.4563667432,-1734887.7314956044,-733525.9734464998,12608.574131887692,-2347947.7813971424,-461882.63492024184,1449012.7293961095,-66917.31543772631,-16450.948878448704,646411.1658492156
142,7.920790047595965,80.64497000459711,27.812467631248236,-105665.47721583108,-55295.976984518114,-373631.32176376594,-1592189.2668322239,-674824.4311142043,-59578.71996726689,-1859167.5849212664,-288522.3761556778,1613097.185112829,-102926.18710593593,-6678.155888468147,303190.99979036034
143,7.708775715658275,78.46256658733444,29.270814354526777,-144647.77436925826,-688669.9130874007,-354394.8337733389,-2026791.334208254,-763404.9769565277,62325.21169863247,-2592989.256722247,-369485.62122298154,1774762.3567152305,-31738.611859920726,-8368.74856010287,694909.8267738388
144,7.932890272069264,80.76939614556409,29.27079412555098,-79467.90483342002,-44364.326491753294,-234143.4670072047,-1870916.214899624,-742932.3432316716,9005.061858349763,-2083130.4170990936,-219159.40385599,1944314.1226227048,-47104.819721004635,1789.6108841809403,330359.8683459554
145,8.049517513384455,78.5879828241013,24.604166538994587,-269280.40911776345,-624804.8964414467,-565670.2427288764,-1292013.9310807257,-464335.47146892454,-36747.2309867495,-1861654.3521422395,-509287.61627642694,911186.4201305797,-119986.47818127969,34666.76319017552,592687.0978727044
146,8.255373322192442,80.57734693591793,24.604154178356765,-144386.82882848306,96646.64951715569,-586936.417123236,-1139884.264891319,-358065.72115319705,-48221.45527594061,-1282756.9831458048,-506308.5077452176,1154388.8944564592,-301569.80827038514,5443.016997366413,302494.2047098045
147,8.049540279440125,78.58799822671672,26.145826585671966,-276745.7897519374,-710055.8490484932,-638283.9073895051,-1509258.2298128942,-731161.7303491131,-6650.505524232364,-2222760.487356404,-565427.0301228117,1163101.97128928,-102422.71368709402,-16391.665709525772,632268.323803585
148,8.255390931801603,80.57736170052428,26.14580773285563,-133785.1910270293,12328.957775855466,-518016.22716042906,-1362369.0444781112,-623427.1833445847,-63307.75939037956,-1637263.027921603,-397041.52724310575,1394832.0947531061,-189838.83522428694,-4109.4022691878245,287065.2431953921
149,8.0466209182671,78.55951964845852,27.687486277210347,-201508.80802451025,-632622.7663049409,-503192.5166013586,-1827314.2658190613,-795744.7116183968,18159.773394936827,-2439549.379761885,-468789.8759178836,1571015.164748958,-71195.65747002664,-17593.414685144777,655900.5023061985
150,8.258345512774238,80.60587185378961,27.687465289712698,-108500.98535690698,-10207.309628971387,-373774.62844634673,-1688237.3518497422,-733892.564374535,-58063.2656552539,-1950690.4797303656,-287615.4873360323,1745823.0436341725,-108342.88503144658,-7169.604369019568,303660.3903985455
151,8.033771437315131,78.43519932637032,29.22914684094991,-140070.4118322893,-639609.3238223273,-343502.9863189127,-2159018.4254054343,-833838.7176008185,67961.83045034143,-2709198.824182628,-362795.7945008637,1948811.8967099625,-32471.875694091395,-9008.206754993842,702797.6847055159
152,8.271223918134751,80.73022207429109,29.22912469723866,-80357.46500641099,10366.087909423703,-231239.15316329262,-2002005.8445220017,-811530.9212678991,6569.857087685828,-2204845.385452651,-214409.61761940335,2118024.4728117734,-49161.37419351972,1336.2934731582136,331325.29155628383
153,8.377862057212585,78.55295552596692,24.31249997030376,-266112.28577228286,-606910.0501930381,-554958.192370662,-1317556.7791890071,-483433.94848537585,-23628.126337617094,-1876338.5205378693,-506033.48642803973,954391.4786299262,-120187.85733481804,34483.6546125555,596182.6389907802
154,8.589933469548512,80.54167630623238,24.31248673466624,-143995.8057502882,126262.48458887861,-594922.6878040135,-1208847.3754676008,-396900.61564688524,-47298.494835278994,-1348969.0412695329,-509901.7232196383,1246214.7555237475,-307259.1188547811,5657.348712244791,302234.2780226687
155,8.377886792881451,78.5529726370718,25.93749326437715,-273219.2510167276,-686174.9288787781,-636098.3934596251,-1554914.8325905714,-771732.838549972,3287.7142542086713,-2264041.572667124,-567786.4386534536,1236335.437965447,-103929.16035479747,-18366.73496499653,639633.1807680189
156,8.589952448405578,80.54169285122494,25.937472826996395,-134261.09741325089,44873.07636751258,-529585.944029276,-1463117.6615151013,-693164.4162925689,-63113.14377754168,-1746559.9326913967,-401777.1038724633,1529363.0714888459,-194767.39345979286,-3568.0030092775664,290190.57995590393
157,8.375424486304716,78.5296852597553,27.562485666738695,-194299.3756449087,-595582.8472517416,-501589.5372782592,-1888581.6378414764,-840123.007643547,26962.270944000586,-2487695.416931084,-471118.66663901095,1667342.323395185,-74186.95443645027,-17811.492798443174,669310.5185929858
158,8.59245313913622,80.56501619372713,27.562462939728622,-107289.63626272912,30073.94030627591,-376261.72145480174,-1821436.214790317,-811113.3024437602,-57469.914452050485,-2084895.0364391648,-287494.3186988648,1918911.9377267743,-112084.95463828031,-6556.093617836323,308467.4971063129
159,8.362188262471888,78.40540732305888,29.187479060618983,-123814.54983531623,-587829.895908714,-328406.30811816547,-2249611.466053144,-882819.3589957238,76003.57113431224,-2772604.9215975604,-352802.76020166767,2085356.927937033,-31876.134505008766,-7897.125934914923,717856.5753881787
160,8.605721009549567,80.68932839696939,29.187454998744542,-76931.92538025291,59035.023169720866,-229931.32727013231,-2183797.7574223243,-901788.5327384373,4604.14422117987,-2383018.0835020174,-210765.7087644409,2345955.562785795,-49554.139324057614,2457.5683440141456,338499.4331446806
161,8.706208463821607,78.51794778284923,24.02083338277404,-273916.45411490323,-608344.1062775156,-560772.8255386511,-1389435.0804494394,-526948.2306020877,-18672.827716102573,-1961940.3899194864,-512829.6437414674,1031736.6477298841,-121996.94533215511,33279.853159803366,595340.4515790415
162,8.924491318177235,80.50598649483031,24.02081925699565,-141554.72042174786,147863.66622810814,-595299.668906652,-1229032.20837334,-416604.6819351042,-39004.50885529953,-1361720.868773437,-512146.30685654096,1284876.452529686,-314515.475882637,4533.977244012867,296323.28746072913
163,8.706235260700378,78.51796669145659,25.72915992412895,-281471.00875445665,-682067.0569624293,-650256.8095489151,-1659577.261861844,-849821.2527772059,6193.217086840198,-2394676.297433988,-579295.1450872234,1360176.5672554108,-106190.54963146085,-21585.591671192524,640628.8327557927
164,8.924511694180929,80.50600491990207,25.729137864807427,-131311.3123426116,73566.34879098344,-530628.9743947067,-1507295.6134044086,-732539.6305076233,-57003.55741821769,-1787963.252675554,-403078.5863675806,1602667.9010967994,-200850.92679284548,-4560.635682387855,286950.59881933394
165,8.704278836139194,78.49986576642901,27.437485035913234,-197587.129380329,-574129.2699654292,-511942.6961645031,-2026026.8441425841,-925245.6363544877,30101.369211421395,-2637679.238182806,-480628.49185550044,1834648.6345280448,-78261.77465338538,-19748.590404137303,673735.0620225418
166,8.926510046666845,80.52414633992889,27.43746053167397,-102618.46047319869,68046.0159601706,-371061.09013759,-1882800.1940674002,-852661.1589274529,-52333.31241189622,-2135886.4885488865,-284517.20779692614,2014770.161695195,-117765.56980910536,-7682.02854462978,305441.7620027036
167,8.690656314785713,78.37563275408458,29.14581125691408,-117728.86934462197,-552552.4420127879,-321313.5605617575,-2443402.6385014863,-978855.8714402696,81577.02465222603,-2963419.931534006,-349484.8141051018,2321309.873719941,-34267.097330343306,-9507.054875368902,719708.9197661539
168,8.94016729756859,80.64841832754054,29.145785226169995,-71668.33174538375,103727.98687027312,-226439.60309971427,-2271491.138853391,-949186.6285646308,4054.471772484609,-2458435.3908565105,-206176.30272808505,2470231.74560977,-53242.40796678822,915.2667141998945,334459.5527040032
169,9.03121645106694,78.48123029524541,23.729167055678914,-280343.7463363053,-592341.4053384732,-557826.9606778098,-1426867.9353952385,-558438.1033670075,-9253.681947681964,-1999189.96100744,-515022.01687516615,1083699.8655300185,-124099.78490724415,31993.677098007476,595616.2241761797
170,9.261919420124928,80.4678660128824,23.729151992647505,-144039.23470597574,180820.45774020252,-599988.3948853079,-1265736.3030671843,-449386.8817939559,-34400.083733601474,-1395045.239478388,-514602.74343928666,1346440.811066594,-321468.17734509456,3825.218162240396,292136.5061341608
171,9.031245400731656,78.48125108702118,25.52082635424729,-288121.1378497989,-656011.1632168557,-653952.2035038845,-1727202.1986676431,-911439.519647681,11878.886092527875,-2470719.9830340296,-584465.1537219351,1457100.6321854265,-108109.17811885856,-24215.471941112755,644635.634540047
172,9.261941235885491,80.4678864395085,25.52080259642873,-134261.90037402866,114765.24089588152,-535581.0079695042,-1575547.6292069098,-791671.7336345265,-55315.90709788084,-1859957.5631878972,-403863.76250893116,1708743.6582491773,-205867.24776906334,-4938.487434785337,286515.9094189531
173,9.029778817964932,78.46833861610133,27.312484420166072,-201081.87639442063,-529426.3156314669,-513782.1767225176,-2120268.38513787,-992269.7678453067,34281.78802301708,-2727913.958003029,-484002.08737536974,1967625.6766299936,-81233.4211843337,-20727.681495736964,682258.5895710617
174,9.263453442369938,80.4808441020526,27.312458063285668,-104484.75466561402,121030.00448598796,-367624.64219120285,-1976116.5506561417,-916131.2857681366,-51039.12949745184,-2223086.7927284446,-280604.03375795047,2152611.434115567,-122001.31633398689,-7711.227094273441,306891.2124656913
175,9.015382060140883,78.34419567652048,29.104143716909423,-111048.00276518107,-487707.35105101496,-306645.53988171124,-2580111.709019863,-1053955.2521236902,86194.60537799394,-3077767.489841113,-339024.7217921578,2511391.317935363,-35207.83324524928,-9513.369542472781,728160.6164103488
176,9.277888001288206,80.60503095334461,29.10411561951578,-72168.11010855359,169542.57954864705,-221759.07841788616,-2404702.03252356,-1023495.026866049,988.7046140839085,-2579835.3309368645,-199374.9119657806,2654825.633924853,-55165.72026646382,922.1756833596733,336733.3488202479
177,9.35909686785636,78.44210111899213,23.43750048715552,-277276.9403633872,-573559.8054097752,-547410.2460141281,-1437961.0117339038,-577063.9397475385,5133.706756439232,-1999830.9906347725,-513688.7302684711,1115272.7291159534,-126566.80286621045,30619.968833689916,597704.8399845973
178,9.59600719972235,80.4280160199715,23.43748452344395,-142784.95389194513,215117.39819487816,-606392.5892089213,-1326427.2621435104,-491537.0625459389,-31906.16042986473,-1452649.544939315,-517012.8858257177,1435602.2858590444,-327959.3520912878,3493.368272395259,288785.9736897049
179,9.359128086107196,78.44212390809759,25.312493047364118,-283519.27877432946,-626986.5826609258,-648862.2137378915,-1765199.0438853055,-953020.4634392424,22517.651863343483,-2502763.830784776,-585434.655507498,1528830.4111191265,-110001.07119778427,-26254.918628146967,651663.1260682836
180,9.596030510756862,80.4280385445805,25.312467600296756,-133212.75236761518,153894.84525624552,-544490.47909451,-1676197.2345912508,-869286.8727532094,-54927.707100215695,-1969751.0570427892,-406017.7236558774,1851960.394492787,-210335.12623560248,-4646.744369465414,288810.0067860384
181,9.358232203281386,78.43439130948066,27.18748380537393,-193252.31035460022,-485535.9174993667,-509474.0582345287,-2179545.700073465,-1037148.7434660158,42561.361987298675,-2771388.701003748,-484119.42008595995,2067245.835001212,-83249.3887425956,-20606.73899617465,695544.1329884259
182,9.596975641118672,80.43582159472683,27.187455602568313,-101053.33887483302,169772.87960477735,-366722.56774837524,-2110089.495098672,-1000995.8696740007,-50084.65678703985,-2356478.8826448703,-277633.0803097324,2336108.9359361725,-124934.80053325076,-6725.741444502864,312508.985012923
183,9.343449436883217,78.31029627104931,29.06247592725581,-92696.19914289555,-427611.82646974584,-288904.1827429056,-2667857.2122503007,-1103063.6576806763,93601.99986034444,-3134328.3386058165,-326360.8693665199,2651476.9996167896,-34513.703290936974,-7899.554769909349,743856.5553744287
184,9.611799302158262,80.559966221291,29.062445758934594,-66754.8014306692,229388.44344807148,-218225.52276890347,-2595732.6543756803,-1124210.4952204512,-1061.4063707488503,-2764944.921561595,-193360.46646342747,2902713.5072735217,-55203.88662016773,2322.0598644052807,345198.0507735716
185,9.686979609762437,78.40299144015255,23.145833920031244,-284635.7676450946,-571139.7200075577,-552590.01976468,-1500247.2738454463,-623843.0914576079,11759.082065327575,-2075492.8404046495,-521566.31867193134,1188693.6516592486,-130264.54543748197,28508.095499040843,595152.3055829682
186,9.930092639566432,80.38814679336213,23.145817050968095,-140281.50711970968,237739.21637132557,-605045.1446489984,-1333753.5264031538,-509866.57402702584,-22350.232067821413,-1452604.366206043,-518555.19793379423,1463572.1287424548,-335384.7933411243,2140.215208002711,280247.0726971312
187,9.687013205277083,78.40301633445404,25.10415973889573,-290355.22361083823,-615152.2869179789,-660757.204306882,-1869947.6782146348,-1039220.6373225352,26126.567656514762,-2633365.981671395,-595626.6167130579,1662727.8835487536,-113025.2215234761,-29249.064630938046,652285.7020814591
188,9.930117508237206,80.38817152817046,25.10413257432769,-129827.20242743586,184362.55998877028,-543961.4181387186,-1711388.539853244,-908056.2157535529,-48504.196510957096,-2002302.3530484436,-406460.30032657675,1919336.5927976365,-216743.1444662429,-5773.56813785422,284662.9778086484
189,9.686736619550986,78.4004581509372,27.062483177480626,-194712.98592115584,-451776.1589800891,-516361.20011479646,-2326489.846366696,-1131162.0074297255,45632.459646715266,-2927437.711848481,-490695.3035560931,2255282.6703885323,-86589.05836918968,-22124.309432342154,700189.276944438
190,9.930447256038498,80.39078576331218,27.062453090501926,-95486.11480023457,208494.7104161903,-359852.7311751769,-2159968.229271708,-1041900.7202179924,-44550.34232726848,-2396260.1817579432,-273630.4530499575,2423046.4992486797,-130112.08592296367,-7581.879784703399,310395.0793275488
191,9.671568302388035,78.2764134499593,29.020808127719427,-83051.2723233013,-376169.65198867663,-277407.3888750061,-2877304.8899200684,-1210978.0829344874,98426.26558189384,-3335267.4559699884,-318543.59241188294,2917182.7351948866,-36787.18596700512,-9432.38036420064,745306.8995826943
192,9.945659944479143,80.51488598437226,29.020775831994854,-61908.36643710548,274252.8813716991,-214757.39712487673,-2674690.5375232035,-1171053.4331016608,-1599.3669509020704,-2832786.9960732674,-188816.27789671463,3019190.391779699,-58494.04250366824,799.8645747100015,342429.4596913244
193,10.01150288209927,78.36221445691895,22.854167624190502,-291020.52532250085,-550763.0448863434,-548268.3773583437,-1525785.3340925812,-655689.0143049449,22604.688756578664,-2099423.187743584,-524623.6185430256,1233994.8587194216,-134456.6187434647,26360.980427687184,593148.8177466309
194,10.267017783620327,80.34581159738059,22.85414981782932,-142411.63350045535,275024.42809243116,-606881.8740923686,-1359306.1451942709,-542942.2027270757,-16225.667135009902,-1473870.0030800742,-519477.89508667943,1519078.8186663603,-342324.3209408851,1189.9600575866302,272733.3536598755
195,10.011538980259115,78.36224155339761,24.895826214717335,-296462.4075725026,-582071.5718753061,-662113.2325557789,-1932799.387665186,-1103597.1523070317,31854.129158908578,-2703483.032498016,-599574.6369486938,1762410.4574431214,-116112.71052324263,-31552.26139351209,655271.5619509364
196,10.267044299355609,80.34583867716941,24.895797266317476,-132462.7641265404,231232.8653373749,-547480.9014195141,-1773970.025351638,-970195.9931485219,-46599.57045397828,-2068825.5634869453,-406324.15717716113,2026438.9204554264,-222628.67956228543,-6222.124609324263,283479.7580292544
197,10.011573364304187,78.36227195303034,26.937482617430213,-212544.0612483098,-400853.99110979255,-518167.97437034134,-2431628.3564287033,-1206464.4241037644,46459.79764771721,-3035786.380393335,-494678.19594594,2398898.5496108313,-89285.89392380306,-22901.1738910924,708144.0953263519
198,10.267067177045819,80.3458700520611,26.937450485884373,-84713.84734412283,268799.9354325741,-353322.3096078895,-2252034.698957487,-1111916.380764887,-41337.74708452866,-2476115.642125814,-266371.14977818436,2573250.570384559,-134483.22932421012,-8075.039419425105,310964.44182662934
199,9.99563219586967,78.23832750388421,28.979140649195752,-94221.49981897174,-303516.0073933953,-265819.74787688383,-3028373.9951500115,-1297871.4802716293,97761.91925727426,-3473998.0179496254,-309985.5216558427,3120426.2845162167,-38118.16304617996,-10182.079600166187,751202.2967945302
200,10.28305620654614,80.46987609546049,28.979106042914232,-48129.494868147754,349833.43488197325,-203783.92945300718,-2811616.1501428224,-1252372.5303782844,-1417.2716050077468,-2948470.979079,-176767.19646013548,3223158.186099953,-59821.41471228663,509.40293718214514,345647.72965071024
201,10.338868012726605,78.31899047811791,22.562501085091416,-288163.77353525965,-529411.1964378771,-535979.3997555188,-1523327.968911062,-671342.9179086335,39026.80445960518,-2084463.0917456872,-524487.5873684824,1255396.309385514,-139532.1592893159,24404.307493435397,592185.932183617
202,10.600581042072893,80.30178907560392,22.562482407482943,-139988.76808472734,315627.4607538978,-609585.5603676316,-1409926.6482693146,-586018.5268621235,-11292.011344906552,-1518838.6405349816,-520174.2157127495,1605065.9885492702,-348888.8349465579,639.0849540125763,265340.08360918926
203,10.338906789118305,78.31901991161193,24.68749296109171,-291027.20250861754,-549270.7325649493,-654881.4691543629,-1962290.7857442286,-1142430.6817899724,42806.242020694255,-2724717.766202392,-599814.3775601633,1829352.7395346256,-119374.05546055535,-32974.25070329176,661157.2540058473
204,10.60060931535625,80.3018186091721,24.687462256722092,-130183.8528990453,277212.8190265128,-555320.2695439061,-1872609.1656547037,-1054249.1131012,-45280.87381444857,-2176896.3896523537,-407910.4409035425,2176515.527139458,-228473.6909505074,-6053.528521246859,284746.2363177913
205,10.33894382506423,78.31905335786091,26.812482106483547,-204936.17444693466,-353876.166877964,-510462.09117690026,-2497921.7844324475,-1257194.765718208,55184.036048098795,-3086865.9954899587,-492888.87046004704,2510480.433448206,-92312.23979821935,-23309.701294424533,717462.4483463633
206,10.600633831259033,80.30185317662382,26.812447858255894,-80375.06181427395,323101.322449645,-354342.56881730526,-2399420.734365517,-1211959.1403770004,-41752.95723647148,-2626901.3375071944,-263555.943889778,2778840.9732150384,-137423.11955192115,-7799.899688811072,315916.32768387895
207,10.322617548900398,78.19516201138232,28.937472969795092,-80240.82893645417,-241414.26299626593,-251032.01686414282,-3124140.8444997747,-1356228.7537794057,102514.48812599116,-3544354.3575540003,-298841.26452535426,3270508.513282492,-38131.119583133186,-9833.851681617492,762641.2361371384
208,10.617011505019853,80.42581271645466,28.937435974546073,-40191.62441100353,418423.20188375976,-195288.99573386164,-3023551.936060157,-1369158.7494639854,-1702.4532262564849,-3153353.5571782575,-167428.9915530936,3503725.130470246,-59482.13400756645,1265.58556207564,354349.4943057834
209,10.663141065557063,78.27622363723617,22.270834511215373,-298094.97517289233,-523184.8812679183,-543004.5313334545,-1599227.1933918472,-732826.2829696717,45662.7736480458,-2178214.1556367893,-535073.6890372618,1349003.4568997854,-146070.3121981025,22740.322770638897,584603.2314967192
210,10.937235657585521,80.2573092831189,22.270814984941268,-135512.3259276898,340446.5675249726,-600164.1217957209,-1374611.363512081,-585808.9324630046,3960.1191923003994,-1467826.1281941964,-519686.70256921067,1592282.9505649689,-357061.4268228158,-906.5283595013838,251427.21815304732
211,10.663182694670336,78.27625552228042,24.479159707948725,-298162.97991098475,-524047.12621466635,-669678.5550586403,-2099086.389473995,-1260650.3382469849,43747.81474262696,-2895345.5282789925,-609522.5411614989,2012979.4082562004,-124037.11221229231,-35916.43664232258,656946.513675593
212,10.937265823828046,80.2573414394964,24.479127201734485,-123644.15884872337,312308.35899760283,-548288.2703952816,-1859852.833332373,-1067917.3351008175,-34941.23817991319,-2150184.792135341,-406360.4688607577,2196921.1907496965,-237257.2499474861,-7957.932554561482,277291.34140198166
213,10.66322245552574,78.27629219368812,26.68748159092271,-205266.09968193038,-297691.00430110097,-514518.29572814825,-2702774.527517668,-1396786.7460425172,56233.82349938576,-3305263.755783594,-495016.7580460444,2782805.1141184596,-97624.45328169447,-26545.249410239663,712881.9158443285
214,10.937292058642333,80.25737942304997,26.687445146147187,-72195.2681164572,367411.1212841859,-345093.92276718025,-2405739.650577881,-1233313.31924485,-35773.45458933827,-2615535.896766895,-257757.71716262127,2823415.544330065,-143515.01626537272,-10325.293566646995,309725.5768896014
215,10.6461248897211,78.15251136619776,28.895805277739633,-71282.69607717198,-155890.15647476548,-237518.68519409327,-3421218.92571352,-1521854.233928915,103564.14889152902,-3833899.064464263,-286975.03721689293,3656182.563935125,-42918.74071885069,-14323.7687434001,751757.7364944755
216,10.954444945169259,80.38123545591546,28.8957658031682,-32074.31484028336,471828.81312114635,-185337.83423720644,-3040243.1880583186,-1388535.8436707356,29.88636315408048,-3146765.993173661,-158718.2500877701,3559900.907305089,-64561.207774496674,-2426.2576727362853,345926.70124708494
217,11.148675411060283,78.20591686101115,21.979167916503826,-123285.14946053899,-283486.7167382849,-318859.6443100189,-788512.8280625185,-288616.53304957633,159848.56887238397,-1013997.9621687818,-398344.6735395803,686711.1251995191,-156540.0641000377,22615.673697868235,598551.8268437169
218,11.44133325769993,80.18437494064182,21.979146347439503,-120700.01044985368,118199.44552150482,-540093.3450766839,-705864.6469645374,-231495.22863785128,75242.45468689689,-762186.6617795497,-534483.9057205389,754076.6574950559,-378075.05719065387,-2214.5022889454467,243697.66256696236
219,11.148720818465016,78.20595266536536,24.27082580002135,-96267.3260289744,-285058.6646218292,-419433.3137892598,-1036232.1737245114,-536519.6371184372,141281.881851445,-1341275.7205971004,-466129.12422429805,1006645.5403813347,-131129.12661557642,-38190.67447896203,664621.3239714284
220,11.441365820215863,80.18441135158271,24.270790126404265,-90038.56654296155,107754.29937367974,-447578.1347138169,-956391.2948767507,-466324.70234558213,23860.78746384705,-1099983.520690273,-389844.24975100224,1059965.3685581766,-240657.23598744383,-6993.1867723208725,282746.45582544303
221,11.148763978518495,78.20599397617804,26.56248056756245,-29187.273415344294,-176212.15973517252,-348691.65142877883,-1328728.1518424412,-598886.7280262624,128566.99841288797,-1542526.2239844776,-390945.09925432655,1379380.238659508,-102480.4650801127,-27283.37502190517,724198.3347215535
222,11.44139418129963,80.18445426272581,26.562440709837556,-49051.44507401944,137767.7382455328,-295584.24766206846,-1233374.852071419,-548519.2999787233,4303.198867125965,-1332861.8016934113,-256306.23104647285,1382300.0782493292,-144470.38157128656,-9070.257279522237,322406.02210812864
223,11.13050923745029,78.08238214220539,28.854137324194532,86712.24184687204,-88987.23590719492,-152217.44243069759,-1672074.15053726,-669537.5990213986,133338.4491035003,-1776651.516798331,-211221.94291830173,1833381.0232256127,-41933.17364211537,-12372.614860905705,773281.7511091358
224,11.459708983435144,80.3081511172346,28.854094054479496,-51661.190594377105,181489.27379880322,-219242.65059534463,-1594540.53270141,-642614.8562600669,-109.51587454516978,-1672006.6073149932,-195313.43910784743,1777905.4790319223,-63309.20266606383,-1049.6091465421869,361709.76125939994
225,11.804753181369838,78.10675626912399,21.68750091366411,-129097.79612242112,-282990.0701572717,-337211.7261835986,-835958.6799595719,-324106.9870590046,174442.848041129,-1068049.1034190177,-426942.9818247926,745692.4927805193,-171680.72086630273,26736.46026881655,631728.1577682055
226,12.103591307763244,80.08429999649827,21.68747631069776,-132858.72910343722,145560.64291869957,-584353.5461973307,-764187.4321694314,-270937.28717055987,83722.01778805436,-829371.2770630857,-574005.6091006324,831725.2537816497,-414859.6217309451,-2859.241755757289,242946.8952745819
227,11.804803176304668,78.10679792457097,24.062491701836624,-103006.2586196221,-264209.9157072517,-433806.70098182163,-1109731.782342751,-595498.7500893534,149604.078061224,-1423602.2020649498,-484062.2161247653,1106641.5428810196,-139646.23751022492,-41809.504709437155,674643.5795868975
228,12.10362677835867,80.08434257508998,24.06245156996304,-96814.91084783387,138819.99401454328,-462102.7934080538,-1048214.0477109852,-536090.0115153766,22467.763455091736,-1206993.429358867,-396820.2961319938,1183716.0152495168,-243625.05110842595,-6593.8327823039945,285575.0955967544
229,11.8048505342457,78.10684553966274,26.437478979587354,-30715.114164655337,-141908.31200328819,-354210.3901110599,-1431242.9022332295,-659180.6840071924,134674.222858415,-1641623.0423283824,-399806.4621633901,1514595.688212769,-107833.62080456741,-28240.28174741952,737891.1097052924
230,12.103657720931672,80.08439204564034,26.437434557236244,-53958.697385924985,174631.4423144497,-302443.78746591415,-1358816.3415398197,-621233.7112360662,3356.0075377155113,-1463830.9312626598,-260327.09515652317,1542386.9838817941,-146660.2589975981,-9522.445247571013,330330.760572029
231,11.786213114797956,77.98329720479451,28.81246856668499,94881.6698176439,-43439.37432882167,-141359.70960913858,-1803384.3472222555,-739799.9733339,141090.0928611878,-1893718.7286214004,-206400.49791672325,2010201.8124178078,-42700.188187610176,-12864.161660387761,789345.646407305
232,12.12236093063925,80.20803837700501,28.812420249693826,-55454.22074095621,226267.94910788283,-222795.15086376597,-1764504.8521074876,-726584.6065093111,-1984.9810162937297,-1843042.119634472,-196708.08163568037,1987768.7787733132,-63690.96552197003,-1296.7603534324453,374227.07656802115
233,12.460833951543599,78.00761500397225,21.395834099034477,-135770.94231587352,-278078.0472587194,-360277.7736440408,-905249.6919500149,-365454.5618792191,181240.15940448304,-1144881.1286300775,-454092.5580979972,824846.9235094411,-184575.4766430846,32968.84198901846,660622.6986301201
234,12.765846341246412,79.98420604765063,21.395806459535734,-142187.99110598103,170506.95511591726,-630447.3237820922,-808879.5079743045,-297673.5755930819,88460.37020890755,-881801.9979514305,-612330.7637446498,892004.401923924,-455792.2232332268,-2149.982272698778,238457.47600551226
235,12.46088833998707,78.0076632526245,23.85415759268152,-114412.07887221736,-241926.59762360607,-453528.65727873956,-1206798.7627736046,-672958.2548709427,157478.5190096708,-1537830.5927410976,-506503.79870903795,1234467.057675573,-149879.93008300022,-44252.64502481725,685593.6121166572
236,12.76588483313263,79.98425546391702,23.854112845834702,-100844.51751339632,169938.87908050782,-473987.2028722266,-1115881.2511257639,-591226.9042940701,22072.480961239246,-1284160.4820130893,-402548.9386247219,1281816.579332696,-249222.78265725388,-5810.942609789462,283800.9559552533
237,12.460940143814671,78.00771776786662,26.31247730549183,-37234.33268289414,-102340.90229229181,-361900.6400063678,-1565586.3047360803,-739818.5220366931,139506.43115067898,-1778528.2433115793,-410269.78645557986,1687322.154785606,-113405.95303950759,-28865.478448631962,747790.1938794432
238,12.765918551018324,79.98431210212425,26.312428155427675,-56454.587010568575,210113.74068117669,-306837.1635717269,-1453477.4706649706,-677942.479501694,3599.4882451461667,-1559085.325172995,-263193.4967218715,1669100.811993748,-150515.09129024143,-10101.188496049028,332111.94794935815
239,12.441920644134782,77.88423599186217,28.770799742283852,98352.67871250634,10301.514717453272,-129962.86906140276,-1980212.1775626251,-835412.2683137238,148671.58104678467,-2060512.265811428,-201933.6341432215,2241137.2243232056,-43641.09544392662,-13438.279374292322,800076.2745950428
240,12.785009991448671,80.10790598493215,28.770746163958524,-57544.71044426388,267226.36469804903,-225721.6889760536,-1892135.057461943,-791667.7326604845,-3982.397445466307,-1968950.5139512222,-197391.70024556536,2150302.1794745186,-66002.56323189916,-2184.497534601885,379516.26085342583
241,12.945460732561108,77.93130219597124,21.104167913989507,-344110.7611875745,-419185.65747869416,-629099.2764260086,-1962711.3272798934,-1081304.649854758,72851.892613304,-2626806.9445073963,-624047.8219185546,1858459.0713336729,-192149.15340880794,35996.303312495016,669787.8879356964
242,13.268983541410167,79.90491843375398,21.104138371598932,-156367.67165730143,621117.6238529426,-739642.6858060985,-1694964.3179344584,-897315.6722237465,19358.38291337563,-1819552.5281875532,-607970.670359367,2152630.464936463,-480317.16430802376,-147.28531326583322,236012.7152582622
243,12.945518750590086,77.93135574736127,23.64582380837729,-326784.28310573765,-250333.92382780268,-731143.4020726815,-2688657.9904456944,-1844490.7556195513,55599.23924767969,-3593711.793958423,-652526.7573530865,2937976.9423052887,-156133.5732252994,-46005.0200545832,693232.145073254
244,13.269024779621017,79.90497342280116,23.645775635835935,-131055.28788934633,642422.8507939773,-593019.1220026411,-2397827.385154968,-1594796.7552274342,-49342.74621619628,-2770726.8981547654,-398998.79198043107,3088074.131037185,-259896.42313018706,-6970.063104321955,274308.12019676866
245,12.94557455063664,77.93141615604058,26.18747627556732,-205109.60856875032,122539.80776536441,-503774.10067258764,-3557946.895728839,-2015826.8037131971,59000.97724307792,-4146682.5306743584,-481460.91318597976,4041799.542384364,-118039.90810200239,-30303.42947491536,751333.9547260363
246,13.269061116251672,79.90503630640116,26.187423397545974,-71139.23498573917,762465.1156851014,-334553.82289332425,-3178640.9261642457,-1788412.8495923746,-51165.657421548225,-3388742.379163588,-226042.33814701726,3971556.775116642,-156118.72919582602,-12002.229868734552,327179.17178743996
247,12.925401660727186,77.80812644162967,28.729131793474888,-21970.04031438328,398180.3601975871,-129026.18989836395,-4564140.991842043,-2236588.214532284,114887.12580987629,-4862650.566788282,-199072.48126853514,5308907.178041658,-47252.18766179302,-16996.37079916855,794905.215581631
248,13.289311681457256,80.0284505328277,28.729074023999363,-15621.546010403312,960062.3852814585,-132612.4188399812,-4081132.967133848,-2014325.4932672519,-15825.853680948827,-4125119.0241477485,-96972.21975516167,5033919.664333984,-70204.7334301208,-4613.186286811333,376222.4776889848
249,13.267889189652253,77.87633016590169,20.812501706099628,-327342.0009027187,-371505.6515941606,-592716.5820619441,-1909081.6831221113,-1045007.8410673655,88770.0957894215,-2520252.9638825934,-606105.954665401,1834794.6839891712,-194870.76205166106,36234.76059583056,662902.5248050578
250,13.603746731799951,79.84792456865028,20.812471536839407,-143884.11371141116,708366.2138956459,-735375.5642153387,-1776313.2130619786,-957969.768862805,19753.036997749805,-1879076.5926652325,-598519.6522311558,2306702.780865284,-488658.3265371595,2912.4385888698885,232521.5869893073
251,13.267950316259027,77.87638748532258,23.437490835357924,-310035.6457219907,-197633.66708229535,-706327.5063109533,-2634829.099233774,-1829792.5569131367,73277.07973448909,-3497627.07377893,-644923.581146738,2928553.835810429,-161648.83838535807,-44756.14482768212,706991.5967541568
252,13.603790425106814,79.84798350731258,23.437440656972438,-118539.4866987872,748429.5512744745,-598479.9782059772,-2537126.118383661,-1736376.1105468953,-48145.07775561938,-2917761.7885916065,-393420.1159348069,3342591.9908961225,-271222.46476859745,-5905.371756422014,276015.8439893911
253,13.268009607569766,77.87645267427006,26.06247590739185,-187927.1710774233,188339.78429590314,-482569.8878309649,-3513767.571154234,-2015699.2944200544,72751.89357959092,-4061545.942899348,-472085.1845416602,4051473.852828523,-121563.3358581187,-29592.489986983466,763602.6879177834
254,13.603829164590868,79.84805143170014,26.06242049607073,-53072.428300553525,888828.2855451765,-322715.8478790257,-3395823.4463931606,-1957839.8038700167,-52485.16022391539,-3596986.1613280443,-208560.13559109173,4318586.306284734,-157137.888536558,-10144.337440517156,336429.5815894572
255,13.247069036888846,77.75329423194505,28.687464217725953,2798.3349692726333,483102.520309958,-104325.73981502152,-4509860.116662671,-2231516.2202337403,122434.01555357322,-4754835.556416826,-180562.32198502723,5316972.99386606,-45662.87548337191,-14197.640394348005,814826.349720933
256,13.62485265529621,79.9713444968073,28.687403574396857,12057.164267563727,1127689.5855281227,-102568.08713366243,-4406892.378588705,-2217676.742641998,-16015.653041578007,-4415462.339068087,-66392.24119559482,5519033.2429257035,-67843.66197792708,-1816.7173417711379,391933.8065991155
257,13.590330686095218,77.82143543023687,20.52083538337409,-330509.92435698025,-340812.9233483095,-589966.0999531107,-1999311.9667839813,-1118997.8070519883,89982.0556909282,-2620444.647733341,-604569.8057394,1963725.50581434,-198100.2421403136,35145.84255423237,648364.4901652344
258,13.93849654568971,79.79085372797813,20.520804467361028,-138543.55778181276,723707.4817008792,-716771.4617937467,-1723962.317799418,-934570.1010616698,32785.25149763193,-1805219.470586322,-593314.1014507789,2266926.034162421,-492398.66985936894,3751.4276501374497,221823.19742082336
259,13.590395076371596,77.82149647065701,23.229157861973842,-309853.76380781917,-139041.33905865275,-715897.5005663063,-2788603.2988558603,-1984931.9687604024,73919.94412274033,-3687547.079634557,-647962.6237862837,3170717.0999880633,-167107.94462229867,-46589.812702843796,704117.4791144463
260,13.93854275167638,79.79091661381055,23.229105664093105,-112770.21387518247,779421.4834548484,-590068.3430387715,-2487401.798117701,-1724013.3917325854,-34931.01957143631,-2848073.5010988363,-395262.35658281227,3319918.7842225432,-284847.4018914545,-7613.389587817847,267211.7932835533
261,13.590457903659006,77.82156664996633,25.93747552503479,-177717.64699071838,295088.9601425897,-475924.9121855352,-3746749.601578633,-2202642.967616155,73939.40041890499,-4301520.840312457,-463579.0084579783,4406546.249736773,-127405.72209549072,-32488.270840675956,758335.5621752078
262,13.938584003147815,79.79098979827603,25.937417546189693,-45199.20484644419,930275.8202005066,-310269.11697694485,-3355863.6547927787,-1957093.3046545908,-44101.69444515233,-3535775.2898863265,-203196.01216871655,4313778.800432162,-162818.75028043112,-12090.667691890232,330832.9418676249
263,13.568751258348374,77.69854920206339,28.645796603168133,27837.094644203782,643073.6815796841,-73628.00729285466,-4862686.196574777,-2455888.2634542612,123609.0635125594,-5079494.029219135,-152460.10639816485,5829236.904548335,-50443.664894425616,-18330.08743121016,803502.7188946444
264,13.96037888596825,79.91415232433515,28.64573305433907,17784.98570982006,1176125.8798934333,-92510.28440527187,-4364726.408162009,-2209516.6597933755,-12988.310799963538,-4348128.3722368125,-59403.411865942246,5508932.365300734,-73063.74297477158,-5260.706590479346,384712.429349225
265,14.072887399533949,77.73297512762511,20.22916906827974,-164290.57482490427,-213083.7784393681,-345031.42223784793,-981828.329673072,-429915.605286225,200090.02046134547,-1207752.5819224454,-461846.4110467345,947193.2174670591,-201054.44137777216,34078.817491339185,651926.1420511573
266,14.439504921097992,79.69907178019801,20.229135814791523,-164835.1071908817,273480.62811726617,-664480.2055150708,-876292.2579843558,-359299.3825727791,97988.2504493463,-944093.1357346944,-639532.5099493023,1027790.9610953105,-503923.69314113946,2990.983405841422,214928.6354864823
267,14.072956109770637,77.73304169777536,23.02082432985124,-144181.39073089647,-136561.7517942594,-469188.87702553056,-1356327.0240149547,-826313.134962135,177932.95119487797,-1695493.5991013334,-538650.559666201,1484212.1392168486,-175423.4341443476,-48534.73787982875,708275.3837594191
268,14.439554240204147,79.69914063193362,23.020768474003805,-129152.45001476174,304104.1515369449,-507595.73595582903,-1256065.114964521,-736865.2798323556,29449.744043694554,-1439365.538430371,-427888.0255083928,1534609.5295051183,-289717.16700392705,-6112.136247994631,273576.57459897315
269,14.073023317800462,77.73311877083243,25.81247471644981,-68420.39334879818,57801.07784919016,-361810.70258393016,-1803914.9424429084,-926369.8214420988,155338.97021023303,-2001167.8203747391,-426732.21527242294,2055470.0175636238,-133480.77085296676,-33013.2312060349,768283.4599233668
270,14.43959870923239,79.69922109237851,25.812412780871224,-82951.72686165443,374125.715689298,-308684.0255516538,-1685612.7564293316,-853044.9199571098,3138.8431099944482,-1784797.7648212179,-263734.13695712504,2031021.8650543331,-164271.81469492387,-10695.730134385813,342985.7085505113
271,14.050167444223522,77.6103159145892,28.604128788162345,90947.34380706638,241027.31423616095,-88434.5433315502,-2324576.7987601627,-1058851.3635676666,157998.4070751497,-2344684.824696283,-176730.68280462077,2764955.6222125804,-49855.21866543547,-15735.406617207365,825383.6892141829
272,14.462549457958243,79.8221834424142,28.60406082355214,-86551.28864324244,479052.8637401081,-213464.42066720233,-2246085.9221777613,-998831.3414569491,-11692.820005848564,-2295483.2659040084,-183494.20780758938,2658014.6281412616,-71318.50730192338,-3239.3632055432035,402893.796727202
273,14.724786146912702,77.60928843939845,19.93750234536985,-169985.09598658196,-200314.57742139912,-354108.8590155561,-1028513.4082018912,-474544.23144493543,209306.82840567786,-1259712.3692140689,-479993.1874397431,1015297.0242302746,-208429.06392302088,35754.24214684665,671329.6625755157
274,15.097545322850538,79.57423988980841,19.9374655201339,-174650.78258774473,306484.92728321726,-698781.3982397862,-937237.445583608,-412983.80404064537,103848.8491993229,-1020077.7814223946,-664786.9396833767,1117917.4675614564,-530652.3655424705,1342.213957137462,214701.83587645116
275,14.72486018525219,77.6093628649901,22.81249065101888,-151039.67693573356,-105004.04180875319,-479896.55828111654,-1426186.5113614392,-891934.0872351885,184516.08666893505,-1775311.240764255,-552570.2414872011,1591941.2052258523,-182825.48788216955,-52542.055839665576,711799.0787709407
276,15.097598380672942,79.5743170000269,22.81242959362411,-135179.6569019909,344985.01360835484,-517876.6537357033,-1350032.3489184224,-820716.2847976208,29813.76763835651,-1550708.3263599998,-432915.2281457415,1675552.257476402,-290910.5940887338,-5833.796104408061,278596.8315293599
277,14.724932788030562,77.60944895910308,25.687473394872566,-70251.46354478187,101750.85074232859,-365000.5949605321,-1897550.3893407604,-991518.9322462647,161687.49148467754,-2091342.1741162792,-434414.8992241073,2192255.865577401,-139649.9095443531,-33717.806799162616,779630.5404814426
278,15.097646787690273,79.5744067922555,25.687406193684996,-87427.18254529737,425526.91241203994,-312471.0721430079,-1812980.55943356,-938472.5992415614,4475.786809808017,-1916026.4815717319,-267211.9572774253,2208867.0965728923,-167024.55637259418,-11036.039027951503,351195.88444074255
279,14.70169806602404,77.48672698108481,28.562460210714782,99793.13562990644,298716.84694408404,-75257.88376989376,-2444975.4821536974,-1134837.4360705924,166148.5989974283,-2449175.1971187065,-171019.70241416048,2943446.9983369634,-51297.049819197,-15801.223150223965,840704.5116248729
280,15.120984799936117,79.69730697199887,28.56238640731572,-89811.8928582753,542838.0095355861,-212808.52448313145,-2423937.5076552327,-1099108.1476702015,-11804.512312402978,-2471153.4143759212,-182651.81332977692,2894022.819899877,-71361.61459080494,-2993.622614967273,418057.41690864594
281,15.37668851556964,77.48562120532966,19.6458357019639,-176636.01333631214,-183506.3080488792,-369044.86862553767,-1095869.2098474463,-528086.7596753008,213107.9921002055,-1335138.7780130103,-498686.44022553513,1104638.0282278168,-214371.45708605842,37744.96334690976,688767.1052477914
282,15.755582039426576,79.44938909282239,19.645795422715203,-182562.2782278799,329907.7656116525,-737625.621217489,-977046.8498200034,-447094.3698085008,106111.27039684368,-1075661.9205788719,-690840.1498738413,1176221.9366189963,-564229.0638905575,87.5092525138132,211524.3056504443
283,15.37676776190085,77.48570411117771,22.604156842443263,-162667.5937146542,-66870.86510174109,-494663.6496976542,-1524070.8325369412,-984746.2153917352,191188.08770981152,-1893080.0740556982,-570306.5219673635,1739184.4875090122,-191881.51240355635,-55649.33918595263,714872.1812567378
284,15.755638913981578,79.44947502050385,22.60409046269041,-139031.13627460616,379446.5176717852,-525326.6613153443,-1412069.270608895,-882414.0465554851,31008.961432963617,-1624743.5064547576,-436660.1874915986,1776492.4140281908,-293650.8311644818,-5307.673962056598,279128.2073596667
285,15.376846072865884,77.48579973791237,25.56247191200772,-76344.9546972925,158114.1119342401,-369091.24625510344,-2032634.9736148324,-1085718.7690668055,166368.43934434064,-2228551.2664486533,-442284.5838853572,2383513.761315855,-145419.3740322254,-34215.04428889768,786552.5453104106
286,15.755691445896431,79.44957468456934,25.562399310272312,-90307.75369615076,467450.99005938764,-314735.6229745559,-1898646.1674034244,-999089.7137922789,6961.096162956817,-2001864.471140944,-270519.9780789801,2334792.062608606,-171046.69892829328,-11602.312256163485,353344.9971206046
287,15.353233259763295,77.36316144790918,28.520791498609256,105276.76646700536,374765.15548517264,-59568.059771612476,-2625719.963870891,-1247195.0843596556,173937.95064522707,-2616227.518417568,-163904.79610471934,3200606.176702853,-52824.90616428576,-16060.545801469269,850555.3046551632
288,15.779416623020593,79.57241088872637,28.52071168015671,-92817.40811695004,591743.107414758,-213661.44765038558,-2541859.322498511,-1168710.0008263113,-12047.415392780082,-2586731.7515596137,-183140.43567301086,3055136.4388800473,-73422.69907966645,-3545.4549150201915,425694.25709787966
289,15.858113023596456,77.3911936257954,19.35416960456677,-355913.5936397618,-130860.06179227192,-623130.0497782623,-2348387.7496750886,-1526493.259236375,101015.04544667341,-3041251.170006221,-635646.2188211692,2566993.683617094,-218553.5008637947,36974.30899662867,692071.9785887396
290,16.25539298647427,79.35129481581757,19.35412729912869,-150536.179759474,1031782.245183696,-814583.3705375636,-2028745.9599442708,-1304987.0233966678,36835.693063299834,-2178114.71032598,-627954.3578605287,2872731.763073165,-584319.9469467555,673.5799133647077,212087.3248611299
291,15.85819653399453,77.3912831465327,22.3958232787755,-322793.93158979726,261797.11186601303,-737646.5806959916,-3354867.9553669663,-2653534.658371098,81263.69621782581,-4365997.247302454,-655369.5469107138,4222723.393793391,-195307.14145567015,-57932.773965821456,718843.9503231382
292,16.255453200397394,79.3513877466815,22.395753029413925,-114255.74865890277,1185178.39136447,-605347.6599365812,-2997852.5992055372,-2326874.707525017,-43724.41398203299,-3460968.573963418,-371650.94351893873,4298194.5002513435,-302422.8231699218,-7157.1714311177575,272510.08764812
293,15.858279945560282,77.39138676308141,25.4374710349311,-166049.77814694186,854840.2817191582,-430286.58763430524,-4555954.125891189,-2904343.76598114,76633.14493839651,-5087281.289587492,-423067.4281985699,5768852.633723972,-150117.04137777293,-35581.56317373892,787508.4470198093
294,16.255509463498356,79.35149587318608,25.437394212909155,-37863.940018097346,1438728.955393321,-270468.95147538814,-4089389.6762783253,-2584220.5368221807,-52455.397423198425,-4261158.451375997,-155602.87289821677,5547157.388174051,-176356.63625648612,-13280.164000720182,349478.95702330966
295,15.83352277877307,77.2689857860483,28.479123632391847,96495.10216674843,1382345.5374438723,75759.34529871697,-5964642.541156413,-3265736.4160821773,133323.7416034965,-6032790.712359123,-31658.085935922525,7619048.783204383,-56882.51057283111,-19418.45891167559,844262.5028520343
296,16.280387030015774,79.47411144169362,28.47903907213576,39858.960813385434,1811860.0876237624,-6032.61724041932,-5381598.757752941,-2920516.9809870743,-25936.391920778202,-5279441.155270426,26207.17399347441,7098920.4124736795,-77456.97768350856,-5769.400076703682,423921.2854348446
297,16.178253433953255,77.32417177864694,19.06250346533126,-337941.6579344067,-91048.35003748056,-582259.1399092029,-2263696.4206942795,-1468091.1150614577,115495.6363314477,-2899073.64726612,-615070.7341953696,2502895.2335803993,-218055.82867963414,33418.73279602196,683797.2848246115
298,16.587783711214673,79.28179014183993,19.062460633638516,-132274.4279808636,1133516.505328929,-804016.0401970977,-2108490.5760975517,-1382370.0917518253,35433.53444979049,-2239877.420654206,-608725.0323348786,3045828.4901400525,-589937.3274011489,2545.3354770728756,212054.17194281076
299,16.17834045982329,77.3242658612634,22.18749049509631,-306862.16532334196,305169.25188440207,-708478.9803469231,-3261091.3911395683,-2608734.6299453336,99764.20446970471,-4224735.815887332,-647410.8764811598,4161974.7985826284,-200682.86313304456,-57374.07690636147,728843.7694599347
300,16.587846745624706,79.28188791034734,22.187418044438296,-93861.51966089068,1325640.772614651,-603296.8928074706,-3146082.245121626,-2508171.1220068643,-42195.25054643616,-3624017.786300305,-357274.59341404226,4609774.739860635,-313366.1901713427,-6719.452369358583,274008.47507917514
301,16.17842829065524,77.32437587265312,25.31247081357056,-151124.86094610905,908490.8795089477,-408987.96650584874,-4461007.114375245,-2873926.548208067,91135.27354470389,-4951033.018327241,-416036.3487279071,5715447.419112137,-154181.96624165168,-35001.263143694414,797650.6697095371
302,16.587906277102196,79.28200279736122,25.31239114376178,-9143.36186582694,1615501.6639349135,-247317.89080427884,-4329414.860881614,-2798996.9560672226,-52714.577110814294,-4486771.878484408,-127930.17177504048,5973742.461524256,-177201.57823258138,-11308.014818375703,359021.3663827976
303,16.15290953784755,77.20213684045412,28.437456138816557,117342.51066252193,1448683.3524984843,96951.77093492058,-5837894.502666402,-3221033.6805576878,141651.75661033654,-5855083.326553972,-17972.440840761807,7536033.401490662,-55736.927033284024,-16430.308084953962,863987.0339605948
304,16.613552316871793,79.40447023858758,28.437368350736893,82495.76000374072,2052410.9668917616,41461.45858310384,-5752110.0500672525,-3179789.294389041,-25240.976206581992,-5596344.713257583,72484.23660064573,7700228.662135545,-74783.76970024375,-2874.007021016511,440117.65945651324
305,16.50146223964856,77.25655784489275,18.77083725988765,-335926.27954416815,-58062.252868857,-571817.5746048162,-2312039.9762465693,-1531393.5092897383,117592.38883777859,-2955535.7394228918,-607872.7357724129,2597602.3681774633,-217066.23945204343,27956.317295407738,669280.4156662304
306,16.917105596848977,79.21287746588821,18.770793707282365,-129193.50709358457,1134349.7109090108,-788864.1774654185,-2071314.4841174192,-1372628.1669434234,42579.77994120239,-2197145.6205497496,-601386.1282449964,3014823.775144754,-588529.1647329985,2429.204997623163,207461.70859884605
307,16.50155287819348,77.25665637899073,21.979157699001,-303245.34917707474,364613.64614712197,-708345.306504009,-3367580.7141709295,-2744989.2754086833,104416.96391165719,-4363418.472211853,-647193.6427157326,4363635.105393623,-205604.99234285502,-58787.16735126907,727736.251080035
308,16.91717141218867,79.21297992504783,21.979083086786687,-91686.55468688416,1349382.2810089798,-600481.7600485936,-3122525.239156303,-2521863.363249104,-31442.729499235516,-3599039.8728456227,-361930.8714897506,4618184.7106088735,-325926.57763524866,-8026.513409207076,268083.2144318137
309,16.501645217379448,77.25677305160009,25.187470547728143,-139539.51882854337,1013150.6452618616,-397386.6501762164,-4638946.851931148,-3041749.4479143783,95090.24374850624,-5135726.089397609,-406765.30137978576,6018715.867034497,-159593.78077186778,-36866.955414645294,794912.3835877154
310,16.917234315337662,79.21310176735295,25.187388058296804,-5182.020701775677,1652001.9663235515,-239471.49939591484,-4330121.852061884,-2831203.1499976935,-45227.83555109006,-4483100.33887647,-126829.15763688092,6017277.942739212,-181620.57707276448,-12087.902040586629,357593.94729202735
311,16.475748665064017,77.13462225524036,28.39578858256264,142707.45148316293,1602844.8058817184,128530.82202307892,-6116981.998654978,-3421962.550721989,144637.80825828112,-6108769.657498068,8814.502163022538,7974038.234723005,-58841.08962265621,-18645.51198691083,860290.3247107145
312,16.943265543339255,79.3354955188774,28.39569759578923,83963.00612952292,2096129.3875146247,49119.10536941991,-5772042.366769484,-3211044.0662682047,-21836.353600818155,-5606726.72448102,75939.686484845,7759998.537009742,-77838.00523478856,-4758.072246904901,439456.91731206374
313,16.821178790696962,77.18757634595804,18.479171282832645,-336986.6434435834,-14109.850072404923,-551755.560226419,-2302420.234248017,-1562213.1400474138,122330.17596614339,-2939056.8488315307,-597493.4899626628,2633698.285051787,-216927.66806556244,22543.861396791846,655597.567622362
314,17.249041249153883,79.1412600874757,18.479126877638453,-128193.48974609084,1174320.9413941721,-774130.1597742373,-2062758.9380573593,-1405678.553491007,44276.66524382438,-2193212.9171006847,-585589.2294962157,3050799.4384707455,-584346.6174708817,1808.6269468917098,202420.6851757474
315,16.82127319327125,77.18767925279792,21.770824706582463,-306803.9896999549,432012.80200488004,-697830.5765208283,-3400697.816329967,-2821519.7860740405,107346.8704141805,-4405194.77254356,-642245.1186782854,4474818.127005944,-210019.3164787483,-60162.819477021876,727739.9410684885
316,17.249109877064384,79.14136726612585,21.77074786107905,-93961.626289626,1423783.761586287,-596937.3118826359,-3152322.436023592,-2595601.7925182413,-29297.026498088188,-3638941.59551904,-358127.03496129025,4729953.453894354,-336527.6210001469,-9005.975312209186,265298.48779714224
317,16.82137013021854,77.18780273660701,25.06247034174518,-143056.17213429557,1116969.2949194084,-382748.8911103384,-4715695.315849993,-3143959.6194956424,96358.57458035197,-5207796.913462775,-397681.6213665373,6196642.766504085,-164836.08992594824,-37835.4872218859,796525.2708672029
318,17.249176308715427,79.14149630248531,25.062384963560866,-7867.149620214477,1752960.7673482425,-226588.0637626215,-4404935.0115469955,-2928228.412067964,-46362.65773934838,-4555687.407192459,-115864.4173912313,6190057.378549098,-185394.68208828045,-12179.292422187415,359667.13435339986
319,16.79471451710943,77.065823853341,28.35412130601439,147856.22220755316,1752051.7627145622,157479.84896587668,-6248425.211667396,-3541510.1869681017,142978.0517743369,-6208330.241956169,32673.419951322147,8233044.655892839,-60919.32398562514,-19142.419563036987,863798.4038685292
320,17.275974378881166,79.26373280452347,28.354027043574227,82337.23212682654,2231739.2342258594,71810.18286568206,-5904439.037760144,-3323259.674878017,-25189.966525329855,-5717055.2038063975,95891.19055457192,8007050.662470195,-78881.70299317417,-5078.222329511943,444776.4227654549
321,17.14351240306152,77.11590882994491,18.187505037202126,-330395.6762588603,8947.174137282796,-526650.9924158455,-2248750.148634164,-1557946.6349692266,135339.20843322633,-2868835.6488538105,-589550.7706712702,2610286.924987657,-219482.5142339804,18136.77964713796,642349.4336110856
322,17.57748029700057,79.06825550863896,18.187459838376924,-117596.56613242277,1229072.1992439958,-760969.4409586125,-2090599.5386690286,-1469400.374462618,47245.77294661538,-2226062.688690975,-568159.1124197841,3144727.9932637187,-580569.8107731894,840.7386929831052,195139.19512559002
323,17.143610817664936,77.11601619762239,21.562492007119353,-299659.98761346634,465917.525830815,-681995.459281742,-3376605.2335433275,-2836421.253475375,119170.41730466236,-4369625.569457297,-639575.2652026664,4493462.913595572,-214279.9321447785,-60986.17205772044,729428.6454666522
324,17.57755179221283,79.06836745589266,21.56241295251756,-82403.02861983096,1512951.4250020548,-595724.5233239615,-3247892.692782621,-2728986.764543573,-24845.703976911787,-3754958.1243433882,-351949.20252064016,4941731.199922292,-345652.8449219823,-9493.75886393599,265784.0230298495
325,17.143712491503052,77.11614671813035,24.937470184417712,-135576.46983545262,1164917.092333894,-370938.268665132,-4709310.896772702,-3176567.352607052,106898.65216638749,-5189293.380681102,-396220.10627341183,6243915.840787824,-170020.3133825841,-37946.72265632718,802246.8834983279
326,17.57762187619969,79.0685038299064,24.937381935058674,9433.553918985708,1872354.339215471,-211889.3171311391,-4571863.914720065,-3092321.5122006196,-44133.4733836486,-4723081.752941688,-100537.00891759874,6493517.337862607,-188307.0989005827,-11618.706106655824,364978.84834077104
327,17.116679878699944,76.99425880179162,28.312453795988525,161527.9939915067,1816671.5426169666,173592.4289603487,-6253214.221550774,-3573597.056770762,149464.14082995662,-6188087.297389414,42073.91383301138,8297805.349125225,-61938.037477618534,-18014.4581125523,874939.5932343884
328,17.60480465445076,79.19066439613232,28.31235629343523,107601.33453895501,2395636.7356622503,103197.10416571342,-6175300.937319254,-3519067.4721075655,-23277.729546829563,-5959730.697774566,124311.90492290817,8441853.967218578,-78064.15259784689,-4114.733007915272,455908.57579937554
329,17.45976626872826,77.04569223440761,17.89583868451681,-325169.8261896074,81987.03888137068,-521029.31894741114,-2345385.474277582,-1694698.5625798616,136757.2195880436,-2989520.8282668497,-583484.218383566,2808792.9403947676,-224864.19941712884,17717.900082629323,624496.3566594677
330,17.91199850785156,78.99379909726044,17.895792716491997,-116956.07853024738,1197987.942459285,-739462.1074489052,-1948874.8352714807,-1395449.4559023255,61836.84515084859,-2075334.6528119445,-561627.2943945358,2978531.7036866136,-579655.0471337948,-556.7379477271257,182917.64988125808
331,17.459868891930814,77.04580413812542,21.35415926624713,-280703.95491280936,620404.7671854222,-677787.6914208091,-3597346.4350640085,-3114016.0124115846,116178.93302109173,-4644033.3168048,-620873.3358965334,4926819.773553137,-217203.33976141227,-64297.28699684535,718310.7951552104
332,17.91207298766943,78.99391609937891,21.354077910273034,-80734.14508809039,1502070.9024763992,-580851.3655270308,-3088607.9873315357,-2622154.4724378507,-8334.872992781402,-3560288.2067960277,-356133.56554203265,4756907.164199338,-356766.87247653573,-12067.3118031751,257434.38205335735
333,17.45997535657213,77.04594179199316,24.812470002026906,-95509.05012378679,1415241.4550447727,-338285.6231567954,-5054661.962985597,-3504593.1392029393,105188.49919485764,-5526700.325705354,-357695.5518914987,6865842.659361043,-176333.242405674,-41507.69642700953,790310.6586012323
334,17.912146863312362,78.99406010195759,24.812378754698862,12313.857617540809,1873906.0385416818,-199509.12896722334,-4377724.246934178,-2986096.3331817808,-31976.83474566595,-4495946.757275183,-101619.86800069724,6284277.392467875,-195054.6979004388,-14529.987740854987,357005.2502302316
335,17.431805796040674,76.92432657397052,28.270786227407466,234187.2212660174,2193850.273324259,252881.21674844262,-6800012.13127721,-3974652.7865746873,149092.4866162488,-6648295.054972177,118435.6172856387,9210778.149025261,-68328.8701120826,-23387.223983732514,855053.8715419427
336,17.94047452359287,79.11596400617867,28.27068536008512,102528.48127711471,2390445.155701114,104143.76641118305,-5910695.708034395,-3377986.2279725512,-18158.529203580816,-5665726.5784512665,119394.95068597922,8143449.031154698,-84964.90537997305,-8923.958877398733,445588.5313813666
337,18.095488745432107,76.8917302578719,17.604172558593035,-111642.8227461974,-81144.77132702843,-222987.05314642988,-696579.5365231725,-311259.77990092646,275594.82309324876,-794095.6013077425,-395107.02979389386,773427.9838819806,-234590.7075763995,15960.683428215993,625796.8755414757
338,18.572054220885686,78.8341082228585,17.604122437331597,-181495.17206890305,216471.84011869528,-723123.1610973213,-604496.1037631424,-237964.78391633066,116519.79276763432,-782967.5925074765,-606964.4076558063,701785.507115754,-598967.7369769795,-4335.351034895913,165200.70418024916
339,18.09559895381794,76.89185230109476,21.145825977441387,-71453.98576492352,9460.280251066477,-404869.455517515,-1037870.5070087494,-649148.776785454,252418.9359018409,-1189999.1659253824,-537354.3732757171,1260490.3781697273,-234919.30363763135,-65640.91912497819,715724.519739833
340,18.57213392194824,78.83423627656894,21.145738605251648,-137618.87137246516,280994.73759915715,-538522.7461688172,-939485.0898997106,-554661.3742041931,50287.84203842615,-1097583.992193402,-461838.9014608348,1164276.0137121116,-357927.8976992257,-8551.82444449612,268598.69492865924
341,18.09571289524916,76.89200242828254,24.687469129681787,9931.843385976288,190050.1544331334,-327601.47940562177,-1414502.8840291726,-741959.6478826776,211816.06713750004,-1447233.6366561584,-428940.281232127,1748554.4363017732,-185637.80360145125,-42396.44467727365,799431.4461033766
342,18.572213907559842,78.83439344685088,24.68737177209085,-79798.0851018649,363978.59874435345,-320899.61917211657,-1307300.7570350657,-658012.5428736797,10634.29591809864,-1365832.7438173508,-278128.66203112237,1607242.3003188446,-193860.1730369423,-12455.411303255127,379754.56331154355
343,18.066029641447436,76.77075773602606,28.22911812863518,210224.68753631102,419684.4319368629,-17558.221214275516,-1878924.1734448976,-896617.4687552004,193179.97953001194,-1713946.3772097293,-125337.08600556383,2451634.361474192,-68285.59695614643,-18814.08021258755,886201.359220553
344,18.602067838048885,78.9559526366497,28.229010598077373,-126235.14910650131,472294.54583202297,-259411.89476612647,-1878667.1199334266,-811571.1872554267,-35478.95182559292,-1923898.0399249017,-211763.59192176443,2222309.1338060615,-80349.78554133503,-5174.572598523565,478184.2059845326
345,19.06284678816168,76.65115801599218,17.312506282525074,-128927.73903009224,-62820.543172953454,-236621.83600977727,-735936.715005242,-353133.445616274,298404.8556960609,-834325.7502168594,-432931.8884281007,838887.520432137,-261921.19734001005,24587.467303077792,650713.7749124069
346,19.545479546597036,78.5920473935293,17.312449288535756,-209471.34808327103,251074.90246272818,-780378.4532240105,-646755.2395696321,-283243.7783986554,134674.77279221514,-856336.435884642,-651500.2597812449,769061.7968213332,-651592.7407094655,-8662.620794091721,149256.7101308634
347,19.062968208395677,76.65129720529308,20.937492442779035,-90619.95263953891,41394.958835582904,-425818.88962492667,-1100671.3293029633,-713301.5735189752,262980.22669259814,-1267240.225078231,-565783.358888872,1357979.7005382206,-252232.0635487187,-69111.51328844667,716454.1199771172
348,19.54556720986919,78.5921933812831,20.937395464006013,-149502.41173599422,318620.08716752357,-551383.2281855487,-1018222.9354539055,-628518.9498114783,53480.055123571095,-1193693.2156714748,-472674.05036709516,1284101.7132845507,-358154.16536093305,-7142.308643549296,279970.1334787066
349,19.063092715406256,76.65146588169354,24.562467272668403,-750.6222611631238,230318.74423137394,-338513.82597160863,-1494328.3111474214,-802091.4439182553,218921.2854940797,-1529072.7903675921,-445311.60348700976,1865438.6898532044,-196258.7553546996,-44058.57673388603,807784.6251022042
350,19.545655744598744,78.59236961561072,24.562360758340034,-90160.9903121173,406940.7075054245,-326398.25498688547,-1410319.9164675607,-730082.1853782936,13138.764685473008,-1475655.895840213,-284935.70516930125,1750973.0632159365,-194426.12654678684,-13711.637387020468,395138.3773277188
351,19.03304016475215,76.53033221984802,28.187448707263762,217766.3018299765,474305.8317389172,-5639.894274427206,-1979485.9870553971,-966767.3365693733,204003.67151691116,-1799504.4891927687,-123323.25634710414,2609259.984834339,-72328.6029373826,-19486.708957710598,902893.7709573068
352,19.575896490822046,78.71385416108406,28.187331338918693,-138909.48832348952,525355.0165916516,-266864.9297448554,-2026710.893122393,-896225.4339008888,-34171.39178450476,-2075744.4519745798,-219903.23685433774,2415228.287352225,-80114.09144807611,-5373.992251279501,503370.8933058948
353,20.027183850675563,76.41138690318745,17.02084009047546,-142052.12515949787,-35280.22505602374,-254516.96674808802,-792161.6333063457,-395525.925900786,317641.0488132659,-885707.3163744259,-468931.8661571883,922789.8655680045,-287505.1102791703,38224.78069423628,678642.8147239543
354,20.521924846821477,78.34918519656759,17.020776568671913,-233960.65828168247,280841.5119614841,-845663.2301720607,-667339.5165805066,-298560.714999548,146907.48215959812,-920960.1838635516,-682298.3282639197,804476.1356352123,-717808.8185009575,-7078.524296216467,125942.01782464892
355,20.027316755705108,76.4115451800927,20.729158520634982,-111513.98666379382,91150.8655995708,-449196.9802106685,-1187265.7964710977,-802831.7316508981,274768.3830812153,-1371086.1774874467,-596982.8489585288,1498508.9251710835,-270789.8799733615,-69139.79164427615,722422.5809016039
356,20.522021531431285,78.34935096049011,20.72905166095257,-157637.5651299097,355373.1962143867,-565096.4762049597,-1061285.7345901474,-674399.7496310787,55411.97257712545,-1246397.4119435684,-482175.9244049899,1361212.4912280757,-366027.808815449,-4265.190542883016,280880.0443898624
357,20.027452501746446,76.4117337429542,24.437464812350058,-15060.194343260475,295751.2914809925,-348222.59582848824,-1610173.546800598,-891932.1857547086,225334.19294410676,-1646831.2188934996,-460902.5162699868,2040202.23647273,-206068.8516917443,-44088.41262200953,815857.2596311085
358,20.522119159517302,78.3495477200445,24.43734880408316,-93986.26829246816,445106.77662261686,-328664.4531578161,-1465950.264023648,-774152.8800649071,15494.787760487532,-1530067.870199431,-288122.06590836187,1840645.991280126,-196384.1142621331,-14053.988827098316,401984.8437945755
359,19.996653689817467,76.2908123193101,28.14577864168795,222261.75929735787,565908.7237600177,12578.461466775567,-2133457.048378095,-1073856.4592920209,214479.68269625338,-1932383.388800268,-117063.8187750842,2850196.152099504,-75483.4389468702,-18953.467996566553,916703.6296332336
360,20.553125143981788,78.47085860876398,28.145651151626094,-144872.17407601315,568722.2804358336,-273315.34107062203,-2106967.7611859036,-945917.4562039225,-33756.408022816075,-2153600.0625031963,-225801.83328126272,2529936.661073658,-81960.89557104319,-5495.220321360616,518608.44251660246
361,20.818080242471577,76.2042242677659,16.729174476806087,-283182.46509325935,109778.7045752719,-359149.1113003029,-1316947.6288832685,-933674.2130072403,286766.9104828218,-1582004.9356313823,-603211.2517194352,1652663.315532527,-302461.72990285774,46146.867829460054,695123.6967929313
362,21.343022612166475,78.13400953259442,16.729105764080778,-274732.80867159786,692515.0547321851,-907286.3271296155,-1110163.1818156352,-770778.210220869,145467.9719204664,-1353676.489558304,-765375.9503426352,1629548.358831912,-765244.8203462721,-3891.5424204467913,109551.0106761142
363,20.818223245729612,76.20439905109347,20.520824988774454,-282156.10630861076,445979.08924991335,-547746.0729502353,-2056301.7809365792,-1722304.1627510544,235266.8577625364,-2558742.98527289,-668518.1544061815,2843338.0496701384,-282865.1461829307,-70135.86718636213,728706.5836470141
364,21.343127874932392,78.13419273037965,20.520709757768543,-232021.89778608026,866341.5203615102,-599794.4824254555,-1830959.1116874067,-1482846.92746442,41473.08939983185,-2178008.946207428,-487265.3996834821,2699799.4860408846,-378787.2450882331,-3214.9301080188416,274522.21434569283
365,20.818369489447463,76.20460560978142,24.312463116876955,-190070.78755439498,864235.9757631868,-358804.9809867965,-2844509.7690455317,-1880536.379476228,190023.74102521196,-3042706.908329492,-482322.8311569275,3840389.946708415,-214509.89106109116,-44924.26181332974,821322.9530173747
366,21.343234218407716,78.13440845180446,24.312338838601796,-186304.99375970248,1068044.4164386843,-297135.1394100459,-2568268.898003231,-1646432.6566395194,4890.990359576341,-2690959.64573421,-268960.4761504965,3544524.4051536424,-199389.38577796236,-14835.284293549246,405906.54321093834
367,20.785692712568444,76.08420186727884,28.104109567994556,87786.16265307722,1356292.4639839395,115771.07989816973,-3773603.173537086,-2170216.031653781,196804.5477945585,-3578626.418426943,-60344.05697302842,5198820.1819351595,-79504.98315215355,-19850.96283135868,923274.3568876286
368,21.376135912462715,78.2552365626704,28.10397327981208,-213377.64183088357,1364394.2392033704,-163282.91072392918,-3556702.5355646187,-1905562.5872575417,-30877.251844596958,-3544565.987887727,-148747.1548213359,4681046.829357621,-84185.28045381972,-6566.895640694727,529054.5576888488
369,21.450637825208666,76.02566277379469,16.437508809336194,-279202.5150917556,141570.795614049,-345524.8013611229,-1305252.7374203398,-932587.0503871489,299608.60819548497,-1546886.3793134075,-605039.4011584887,1668769.2596330666,-310214.96380708314,49071.691691703716,702132.8706260736
370,21.993671001638845,77.95052714460354,16.43743649643001,-275727.5152407126,781652.4962330253,-927532.3104268475,-1165191.2735074563,-847001.2779394044,152765.13617456696,-1419371.1215050023,-772294.7070586887,1770058.499129157,-792751.4151622602,108.4310334228048,102668.3211594031
371,21.450789800661966,76.02585119210292,20.312492390916116,-276016.11475722946,490198.3426336505,-545178.3475216187,-2043499.1523987057,-1735374.042620296,249028.39524352495,-2528578.265334181,-676618.8860764261,2874201.031765409,-294608.75002065906,-69686.93642263113,739427.1793260216
372,21.993783942960917,77.95072466449483,20.31237067086888,-230672.11233596923,985575.2565335097,-605596.4286493905,-1937322.9472424944,-1627862.7720446,46963.39936675977,-2303576.963906104,-489258.48051974684,2942142.159974002,-391988.05759573774,-1332.3377115283638,273081.82156480866
373,21.45094573689233,76.02607376679637,24.187462304513947,-180752.41041912563,917999.854590789,-353886.2964822965,-2828925.030720117,-1894097.2373198536,199832.41545906104,-3004465.421667356,-485059.1924282168,3872885.7617849405,-223031.49906919946,-45376.361963719406,830310.7068381708
374,21.993898472042545,77.9509571067334,24.18733134506452,-178054.75590095698,1210512.4341703812,-281828.33066351275,-2729915.4485360184,-1803073.736174336,9206.714631441959,-2842644.3895562636,-258506.90892480907,3851780.646086984,-199514.16441300572,-13449.364122418336,420268.0018430783
375,21.417147278821574,75.90599268616886,28.06244111632172,110937.30690297781,1421354.3384649637,133883.9031323832,-3740379.672384971,-2177628.390826806,205558.41991855076,-3508159.465107534,-49681.50519471047,5224016.518802572,-81476.00261401857,-18596.660298087732,940704.5004291466
376,22.027938171038183,78.07149345650534,28.062297742999984,-200109.8274613677,1553586.5063289376,-134107.10695594293,-3798117.533431732,-2089504.2879170668,-26418.02271533884,-3750210.8066183105,-127111.39638460244,5096691.7749145385,-81477.45901818557,-4957.264629455323,552144.0039047664
377,22.083242808996136,75.84727048249634,16.145842891869457,-287340.5359177308,204100.0088174622,-343992.66490143916,-1371520.6217167524,-1021496.7276012121,307158.0679951006,-1620120.4586519175,-616819.1067138603,1809706.3733640702,-319351.0769263646,53021.918351275956,700464.5083302234
378,22.64427111538987,77.76687601216129,16.14576686657599,-281612.9416390294,804141.6929722112,-944836.7103522441,-1147211.0942827025,-845016.4665265499,161290.39850469987,-1410322.47416781,-781510.6236568546,1769525.1388056024,-819120.4587338362,722.4530994019148,90064.26323478085
379,22.083404088716364,75.84747284171358,20.104159516096452,-279254.6623934236,598186.4877741006,-551052.4484181731,-2163132.9034629716,-1895744.1498616415,255339.31794398965,-2676041.6479925523,-684380.3759479963,3128301.4009030527,-304341.0152273791,-70498.22548376844,738518.7073129911
380,22.6443919234981,77.76708823359849,20.104031223639208,-232950.92034566338,1019802.7940095931,-611356.4467171109,-1919621.4035284044,-1633762.3413909944,54984.70747024793,-2280690.880746714,-498803.2197821042,2954989.527475638,-408473.0240354937,-1431.1233120229322,261677.35994327284
381,22.083569961587507,75.84771212230086,24.062461143571248,-176192.7979117352,1070981.8187230448,-342454.6296753442,-2997557.725862886,-2066426.7353905453,204553.20915625716,-3166635.7018462326,-480065.9534860986,4199036.046468296,-231592.13417804457,-47094.754095203054,826984.2701783252
382,22.644515112755176,77.76733806164438,24.062323424355277,-173869.20323498046,1247606.3441720256,-276308.68651588785,-2709813.8479047865,-1809908.8817163282,14846.74275825862,-2809672.3752434216,-258173.97006642673,3865274.7997310064,-203299.1497348607,-14787.729809591505,421248.75872422615
383,22.048656131178813,75.72797562966514,28.020772279471608,136911.70365193282,1636976.9249579401,177563.77780110028,-3984221.5815708716,-2381008.5157501013,211699.6339474962,-3703608.6985474615,-18472.91875474761,5673534.023713181,-85885.69800154782,-20402.554715364102,938124.2462503628
384,22.679687451037587,77.88756210067011,28.02062177354192,-199949.93843613437,1590338.235238496,-133028.7255067943,-3769951.6358128833,-2088231.5401467534,-23057.917153686943,-3708808.086746748,-129170.00936170362,5095337.66740402,-84552.06050865528,-7561.301160189587,558363.5086688518
385,22.86578789607124,75.61050892068633,15.854177481975222,-206634.53762500975,82658.76591289436,-253745.78587789656,-885828.5646101333,-495380.9002972422,344996.0386597349,-966108.1099568597,-513793.8765126994,1102180.428879547,-329500.4957569573,60313.19455543117,709502.6050790853
386,23.456752216247953,77.52116174940363,15.854095815590298,-313623.35804185946,425244.46479245735,-974921.9826147635,-727808.9784026846,-378364.59581995365,163189.8027587188,-1071629.461195622,-749817.0924276549,958145.6777591114,-855660.2136810923,1828.6091818300213,77182.5782349668
387,22.865961052158834,75.6107292596383,19.89582661788544,-194970.4945187919,274734.8839276936,-497657.8512266679,-1346044.1666819786,-1006789.7955718847,283555.9869095731,-1568827.285232154,-659308.7523135492,1810242.5757279363,-318546.5647984403,-71066.1616784151,741447.1921626857
388,23.45688321311487,77.52139311979045,19.895689508589168,-240461.96003591034,545942.9227311424,-619967.6629564286,-1195197.1636196976,-850427.403306419,49931.74774750392,-1436072.1172371493,-524884.0154561311,1646469.4324320834,-419412.784092994,1296.3265807798166,264388.38891131914
389,22.86613901657607,75.61098900049464,23.937459924081264,-108987.30045855546,535107.4083474821,-374218.03091720515,-1820263.0583844166,-1110144.5049244459,219452.31803907544,-1873395.4272026182,-497340.4816386843,2422637.9858130235,-241709.61308665542,-48320.04612046433,830569.1140103224
390,23.45701750897532,77.52166431971023,23.937313612387268,-171418.24218407593,661078.2712993594,-332782.1281426232,-1665555.0512674993,-967119.9285053338,3733.449263400623,-1750330.767228274,-294111.4668191466,2201320.135020081,-203112.97016211576,-14222.344910662643,436941.22155890916
391,22.829365413705595,75.49183099553417,27.979103527810572,166592.88168726568,904503.470567728,64020.18162795002,-2408096.3931199103,-1332012.4326970475,210225.04818099152,-2156057.085433508,-89383.5227771678,3380557.1420936193,-89459.21339038028,-19698.62167417726,949340.8282596909
392,23.494070962771634,77.64134881304253,27.978944006482095,-250541.702333074,841733.657910089,-279284.96888851875,-2412556.280186103,-1170739.865006672,-51576.8678690953,-2469250.9247632073,-233013.76035405076,3014171.6718057543,-82404.48656051401,-6892.51168525389,585100.1361641784
393,23.813242936850656,75.31090121348956,15.562512002964448,-216189.69101202593,113526.60346157792,-254433.7030136675,-924389.6709322017,-520267.5166068528,361385.40066564066,-996421.6616701011,-528478.5989817241,1167803.4700877098,-345915.9815109701,73632.48407877759,733144.178383292
394,24.416145087196277,77.21786153184588,15.562423125698778,-339867.6638079498,482093.1811597554,-1024594.3796365492,-780493.5169355808,-426259.0899861808,176661.9051515112,-1138637.947868173,-797213.2160480748,1053482.3016315042,-906485.3417615679,1665.6814156588166,63515.22810449162
395,23.813430692209607,75.31114440031389,19.687493846188534,-206869.71384853905,314151.1584185129,-514155.3176194276,-1389561.2995585527,-1052627.80620796,291728.1790308421,-1616883.552158259,-680975.3419839386,1890985.0210927448,-331968.25155790435,-72860.82571809567,743754.2831615481
396,24.416288765593798,77.21811655808081,19.687345959997447,-256418.49125979844,611404.0446298837,-632819.6226888432,-1278993.044973853,-939535.5381315915,56405.52805863649,-1534943.7123837234,-541333.0226599763,1798442.6657249415,-427157.5571212395,3347.5320541037854,270407.60786333366
397,23.81362313710244,75.31142872130314,23.81245826620346,-114508.28439158734,579965.330309337,-383101.79129591153,-1862238.1938603679,-1152627.5577473727,224792.41225279905,-1912436.2843148527,-509796.27915940253,2504587.818096093,-251884.7439897862,-49829.91804583946,834362.2089298703
398,24.416436532621056,77.21841284299296,23.812301842657078,-181601.54881816544,732789.2370602337,-331366.0525357445,-1771024.6303141664,-1057208.739467151,9918.68843685399,-1857191.9988397267,-299820.7940369102,2376834.4285829607,-202263.0008903523,-14588.110301203758,453475.2409087705
399,23.77611691212789,75.19252407621846,27.93743401835431,180597.56087439018,962766.4261709613,78457.77684958899,-2450590.65673788,-1381641.192326113,219124.55662457246,-2178412.486105069,-83712.72971251779,3483946.9797125272,-93268.1876151706,-20278.93961937294,959426.3795588859
400,24.454248292062683,77.33788976563758,27.937263942149677,-262719.28513151227,929994.3408209716,-278017.50397007406,-2563553.7418871284,-1277123.3025746522,-46082.278358572956,-2616182.3535967926,-238028.53542841462,3243468.440744591,-80141.26214255387,-6770.86378989705,615227.4603453458
401,24.76072203661729,75.01136839964929,15.270846094352134,-229464.0349040854,160336.58066802676,-265038.2856976471,-995118.9675934624,-572019.8888596406,374021.5054310179,-1058448.0645247712,-554571.2533580601,1278853.5779491253,-361085.3653221476,86059.66455928079,755536.4033355352
402,25.375514284147364,76.91448811501455,15.2707499881391,-363979.3903109721,515698.64761796873,-1080784.9582986585,-806515.5406021297,-440774.5515785872,185719.08643959838,-1195403.2217638283,-831338.2953065973,1097675.8160787644,-965005.7214510975,3779.971157370716,43021.093859222885
403,24.760924551257116,75.01163553603085,19.479160080709896,-227448.65180394237,382594.8722625013,-533723.6570148383,-1480137.0253361848,-1150143.6071973927,298262.38402837137,-1725753.8704149744,-705269.4326615446,2052445.8665202395,-344746.6428617524,-72852.94308984066,743935.8670092671
404,25.375671317306853,76.91476772340714,19.47900134470775,-267782.704895524,651602.0338564361,-643160.8550412954,-1314184.6816619823,-978228.85124613,61052.17212587614,-1574813.61260573,-554732.1449088147,1870204.231434162,-436088.4911849791,6297.181702386297,268246.87475254753
405,24.76113185363139,75.01194517319983,23.6874555138328,-129492.20316163579,662987.9849472963,-389285.5101606449,-1968819.7851300158,-1248571.8976327989,227898.64111921948,-2022239.985642509,-520816.39672491717,2687266.653992442,-259559.6653319333,-49907.29029348964,835322.6855757623
406,25.375833107668882,76.9150897483727,23.68728900369752,-185295.42168298142,769761.6055863331,-330952.24498577206,-1806059.9675825227,-1093428.6867366792,15782.583926443533,-1888973.4235104427,-305060.4360250795,2447547.798453102,-203162.54545531108,-14927.267236591926,460277.19668841106
407,24.722896113348593,74.89330382688206,27.895763445154042,185461.32849884848,1075347.5215725715,100763.18158080487,-2585448.8508741218,-1497279.0864690158,227371.2213951129,-2292057.5741979545,-74377.59063183995,3728007.1964820204,-96103.25064237873,-20076.860258438574,965081.9511546523
408,25.414400860106454,77.03435021464368,27.895582852626458,-269235.39742319,966353.4478310414,-283396.7419312179,-2610606.9963956135,-1317061.9393629194,-41794.9595039513,-2662320.6866223896,-246776.96065892983,3322818.955757953,-80431.72698008463,-7274.250712527769,634072.9468993882
409,25.537135458881274,74.7552124964474,14.979180578211668,-360188.60486978106,522851.02291358716,-348243.8766894685,-1652419.0184006358,-1338837.7891981064,331632.10116803134,-1901344.8990544965,-675620.5591178924,2391383.999526725,-370942.1463357291,92866.45619025982,769307.8624387218
410,26.181568578492495,76.6484494533375,14.979078901923558,-372056.733526972,1177465.3352845332,-1104767.3870766144,-1356607.7140783714,-1122162.9382217044,178867.72755747047,-1712507.9097604023,-886761.3833530654,2299910.507794414,-1008188.2868232584,4095.5847262352668,32012.2539457392
411,25.537350843975247,74.75549985015553,19.270826556055663,-377195.14480438246,1064866.046024573,-590434.7548904358,-2534560.92283088,-2435096.8358829427,245423.64255296468,-3161311.2454992933,-731841.6762866235,3990389.0681156702,-350833.8963446684,-75350.26387392753,743368.1778642876
412,26.18173774388228,76.64875025452164,19.270658842096818,-321237.9876721521,1466622.2202156219,-635581.8847761658,-2245499.7794492026,-2114328.91269552,43358.49901062731,-2712710.2678528875,-526045.7388816606,3748558.354501851,-447623.32560457883,6064.527782024785,261670.02240853265
413,25.537571651950643,74.75583172270744,23.5624535317247,-275906.764044269,1630560.6792325643,-329365.1497642591,-3418841.3988492475,-2588280.8913566307,182743.6322586599,-3621030.2154587884,-485708.04399478325,5132027.024877607,-265891.60419005575,-50783.95877430903,833128.7518391737
414,26.18191256600077,76.64909530962882,23.56227844665009,-267219.06828156486,1726295.299774162,-242613.94704573834,-3103608.421427937,-2278772.012117574,1676.4881529691884,-3241381.3639499764,-252811.9176845777,4710655.566081414,-204703.42367103396,-15521.12552814997,465325.7521436878
415,25.49749575737153,74.63782842038476,27.854093922234682,99484.43040665507,2355691.154605544,306060.2346685381,-4487822.443629514,-2965151.8632951365,201656.0781618607,-4124369.8721008273,60250.31966157304,6825355.372119992,-99843.66140039565,-20907.856276519327,964573.6356472415
416,26.22234480913257,76.76775929503594,27.85390438455263,-320398.94020190556,2157837.357142114,-93425.92663759645,-4295334.297088417,-2601801.8796083373,-40937.28956724349,-4239514.701912729,-117476.93970759072,6101004.1319229305,-81150.28909329066,-8309.438311386866,648140.7472246438
417,26.157305522658504,74.53749120358543,14.687515001046183,-356023.7023192075,558787.9745054638,-328887.29615164443,-1640245.1932065703,-1315715.6794460525,343042.5189227021,-1851494.8338406638,-671761.4052155458,2397133.2150908206,-376078.4702014121,95018.18436088378,775350.3583605252
418,26.81948571740502,76.42468728228613,14.687409656597737,-366485.9084154655,1302265.5796104688,-1111900.3252895346,-1429243.0015881648,-1211975.334101587,183556.29199100647,-1779522.9051817434,-887234.0561018897,2490636.3071891023,-1031809.1441787414,8889.343396488997,29597.423849258
419,26.157532204122077,74.53779504403,19.062494003283696,-371536.6994338843,1104284.8635128173,-582792.1590233136,-2505332.1798065617,-2413513.612569775,256678.32887195138,-3099437.471283152,-736085.0991136605,3985478.5754524316,-358322.8454328293,-75267.82605298057,748592.4552225142
420,26.81966537634213,76.42500530950406,19.062319548438513,-314327.55336105975,1628073.419297783,-629573.9189130474,-2363359.266144501,-2285241.850495359,51147.08049540181,-2843192.137469347,-523425.8133090316,4050789.8978020544,-459377.69222289784,7125.778948396818,261764.39401421786
421,26.157765212512587,74.53814622605464,23.43745256531935,-267932.60996526666,1664459.4051224305,-324851.2903451058,-3360615.0994004207,-2565367.7854595967,190826.361486624,-3539704.8631821806,-487904.0269152027,5099284.39490944,-272525.01879725297,-51480.22997826147,833830.0104687745
422,26.819852011201398,76.42537018679396,23.43727071864657,-252268.86186504108,1906308.1101100743,-216549.31657734606,-3260619.1798777883,-2457553.918356224,8735.727027723178,-3382951.1559047694,-237838.0993253375,5058279.186897794,-203542.52747933773,-14185.293718135717,480265.2953995846
423,26.116591377531485,74.42053841454019,27.81242519150761,119679.443586557,2384300.2580930497,317140.60233781574,-4384504.302222055,-2929359.5659674304,209408.7018210368,-3993094.2970827427,65252.90770567775,6748961.693394486,-102130.57815324709,-19998.531474212414,973037.5296602482
424,26.86140433497918,76.54367513003035,27.81222861493,-299421.5061432066,2389209.167665384,-52641.95248945628,-4520967.250947551,-2810564.827587064,-33542.7750702976,-4422861.588113325,-90559.73714175989,6550567.034287807,-78099.17911615313,-7107.227165559148,671673.6714067974
425,26.777533603627045,74.31993594093242,14.395849050233476,-359806.5233065954,662945.9673395139,-319603.77923145366,-1724658.2186473284,-1418428.5930496824,348652.1402998157,-1930341.4998647857,-675438.7297546277,2589315.894420879,-385167.88451579295,99214.96400220705,769009.0802469964
426,27.45734476570217,76.20075971083311,14.395739893234273,-373277.74528762535,1319076.0565552518,-1122250.7261968185,-1410172.5194816669,-1187917.255136799,189714.5575910351,-1753761.0811534785,-898142.4051971709,2475451.0714214575,-1055218.8635682468,1737.9717540261545,27229.70891742952
427,26.77777187263356,74.3202565058896,18.854160915945545,-367815.2754025296,1261446.555585699,-575866.4982827615,-2636843.5577457524,-2596547.7806431884,259819.29385971723,-3250022.4306990057,-731656.0252244355,4299443.237823848,-364274.4499476784,-77061.52786843228,740321.7497958671
428,27.457535013457765,76.201095276866,18.85397978395285,-318179.5248247234,1650433.1998765627,-630510.2172265379,-2329715.545608671,-2258753.5009464775,61352.442928361415,-2790031.8443255997,-535427.5470150093,4027202.849165912,-473772.1011159661,5901.494199659417,252543.9055854937
429,26.778017175135208,74.32062729865815,23.31245102685705,-255169.91821988788,1860347.4807799757,-301108.47809164866,-3519681.2680018335,-2756230.72807709,193657.965918107,-3687254.446852189,-471584.85570135294,5462908.38702198,-278530.17152049416,-53101.16874737068,823364.5371779846
430,27.45773385514092,76.20148017519135,23.312262504325496,-248262.97694353177,1919839.6933242916,-211117.39746705384,-3201109.5838061958,-2430470.5155618805,17269.00237937523,-3308164.588381882,-241266.55468590645,5009890.46198149,-205273.44642554453,-15445.62609700936,483560.7761030897
431,26.735752853366712,74.20343607737031,27.770755905266654,157117.34179422993,2647564.1724079163,372758.48935337976,-4604354.814665407,-3154964.6121200807,214428.37211963625,-4158689.0308452114,106543.02230529531,7229586.012095444,-105616.25998950657,-21303.235871099772,965709.3017816794
432,27.500399347544366,76.31940539825845,27.770552376606936,-301868.1825986444,2385842.2146644117,-57515.481714224676,-4427958.148647652,-2768591.4252955965,-27246.078223111188,-4324261.166407151,-100836.77782964587,6451556.494588342,-79674.1512563882,-9406.108761283693,681994.1797930273
433,27.543764340562227,74.0347619287821,14.104183626431096,-301802.5202717057,336236.7368084084,-251926.37171473636,-1109434.7985364732,-666422.4483759485,383545.9274756933,-1150939.0325661548,-570443.0061986177,1503889.883586739,-395010.8588277841,108768.1683806189,771007.8170585621
434,28.2528931933493,75.90478156305647,14.104068491614349,-442178.49805338745,700358.2003714165,-1177875.8120539365,-884371.0059511823,-515250.58609484165,185270.19041839367,-1313211.2103276856,-906715.3047518644,1300230.405343642,-1086848.6527520213,-5904.6991887442355,25699.303168352377
435,27.54401714898947,74.03510372550399,18.645827713153903,-321555.6796442482,619511.0737628212,-563498.6858657566,-1625328.2827649578,-1343532.1186469258,277921.86534122267,-1909141.6015170969,-736599.979751098,2380198.2895210115,-374418.31721767655,-78337.32989628417,732220.3139898635
436,28.253097023105703,75.90513954600121,18.645637797510634,-357656.0084611408,879485.388213606,-673265.0521606352,-1436525.7127808095,-1154191.830644772,53229.77651512425,-1742454.0945722277,-591948.6705196098,2182967.0926836682,-478736.5803944834,8484.506248164676,260659.67435672524
437,27.54427694893009,74.03549741017905,23.18744935040928,-235864.6553695454,933289.0173563631,-401922.2459930996,-2107555.128294626,-1446914.2896786479,198908.65547918322,-2193543.3188480283,-534342.7362858151,3023388.17112756,-285424.9013895287,-54441.18310688629,816312.2341437645
438,28.253310962353176,75.90554783132332,23.187252635418766,-267769.3619860517,1007523.0458245345,-320897.4416400347,-1947442.1810432998,-1278037.7593607337,4899.951090748399,-2052636.83213838,-309276.51427724486,2780769.5886140727,-203065.69521053595,-15308.641017562664,501652.26488773804
439,27.500193861884263,73.91900247445315,27.72908669893789,117352.04881922068,1434591.4568074339,154961.50066717478,-2735484.718244354,-1733292.0835185824,204339.88445655874,-2415534.8682942134,-38975.17460471337,4161415.0491927573,-108843.69703046208,-20798.76987499181,966139.5547997565
440,28.29782254394154,76.02281931222231,27.728874583327382,-385321.3042551004,1250601.2309299228,-281085.851911582,-2809988.919735937,-1527997.634013585,-57346.958071972505,-2884104.16559774,-256716.06445373,3725014.3048147107,-76987.60021986385,-8941.392027730973,710380.152878135
441,28.470659111688956,73.67656717463703,13.81251800243995,-312594.90654147195,378831.1550136531,-252453.63311288244,-1153782.6247475687,-678859.4805873142,395844.59218497766,-1182705.1342071318,-575811.7722640332,1572299.5218304633,-412375.16847715055,126578.80768637123,787241.6087695675
442,29.191470316875655,75.54215639317749,13.812395299729014,-468989.0331171397,774399.2487483557,-1216483.9584933051,-947734.0490876333,-563513.7037631129,199486.72215016696,-1369693.4462215274,-960088.5103140488,1418708.2136734868,-1134583.9593450793,-19754.170059987537,28400.08241187639
443,28.470929392693172,73.67693545852316,18.43749438091552,-336204.47622860485,661596.9091650754,-575508.4366143725,-1655302.5517824145,-1374669.733768894,278613.58898614324,-1941956.3577853881,-750064.6892469365,2441905.0433544237,-382289.34249854385,-83137.60259575918,717360.9524834587
444,29.191690896019395,75.54254142815606,18.437294002170812,-369792.5501277023,956845.7462721791,-672977.3488217036,-1522026.6946521201,-1249892.6198229701,61056.9763824526,-1836082.81660829,-602675.8219382867,2352834.4858693504,-476305.9218405421,8289.605440963574,277083.5129881884
445,28.471206031590853,73.67735536087834,23.062447042625134,-242156.07830390643,969886.2885774655,-406578.55988665187,-2117496.5116563733,-1469987.7330763198,200594.48814643992,-2202347.779042802,-541033.1065453491,3064532.5359750586,-292127.3189390473,-56173.79176553917,806063.5594425055
446,29.19192250588853,75.54297586686832,23.062241034943373,-274560.1967705115,1085789.7310853368,-314139.0386095058,-2036583.3783177005,-1368716.3331064973,14450.54836474278,-2140077.591542347,-315165.6726332249,2952333.759880891,-199824.38593207503,-16090.561371829523,522279.57703567133
447,28.426408544636967,73.56116109270663,27.68741663608902,131251.53113336477,1473946.5606430725,166841.37303669308,-2727184.1100826478,-1761438.8665503147,210714.1221797615,-2394998.247744647,-34105.30779136883,4201143.020349147,-112241.98945883973,-21573.666427740605,962512.1939762835
448,29.237180522906197,75.65999444649488,27.687194724754733,-394285.1116921718,1342533.8826530953,-276049.8290532173,-2928283.7885861434,-1634922.08367971,-47800.06540758097,-2998285.1821201886,-263367.313585532,3933851.4376134267,-74137.35416369153,-8576.990637519213,743766.8614376208
449,29.397583028573692,73.31844681455348,13.520851482640602,-324684.632681041,445323.799098363,-262755.57103187253,-1236830.177884696,-722477.3158010893,402201.96881338523,-1249985.8691744409,-591403.5163271235,1699272.9808870135,-428303.31977597997,140774.15206195926,800842.1359652965
450,30.130019780855733,75.17946062296339,13.520721562884797,-492796.38728755567,805127.0240588274,-1265212.4969685788,-976765.0559563834,-564164.2530796725,210550.9262517034,-1411743.877952309,-1000794.2666606378,1459656.2844156395,-1192841.0434861446,-37674.465061375886,33795.13879200859
451,29.3978702727974,73.31884208972494,18.22915950149097,-359227.9593950134,746228.7255367724,-587065.3685449092,-1734652.1889262416,-1472456.903495644,277808.6022873944,-2041315.9803144147,-764177.5446835305,2605428.922594795,-389181.0693336396,-86800.58883412975,697313.8717448959
452,30.130257705435472,75.17987274227433,18.228948985303834,-375249.9297958906,988701.1448582535,-671243.9340476063,-1545485.4839054712,-1277490.4557114448,66342.98671605579,-1857201.8945969273,-608703.9426137047,2408113.1182253896,-472808.42387206265,8957.402676638285,287551.8454511891
453,29.39816378599548,73.31928785513266,22.937443247836416,-256763.78518278594,1059524.629926072,-404905.4229082038,-2197313.700938885,-1560037.296320722,200867.0941352584,-2286859.934196577,-544888.3003499577,3229603.6563816164,-296201.7173750347,-56546.87652069397,794557.9234155843
454,30.130507052895688,75.18033288490214,22.937228299375032,-273559.0330906213,1108504.6178557158,-311628.39661940775,-2042934.5559733235,-1388200.262511087,23826.56114946165,-2140933.3720391938,-321736.35414765443,2985986.9143325337,-198115.50600398117,-17134.179829783796,534440.9609017079
455,29.352655512251815,73.20340336596703,27.64574520260407,138124.13548430207,1586614.1860358436,190797.8988866575,-2818471.6939121513,-1872264.5518901686,216637.6053870338,-2471878.585715723,-23285.69512084435,4410700.5012433715,-114097.28978786855,-21397.74560352358,957440.4151991617
456,30.176508340425528,75.29708916470933,27.64551378970428,-396443.0357245864,1355199.452453148,-282600.35577438184,-2927553.1979758334,-1655536.3322092926,-39608.81869177762,-3000192.271079032,-276128.04398637335,3952476.3760195835,-73381.66553230805,-8884.2848373694,768008.865125307
457,30.15648414860658,73.01430187732782,13.229185286904968,-432671.73068499693,1121544.427657795,-300231.8424009009,-2063470.7796125067,-1691260.8881882546,345693.09046956646,-2197126.240663059,-687053.8203543327,3272820.9155892893,-435580.6096039739,144493.86712541187,807825.3966216405
458,30.91788528822126,74.86360171348309,13.229050192313268,-467071.77376339317,1776029.4010129631,-1232064.3246619422,-1668134.5194108787,-1435916.9587034995,201558.21234165283,-2008014.86865215,-1013657.0764338542,3098565.247673632,-1236548.819178852,-48387.75190945275,43121.604946750216
459,30.15678544014139,73.01471919324376,18.02082500081805,-469418.6353683956,1823583.5441995887,-570759.7291335199,-2934447.8452685354,-3083418.3085275996,215807.96164993494,-3630404.738088593,-732561.9405078975,5146371.858294161,-390642.57004203985,-93349.79992495873,679045.5880702932
460,30.918138531159876,74.86403622000165,18.020606382866422,-402406.6683252093,2132104.087917174,-600445.3294952232,-2612118.6359017557,-2708111.6813509734,41579.5534360243,-3148342.7704961747,-537476.6100285352,4815071.47062145,-473080.6245085166,4795.823739547848,295314.92487627047
461,30.157094133377132,73.01518721305175,22.812440448316472,-356796.68441845546,2427063.948790795,-260056.89232875942,-3751064.7747212877,-3196541.4583116234,151626.24165007303,-3966648.201959765,-449829.0114740939,6226687.585477438,-300149.7195498582,-57525.4402017501,782005.0181770241
462,30.91840385601627,74.86451892607073,22.81221805255297,-340167.6387104377,2380843.7082085684,-163124.23398279294,-3438531.6186604807,-2839093.7097049877,6326.362177732492,-3593003.604472455,-240084.66163778878,5710640.101625582,-197415.38288079647,-17900.448775553377,545412.8407847584
463,30.109789677050458,72.9000557148196,27.604075023172147,115430.39213409275,3306821.9338539187,494487.74562690884,-4802142.758980341,-3655401.533157815,185628.74106858086,-4340987.756717482,181225.92339608108,8076501.904936319,-116972.24121403824,-21807.813683844375,948619.4277957287
464,30.966230748615402,74.98056412100979,27.60383566241375,-426686.2260622119,2882188.558581795,-22006.637658242835,-4687628.816583712,-3216927.5795927234,-41727.647364829914,-4639796.501985983,-109898.14413873364,7183190.340986057,-72779.58272969768,-9206.789678797093,788227.781570676
465,30.761846902612294,72.75827400345476,12.937519094019091,-425601.3670566071,1141077.6371596344,-280938.62639524374,-2045025.5763407103,-1633950.8619436163,346892.9144480325,-2136352.5678782035,-668768.3059956704,3239658.5175816575,-431746.92330415,135703.80106969754,807271.4479903975
466,31.540582526594957,74.60043687630186,12.937380955902379,-453307.7981270852,1921556.7998684444,-1226885.7134804698,-1763322.357602852,-1528940.8740984027,205966.844251044,-2073292.6243876596,-1011143.31326514,3325799.225913687,-1256251.744931973,-47495.02233640994,60158.2315905276
467,30.762159620857123,72.75870825488026,17.812491755688914,-465421.4790473799,1834304.1008110757,-559540.6718495591,-2859180.5747268186,-3015549.1191546633,225219.42078331846,-3517807.753021281,-734324.2548415848,5061473.957777001,-394829.5038678561,-95815.81679653819,667273.9467460163
468,31.540848389397844,74.6008884418897,17.812267321962494,-385704.12610184075,2312392.671467676,-579655.523403002,-2718137.9958367324,-2888517.3541400665,48582.98591081503,-3264565.201063557,-523463.7766482372,5135061.999674625,-475912.5480006662,3462.718464909098,304030.93670209486
469,30.762481985555283,72.75919537746503,22.687438986174005,-350643.991480437,2416288.405962903,-258398.02420210582,-3637624.4735746635,-3125514.089701978,158780.58090051447,-3835220.642006237,-453919.81976819795,6096386.852054795,-305202.0958666248,-58788.34462622986,771386.8102531862
470,31.54112780129179,74.60139046031374,22.68721085410514,-317519.17831605114,2573982.104893704,-130836.99444321694,-3565768.1237240303,-3021842.6730154953,15977.863733039345,-3705364.4673673096,-223481.684359941,6054472.083861688,-196006.07695538108,-17306.451681841027,562111.6050588875
471,30.71410701967752,72.6445282156454,27.562405920042902,130947.0689467052,3267165.837074695,492668.6139810537,-4621695.041332115,-3567089.1325845597,192386.49572607357,-4152959.433228839,176178.68014682614,7867562.273084469,-119618.9368345188,-21390.532923143684,944882.9150627276
472,31.590051716402876,74.7170079688349,27.56216041979826,-397639.69624710607,3118438.4884585706,23501.418570564594,-4861391.439191654,-3433928.182113922,-32141.489257243386,-4780202.368952756,-83263.57470110063,7607766.154435885,-70211.40812322145,-8179.754048600536,811632.9445144057
473,31.373004936499065,72.49990447760595,12.6458523389491,-427585.50791163597,1206048.4831487047,-272695.94589773956,-2114538.4698004164,-1701715.4305319584,336454.26663625357,-2209222.466293107,-655726.1967831779,3370715.6924156127,-417760.72814903787,114201.28327069107,792208.7430911231
474,32.15748646188831,74.33961724201508,12.645710952875456,-458432.64003721497,1917017.834173809,-1238392.3173572202,-1793703.7451157896,-1542420.595524474,205244.36140159555,-2105018.1568978564,-1023881.1753801793,3349092.2090574102,-1265704.652198696,-57243.812730690086,81387.2065735837
475,31.373328351026743,72.50035440857647,17.60415778791296,-469994.41443162865,1925826.7590255565,-553355.6542075499,-2919829.3559542936,-3127213.4889688683,230048.4138926511,-3599233.8850674774,-737815.1705083444,5239525.745962203,-400349.22117463464,-98861.81274925589,647711.1115642474
476,32.157764070625966,74.34008432185747,17.603927817644262,-390737.8105990746,2329329.759090257,-577550.5841732159,-2720033.968819818,-2911817.7899541585,57072.410753087264,-3271704.1348941126,-533000.3613579033,5165745.86056998,-478332.86196006613,2909.497753896268,307494.313953376
477,31.37366458097156,72.50086068217264,22.56243679182891,-349110.0456072402,2514091.0419877796,-246125.5717399367,-3702130.9784235517,-3235930.15145596,162151.9569697659,-3909264.9576617056,-450749.25748143403,6278869.639783745,-308505.4045314469,-59838.940616444066,757380.9490200864
478,32.15805764615541,74.34060544378768,22.562203258340855,-319315.5313402453,2582356.2554621934,-130964.79094778479,-3555178.2931950563,-3045655.9065570403,27066.497492606508,-3702549.7845813064,-236214.1237540309,6070839.8415095005,-197073.62890141568,-18188.512588421905,571812.9253236465
479,31.324943576893403,72.3863650727505,27.52073615599252,148211.41276547662,3381654.004061004,517589.27104209,-4696334.88800184,-3699903.099841782,197627.45233802643,-4227412.918543156,188667.28562937022,8086200.32078236,-122002.74029331599,-21821.537796715664,936481.8522496193
480,32.20735441527082,74.45608795129993,27.52048478632041,-405225.76201075525,3106728.0942036994,17178.11364479398,-4834707.906743111,-3457653.215477554,-23191.92275120589,-4774774.73068587,-100509.20076189161,7593964.377285497,-69075.0544668236,-8462.849941352499,829336.9884467882
481,31.82368400714709,72.3060665046954,12.354185896417887,-166923.40340042138,3610467.082698522,-152392.67080664262,-4422170.318114939,-4703596.025229868,194601.70786669932,-4876166.08889161,-354335.4195483869,8521652.516931456,-413980.4024705448,97291.88805953482,782832.2235893672
482,32.625364838364526,74.13831790598331,12.354043595538883,48940.381496962626,5039210.901129889,-894956.1428467869,-3689094.874792965,-4222149.720883963,127319.65894773678,-3932309.033052403,-444263.773025564,8569767.945858028,-1274350.946827502,-39355.921801759665,86347.86314238663
483,31.824015815219322,72.30652775133073,17.39582419410982,2222.7741640631575,5534459.43900856,-235416.87898285757,-6198783.076957888,-8142157.947552358,94080.73165307235,-7871492.506307938,-174593.50296376267,13347351.343461465,-392878.3932184192,-111355.73980113766,641798.5677754572
484,32.625651552689455,74.13879653597746,17.395590513798712,158183.32410399057,6005977.771858644,-175119.65352074523,-5551186.336882895,-7305001.697376356,-33981.954785620845,-6709439.529628739,70509.79465329862,12627971.177417329,-486575.70141611295,-14342.435537320109,317424.04313485173
485,31.82436398877443,72.30705012466623,22.437435507656275,314744.47299482673,7045326.403123922,485942.77121904236,-7955210.767843207,-8355433.36802756,55926.1082662954,-8245101.002001042,340633.62484151346,15750481.024497317,-312540.23183899757,-61076.61905528676,742185.3957005807
486,32.62595725235266,74.13933405222934,22.437197812756995,286459.8946577513,6685467.910479527,542741.2254998239,-7282512.10679143,-7518761.379529881,-45515.0710658893,-7404925.714174304,456952.1019763346,14462642.64283507,-198240.71525110296,-17816.362603198057,579996.904758124
487,31.774579221864784,72.19303651614655,27.47906750367305,1086546.0836100413,8973279.861453881,1712967.4107273512,-10227098.484240606,-9270776.76093181,139864.09590900742,-9065039.959844757,1295517.967068859,19542315.348567177,-125311.96754660066,-23178.99680788443,923921.2436100157
488,32.67634075410554,74.25436605181417,27.47881165139102,397236.7773991632,7957150.357049764,1051731.4153674443,-9600826.853079684,-8262768.173409446,-43977.73171439826,-8897616.539756058,821155.2399666314,17482579.849605788,-69098.40027987484,-9005.531532467894,839888.7239363578
489,32.12248423125401,72.17302791237813,12.062519559581979,-171056.32708102593,3489327.457045334,-115873.55683270178,-4219187.4326033145,-4425789.036192245,208484.41386221262,-4572039.711153297,-352996.10813712847,8127433.392422032,-408673.28584641655,74972.8708439901,776450.2505454259
490,32.935617024622104,74.00026866221945,12.062378586944803,115012.78750658175,5301369.242614008,-831611.5935880367,-3801631.2458740645,-4361354.972552805,122629.95040720917,-3975833.5003686957,-374685.1737133152,8935289.110614564,-1276682.0661700082,-31096.549143065586,102616.84759129604
491,32.1228225236947,72.173496700194,17.18749170472632,-18608.250164628727,5362432.177888001,-223016.60993490973,-5920825.906315069,-7805624.580588148,114722.7992426205,-7501598.014108299,-202761.65097826906,12825166.98287503,-394594.8805077934,-111806.14852751754,636129.1113222226
492,32.93591032860396,74.000755194174,17.187256342597504,235357.0354188357,6376465.191278441,-121033.14619968575,-5719350.414998237,-7672996.503899394,-28534.44193883671,-6915273.706284588,137195.66580389286,13268867.120978285,-501454.219789074,-19672.542391673865,316534.71715374076
493,32.123180775940725,72.17403234463808,22.31243536424097,279859.17992159794,6828908.105778422,459428.06136513664,-7608029.953325781,-8053134.220112413,71296.19039135281,-7892279.736416833,293756.3762566347,15166718.707225353,-317794.0886845259,-62266.880116491935,733273.8901789852
494,32.9362259646976,74.00130629502043,22.312194829994525,375965.3429489571,7102116.270867404,625477.4623508162,-7525261.206630462,-7929722.061963526,-41418.1087819229,-7641799.213061607,536436.7203698043,15208921.568858985,-198848.7071833114,-16759.170526451813,587444.7432736324
495,32.07269009202238,72.06034536838625,27.437399665721966,1032001.9521565088,8656010.138601046,1646942.7797538948,-9732609.549011892,-8892592.783434168,148235.75153075563,-8614476.802158214,1223928.008102106,18725503.664567556,-127856.32851077011,-22619.546267739843,922115.5542725333
496,32.98733494449892,74.11603874882609,27.437140860955164,513341.1827321772,8491713.396902833,1174871.9101883925,-9969009.783495301,-8750776.612783857,-38473.14131699879,-9195495.631519571,929575.8814020402,18445846.23994094,-68383.38711068928,-8495.87140928722,849127.1533611559
497,32.42415953977943,72.03876426278762,11.770853170284507,-144348.7064039132,3596096.11428636,-79856.04864563677,-4262764.730315531,-4506079.2341360245,205232.03652785555,-4599948.290701088,-318760.7450471952,8290600.394985089,-401582.62005287845,54423.438017249544,753604.7467033578
498,33.24299487134221,73.86344588690659,11.77071298702181,99387.08863995434,5158761.813856838,-818544.1133749934,-3706936.2275502486,-4224162.471108164,124524.28629522539,-3861759.4985979763,-383855.7001740116,8685219.987893784,-1264577.4716177876,-25785.187760888795,113243.75202270334
499,32.424504181347416,72.03924005967426,16.979159018943562,18622.804077872075,5540682.722997459,-184108.15666347276,-6010510.55352814,-8019896.931351003,120566.90847272634,-7626318.431610579,-169025.0350981592,13170540.837120594,-394608.3751814747,-114675.88651565279,627993.088073719
500,33.24329430828955,73.86393979342049,16.97892215621531,217231.08500955952,6273392.710240388,-130760.06864026398,-5585674.249559609,-7534898.121714225,-12932.577560791702,-6768895.089041416,108030.73201575926,13020728.083635341,-517254.44739614544,-23718.90911953917,313500.25312918785
501,32.42487257113304,72.039789018548,22.18743503256182,327176.7105799918,7059200.018571921,505393.68999853637,-7734166.848944163,-8315843.05491616,75589.33730620841,-8042717.470675605,334809.58771537873,15599678.302110676,-321794.32532601064,-63962.4500479385,720235.1724832117
502,33.24361993306292,73.86450438966945,22.18719177770144,356796.6341740305,6992382.529790281,611340.0921820465,-7365728.218077381,-7830060.942293206,-29197.82942680635,-7508698.4126026295,506370.02370648464,14962847.645042505,-200473.70169056414,-16707.87415771463,591387.3301383492
503,32.374035506502885,71.92627553154726,27.395731647336625,1102172.7547837198,8961628.252268672,1716832.5142998258,-9928968.523349442,-9201401.340681499,150812.95453458448,-8794110.457794728,1286745.617419761,19287998.36172719,-130158.9530362547,-23339.807323391116,914402.1706898105
504,33.29509504633749,73.97909048729994,27.395469996441037,476726.1696656076,8328871.323700784,1140315.270277624,-9751076.617007334,-8617994.068246642,-30298.276576280692,-9029380.073795868,883996.5970986849,18091296.2403412,-68630.4507145348,-9042.497862712786,856767.9089517407
505,32.72213264752938,71.90390022516335,11.47918707709449,-141602.30147810176,3642547.435013763,-47721.05110980279,-4193706.5366617655,-4488268.531718375,197946.99620977012,-4517954.661748926,-295213.39135198673,8266392.135526771,-394004.8684061351,36750.65113047126,726286.5304964934
506,33.55235709980375,73.72342816337192,11.47904731478809,100209.7160187373,5163432.079838477,-786871.2971058756,-3656274.157841212,-4211653.930348788,113580.11525122912,-3817338.6118564345,-356309.86473786616,8650418.975345643,-1244239.6019571964,-18088.665575688745,117395.73527406137
507,32.72248363788102,71.90438262479509,16.770826152642627,17072.73157444829,5622792.852130655,-153969.65587647865,-5961813.563259873,-8048852.694542805,114109.49685576055,-7583136.92235937,-151908.83305969616,13220941.68324769,-395184.2683604102,-118618.52544837042,619304.9224264298
508,33.55266244029867,73.72392925391011,16.77058778705465,212802.44084374676,6345747.435785102,-118312.99962640787,-5539558.512247032,-7565758.182757551,-17047.157509403387,-6741144.204677325,115130.46632522416,13066250.615354542,-531062.9018804433,-29210.921062150108,314614.2613106944
509,32.72286216929911,71.90494474774762,22.062434796007466,320260.69118910097,7161917.343111365,526184.1875332859,-7681694.521322293,-8388369.31226666,66411.46253825685,-8022711.280039836,348526.1377490161,15682547.364124574,-326194.1629233413,-65377.8539935302,708397.4569851705
510,33.55299820697217,73.7245072858333,22.062188834204907,348826.6755594909,7081246.953507019,628585.6939221732,-7321222.218791486,-7901568.284470847,-36206.440307986704,-7498123.645570391,515298.9560979562,15041484.01246112,-202210.48294451457,-16441.195819105353,596318.5806119929
511,32.671323288888935,71.79176668818155,27.35406396396741,1099053.6319338419,9086715.916338237,1740360.212391896,-9870531.00621107,-9279849.760186994,138227.87720195157,-8758245.217601195,1306125.3763782675,19378249.60188689,-132769.61163810606,-23720.64268938546,907854.8662944504
512,33.605194906590256,73.83878500227883,27.35379944826028,461780.3920500502,8427865.577515434,1158179.938912472,-9706376.86822341,-8694151.215847021,-38881.639858796705,-9013984.342043234,891970.5998158528,18169839.650705334,-68561.48528699427,-9180.896221936531,865028.4304516604
513,33.02209767160398,71.76585843457288,11.187520797532054,-147464.38824788318,3558812.7280480694,-31966.978052084218,-4048133.89376272,-4377522.005876262,205466.86554157545,-4366455.330545012,-298867.69909328915,8044704.391386408,-389386.2984110194,21721.429878615552,694953.5057084889
514,33.858009149804516,73.58279140618095,11.187381402501893,131140.04003353324,5250047.497982835,-746727.6154244954,-3674912.0582719618,-4302945.570750429,110267.12038693165,-3845931.566034809,-312443.3353539736,8792834.823980652,-1222966.0712803013,-8936.971320724955,112842.76990700365
515,33.022455200204725,71.76634734988023,16.562493593640493,5707.4096573973075,5531153.103693319,-143993.81709734234,-5817767.700461604,-7901462.738401919,127655.06405653061,-7410582.036335642,-168100.82489743474,12971549.557486452,-396180.3518830009,-122370.866646141,609321.6254683296
516,33.85832022340353,73.58329962808706,16.56225380982743,250708.6474231407,6521982.865764872,-92028.85628172383,-5615243.925997763,-7771224.89041476,-9024.841727320192,-6857250.472067821,143470.96551536655,13394442.16345875,-542607.0669455501,-35265.5941989003,319803.0852658528
517,33.0228439532869,71.7669225633182,21.937434631462807,301110.4097852248,7049251.74412551,511860.2587617673,-7502558.859487161,-8274698.948443775,77429.14972341093,-7869748.313054861,319652.3663553258,15412318.359372038,-331293.99050706584,-66949.73355830082,696750.8283504387
518,33.85866615734723,73.58389091090808,21.93718607754506,394283.6877073648,7290705.380684475,670307.2229720908,-7435201.643903899,-8152738.000731509,-29700.97533049039,-7640836.588485236,550277.3685051808,15445855.511343988,-204147.6495204854,-16341.082794040982,601343.1321250416
519,32.970959704379815,71.65392015634943,27.312396090699828,1071770.4702766475,8923059.713823048,1705438.1440875977,-9623351.945091536,-9133464.379930107,144258.6978422252,-8561970.641169406,1265695.913418012,18996543.05593869,-135632.34892103233,-24040.816251599572,902339.4108160464
520,33.91122838295307,73.69802018882423,27.312128817069507,518227.8067492824,8695928.408847213,1220003.5808378742,-9891825.415149711,-8989664.326175692,-32301.414263506944,-9194691.788090592,939897.3092367812,18688954.27528818,-68419.69450622101,-9246.962770494736,873503.2828681424
521,33.3192438924136,71.62916736167607,10.89585441756299,-97539.57296791603,3767902.56070223,11436.443608576199,-4101233.3530989597,-4567904.66161936,203927.2999969648,-4431099.5889308145,-251533.4494209177,8364432.469694622,-389591.67395328474,17954.46540046421,663460.2948409524
522,34.16647975581029,73.44080428329869,10.895715326592414,98792.42295478005,5001402.318888219,-748370.2999277965,-3461131.4129610304,-4090014.097465657,116081.22486138581,-3654878.1463030507,-333370.24546723923,8340072.833685493,-1202531.1252811751,2752.3350980371756,104963.21319786865
523,33.31960813086524,71.62966286104594,16.35416085544803,82634.54404994892,5882327.104556803,-77874.72897281311,-5983961.309711146,-8289378.123316156,129208.38761676257,-7634665.480077335,-94202.5379773263,13615954.9376886,-394423.8701230598,-128764.80731740082,597708.2272423707
524,34.166796548064895,73.44131992423355,16.353919627527723,212404.1461923737,6285731.789572785,-113387.61280876352,-5355442.225442692,-7449222.552893597,8523.866048225394,-6553718.551902021,95117.48041892743,12843349.394439496,-552934.6589227126,-38196.60256457648,322534.4545573917
525,33.320007067305525,71.63025099060089,21.81243431260703,398117.3018759156,7487934.30510438,599750.5179607137,-7733438.0853428105,-8717641.019599011,79800.21422307292,-8114667.796812512,408114.8640811454,16192355.057672378,-334910.20525638136,-68271.25307468478,683604.6437405464
526,34.16715270380196,73.44192438420838,21.81218316684694,352774.1659975231,7039461.962206617,633242.2349276901,-7104588.3457604,-7854309.790447969,-15474.56449907765,-7321402.007946842,495544.6460391667,14851335.725039512,-206295.05175559135,-16628.64060093671,604955.983773623
527,33.267425235631656,71.5175930571642,27.270728054672002,1211108.072800111,9514613.166736327,1842290.6979136178,-9987092.6458414,-9666320.530705357,145462.68917347462,-8861029.79570435,1395969.9954103355,20033071.73774407,-137380.9164976812,-24427.46081516838,894224.8617574077
528,34.22043288610011,73.55573644913363,27.270458014029412,448193.13643103,8347675.930780374,1145301.4788921073,-9434369.918760907,-8622128.732376032,-23453.362440119494,-8797573.888852447,856831.8332830039,17881912.601672955,-68685.1648112459,-9563.556291449071,882713.5929160244
529,33.76231188205961,71.41851724458701,10.604188480030308,-448479.64817683084,1343858.4927324823,-165407.79406508943,-1887836.5376390119,-1724907.516763839,300310.74307244126,-1997655.274939272,-583324.306988984,3310950.6324188183,-376255.967080063,-4190.707245655891,617855.6318824157
530,34.626509070892475,73.22215727450192,10.604046722049727,-417236.4320828862,1956956.5254517994,-1106166.1833139583,-1654324.7710203803,-1553438.2041537813,145895.5170202768,-2000339.5553942355,-857491.0318836378,3291384.497332828,-1168982.9350903658,-13953.424404548085,106241.52687641211
531,33.762685732916516,71.41902277092746,16.145827633532484,-501323.7341065804,2182907.6643694676,-461861.4981495127,-2773131.3392192735,-3249248.3307847413,220804.18143826138,-3481825.878174798,-702714.9107047018,5404263.220992875,-410542.2289410322,-118545.7399982037,559022.8164321209
532,34.626833966234635,73.222684176003,16.145583132640294,-418768.1165895944,2540149.738632418,-576360.9077281354,-2595962.5922372225,-3037223.44339583,64437.14607704446,-3220327.367540835,-547423.2393476359,5312771.321203157,-553663.4597673905,-19362.181625571426,313389.5033136329
533,33.763097200813796,71.41962630459,21.687433505798275,-398127.5003320498,2814786.7492468897,-202338.81551380013,-3546176.9004772925,-3458992.8431263724,141442.0354534637,-3847633.4503338905,-437780.8494369465,6499734.7331718765,-340058.93228788144,-70349.14073448484,669784.7520082202
534,34.627203101860395,73.22330427293363,21.687178717058366,-347740.5816820378,2844806.847383503,-91581.8020033458,-3439672.997359449,-3269842.069167292,24916.937613573304,-3665662.4097477137,-235773.40635975014,6306920.279805581,-207523.00928261355,-18210.264009140858,614451.3006715666
535,33.70946777092993,71.3074835256161,27.22905980520577,136779.04290778586,3758119.03391517,580660.9269735278,-4510589.945501779,-3957111.9387163995,161832.30078943688,-4103107.599820936,232994.1604649993,8345672.443152426,-140217.22418883833,-24150.122030298444,887639.2132373792
536,34.68155584851504,73.33663234546464,27.228785757780734,-470373.1903085415,3399728.2766097123,61037.207734078635,-4722924.736068339,-3710873.7001588284,-29981.7152722857,-4741581.74012268,-106658.28370313894,7838632.317861069,-67940.87270377562,-9077.19960401225,898523.5594628061
537,34.359780722918025,71.1299091827886,10.312522303097708,-459890.4859728196,1337877.2722726807,-171998.3375313459,-1811103.1247661018,-1773177.785165839,303302.6539908569,-1972849.3502461931,-607793.3025787417,3286631.1015934497,-380321.3406898301,-8011.7118288320235,565343.0881819755
538,35.229616859819515,72.93084743186783,10.31237596070308,-411812.0638206395,1983551.2208874398,-1102914.3256185977,-1633149.4077158114,-1657661.2862437456,149209.31593472243,-2057791.090751073,-830569.9179453675,3357185.8401446426,-1148725.7203161009,-6100.3240094527755,85415.75247183735
539,34.360167656487874,71.13042914494493,15.937494210278235,-508639.01835776854,2181079.5020914045,-463926.1448646354,-2725104.773266264,-3266563.635588553,227835.82712654595,-3463996.8583046566,-714373.8925697177,5386885.089743376,-418464.4073360686,-124902.93360010209,527678.3387890339
540,35.229952594234106,72.93138998515576,15.93724475091698,-411638.3662550058,2586747.1219684486,-567017.0061921726,-2621830.4496225845,-3141563.245633503,73186.16192424731,-3285451.124949605,-545901.830152992,5439444.704623867,-544871.4002894606,-19118.32759455809,334409.9109931161
541,34.36059423239965,71.13105070088709,21.56243191640367,-401053.22941354266,2796227.6803149288,-207192.34828038118,-3483831.9684584267,-3465531.587639496,147761.57053875175,-3813155.170654029,-450035.7062677669,6451172.979542801,-346383.75126823917,-72326.20195254192,648308.3874819458
542,35.23033728297934,72.93202804322536,21.562172606858937,-339335.4201614802,2897564.830834364,-84371.99396794406,-3465490.676491447,-3369593.303290226,33542.721543246575,-3718182.4043896943,-239576.7144583598,6431616.535552993,-206846.85577766557,-19426.318865285328,629490.9818445503
543,34.30662730337655,71.01909417972668,27.18739055217172,143433.99897548405,3720534.906796102,574748.940825203,-4421913.1002746485,-3961978.986041492,167444.5299987957,-4048231.356470121,221769.71478542537,8265179.488281487,-143925.43301814832,-25031.90185144125,875117.8293851637
544,35.28505714332797,73.04520467019225,27.18711150272736,-464315.1134195451,3461082.8595913597,69747.72358171176,-4763364.229913913,-3828988.9861827954,-19343.91392960965,-4805770.800216731,-114783.21267487969,7987069.482645139,-67355.1540254255,-8708.170696400473,919416.7406050185
545,34.948879343649956,70.84552535531778,10.02085571370207,-444676.002209278,1460264.191873821,-160795.85341579764,-1793854.2543037706,-1910436.1124186115,313169.7396256839,-1985353.0940246168,-618631.8545900345,3458777.284863397,-398459.1075793938,568.8216693880232,536317.8889989542
546,35.84109235628172,72.63530912394651,10.02070593319987,-411194.28236828616,1891087.4272670196,-1117659.7922244342,-1489810.0751066536,-1582353.4644463845,157008.87471493668,-1973341.119521375,-815768.0619897961,3151342.534185471,-1156949.0750277927,5614.837739013233,69118.12745454472
547,34.94928017161418,70.84606123184545,15.729160235346756,-479953.82826886023,2390697.7075356585,-436092.1658374325,-2776789.8323082635,-3499044.4979639766,232481.4494948146,-3572916.8141577337,-689244.1047210728,5736812.632308172,-424378.6157267282,-129384.79083798936,497750.780842143
548,35.8414400503743,72.63586919521978,15.728905715658673,-405029.88840464863,2483243.0130724357,-568758.9596796132,-2466960.643686356,-3003734.5768324793,83521.39465274691,-3120580.00029061,-550989.5642906276,5181023.729569411,-538792.8308933782,-16590.09998126762,350706.0593064822
549,34.94972199609035,70.84670062107405,21.437429696848262,-360471.87060113845,3033449.0987458182,-164388.44138641527,-3563176.5117439115,-3696475.400474068,152623.04088710144,-3906873.7443020474,-417385.06582584436,6832847.596886156,-350935.41030274756,-72821.85093632144,630061.1301541425
550,35.84184042549847,72.63652541396351,21.437165767234863,-327902.6039008795,2778386.823370677,-95889.18653839605,-3263768.9726189645,-3215591.4042482446,42476.44998922697,-3512334.4193609636,-250657.20858892886,6117586.660881294,-204742.1991567319,-20994.459295569795,644148.5355971354
551,34.894371414105734,70.73545839128421,27.14572064868016,212527.89995986188,4030095.6747051324,646065.6713503529,-4550782.030616868,-4241439.1522867195,171738.78854589217,-4154639.112740273,278425.1561526145,8764903.202603001,-145242.17903650345,-23988.685868705565,866693.6241280134
552,35.89797391522747,72.74902230788506,27.145436606964722,-464525.6856749484,3291134.3557948396,36074.79196681315,-4485675.79555771,-3641354.6268492425,-10252.850868897316,-4547578.629470584,-146745.07448512415,7557007.166042417,-67269.08857343363,-8674.683316201561,941063.6008306125
553,35.82124807599567,70.39678338784694,9.72919042859179,-402529.09214838425,327035.0953377736,-192273.3930878358,-661298.7656536029,-387014.77464236296,357102.2420606663,-819917.9763552451,-398642.0799537168,950792.6664105157,-422571.1599927907,6946.445044287054,511571.31712803186
554,36.74691887598294,72.1696266879439,9.72903363084256,-434292.42434561136,493235.3944043837,-1251881.3929964565,-540625.2674087671,-221728.76738151442,139383.01797638446,-1287036.1917489558,-680942.4053223947,775040.1741336664,-1181352.2097525587,10773.851306237259,40918.29320729212
555,35.82167042035847,70.3973450846123,15.5208267232649,-416989.6510985246,536097.7842698696,-574145.103339812,-987715.884223956,-893701.3381367401,247749.46071760354,-1243836.7592962116,-746656.7332408297,1535456.5223685747,-448530.2769789848,-125324.37282149159,447513.3857860547
556,36.74728673963762,72.17021431130976,15.520563725542196,-327886.3988655286,671956.8993218226,-706533.7454671396,-918433.4026301404,-721700.2056444208,54057.710995233836,-1199186.618841322,-582815.2768753446,1419538.6507058209,-525133.2562398496,-5441.71892883583,367146.6611455318
557,35.82213313322707,70.39800737321337,21.312427448874026,-267564.83024848835,730343.8256758911,-467620.40394328046,-1254830.3620690126,-978483.3979791123,144446.67309290115,-1397490.6200323037,-529793.9888612379,1922443.2003776638,-361205.53616483754,-74841.78878345399,601206.7990536301
558,36.747708739595176,72.17089392449918,21.312156853456116,-160644.5433264825,757891.9457709775,-340052.4583056326,-1231313.0745801635,-845309.9091129715,11156.401907981672,-1298679.3824018408,-289890.6172390481,1845764.9437797517,-198399.32762231553,-22863.337772038045,671706.7153176671
559,35.76471074326187,70.28784437071825,27.104050885703025,208970.2878587903,1196817.2223421806,131682.44775575816,-1609802.581428495,-1284249.344507822,143794.79546711553,-1347602.0499591893,21549.70424260364,2863522.303673315,-150374.3954063898,-23999.826594246522,846385.1169371309
560,36.80595375983677,72.28235283687467,27.103759743621936,-380739.4339271522,900193.6986396551,-387541.5056371585,-1941143.5041606955,-1098418.4784674547,-57805.297177393455,-2093969.3147943967,-336079.6764182827,2561961.7502880236,-66693.10240627783,-7862.8879831411905,972610.7892232017
561,36.99361227291109,69.77521256957715,9.437525477500344,-424555.5916292911,333328.9261990556,-202096.7959428727,-623379.1434783386,-377409.2054469321,376864.15295058297,-821489.5166137104,-393186.22117075353,921352.2764113563,-460462.78152079694,21492.720630415282,498808.2569934337
562,37.93036799589382,71.54226797317457,9.437358862901617,-462624.5204023209,517744.3668274946,-1293182.4366479632,-522478.5644237373,-244735.21701585918,172558.84016357418,-1340149.5573199529,-683293.3738951953,785380.3409923586,-1228603.016671054,11073.763424715478,21957.88718785254
563,36.99406370140016,69.77581041751363,15.312493250536658,-441750.26615056244,527559.7038761601,-601406.4182212561,-930810.181724453,-901938.7824075073,253676.4946403762,-1231736.5815824692,-771101.3776302605,1487240.978717072,-474997.6099158183,-127389.56505616989,395414.43136440834
564,37.93076453797753,71.54289209394683,15.312218822255842,-319795.8243801752,703205.322564257,-694739.1903594794,-925366.5527756321,-777797.9752918186,64707.24628134731,-1219950.387643391,-572645.0688586277,1481265.7643266213,-505570.9091893315,1290.8958941304058,400136.1455720093
565,36.99455342321096,69.77650120854183,21.187424093876796,-273067.31647284277,710368.9945215555,-480409.3267179225,-1188712.4035747326,-976377.1242526041,145543.43856016596,-1362153.5467051002,-536228.7774924359,1855274.6755283275,-374962.7491008906,-76620.98105024631,562336.8271368744
566,37.93121401040924,71.54360020564555,21.187145202284647,-147563.10370619738,781164.3699628056,-333176.5300098886,-1238401.5470469096,-893402.2990655046,17707.99657329889,-1313909.939592405,-283208.963214339,1897543.6390534635,-188201.58793499277,-23203.305939099864,709162.7354803294
567,36.936462508683746,69.666723621019,27.06237967576464,233145.08034564144,1168069.8102759575,133120.26556961762,-1520231.3193671738,-1278160.1058249697,146044.27227549293,-1277734.5686779157,30854.525449782806,2781215.199419349,-156214.59525159717,-25083.626649763453,818009.1492604682
568,37.990176954141276,71.65472098739089,27.062079864940834,-375799.114786259,920002.7897675652,-392117.6227162931,-1949535.7405102134,-1155705.5827390256,-44098.6341210043,-2112788.7384891068,-348991.06215643726,2613865.8529105573,-64869.354173063606,-4662.940958057675,1017569.8445477637
569,38.160543116977486,69.15673594833409,9.14585914452508,-437409.741301193,363758.20098597,-217347.23650395722,-605320.3113468881,-396362.0762246449,392892.50915988686,-823015.2104387332,-407702.6074523096,939719.0410718629,-492272.0625316969,30607.867644342547,492923.246076484
570,39.119243447239825,70.91180498945783,9.145683840602258,-472546.73773151805,493852.7021857771,-1345932.0402467214,-464282.29052593396,-209747.99280905788,200338.53682748193,-1396549.4031490444,-644171.7203199684,716095.0476765505,-1289977.070668501,-8961.416767080347,29653.39509971372
571,38.16102293876966,69.15736994903426,15.104157411268549,-462505.268750987,566894.0334060967,-625112.4205658814,-907619.5083412213,-971063.9504160847,260306.59945816538,-1271289.3551683314,-786007.4316845828,1536573.130942142,-496403.30020614853,-125297.31967343982,360673.06548721733
572,39.11967011328858,70.91246478189849,15.103871849598784,-292733.79116324184,682274.6110383366,-689071.9561593204,-859318.7364895977,-745528.7287255545,73725.94497719545,-1155455.3705535356,-552850.3521416568,1408774.5864109665,-497646.15719067503,6731.184811651289,419972.811487411
573,38.1615402188594,69.158089684642,21.062418136751724,-283262.7574160426,746868.0656907463,-486552.48671681434,-1170074.693297459,-1041160.5665789108,148206.27031038512,-1384939.5700095522,-539520.9473573747,1901513.3389248163,-384931.29675988253,-76564.58668173126,540408.0754312275
574,39.12014768497728,70.91320192264679,21.062131020173904,-103759.9736649172,746717.5732297724,-325923.55403897027,-1158550.0169337909,-855652.9324831719,21700.83820693626,-1224291.4090258633,-263152.9997059297,1804478.454257678,-179058.303638512,-25036.861677724984,738496.9219041175
575,38.10210214976846,69.0490844412204,27.02070579292253,250678.10899809113,1214914.3346584626,146716.87469604576,-1498746.8131934293,-1354180.395613813,148499.7826902807,-1282821.1217288144,46126.760443553096,2849003.6796378596,-158061.91147628956,-24201.52302036711,807521.95403545
576,39.18050735567836,71.02359653544958,27.020397696572985,-336035.44150628377,860692.2837887093,-402054.8733621955,-1841366.3141081578,-1110241.2940711074,-33343.68394387152,-2000305.7567598156,-354442.0179042794,2477349.7435843255,-64833.7021796434,-3909.7141068850487,1053786.8342572642
577,39.300314087806186,68.51547482426149,8.85419419710784,-458711.4992366534,386031.3992864785,-222402.01683745504,-565473.4273919725,-408685.2889321329,378059.46104067523,-804018.6342464112,-413502.78157102736,922439.2990298081,-506009.04210422526,29707.630051671447,480312.89137575775
578,40.302591776402096,70.24602807082148,8.85401080688394,-493319.12212027714,512073.7576506224,-1383587.9132239018,-422839.62485583214,-226977.05968203745,209318.17764175724,-1439976.1221192575,-630184.676320961,705327.520746662,-1334944.9726055423,-23159.25071069588,37100.05601083743
579,39.30082148020808,68.51614232505422,14.895823567290748,-502462.88261962566,590690.3656538663,-650572.7409531884,-848590.6573354073,-1016871.5290847328,232446.03873068833,-1309517.2004300656,-776846.694375344,1524018.6368864623,-514267.412545827,-125881.67510867014,325095.5880806357
580,40.3030495889103,70.24672082190546,14.895527172149052,-313721.02600194013,713586.5964256478,-691461.6126064493,-821188.4908904815,-788209.1367311609,58723.70062436754,-1178079.2244498665,-532231.1934139403,1418714.375681065,-496340.77182934387,10835.908308821572,432405.2954005699
581,39.3013670838351,68.51689073143336,20.937414445757444,-331082.27235743287,764547.5517073458,-504636.3146766329,-1107967.51076182,-1085939.6372163624,118483.80410568691,-1411748.3656126615,-533661.007344747,1874238.3376306882,-398301.799818946,-77343.58492952975,513761.78103521327
582,40.303556737828785,70.2474869500447,20.93711906355785,-129100.8840331026,772818.3564196721,-325475.07609869074,-1126847.1510138602,-896647.6787938839,80.14471168077291,-1243071.982686197,-244841.02173011538,1806155.4007041906,-171001.04293953785,-25329.915428639466,768374.8843483313
583,39.2392302368788,68.40944020920482,26.979034158485625,209142.19924366847,1226407.219566512,140995.48773902678,-1411043.6279546665,-1395680.9637220877,112679.8698483309,-1282611.3762899106,62364.17883944344,2796792.103999676,-163746.023005754,-24181.360715714047,787603.0696654954
584,40.36666628448558,70.35637190570199,26.97871795372818,-386894.61537091347,871708.8094155131,-416794.4335503418,-1793248.533848419,-1150358.0334679158,-52855.30767120232,-2016179.371190022,-359698.24595359265,2443897.377637872,-63848.62395200471,-2107.1814370261254,1090369.0386498105
585,40.43471090064447,67.839172815232,8.562529798350576,-457075.5433674889,361793.0985433411,-215863.55852431513,-504464.2224161188,-368824.6322960226,381900.46607895545,-785821.9877755524,-366384.6208235443,841060.605250634,-512722.511390744,19053.556446713923,468453.4169452558
586,41.45862652372664,69.55719391759814,8.562339449864014,-497695.79945753893,527366.9388687656,-1406013.269886526,-397387.7162113202,-263385.7405872476,235500.96801764696,-1477883.1041813202,-612138.2777467925,713679.2514528136,-1361402.5612542108,-31992.423343401013,41616.97827549565
587,40.435245193718465,67.83987084122307,14.687491831582943,-492943.7959182544,547138.865689361,-667084.9247200638,-750986.1420411491,-965508.4797878127,237842.9229777707,-1248575.8934592863,-761943.7239830648,1397629.7624933934,-530318.907361123,-125609.17066871253,284828.27884808235
588,41.459115087863886,69.55791571558385,14.687185545391813,-308369.24000989064,739809.5894913281,-692322.5538140464,-794314.1606610942,-848383.8658326041,76126.7935760892,-1195899.6506345975,-524304.3805229513,1459321.826824939,-498377.63580194104,14395.577307464533,438960.15119043674
589,40.435819878586294,67.84064749334546,20.812412829042987,-307606.58750998066,707104.5166201647,-519663.2342059392,-989764.3641035447,-1037637.4042708126,122295.65864245345,-1324409.57276909,-522170.50092596706,1726414.7685993016,-414243.8555741032,-78979.2730121621,479276.7602976276
590,41.45965274723514,69.55870972651734,20.812109629573488,-112123.3714523885,799878.8433852729,-318406.0988799647,-1108705.295833509,-954882.1279169758,8798.538428472777,-1247216.8723324854,-234256.22185037172,1850822.4672357773,-164843.09252142924,-24348.3992243031,794772.1334515194
591,40.37235634063847,67.73400223997105,26.937364163996428,261825.71721935977,1145707.51306818,136363.67238119632,-1253248.305342697,-1337122.1616353863,114772.45336013794,-1154483.6199918082,90275.70435279787,2608104.8183077453,-171776.79821170386,-25261.180400724086,758129.7302177929
592,41.52414163969269,69.6668334252987,26.937040436850822,-375862.14735056733,892858.2510690006,-416684.2856243286,-1774123.5587859515,-1222740.0445663102,-38176.42624995455,-2019459.100492234,-367576.3944684793,2487347.3130548173,-62627.99007035664,1242.0361103544951,1125235.8624174204
593,41.56399781412706,67.16650118912584,8.27086321336092,-463802.1313675011,390672.25109604734,-221457.61076277614,-472279.42545589426,-404300.9419395092,383110.2922801181,-772381.5720004707,-382643.3927789899,860437.4737452313,-521519.8100408711,12712.945323147975,447981.98749218637
594,42.61976452317701,68.86472158791103,8.270666988412426,-484977.8223612993,483115.972157826,-1434900.9142938335,-334705.94694947125,-211981.26989497198,253577.65612650648,-1506675.5229128227,-555620.3097712471,625533.0681867624,-1391164.0788341973,-32445.50956069623,42697.4475946163
595,41.56455729430668,67.1672267051763,14.479156936925364,-491986.6941260446,578471.8084064072,-676965.6583286864,-709419.5911121023,-1035127.1970437252,241378.35597669202,-1292577.7812916425,-740691.1440983326,1442788.3813416525,-536700.9594527215,-123220.84547913313,260797.68051832405
596,42.62028241404028,68.86546922243157,14.478841601985565,-271219.79502596403,686291.6323132056,-693912.691020759,-695312.6943693621,-761993.1287548745,90129.43703671424,-1096823.5325500872,-494594.48519883625,1312577.1640154058,-504051.2618438393,16949.48462772612,446361.3282509276
597,41.56516062223329,67.16803067328253,20.687408408670624,-301377.7957552597,735471.849823126,-525122.1042017797,-949324.4300341032,-1111340.8394941099,126132.37378188365,-1350631.3167928492,-509146.3274644251,1768749.5941233616,-421787.51829041494,-79754.73951515598,468867.0276924804
598,42.62085078555953,68.86628989173002,20.687097631020517,-50583.199330627656,738331.5466371715,-312035.72286865977,-990881.4258875984,-868538.1171179727,13859.008751210848,-1108668.5228523621,-203063.86372616314,1687445.0110164098,-158937.85016878488,-25627.822997063155,817443.3114211378
599,41.49973213077095,67.06264473581619,26.89569145412542,294086.22536865197,1179389.293718959,147609.63296804298,-1205435.232978507,-1428318.8268086023,116754.3764643583,-1169848.5023506568,120783.67433234205,2670149.980073968,-173222.19112952735,-24114.22802737923,758335.5717464539
600,42.68735774796118,68.97319733079432,26.895360526623428,-312638.5198282418,795074.8127733535,-426005.17373610556,-1616601.547090665,-1124552.9946741462,-27454.7375782981,-1846223.418680526,-362127.4653496276,2264782.0032391595,-62368.16246627817,2614.0792645463416,1158686.6121032212
601,42.93542542063979,66.27754190234702,7.979199065596865,-333443.92806932767,87371.47534314019,-175234.84080763563,-181426.19528297946,223480.46368591455,367686.2407530701,-728153.4518293238,88826.43562809165,218019.7226674091,-518278.7626435773,5958.357864732531,423942.2258221901
602,44.04385272170542,67.94210396912328,7.978995871336434,-345700.97056276916,100723.90544631786,-1435523.5145374655,-106481.93080603966,342666.2632042634,237872.41198227953,-1561959.627806357,-298354.2240692826,179813.27222172346,-1410582.914804513,-42805.74919456056,43208.887537467555
603,42.93601424722349,66.27829578400468,14.270825614167988,-242278.56574027543,95463.51797353243,-651482.6181981553,-222536.27151399598,-30421.514497879656,217717.894180043,-750402.2347003917,-272633.4337020679,224738.00243756146,-544570.3228536879,-120690.89077949992,218866.40788314436
604,44.044405621476784,67.9428780136929,14.270499876962498,41752.27781238535,265121.7794232667,-648159.2317502438,-284999.0369741013,120383.1660663663,64323.91587503004,-679448.7489314829,-125047.04865947603,463210.6230763671,-509742.19798032066,19247.08515818046,445356.2780394583
605,42.93665123672137,66.27912830754633,20.5624077371029,74092.81949683437,168452.69008505906,-527872.0799611344,-298659.09609773895,-128099.87377235631,99177.67249925592,-554797.3099426916,-180933.58717307073,450404.3267365214,-434578.2620174788,-80627.89006368269,444464.11798374855
606,44.04501109089258,67.94372628332178,20.56208809599501,420257.70950006007,314074.14372764295,-261389.0412789687,-435003.6471536952,-3282.460446220508,-17953.726916508516,-262584.44842862163,-69989.23439654354,805516.4947738994,-156605.2820635417,-26758.71691568975,832153.1463536242
607,42.86796183577668,66.17586911882623,26.85402241673745,706130.1794989557,479385.3520795771,105712.0675855514,-364997.1726644933,-369777.91027854494,76647.42049188119,-144234.28583225762,371181.39432725287,1064280.4906690887,-180920.4645697357,-23836.949183421006,736593.6364289236
608,44.11484252594455,68.04855242362845,26.85368297416823,174803.8565131852,274622.93467441143,-423796.34930384025,-910842.7664781035,-207915.74668665347,-62887.17309927292,-787072.8806598674,-331715.75586896983,1144419.0784125938,-63252.49117431941,3614.1566463661716,1185005.3284015735
609,44.57531789917166,65.15546534935562,7.687535511271868,-362833.08610396733,77956.27543263315,-163088.1054015755,-154588.4255685151,260600.87982468246,354993.1058887496,-730973.83523237,28336.448097478868,254672.47106198137,-513679.1310359559,-16622.05540436391,408284.5108744076
610,45.70456247919855,66.80616507353037,7.6873254153634285,-364268.43241714215,111980.45990654413,-1446656.5244661446,-106888.53761539797,329311.809459325,262554.1612427165,-1577419.1479592964,-305735.1936604095,184209.84464296311,-1419872.2022488639,-44667.24158315264,43645.017654462936
611,44.57593908075992,65.1562468850255,14.062496085012878,-275793.9701166383,88544.47539723071,-662842.4845548444,-190648.61073987375,26034.37158770005,205030.55244111133,-763530.4317801887,-260837.48340088056,174275.9359068169,-553204.8771080166,-116795.76022008728,164850.03104348894
612,45.70515402237124,66.80696330877545,14.06215977025413,16903.593698060475,297261.9895393781,-652307.1351225838,-296816.90939844475,110472.45980510762,80457.14798747931,-685846.5709547792,-139895.55889600544,487600.57796563965,-512688.22498966334,24112.576310124176,455467.22724397376
613,44.57661445984543,65.15710822629441,20.437408655088817,55315.402864690725,162446.3359396642,-543313.3176345513,-264134.47008929146,-79937.0854764131,88327.48006697172,-558911.0784264907,-159857.2682276321,393216.7678239264,-449335.99496137456,-81956.504400124,405442.30766496767
614,45.70580165562013,66.80783832208205,20.437079686145744,403928.98234215105,356466.54967436957,-258851.4149673973,-458914.3637637562,-11505.161626181005,-14843.64620270087,-260758.28918524345,-77430.25413977388,839732.6603741404,-152556.89569313556,-22890.426954423227,858511.571933245
615,44.50665885016696,65.05473909104708,26.812354621313247,736202.7548265475,462683.1829404123,107468.0109218727,-293018.8408374867,-322197.52061329957,66849.91609453251,-94432.69131663458,412399.5283359145,988387.111669553,-189929.92654796634,-23965.24409795279,702507.1777316063
616,45.77697213165608,66.91182000089084,26.812006109448443,162088.0087466084,306218.2306848369,-426599.2156917665,-920909.5955593763,-231455.73166142983,-50193.779630286226,-794554.0181240195,-333327.3868305187,1169588.428694217,-59600.16893357788,10864.748557133982,1226909.10721371
617,46.21284868949374,64.03547305373249,7.395867230631486,-401622.25775236316,89069.38201833906,-182725.50067828485,-141953.64288546974,265596.19522927946,344739.3444593132,-744507.9603400915,-10195.052085268333,259424.63601305074,-523519.9226161961,-32772.68281112267,378820.01512962
618,47.367616518589315,65.66812090327828,7.395653051970465,-370063.73325451225,112509.3502783411,-1477346.8050828287,-102821.44678858064,350762.4596744121,279048.8968391296,-1620592.0144740432,-304396.3832451008,190087.20966014435,-1447623.1214122893,-37013.509547810165,37180.74426465336
619,46.213498096476876,64.03627543966215,13.854158938601213,-309972.07705053146,111292.76167344226,-670486.1504953699,-189310.58676909265,32115.499901053547,194510.880232885,-768711.9905934981,-286304.73616903665,185851.2608900757,-555971.0868496594,-107148.21381319509,140676.80945259088
620,47.36824191340549,65.6689363480553,13.853814389360988,5473.924462911033,304177.0087109216,-663145.2099321575,-286969.59670479153,163117.13201443167,92651.65175957754,-718902.9587250178,-120460.73201156266,485869.4139782553,-528975.4346305579,23535.16773987419,453657.848428436
621,46.21420989977557,64.03716159492268,20.31240253152921,26381.51360883795,186728.44291961766,-550926.0907121553,-272530.88045207533,-81199.88033415154,77407.10961688569,-564377.6883112984,-177074.63711501684,403636.19124261534,-450715.0185449975,-84200.76411164888,404155.9445136106
622,47.368929756587086,65.66983372616926,20.312065303434842,408469.39563320886,370986.362469858,-251522.7516719025,-451431.973613971,42208.90590219339,-16101.119125188501,-254977.4287143755,-60162.5899722798,843073.0251178197,-150893.07327310575,-27205.86209002584,866373.9719177508
623,46.14269312904789,63.93594182447988,26.77068031624727,748392.3873070797,480777.8744235122,112034.21099688561,-277749.66907499934,-334240.8353581563,56260.42849658278,-96748.79514351733,450062.9249975425,987890.342873452,-189019.9409090583,-24728.671275188502,716061.2512680921
624,47.44173270621249,65.77270633336904,26.770323812379868,176746.3859726945,300229.35189077293,-427101.4931017013,-884013.0890235096,-183167.2665616903,-40418.25049178312,-728498.9407306694,-353603.9455830975,1131977.1310755326,-62927.03054600929,9408.988103373673,1243229.2953849467
625,47.66403817921994,62.974752120202794,7.250034007003678,-118270.20001082109,-97968.43263177379,-28920.7526246753,-112052.14639023702,-22236.7896050862,322031.8779403472,-414754.7150357348,-104316.9562005298,273912.2859689944,-525352.8751762204,-38828.44435332474,353101.37345324
626,48.87418059981429,64.56665470803765,7.2498157075340295,-106230.48412176869,-26421.44764686312,-1339729.988520753,-50814.447591210985,97993.39737378288,253803.08315155204,-1398104.5565743092,-73236.98071233292,-1040.3830027424456,-1466396.9369827039,-33392.68679528809,34818.40567859938
627,47.66471022190765,62.97556737299124,13.749991107942817,-91642.63074636017,-14008.430070454677,-497726.7835184346,-196276.42015723023,-434514.7493655947,167394.25399888417,-756508.8699583504,-225918.37657808248,379049.4022011837,-560161.1297259291,-97502.24927065462,109291.75635088579
628,48.87483364503021,64.56748022559165,13.749639765690578,171619.82172935316,189599.11207240552,-509661.60193493986,-282936.3419165246,-259975.78480430512,90998.64602954332,-595734.3233716893,-78069.36110322272,525361.0163417313,-536495.9652296044,26515.225275622874,460080.9391286401
629,47.66545005344517,62.97646762426675,20.249899939721377,49494.653805415845,166169.03736391405,-462484.64093341434,-342769.49871257436,-543813.9093812382,58640.870559685885,-795354.4543901837,-109300.19088879907,657833.6955148985,-453812.87743174704,-85256.74259856582,393377.50058259175
630,48.875553537888955,64.56838957085107,20.24955614265339,363597.2569755554,338880.3504461392,-178571.80066343484,-519356.3091484061,-380214.7860740026,-5888.512284563041,-476606.1002407874,64410.10899850001,936101.7980005469,-147765.40620836554,-26617.014034591088,881158.687909225
631,47.59049880649074,62.87780616262684,26.749843622456407,626179.2452981044,565684.1648765694,137107.7569876064,-383287.64780570794,-823344.5643714038,30462.633280806927,-539370.6205823086,518181.88937202457,1350159.898372564,-191506.3828348893,-25244.591212229992,714095.095371275
632,48.95184744413093,64.6687257826143,26.749480580323507,-53276.459262210454,354336.9951142753,-434870.92341218656,-991545.4501975867,-627778.4574926109,-34902.07466548576,-1150350.1948379814,-277381.51372886385,1293921.3210067237,-61753.4725607471,11645.643176047253,1264890.163969098
633,48.95657026740457,61.95293496595477,7.250036033579477,-109319.02145363216,-104933.8120673623,-18611.105833655714,-81501.65498122017,43683.971340052834,315833.13171349245,-409781.5963980374,-79380.37071804346,256298.02776143074,-524305.8932961356,-40407.84721370944,356436.2247272866
634,50.1965736878261,63.522137310748896,7.249813518044335,-108509.23592624805,-34967.21499053703,-1349411.277922781,-27844.716969457077,76656.3573594728,270953.8815767311,-1410732.1223479717,-56935.40684360118,-25220.199647992544,-1479959.8741496643,-49100.08100691751,36019.04624925554
635,48.95726007572541,61.95375693533909,13.749993681457088,-71792.70443123992,-39968.63281796816,-502994.28197295807,-148010.8784488273,-335831.9497889414,157394.25276131823,-688169.7587991699,-189577.08313301334,262991.2227100173,-561954.5467106554,-92717.4158877331,83153.93572047121
636,50.197249025588505,63.522966516623,13.74963692604925,180476.40095216897,189133.84181798075,-507486.6805640298,-260868.05152970806,-287569.3403854159,99606.64453291688,-610900.6453083174,-48224.63643743737,521248.8439518749,-535303.7558838988,28944.10455755738,463290.3444978987
637,48.95801989861042,61.954661500463274,20.24990176479499,84497.90084550818,131117.67977273162,-466539.10087983933,-281462.5103726964,-449863.7768633512,51930.31494483855,-718145.5114588919,-71101.93805118643,538323.929248479,-458066.2829531058,-84663.57936679435,373918.2698139414
638,50.19799236144652,63.523877973853175,20.24955327664451,372084.2941984742,340502.8270819186,-177355.83670937744,-494239.2490250898,-403032.16490230686,-2774.860450798234,-482312.9632216017,91069.97546886258,926474.2723237542,-147016.7314744934,-24782.38897649985,886792.4193996526
639,48.88122113254761,61.85742166324943,26.749845160713814,694164.4855529827,504940.9467892153,139485.22332175917,-281846.6274416899,-720419.4053058346,26517.274483426434,-442091.44761064416,595624.0608343976,1185058.0424402035,-196141.041775845,-25906.93309175818,693715.8053022039
640,50.276174618865426,63.62279646348119,26.74947723291693,-48890.38628666487,340429.76243421936,-441176.95861466986,-942837.7224678994,-668547.8116553028,-20208.70475296878,-1142951.6714720554,-273362.40884167515,1266676.497846615,-59989.04809817408,13671.752194681792,1276295.4994272422
641,50.24012406296428,60.93989147050412,7.250034246243977,-102025.36012652615,-115192.79645553703,-34547.329961975585,-67240.39835074174,41927.07690401304,310732.3048746539,-402098.0201216914,-94475.6381780278,244808.17175568052,-537476.1275374269,-28630.280068945027,353135.0804014721
642,51.52793158870896,62.46882937821755,7.24980962574487,-97051.39463624233,-55776.83431315271,-1382239.4832398775,-11310.235529524349,164859.621987021,282680.84966374456,-1460737.1703207903,-59865.274262069666,-14465.267606412788,-1511248.2822667253,-50678.973840533974,38812.511056714065
643,50.24082861765133,60.94071641430035,13.74999030558714,-57849.281027795776,-50558.44492882374,-504107.7526177164,-128619.31155445414,-354054.3627805452,147206.09042701955,-705265.8760069148,-160337.34599443,253087.74342700865,-556847.4755101491,-88081.77154766543,95981.0652036727
644,51.528626324064994,62.469657878320724,13.749629793341995,208146.40921720938,178522.98774092135,-508032.22750798246,-233479.80022367387,-143799.72413400546,102995.96867920569,-541466.830417907,-38404.04234371863,458508.0422117742,-538711.678830828,30152.37654282418,466376.9717608116
645,50.241606277972075,60.94162266173805,20.2498982856063,101318.770599532,115487.76344412072,-465656.9535490935,-257811.08995817602,-472957.7327794253,44847.29323474865,-739727.9041116843,-34824.794591288075,525702.2791975313,-450209.0847397701,-87188.03688381816,396360.26459010795
646,51.529391030910006,62.47056846907259,20.249546059697373,418460.6068395049,332465.51627704856,-166661.70117747734,-457257.59772575303,-260432.20800989808,-3794.2327164957414,-340392.3403894948,59895.5321876548,864761.2301409161,-143299.91669887188,-26441.406217452066,892099.4437879778
647,50.1618370038461,60.84690013483303,26.749841823069445,734287.2291523546,473519.79715139547,142080.69211234,-232222.18873848362,-760434.828179484,22126.884199798933,-484295.43984553206,659909.3500677545,1174273.8081938676,-189907.95260145186,-27034.837883995937,728695.9004961303
648,51.610581718199334,62.56696903492876,26.749470113370208,10427.018298026946,306963.14263082505,-438006.41999743035,-869632.6788131534,-517322.25510923634,-9142.184500927673,-974854.8793763005,-286643.484478899,1140882.1047866214,-59647.6996373564,13351.3569682807,1288609.4471361148
649,52.06289149480719,59.3035808908653,7.395871966374849,180435.01218285563,-127057.06698179776,137961.5173219168,-52968.96596603879,817113.0958118198,305000.9154874249,-877082.8549786906,177345.37467400558,891076.9428276588,-524767.4368910631,153.84679688977155,391575.52492979146
650,53.421434964557974,60.77102301681984,7.395644969599928,201313.71975790913,-196726.50802127653,-1256278.2798286586,-37159.56813444041,832583.4184010756,285977.4805275259,-1750405.6081413068,144705.55530409658,354008.9847451852,-1513037.738737383,-87439.48261393375,45515.881824918615
651,52.06361012464191,59.30440006721009,13.85416570435714,323075.72611683264,-72657.05559498905,-327527.87551500596,-135906.81053028943,859275.3494966214,154502.19118605327,-1098547.3527245978,352844.63049538236,668593.5172360537,-543398.5812457893,-84185.31587326509,111587.48184829776
652,53.42215082820122,60.771840139833714,13.85380176173583,667366.8505358784,164058.6518942697,-316857.93666361825,-280652.1970449393,891579.9547867086,129834.25506804665,-1043905.3406895255,621740.0141750247,936732.8922810304,-539034.1027052882,28073.56272718301,433108.5494828757
653,52.06440473162962,59.30529624029739,20.3124079908953,539422.3349911735,148355.89600641862,-316934.2187170459,-291150.0366682034,702823.0949629812,66784.40503628936,-861306.1770635487,417498.33620646945,814651.8531376258,-446970.8967296004,-84141.66948505375,408076.7187714813
654,53.42293802826813,60.77273655897886,20.31205246434862,973476.0639092668,453237.4421568248,22919.83997212394,-539027.5945867255,743171.4757010966,37009.06861509205,-619417.1891589931,635845.6000841703,1433204.935113038,-150476.46847373736,-29332.372372358568,862955.8563803214
655,51.98023127063571,59.21440740503424,26.77068494011235,1204079.3322265558,540554.8958460402,270061.3741316875,-229690.8703947382,502371.27026668953,29435.37748905053,-135193.6418865982,853977.385853354,1295911.8582375278,-190256.9153359451,-24975.124796702326,732565.9185869519
656,53.508572447096775,60.86527935141246,26.770309622926167,592056.5581186973,496401.0686998098,-270072.83963919815,-935106.58313068,537456.4836206681,23362.030146084624,-765938.542000313,31950.69781116821,1552372.631368453,-64613.63188315765,7934.449462684472,1263848.308645641
657,54.4602296977415,57.013254376700374,7.687545210222504,118434.76204305765,-70696.74428237087,185862.90992406622,-133179.1788481873,854715.9216183184,255778.20820409353,-879073.1565686406,176090.1456298954,936583.9386234983,-501161.3214201621,18789.295042927773,435422.2032826424
658,55.84171515660467,58.45945631597189,7.68731767476697,120333.03479115873,-166190.3777648746,-1230758.9159068938,-96696.9545448232,818222.604833529,295474.77744133916,-1725316.9101666221,147636.68723861588,301063.9640473977,-1484803.6160361157,-98284.72262066236,51442.64443369358
659,54.460954450138786,57.01405204591806,14.062511875220835,141018.3887631084,16953.21951513843,-340647.69682661566,-270024.73596991797,911944.7702222354,79029.31286133063,-1134033.2951226444,144584.07161777388,806773.1349565019,-533894.3109490968,-90402.75091671829,120852.45855787118
660,55.84244654761724,58.46024356711415,14.062147364129482,479040.39843126875,250675.803024461,-331541.26601341716,-407286.0935722191,885312.7945357751,108335.38473645867,-1044124.1749483797,409121.07769968815,1033178.0326910039,-532334.0130564041,32828.86871142472,429224.6638780991
661,54.46175996690808,57.01492161441829,20.437422773732408,282324.0356160709,259884.96110267797,-353221.4692049158,-459267.784351089,757978.5923367387,-5839.904397272399,-921138.5606694873,120142.73877692157,989983.3494063987,-451605.1542607307,-83440.93628688679,396341.7481178866
662,55.84325195585918,58.461106977361666,20.4370661725929,721072.0455357443,580889.976157927,-8882.751409572142,-713844.5794174284,749512.9160871349,1636.8822003065002,-657237.4377452869,397957.76894914184,1552358.9390802444,-151527.5900838515,-20734.865270866205,872291.5441571317
663,54.37616486804893,56.92533611411477,26.81236692401882,973341.1679771888,670022.6790452967,249355.349755369,-378962.58734666783,562890.1997853616,-30191.501638072084,-175660.19090588184,709160.8838977454,1359218.503785991,-195852.69362572365,-24677.226054532704,710790.5474471711
664,55.93034006981426,58.55229094779702,26.811990048669873,337848.1740762454,647012.1704290776,-297369.94462254806,-1092229.39329902,531108.745581002,12986.098085017036,-864691.29004679,-123712.013149322,1675893.7030788865,-55516.664162134,15953.01275956744,1286579.8433521776
665,56.86008780498237,54.72103972065498,7.979206002365368,56197.94870368564,-15196.285763381122,141460.9371662321,-210146.60146154856,852488.2935921784,202155.53781169088,-883383.0126996927,146561.03062885487,919284.5821773743,-501677.4616724084,33681.614265772405,418125.7948848567
666,58.259443037010904,56.14973973617162,7.978984114791265,41530.92723931371,-122646.78207824286,-1274630.091403048,-164641.0833149404,786218.2043150467,288811.68019921915,-1735324.7168942404,102116.97856490547,277461.79208735726,-1505430.9864264298,-99063.26084218454,41927.76446039757
667,56.86080325778315,54.7217984374544,14.270836235827545,23238.571292584238,134719.88541803492,-346920.41585554427,-414352.58928346843,931618.7294054233,4215.141086832247,-1128480.274041086,-31971.23729903423,971489.5521951951,-527465.7480534677,-91361.4911664418,192215.4096955731
668,58.260172437924,56.15048008426276,14.27047784220461,273442.9995582003,315757.18946663337,-385145.0392895238,-511643.4558040502,881153.8235569323,84910.04162690837,-1082441.3964276118,188036.27672028609,1098460.2694426356,-559702.3438908551,27039.876400523008,396122.4420227451
669,56.861607078515135,54.722628987482786,20.56241562128234,99516.90584488728,408185.96592307644,-357037.2778079093,-647192.2305955146,784498.3545526178,-83012.18653334239,-935359.3521559314,-135863.71414970246,1221888.6602656879,-434418.8403183936,-81741.47725666683,462357.8485723411
670,58.260982997979255,56.151297265260176,20.56206269166475,430202.4626904777,671358.3608898736,-52288.35072980978,-856804.3968596047,761496.005168283,-35301.88717146874,-741566.9341859276,148583.64463563287,1642255.7624008371,-161645.415559481,-28289.26914110455,828496.4288104719
671,56.77489650400368,54.63410286613061,26.854027944777414,797524.1202053642,839359.2234258894,248245.83960006776,-560349.958738051,591616.1569352008,-92760.4177593585,-177572.7649669792,488900.3442053093,1573801.6039929911,-183332.19350293968,-24746.898449773933,779766.2582177428
672,58.34919675956394,56.24134545428698,26.853654642824996,26586.551963121456,747789.1583033025,-336931.6837911372,-1209838.0223265702,536133.9298755499,813.1260672433489,-1038185.992648341,-264468.104626163,1740098.1237497907,-64369.21515740263,3284.8505897001537,1227474.1614173271
673,58.474147723240016,53.10131814212068,8.270867573166974,275010.152092359,-822944.5550315032,109967.21768333754,-20203.382165748277,-235079.7806227264,193780.90568332103,-879399.087231587,19929.079726128464,421502.8222496522,-510417.8809037843,22766.12556698004,428617.5746708923
674,59.9340569955676,54.46688213796851,8.270651001500454,255234.45794267516,-637134.4286797077,-1258937.5494388775,103775.08230393565,-162278.7928597425,243011.47799046393,-1341387.0004479361,-599264.3436891381,299813.82396116474,-1520729.2856409345,-83623.96954105076,41824.146969493995
675,58.474850741255864,53.1020429470713,14.47916196724986,372959.0505059974,-814899.3415112657,-330350.7465414641,33063.78462160856,-845356.2914893843,-5970.057335485722,-1452298.6623102683,298611.5034861523,381396.1212773835,-528110.3132825486,-96885.48982455632,244615.71681809775
676,59.93477670730247,54.46758374847737,14.47881041676561,509443.07566040364,-467837.1410056293,-387027.45245434414,-19947.501083439143,-678252.6829503668,61223.5953655648,-1107354.7343835235,239484.57324154078,522448.64334241283,-570801.0805079499,25811.019442842287,395988.7014672733
677,58.47564401893458,53.10283789001937,20.687409275563923,440762.95260765136,-589793.3243509745,-397686.38831326005,45836.38329565482,-980861.3133772126,-94763.28953209195,-1479753.78216852,362421.7929388278,570615.2291731092,-424709.8348029463,-80836.44857157292,497353.05573433824
678,59.93558080570012,54.4683597473337,20.687061626667813,573969.784598761,-234870.76158359647,-131805.6973919972,-147966.8452903367,-792437.4797740538,-43308.77684773356,-989579.5615639219,528036.6529222467,668836.2342648426,-162045.36806948154,-24850.37498121479,823450.5784240095
679,58.38514101892712,53.018225892299206,26.89568956399333,1023150.6459102994,-336798.88134925574,89502.9381462401,310723.22830102773,-1287708.9696437782,-111009.05299928818,-1440096.702939089,813598.9657652255,1402352.4398811476,-175406.96951775497,-25138.214023806515,818447.7808078593
680,60.02757609273807,54.55442412083721,26.895321452810272,10528.883762746074,-321936.70415159955,-524203.32019912254,-327477.48641495296,-1095531.3743245867,-9732.854193069805,-1556914.3979857764,-32713.36207757214,754016.619475373,-59854.80614876637,4843.862711555847,1217321.124752767
681,59.332689189080234,52.12253295308783,8.562535359929731,275119.7908093572,-737913.0871019757,118899.24753920073,-50650.74223878662,-81114.9403847438,199551.78735958994,-746561.6651403471,-15288.933155386223,417956.5495423156,-510304.0625145418,37174.43291060624,462588.2000737242
682,60.835289508647975,53.44245605122167,8.562320841477414,246051.75139479202,-712731.9243570109,-1265702.7481558213,108055.93305063371,-165482.3084950719,250156.88647060964,-1356944.4084891519,-668361.7611040028,292923.2484751145,-1519314.390355725,-106065.46747096517,46196.24956312747
683,59.33338204127877,52.123236448557044,14.687497569360216,366783.8522141751,-733185.6890581322,-335203.8033188314,-8203.55610308918,-600878.9284322868,-8080.727208296036,-1167250.6619368806,98765.33290258177,366879.68887150974,-529098.1611274899,-99792.01121752868,262004.94301016137
684,60.836000278204025,53.44313374667965,14.687150490447213,506085.0145804272,-544441.2233700629,-396049.16616900417,-15072.842267161759,-697720.0116012669,62551.84686769311,-1172458.4550846156,220232.2127375056,517820.8673884705,-562733.0926801764,25495.394691622983,391725.87405502645
685,59.334160931705675,52.12400437011563,20.812413082051222,440419.232633342,-504716.01091161,-389549.9847817363,-937.3913315337369,-738119.136323269,-91928.9915935358,-1189942.513042788,267752.71788393863,468343.03209884587,-424355.3733623758,-79915.37415478371,502172.5548964508
686,60.836792106409284,53.4438796189763,20.812069988417278,569029.6056304036,-318500.2524960661,-150682.96345507752,-120934.53737929367,-809260.8493711713,-39495.76654890042,-1056514.727867803,526654.0045835405,629707.1129635224,-166751.75141943296,-23950.475600931673,806878.6377543737
687,59.24097751405233,52.04222002721547,26.937361238674665,1033680.7774458738,-247051.3360696868,106704.37646406394,260778.3886991064,-1012109.9575179261,-104079.37753571749,-1105966.0393377955,749086.365254062,1250213.4919239846,-177349.54276559822,-26584.21047140002,807989.6511052873
688,60.93144551079712,53.52706319044574,26.936997447749178,5083.226887301877,-443793.2019234598,-548791.3634581113,-262569.7706716291,-1135826.9488581177,1320.3892795869622,-1653141.5174614661,-29001.604513750775,694641.7834809478,-60840.99322094646,3303.5125267356275,1190932.3393944912
689,60.20046618884132,51.13524171449233,8.854200501074502,284144.41394717694,-769095.0136091118,103532.06136589532,-70142.40203766932,-67267.95059377323,200956.47179383622,-777189.3996802508,-26034.53260255164,421805.39398676297,-518972.4921970909,62543.875716116,482491.01582865126
690,61.72728334993982,52.42653100631761,8.853988602609096,243911.08927556104,-702023.8312974686,-1276305.4758649704,92407.2756128197,-83645.14642352887,259589.13026829166,-1334574.302317094,-692924.9311073243,293081.0155375412,-1524917.950286485,-117920.98005362567,46315.079659678144
691,60.20114663598794,51.13592243177293,14.89582905913575,371650.2299565511,-772466.7784051687,-341968.630520975,-10709.14743326791,-588184.5899414674,-15018.820464340677,-1183745.1437617564,68989.59313736703,371970.37165479636,-524085.3715078647,-101071.19139899693,296938.6972579807
692,61.72798348068742,52.42718272347155,14.895487456057896,502431.00453974254,-496030.89818608144,-392636.6448389142,-35763.16531611784,-570752.2294859797,65571.30060667274,-1017632.0684107181,115179.27363905407,516216.2562864114,-553227.3834839934,25342.61798420411,392894.44835647277
693,60.20190933361943,51.13666187872844,20.93741319213342,449935.8982844818,-553083.9182749131,-392012.69316429633,8345.833678180044,-725421.9944868018,-94310.19134974353,-1204373.8546703416,231293.2839768685,477919.8575387456,-415064.40013346734,-77340.14014697928,534709.292058748
694,61.72876079227083,52.42789749376959,20.937075461013478,561635.9969265811,-267520.53048235097,-147953.04920447082,-136805.17748871935,-680310.695760149,-32758.873321892304,-901037.9823570624,440139.3281170902,607061.0714797317,-168720.1249789929,-24425.201177354633,792170.6456849435
695,60.10719862362226,51.05664114665651,26.97902949291131,1040965.9511241087,-335317.8364153201,92172.3809438383,292102.79447760497,-1009477.1440886373,-101571.9488591861,-1165653.0902876635,710118.9199066275,1253354.666033663,-170244.5385141021,-24384.880933345637,836659.7844570486
696,61.82491597542604,52.50926252011289,26.978670898221445,7710.3057993978,-390346.91124975315,-538423.02182308,-266708.6473646411,-994574.3009748708,14375.270115078365,-1481606.2527896082,-44613.24023542498,605159.8657515985,-61363.62276908825,1890.3190279178625,1172643.2576577743
697,61.23214858859615,49.86768417992351,9.145867311412191,222537.88333298793,-274555.0488127179,139018.11766848442,-164983.4640755582,430184.5543789524,176205.52597598833,-610772.1484346244,264043.4086770591,433729.6919463194,-515416.379853699,76419.59185791938,503635.5402750364
698,62.798720958756064,51.11075692813228,9.145661115310002,160553.53292759045,-368418.61966832314,-1246533.6192503409,-24673.655436683777,319602.5690493236,271065.8870697607,-1395886.98354637,-271749.2751599222,213237.5527152184,-1489305.8959543223,-116559.59254860468,43597.82957721919
699,61.23280864436786,49.868334623221216,15.10416527740319,255995.54944918357,-158336.17431034727,-301064.6644917517,-210706.50418822814,211031.85245085132,-32614.78185074611,-466876.94773244974,-101236.32712126564,364707.9855007999,-519805.1674483482,-98268.2155803362,325598.0515678944
700,62.799403098619145,51.11137386603572,15.103832558290062,375324.0740063224,5418.735075443702,-372099.9203409511,-225640.34398586059,108067.39410996926,76050.93181782089,-425045.6467420478,-49051.33271628026,482739.868199143,-547775.8137517106,24593.757047377232,380501.302758091
701,61.233550629248434,49.86904011153172,21.062418590635257,321713.1746052255,115328.40275469974,-318582.2593331618,-297096.152873279,68807.53020065918,-103562.46790249505,-336410.5233241558,-95923.16776114669,550793.009112066,-410502.14482797706,-75808.10040931735,553374.3634824083
702,62.800161451099484,51.11205139133035,21.06208862449636,432565.19227602484,320775.0763005741,-93139.3204120666,-409798.6342490316,2036.425377222068,-20830.20288276182,-95972.23043410775,-34418.290154501155,790591.4687531414,-173919.9498684739,-24443.20729240317,770816.8635180105
703,61.13633795278527,49.79200219327784,27.020702663670523,974091.5313213951,454286.2066614181,221942.96649251517,-103681.85213083353,-137566.04149297506,-116449.5149271932,131444.91675975785,514296.08035556646,1004579.707360004,-167520.01551672426,-23625.056701320173,845654.2144548262
704,62.89878638568571,51.190368173633,27.020351765557336,-49740.424770780184,310952.14336761483,-419032.65006548574,-601495.8313018662,-259663.67154645224,22923.25048265276,-614400.3018165163,-342906.20117799874,799485.5715258642,-63407.920589701636,-219.69205369227805,1142285.0039016567
705,62.44761273326309,48.29575381937391,9.437535288801339,211611.7730376479,-245769.70780569152,157105.35410686594,-178788.34278004355,453270.38277310756,149746.7825423988,-605964.4878374831,273072.2572565276,455839.649919778,-490229.4281973841,75169.13879655633,511018.90838271833
706,64.02972511857251,49.51924127286322,9.437337891071456,171217.38464752596,-353707.7734249595,-1189472.1389704596,-42064.28737356768,303422.2181244205,258855.66602725114,-1332724.1053276754,-258393.77902636238,219155.35660614487,-1419528.7972332244,-96720.65624780004,38535.81661387554
707,62.448243136627056,48.29636479047457,15.312503852012432,229343.56358994741,-102794.39328673513,-286595.9082220356,-233319.86109081397,271540.65254571143,-45537.916135422325,-496522.03541221644,-58315.654297093075,394790.9517904861,-509595.98367853346,-101475.07100477355,353383.73747333535
708,64.03038038543264,49.519814971613485,15.312183351522298,352345.6344319801,16933.69222800316,-376110.5395704536,-224313.7464922365,112654.64243874767,74546.9314583656,-430140.57556933165,-41729.36674756535,465038.7294064267,-546674.7603442785,22146.854290809533,367297.0926003813
709,62.44895866746596,48.297029948497986,21.187427262425345,286476.70556478266,171889.10989657693,-312432.7955742113,-320396.3629677548,132358.58627896244,-114553.73206980077,-348590.51639734406,-93345.97779322136,587869.5140777137,-409552.25517797057,-75654.5856303103,563698.2928050174
710,64.03111474510823,49.520448812515106,21.18710742045784,407395.7606810522,339383.5766234826,-100137.50268189958,-403276.793817618,8834.758574652917,-20488.19212823043,-101414.9161022795,-30545.83525937879,778602.5859842934,-178922.5629221106,-21315.483381260536,755848.9582976461
711,62.350752644151754,48.22117952055368,27.062379282681093,933376.0399486844,506606.4311616722,220857.94871077465,-124598.4195470064,-66021.67344640639,-121846.53953327803,177221.60257121708,502947.8785332756,980670.9387166388,-169068.57884341685,-23910.613445463154,842788.0809047453
712,64.13069178188401,49.59750114499441,27.062038616234037,-65374.181805941786,320599.4351663068,-414907.46731323935,-566303.5506259792,-258073.35882313017,30618.17063166814,-588079.261564194,-341717.314942639,770114.3625539589,-61783.835494688865,551.5437889181429,1117787.5640761522
713,63.665178139939925,46.72149787327994,9.72919873639886,193135.189572255,-211774.80151467747,141040.6093236884,-182096.65584683872,447666.2461491145,128359.79264688307,-580666.2292912786,257198.620368099,445868.60630444565,-469487.495553045,63304.57491105378,508263.8400483685
714,65.25862253604234,47.93004437751283,9.72901173052497,156906.52399323782,-301687.257505125,-1162473.1056141304,-57879.918132161765,292936.79231757607,247064.073257711,-1296798.9144158345,-212159.71425810698,201704.78954792398,-1375523.80425594,-74926.38746352748,32228.996247211144
715,63.6657761019012,46.72206634556805,15.520834555470179,223233.0219150928,-58137.60859138632,-271499.29311439063,-247483.54196510842,293007.8925476422,-57985.87839286952,-490871.8925687114,-45452.73061218034,429920.74339020776,-496845.38730020035,-99592.67999490812,398357.64096662344
716,65.25924644388947,47.93057354757265,15.520527984388359,313731.21066188527,44546.502211904895,-388546.1617797163,-226929.683231617,136101.56600955795,76160.5549244895,-454347.7380096241,-18902.544680814208,442981.8337845121,-552582.6033189928,18810.201761788492,343078.8865444727
717,63.6664617791537,46.72268902916526,21.31242807395729,277105.62646318565,214346.75199300918,-297852.25650362857,-333484.19878058945,157472.60391659985,-126775.10650147188,-344755.96914248343,-85674.19499845104,624030.2860935006,-398609.91757320974,-73505.52460336107,600772.8761136839
718,65.25995309037633,47.93116153597723,21.312119861711736,357659.8974034097,368487.0001938085,-107971.66090177672,-404100.0184757381,38464.927166124806,-19108.377766753052,-112387.12084720607,-38545.89952370955,769108.257066357,-185280.0186273334,-22737.366009571546,720971.9419343953
719,63.56752212625983,46.64773387530424,27.104048461720843,912932.9599809365,535249.1741101912,220330.89039342658,-131710.7892074747,-39427.56625976586,-128669.88069627555,185499.17023763695,512023.39033901773,970990.4639078993,-162649.11512818473,-22770.79644434855,872172.3793778354
720,65.36021521605224,48.007238148289716,27.10371973364235,-106974.55037264699,347166.551349688,-409222.84615329973,-544409.9394039771,-225785.72006785873,38900.08630917294,-550625.4328346053,-366511.0163163125,748105.6039746592,-65332.322103541876,-5151.91376163368,1066025.2269057035
721,64.54336881165803,45.54128834514625,10.020862602481671,211033.31786761584,-1279541.83756154,15203.977089634223,-72575.47736988404,-365632.3406237258,117028.00862945586,-1376697.291039965,20795.351029209534,302597.3974064655,-463894.5220060849,52875.22933588055,528578.1347908201
722,66.16995588350797,46.70439149610313,10.02068327773544,242233.51316287994,-1075605.9989090743,-1204656.0735387292,112395.60990604846,-403439.56038551213,190494.19319453082,-1574847.2637835983,-732967.6586448735,269786.36314354726,-1353589.661420261,-60098.270284107624,31125.313592830847
723,64.54394206900031,45.54182483100323,15.729165472237618,353452.7244400268,-1494157.4444179314,-408954.0953529199,93534.57285090079,-1050307.740984093,-85627.40069386139,-2134245.099218924,155800.86796366182,428785.4159244376,-485226.8124802201,-101497.40074666894,434330.4938968639
724,66.17055428660106,46.70488753792895,15.728869996344804,476938.4614724007,-1154917.5996092227,-492657.0463757166,127272.58317917849,-1047018.438314576,15581.513639874003,-1927130.2025960132,256960.33594683738,499533.6821366362,-549499.9007645478,14545.471393864309,334444.3254788047
725,64.54460136640293,45.54241332725265,21.437428093019996,484206.3635596651,-1496644.8481992912,-517781.1619554274,265025.3856258765,-1205148.624402464,-162094.949094291,-2313997.1889708107,93095.20014566713,690682.34223009,-388887.0001431296,-71797.51639108078,626210.1364362099
726,66.17123529057923,46.705438415381614,21.437129861353988,566441.9752156902,-1134589.8150328384,-302880.3804904064,169706.06275065133,-1173622.4372087284,-74296.8955887093,-1967486.1031902272,388236.4776649416,708221.405217731,-187510.724772385,-21844.45489352293,698917.927723753
727,64.4435670325745,45.47026713971085,27.145716551810587,1030504.4358804771,-1625344.0948546398,-162475.5347259004,692499.9349646117,-1510226.6037683832,-160670.173087225,-2641817.4361195345,419031.12916204496,1465471.1132574265,-156030.6965487651,-22647.426379225144,891354.773115848
728,66.2735464511088,46.778640534506096,27.14539806331446,36433.384650083724,-1532179.126415797,-725945.4338026968,237415.0314610252,-1515282.7127007043,-13488.106814553605,-2708885.3315378693,-5819.520070875625,493013.67604033527,-65961.3863961189,-5545.002527941692,1033851.8269952787
729,65.09875699546292,44.73240610087097,10.31252897965066,211385.97264102713,-1155733.7634658585,24779.656856281683,-94926.45841617044,-247885.47873448403,121971.733418582,-1209056.7081441898,-10125.570690683242,299614.14486632345,-459447.47618893726,56002.12203123267,551816.6237632146
730,66.74715537434865,45.86500550266658,10.312353377048792,225727.51661600303,-1130827.9936821095,-1205880.3261182166,107244.4826377056,-396277.36599642347,192879.58930996218,-1591842.4286713519,-772714.8351805236,253576.46066755202,-1341062.1203408008,-66023.64442010033,33223.54191805684
731,65.09931319610166,44.73292159504665,15.937499109175773,345462.5779748682,-1343827.2870096758,-394709.28130998235,47433.435691913,-851708.8441160871,-81735.40273566685,-1844262.865916069,72955.17091206429,378233.70465921453,-483450.64490696444,-101826.8420402765,450072.40417327895
732,66.74773608914094,45.8654800369426,15.937210757839761,456967.4300238871,-1215188.3018703794,-499124.2367970556,118510.12968863914,-1042480.8266249053,18006.70136386345,-1964129.4533182844,232312.42060487065,474471.9240698657,-535759.6577024162,14667.2193447675,337210.1472338708
733,65.09995055333944,44.733484692073084,21.56243040195312,475414.4828296575,-1324699.3402864123,-489386.9330530154,199263.31824547637,-1000711.4569132826,-154954.36077887515,-1994028.0719207183,45071.30133103876,610284.9800799099,-385727.3672074344,-71660.10091320456,635705.0631238786
734,66.74839538671587,45.866004033937685,21.562139462879994,541219.077587038,-1216520.1895144833,-323592.09946459864,175480.3439277905,-1166700.0698173821,-69090.82110464758,-2023611.7479037761,352617.83086014265,672100.7056515898,-188055.39872126744,-20944.614743454735,687574.1141584476
735,64.99753281319113,44.66322122606851,27.187386938485805,1022191.1722099552,-1407744.095406522,-123267.58485147014,599520.4153430054,-1275206.3569320228,-151466.71564003883,-2251250.080890119,385060.44490733324,1357369.1279347492,-155477.42885936188,-24098.551221591235,889200.3692663378
736,66.85205007638041,45.93727429836277,27.187075857683084,11215.262550447253,-1660444.861595647,-752050.8974761235,268153.33402200707,-1522886.9037151476,-5907.726075832836,-2811316.5959803355,-37333.900135857366,447369.99959487055,-66244.96876008948,-5041.122091397117,1011635.3420559517
737,65.65810037490891,43.918661123324746,10.604194214037038,203822.541037218,-1174160.167219029,9240.022233495896,-111152.29213636044,-234802.2845613858,126319.94444305907,-1224219.0743244044,-32511.8935414956,295633.3639175852,-461534.5993126934,68477.41661796792,566344.5334643855
738,67.3203979694795,45.03048011496862,10.604022431106559,222011.13328204653,-1082448.8485311703,-1197479.3945369865,89165.1472525018,-321390.01729388925,197492.1580107344,-1491941.3908319355,-816550.517831685,250574.798877511,-1332071.5440840153,-69736.30035961105,32325.841880229345
739,65.65863898440885,43.91915564043292,16.145830908868692,331198.8135529927,-1370505.5974891828,-402136.2482331762,40428.04715844434,-829395.5117922587,-80385.80590638696,-1846713.2897759192,45781.24290190489,359489.0147046484,-477263.98528208735,-101562.95813962037,469395.1457254209
740,67.32096088856412,45.03093287507491,16.14554998062553,449719.8605625914,-1120599.9964746279,-483989.41137764684,91688.06392713518,-921112.9967118507,22697.494263429406,-1780316.0943519734,168045.9981345285,457400.5489277622,-523485.87348682084,14477.928349877797,338364.91115260764
741,65.65925392000865,43.919693157165575,21.68743089676848,460200.28699986316,-1367113.979193456,-494734.13963588653,197443.84414910403,-975180.7386494598,-151254.5157174139,-2002067.484505503,14990.911021570066,585428.7416544532,-377556.1402925079,-69405.37941352016,653409.2164996169
742,67.32159791649428,45.03143024673017,21.687147505398105,530578.0134375019,-1110530.7137486332,-309257.0533902133,143749.2772529566,-1039892.234822561,-61192.3269177636,-1827287.6294186234,322368.0140705304,615709.8616467484,-188174.57175503767,-21351.00593993679,673401.2466310076
743,65.55594692862327,43.85070450233443,27.229055586465936,991271.5210559517,-1492743.9748719295,-145183.51775278826,607125.3720472162,-1256053.3212983178,-145068.23624785908,-2306006.4961016537,343760.69771037245,1315589.826822515,-150247.82501966902,-22734.780028276546,898704.6919264591
744,67.42610086214452,45.1013765500801,27.22875220449304,15340.652685228677,-1523893.7898384128,-721692.1042245845,232354.44993659222,-1379483.6104080325,3974.055219172374,-2573125.170069742,-25447.665846790274,368327.5945387639,-67273.34461092437,-5657.6284875865,989540.237519623
745,66.28237437741451,42.9595008564776,10.895859938206604,222663.92558247776,-630538.4016706304,72177.26015438006,-161997.73039325685,127746.00028843689,112229.63039370145,-688546.0393129361,61671.95496616978,291176.8684129938,-459944.14946539485,76145.64134255965,578963.1223845038
746,67.96865093817354,44.03473049401661,10.895693788303982,214414.1195155482,-686822.4501088684,-1134225.7725019453,16229.218900882968,-22781.56444725562,200137.71500174142,-1164595.116841753,-685702.4824619419,243663.4962084297,-1302737.1454735459,-66542.86227666122,30992.930510518356
747,66.28289116198641,42.95997158751912,16.354164636307086,337621.6555356103,-654664.4880226101,-307929.3033689422,-95323.14480705888,-232258.63568325044,-93748.65611238281,-785574.1286346071,-194480.72701307418,355082.71979173913,-474307.909157726,-98737.15605005417,487283.610784843
748,67.9691918471468,44.03515795594984,16.353893274545772,431665.92119705176,-531054.298779495,-410791.21305421565,-38424.85765588565,-406723.4818255893,22325.527169576766,-882227.5985093361,-63341.12983368196,435389.13770635927,-513477.79308097076,14743.319886526164,335077.88600664056
749,66.28348063933448,42.960481303799696,21.812433375679745,468118.5372217247,-525589.1093181388,-350801.97702679224,-38628.61671088867,-366477.2307321623,-160615.05039920498,-828094.7546353142,-79713.2135685616,499535.41908066964,-372349.35843047715,-68337.13095017672,664479.9971960962
750,67.96980333428465,44.03562613615384,21.812159233000425,517120.47193295864,-384883.32326476835,-195159.87984428863,-63457.86852600694,-509834.4175444168,-59851.53163819049,-814298.7865267099,228461.82048947064,522914.2348611407,-188530.59057440952,-21286.713414161593,659879.9789491608
751,66.17865172766726,42.89375358675951,27.270725944411854,1044779.5230038364,-441082.38736580015,64120.450927466154,262347.78039116936,-580911.5808841215,-155712.31425997813,-831818.0235400066,340601.14757615764,1159034.4625293512,-146838.23037941108,-22456.597710368846,901101.984032664
752,68.07578175411787,44.103257947233146,27.27043206845324,64099.81966643524,-614310.3147407441,-534325.6771768096,-52541.63364110019,-799456.8472103544,3305.192461873439,-1375664.831697646,56222.856005481844,234905.8034410456,-68251.05462546845,-5993.791198067965,964976.8617184996
753,66.9835690019309,41.836630506132195,11.187526355609734,212696.13491932792,-575794.8438466284,77711.67438313499,-173334.0276828663,167528.49461841234,106466.17507339334,-659412.9268615864,94990.07844476149,279035.8138726596,-450084.968035307,77400.90807354616,585986.5661053149
754,68.67992529757544,42.896051229432565,11.187367496183333,210738.6696916194,-675376.8535688175,-1097519.8620941048,3731.425687136844,-14096.02766367863,196908.90754654046,-1126979.3363286485,-674914.9109438439,239736.2013011903,-1256991.3386404077,-53756.770178423576,29341.79502759437
755,66.98405918934256,41.837073933174324,16.56249925140461,320441.2995089189,-579904.0176647776,-296506.85395774385,-110923.50564028723,-157121.42481056225,-91849.89887526761,-669282.4826334463,-229161.495100324,342474.40562016756,-467181.096765014,-99576.10794785923,506362.4144526081
756,68.68043991450554,42.8964503411807,16.562239300491445,416168.5791344714,-523853.8015623988,-410118.6555496415,-38330.49691005843,-384047.66184649995,25511.346337552586,-855341.6674503753,-82693.30945373443,420231.09892654076,-505967.6875833154,12656.185597585769,330462.2557395291
757,66.98461961009524,41.837553296692086,21.93743729603739,447255.327678105,-452178.047411716,-336632.066294992,-57190.90475041765,-288705.63984538545,-157588.92374573194,-707022.4625970863,-112284.31262736947,477751.9891958526,-368047.4072671764,-68055.46764903015,671572.2795971198
758,68.6810227872916,42.89688701160402,21.937173821386565,501872.9371758314,-384806.9561065978,-199660.82757358346,-56640.738508828166,-487535.470996824,-54745.86906293589,-793243.6249608212,203892.505630657,506756.2728258142,-188828.29708666113,-20183.55012961079,648402.3564901839
759,66.879134254314,41.771785340554956,27.312397988355603,1010625.3558472439,-362157.0786993321,70864.58127629003,234491.83661075882,-492586.8300022944,-149442.192668395,-691717.6870873398,303368.388103857,1107682.1574076847,-145537.10742932287,-22894.34941253215,896659.166497403
760,68.78760539180233,42.963501212263274,27.312115119098102,61073.89628944665,-630694.2147609235,-530807.750880913,-26488.796961967346,-777176.3233960799,10292.665562693495,-1359636.579230648,56538.55056934367,202669.9593089145,-68225.55761992873,-5801.85806495086,939215.7872059791
761,67.68491239732884,40.713852715650425,11.47919102123402,201007.1897205083,-549093.6772888848,65058.15726640157,-176150.7180351892,181684.54823061344,101857.64644871734,-644794.0375594323,97905.69538858198,263860.01186887553,-441472.65072374215,73198.31052077099,589365.2895495287
762,69.39105056548235,41.75727856926859,11.479039961910678,200982.22389859956,-619381.3921537038,-1068245.6833538162,-7932.765457279697,9371.984935537052,194447.88404151922,-1097595.3454400103,-619202.3877511213,230152.88158221144,-1221049.1944076954,-42784.96781376519,27964.63757163517
763,67.68537532438496,40.71426833478136,16.770830862760175,309142.2301622435,-552082.3331265834,-291078.6024396211,-117441.98002927612,-123062.27129493344,-91257.21863207435,-622948.4752373253,-245018.4147056089,333948.18453897315,-458728.841198375,-97168.12232866685,530552.6812146365
764,69.39153780645472,41.757649216127305,16.770582885272205,394606.9480403657,-466781.03783236584,-406225.70586420025,-48616.71054418696,-325906.0259249597,30641.43819081009,-764015.463470882,-115208.79499349032,400824.46280817187,-500211.07063356217,11586.06573424264,319653.6985610642
765,67.6859059330013,40.71471735771736,22.06243823278801,434045.64250037004,-434027.56368204835,-327616.7463711004,-59748.72546513348,-255085.60041760773,-155415.97122447868,-660668.1340286827,-131579.05035435548,464648.51683025906,-358079.4691719242,-65876.79038996894,687683.5318526468
766,69.39209117916371,41.75805433469679,22.062185900073082,474798.75216695387,-324370.5800868613,-195833.52432863388,-66493.75429634629,-426215.88640763157,-48350.67805069192,-696866.7642675701,170787.16269494637,480674.249324082,-190299.00593426952,-20349.61852024832,626897.2119896952
767,67.57978228209926,40.649920822680066,27.35406721661642,979452.2133474494,-363897.60127456085,63391.31407834671,231771.6243528104,-458423.93297402724,-143880.8509376814,-664822.0358493624,271842.34014599974,1071925.6218545977,-139915.4203516626,-21713.962470966642,903517.9133797057
768,69.49925833645207,41.823639706513774,27.3537958273376,48785.848423102434,-559236.9975477725,-511060.55347364175,-29509.867277039473,-705490.6439199436,18482.012452893516,-1241104.9549526111,40098.01887079728,179495.23348350206,-70480.83992929793,-7666.944200871021,901509.3228511723
769,68.27290361658099,39.73203081379293,11.77085579887064,153420.83652810077,-1030527.0581990414,-16192.426670704153,-167940.23004672313,-80566.96179805868,94187.98412244087,-1058209.7333356114,-58102.5555422257,223013.64053619254,-438487.0533436311,69740.2497455248,601463.0975509393
770,70.00139727513076,40.73785425403338,11.770711632056544,190606.8004701856,-987549.0510060318,-1091557.1389373664,24621.491786425293,-217248.24541721525,170047.5876268462,-1278170.6468579115,-823116.4340885023,212787.69147320164,-1191085.8743536328,-33828.73305491852,26737.114031712677
771,68.2733424268925,39.73242250136494,16.979163043636436,288387.92230611027,-1226489.448071829,-382604.48518704146,-28279.315398237228,-555137.531358777,-108122.8287110852,-1504847.923652988,-124313.70773406872,308455.6204342971,-450184.1801923596,-96055.58767609262,549158.7266466231
772,70.00185957938574,40.738200215658,16.97892597372466,399473.1441657388,-1040027.7821438117,-476697.45684893965,46706.98151533168,-716011.0894095399,53.03956951223219,-1528556.8486546078,9295.487216490543,402009.2666111043,-490012.62033862196,9778.190020879696,316618.9730603999
773,68.27384546249762,39.73284480553873,22.187439325413337,436951.10250053887,-1278580.6377210107,-459924.3191473633,128899.2443446855,-701584.0258696709,-173350.15076525015,-1681824.2301909765,-137095.9555404125,517366.3313635535,-348467.6608152436,-64444.02525562724,698531.7863619154
774,70.00238501334732,40.738577347046075,22.187197347493065,494622.9265719556,-1075916.7810101847,-317466.01643950876,116636.85210253275,-832647.509583259,-76920.83824557069,-1613149.8963543205,168449.1782601404,545940.8472164426,-190912.38717357762,-20168.816306593435,609377.1690367467
775,68.1662998455301,39.67037353239939,27.395736328156623,931378.7389294775,-1449744.1105151125,-153609.0047309231,503480.6898609649,-942610.4102519564,-159089.93703708544,-1993757.8380604144,171592.44197513498,1150191.0197687221,-134281.89691996062,-21692.765733650274,906349.4585503859
776,70.11092388866183,40.80178671791836,27.395475553285497,52227.571906832454,-1514351.3578433674,-684491.1053682545,239258.61393340002,-1138930.383972692,-9286.723594253306,-2326918.6981163295,-55959.63413334597,236263.44094488642,-72024.8713070723,-7903.503196610033,870602.3805740228
777,68.75872092403381,38.87236288429188,12.062521568580223,148381.58073320036,-927902.1049269743,-11864.087181639945,-180267.72813671752,-11461.380165250843,95180.1106669682,-957309.826918713,-51808.70616542215,217733.92170872132,-434440.91437350854,69906.05231619849,613738.0101902302
778,70.49978760013113,39.85657923124807,12.062382822674339,178231.70409323354,-990651.5682798212,-1073318.6490858628,12488.630813806314,-203031.26474807822,170824.77330876535,-1253132.4311011208,-833918.4398900586,201312.35771872837,-1163334.9947592467,-27572.610766443693,26229.099727224606
779,68.7591382349232,38.87273431225885,17.187496067569775,276681.33221171895,-1101710.7474721773,-365422.9833962672,-52268.15384854957,-437250.6825484313,-106445.76595449157,-1310542.6241002087,-174072.30178247177,294162.52722595504,-445026.65792347316,-96086.74054080615,560327.2760226198
780,70.50022803009139,39.85690442861806,17.187268286092362,381150.4382128074,-1043802.4003397597,-474318.16411339014,36262.12568521756,-689857.0108365568,651.5577532921151,-1505864.7867373687,-13722.496515929199,382617.15701295534,-474833.40976215893,9249.9034121408,323293.63549067406
781,68.75961588329564,38.8731332354471,22.312441374410266,421092.7761118143,-1129894.5055749812,-430996.7889815874,89595.7293245747,-581007.4272096141,-166438.06702778756,-1458454.1095804838,-163532.22052661804,482187.81166234764,-341370.6562305498,-63856.01083243888,704426.7088542229
782,70.50072779353802,39.857257740282584,22.312208430000315,470098.170748701,-1093879.9042047495,-326231.60381369625,115339.59654709115,-804508.3727303538,-72422.87638561301,-1603114.2618608137,136404.61885366915,516696.30573739926,-190293.66360298474,-19261.917869881203,599451.0371132581
783,68.65126164183167,38.811990530443765,27.43740654408306,906797.545201676,-1259105.5246061224,-122285.06083563116,440108.5860386013,-803979.2363208648,-150097.72678137594,-1715672.6820064874,154640.11555812505,1086439.5262082843,-131423.48742194072,-21970.64355364089,904197.5018662608
784,70.61002920499757,39.91909463108599,27.437154965113393,34760.516128983,-1553501.2322430445,-689427.3246725408,249889.6726052433,-1114395.459627825,-3729.491010102168,-2334319.376976885,-81063.79659170892,207215.1327819913,-71855.01049596847,-6812.830114532885,848942.6989010666
785,69.24334931808404,38.015610072249494,12.354186309507893,132375.55370067828,-933176.9639050509,-31429.344981000875,-196958.28232646637,7526.177511462143,93572.2855975772,-969030.9385099078,-66065.87792130095,202866.0612458361,-434267.92315303313,73504.62080721829,615573.2169360404
786,70.99936654338745,38.97238702815058,12.354053112540331,170868.10899771043,-907522.2539945444,-1046828.5212436755,-13487.443080248097,-138910.71762336616,170428.55095762285,-1147356.780231793,-831353.7142217802,195227.82821306348,-1135509.5867986581,-23516.2947938083,21549.32429689711
787,69.24374454431573,38.01596125556598,17.395827588135067,252869.64093612565,-1109350.1220666158,-368701.55955834547,-61842.77693001228,-404013.9484403215,-105314.17302286631,-1293442.9100312279,-201987.12425855087,270247.99360094283,-434798.691827009,-95010.13568585581,569079.1134040572
788,70.9997844692658,38.972691052521924,17.395609421241257,364461.95235945575,-910700.3524970699,-454070.03366005205,4556.580809887496,-575359.5631182053,3191.4207355062417,-1301408.1598947698,-63380.81496251358,364480.5410596171,-460418.6342094606,8069.211692635616,326826.9986140121
789,69.24419694326077,38.01633702032116,22.43744198166516,391994.7549291668,-1139848.5896025451,-430417.70183389215,77908.64262222788,-547640.1707674186,-160110.8386165044,-1437650.953698738,-187268.47098987518,446647.8881813426,-329521.2462506443,-61772.361254804506,711956.2920702503
790,71.00025831634899,38.973021075815986,22.43721828036303,445515.22768454306,-936509.198682786,-305254.52754180296,73860.3525492773,-684005.8686442247,-64593.76916850407,-1374611.3941796948,106303.3607867601,472059.5348528888,-191340.46824594724,-19961.093919946077,580874.1696531816
791,69.13488570488279,37.95688795421513,27.47907537208677,855438.0805155486,-1298026.8403797566,-140047.5464805311,426569.53953387117,-775044.6035619634,-141681.81394194355,-1726395.2940999456,120666.03406460639,1023092.9536906003,-125623.33569622478,-21286.5444823248,903043.7302030177
792,71.11047085980111,39.033121633286655,27.47883318728688,28521.72842230642,-1339472.5669161263,-643287.2327728104,193444.1254867076,-974954.6581037353,4233.05424346958,-2039113.3751630378,-65227.8313100256,150103.13520643316,-74307.65168205638,-7663.864540331242,819313.8839993824
793,69.85092230387409,36.857524945231575,12.645851327055443,132361.5191078048,-208097.65033290087,56496.218493431705,-226992.26308471034,367678.52392210386,68389.2045465058,-542339.2539853415,172533.281124725,350566.06012895197,-422966.3265129414,65600.2270535301,606385.603679443
794,71.63044587870965,37.770179830795186,12.645727219269768,137823.2379997745,-347116.1820643153,-934528.5103010245,-88185.82170805363,143661.93284256165,171893.42027951495,-998752.5330416658,-318222.2535948384,173153.3322709391,-1068558.2141738639,-3562.11722489284,19055.673617898257
795,69.85128648544541,36.857850359801894,17.60416138064033,195587.09682101602,-106592.24598233076,-228740.82818404573,-210887.6397103788,203808.37230253353,-110197.89270807084,-383553.4955848335,-124484.44919735029,368291.96743682324,-424349.92845209426,-93467.19290035711,576414.287189251
796,71.63083213256844,37.770456820883155,17.603957003026185,269214.9366129593,-86518.20299427502,-355834.3369468088,-145204.20486206314,-54454.97556093666,18451.305976557014,-366592.703366407,-129389.25740432911,322844.3574426115,-447613.94291389815,5653.866420360099,328523.54313116206
797,69.85170751466654,36.858198801559666,22.56244543626652,297760.22527493717,82953.87145075327,-231104.47293877866,-214069.41916609465,84358.00183921865,-153680.2700202782,-274949.6906954288,-48822.20407566458,473381.5185580052,-319503.0808681094,-61318.71015065238,712335.0228851744
798,71.63127349144705,37.77075950995705,22.562234183978873,316756.76716514677,100156.64495104954,-158079.6221983167,-185907.9867297377,-132950.4710367858,-43530.630061132375,-239781.41649779587,73499.85827090562,425115.3481447699,-192669.2155597369,-19544.676558176863,565870.5975453556
799,69.74089975150072,36.8014823974159,27.520746877208705,807132.5105908922,269243.737184532,148380.29901701814,-14706.805957981958,-61083.63152012852,-138212.0598001383,97591.71552976049,292199.3664598682,834965.4648028138,-120979.36149981956,-21360.505522225667,897120.7810906421
800,71.74292657470613,37.828077236452835,27.520517362407954,-28417.58834731843,-7670.5319599607465,-390127.2779808354,-177817.49197616248,-359080.83108216117,19400.830438528912,-615826.041048767,-102320.10887287096,291930.7516335234,-74625.39640854218,-7431.404072709777,791426.614408219
801,70.5931930622375,35.37604608057314,12.937516936055921,105999.7814747665,-173127.79088355743,57878.59454836751,-217137.76058341237,363332.60231982014,40304.46956922178,-504925.8793554139,128823.38132605553,366853.0831689349,-386159.7688204474,40635.23015383096,581601.133282624
802,72.38127173245148,36.27201868464045,12.937404978363794,132569.44357538794,-290593.0456468308,-849883.8003633741,-100512.14523235054,129335.70096878572,144404.89175322742,-904033.4891284571,-272182.70639972424,168308.7930933645,-963498.7110703902,1759.568791071015,45829.59038225519
803,70.5935171534234,35.37633954298377,17.812496281444936,160969.41978098382,-40186.99336222123,-207160.9803728158,-209376.66726568883,235364.61450060885,-107218.60233753517,-375979.8613451541,-88231.90202762799,377833.20941872895,-399342.033685903,-96453.95053514907,583943.1166110085
804,72.38161756190465,36.27226414369495,17.812309288144842,238913.9820998907,-62761.484665162556,-357629.9861122355,-135564.66985901684,-39738.48803579021,18223.258326395793,-362891.6665048003,-110973.62009021848,292387.7979175115,-441534.2984021704,-577.1439184853385,320535.27583978645
805,70.59390068385113,35.37665653263498,22.687450884072923,257037.56124006855,146175.47169674156,-215278.56859913204,-219599.28683561806,122442.66713934764,-145950.29301967088,-267577.3323541489,-24704.389971379045,480216.1866632062,-306885.1073762663,-62384.09008452479,709034.8820431168
806,72.38202087873816,36.27253608685019,22.687254704533473,288597.17638333596,115981.92820466237,-164998.61626011223,-174682.5369307953,-114777.08259554567,-38897.12945760005,-225904.54324626754,66918.55877138097,398566.4728027727,-196679.99159622932,-18896.626984305556,546167.3842560528
807,70.48252570536474,35.32095384405619,27.56242064619686,739460.0992637791,334954.2981543444,143739.16955796778,-33886.977760624824,-15020.12749391781,-129988.80422186531,114475.73430973447,334996.1880200049,768681.6446463519,-117857.39001781231,-23032.021195433543,883519.439539249
808,72.49417542247755,36.32878308624722,27.562206548740363,-35184.071124696624,4174.594472259982,-375242.68288340734,-154857.39553235663,-336212.7904378484,22555.884455751195,-578233.5844197604,-98368.68711672844,270350.11200064473,-74731.88619218105,-8076.050854189193,754971.9927830251
809,71.33834806518338,33.88902183858495,13.229181275297433,78405.5960073146,-110494.13873891937,49245.449136003284,-188161.45339703956,347668.183942338,29426.543362933367,-441270.35121964494,96413.31149548589,362013.94612855767,-343738.2550396416,15264.865806433145,573577.1194189257
810,73.12920860197352,34.77939834352015,13.229082814061876,113679.70701070203,-209224.08523223782,-786260.6118419328,-85522.67437385878,97704.15659482374,134851.87352320267,-825502.6609054462,-204154.63009380735,147852.3009357852,-888715.2140466258,5241.396440101642,76147.84213726418
811,71.33863421575556,33.8892839654493,18.020828438308826,145403.07177496742,14430.823654372554,-186222.17734385168,-201099.49786001645,244497.1454490942,-103380.60164389417,-351875.3420359213,-62041.5381028732,387528.5982242828,-370299.66624026094,-93959.69539356822,605737.4621339005
812,73.12951526810738,34.77961511156215,18.02065886353532,209306.5247790439,-43497.2756838334,-370436.12505321455,-117251.12105638442,-29729.575327046834,20817.93982314509,-373310.1514188341,-88092.09374657556,256775.3692074056,-448585.3248095352,-5861.497297984519,294911.6806827943
813,71.33898131959239,33.88957057310307,22.812453201651145,239637.11727448017,186891.74631080337,-197902.46110585844,-212765.68178811087,135998.8453770566,-138311.3370356775,-253413.14838936686,-755.3921650430882,482794.94303383504,-287971.04277111427,-59723.72898555584,720404.0904813944
814,73.12988169172363,34.77985759905493,22.812271847148168,259723.3225451874,127968.68468957608,-171935.0220625856,-155828.47198130077,-95595.73658812173,-33826.27318983495,-213598.4854609549,65133.400990969196,364222.06964216364,-203098.74082049835,-17697.578782572982,510209.19415849156
815,71.22740060842489,33.83418960167596,27.604091245864062,695401.5113532719,362230.1827197418,136612.25025544947,-35107.28113428625,2284.680840443203,-123180.13767555165,110563.11835171911,358984.2136172826,724696.6123594615,-109920.36930514075,-21263.077704573017,884954.9674954744
816,73.24217770913837,34.83572859575155,27.603892513035508,-42006.28315900133,15143.284608492278,-358717.74900045193,-127711.32563034663,-310591.31562914205,26008.49123350479,-537698.5531762049,-92597.25949564556,244715.06512088954,-77623.60417439164,-9475.478265164016,699389.5850096149
817,71.77256845416534,33.00933166808284,13.52084604598984,-626962.4804638771,-4213764.346029929,-702145.7503118978,-212364.0818577656,-1084509.88173865,43293.36015560313,-4531189.87439455,-655402.2940351192,-356280.4083760356,-336098.90813053463,15959.382732101982,601210.2969974977
818,73.57959624401832,33.86587365558883,13.520755269316465,-281000.46738684527,-3018992.6089458703,-1255725.3119693354,69759.40043445333,-933627.2926837879,79945.57365030493,-3424383.555120537,-856869.1425262613,-274465.6906552528,-874106.99242435,10244.140348832443,109256.20678802024
819,71.77283383090267,33.009575516388104,18.229160291253812,-745229.5610340032,-5760525.449073882,-1230814.0369626144,193147.67619455684,-2326828.2466744343,-121170.1768700247,-6745630.90620447,-805020.4164216232,-185917.72444440634,-332880.74221958395,-98126.5926172951,633868.411266742
820,73.57988025002808,33.866074137454326,18.2290006981976,-318635.6816557135,-4328016.857244015,-1117595.5455533692,308398.9048939371,-2009328.6294972952,-49956.35980996159,-5307774.721469455,-422705.2981267132,-33768.064856928715,-448682.5152736666,-17774.030264522742,289082.0580811182
821,71.77315800926327,33.009842895971616,22.93745357648652,-840265.5059308156,-7078275.349397833,-1673855.3618235725,750321.6815222739,-2682648.26362425,-170273.30522603702,-8237406.66043061,-1132526.4459726328,-222463.11074897545,-269975.96985440934,-57359.332294527296,725705.1450438688
822,73.58022260826806,33.86629787632964,22.937281331475806,-412801.55462801503,-5460732.388412996,-1278129.1402120222,677888.5222556584,-2321529.4337007203,-101283.94359653538,-6548680.916701808,-672423.9207352593,69441.7541840329,-207876.09852689275,-18363.44522456092,476114.91500675044
823,71.66054617213095,32.95655861798589,27.645759345547905,-878370.5768029706,-8967782.974747382,-1975503.4261047142,1547267.930278227,-3213867.4599865014,-145773.20112440613,-10423628.760252494,-1389834.6382930756,-8193.57910949437,-105418.35115665523,-25626.496566107267,867083.5039368374
824,73.69350706110527,33.92003726334171,27.645570166194812,-1021849.6186710026,-7026277.527106931,-1899808.9403625524,1165966.3488773652,-2784153.5271458584,-37126.873880198356,-8398387.169899518,-1281381.8761165899,-268167.0401243794,-84861.76952715432,-13944.652633285546,646143.5066312628
825,71.90394035002691,32.72006002424216,13.812512202375718,-518307.37483139324,-3691101.8603173345,-615073.9924602924,-220383.18764565905,-863133.4820922454,43119.33791177279,-3928755.8260086766,-561354.3040956976,-334373.0975046465,-331832.3382207394,8197.056523609914,613861.3429601076
826,73.72435340780073,33.548362844075285,13.812421355787897,-366155.1344140504,-3364940.518085375,-1337152.3630118337,51982.442350218626,-980236.5740914748,78582.44491250206,-3763086.105961322,-945678.294378066,-359483.61517187045,-881402.085890204,4049.0335131838037,106295.7276327831
827,71.90419949552239,32.720297397264964,18.43749260899791,-590679.1967947673,-4963012.795212283,-1084162.0143829347,110292.0278203039,-1902525.538416265,-117723.75652406186,-5741026.288928789,-655205.59209647,-241622.12536472632,-336090.1454441921,-95454.59223672695,641358.31498602
828,73.72463004759193,33.54855765326371,18.437335163717762,-427095.0393659851,-4734045.681924225,-1191608.3184664298,288258.6338531578,-2115201.876529738,-51780.46761608251,-5732487.019006725,-509461.9364081794,-110800.08434173487,-432599.05780921323,-16190.558179945812,298273.31270425115
829,71.90451337446042,32.72055587031633,23.062453515911145,-637208.6893141468,-6015497.472907968,-1444933.809244741,575968.1731088392,-2207205.5259049954,-161344.91591225116,-6943047.619044857,-942455.0366807866,-212137.31574121097,-265837.89545137645,-55146.71301924587,741529.8356374239
830,73.72496109359491,33.54877310064904,23.062284456566154,-552224.758017938,-5938439.611202067,-1389198.695562207,676268.019136319,-2432608.6132332766,-100329.29455235809,-7046238.860573272,-786218.118769359,-47406.08543958764,-204944.7417624092,-16401.896150756358,477143.69260460045
831,71.79105445897895,32.66902762075361,27.687426950085058,-575057.4908715372,-7436894.79505438,-1617731.4823258447,1246007.41666614,-2628941.552526748,-137614.41017582236,-8603877.058091948,-1090796.9936981134,64990.283538299926,-100318.6880122654,-21350.84470905969,892484.6733834982
832,73.83907036694501,33.60073946541671,27.687241135714252,-1210721.630524259,-7685451.559605995,-2062360.8092586454,1200629.1566688262,-2947770.1204433283,-36263.82443884947,-9098560.235202208,-1447743.2598766964,-412230.504309996,-79513.39011866695,-9198.342832942164,649520.4979583502
833,72.0394515110164,32.422373981136886,14.10417821927665,-560067.6053067539,-3878105.839796517,-657952.5436855807,-237652.7476147849,-905777.2549101025,42043.87940779171,-4128878.799098364,-602401.4964266971,-364845.6932637911,-326245.10146983975,14558.861960434266,626452.5743664417
834,73.86497099944592,33.239265512513384,14.104086939982825,-339335.5028136277,-3245360.3132191184,-1317799.956040853,41318.923007740705,-899595.240684514,75081.3687921184,-3601301.776306631,-967940.3479716425,-333253.64779532753,-877960.7023435674,515.6932712830467,110727.95977524076
835,72.039704227071,32.42260488667733,18.64582482444902,-642006.9766065303,-5152106.891210585,-1124912.226787974,105973.2715494764,-1936720.3694890246,-117794.06308957699,-5932892.169842504,-703244.8240096278,-282889.1007529572,-329878.8680256654,-95593.72967771586,643552.1031784455
836,73.86524052315217,33.23945475563768,18.645669483467188,-376595.6826957931,-4468573.830952133,-1129390.4203948437,259080.0132797044,-1959999.2484521954,-51772.88957789441,-5382806.641464856,-467057.3580488591,-124695.93452905308,-417702.4555172676,-14106.065661360399,302867.63896950486
837,72.04000782506762,32.42285443322611,23.18745337268502,-697745.376979323,-6206096.834837287,-1486490.9874979642,571566.7784163723,-2233220.1703013494,-158181.0753183133,-7130100.721155349,-989057.0940266504,-271175.3841325747,-258083.25846858142,-54922.98084817382,741739.0939170807
838,73.86556061736232,33.23966225087331,23.18728736988511,-484244.33108545735,-5558589.079396027,-1307099.7138835255,617024.9149796284,-2244989.261163883,-97061.71160343371,-6570582.4178220285,-725013.0376505433,-54337.66889243952,-204445.8722764912,-17297.251716597268,468585.95538722316
839,71.92621915443213,32.372030428970206,27.72909444035865,-663745.3836134558,-7694656.860063197,-1682750.9952915567,1251325.5759762584,-2675487.369528738,-133479.18918698432,-8867088.19455559,-1156776.2090295753,-17288.835383047364,-98369.36046099066,-23516.732015844926,883848.9264919495
840,73.97997766135478,33.29090769722776,27.72891185275006,-1100542.9084920865,-7125607.4275204,-1930265.9847512601,1098654.6764019588,-2724680.274286816,-32362.837604641845,-8428692.789431024,-1332887.529424424,-394836.00190829585,-80818.42133416758,-10064.999099418728,636021.6612214758
841,72.23702267030423,31.973320338661807,14.395844077572084,-43754.85825038911,-1358909.9543127816,-190928.9269008884,-177213.25438376982,-91539.80053033016,32427.525646271864,-1388623.9424730046,-195740.13505029836,-9229.661940755916,-316447.9241136039,16360.772995151348,635013.3056126079
842,74.0701472365137,32.77307298752136,14.395754394588268,39261.36683346704,-1321664.9283910186,-951152.5071523633,-3604.055908168773,-272457.26194411697,85733.08748202083,-1466792.9764022292,-813950.0635989237,47186.971291238304,-868456.7743520441,-4434.3561881168835,110932.2804756786
843,72.2372658508061,31.973542926318352,18.854157804910223,42170.91445317364,-1732399.3390738512,-464890.21053051774,-47647.04179143076,-508309.8169449807,-115520.86429553591,-1914615.3662867008,-310546.4232093433,70043.15434484766,-332565.9574184675,-91389.3370829909,642959.7162442163
844,74.07040643287739,32.77325481079992,18.85400654372158,160372.97537451691,-1663763.8169533173,-591910.9063545018,67822.66867359349,-739960.5605593051,-38589.00952908086,-2042323.671790431,-225184.84416063887,172206.76801776784,-408512.68080175784,-8307.291648069597,298014.29726423306
845,72.23755659108762,31.973781734124472,23.312454035521107,153318.8131862997,-1969249.728182982,-569093.619994046,120881.18689266664,-677001.8701672364,-146143.61599875466,-2244428.4434391963,-358897.708499297,218301.61694776404,-251087.28988843306,-53962.68823202894,748548.6345494417
846,74.07071283809458,32.7734526483136,23.312292506690692,211986.62891088962,-1964143.5450085388,-538305.7203126908,198742.2398085137,-879132.9684208481,-79356.38211081963,-2391234.8625950455,-180731.7515812528,281503.97776595794,-202800.0603157784,-16954.32370610779,462783.20610637945
847,72.12327997949731,31.924018639689344,27.770762463239123,454798.13786574255,-2353422.907415073,-429070.9722886202,462711.3831612491,-896971.8951925405,-126870.849002156,-2753094.1360640717,-192915.54748767804,618313.9417137998,-93413.00388594088,-21354.718662173804,894095.5104603034
848,74.18559178526962,32.82361763156937,27.77058467033738,-171665.144731584,-2608251.4555342724,-871337.3411053813,402946.47564779007,-1186492.4939345242,-18000.284005641504,-3250398.857684797,-409169.99963288347,8314.915946444482,-78843.85033143476,-8185.344487294127,629687.8042346624
849,72.50045634068984,31.364330292310214,14.687510231799001,-40307.61809903593,-1300912.4203195157,-187613.8085615252,-181936.54921840358,-58899.136124906036,36017.0478758619,-1329134.627194274,-195746.72146012567,-3952.4983256770356,-316882.42809162074,26030.068627279386,644871.4487419762
850,74.33607998989483,32.15835452035872,14.687424137856299,35984.44050916092,-1323087.7327376807,-940312.4350351526,-6703.59329712067,-249068.64210017017,86897.20447223878,-1446521.8445107385,-825178.427943645,44284.54519071193,-853610.8591591076,130.76667894439288,109932.81316318786
851,72.50068670318412,31.364542556611216,19.062490958803146,44562.771709084336,-1634245.4667084303,-445041.136761914,-49289.96262997995,-458406.1837585599,-111522.2091397658,-1794158.4143652485,-311163.940541053,70598.5231450411,-320353.4812161323,-90759.96731866877,652510.2869976005
852,74.33632577281045,32.15852717646047,19.062345524107926,151456.63650740957,-1640720.4703181386,-587990.9821787641,71963.00928913409,-709479.8051816141,-38459.7149879267,-1998798.5729039114,-242207.899096219,163751.65601063694,-404182.51370573876,-9905.46525090956,296815.1975977661
853,72.50096204788834,31.36476886256113,23.43745537804359,153066.673416381,-1852688.011462217,-543454.8781201981,107344.1678336176,-622521.2175144658,-139758.09932663216,-2102450.5987888854,-351573.09943549277,210947.4820583434,-243025.88708252215,-53264.91622273892,753277.5526821772
854,74.33661613677407,32.15871388876251,23.437299569438377,200454.3564937641,-1933760.187469387,-533454.8325363426,197295.7375940731,-849177.9924696955,-75762.49540385568,-2342638.402156058,-191068.4717427442,266946.21038683626,-201890.0173441042,-16416.874617493602,452930.11936400685
855,72.38651458611791,31.315351876745048,27.81243139491015,448747.55610369134,-2204487.453865449,-401948.7469194488,434732.3824924431,-832741.3817152339,-120460.82074229402,-2573833.37064334,-182707.74608535445,598852.4720474889,-89933.40898006147,-21100.01607646104,894464.8015570503
856,74.45163596840166,32.20851027387737,27.81225976177332,-174835.24727431918,-2569282.33145853,-859450.9534794658,400512.3275595418,-1153144.1474566231,-15075.858668763272,-3190865.9467907557,-411784.32703822636,-918.2583833301518,-78650.66244331628,-7532.703231255868,613785.3511425892
857,72.76269404041976,30.758227369973337,14.97917625147869,-48748.10510381701,-1292347.5764848818,-195167.37635585485,-187227.32175059905,-42947.1296614564,35753.79768713284,-1321159.3578322225,-203431.49156768862,-11672.208544643066,-312270.0038408292,30757.13053908648,651382.5225563524
858,74.60320851111643,31.54074860541552,14.979093671877006,39804.4879047696,-1251767.4942943829,-916088.8606158441,-13176.326072249427,-212563.25519763355,84925.77945908204,-1355224.4977225154,-820924.2305903652,48096.8613074231,-835530.567223809,1389.2043386849143,111372.5328815438
859,72.76291158380543,30.758429372033177,19.270823840706996,31294.37919251155,-1604391.9222578988,-440253.8016039175,-54108.423414329285,-433398.0521228107,-106598.69820764686,-1752073.7113169122,-316690.75636617176,55413.1230137783,-308513.1625596393,-89292.01595099678,660948.3890336435
860,74.60344075851995,31.540912115186778,19.270684209817492,151504.072942433,-1528521.8338223426,-570107.7798851689,64544.21399778047,-640799.8551088005,-35729.938013331026,-1850349.6956566898,-258164.77975882962,161388.93465044105,-402295.71323435253,-11039.764269003394,288751.9170213735
861,72.76317220399925,30.758643683438986,23.562456339908913,134540.4205675146,-1817786.4288483649,-535991.7365131712,96847.99575306897,-596483.8013641947,-133333.61819439993,-2053198.7327833204,-353414.4771573215,187375.46514662172,-234362.7053073747,-52277.89125779309,755298.3672162862
862,74.6037156613869,31.54108811067544,23.56230623104665,200458.83438415662,-1788125.0704805085,-506876.73252048204,176865.7971984997,-776478.2506430713,-70486.5846391749,-2161314.7191478913,-189465.16299025386,256236.9135213113,-202976.46564566545,-16651.30175847715,436366.45196127053
863,72.64840490483138,30.709933987468624,27.85409992369718,415580.7744574171,-2173059.249810452,-402911.3648187046,417468.28452318016,-806357.7822036529,-114206.5620932098,-2526858.288146491,-191025.47313941532,557493.9211141671,-86901.27851241369,-21640.560556449433,889230.1810670802
864,74.71902622789828,31.590155379103894,27.85393444183249,-157851.16551801667,-2369516.577007498,-812012.1663587776,366785.2073015448,-1065983.3166958708,-11106.072913829745,-2948218.2746076426,-385771.74743919034,-5389.886837459952,-80467.53307861704,-8463.613502033208,589725.6912761803
865,73.01486994710294,30.1546931953992,15.270842200887131,-54600.60760256188,-1249686.9579782707,-195179.41044335332,-195822.8439681784,-19398.57003026613,29887.752408434262,-1281147.9445268153,-200959.30604357953,-17359.72545379063,-304292.1646909366,31646.423264726585,658371.9109615273
866,74.86502123552256,30.914148118675605,15.270763261482392,34910.21984761843,-1220781.7895397372,-896967.321069805,-22369.744111130283,-190415.73762463324,77543.16014650064,-1308931.2562375823,-816402.7256261583,42495.0911018172,-813390.4697485014,1462.8766499440933,117732.70546594646
867,73.0150749047396,30.15488524705538,19.47915725593468,24361.067198885605,-1533819.9022956267,-428284.2811708033,-71482.74018843644,-391558.87193804217,-106631.24932164393,-1664444.2356051672,-321717.4529462464,48418.572283868314,-298453.34453156206,-87101.63919331697,671668.2498943622
868,74.86523993178984,30.9143028260249,19.479023490738857,142370.916267574,-1481997.3769251397,-565145.0585338786,53014.967890066786,-598344.0380399125,-38720.71224875332,-1777823.6917620888,-277845.8127974544,150897.98536809898,-401612.53173485433,-11840.755089413355,280986.53829190286
869,73.01532141221408,30.15508824373531,23.68745753504263,127877.82356255845,-1735236.0347959336,-518125.3060993913,68895.19244919748,-552863.4453930913,-133169.38853066028,-1948999.6176020466,-350877.74318123516,174393.8434505151,-226314.4043950701,-51155.11341063503,759306.0911713598
870,74.86549982963425,30.914468591527005,23.68731315052991,192750.51760958735,-1725590.6624417366,-496671.5645195233,155162.75647836493,-733380.1161961209,-72710.73572093036,-2073246.4453216086,-197915.2593778883,241649.99534782377,-203531.35185233256,-16314.23916279769,423116.5071531906
871,72.89993794452923,30.107809298370547,27.895768404499254,403370.34388755215,-2063811.6625078372,-384833.0279537141,372421.9414679216,-753307.4210587193,-114536.75680821642,-2386305.0063137533,-187323.89169062112,528354.5514303739,-83408.26597528845,-21760.437430232098,888527.774169192
872,74.98139813079472,30.962084405535975,27.89560912613495,-151323.9350674186,-2277271.1060294635,-786904.1833952874,334622.17384793266,-1013093.8617339388,-15509.692192664193,-2821696.1247749357,-378167.65426568495,-15635.44545154815,-80665.16268498302,-8580.342810314156,570352.5353811444
873,73.26180233827654,29.54219440743786,15.562508590716885,-49055.71168362,-1144984.9113249355,-181573.54905935575,-193362.14879066657,16020.657995970683,28173.561671992862,-1178524.1288195024,-184867.56281328248,-12222.480435127884,-293836.68010510755,30683.878816155266,666632.6861900925
874,75.1166994870077,30.29008677430617,15.562433368227651,26881.33281258971,-1204946.5781976748,-879088.0387279871,-22806.095870114525,-176237.73902475243,73954.50212790689,-1282088.0759267386,-809077.3961351608,34012.18794882768,-790301.0723049719,2655.4247005574553,128236.17692759303
875,73.26199498536336,29.54237677228582,19.687490716775496,27641.419994573866,-1387208.7499707767,-401845.07414750336,-83701.8824721158,-326647.04651289294,-99906.03341125633,-1493484.6490582658,-317775.76105145086,49848.005986009855,-289302.3839954761,-84515.75657982338,685690.8509459145
876,75.11690508466627,30.29023327958431,19.68736269423227,126372.59461509093,-1461581.3576558207,-566754.7617473745,50538.30949884989,-569839.4628511887,-34959.829699196416,-1739153.0933661875,-296440.7998700578,133630.368448141,-402658.6857667541,-12455.541235305835,274598.5975657244
877,73.26222774245083,29.542568976120673,23.81245900750722,129524.06621633528,-1563550.8634539277,-482876.56310702174,44511.78627056149,-484958.5313042489,-126151.26820646916,-1749270.7337180632,-335609.43303772225,167976.80641117104,-218555.17921738018,-49905.89619469863,765665.0337892354
878,75.11715059664407,30.290389365269036,23.812320148691946,174207.91354696988,-1695150.174257873,-493712.82669436734,147902.70022785774,-705816.7334588794,-68610.71516942189,-2026351.361586832,-207443.24113907793,219139.51532063875,-202747.5521567774,-15073.813317044624,414823.5021688924
879,73.14653411418834,29.496002124819036,27.937437374601316,402084.30949967715,-1841878.0590837712,-343008.315227945,328961.1317324206,-672345.1266633141,-107965.77424082818,-2128054.360523808,-164617.34985462445,509869.6455663938,-79751.67296259684,-21079.22267074839,891939.3672527847
880,75.23333143109157,30.33727319770889,27.937284122784448,-163341.36809943186,-2242065.630316568,-776497.033079032,326040.1211401465,-984013.3572328606,-12943.554434355814,-2767603.1688550124,-381133.7634611172,-33167.0991789013,-79233.36392799579,-7491.711556849357,556444.6197879709
881,73.5099479883761,28.92681519122308,15.854174831807386,-52429.67345986367,-1095838.06653971,-181157.22699764752,-184138.30608261767,36536.4119900046,34338.28777285859,-1129225.9510520578,-184000.32578279095,-16198.690162371277,-287829.5624500077,32520.095790985477,677934.6722471876
882,75.36716369385749,29.668904717848893,15.854103877099538,27957.803018870705,-1140751.2257552678,-860718.8435515752,-14438.024605885732,-162619.04837005347,77911.9550558577,-1215631.038286162,-793324.7924566878,35443.56445487679,-782564.8054271743,5253.540041596885,134530.81287099118
883,73.51012906896725,28.926988201361254,19.895823871986114,21025.439192617778,-1327843.1514249023,-390057.59268843813,-89069.51764102289,-298529.79491263314,-94150.6723223105,-1423493.7942098717,-315417.7191635235,42036.20845267201,-280139.7383433791,-80866.69817941947,697317.7483791239
884,75.36735696377562,29.669043543859246,19.895701497935462,123869.41960733349,-1382081.2723558778,-558241.5865818255,47244.81560349173,-523560.8763120209,-31423.341490177307,-1636810.6773908576,-309493.83180691116,129851.06986739802,-406367.0580575399,-12366.64220821329,262332.8149348849
885,73.51034844113423,28.92716996709135,23.937460147241104,118924.90957299294,-1499977.8128712939,-469006.7979343045,37662.130448042735,-459512.00163348496,-119858.30874878216,-1675086.2085861694,-329037.7158452643,154064.22319882837,-210840.56719541797,-48694.38585736638,767931.7204848116
886,75.36758858818094,29.669190259261786,23.937326662278533,171667.90486410225,-1593961.209732496,-474358.1405277325,139366.16885074682,-659285.0851914813,-64192.52090853728,-1903839.824345659,-204932.55299499872,212120.93194453148,-203006.21305226465,-14452.181409368633,399352.36864591297
887,73.39449678812997,28.880955380492757,27.979105981204572,380526.92755601555,-1771374.4715583306,-334241.69296308974,313523.5362233635,-644126.1649668354,-102305.07829355005,-2045135.8819236318,-162322.58939477656,482369.2343530031,-76668.3975849136,-20912.68590728253,888693.1456086806
888,75.48390060573902,29.71570255570422,27.97895864048933,-152249.56949461944,-2106658.8910507155,-742195.299388364,309312.8591757553,-927943.2955896454,-10049.80275930164,-2606316.895130651,-363130.8623442428,-31656.00245880608,-80423.65863799599,-7697.200853885467,533731.1743031598
889,73.69059731393148,28.47068971676453,16.14584078599099,-511370.4242632851,-3221251.7372253686,-607743.3242016148,-272623.508412082,-448759.4188522427,46031.097051520774,-3320495.649680621,-602700.0063671864,-417169.8296424606,-290730.8194008557,39590.1354902152,694901.4693107922
890,75.5546609705983,29.195325210281734,16.145772441170244,-314184.99622886244,-2792144.7389335167,-1192858.0119669712,-1735.930821263995,-507660.7147089041,67136.53745522615,-2939791.8850337453,-1051046.3309526304,-308349.5311429752,-787841.8282892556,8678.236033396599,140441.29272861054
891,73.69077016985133,28.470855557821448,20.104156973309017,-545257.1729228145,-4016521.2431414104,-917546.8336815363,-50882.010514754635,-1195418.1572344422,-98319.58409777268,-4425701.281982598,-605257.7730548712,-448366.1947082906,-266843.2199467539,-80703.38842568203,707541.3000840744
892,75.55484517932743,29.195458095965016,20.1040384659639,-317205.6943851367,-3576342.1390149416,-980638.4114234896,138945.4860173442,-1271157.565384624,-49605.02149446391,-4098348.7818668075,-510975.10893204645,-264862.35402471607,-403740.9450524104,-16702.035487872578,259275.92039318013
893,73.69097895130515,28.47102886100063,24.06246075677113,-560697.6355471694,-4721835.110264392,-1165496.5015028128,267970.384588054,-1469430.614877695,-129135.52949179115,-5259684.907437965,-810441.8734643765,-377902.4664120284,-204403.3209527469,-47942.13557702491,767243.0866904629
894,75.55506556367037,29.19559721103485,24.062331367216053,-380103.2088053577,-4314246.617537454,-1056246.6188728241,374565.2957471186,-1537185.4687139064,-82139.10175398203,-4947177.80065004,-620250.636198399,-183168.0083671954,-203635.1725210949,-15134.340338596032,382734.2500897456
895,73.57468879288248,28.425896777015655,28.02077378061561,-498954.3336776539,-5741254.831968529,-1273504.4018413145,756102.9199537021,-1806041.839513896,-108053.00836094606,-6457164.833225889,-895669.9613675361,-160878.77289407593,-76060.85212437037,-23437.191376096238,876416.8025437405
896,75.67179420517056,29.241011453885204,28.020630977670404,-853330.3910104443,-5439131.090437064,-1518623.2500867741,724225.5386015823,-1925597.4991459919,-27586.502039681964,-6306782.637091937,-1050434.027659884,-453868.06678246404,-83068.80892900415,-9654.245904615414,510049.8318007814
897,73.80717476318377,28.165090672409537,16.437506972335957,-469189.4263670258,-3003430.4104893534,-570706.0483782412,-277317.0746881026,-388083.3791438479,45577.356061992825,-3091062.2739804406,-569809.1688787377,-382454.4423754416,-286434.348886508,41423.690908899494,713421.5191538273
898,75.67576754422561,28.878075526208967,16.437438905391524,-342686.6639479558,-2887877.6937289815,-1218876.616639255,-13780.538008172169,-503874.05976288643,65397.18948805331,-3028207.1202026354,-1084550.2504817643,-336683.6036317931,-789720.7644021946,6280.759014371944,145800.9945532178
899,73.80734210448587,28.165251266369115,20.312489661334197,-491771.8168766786,-3716069.2147501814,-858709.5377116981,-71313.24881620308,-1074231.189594514,-97188.05433869117,-4077576.181855567,-564261.1236214059,-424713.2638615857,-263750.43513903965,-78329.38001323216,715221.3007594002
900,75.67594569210115,28.87820402420068,20.31237313006313,-346556.4371774992,-3657062.31069231,-987859.6421787691,126091.71773470908,-1276451.039286436,-50317.93087214163,-4171738.628209095,-524324.0261190461,-295415.73572043667,-391724.7381422421,-14228.273849370897,264893.0096383124
901,73.80754286927618,28.165417856732795,24.187460991088706,-493544.4584680118,-4330882.757070082,-1079726.8824856747,220540.48912534968,-1328308.2094112553,-124432.89422153664,-4810958.2529280605,-746763.5325367652,-346432.3125589441,-198286.4187004202,-45090.083041312275,778506.2372201517
902,75.67615752241761,28.878337328773437,24.18733431667307,-416373.0108321856,-4390999.355071921,-1073470.5750674137,364071.85590221675,-1540344.9045211726,-80252.83402665962,-5016767.22370431,-642533.242829153,-221542.4744380589,-200858.9721420179,-13633.16899073829,382682.3383506214
903,73.69096138182393,28.12100737632315,28.06244142708536,-405345.98006892926,-5202045.680048065,-1149050.2756237055,671904.2750855989,-1631699.3486970537,-103696.77803114057,-5843564.116229095,-796504.2725896984,-116373.54692190606,-71478.54572242053,-20082.90208148438,891138.8293786324
904,75.79316030331118,28.923017869165385,28.06230164723315,-896045.7661797378,-5539190.996895694,-1543576.0470646508,718768.4325275656,-1938740.883442531,-26236.189667142306,-6403667.730269266,-1081448.141163148,-493696.93870766746,-79297.52596399936,-6603.714100273433,511328.2665939267
905,73.92382524892851,27.859519409000324,16.729173066788434,-499366.4618136634,-3107913.0951614697,-596224.4806851639,-302071.84090743,-405970.5307385282,43793.16260956174,-3203376.077193468,-595412.4490645985,-404715.51140223054,-283573.01985581155,44577.1316019505,722788.8429340298
906,75.79680108990645,28.5607980241705,16.729105017697645,-314084.1978552106,-2728837.8727110284,-1187952.4684563996,-31104.5457165514,-444021.3272349074,61713.47020108987,-2847707.580865293,-1075174.5187453711,-307992.43941197416,-784862.749029411,2978.3836990400428,145263.3059143956
907,73.92398700305671,27.85967484387205,20.520822289344906,-526136.7023570233,-3809842.3094694987,-878366.9186229059,-84564.8812853502,-1086326.3743104297,-95854.68483667304,-4171861.535742756,-585739.595973357,-456744.7987333145,-259200.79642619402,-78807.74689267804,711059.6215777539
908,75.79697316075402,28.560922136289854,20.520707757314767,-302854.6203716352,-3399760.229415337,-928329.2919200237,102764.86216454074,-1171085.795824445,-49166.25907533782,-3868198.8168003806,-497289.1613220296,-265456.1635845864,-381681.9025516464,-13706.266108403848,261184.75661385775
909,73.9241799485804,27.859834807429824,24.312461148759816,-532193.0144219076,-4410536.896171895,-1097492.9173648127,205266.27654389478,-1335155.2718050387,-120941.11512659575,-4887028.637952422,-765514.653141545,-387679.536864649,-193612.77912592996,-45372.37070672891,773922.306061317
910,75.79717662910844,28.561049781469247,24.31233718020872,-360932.1662291216,-4051664.2413676274,-1000017.2315643886,320127.8256254686,-1411444.1935164651,-76606.49491370482,-4621540.693177665,-590219.8282369849,-200853.11774648912,-201554.82519006278,-15368.295360826596,369317.21416371054
911,73.807316304426,27.816149447871467,28.104108974207627,-462019.1392819133,-5313567.498028094,-1180022.0947883944,659735.0497970342,-1649333.701622725,-99980.8493006072,-5954516.258434566,-827389.2984911504,-173703.1751726878,-71847.8409512589,-22986.714224258303,877608.7772848048
912,75.91444461909505,28.60499313271105,28.103972210299244,-808166.009902532,-5065017.206219364,-1432081.6593292856,645923.6040695279,-1781578.4058628767,-23153.64833087873,-5861751.342232347,-986279.9596528861,-457233.57356594683,-81931.91068246018,-9053.470280679596,493171.63503892825
913,74.09296126604237,27.398999948757126,17.020839105226784,-57082.1082989609,-949601.9538229833,-180042.84902049252,-221920.8170725103,84838.26017533084,30467.37298681605,-1011385.1696341257,-171021.39947207944,-4320.342036231246,-276502.0428768435,44570.860275717816,724971.4885871208
914,75.97245648609287,28.082699979817594,17.020772914948907,12020.776733357226,-1062472.710484587,-849207.1751119113,-47826.18635910775,-87380.5757406176,66670.41262638764,-1094173.1484378986,-825390.7040631587,19904.74363791636,-769377.6581695053,1097.633848130534,145903.6588335201
915,74.09311486429154,27.399148969806014,20.729155740522646,5967.468726502731,-1119892.6434212434,-354070.78015147435,-130712.91147822877,-205825.46480630498,-93150.29767752533,-1190446.3466902087,-312175.7762231584,34626.168067152736,-258685.5907330648,-74687.97608565712,713876.0183216076
916,75.97261978039,28.082818610308973,20.729045011127035,106150.76246291253,-1214030.925541121,-508943.12652777374,7464.349565357572,-425020.81388947635,-36514.14567233239,-1413742.238063897,-312416.66159927135,109335.61005718679,-377197.84583172086,-8823.742539287194,257436.63275957838
917,74.0932980997793,27.399301168123444,24.43746206450168,98901.99037308956,-1223708.8900394475,-411002.8989081017,-30557.793748860844,-350917.08066786185,-111076.08366267651,-1357393.636913308,-302003.44088183786,123587.27922068647,-187961.5847523318,-43619.1859861136,780787.4392604533
918,75.97281287375223,28.08293956015772,24.437342095982302,145878.07886325428,-1372977.236017055,-430947.42587544315,82506.08738501443,-546301.8000606664,-61433.11771224955,-1624664.8024795463,-203805.25990504495,170423.47935534685,-199341.3092103576,-13877.771572277165,366633.8805351116
919,73.9760173256457,27.356706818310034,28.145776979021484,342467.9941067763,-1405101.1319754634,-268107.34393566946,207668.84896502926,-508361.123688125,-93555.25230527738,-1612556.6424353009,-127462.84113795898,409279.0017689035,-67311.50885687815,-19961.341126015344,890047.2751828404
920,76.09047780329871,28.125777738201638,28.145644679755186,-146097.30169565819,-1782251.9071175114,-665193.3620243684,229309.97214794453,-788655.4105046523,-11262.020315320946,-2209287.1763822297,-324125.9262872452,-60129.468168061096,-79129.15104106611,-6797.068573955342,489802.0817775093
921,74.31784322753407,26.774742404146526,17.312505599358573,-57838.51791979646,-878054.2716249522,-170837.51274098005,-221958.685085812,106608.00585575866,30437.339309594576,-950027.1210714787,-155147.72463884356,-1555.4565754057337,-273134.9321041733,45549.663872174366,722819.3830161474
922,76.1994740206629,27.452571448831975,17.312443118572972,7220.4476717124635,-1030692.6386355177,-826238.1135925261,-52206.37776484273,-68777.40701830415,64537.267461146614,-1052609.3582429145,-812446.1382470825,15345.191933665692,-746557.37621069,4442.6807581742205,148682.0186143338
923,74.31798621521627,26.77488361801548,20.937489420038048,5580.260073465586,-1008718.8702132257,-331831.04011852486,-135549.17593376595,-169073.47459539984,-86189.30813877823,-1070070.7215295194,-300222.6726075301,35323.743878764544,-249627.10708904994,-71462.84079006566,722496.8447613355
924,76.1996261497205,27.45268365612921,20.937384085461904,95019.24756247562,-1168657.613210777,-507520.9057916869,6169.954415642731,-397434.60802143416,-32752.843396684657,-1355079.6784722004,-323634.1784535012,97554.58548571299,-381407.53517391114,-9733.971925633043,249671.37647939246
925,74.31815785264031,26.775026968003203,24.56246362827286,95303.75237613881,-1099808.6777165062,-385883.6775765731,-42049.13565419707,-312297.10327828606,-104684.13294365647,-1221568.2646282837,-286402.40091512445,117582.06262646812,-182385.5552744356,-42862.61971477408,782947.837609936
926,76.19980713701143,27.452796998137337,24.56234877465215,134553.78578870615,-1315429.5649970458,-420864.7881183091,77010.21173431628,-521660.63958179194,-57298.10123536127,-1556565.648682331,-201970.79513126527,156795.87648694759,-198578.57181455713,-12940.94247536464,356946.74149782467
927,74.20073217262018,26.732790941766535,28.18744583850053,333329.97518003715,-1252076.438457487,-242409.34279640001,183735.37958469414,-463267.8207232778,-87514.71056616105,-1443471.2394172985,-110015.05711221998,392330.4904556689,-65238.72054131997,-19609.620996284768,890003.0310472951
928,76.31759354810225,27.495260985312395,28.18731924901206,-147873.58027947595,-1711592.325604146,-646059.1712606095,221065.64056753495,-758320.0066382093,-9073.537055487803,-2124298.6873351377,-316109.8131625866,-65116.576646506925,-78639.167916031,-6211.174148754501,474991.89697036135
929,74.54274399693458,26.150491324212233,17.604172012657845,-62952.56639866822,-827279.517682574,-170140.09676068282,-215473.49125982137,123269.54663116633,34905.48198204699,-906132.4059096001,-147888.47464795725,-6351.300284367268,-270430.16550468694,45887.78718627044,722477.3711653568
930,76.42647344354754,26.822436567031712,17.604113556139644,6818.902509770793,-961667.1679080139,-804835.3016688044,-48658.33512586082,-57808.8051801587,66734.23985901212,-981346.0669097005,-793514.6833879607,15177.183230613899,-735422.4257278383,6820.279505671335,148952.04395553665
931,74.5428769717091,26.1506248132023,21.14582280406235,-862.348954028188,-939331.6811717228,-317307.84611152223,-141305.67437721373,-145313.95585190438,-79996.22819009548,-995916.4972818557,-291931.70881366014,30346.329858241643,-241867.50829240578,-67293.50112393386,728574.5930676996
932,76.42661490792327,26.822542621827747,21.14572275718728,90757.03785924433,-1085525.8944408053,-499755.8081060323,1431.6371934307485,-357237.25218783075,-29088.857128804775,-1254685.7889444567,-332398.5357963047,92559.66005316819,-386677.5644286778,-9508.848959937455,236708.0890441742
933,74.54303742550303,26.150759642389936,24.6874648555271,84733.06014727743,-1023154.1284981433,-370676.44613099657,-48887.28549850476,-290784.46752974123,-98228.70623462608,-1139278.4860196237,-274961.18335943576,105142.1548971976,-177029.78757988356,-41834.81253378544,781241.2157556309
934,76.42678422827885,26.82264860584353,24.687355029128174,130494.56321155233,-1212422.3154560174,-401386.32714553375,68881.23267920816,-483714.47495328466,-52653.00104862347,-1439143.6110764584,-193827.99128718235,149657.52297364117,-199195.43048273132,-12308.34350027334,340477.46734179533
935,74.42546941422556,26.10888310521252,28.22911434910265,313446.62827176566,-1164732.6070361563,-231158.96230534028,167947.60186253654,-439150.06774048734,-81833.70272928356,-1348470.9182487526,-101548.77367479645,367574.75085381785,-63717.52845381095,-19431.078591666424,884596.3205750177
936,76.54469031077377,26.864737871058665,28.228993387595086,-138670.11181687424,-1577753.4803999476,-612410.6149029487,205257.05493280757,-710303.0310232332,-6574.613454430555,-1971269.6479980159,-295315.82414822746,-62248.734973526865,-80095.64223398465,-6360.34769150809,452458.7813733937
937,74.70616593003989,25.687912679165763,17.895838043091356,-456463.4738289877,-2606068.566887335,-531363.1397743542,-324306.7127283555,-214683.72240369127,47240.61532548844,-2673665.108576397,-553371.402406805,-366858.66950747365,-272408.61770287255,49895.92693477742,733735.6829549978
938,76.5960840702308,26.342160791549723,17.8957820043665,-287214.4215013643,-2334383.338826429,-1086936.8435946498,-65738.04366479209,-277697.922824052,58649.25799723045,-2394700.1792998333,-1034643.7843515244,-279190.6402710854,-737490.7815915921,7741.006276261644,151944.48891696866
939,74.70629176196168,25.688040042547122,21.35415605938733,-456771.12194927764,-3070265.197919002,-730317.5991164853,-163987.03851891973,-787643.6326404327,-79612.75713316468,-3322008.7532829084,-503585.36935256777,-431759.7963492877,-231448.26365952176,-66902.55841941327,729843.2160238574
940,76.59621768671458,26.342261922346324,21.35405959231308,-260018.74567355082,-2802267.2494017617,-826619.0566508516,34705.33364167281,-881255.2939884107,-42174.524930886575,-3138333.6709576715,-501740.6403596045,-248830.74040888765,-384868.76627901307,-12971.561618373238,229106.88282972464
941,74.70644341721597,25.688167870968314,24.812465520807578,-446467.4001917825,-3503623.1105461633,-903310.5866849767,68340.69759684839,-1026504.4004046858,-102736.72841337006,-3860284.0960719786,-626206.495952179,-366910.5053987677,-172826.21334933062,-41531.6637892137,776755.8142638379
942,76.59637761364915,26.342361882687804,24.812359519263087,-295155.6110005537,-3287104.633993375,-840377.3791022724,205695.0958406069,-1121691.7332346758,-65429.360038187784,-3731726.8914315267,-492952.94660672575,-197957.78605794837,-200877.62111558206,-13655.220881261097,320688.4807862843
943,74.5884798729837,25.647390693739982,28.270782050068387,-360321.5487012273,-4165468.926401563,-940936.979246933,436877.67384525674,-1288982.3775044507,-84768.45612796559,-4651889.538756709,-645447.7629895847,-169390.15260343187,-64589.40725267559,-22155.533428842416,869355.1061977432
944,76.71466088716681,26.383339298285247,28.27066539822319,-667707.1917845998,-4077865.3498628656,-1192084.4941877262,472202.4209903995,-1438758.9371502849,-20535.680885199803,-4718060.461989685,-808456.2366939076,-411140.3371515978,-83139.3225298309,-8522.2665381172,427682.96031085914
945,74.81120403203809,25.3781574501852,18.187504173043994,-417260.9902109425,-2395937.6500632623,-494456.97577822604,-329416.1666886836,-169139.4821891616,44075.75753257965,-2462348.0826310036,-514340.352966433,-330967.1804549942,-267174.400477495,50934.669057561885,754306.7796788481
946,76.70521108120855,26.020593973981843,18.187448337735486,-309699.346856758,-2388790.015772796,-1104781.8836442507,-82877.83539052626,-264410.7930044296,55552.50390750187,-2443441.9296251223,-1059080.7526434213,-300748.5640052609,-737663.7955962635,4574.858631669787,158105.77476759517
947,74.81132500768933,25.378280160413127,21.5624888439608,-410251.60151893063,-2800512.065694303,-676071.8370591002,-175519.51905457224,-698655.6425422576,-78670.0697782231,-3023599.727702658,-474835.915672427,-388399.8608972467,-226697.6529168308,-65128.15111181539,732932.0762336999
948,76.7053394151672,26.02069127115233,21.56239415840868,-279367.1506987453,-2832825.758199836,-821276.8350511853,20188.856392841768,-879685.2008978609,-42735.43639697807,-3163255.7049966184,-500869.39064741426,-269344.648305734,-370947.4802118696,-10070.416423696195,236725.53841598943
949,74.81147007717163,25.378402318598695,24.937465769848774,-389940.8778247333,-3158188.5933420896,-828990.431689372,33796.04718999835,-917611.4605215583,-98092.42742388589,-3476256.65242025,-570529.0499748249,-330334.2004611185,-167420.68638423923,-38037.33613023514,789354.3843566658
950,76.70549226065401,26.02078655128918,24.937362298461952,-319135.38475344516,-3306430.8629092653,-844765.5211462192,191644.61554794118,-1117630.1665107827,-62980.58678699826,-3745260.6350510474,-499835.85074897524,-225235.28300890763,-198189.74517079798,-11792.032636768321,321844.01646987477
951,74.6932439815341,25.338357911393413,28.31244958547771,-283870.10883541533,-3703959.662153041,-835295.565001554,374928.20025845926,-1153340.6909730057,-80711.94356435548,-4137938.0785893304,-560431.1973619503,-124756.06003872772,-59739.51511904285,-18011.705883852486,885692.7233966675
952,76.82402366017885,26.06102121769813,28.312335801296374,-693065.1868120037,-4103461.0947358105,-1198921.862647546,460452.5588328489,-1439432.8507619584,-19319.169211722066,-4739323.208953416,-821388.5893654436,-434736.3458764983,-78438.93408716162,-4725.534847364204,432087.3799598833
953,74.91729249902767,25.06545851254276,18.47917015090842,-423570.2849431019,-2405754.0414699405,-493918.666091266,-346414.9065217913,-174360.96926842214,36073.050181676634,-2478427.945088386,-508926.9779137948,-335888.0695021267,-260365.78549063575,50649.54727806502,768426.6713237856
954,76.81328833107851,25.701970709785538,18.4791140555103,-295100.03108900273,-2299418.231821297,-1079268.9472986034,-97180.46015097019,-225554.28540820154,45740.06994491188,-2343530.6352168154,-1044024.3424562581,-286232.23253583047,-725466.0575480331,88.1974028268978,160009.02159242937
955,74.9174084249891,25.065576612967426,21.770821618976214,-417401.1143338588,-2786798.7076568725,-672185.7550203998,-178955.30699106512,-696281.7156794987,-76659.60892860233,-3009905.2845094465,-470659.36854764796,-395820.92395403795,-222981.98615937895,-67076.09868164343,721054.7583789835
956,76.81341132186569,25.702064168641602,21.770728686655914,-256378.71767768776,-2686497.8841485814,-780047.2266821761,13604.11517910378,-835353.0507114842,-42296.41488240105,-3000733.6209572977,-474828.4506267166,-247361.75692443148,-360091.3849927913,-10366.050689224745,233057.31229456532
957,74.91754714340894,25.065693135875474,25.062465932262256,-396325.7074682714,-3114474.487981432,-818686.5592339791,20747.93279485156,-902785.912260567,-94662.83219814005,-3426993.949721922,-562076.8716796185,-340415.93328214274,-164020.64794771324,-37088.28438963218,789019.8860685847
958,76.81355737414795,25.702154932831203,25.062364943795444,-291673.46914180554,-3115479.6903499276,-802699.0311881516,171759.96587200148,-1053308.482631387,-60407.39189182325,-3529203.1356356433,-470545.6942294721,-210103.36081477004,-198809.42305416573,-12878.14738697331,310523.4834209357
959,74.7991898411203,25.026013595719235,28.354117028393233,-296609.3611112442,-3653217.799678909,-826381.0994945387,359450.3437005808,-1139678.8368217195,-77383.06089135875,-4081446.798032296,-554080.385583072,-140681.076669324,-59943.46321311139,-19266.147377539157,877075.7065447534
960,76.93220587976622,25.74201511570964,28.354006048041587,-647151.2071221247,-3842013.585028522,-1136526.8696279924,428045.92933067156,-1360595.1709713228,-17426.34204161575,-4447706.359667145,-769467.4118379765,-408517.89027351764,-79379.74636774282,-5751.492898105826,418362.28905738844
961,75.0204236580114,24.75506648296672,18.62500307862179,-230503.71075413865,-1258223.0491298744,-380381.57448836206,-12244.995276695512,-271143.06989918073,35409.21379076261,-1335222.9725707413,-319167.2027252981,-214718.15907633616,-248026.06171420304,43105.613711406135,747073.0537481774
962,76.92036009307849,25.379717748567174,18.62494842899023,-165299.63480772765,-1407771.3093965598,-1001681.1983155924,243850.87670948182,-475809.1126713779,73216.61667208919,-1759458.2502804324,-696524.3608697434,-118769.53136970465,-707581.6620147569,-3240.164329230115,155076.21550932492
963,75.02053478825327,24.755181243451318,21.87498858653266,-299913.23327105405,-1896408.329927144,-668823.5516104673,127301.82961310711,-773657.6074980713,-45447.39738007002,-2274749.130023357,-391387.2883456886,-199008.69643961926,-227902.08903382535,-62762.34318664008,716177.7496842118
964,76.92047795014821,25.37980845782022,21.87489821809068,-197355.42592919385,-2021116.8057300102,-838159.9437294798,330699.4357792551,-965951.1862711386,892.8603553378194,-2597245.8440267416,-402926.73539424245,-56459.595967699264,-362549.2574835398,-4670.947157193415,222175.1075534399
965,75.0206687583406,24.755293916273004,25.124966527047075,-334405.8919953872,-2545777.203532174,-821697.7809525653,212930.04119429737,-938589.3172384197,-61863.59099862949,-2969134.6677459124,-514712.8511758268,-218033.35755838684,-162330.07780257452,-36931.7750603274,787097.0822250866
966,76.92061885300993,25.37989610714563,25.124868050039034,-262061.52658625308,-2675346.4886917677,-842877.2925248941,368920.0476862545,-1089210.2011855629,-23580.68221804634,-3218192.7654806767,-465345.4094087739,-96747.13291346295,-198166.56007237508,-11730.603198880255,307159.1674674468
967,74.90206021476446,24.716351931514748,28.374951111443387,-267577.8202308223,-3362638.5636943826,-812513.2132709869,393626.7443057626,-1117022.5658477885,-62897.80634010619,-3816621.0182635263,-524934.9979832259,-101173.58094943916,-57589.33685405293,-17228.18300565435,882350.6548799917
968,77.03950831338253,25.41901203801764,28.374842936387235,-625781.3931636625,-3589145.0757651962,-1128595.331704899,468850.80559976766,-1333851.6173361067,775.3785848882569,-4224913.371815708,-746013.0441335824,-372595.3846844666,-79264.39488867772,-5366.422512568569,410613.9423231439
969,75.1225681495755,24.44105019433999,18.625003375249502,-215286.62498601247,-1150313.570714356,-346168.1646841889,-21287.22943487365,-222033.11467492062,36362.406971611104,-1207680.322380993,-306843.8985315547,-197244.1394720094,-244894.5528296395,41910.38334527625,716912.9334643736
970,77.02445588693735,25.059766530214596,18.624952061847786,-161902.22633781226,-1354598.6552293983,-967613.57852598,232166.7689032014,-449383.0075426817,71972.72764916539,-1686248.7673659532,-679779.1449721006,-118086.5477551357,-683538.9154413578,1803.0000727768172,156555.86997746598
971,75.12267490335175,24.44116268907824,21.874989432613393,-274927.3285540938,-1710372.580419744,-624368.1213929751,101620.6068315293,-698766.9916965062,-39402.38557320798,-2055393.2384942928,-357301.36028796906,-196973.43158455114,-225984.6223451685,-57801.99276088805,728959.7241580497
972,77.02456905597967,25.05985565588885,21.8749023172824,-201002.57008706412,-1963802.8181191338,-840131.2272702007,320007.7870805179,-934846.6555975219,4981.59195250961,-2526755.3861763543,-407403.91497855965,-70777.31432148484,-378154.613084554,-5030.38517699019,215576.26982562314
973,75.12280549209724,24.441273271716817,25.124967570028687,-305760.08393775445,-2332945.083565587,-771407.1909846389,185130.76086903302,-870079.5064832484,-58827.57352368399,-2729918.601039885,-476017.0083656156,-204176.7490824792,-161639.79994713853,-35931.2958438271,788982.0835939066
974,77.02470638725251,25.059941541223406,25.124871548654518,-264812.74898521614,-2610876.5844511976,-830760.0189295528,356646.9834944608,-1072521.308271871,-21300.059406421275,-3148815.682136695,-455384.28013646405,-102249.39009280824,-198202.73206943396,-9343.475620777877,306852.35644671856
975,75.00407189267399,24.40270025208383,28.37495210831516,-229940.5617584585,-3091687.696831985,-753778.9167877131,356116.58435777907,-1042318.9527869788,-59881.8821314982,-3518492.7974697994,-476430.76758621243,-80483.61032214442,-56426.077585853076,-15470.672500354753,885971.1694760595
976,77.14371456869083,25.098684727936906,28.37484662328615,-626477.3710393867,-3533135.758383681,-1113246.4831771157,455514.41280050605,-1315941.3500426596,1363.7516976306867,-4160320.091506554,-738064.0299681963,-374475.4911254334,-77984.11906127517,-3506.2052686039638,407211.2834758151
977,75.2247316060131,24.127040269523818,18.625003844993884,-217432.7853312516,-1117100.3042373473,-338347.6734333175,-16708.61956574779,-199107.68595562142,42421.097073114106,-1165096.4178741514,-311953.8490931823,-195830.49603458215,-245217.23859216808,38420.66703210988,680793.8861315984
978,77.12853353076741,24.739809731815306,18.624956040867186,-145415.642103248,-1235514.7415675418,-930108.126879943,218954.51776432124,-414282.5612896339,75513.30964656887,-1559551.8889920118,-648435.546075371,-103051.07548334899,-670661.9913965494,3999.9033097938595,147879.2307776847
979,75.22483434626926,24.127150271684798,21.874990138284744,-274570.74241710716,-1634600.8252544461,-605663.4042698676,83861.14165127087,-668768.5712382159,-34209.29777700129,-1966031.8125765817,-342122.7206839508,-206680.4386808881,-226040.77634066367,-54565.85349260914,730726.8723075496
980,77.12864224706809,24.739897378985486,21.874906265176072,-181699.83109203598,-1808257.9246889502,-816218.8177142849,294621.0161325775,-860788.6624843676,9050.578043833153,-2337124.262665497,-396623.3640061224,-72428.94682365116,-393982.7846704745,-6130.583081575431,199792.71259945736
981,75.22496150982285,24.127258852950856,25.12496851738175,-309824.6218259388,-2266168.070352909,-757133.2808350282,172385.7269901901,-853364.0656189872,-55618.43379146364,-2658443.188761548,-463678.5637007957,-211004.22055153153,-163100.68776395466,-37446.392640282065,777901.0692685801
982,77.12877599631962,24.739981478466557,25.12487494356857,-238641.5668720228,-2418899.5242095464,-787979.2902503005,330051.34093106154,-1009088.7186463383,-18645.58646113663,-2932125.6625955864,-422334.4218681705,-91060.29686811336,-201934.81692820363,-9765.859175085941,294217.1743857517
983,75.1061052645905,24.08905555223633,28.374953033701694,-240889.60512400058,-3033562.9663546947,-746543.6433976825,339568.86048592936,-1030999.4852485706,-57178.24554275798,-3457131.941653944,-469281.23001232307,-94583.04321011063,-57881.43374639874,-17069.771047500737,873023.2896448825
984,77.24790067692177,24.778351091525632,28.37485018839212,-583408.1654719526,-3287577.0890558427,-1051001.970872841,421217.9198898461,-1241112.1365079647,2117.3597019565345,-3885067.6961315563,-687808.5134632171,-349111.0158058639,-80418.74570561464,-4820.01060282629,390529.3479272983
985,75.32397498866646,23.815383822108245,18.770837260652286,-395340.7379599513,-2064423.1795779413,-438435.7733244599,-320455.37380253547,-69434.12434056978,40356.01858910671,-2126034.9580870117,-458546.7212024455,-313618.01157289575,-249513.5424079242,41424.12910514564,686554.1456307371
986,77.23156898636256,24.416244090184723,18.770791338361473,-268174.03896661394,-1963783.9574684962,-975144.9382109614,-99081.84975429693,-130391.91163120055,45044.85504903126,-1985679.7205667521,-962924.409022135,-258498.80505718445,-664608.2769124811,8704.890923740635,161477.01007243223
987,75.32407405655664,23.815490167543363,21.979156951833513,-373052.97356821166,-2259468.833408919,-581167.6160895079,-232361.46921044862,-518604.1470697347,-53481.02315249484,-2434300.6263352623,-435440.47881019325,-343948.3179211827,-217575.66461775894,-55150.99333215091,737122.148539858
988,77.23167345024298,24.41632936453264,21.9790755736039,-230418.828267277,-2253222.944546721,-745428.9608801778,-29929.09287026155,-649976.5883391338,-25338.160948590874,-2495331.070225437,-504567.67093905003,-229171.99252968896,-398892.0256903933,-12146.467032614508,195843.21192769575
989,75.32419665076276,23.81559531157179,25.18746903131029,-346847.36170649517,-2538988.2465866073,-702124.9390547222,-56766.28101167517,-735590.2447847388,-81310.4159168755,-2799894.0329673216,-470408.75233840506,-317657.7620420993,-160807.95897730853,-35682.49627172917,779062.0531750442
990,77.23180233733248,24.41641044936295,25.187377896470732,-246221.72918060556,-2587638.303425311,-703005.4583164953,97878.3561280001,-888860.8316894065,-50264.37160054255,-2942657.681412151,-395334.8286194406,-198872.9808908208,-203100.41935901728,-9987.199640856357,284808.3377347154
991,75.20509868232631,23.778132871003628,28.395787087575112,-238241.4591728449,-2968318.5856288867,-690108.0998600756,238763.86057217245,-957048.6231290178,-67777.61032899893,-3330112.6099913744,-439593.0436448642,-126962.49102556858,-58697.4488524864,-18328.03502164205,861981.9310516322
992,77.35115911939187,24.45403283601583,28.395686920326185,-558986.8586164258,-3207891.950183279,-981927.5241906797,321496.148345213,-1167197.2048465097,-16110.596639111649,-3734087.9962953916,-650390.9810373124,-364327.3556576785,-80114.29532926029,-4350.377614789585,380780.79662606504
993,75.42219434960317,23.500125095491462,19.06250366512676,-370582.53089047724,-1924087.4550527353,-421043.44442535646,-316249.33105626696,-50649.99234100416,41516.198192567426,-1987112.4662421572,-439404.42566207313,-289196.5384643385,-243971.15909133223,38131.80571761525,705659.4166330495
994,77.33166598087456,24.095024835407642,19.06245787399267,-274192.1417766253,-1960431.6570565687,-978689.7232754246,-99651.59766968929,-131987.78558636265,43918.53424748285,-1982942.242814673,-965828.3456006716,-264542.93369327247,-667984.6047961888,8483.662738038944,170691.25159947702
995,75.42228991321072,23.50022684308577,22.18748965068651,-347878.41635232186,-2098218.933286474,-548847.0845866384,-238640.53943246792,-472852.58164062124,-50688.29773078774,-2262092.6657830416,-418351.16748578066,-314500.60095661285,-216195.03180694373,-51865.413817019726,742825.3396158544
996,77.33176646060866,24.095106856172205,22.187409939306576,-232481.08546800452,-2220048.705718821,-729630.4126372747,-41291.05712657631,-639091.9653670249,-23272.892753457512,-2457544.5293947603,-493333.4766938188,-231282.1977355217,-390693.8925547582,-9367.355396417473,195097.9888079571
997,75.422406811455,23.50032706992736,25.312469129643507,-317703.5770533455,-2342346.3832858107,-657939.9874610603,-70767.67746233237,-680990.847679636,-78237.6335122193,-2587017.1016133716,-437404.73259257653,-293568.1135942666,-155660.344136781,-33081.599666041555,783630.4991609962
998,77.3318893399783,24.09518377139276,25.31238033105836,-249523.08852654684,-2538038.308147039,-689678.62270876,87521.6142003701,-872603.3170258214,-48995.30705513694,-2886417.0740357526,-386547.8270888161,-204275.11825777745,-199027.59888030117,-8314.813062773599,286236.13105723873
999,75.30318525994598,23.4632323561418,28.437454516253464,-200986.63299431384,-2708105.5908644833,-630413.2302100059,209987.7963921167,-888399.8301518406,-64554.708084199985,-3046913.1574770296,-390660.04711898084,-101932.2494727939,-54905.44729593451,-15119.899614667107,869271.1816351411
1000,77.45135687838058,24.132429873648558,28.437356989569395,-557067.5991625441,-3142262.142643732,-965651.829319386,309974.19911762397,-1150917.4563788134,-15057.115349695327,-3663007.125715076,-640387.6628170805,-361586.7825935065,-76937.42547046118,-1555.3223173603888,380052.41228838824
1001,75.5204325210469,23.184871764554213,19.354169845125995,-371950.3946806437,-1893701.37623519,-425009.8217607913,-327099.8983925029,-47731.744405063946,48263.26441468493,-1961925.184151473,-446862.30580025015,-281874.1027249023,-244939.17924490615,40019.93805763056,719257.2526272194
1002,77.43174422664745,23.773799782685163,19.354124421453534,-261381.37562849157,-1872769.4323855955,-970331.4082463394,-102098.30906597088,-113032.83460942114,47439.39615001751,-1892319.4504883608,-961389.9738432927,-250772.79192877273,-679882.158214988,7786.663117871886,169162.43888503668
1003,75.52052477370663,23.18496926046393,22.395822237785197,-349480.2850539795,-2061268.705281272,-539535.0980046935,-248234.04240009878,-463431.3039605678,-48195.787003543475,-2225160.3333575795,-413775.2653304643,-311348.4896519011,-215330.1884149182,-50424.69761065256,737968.4026168897
1004,77.43184100264963,23.773878640921517,22.395744176074253,-211391.960580981,-2082252.3141874364,-693112.8229710821,-52076.15628837197,-598267.5111758808,-21700.023574864237,-2305906.506994857,-470994.67894915806,-209855.91179548478,-382882.78755161515,-7695.276251988031,188268.79656441585
1005,75.52063606198402,23.185064621386832,25.437469151560546,-319713.58783238655,-2285845.582592167,-643937.3759031468,-80561.62539052765,-668941.8734850627,-75430.24760810504,-2528513.692205525,-423732.1411181713,-297250.7130040052,-152142.7850761533,-32565.279548989776,777444.9364359429
1006,77.43195795658536,23.77395145847909,25.43738265398,-225349.70925598545,-2366099.926136115,-649704.7703166025,72672.01926127174,-819099.2754112434,-47438.48580556385,-2695258.1927256845,-359029.71882024786,-186866.4941627704,-196783.07381136515,-8624.614649458712,277741.6357527575
1007,75.40129334895875,23.14833850053393,28.47912184477393,-206768.64254861098,-2636660.8762859036,-615527.294349583,195837.29774220634,-874563.8783232017,-61403.773774019224,-2972066.3797001094,-377361.76070015936,-109528.67278382918,-54755.11522587362,-15301.229092599286,859362.6339234158
1008,77.55153406714038,23.810820784279485,28.479026943798473,-516822.825815344,-2910463.1505921874,-910370.2470875876,284176.7162386557,-1084876.6164160718,-13444.406781885677,-3408408.636568995,-593976.9152335048,-335270.67169261863,-78092.46057829891,-1987.1739905264628,365301.26499835995
1009,75.61577647655349,22.872003064828718,19.645835645919707,-364829.4061064115,-1812659.9118650123,-419650.31183253776,-343411.0614827906,-31487.67827837923,55140.794575894426,-1890219.7591821726,-443099.55444781116,-263820.3161739773,-249594.8850773666,44546.225255852005,735153.9677645966
1010,77.53073130612664,23.448975286429473,19.645790666545647,-260831.4696648874,-1829245.7312260622,-975499.4419138443,-115146.91516361205,-89307.46843555343,52918.74951870731,-1846017.4080347721,-971994.7383477269,-247564.49642229395,-694987.0998506478,7154.190072235112,163828.59026314178
1011,75.6158654648998,22.872096607393942,22.60415504375319,-338806.46907208406,-1964452.7939765896,-517986.6944724203,-259427.2011426947,-434752.2491077595,-48090.28019543084,-2123776.1417094665,-402433.03874856577,-295036.77706306154,-212711.91053041263,-48166.3055279953,734686.2443068292
1012,77.5308244598107,23.449050965193344,22.604078633762448,-202015.2254654566,-1991466.596733978,-664729.0991220796,-68478.58485773392,-568873.912180393,-22409.065342230082,-2204571.866546685,-454242.11608391564,-199396.93869091422,-371827.48680553894,-4851.833471936258,188513.97004247957
1013,75.6159712612218,22.872187172400842,25.562469179813803,-306315.4448869938,-2154924.177914514,-614699.7604502318,-97636.84740512757,-633426.9021137379,-74114.85065348925,-2388526.327078793,-401012.7256022492,-286400.33057069965,-147895.5157477974,-30818.19772012957,776565.1272454464
1014,77.53093553303218,23.449119792671645,25.562384998342825,-214736.2998175983,-2251020.7036547544,-622081.8285397965,54719.319849992055,-781877.4830823338,-47607.3236751296,-2566037.648052318,-340557.2260267329,-181243.95793309764,-193347.70284760423,-7883.980109603816,273401.18008448556
1015,75.4963949793173,22.836203691847004,28.520788907665796,-189448.4686049656,-2463010.2520708484,-576653.9083673742,167959.564450521,-829514.676560285,-59764.465629703074,-2783041.5767900883,-345067.19142195396,-101003.86083114624,-52857.86107017526,-13254.161478022113,857950.9317826948
1016,77.65073311198269,23.48523846041424,28.52069665651036,-494099.0174232897,-2753777.567877872,-873108.4424370105,258289.0284236773,-1039263.360104567,-13915.370977691104,-3234390.3279029196,-564515.3216040083,-322079.37823124224,-77264.32126783952,-446.0584367162147,357506.84223554743
1017,75.71004824938612,22.555540451648415,19.937501552381114,-344776.9832469953,-1684300.4039573832,-402551.4166026475,-354969.3105904884,-7494.696759023726,60269.66616503821,-1772590.4851155244,-424196.2697875937,-234842.0489039079,-254741.77712457845,50089.651605189996,755451.6619447065
1018,77.62680576219017,23.126530006122742,19.937456799482437,-268785.22484031774,-1828896.4121324732,-987673.7274943987,-131776.01390923222,-66225.50184444628,57046.56886980818,-1844337.0773856866,-988595.1510468703,-252423.1360346329,-707570.5607580049,5851.9793556324385,157255.37623559244
1019,75.71013379369639,22.555630209728836,22.812487588546613,-313686.3002199596,-1815617.7156602945,-484213.4254011501,-260058.67525669662,-396730.0808718171,-47386.938589541525,-1966817.3669108064,-379874.21349027037,-266825.86088032706,-207890.2525528068,-45713.88868587688,731430.0889221954
1020,77.62689526370559,23.12660240050055,22.812412740111508,-201349.6667437973,-1950775.6228917814,-641574.5620805006,-79798.42592902767,-559350.019097481,-23222.370050991052,-2160713.815499898,-435287.60256536846,-197698.43365081307,-356313.5444991398,-1160.1932273097755,195808.26483083877
1021,75.71023418921696,22.555715995045173,25.687469219913993,-277858.1863234781,-1962479.7177551072,-572128.1160983337,-108378.20142321422,-583953.4220982733,-70808.6079796924,-2183539.5838673627,-368155.09581455484,-260771.3404950015,-142829.40138148188,-27455.22391361781,782110.0828150858
1022,77.62700058686261,23.126667406180726,25.687387309102036,-216406.36569457658,-2197786.530917237,-607304.3206008722,45046.04771444495,-767219.5033752958,-46376.43205149393,-2507809.7452353667,-329232.0400579348,-184455.43191938367,-189364.4596118696,-6240.782558439964,273073.57272723137
1023,75.59053959161128,22.520102011048724,28.562456216768474,-153408.3975693484,-2213559.3217121474,-519415.9159446711,144551.64333995015,-767033.0187463475,-56439.95872818705,-2514805.035767675,-296993.62062385696,-74584.97883463466,-48902.44000987883,-8610.413114678027,865124.2148896703
1024,77.74690487842965,23.162408816685854,28.56236654238555,-489660.978272729,-2682964.825746178,-855974.4151366045,246759.78826936494,-1022643.5122280247,-12996.838136278364,-3158850.7175051,-553002.8675678553,-316746.6340825562,-74258.93465249322,3221.1072925092103,356974.30719551025
1025,75.80433929056744,22.239083574890675,20.229167217662983,-345715.87758024037,-1660053.7585029919,-398746.38880903396,-379182.1976468524,-1402.7458717171714,58815.64027154242,-1761742.103586417,-417467.67597173224,-225306.2453341177,-257480.18649407843,52664.390206536045,772924.8951865169
1026,77.72286195558348,22.8040796696722,20.229122193746157,-256718.9141235232,-1748276.5576763249,-968849.2856131594,-150707.90002071287,-25102.663262228445,53478.6123518887,-1763839.0081886759,-972606.8812944074,-237398.86792992332,-707783.2680675171,1265.8074052864185,145715.61045316816
1027,75.80442103973846,22.239169591571553,23.020820088644072,-312749.85497705964,-1777901.6954762277,-472603.63501490024,-261388.62814102453,-394610.14713870914,-45370.78774046833,-1930995.3900684086,-369426.56055381056,-262833.23484596953,-204158.09176069545,-46337.8098262186,712070.2818530491
1028,77.72294753995381,22.804148559502167,23.020746794536002,-180901.3944992909,-1820935.7583747644,-600258.7667892638,-86130.38361896716,-529524.0340892418,-23802.054318452618,-2022926.7068296382,-402839.5288612529,-176329.68397242678,-340620.7942819444,423.6652320720764,196082.83471002593
1029,75.80451624770956,22.2392506010304,25.812469157804024,-275646.8481768968,-1890159.6224977856,-554602.8275840187,-117367.38723818926,-569712.9425971825,-67396.65193845058,-2109871.437409104,-350621.1967386559,-259916.66411094222,-139430.49231263713,-25159.359386287415,778830.9181839132
1030,77.72304729517529,22.804209912146618,25.812389522583416,-194662.1943914871,-2039550.5350887112,-570999.1450323742,31345.589281299086,-718629.2628901432,-44902.43977380379,-2332761.472418697,-303947.3739573153,-168503.02813656043,-188325.0684492792,-7101.567977059373,262027.0555077648
1031,75.68470586318226,22.204007004052368,28.604123441449993,-153907.8388218297,-2127129.646440701,-500172.7838045533,133518.91704044477,-753586.0079591435,-53196.08338986498,-2427390.9720208324,-278934.11255527596,-74885.18449097541,-48429.20855165735,-7172.107971875637,853351.9762677462
1032,77.8430561112404,22.83957341779633,28.60403630029503,-452884.59406024404,-2471686.562901105,-805930.3445517533,223686.66134677336,-962783.9525194325,-11758.661893465078,-2927806.556049139,-510676.5157561066,-292018.4297078564,-75299.81219687765,3422.6727136691234,342639.59256959707
1033,75.89576271932154,21.925043549626036,20.374999823545647,-158343.22476392743,-613417.4111311611,-273932.1519895109,-92760.74016372017,-91444.71772473019,47383.71392798278,-649296.1349174395,-283829.84014170174,-112566.81282545824,-256050.5348122094,47408.6806521026,751276.4686368888
1034,77.81777850795555,22.478040406364332,20.374955878341996,-119456.40468890069,-915560.5833202326,-865694.3987708234,132495.69209274475,-259850.0922470312,69581.67092234475,-1171662.1624871925,-632140.7301900268,-96908.49410273808,-700983.6451319,-4229.90952925645,127521.17074145183
1035,75.89584078639241,21.925127052026745,23.124986723615123,-200314.80966803592,-1007476.2492330535,-455475.1297738027,-62.294043477605086,-463041.1699352909,-26644.05357300999,-1270696.838781697,-219739.6883627859,-172829.66153040843,-205552.35714427955,-40128.93564250723,704742.3343750354
1036,77.81786027309678,22.478106837224644,23.12491569374536,-123486.41512110294,-1253934.0871905903,-639727.3867433986,174053.36013643857,-650195.5124854039,5209.703814760603,-1680370.6485750615,-274801.9251689886,-61975.31531104212,-334941.6326844958,5475.3313275387745,202971.6412711796
1037,75.895932181521,21.925204816670735,25.874969453070797,-217181.08562354703,-1404235.761570603,-550049.545289695,45709.30992605806,-596826.8347467574,-43511.64840623338,-1711332.619685466,-291095.8595799469,-169037.91321843272,-137583.57800370068,-22389.26004363275,774290.9072600403
1038,77.81795583572887,22.478165839105674,25.874892139307846,-169604.8905333495,-1681315.3827559422,-605574.3574650227,192362.72701066924,-750588.2915975427,-17605.405666274888,-2080810.6932683666,-295910.21341100946,-79773.72407493889,-187098.32160261474,-6749.574453518043,256657.35849682617
1039,75.77589948309601,21.890708251272827,28.624957301214963,-124019.69420594664,-1866827.7350484692,-481798.82848961,169845.20465889585,-736651.6988564045,-41840.77082723492,-2194762.3449981804,-247276.7169113722,-30607.19583447365,-44053.68116984082,-986.3603260283274,855955.3208173609
1040,77.93817879697978,22.51277703413257,28.624872642663107,-433814.67856671964,-2258974.315791421,-799517.5747426294,257833.16753187694,-941919.5731631722,2257.887663617302,-2744213.914683491,-490768.67514767364,-257323.97926960685,-75285.45810088517,4882.486465267937,335656.53624742175
1041,75.9860654124653,21.607419234221247,20.374999827895,-143478.44997554994,-519976.06588230253,-243538.72323758807,-98555.3224328355,-53714.398298801214,46027.92767524325,-549888.8586704871,-260913.20904354012,-96191.17138141362,-256194.84639857087,45713.0886563243,716573.3327801565
1042,77.90980881817246,22.154412843877992,20.37495842820746,-115680.40639963723,-865090.044633971,-826600.53399286,116126.97272581203,-237826.48480976335,64469.70839332389,-1101384.3283047623,-609100.409598853,-96886.24712285322,-675864.7793210356,-3197.280072803103,125812.63238549107
1043,75.98614011045854,21.607501235929583,23.124987163045606,-174960.4807329756,-849931.0906869712,-416548.54969458334,-12193.877612395872,-402629.3944115231,-19601.349444072075,-1090936.473813663,-185848.88210112852,-164654.76519973917,-204456.8866904114,-30209.17805395869,713868.8760330656
1044,77.90988709670474,22.154477960091477,23.12491900901755,-126472.1036495862,-1200360.8760242884,-638367.64260225,160586.2162810174,-621692.9546467371,6935.952270172774,-1614578.1671518947,-277096.05514495535,-73526.39997927519,-347086.1738549539,3322.297809286584,199329.7798864307
1045,75.98622889086663,21.607577298809378,25.874970106781042,-189335.79842295096,-1220826.5540349542,-504686.22159934137,32159.675509614426,-540745.5926083113,-39480.11449756776,-1511379.157540524,-253263.33711328174,-150206.07940343992,-136062.522519419,-16117.62257679763,774201.6047141316
1046,77.90997980889517,22.154535839644034,25.87489511022073,-170646.69316541962,-1612523.4775946243,-592028.6111056264,177753.7925523303,-735783.2544166945,-16901.10842064455,-2009879.9835378265,-282713.8519462889,-82604.94638155484,-186998.34935955046,-6733.460140353449,257346.61569313917
1047,75.86608571086256,21.573454389810834,28.6249580756768,-87447.41798205813,-1634440.188998921,-428041.2076797002,151741.40324521053,-682493.0435998914,-39319.23841215923,-1950126.6633303175,-200008.58284934965,206.43151898804743,-38143.18779957026,8158.733610174021,858613.987239482
1048,78.03030804727233,22.188770457442395,28.624875735212512,-431014.5503923609,-2192176.0725617446,-782493.9979355044,241851.27590432778,-925658.810530232,1440.771907017961,-2671924.0736040547,-480903.30875176535,-252857.23853378856,-74982.18255768076,5713.971654073067,332290.99537502613
1049,76.0671222901481,21.329344248202617,20.374999943611925,-207022.8146474569,-705628.177871069,-293002.9460158305,-115566.47681473123,-106652.60177781536,46418.777587830795,-750828.1093595348,-308697.4832386972,-146128.34593612415,-279563.4595892312,23802.329620412766,582535.1543820061
1050,78.01108609222976,21.7912372271842,20.374961278447213,-57990.35954376825,-478737.38217778807,-714364.4291375827,39188.76042764157,-67726.812227986,63075.04955562151,-739865.1854415894,-461761.7117202109,-49465.273697338496,-657573.5704072329,-18457.50333850218,76004.02796072383
1051,76.06719411386636,21.329424668688336,23.124987418654598,-264977.3363436902,-1087223.0963953328,-478820.84853854065,-39659.302401356115,-484038.37439498043,-10873.901567095014,-1356178.0007421249,-265243.5260149291,-209599.75452050968,-224342.37489871646,-43515.18773506016,596309.2998564902
1052,78.01116055094379,21.79130085261683,23.12492259060374,-48751.8856776701,-640060.6959841406,-515570.38118868077,64202.98035014125,-329050.29336005566,14201.84944950846,-916650.4899825127,-247354.81467155015,-40377.65819642923,-366999.3620070726,-15108.309348610415,139801.82205738523
1053,76.0672806140619,21.32949929962707,25.87497057221777,-312510.03363843024,-1545814.864305943,-592162.5467355328,6426.16606894753,-639035.0489215275,-32267.913189244387,-1866363.8259682944,-329778.38994690025,-254345.22876471182,-160896.41918555938,-37777.09720048934,638701.1592347412
1054,78.01125012049943,21.791357486899482,25.874898438293116,-63424.06528783729,-859603.4160907577,-421641.4234929746,65033.251838896795,-426097.1077047963,-10995.43916985477,-1122041.1077663437,-177579.4888751023,-45048.308230123694,-204733.93791112857,-26710.063045751194,194715.566228465
1055,75.9458715918731,21.30069395486789,28.624958702760892,-290956.2481639495,-2240525.088936026,-587997.1926899743,124968.87853405379,-847778.3702198766,-32432.820026808356,-2602639.3188562198,-341638.1398576356,-175201.07107609516,-68537.4447856314,-21619.249448053433,687911.9373912516
1056,78.13283915288872,21.82027187159804,28.6248791644245,-265139.6506997882,-1174478.108679516,-541558.7893047308,97346.01515932173,-565540.6497420719,2773.8891698074767,-1511933.8237586885,-287469.5640356344,-181773.160889712,-97317.86153426694,-18406.765900275164,255199.3716037371
1057,76.52676818923199,18.923320913477156,21.104167090110337,-59321.513402496115,136658.84708279814,-52940.141768827016,-206734.40143796185,318501.40070361417,15113.136370273649,-359495.4241693655,-43526.550764478794,427419.1668453193,-252553.04004676372,13918.294209593867,575600.222446355
1058,78.49210870608051,19.293978092148574,21.10413713845874,-21774.33362407107,-46353.307972797986,-437433.6877283662,-146992.65619787906,235335.29369295645,33100.54842759752,-564287.89150995,-93103.30281198781,151829.8649967025,-546317.659184749,-4430.839732765394,183056.65515851404
1059,76.52682168883874,18.923385462097965,23.645823656765792,-96801.07481924356,328483.1215503081,-84970.43621906445,-233456.48216789862,254600.9214360938,-59920.24587908651,-240425.3249859785,-151089.13931192717,538226.0748099057,-216154.6034380385,-29548.246934391864,588793.7724512764
1060,78.49216342970173,19.294029316763076,23.645772961048323,-44058.99323175847,149877.6037696785,-193201.79453007472,-167037.90159770628,122930.85760587413,-16798.00977551165,-241814.68190421094,-120172.44617790151,274603.94408995763,-318284.9035849251,887.692228506279,245627.17076591455
1061,76.52688675920618,18.923445275417958,26.187476886484035,-134429.12404205857,511714.08103846293,-76699.31497919586,-251753.3588214961,193778.26071920258,-76506.76842347143,-221889.5289563509,-134771.421405342,657246.5923789011,-154560.41145167997,-20151.303227037388,626423.3262119524
1062,78.49223037680994,19.29407408582753,26.187419606624054,-117497.22238984352,299026.06211195776,-93684.0780112211,-175568.66754510303,48690.99981859403,-31756.846692322037,-183674.54644763315,-98556.92535720453,370076.2335157308,-167647.68376734288,-3850.979981010338,310406.041033041
1063,76.40412024844163,18.900328741486298,28.729133886940325,-20432.23037525217,741829.3054402362,87145.62553413218,-187284.00125911253,154986.25138984082,-38219.74278215476,-63999.093005772396,52424.80279452625,820116.9908103626,-58054.98685918636,351.4618383557715,676534.6282141709
1064,78.61513308321183,19.317275931873326,28.729069959084445,-297533.90547626145,353915.9893100846,-186978.691473277,-137292.85878235745,-33554.448991580226,13265.116024256527,-325581.1547903835,-188893.6506069933,383878.197757923,-65768.86321339277,4024.579235157039,366741.8243534438
1065,77.37569491818206,14.343729506544715,22.562499969600736,-67305.41307895913,96571.26721168924,-61589.539210226016,-128446.80926332407,231643.04010483637,8753.130133205637,-264761.7343760556,-58429.474488543885,290867.5237871034,-191289.710759915,-10557.12483237023,427703.9549266036
1066,79.34219128568766,14.708256503858866,22.562481969564345,-21978.547594824184,9495.625345821332,-303665.62515601557,-103049.39644789627,174422.0343832984,21039.17869006737,-392034.96597880387,-59998.071585305785,135884.49015909125,-382119.93299661187,-6530.901591687696,196282.24805288782
1067,77.37572186907924,14.343768318550618,24.687493566102393,-83649.62410493781,235616.788502027,-80632.6482029588,-151684.7454320106,186129.471613195,-43639.32224155448,-179106.26393501158,-124467.8895236891,374908.66965283116,-171004.97949465425,-36867.14304871198,442086.98796236387
1068,79.34221868459566,14.708287680499282,24.687463478270864,-26372.205449128815,155332.3183758384,-141518.15802772267,-121985.72627528071,88139.31244273207,-12147.993469167193,-169879.78448638754,-78199.04312968823,235520.78251506266,-234113.57677175733,-5683.5413961176655,235631.16005920968
1069,77.37319369704076,14.343328881196092,26.812485055546396,-94028.99128680734,376947.1829861564,-67807.07372836003,-168814.40797093773,140749.05292507645,-55766.97014229492,-150593.7994632065,-107678.95425759915,473383.87169179466,-127370.09149599833,-26135.154892633807,470483.94595540623
1070,79.344812867909,14.708788179362783,26.812450485994376,-69525.65296527,261168.3957154598,-75643.94358215058,-131660.88270198693,31730.69267863977,-24129.30059892471,-119302.28404643979,-75605.39589545995,310906.47910993895,-133827.92007519325,-9936.553666678996,274442.0516131578
1071,77.25032172449777,14.320573681603507,28.937478649015958,-22337.670942386234,535986.6006307395,48809.21322716262,-123644.36893524909,106201.35094296506,-28221.138064731625,-48900.48824183762,26736.50756111455,584622.1235962387,-52924.31536582575,-9761.058839474814,497206.05247705255
1072,79.467754020188,14.731591152817156,28.93743945488005,-181769.00895678738,302543.9138546764,-135246.86671852964,-99737.77419437705,-22406.603285154684,6000.176033348996,-201540.64255762912,-136378.57172525223,323447.2524622406,-57610.299061229234,-2281.448272922642,313179.9992667204
1073,78.22410329454053,9.767224416663558,24.02083198986637,-57323.858281495646,87426.07774626071,-74920.84563155251,-87366.73000471618,143891.20064203677,2621.852245336996,-179167.02892047967,-59526.036352476025,193874.43910616828,-148026.28069780138,-12292.975904152443,308440.40738306456
1074,80.19280088845198,10.11945236477024,24.02082230344312,-20621.908522694135,35322.55613355225,-205895.58525295637,-68252.99484915037,105604.40569411275,9591.550514155948,-250572.96567098267,-45549.842889533254,104927.87091841773,-268387.6387071475,-5763.29237400405,161260.56218477193
1075,78.22411519046584,9.767245304042648,25.72916058655795,-67133.06911179236,188239.7522984496,-78258.00810762627,-100494.94744054879,105918.7702605759,-34154.36152027166,-115277.03105924933,-101552.46648726,259678.1726255404,-129597.27333216318,-30596.551515562092,322086.1205741543
1076,80.1928127778619,10.119469160304593,25.729144925942848,-22818.711347590863,138071.51955125772,-98857.00862099582,-78329.6988404875,42024.69732429529,-13514.490344545738,-106090.24447602747,-54448.61011083078,176934.65416952953,-172259.69512454298,-6577.078045100613,187850.49366621478
1077,78.20617052320449,9.764133206998707,27.437488206783854,-60944.2369103003,283825.4714835895,-55750.9981732766,-104508.79502516633,78283.99643449682,-39923.45022527104,-101143.8422861936,-63919.02976286128,332193.10844906734,-98199.67132306025,-21526.842355064568,339847.2090496563
1078,80.21078506767698,10.122612830417111,27.437470065557868,-53197.03629845251,204617.38391993922,-61314.2568603016,-82956.47496713443,4173.163986072746,-18914.975786451076,-88346.16358870079,-50852.28853684512,229304.5428867311,-103605.57378202729,-9171.697645291875,210779.13032130437
1079,78.08314107456881,9.742132502204836,29.145817023848707,-28787.970299358,376436.60810104146,9541.165633624041,-73643.35682884051,58438.759266884976,-18223.961160074592,-43138.77555518865,1452.2463780533885,398876.332612443,-45368.098834228345,-8838.633842671014,356760.4010275552
1080,80.33384332704408,10.144637502933453,29.14579657196945,-103679.46645299431,232670.85763850773,-86165.86513472708,-56537.9925428823,-17853.67419148202,2331.2133861449083,-112941.82617479555,-87136.91599738025,242904.26822296216,-51162.11180740297,-1961.2358822430258,234343.20881349905
1081,78.66994818152044,7.19326266131812,24.895831400532977,-70642.36683607209,-40206.27890543456,-109418.05303211272,-62381.52489100497,117453.78751763285,10226.090861185918,-212667.38730685358,-70529.5079817784,62930.196515012576,-112613.0381102374,-21365.761911641053,238493.07468465596
1082,80.65193007406023,7.446421087805536,24.895825783777305,-28148.418846446686,-31710.545625546925,-195020.279368317,-36723.74070734622,79538.64918502182,5403.1676917077875,-229161.25923090632,-47454.22020890879,21736.23559950456,-190920.76857212305,-7921.960783200177,128563.97150836427
1083,78.66995395763352,7.193275376129314,26.35416064611603,-55061.691671863446,46355.739006787866,-100391.26385604864,-57760.632094838365,85722.51905514729,-7693.88492561812,-143771.83776712534,-70626.36878458835,105300.99003058951,-98864.99825678459,-32123.624017107988,261797.35216127813
1084,80.65193554579528,7.446431343936169,26.354151902040492,-14719.530766851682,25625.441165075164,-134330.65587055334,-34322.02437684685,32752.99214669719,-5983.710175592561,-140782.22947549383,-33279.004271706486,50636.48827487053,-136358.41787174248,-11730.807736665074,138106.1889291529
1085,78.63639663411189,7.189114067986228,27.812489552569573,-23793.475169251462,119856.20537529477,-71271.16206294752,-45041.82341064701,52242.575257989636,-12295.352501999176,-84630.37809416585,-36614.79638714206,146036.74262440382,-73386.93408449202,-24715.27923939743,279028.07477364986
1086,80.6855054961259,7.450611688255255,27.812479310138407,-14056.762531415097,57150.5798339257,-100956.2768236991,-29682.89541573089,-9002.429247902859,-10920.272187648818,-103351.15850530975,-22547.03523424421,68035.73421836544,-91024.66630722834,-13640.897119478348,143885.4551999011
1087,78.51252909261949,7.173299406865387,29.270819199404514,6366.830613866456,177216.08551262866,-33102.259395018795,-17522.740698572903,9579.480571964872,-8007.676968943278,-34844.54876756283,5826.981722752808,179498.22377628626,-40740.13283894862,-13645.844192973329,288959.1874984611
1088,80.80938593090264,7.466440696029971,29.270807901803877,-16342.320166399666,78230.29620966679,-80465.80128747501,-10065.437197028872,-37040.278983375836,-8185.863070346009,-90095.36518866177,-15563.004435217961,87080.54437967183,-47172.03338716752,-6021.05160264094,156775.99920927966
1089,78.71987136219548,6.572306691700746,25.187498105920504,-59082.8688288958,26311.420969423532,-98609.78483319299,-55571.66216169148,108988.2380055699,10260.376693917467,-174245.47367605646,-58476.11197199669,101340.35295538786,-106744.20470098236,-19738.3932367166,235195.07612512092
1090,80.71293593679394,6.738698426052938,25.187493413043445,-31391.45368961865,-23567.738722432423,-184937.5335655027,-39167.72699934339,79820.59544996069,6259.0077716540445,-220077.05934362084,-48650.369590913615,28830.70295698066,-175156.489677965,-6520.45412478987,133416.4566790827
1091,78.71987618987839,6.572317772293035,26.562494094668853,-47521.923898036825,105250.71637652561,-88425.98295347542,-51221.02494225882,82792.39176445347,-4690.214666551758,-121746.60424893477,-57403.20666726923,148452.62044121735,-92416.63379013717,-29100.89721196029,257017.92635945405
1092,80.71294036462827,6.738707525031631,26.562486839218142,-17823.45257616988,38559.93632657263,-127208.4107563135,-34656.32857096138,36185.4795979806,-3360.863830027194,-134893.2660292547,-32852.77352689368,61274.11255023765,-126525.41895258315,-8546.459901725984,141869.13943712483
1093,78.6809542836809,6.5690774362233135,27.937490086390753,-19446.730699668988,177892.46265577927,-58639.66159602636,-41694.71101804051,57109.29111119652,-7341.332435039718,-71807.33308505114,-27525.268063073887,199138.67150820896,-68609.61208607956,-21354.87218754359,276943.1851513259
1094,80.75187257799452,6.74196461828696,27.93748160451816,-15731.46966293921,78323.76989342163,-92370.25356259338,-29494.146098857338,-1373.2199196176878,-7220.871884351768,-93149.89637576626,-23438.04225415072,86809.98529780598,-81951.97196262423,-8082.3174598646665,150628.2996260433
1095,78.55639298671207,6.558684765962092,29.31248676997001,7202.738077198417,236620.8053484293,-20854.41545078055,-18147.54711387848,23583.9636790165,-3223.086121859217,-23081.61003414512,5840.049466139336,240210.68854285296,-34287.42018232281,-8370.86605395731,293115.5232426139
1096,80.87644448687118,6.752369975552643,29.312477511706994,-13779.74030785005,106960.0449624412,-66254.76161276668,-10037.317352376895,-23814.085361546855,-4764.4928334904625,-70127.41985336274,-13817.923535637097,110870.88643082429,-38729.078555499385,236.3185720403587,166755.65939550355
1097,78.77508566615052,5.91108184403136,25.47916501132203,-54973.12188763596,34365.1960221545,-92964.66580593532,-47231.72078716199,92619.69085676753,10404.112557723029,-152322.10539986947,-53863.31382870386,92612.82755715653,-98032.859978204,-19204.781120274107,216932.88616851173
1098,80.76865094948363,6.071244352105745,25.479161080762317,-27837.463477322635,-9513.687976431618,-166667.98107307364,-34872.9867041112,67108.29734446721,5911.226258581598,-193352.06467218496,-42150.10088753249,31483.033032889532,-160546.63513146294,-5794.049032435506,130557.56230282625
1099,78.77508967650687,5.911091375302186,26.77082773343531,-45266.91998454778,110408.53425255205,-87134.00915276512,-44625.83579964888,72350.19811746225,-1478.0871854194836,-113360.0908317807,-52457.21929029509,143824.91523731494,-89713.19761569212,-27451.52202175448,243015.93409666256
1100,80.76865454930457,6.071252418509464,26.77082167938815,-17029.200225814304,47254.60299298864,-120790.19932655944,-30714.22906514643,31876.021221595147,-1824.3311590748283,-126767.545331048,-28339.33469285349,64542.08346451646,-122190.57667315495,-8325.186335745904,138681.0485655094
1101,78.7309648322776,5.907562363983869,28.062490750776764,-19211.317186854976,176462.47900246747,-56137.80588280653,-35272.33079295571,51004.34922541823,-4060.8846618876087,-67078.30141177912,-24853.615153878018,193045.27249846316,-66496.81246356273,-20338.140697512667,260627.71166687334
1102,80.81278765567197,6.0747960952605835,28.062483653957027,-15079.76097232521,85658.84840171976,-87122.52551826613,-25672.33362643863,-781.8787648687639,-5472.5102649970895,-87580.66186456922,-20788.194420617012,91825.41819631464,-78325.03844980164,-7307.553089369591,147601.0349197184
1103,78.60637121780621,5.897558089331221,29.354154439806024,3864.585020672952,229675.34158420522,-22582.578773906454,-14646.820725362444,20305.266758660222,-1618.923010684458,-24213.88437941388,2921.950889703919,232249.28132068174,-33885.5234996051,-8068.562657220803,275959.94861013396
1104,80.93738964268755,6.084811498411009,29.354146718680116,-10166.791708488774,114383.84988853728,-59452.17608577009,-8086.924957508965,-19614.100929823842,-4206.950292116206,-62136.766719495805,-10119.020862013405,117020.66967578756,-37422.79141278172,901.2781205521553,162550.31705305568
1105,78.81287556495919,5.421942715805988,25.7708315788728,-92490.16981641576,-115193.79031176714,-141230.2776802533,-63809.90327369062,106529.6866272938,16860.659703976675,-254797.3815249819,-90810.31205028463,-3306.54423316957,-94961.28534412796,-17970.557001477264,208219.34034310773
1106,80.80782580899978,5.563407175721777,25.770828166920865,-60220.17301903636,-127614.14660635505,-203737.02460808918,-44494.020148302625,88806.31968063318,9394.8085140647,-267468.6300062959,-94373.87491721295,-29728.839309971656,-154533.65342268004,-5330.169635638802,130567.83146199344
1107,78.81287906112657,5.421950988687932,26.979161421506127,-73193.14161742783,-5906.08609343163,-120129.64894620732,-58671.42368119455,80309.75311321527,3765.16356815823,-172118.6459794452,-82993.13629409876,55882.90561647715,-88639.26603619807,-25453.136296161552,236743.38364851425
1108,80.80782887287863,5.56341434880434,26.979156208000738,-39553.943874207805,-38377.567045463744,-144221.96560828763,-39513.18891457402,45508.1453807744,760.7961543765433,-162932.7621168859,-67043.09971463236,7822.385303559041,-120169.1705553626,-8458.4461621311,135919.15335619723
1109,78.76352730203607,5.41847457348417,28.187491197358593,-38926.908227902124,88530.86556109364,-74677.76415997508,-43061.53557921072,48676.29549672934,-1000.9528615221086,-90664.31927589519,-47852.33934528706,113442.85179439871,-64667.861526845896,-19585.702956750218,248572.18473606373
1110,80.85718751614162,5.566903695862956,28.187485079034442,-29442.093780359934,26552.742131776722,-98531.4227131635,-30541.013648236938,437.45362666558935,-4300.739459837607,-98816.97467759805,-42623.95431916304,40020.15463501436,-75881.40749855379,-7326.710624869064,143265.25743372546
1111,78.63884630619386,5.409638141946675,29.395821637164232,-12163.940128709306,163308.5749021432,-37787.37375706972,-19189.877712684694,10675.245101139963,-760.6966950406301,-38355.148790927095,-14231.736731337976,165944.14653862925,-33762.270301817196,-8362.535844846429,261640.44483615953
1112,80.98187510733388,5.575749965707771,29.395814996633103,-18196.790461354834,71680.25580173773,-65251.5389603997,-9877.021794691987,-24495.26042796598,-4518.957363478673,-70233.92052026626,-18311.80817341094,76777.65507366043,-36828.943922085426,707.6226926263632,157363.34635753278
1113,78.83393385223805,5.095539925748145,26.062498128215076,-85239.58865237886,-76330.32734524226,-143613.19317513073,-61172.96888782785,102349.19402588652,18502.00869915992,-235669.224814385,-84155.37306881622,14641.488710449396,-98776.9831422002,-16727.903788225107,214303.67128759925
1114,80.82976829147208,5.224536165986376,26.062494942923784,-61622.405942833255,-118493.36608940324,-210932.3591937093,-45560.34375827245,91406.8857356462,11274.928583367524,-272583.5261004382,-91850.73475168752,-26613.87037382006,-158137.03173865867,-5655.959326164166,136536.0455497703
1115,78.8339369999548,5.095547248352818,27.18749458820203,-66769.12450186267,19390.91158928205,-114465.16585535288,-54185.01888568245,77278.9381137252,4408.015071986925,-158443.62379646322,-74779.28236021759,71379.52738874729,-86482.45398120902,-23305.356365251573,236835.21028653343
1116,80.82977101542993,5.224542581419275,27.187489842548967,-38693.8380018408,-29944.568981783108,-139409.65639877127,-38401.56774215673,46360.229762988005,1136.590597416292,-158246.91528306477,-62298.873003407585,12497.724904077237,-115211.6958925561,-7475.428175681084,138712.47963390904
1117,78.77936663487714,5.092026259610822,28.312491405031334,-33640.24553359039,107777.67014115713,-67328.83813970926,-38358.91791744783,46967.22343419439,-32.27667118297274,-81262.36188448657,-40088.54950425676,128159.49785660084,-61447.138115281414,-17610.773052698183,245611.12216800178
1118,80.88434741074786,5.228075053614728,28.31248587572455,-28554.42424023703,34421.35575387205,-94129.51415443566,-29000.908738554706,1342.5117049966584,-3928.857949442961,-94365.3668658426,-39690.20237959085,45792.98660463284,-71716.10614267795,-6067.213785996599,145400.03943695
1119,78.65462999422456,5.083968439588721,29.43748884265814,-9814.353512706388,177772.12717447552,-34009.79692177181,-16931.344821107854,12032.48876927268,-179.29628647564746,-34716.94841636289,-11296.21713274735,179961.14228910755,-31908.215988641467,-6763.964797988721,259475.71444814384
1120,81.00908985041376,5.236141631053844,29.437482860176225,-15776.201982274964,80550.55747934453,-60325.85392600586,-9280.280306876379,-21174.249253166523,-4448.651403140744,-64130.751139842236,-15813.792613711035,84393.04532461701,-34779.48993179529,1873.6245662852014,159317.2440693588
1121,78.85507019069072,4.769141968856872,26.354164569376657,-84890.84201798507,-65317.63498322398,-152517.1245390449,-62672.47078261008,106203.89319326321,20299.77917173028,-241586.1617144884,-84141.19463865431,23001.754812888776,-101883.59937642464,-15595.642791744642,221169.11522082772
1122,80.85163281975824,4.885660047706352,26.354161595096755,-58620.83004428751,-94841.94655057185,-210132.06160520128,-44797.33162338612,93277.64738671023,11759.391143049943,-267196.00640033244,-81653.96744246336,-14744.8643572648,-159111.92217594103,-6238.776449942388,140297.25491657088
1123,78.85507295823395,4.7691484703781235,27.39582774408942,-65068.6397419016,23544.506510577972,-112153.46996036993,-51824.93430747433,75362.34647295401,5119.066610435981,-154074.80690698966,-71949.06383469808,72346.2675499942,-83813.44122930456,-22485.109631581272,230019.7306407738
1124,80.85163518248633,4.885665776023655,27.395823449742835,-34840.125827791555,-11694.50783579428,-129365.01608063515,-35274.37706342491,43843.23114179915,786.1013483850106,-145267.78575689188,-53053.679948286364,22421.815960957218,-109739.75232707169,-7506.244984999153,136516.20251070187
1125,78.79528188866138,4.765680830916721,28.437491621827263,-31506.80583690641,113307.81564096682,-63302.80835171303,-35430.48838016595,45138.23414043325,998.9749475062767,-76369.88727002489,-36511.78314760102,131379.87186997329,-59222.43806128302,-16844.506152615442,237585.7514050224
1126,80.91143136616483,4.889143534214625,28.43748665278956,-25594.539386361183,49253.666387482575,-87728.76363987726,-26382.66897433807,1189.4056716452174,-3859.27582610172,-87969.10348336009,-33755.257986311815,57654.724830915984,-68655.45946680995,-5867.088391401864,142949.69081275008
1127,78.67049927772729,4.758402417975828,29.47915604586283,-9980.765208724515,179985.83184094905,-33171.47351011818,-15829.467205543075,11703.021790772184,338.8797736875881,-33875.802247563945,-11215.84223781054,181925.23760748073,-31990.72747049155,-6965.0233584337675,249757.78554955358
1128,81.03621895876012,4.896429692795698,29.479150689782372,-12214.38153222229,93854.08039443202,-54429.46692225328,-8128.410705662298,-17513.326129542973,-4386.032357086733,-57100.24077514256,-12111.83863342923,96422.31134852825,-34348.67073412817,1568.5706752687638,155035.81128240432
1129,78.88056282049035,4.279207666694788,26.645830929237366,-46371.314728078025,78929.56755715169,-104294.13182088663,-40554.65835392384,73852.68736744636,14320.930718688005,-138668.12441903504,-45263.18419391047,112195.42962113245,-101636.9445514222,-15433.113429387176,216657.46104581354
1130,80.878159397684,4.3770051156978536,26.64582837332845,-26942.69228622712,23593.829828222064,-156712.15078217557,-31074.442047037795,60590.45272717468,7569.431579452808,-176993.92132091097,-34888.51230197046,51821.42038270085,-152066.88379451865,-6820.664133943327,137343.6286879377
1131,78.87536221833778,4.278975017099076,27.60416144980676,-36632.171214648755,126629.30578591488,-77064.31717497288,-32631.698295715752,52577.41683928394,3242.8724989493453,-92128.41785645085,-39634.14384626358,144695.37909900767,-80451.04831051063,-21178.3407729061,219626.3327967383
1132,80.88336402261784,4.377248664104216,27.604157817642502,-14658.832369185195,72757.13842922862,-97978.32754912553,-23749.930416968622,25319.254015469578,-551.4060352057592,-101751.76401700816,-20306.75367134058,82178.49619926664,-103280.99213728795,-6734.234449478893,136465.47049823985
1133,78.81033814232438,4.275804443973163,28.56249213781014,-14857.618554607448,180251.58289478318,-44068.85099782637,-22107.692366468164,35899.92738891408,979.028645159594,-50248.014341637594,-16602.254559536446,188175.38224352337,-56341.696947229764,-14931.8549060958,231138.31252408674
1134,80.94839218693289,4.380427973513328,28.562487938406022,-12106.80026019577,105974.88915587383,-69174.21544609526,-18152.129926113685,-1454.9811274831718,-3934.096818268203,-69486.88349765475,-14525.679402358544,108706.43634959609,-64780.9145586387,-4575.921921430489,143558.96944370662
1135,78.69069325746443,4.269933911579918,29.520823277256,-837.7879572225866,221665.08207564094,-23095.788041932872,-9081.417934688903,13702.843126696727,841.5333123541832,-23940.138017124496,-1122.0568613564405,222793.70095496657,-30862.879858451684,-5504.730007434551,243747.75396067183
1136,81.06804101171,4.386305099386363,29.52081879142744,-2933.4131970924354,132127.25459418565,-42407.637040850284,-4978.641033769895,-10771.206644158949,-3945.620981261698,-43515.018336189605,-2652.8186137935963,132954.04130622614,-32697.329706246783,2713.900177462924,155560.0854543721
1137,78.91092921864441,3.6163764042023465,26.937497807757158,-44695.470380742685,71490.75833523544,-100264.4007955931,-34370.62546069273,68295.6751422027,12868.356156958826,-130786.55364402589,-43577.91849585788,100895.35929878344,-98080.03566174781,-16322.39538223138,198092.65028491235
1138,80.90883130715682,3.7079320267038267,26.937495778402308,-26668.07341902983,21055.91046624747,-143562.86358633265,-26571.574043577548,58860.703016347965,5306.849065066779,-163734.70960242237,-33015.1525741572,47574.835637464515,-139078.08728300978,-7259.515960101889,128858.81233069519
1139,78.89532233286316,3.6156660329933645,27.812495203958296,-33069.37993155419,124930.16620785402,-72199.8610615347,-27148.213405452905,46895.60544325643,4306.6115880025245,-84907.25588001728,-34741.75708998924,139309.9381847717,-77134.7515527365,-19741.595277767796,205559.66050613753
1140,80.92444115186879,3.7086517103063863,27.812492332730805,-15134.277208005002,72858.31627332437,-93438.36802446132,-21278.78026726765,24313.578779257972,-638.159769327744,-96991.9965943527,-19719.25013284212,80996.91776805285,-97248.08987351462,-6603.516018363376,132265.13516906984
1141,78.82508521666618,3.6124511226284994,28.68749294231245,-15036.779234951238,174652.77406205254,-43810.61531943488,-17856.044714912125,30192.766346785156,1661.140779398729,-48417.700079448325,-16088.72583469892,180311.80542181357,-54092.08489929669,-13826.629361361376,217724.05476972245
1142,80.99468127623624,3.7118739565062215,28.687489624253523,-9736.242352615584,107314.81818204853,-62726.348429586404,-15465.887328576227,304.29458396687147,-3928.4083877019984,-63020.18753540061,-11455.215273145006,109327.63020839216,-61057.44201074133,-3613.0866494500165,140496.93308831082
1143,78.71582640116875,3.607446928858135,29.56249103989591,-1451.941252853023,213940.10355878642,-24217.506181816643,-6864.043923733762,11256.356636612107,1125.3173778331388,-24838.674724988014,-1575.775354348469,214685.10620345332,-30474.883144255207,-4534.261361000974,231610.73338154113
1144,81.10394295540974,3.716883677074059,29.56248755235396,-668.1465294332229,134193.1632710127,-38358.076016251645,-4499.7516190278875,-8206.752051344629,-3704.196843757639,-39146.62577507042,-406.91757271740926,134720.48407311566,-31490.799903298004,3739.9681388346926,153408.26336530095
1145,78.94110719171412,2.959792585414918,27.22916464542582,-42303.98971619848,69771.21446947154,-98870.54375243874,-29974.64949245389,63232.36564250863,11602.74621351909,-125188.47507123004,-41581.24664218115,95366.40271424549,-93734.17874348996,-15925.64436167706,184959.57446966466
1146,80.93969179920981,3.0326117607829013,27.22916305499004,-24478.30681452575,27344.657222767986,-130615.12318494108,-22528.902067140352,54648.114888492826,3318.7668986390604,-148479.85323705617,-29358.73904470463,50089.81950506195,-127156.47462688803,-7487.449953510877,121047.15349987167
1147,78.91508335737718,2.958897228032744,28.020828893830167,-29665.637986605383,122138.13465270551,-68076.23378040711,-22487.49362709187,42013.55277186731,4410.309867164862,-78655.123306321,-30682.210226829935,133733.59641884398,-72914.16429468401,-18174.357080121103,191148.9574787885
1148,80.96571771593828,3.033514682363746,28.020826683494633,-13796.161346933928,75830.59650867221,-85555.52889821352,-18351.385213470832,21743.06095996469,-1264.6058501193675,-88451.92698021125,-17288.36994099253,82219.20318472854,-89516.40866360407,-6149.598622639994,125463.01635445043
1149,78.8396161604252,2.956175039691039,28.812493680084533,-14052.668301672944,169673.40559065432,-42856.60427827735,-14344.346181986919,24943.658698719348,1906.2015873282692,-46147.38667861363,-14699.361368845917,173610.88105816353,-51415.60492977549,-12203.735467489845,203667.12724845143
1150,81.0411870234044,3.0362428762445917,28.812491149827906,-6790.567696655642,109818.7768154316,-55672.234057550915,-13066.70290104904,1839.9545743625415,-3942.78649332746,-55992.063379269865,-7947.675469546149,111295.71391004106,-57203.92620193743,-2505.8744606029677,134697.66257566164
1151,78.74073064979117,2.9525253659518866,29.604158745694058,-1037.7399951487678,206797.04580648904,-24480.591925202993,-4780.22117341864,9428.014963796473,1320.4278349624842,-24960.454818762588,-1048.6348926174073,207287.80359751725,-30032.229403405963,-3203.7822529270898,217696.73049191083
1152,81.14007454156736,3.0398971845789706,29.604156137449177,1839.324953915464,136095.00188903578,-34358.355746023284,-4589.5517400175295,-5521.624331257704,-3278.7857527239303,-34857.815918612025,2010.8269900460934,136422.96002549393,-30753.319871812393,4760.89518235256,147768.24737840827
1153,78.963167616162,2.1425141368480736,27.52083131848441,-28995.021940892577,97305.10772626122,-77275.2881614056,-20154.81938666278,44076.514978732244,7554.361819127383,-90196.00132070555,-28875.513760650712,110106.31270531933,-84283.82075869144,-15058.200046658609,165141.71915837628
1154,80.9626950434096,2.1840997196781093,27.52083020585159,-13710.378660177754,54923.52718196377,-99852.45101201718,-16851.032365287712,38674.63689170479,836.4277361384806,-109211.64928473526,-16725.037655601394,67297.38445010546,-108958.60538241538,-6259.115965860869,110659.7085544059
1155,78.92671796258149,2.1417916189743527,28.229162971697484,-18994.686032090074,138971.02691435,-54199.59085146013,-13471.146452716273,27807.462011726893,2868.8055517054695,-58696.64306611204,-19449.11897954116,143922.51207645304,-65502.37120956708,-14756.588293354285,175741.79816316976
1156,80.99914595172673,2.1848279642064963,28.229161459488775,-6135.955457271055,91987.6769677905,-68624.97826187275,-14720.146515653694,13098.18890348259,-1924.9637828884038,-69694.70947945178,-8296.63932557073,95218.09205366918,-78256.96482353698,-3316.372180417042,120341.66109566909
1157,78.84600821800862,2.140131645311029,28.93749455982935,-8293.639026038967,173623.13235635302,-37796.60631824693,-7241.615159115291,15953.673360351095,1509.4064828177156,-39130.622681293076,-8432.262085574184,175095.77177893446,-47478.56267273626,-8369.011268081467,190129.1745195419
1158,81.07985699979838,2.1864925855457855,28.93749285820994,-256.42520637787675,117898.5491929028,-45683.305197413996,-11005.987448653357,696.1299324330386,-3936.5843662783604,-46022.302561331635,-940.6469923550488,118921.76834279764,-51625.67327732953,973.6631503536029,131249.94369066865
1159,78.75748881371061,2.1382597673809993,29.645826346047983,1719.5240331353052,199606.59724840953,-23897.98953434173,-172.54552195019158,6959.621656039484,1458.3674545457086,-24197.082834391418,1802.03255528968,199823.18202630483,-28862.890187441673,31.17103191206943,203453.9972866471
1160,81.16837766726411,2.1883682122296384,29.645824644024586,6422.948979101828,137464.42598128595,-29844.577154651095,-5388.657706937995,-3244.362057763618,-2915.3246617710192,-30157.818508839602,6456.786582861479,137743.82973171485,-29110.845806655056,7856.8332439718315,143010.728686992
1161,78.96977043059817,1.148810255906682,27.812498402912937,-20366.894290705164,90725.28767273009,-62275.222262742085,-8026.785523706287,26395.114444633546,2004.029852713346,-66936.97547273086,-20626.905502003607,95647.0520940173,-67028.50300466422,-11540.151820226398,138352.60122355187
1162,80.98518148353581,1.178126889782277,27.812497709688124,-6518.420988238155,55980.187100906005,-76181.44568911646,-15727.637660833976,25827.43072216129,1041.4974105879594,-81261.3944360149,-9607.78973649053,64149.50459605686,-83965.87190552597,-1483.3319800578554,98827.68553155239
1163,78.92290087236753,1.1481304567486363,28.437496967966435,-10176.480625475371,133577.00268696016,-45299.03438377147,-879.1187800890613,13614.715812265847,-568.6793529549556,-46336.28543869025,-10175.385828789907,134613.15894519357,-54369.975373747904,-7705.2906306249015,159081.9113309283
1164,81.03205173074768,1.1788106610833762,28.43749607482159,1886.3110606595183,91460.46050165826,-53037.59108770087,-16356.157184195054,6703.550833562342,-642.1200275916831,-53348.163027181174,-1001.4032970333848,94658.7467988315,-63161.49820706864,2588.498894567372,113808.77209404326
1165,78.84478463405719,1.1469956751254191,29.0624956103038,-1138.8880270061927,165429.2924662589,-33366.41557788275,4301.211740215949,6249.337837436451,-149.1356919541288,-33565.171684340865,-1246.9061680263085,165736.06671373715,-41459.35471156915,-1380.3089101575592,176586.98406457828
1166,81.11016872709818,1.1799486966292823,29.062494659936643,7636.244907333774,115926.87050401,-36046.46936259551,-14198.580944168947,-1509.0706361979421,-2677.278604604661,-36248.03392778293,5998.437307573301,117766.24266895789,-43963.32502583913,6929.497150154277,127099.23827448499
1167,78.76666816912258,1.1458606483988283,29.687494370762717,6084.092564736777,184674.06227163383,-24246.84436485226,8207.13923920008,3562.552197788585,1199.4382269479204,-24344.85431575359,5743.355993272124,185112.80879399978,-27837.58230945875,5018.221032247329,187583.02982203738
1168,81.18828572731847,1.1810864159766987,29.687493481390156,12132.234492143638,131675.93186505648,-26295.735464001657,-9481.272037723304,-2230.180217459531,-2408.2926827740666,-26496.95141485303,11560.069751270259,132449.31255678128,-27495.83529655724,12393.81587217337,136227.55324868907
1169,78.96864161302182,0.1584119150919374,28.10416548685799,-2253.7446707197996,101709.34572271783,-40869.637786753694,11680.237751399229,2374.067917736018,-5730.981352443166,-41817.80981198193,-2622.4744277085174,103026.24750493483,-46304.226467054104,517.092115347937,127073.04360172681
1170,81.0153996009978,0.16884876879423955,28.104165141240717,4723.7805825350915,64543.78980058831,-46392.93373910432,-23113.20327565733,6395.0785117464375,5438.55040928919,-47714.33862263608,-2000.6154749683562,72589.59074162351,-58539.756127600056,3034.136984682795,94119.00614609795
1171,78.91135315218938,0.15816567826155853,28.64583096283745,7350.759250867042,135699.05432752578,-26054.83329370233,20116.51236723541,-4552.366625702938,-7715.60416151702,-27750.89275343183,5772.701031108977,138973.17200701335,-38876.52231673834,5026.018919059863,150561.14212875473
1172,81.07268832434289,0.16909738938659888,28.645830567333654,13273.216937153407,94257.35890240184,-27377.562586406002,-26186.20360446583,-6083.301399133594,5304.588948618527,-28127.55946830123,5878.587932851211,102401.98478859925,-45258.4769851561,6752.017173072364,111501.90677421319
1173,78.84364918639088,0.15776769898215554,29.187496728134374,14272.842589381398,160847.18642377388,-16955.26468125744,24704.634535181758,-7911.502783750485,-6794.643729080334,-18415.60336278655,11245.648362775823,165334.71933190845,-30321.040473437628,8932.946668684139,167952.5076635293
1174,81.14039264195046,0.16949736486522327,29.187496362019864,17546.183520366605,115562.03925746857,-17345.2194772516,-26417.121497440687,-11241.471410908545,4606.232115468233,-18473.513057230764,10979.042876405207,123257.4734814091,-33274.5282675699,10069.71590158778,126094.30251165491
1175,78.77594509738557,0.15736960817048887,29.729162548515404,17157.18369128977,177208.55272280108,-14843.580895830397,25060.963604655666,-6356.820325347118,-3291.1892194224815,-15261.681035476464,13508.464662184258,181275.3718915527,-22498.490122665076,11602.684533820027,179236.58755799918
1176,81.20809690852639,0.16989717111107258,29.72916226773485,18784.2741235955,131647.68391577154,-15513.03054076872,-22239.466847706353,-9621.208080556753,2807.5068446389696,-16197.627288589547,14590.116413021256,136526.43837416655,-22848.243156993125,13985.778892031223,137318.66920070603
1177,78.93848399047988,-0.8217081462212038,28.39583225042962,2425.8547786709205,65041.18618334975,-32671.419969881736,23673.326935078254,-4364.769713884495,-7946.43342017456,-34393.04025811341,-4216.0582369986505,73404.71948725103,-40453.64487090067,-411.99329829043523,84366.38857092122
1178,81.03715178227293,-0.8505492776849158,28.39583217774747,4118.2897720937635,46280.86086013999,-31785.582547111015,-28271.28293815272,-150.20098572414125,8447.893838164393,-34262.51047720619,-7757.369792339193,60633.448354668115,-44436.52054640667,-3504.7125472222356,69650.04212321712
1179,78.88119951939971,-0.8209784721401872,28.854165113230508,8626.910328017326,81598.13828605067,-20476.300805026698,29435.837679103784,-5901.899373975508,-10477.51151119564,-24000.41803653253,1028.950955101595,92720.21489047227,-35982.3857231833,2331.720606989333,98394.1527115202
1180,81.0944364316042,-0.851277704375213,28.8541650540228,9820.384241204325,63462.71317228171,-19030.19917305922,-31866.477595008215,-5337.276817284041,10411.233742126784,-22780.20883234627,-2133.3056002198427,79166.41267299296,-38086.89098217451,-1010.4971456332156,81477.90930062477
1181,78.82391508159012,-0.820248937041719,29.312497770914483,12445.68598092116,96615.62986413421,-13496.805584514539,32779.166670449835,-7265.509863903239,-11799.417708563587,-18364.676888299917,5111.807178406154,108817.37997043459,-31302.514994226512,4212.186924686985,109862.21323983284
1182,81.15172091620352,-0.8520061785995663,29.31249774557186,12509.721151603306,77668.06376973295,-12583.058740320244,-33832.963155780475,-7554.1004387604125,11726.285940764152,-17681.066513480033,1952.6941858051266,93323.09850869092,-32582.780239458127,1033.263180398565,91663.72652372759
1183,78.76663060044174,-0.8195194300956241,29.77083046296974,12096.84119109999,110221.13746146216,-13253.850378815649,33753.010594385254,-6185.442508347529,-8471.430088426958,-15994.696926862502,3819.987667809374,121238.83753279968,-25716.95679765426,2223.446721938588,120120.29967195453
1184,81.20900530133576,-0.8527348012402057,29.770830489219865,11758.34148469064,91379.4803745223,-12279.841166028371,-33754.339059666694,-6469.553048722497,8590.900524012983,-15288.646286234502,1682.6781566600441,104463.94882275915,-25682.003647679605,82.21682698403633,101617.24940498173
1185,78.8792163643305,-1.8108838974729964,28.6874991463988,-2823.296840887044,24191.959053692015,-33082.87162739477,20466.732991052682,89.02036059532783,-6183.1278482961425,-34646.14171401117,-12394.657225863857,35326.589525285235,-38413.594213320874,-7519.362122771071,43070.16181839291
1186,81.05051920082744,-1.86073206437909,28.687499155195926,-1080.8599754651586,26581.910900376104,-30664.64195154415,-22100.497910005448,-271.97746379293926,7360.315665886029,-32898.26148242058,-11297.574694775669,39032.24515056303,-37972.89295404474,-7468.999432970596,43883.67786692614
1187,78.83235374653526,-1.8098077385814004,29.062498751190486,483.2733992282083,31783.112487505576,-24086.933480523112,23152.696822157384,-636.2032526373915,-8308.717240166523,-27519.702614635673,-8674.045019848509,44373.20004069487,-35296.123482940646,-5676.551090241818,49095.55848634933
1188,81.09738194660673,-1.8618076468359614,29.062498765770332,2404.5700628032773,35786.191058272045,-21555.203452241425,-24552.184703287698,-2013.3436162279822,9325.641412043788,-25610.818886738307,-7076.367049926604,49322.74360549878,-34834.5769204794,-5539.1978726908055,49949.77784872396
1189,78.78549116296557,-1.808731600808605,29.437498401298296,2034.5294450966157,39084.557831973,-18587.490196627907,25155.407580277133,-1202.8404057787018,-9815.078623633308,-24040.504501300726,-5661.875137991967,52233.97671973443,-32560.59422895502,-4657.627848092267,54451.90783612216
1190,81.14424453474841,-1.8628831357960123,29.437498421523454,3974.222320807632,43701.74631500292,-16076.565644274187,-26389.713825666728,-2621.6694317031547,10517.505268856456,-22005.249040676368,-3946.241583389322,57550.893615602065,-32026.17868243235,-4418.609385564334,55208.70391219559
1191,78.73862853377007,-1.8076556279784954,29.812498089478318,647.6194516819869,45416.00840084853,-16424.09767554103,27234.262114241348,-1360.033022715057,-7433.647199469757,-20975.40179976469,-7930.379392612037,58545.311369366216,-27825.12501986,-8486.824122684895,59477.57949863781
1192,81.1911070426199,-1.863958794789477,29.81249811719919,2532.481237476728,50167.352891220464,-14094.30449545454,-28329.722540197898,-2663.382544076152,7846.472877307856,-18864.789173922178,-6314.769118854852,63785.087926019674,-27196.061795366415,-8317.71159806758,59885.1383454676
1193,78.82016301183832,-2.799038314834962,28.979165977197205,-3834.2110348062224,12836.156223168235,-30959.74802433191,12961.802757767264,-507.6307742228048,-4912.349588329992,-31899.60707098821,-10124.85569706103,20066.65993207934,-34343.90769449259,-6605.193610410321,27339.244198162334
1194,81.06367199112115,-2.871935189847386,28.979165981636676,-2520.1893232875354,17709.060321290865,-28181.684819631286,-13205.555661403194,-2893.7766322345783,5535.2742748340615,-29325.405116516686,-8380.80660874018,24713.397903628906,-34023.66126119914,-7150.340205069941,26169.71980571698
1195,78.78372365239612,-2.797908532283925,29.27083220782351,-1690.4157864733006,17783.21016336007,-23443.096772108805,14221.260027442551,-1535.9262053806804,-5973.487784727356,-25095.67326177275,-7890.498486196433,25635.869352747148,-30793.4713308544,-5997.594738926845,29953.659276308863
1196,81.10011122863976,-2.8730646576825585,29.270832211786303,-339.1526707398516,23119.398248144775,-20605.96104113115,-14469.043012825532,-3800.3007601736226,6447.433344901293,-22487.509833809752,-6110.45387230496,30772.24824238849,-30326.94467652792,-6491.301680704073,29098.642913238084
1197,78.74728444007745,-2.796778773873311,29.562498722299804,-1053.6815597045443,21359.685325585597,-19022.081250028248,15494.936800051219,-1673.1297059422943,-6317.1082539583385,-21315.13547365036,-7072.852970291438,29671.910959794594,-27476.00150818937,-6402.316742667476,32233.74723662837
1198,81.1365504442513,-2.8741940235778145,29.56249872499251,242.74559604340538,27008.040622899513,-16560.620309774265,-15684.51542902991,-3721.4969814728493,6633.262431851572,-18941.579694996646,-5354.04517832827,34985.79078249357,-27127.715193310345,-6865.059006043733,31516.233611310818
1199,78.71084527267287,-2.795649170485524,29.85416526839486,-2392.4623676329556,23106.217967721557,-17001.809701261234,17243.26649361055,-1487.7484248376034,-4511.244301164338,-18705.681112672086,-9615.392740204763,32033.019751704225,-23068.430828163164,-9559.894234792539,33944.47682462026
1200,81.17298974099488,-2.8753235431812545,29.8541652694586,-1292.6513209713157,28899.28997767196,-15324.619034964284,-17247.93976152145,-3110.792015374509,4727.008456325205,-16920.10846485776,-7960.382809850613,37162.51089644474,-23217.247386916777,-10061.70370758527,33032.19504266781
1201,78.74295238177618,-3.775048705175659,29.270832564253592,-3621.9850262102777,6659.538790912344,-26907.808323797704,7155.075946916978,-1941.3978133159278,-3048.098126017037,-27332.44103834764,-7127.596263560663,10589.782742812673,-31924.532741420702,-5777.128835449048,15509.870968311894
1202,81.05751876389522,-3.8937188350485235,29.270832566609464,-2615.211340610219,10769.416896269639,-22981.192313730444,-6964.822488850338,-4565.915483318225,3480.199829639456,-23912.49290213739,-5477.491380402042,14562.997524468421,-30791.268138426112,-5945.191262907177,14442.492647574438
1203,78.71694327500593,-3.77376774300496,29.47916589032216,-2127.815974377222,9677.08842159694,-20536.44608657019,7972.249252491226,-2506.837323307253,-3638.757349084381,-21263.911515430176,-5853.53338949247,14130.271265572175,-28693.608666827553,-5848.868771009739,16428.26319023026
1204,81.0835277511849,-3.8949994971366495,29.479165893130723,-1247.2447695950386,14080.614265509987,-16919.551873426826,-7725.158600864514,-4939.310250162925,3950.5179555983573,-18183.520175387228,-4252.782054176502,18350.119852051852,-27328.87706062098,-5912.411809194755,15875.934987120369
1205,78.69093430382739,-3.7724869177631035,29.687498986642094,-1866.7856615681749,11384.508179584289,-17580.59083797848,8865.952971501036,-2218.4128241786093,-3689.874523353689,-18406.10046429537,-5877.742113064006,16220.97425739701,-25447.631050180138,-6436.6342509600645,17336.983366094788
1206,81.10953672778584,-3.8962800452787256,29.687498989639092,-1212.9155405747551,15970.437924544956,-14764.34884689924,-8517.50606975912,-4258.84974963991,3899.9588734835197,-15945.536551591109,-4380.16828708581,20318.87837574788,-24351.491637217936,-6455.540237052807,17078.184049168685
1207,78.66492535147256,-3.7712061033213202,29.895832101790614,-2855.2533432818773,11879.355598985538,-17326.66264656999,10051.758809145582,-1306.9563221131648,-2606.62150881176,-17790.334919618006,-7646.850841439647,17134.625370191327,-21846.723350143926,-7958.886175467468,18209.510263056134
1208,81.1355458108193,-3.8975608524717824,29.8958321047105,-2531.238791232121,16631.339546944524,-15694.008087982093,-9515.18915829621,-2710.680289255082,2787.081724075519,-16282.136301517736,-6213.897739015077,20902.126708263113,-21486.339051242787,-8011.023073210149,17959.656728214606
1209,78.64669338562697,-4.760281660026392,29.562499430374327,-2631.9630303430313,3231.645516474563,-17884.511467983277,3601.39590051185,-3115.5565452116916,-1003.5136575914212,-18349.7538219457,-4331.362420618419,5396.287260712374,-27967.363558165922,-5503.727276211445,7181.014402524389
1210,81.03295138439069,-4.904715659719072,29.562499430989657,-1600.9710414749866,6743.541373203983,-13233.74520965227,-3346.7853944472145,-5989.525133104588,1346.8605855677038,-14904.74742160549,-2740.791469145544,9554.364012827766,-27870.3539187248,-5325.951693160594,7462.872223376607
1211,78.63109689721821,-4.759337614402669,29.68749933906364,-1468.7288782503833,5461.8825465964,-13300.394089169957,4171.8123708502335,-3348.346101047538,-1497.7372733823713,-13930.783725481393,-3426.338265876298,8049.881570533755,-25370.858036477824,-5462.633639190367,7892.48309004794
1212,81.048547752785,-4.905659613020738,29.687499339599135,-623.6695072919483,9161.35407788462,-9208.323085054439,-3804.2621218004588,-5890.686617500394,1672.506992654628,-10964.927368218017,-1918.141131956317,12212.429985712572,-25290.924087751537,-5305.845910451765,8198.988908207477
1213,78.61550053735576,-4.758393572597592,29.812499255771776,-1507.028411684415,6415.294766495332,-12986.861525849738,4812.576386471505,-2645.5520256639,-1605.116591953761,-13425.939496651461,-3768.5824646487163,9115.926790261361,-22956.211485676344,-5609.369939862123,8649.548905907095
1214,81.06414411741858,-4.906603569780039,29.812499256192226,-981.018448593642,10188.284655977794,-9968.065055095296,-4322.373529254207,-4645.58965259366,1731.728962534063,-11051.432618951118,-2456.318807602252,12746.952578842225,-22886.515247799056,-5465.78874392032,8972.820253733065
1215,78.59990418243245,-4.75744940880732,29.937499179887794,-2564.6434894214917,6336.5557961698905,-16138.7232481389,5580.432474030719,-1228.901705599701,-1109.3142879698464,-16258.285528486223,-5232.288078603873,9123.762665699589,-20696.027539050978,-5984.936826722586,9405.314026067588
1216,81.079740602053,-4.907547529101254,29.93749918017522,-2473.4520476996154,10102.699152989406,-14608.743667624005,-4946.36078591076,-2454.598290335879,1320.61285610056,-14910.495828254874,-4167.634401531882,12098.633667452541,-20642.794337942607,-5855.033043341879,9731.32579794074
1217,78.54988826714757,-5.756193733880653,29.85416631235576,3463.9663244363073,7428.617747721073,10334.610187751256,1780.2113461591111,-10652.970220913092,358.8881638710204,-2304.0207976180864,3847.6692064676704,19683.545851059054,-23809.162062948857,-4846.136071882639,3566.1321532590287
1218,81.00892962071394,-5.9050331065302375,29.85416631228724,4380.104831407338,9737.119709160695,14695.271328783518,-1467.480939256527,-14473.744079453065,-1101.4771213938004,-2927.5800596468125,4838.879306784351,26901.196622214014,-23829.151565024746,-4812.056045013983,3662.57718959878
1219,78.54468939453025,-5.755879095411481,29.895832786074106,4199.393697133402,8999.28285296553,12552.948627030564,1983.1568082713761,-9759.105830401682,-189.4520890539807,335.0978262351602,4599.49693999398,20817.030410900355,-22558.44306039917,-4668.9715923887725,3849.9934525539825
1220,81.0141283699948,-5.9053477178680644,29.895832785962504,4879.061480569675,11177.730822624286,16039.438388448803,-1590.155238079924,-12730.016330418674,-542.5511287227345,127.5760904479845,5383.635830477063,26585.018770717725,-22574.67415571546,-4637.8047410364425,3949.7308129597795
1221,78.53949064733058,-5.755564457364481,29.937499510867863,2669.7806384000373,8265.708465884525,5802.095467405852,2208.3830685298853,-7099.260865385924,-400.78747705176045,-585.9824374958796,2762.978669586863,14560.58833959943,-21349.603475053125,-4500.890987512738,4150.476196572223
1222,81.01932711881672,-5.905662454570254,29.93749951071486,3044.011554987505,10255.51654607985,8146.261136354515,-1736.3066940367657,-9073.519147140043,-85.67327752373116,-378.35424000622976,3388.2719539513128,18435.871523476795,-21364.84628092095,-4472.832341341891,4254.675913259878
1223,78.53429190048536,-5.755249694697729,29.979166236696003,-934.2969472305981,5420.7155873058555,-9163.856506326465,2450.2079301380345,-2820.2480338118075,-154.00093251735777,-9700.815883385123,-1699.7484240949307,6723.126441228848,-20194.32424007881,-4343.791785820401,4462.611889664379
1224,81.0245259922416,-5.905977066589669,29.97916623650472,-917.5484608657821,7178.686392210929,-8168.024410907157,-1900.529675059005,-3626.226231600472,144.4067086526674,-8991.342869622908,-1290.8771501142776,8375.333540175174,-20200.80532402818,-4316.001437349315,4574.05932251114
