element_id,centroid_x_m,centroid_y_m,centroid_z_m,sigma_xx_pa,sigma_yy_pa,sigma_zz_pa,tau_xy_pa,tau_yz_pa,tau_xz_pa,principal_min_pa,principal_mid_pa,principal_max_pa,affine_principal_min_pa,affine_principal_mid_pa,affine_principal_max_pa
1,0.31790700136771266,78.76415939966928,29.854166363755155,-6199.545342065754,-108315.65181381721,-80727.20082540381,191293.8915011004,-273728.795795197,1357903.2292667213,-1481069.7282413393,-31210.97744763305,1317038.3077076857,-32552.461149578176,-9431.472658637298,126697.4762651473
2,0.3487003569498192,81.2275073315754,29.854166365976525,6614.829099215818,-67025.5258402637,-39841.690292994186,-195396.35531631194,-167401.22836366628,-1361135.056091062,-1426301.8609890088,-19018.52804017946,1345068.0019951463,-32310.94668805818,-8874.731255463497,130422.99003283892
3,0.31784189122868634,78.7589515073347,29.895832811671145,-8631.722320393503,-109769.45005205451,-94362.00130330707,192807.30472776864,-192465.93615153132,979289.9612857493,-1106173.028404324,-35359.34027691439,928769.1950054835,-30132.466577800406,-13544.181367156398,127609.94605020684
4,0.34876549786554567,81.23271522417846,29.895832813043164,10972.229760696326,-61583.062939851145,-26535.304271677625,-196870.47021231617,-114863.62749211039,-980698.0615001256,-1038245.7000050744,-15558.731688791915,976658.2942430337,-29573.48025913174,-12794.536451760921,131284.24665900477
5,0.3177767799872239,78.7537434986813,29.93749950916081,-7633.663080458631,-108485.48760374328,-93164.58133952126,194449.8183527585,-115576.79271783149,593368.0719805872,-722456.0448776614,-37862.61362077098,551034.926474709,-27027.163204650402,-16585.75656826204,128315.43060587479
6,0.34883063695138006,81.23792310821261,29.937499509928596,11534.317660828934,-60590.908650232224,-27197.666343443918,-198501.24418513346,-66320.05514559732,-593282.1484800995,-659719.5442691611,-17029.29302531031,600494.5799616241,-26568.663554853425,-15862.77522566419,131984.8253535882
7,0.31771166736523826,78.74853549811023,29.979166207099247,-3181.9381054706573,-104354.42838251835,-76904.66234996075,196241.44375795792,-40629.1553537881,200412.9447402353,-355174.3191948469,-50176.95514186656,220910.24549876366,-23646.997807727905,-18929.48931765411,128975.23452688675
8,0.34889564909513365,81.24313110927775,29.979166207212067,8051.38837293241,-64211.872502323524,-42733.25743089917,-200298.6009175418,-19638.819911401282,-198866.6543213344,-317956.2106722193,-33699.53043517556,252761.99954710453,-23424.891137650575,-18283.02659979398,132573.8583674298
9,0.9849622164290599,78.79228176500753,29.562499494159717,-6489.919210372809,-121926.9938826872,-110786.97766926362,262508.5490062535,-112665.5426144791,630471.5749607006,-793919.069401266,-39831.19602716321,594546.3746661054,-47586.160569037835,-10703.219580946567,170844.40253940382
10,1.0148439739976967,81.18271870398917,29.562499518119033,18996.594768671508,-40580.760845938916,-27522.50900333532,-272157.5764287007,-21558.708002873434,-614888.2706870037,-686808.4352047425,-22449.414852747017,660151.1749768868,-44944.98504935463,-9364.366380834474,176104.06290297047
11,0.9847669680806013,78.77665793756827,29.687499292833294,-5892.650592210535,-117548.37296305416,-122351.45536652085,270800.5043977468,-80509.51905879982,465758.5339636898,-646555.9960018022,-48589.407735157016,449352.9248151735,-38896.01152545397,-13400.10134248484,176838.4618419144
12,1.0150394835411019,81.19834251811214,29.687499317844853,28184.673431189898,-26326.554741343065,-6981.676379940369,-280223.8132449122,-4517.24059201133,-452434.2035885333,-526871.3400865181,-16900.67835544713,538648.4607518718,-37401.81374464615,-12750.207250376267,181805.73275862634
13,0.9845717022131493,78.76103403282677,29.812499098926843,-2284.9743622362002,-113649.1827389412,-116136.72506221264,278607.18357977085,-54805.30663693162,288760.487163345,-495889.91272696113,-60078.05907447546,323897.0896380467,-32947.05854743797,-16931.630277728374,181312.53626581386
14,1.0152349685318103,81.21396616437914,29.81249912361438,29962.3064966702,-23054.13919876996,-9558.564412946978,-288067.1251502081,6676.761439175716,-278277.8918924097,-391042.5602964431,-22729.87908285013,411122.0422642465,-31644.974561840165,-16284.338165663328,186076.54902642986
15,0.984376417346627,78.74541029571023,29.937498909432463,4744.369263372118,-109424.48952059816,-91057.7494654126,286646.94933114504,-30846.716592270604,101039.62900068107,-372635.48714797595,-73474.24725035523,250371.8646756926,-28281.893508962672,-21304.494421268493,184897.57771556344
16,1.0154303025722284,81.22959002296075,29.937498934870792,24686.605433609075,-29946.135571012375,-34373.61336680407,-296394.3847751343,15528.854441016903,-93794.99502661912,-310361.38200418436,-42811.66936369167,313539.90786366863,-27053.039263172366,-20095.37672031967,189553.26189147908
17,1.6484545759406217,78.82045977459954,29.270832441700826,1457.4511821912674,-159516.45345273498,-143929.9046864353,341956.4700959843,-105947.0808645185,489711.226230682,-735445.4109939189,-54651.012583958334,488107.51662089844,-52456.291380867246,-6473.276183787833,245069.4289387304
18,1.6845525267429684,81.13787421253193,29.270832499239773,37192.25872492488,-17090.21102039072,-20408.902235752274,-366066.04313261627,20407.880933902296,-489940.3022098484,-593149.214022039,-37838.82350870921,630681.18299953,-59581.75826900043,-8913.591096188302,232434.4811977888
19,1.648031531457398,78.79442147710131,29.479165519143137,418.94513667704814,-144872.61594588903,-157407.14921026133,359833.6694043397,-78365.71636971725,375700.8407227581,-647445.7048941053,-72574.64744398647,418159.53231861856,-42956.66416324886,-9560.857692130749,253267.22531827772
20,1.6849759368624433,81.16391251155476,29.47916558199965,49242.7696949331,10080.931140248467,9639.29454964177,-379200.9596192174,32890.811113388576,-360756.47527817206,-477421.90267382574,-23000.31366690164,569385.2117255507,-46401.083724774624,-11244.739199058251,241454.77206768375
21,1.6476085483624288,78.76838330986132,29.68749836274269,5183.421710827959,-138414.0266171303,-146539.96490496738,374264.01833078533,-63639.379642161985,239710.18979972773,-553880.0550508708,-85966.72934127357,360076.2145808746,-36943.96646254175,-11344.287176737984,260926.76350032946
22,1.685399337846225,81.18995054933748,29.687498440288305,51170.33155960642,14834.784442037904,6457.384064369105,-392446.45838211593,39540.51443322504,-220534.44618329432,-401673.05215633754,-25194.40526892424,499329.95749127516,-39222.18407350064,-12667.604549489659,249281.3353180948
23,1.6471855692839523,78.74234536741268,29.89583121755087,14120.983987071348,-137927.5088713615,-113277.50339510555,388806.389147912,-49898.9447378116,89161.62272942117,-482715.14375028363,-91770.29455905626,337401.41002994427,-31050.201468219242,-15897.96633798388,268998.9063691795
24,1.685822827737149,81.21598860800835,29.895831316789117,43473.42890651517,1343.1316991245994,-27756.63194042071,-407775.2658132274,43155.16729252785,-72121.37306102556,-386872.6575128378,-41035.77487710905,444968.3610551659,-34166.64991365955,-16971.600258718903,256256.8364650582
25,2.1384474249811682,78.8477675401384,28.979165746053514,-83685.67879654409,-413400.0689092374,-245323.8144600275,794138.4886208524,-193973.2423675983,789855.7775812673,-1448334.886388788,-134661.6161062667,840586.9403292454,-41433.63983747618,-1929.5139643412697,296000.32400591427
26,2.194331146617311,81.09181789662475,28.979165767856646,13683.289011193478,-9320.428405736267,-9644.105761753312,-846813.9927588974,53186.019096617856,-827023.631876233,-1155072.3018720255,-62657.17896868676,1212448.2356844163,-68969.5482162743,-10360.77455323023,259280.6999179461
27,2.137503522908056,78.81132178849577,29.270831591371454,-83381.8857709334,-351019.53065754427,-291337.14713863574,864882.5334386474,-159003.82291627614,633071.9008940116,-1372934.7647729055,-160566.82038612108,807763.0215919138,-36838.68615331597,-3628.9089959134685,327356.4517303199
28,2.1952754024883934,81.1282637783307,29.270831608284183,43877.19984426062,71684.01462219517,60507.05981119862,-883539.8814872764,92202.08919348083,-610012.4310809263,-976373.1359025252,-22059.34449006356,1174500.7546702432,-53857.87291392894,-13460.062015903592,277632.7670919964
29,2.136560050932382,78.77487636895921,29.562497656058408,-73864.46494280142,-327159.4099653777,-271951.4643426587,907497.9585296959,-151614.70789507887,410239.2192474737,-1267966.779318448,-166923.9393934953,761915.3794611053,-32288.44331686226,-2301.653813155447,342459.0569171624
30,2.196219736337542,81.16470925414944,29.562497731226742,48440.24992865237,84887.2014409496,61837.3232254637,-914902.102648683,116377.98016668535,-370089.7746082987,-886171.333277216,-15454.63677399905,1096790.7446462805,-45157.19964659495,-10485.710853782311,290958.7515359345
31,2.1356167093624983,78.73843109455495,29.854163719963015,-59653.57937754956,-335537.11552138336,-208338.56393638428,943524.0642198371,-143523.5422283326,157930.40085289895,-1196583.5705043587,-163601.6685456454,756655.9802146871,-26315.832873304975,-4830.711903597386,359919.5177520852
32,2.1971640972976325,81.20115452976688,29.854163880471525,30407.148396021264,48565.516975416715,-7930.3357389336015,-949633.3113925362,131244.40953457207,-115143.52376215743,-910315.9968788618,-37388.96779704656,1018747.2943084128,-36575.24477006633,-13034.114468655782,306510.57085935434
33,2.465631202681945,78.87397093002144,28.687499039105862,-72351.49444712639,-424708.9389393688,-235056.35943627753,689845.4862067999,-161700.13481383573,521648.1813384069,-1185448.9186759188,-148247.84304702072,601579.968900167,-23827.235233347285,-1557.1275006258634,329167.1940334644
34,2.533488780071444,81.04478383671754,28.68749886615129,12185.514666382887,24531.482055923178,-45700.573321015734,-915106.5842376695,59293.34036615229,-691537.7827579692,-1113257.1405363432,-77191.36821911774,1181464.9321567512,-62598.64343858182,-3565.462415225043,279285.8678552361
35,2.464166525393848,78.82711864052813,29.062498130540256,-69046.3701772796,-352708.9046572466,-285388.38597603404,820262.3693344613,-146169.27723827382,468349.04940432525,-1231488.2093154013,-175822.57704032562,700167.1255451667,-27369.48497297492,4330.342986579118,391599.0268976989
36,2.5349539479770082,81.09163653079578,29.062497944841517,49126.13180612416,119225.43806962232,33683.02116280357,-990306.1272873122,100845.64254924926,-529051.5618896881,-1008400.7889798755,-31122.16455442249,1241557.544572848,-46018.86372720168,-7622.026996384848,316885.61466927256
37,2.4627025570820087,78.78026652894461,29.437497087591673,-55800.29514273325,-315015.31408423925,-262801.5446560334,876313.3485614553,-143889.71808348715,314765.0044765456,-1180416.9230125446,-176014.48702633491,722814.2561558734,-25672.47160362224,10115.238998059194,418314.2744804899
38,2.5364192365889435,81.13848886238368,29.437497052549684,55843.82538868932,132058.25126331975,44829.65104248467,-1033417.8990873233,129183.10432068419,-319770.09592892893,-960798.8379388219,-20066.576497953596,1213597.1421312694,-37425.28424918488,-2961.104678624022,333640.10165393853
39,2.4612387820482566,78.73341453584317,29.812495986734547,-43260.28694673756,-319694.08070444874,-213137.06622559146,908049.6747571098,-133409.40813634696,131548.11073979235,-1137775.5416755585,-175523.93948828828,737208.0472870691,-25836.09936173973,11967.835314198039,440697.275004706
40,2.5378846841691476,81.18534091889114,29.812496173529695,39238.95766121031,91036.00784211702,-17284.612421544298,-1067663.918439225,143593.17129998235,-88644.31348805812,-1004235.0972032516,-39010.750091311405,1156236.2003763458,-28532.62293083682,-1240.7003067293053,353271.4579595652
41,2.7967218527250086,78.90010708258389,28.39583243289257,-65020.46465353508,-435206.20223102893,-267820.5628150426,446172.8332897323,-152891.07098447563,267330.6321141405,-864288.1322156399,-177221.41041171364,273462.3129277468,4222.28101243251,23534.56446958142,427982.7534370464
42,2.868740749540802,80.99781767865444,28.395831796718248,15029.330798276547,54391.34649854122,-83783.3269153462,-817996.0455527934,49955.69447806154,-492530.69067178736,-917553.4626890956,-91001.09747839374,994191.9105489608,-53524.674453047504,7198.378980827177,316849.1772228619
43,2.7947365249349767,78.84285020750892,28.85416468951425,-61329.98070750405,-383353.08268628165,-308141.5614130221,668358.275170794,-152880.04451362864,315867.1681895689,-1047411.1877787721,-202639.33807276073,497225.90104472515,-8779.149419903704,35067.579892033056,514583.7699295191
44,2.870726863887583,81.05507528953679,28.854164012651413,49780.580118113765,141398.67970416363,-15499.154979609462,-945164.5456644122,80722.44888764822,-406333.3154043351,-918084.0207580609,-49604.08828490312,1143368.2138856319,-35439.49106755259,3743.6433382778264,356691.8125927036
45,2.7927519849483713,78.78559325678997,29.312496421528472,-43104.535211332994,-337370.7488982564,-268586.6708022306,754831.8270090859,-134583.28885009672,230560.91758423368,-1041052.7818849811,-197247.9557240813,589238.7826972422,-9002.655205675876,42394.30489672219,552564.024196749
46,2.8727130590556618,81.11233266172383,29.31249602917338,57190.85442441633,151257.5972950388,-2336.44862308335,-1003905.7874355185,97113.87334300415,-247520.2799973984,-914981.1967221076,-38447.55230394869,1159540.752122428,-24288.13483517252,10746.547931836163,378432.0759489649
47,2.790767810138961,78.72833644276756,29.770827996842844,-31072.754168473177,-331085.7122812988,-227129.53919728033,785517.9918172114,-95307.21722553034,107123.35430174893,-1006568.2772060164,-201923.36213046507,619203.6336894293,-16356.096403731042,46292.48849515811,574363.3057726263
48,2.8746996871730595,81.1695897211977,29.770828037670107,46780.844409574165,117832.24270782294,-43582.73620613462,-1026413.2530500663,95383.71759953292,-55273.08743379767,-945505.6951690591,-52648.53200747396,1119184.5780877955,-18654.992158957328,23200.32485698975,401248.6343807585
49,3.1242869321118065,78.91387717552665,28.10416620260887,-74596.39482509982,-444680.5164781498,-309847.8103273647,58665.92074347942,-160983.51944680692,30612.875877744056,-560703.3444344676,-203083.23397080312,-65338.14322534381,12297.074199144383,35465.07625827735,464302.81044451945
50,3.2073622614371766,80.95905369387914,28.104164851088292,18.283247263267185,22035.352695511458,-145328.2305196555,-655832.3862576435,16406.356602343007,-309794.34719954594,-725679.3726595247,-126737.5549771396,729142.3330597836,-59883.10340596089,18757.008773462367,321034.62849099585
51,3.121976598049743,78.85663284090533,28.64583110241204,-66437.45321676724,-435982.3130272583,-338609.7463591833,328191.61645535653,-168358.65948891634,141296.3033341269,-744062.1218746619,-225767.83946031443,128800.44873176777,-4043.839259553245,51909.00271156554,582727.7626140772
52,3.209674322992237,81.01629938667107,28.645829578886346,28212.798352477264,105315.51003947997,-92741.49439749094,-812447.1890608021,30894.89982120207,-283937.160987234,-796791.9853216248,-90195.96137833386,927774.7606944249,-38023.36401599392,21788.34251321673,368516.4562316211
53,3.1192113453299863,78.7889816513371,29.187495797411003,-44893.80035026523,-399038.5517650755,-284984.0526058691,448390.1958121777,-119214.7083216842,132140.21588066965,-766373.359002251,-226105.54246390326,263562.4967449444,-7294.589143807934,60367.573655825596,637509.5905483391
54,3.212441774123043,81.08395152334612,29.18749465439897,40409.369369061096,129005.00480228689,-72185.83393585554,-895175.1261108218,25409.071773529668,-177106.31830671037,-828035.4657044931,-74251.6347251315,999515.640665117,-23831.036944086154,32195.76408264686,396601.2223367569
55,3.1164467665916025,78.72133045176228,29.72916023331762,-32527.6116980249,-381820.56812103745,-246076.06047209125,485721.69130274426,-37518.746788986544,75772.87050419993,-734666.876286198,-237702.72300214082,311945.3589971852,-14678.354406456421,64978.19884508785,657680.6576439658
56,3.2152096285989598,81.15160333284574,29.72915973687806,41292.25110503168,120645.92785652899,-78275.39263103373,-912352.8810028655,1982.3690388648188,-25622.0411705193,-832635.4886981384,-78227.96959471535,994526.2446233807,-17477.622352059017,49213.028313984636,416491.2467952627
57,3.4547662025350947,78.91503911566822,27.81249971679877,-99744.41511908916,-451597.1610886211,-337909.8332431946,-255137.4303719986,-168944.533489189,-88467.25868104053,-689131.4445104663,-234360.93354414208,34240.968603703346,-1031.042661044695,24241.47990408172,428672.48200560757
58,3.5429124915276744,80.92873368003946,27.812497668717178,-42039.372788298904,-39541.97438548405,-210820.08819994025,-549714.9663570675,-23757.973948036677,-193812.0556747977,-646529.2569706785,-174859.97730356856,528987.7989005238,-79928.36621335542,16976.564515220536,286200.36828275595
59,3.4527173780295746,78.86821002824968,28.437497815216773,-88619.89328770243,-486809.6495996058,-362416.91167704813,-27386.621999643983,-185746.60823262762,17399.819603519736,-620771.065574545,-234915.6618889502,-82159.72710086146,-14928.769848171876,40496.89928597506,552393.4975076239
60,3.5449650173830216,80.97556494960034,28.43749535707663,-4590.383138428093,28150.23710422741,-168234.40131692798,-692261.6450525764,-26434.743535133744,-194451.3303976394,-725975.4814351294,-138647.293937819,719948.2280218198,-53981.25691036189,24968.90145842982,330835.08592543995
61,3.449302076349694,78.79016058943914,29.06249531392101,-67039.3480033302,-474534.9060306539,-313487.24591532943,100287.79624643867,-122694.10421742949,55794.57253788097,-567103.2343679194,-247262.44220144534,-40695.823379948895,-21737.502335839752,53342.611413606915,632894.6678502382
62,3.5483836884906075,81.05361615937488,29.06249320561685,14171.096852725255,67724.71198505716,-136498.9387537445,-797983.7702891063,-48231.86287391282,-125041.75012201321,-781173.7743575292,-115627.09121387766,842197.7356554449,-35215.54337043992,37156.64660778816,366398.71851979825
63,3.4458871463802754,78.71211086623099,29.687492459474235,-52271.236350429885,-454416.772324377,-269357.83424329024,150052.9789159339,-18267.58113804862,50377.93589337559,-508907.11251000466,-271205.84844225756,4067.118034164831,-22135.2182623007,60744.106547762785,661727.5118000812
64,3.551802623655196,81.13166705164701,29.687491128469937,26987.509778614738,88948.02749572249,-107700.6005320762,-825066.0937824306,-81835.98786219655,-5814.369669655967,-773278.1018123867,-105141.2267365315,886654.2652911792,-24045.07190158472,54402.0935907449,384690.4784222866
65,3.785001606746375,78.90841195428027,27.52083315233454,-129340.76225033693,-477423.575126814,-361569.4603703013,-448850.9789986685,-181287.75613773995,-122236.73026768965,-877459.0714402434,-268909.719101124,178034.99279391524,-18090.74765576057,18801.87833474545,414563.7838935993
66,3.878705954528681,80.90620361744024,27.520830504113633,-57251.7676135209,-76254.91415793143,-254877.4654308317,-510240.5531513067,-55801.33410833935,-131185.97878550144,-624391.4557901424,-211904.38462907056,447911.69321692904,-96195.70913470442,12159.964939533209,273957.5401467242
67,3.7833123410367198,78.87199477859201,28.229164502108432,-120549.42797743225,-544754.7630566963,-388225.869008786,-292257.36276494985,-213201.26209379276,-41608.213980783476,-800633.4892229653,-291095.9325742236,38199.361754274505,-23561.930026287388,22333.48127286516,509349.13040144416
68,3.8804013546089235,80.94262386766201,28.22916114830319,-25358.47035947565,-47045.32843473743,-221667.4600961265,-615241.762393336,-74504.72412738559,-134381.41436393952,-697315.2012090224,-178315.48339051867,581559.4257092015,-66132.65375375598,21861.85955275279,309037.9334360558
69,3.7795403332556274,78.79135568359128,28.93749493691891,-96546.55718654013,-555439.4885528961,-347628.9627221466,-182971.99883397276,-155881.63153553588,13142.52698934709,-681673.6556540473,-299254.24100195535,-18687.111805580033,-34400.50240380264,37926.66423613211,601013.0313294883
70,3.884178395402598,81.02326568233872,28.937491786621024,-10672.19780378035,-11505.787980018791,-182905.86787702225,-723510.1409992662,-100514.89278383375,-89122.0781538768,-765468.1487381549,-152109.7694584427,712494.064535776,-44273.55810621126,35365.25118801481,346860.4914240001
71,3.775377704219936,78.70291332349517,29.645824934892477,-80038.01266589554,-542498.7897634133,-297004.1493678946,-125864.84870020632,-46919.67988956682,35302.91683526161,-579388.8822770759,-300380.9039611306,-39771.165558997265,-29229.792264507192,49242.762691554824,644850.4701776544
72,3.8883460389839106,81.11170982982009,29.64582258446245,10083.132568411587,25758.93488956565,-131531.1296453851,-762788.5691352823,-130566.95434926555,6158.900722438444,-757256.8065003343,-129463.85725961102,791031.6015725373,-26860.530828586045,53597.142346456,369559.59974841005
73,4.11167021815862,78.89206540250215,27.229166801735587,-150155.39753146865,-497017.98930740054,-374532.2907888213,-561999.3936528913,-190871.9589054682,-117713.64254207248,-992579.9353773005,-294270.5122510721,265144.77000068227,-33838.45743119575,16885.58296390072,416742.59426309285
74,4.217857361311759,80.88923221848692,27.2291635707737,-76358.14116011474,-96678.48612619203,-293392.1740401054,-523639.0765268289,-84553.60938818137,-100718.18037147276,-657347.2213795697,-246526.6570376769,437445.07709083456,-111580.687246926,7378.424064974633,266918.8560354515
75,4.1103080579213955,78.86606203766664,28.020830898175337,-141529.15994666942,-584245.0703495558,-405392.8327555588,-473168.2009431519,-237085.7830562005,-60404.68091267493,-980136.192372717,-321622.2388001886,170591.3681211217,-27148.98324346422,9132.925881472062,493729.0500071073
76,4.219228262415058,80.91523953830654,28.020826647796675,-55737.51394099159,-103497.22832826356,-266755.3816190397,-604471.7141050337,-119348.70510780258,-101367.72260838766,-736561.9795363207,-214874.14254924966,525445.9981972756,-77760.16514221136,14970.446773042151,292508.8971109856
77,4.106309729849054,78.7906496161183,28.812494570886294,-116425.05141284296,-609639.4639940322,-369132.1265883584,-405026.70747210825,-193436.3517122293,-6935.159114257376,-894422.0513620515,-328808.2621444474,128033.67151126491,-37903.20319086543,25686.6069032745,587027.5469410875
78,4.223233450287805,80.99065564904319,28.812490326739958,-36326.005940367606,-79681.92909254605,-220551.38715047698,-709425.3952035264,-147684.89639883256,-69599.68863494313,-808477.3900929847,-183088.3109170869,655006.378826681,-52386.030034464304,28610.098361060926,329483.13681304554
79,4.101042107048574,78.69183350370211,29.604157765464645,-100567.85483176805,-610766.8380791831,-318036.4346512074,-358012.4696912388,-94403.67358850612,27439.602608462068,-805814.6379924924,-318716.69280320196,95160.20323353556,-30604.80257461427,40104.15855859021,643640.8482867857
80,4.2285074738737105,81.08947448503412,29.60415425550691,-11212.921117548973,-38857.41287534942,-153559.05232225076,-760979.3930008793,-172404.13129172294,12635.683666242636,-806440.1828370553,-151984.4875491622,754795.2840710683,-29802.40585327856,47442.824297567895,356643.78049688647
81,4.441355350832122,78.87349168181103,26.937500178518274,-162540.20010794495,-507702.7782461656,-381269.78635641036,-627312.4262967514,-198990.86201055726,-95868.40639744997,-1055347.269853766,-314627.25880556187,318461.763948807,-47863.42393439625,14806.5882224986,424670.3921424404
82,4.553782228160576,80.87032669773494,26.937496407978884,-89796.76111983984,-102944.22228890311,-321847.19003608945,-565267.3122992232,-109002.93954555927,-82956.19708713914,-709330.2016202793,-274594.0601344666,469336.0883099138,-125751.92414297296,4049.980491908011,262643.4623287139
83,4.440482952267163,78.85789415920351,27.81249748649492,-151444.64749131765,-606487.1183107451,-415402.57252730534,-594127.5930932029,-255352.1342748978,-57998.50297307913,-1102201.4620768372,-343020.23022177705,271887.3539692462,-31787.713896300545,1020.4562399206369,495217.0993597624
84,4.554666379136315,80.88592892417313,27.812492389138004,-77090.67312031395,-139641.6727084339,-301627.72715755785,-638250.3309279482,-160292.93407054836,-83292.07416670803,-807165.2367585417,-244950.65247190403,533755.8162441399,-88372.09533802158,9166.4755752181,284900.2893940011
85,4.436534903211642,78.78769538856088,28.68749414817865,-125193.37677961602,-640884.3219408523,-378902.28840507596,-575095.9375136098,-225391.6577883883,-11643.93184690772,-1069436.3406736413,-343361.5544284582,267817.9079765554,-37463.00373521245,16204.698230090962,585685.3977668266
86,4.558623420586526,80.95613242528432,28.687488835618236,-56725.550241004,-134057.05575674036,-251970.2769087497,-745993.035890059,-194631.86118562572,-60069.63951941177,-894642.9543802349,-208900.24345872784,660790.3149324687,-58676.927192212665,21534.707916398867,319498.31510341645
87,4.430390134187054,78.67849541323707,29.56249034470319,-112373.10486859438,-659625.0749021705,-331123.0895080877,-552953.1853600149,-143927.186865023,25281.65289266217,-1020360.2219104907,-330377.6008218275,247616.55345346587,-28740.449627021306,32634.640980023953,651069.690609012
88,4.564776116333491,81.06533652583786,29.56248563889289,-30232.732756890946,-99992.08704604098,-173569.6808218214,-813107.0316038694,-215709.87993291146,16190.072134843007,-908040.0586805593,-172122.729901174,776368.2879569799,-31455.0666877672,40224.89176466125,350222.4688258599
89,4.767922700633269,78.85514250785413,26.645833513645957,-185347.13401311488,-539289.1357812665,-400835.66333480546,-705256.5800857067,-223910.65026971398,-78243.22558677664,-1156570.1545805987,-341527.30947139644,372625.5309228085,-60353.40703932027,10617.845738698103,424604.5148863903
90,4.892824060428645,80.85119656065761,26.64582920581193,-95067.48613538593,-92414.98264054995,-333353.5999825764,-577314.5830228104,-122874.4606049145,-57309.27361646189,-713884.0315631579,-293211.85055947665,486259.81336412224,-139077.56495941395,318.8564363699543,252430.1491069842
91,4.767637867612088,78.84994571501977,27.604164037852577,-172300.52060046035,-650330.6318651363,-441797.44299286307,-717305.7205367645,-292627.8582410702,-53921.45205870297,-1257196.1690673828,-373322.9791020862,366090.5527110094,-41372.304049366496,-6045.912860604881,491271.4471148482
92,4.893124008800663,80.85639914150231,27.604158076962765,-86373.220352719,-149123.9231581522,-320328.42321647046,-649172.907548101,-185962.71428435502,-62724.59452392839,-830352.2766023704,-265865.13289836573,540391.8427733945,-101127.05173259715,3000.0191670380946,275977.13237376534
93,4.763594368036309,78.78497206710337,28.5624936748297,-144659.53103248912,-692351.8383488797,-399123.29840175307,-747545.5190103792,-274895.5579404705,-13017.583910629546,-1277275.9126797211,-364409.5417813735,405550.7866779726,-41431.45616002994,4326.564268837242,570526.4663347692
94,4.897178993505547,80.92137891240873,28.562487245848192,-66509.8723473842,-160802.61493400304,-270588.28657153685,-757673.7389222268,-227065.33446675166,-49480.24204436102,-933568.0805035937,-225562.11412459047,661229.4207752601,-66275.39177982966,13316.682594103313,307999.13427606836
95,4.756085360131064,78.6654214722679,29.520822895212994,-136953.42643367598,-733340.655845919,-352284.7048001796,-760167.9483554119,-209120.11580375695,25163.07930237999,-1279189.1487966222,-350615.2943339142,407225.6560507621,-32792.137177631885,20080.205488691514,634580.4893822917
96,4.90469765905227,81.04093501851811,29.520816899717992,-40293.923635015046,-137535.96982863973,-185371.03316091045,-834326.2480043642,-245451.8102651261,20084.40361930951,-960581.5474727331,-184659.44692901114,782040.067777179,-34569.43378506975,30996.17303708097,339229.81888685806
97,5.257360715400174,78.82141233156267,26.35416671850212,-41658.852241391454,-281548.0983606281,-251397.13288285228,-373968.76912694675,-94837.37731321293,51840.54530950287,-561458.5492471098,-263430.34062638436,250284.80638862247,-78062.87823157512,9822.274270085201,461424.41941198474
98,5.400969999585408,80.81623688630117,26.3541613955379,-45030.283744778906,-63917.80998877802,-293537.2289650651,-322688.4944018569,-56585.14278742863,30841.98504774764,-381732.29526622413,-295774.8056206477,275021.7781882499,-167697.43964824858,-2075.3466162514537,260360.18516683357
99,5.257371334483834,78.82141667907548,27.395829838988085,-4034.2002215710527,-330435.44960859464,-276841.2519242596,-402210.95157636143,-134199.7633765323,32158.75868528452,-627028.1972078155,-269802.9149278256,285520.210381216,-50852.914066522484,-7962.037389073593,514734.6652604145
100,5.400978797225892,80.81624043815978,27.39582235929549,-13261.314304276422,-93474.81192966751,-258798.85042559446,-361832.5626096179,-92658.14220589682,-1140.4562249403775,-444380.4333090781,-238360.6819277648,317206.13857730455,-113728.05781418725,-99.61297394376476,280182.2910938454
101,5.253086903112521,78.7616795816732,28.437492663318174,42363.86503351727,-342989.00009847846,-248638.22794333185,-438673.6949410886,-132449.66592626137,38213.71963446625,-650186.1074446981,-246437.66042475685,347360.40486116195,-42677.567717720034,-2297.3712926946714,583910.065862335
102,5.405278059910175,80.87598596207964,28.437484403903944,1859.169880678699,-106657.56372544516,-219764.81647572352,-424510.7249302182,-120433.35720330285,-13699.66199039326,-514540.0236332447,-193699.396989485,383676.21030223963,-71482.20193550218,7368.3747965694265,309108.762219438
103,5.244117193014018,78.63700692551964,29.4791551694438,52163.67692010819,-370940.8467280349,-227276.27053704037,-461439.3300664695,-116106.20208790193,42475.63211617809,-679637.2123720918,-231172.6934528842,364756.4654800091,-30070.833134427132,12689.647930076906,649760.7627022633
104,5.4142597694295205,81.00066626167154,29.479147108577074,14179.78529589963,-100288.12656362238,-157541.39211396195,-473911.02521990426,-135529.45833425538,25090.60373714789,-539823.0194816685,-157681.83914074232,453855.12524072616,-35242.269902185544,22397.78720588657,338646.7160983745
105,5.9190243338422075,78.77168671360685,26.06249937243062,-45691.50047445745,-310333.49428343604,-288412.38313555316,-429024.0577297063,-108457.3463085747,71073.68077962121,-633160.6392309319,-307609.00408271654,296332.2654202016,-98219.59566307013,15197.64619302203,527036.1608549703
106,6.068864996825216,80.76606247192807,26.062492559947273,-57237.07261714091,-62486.272168833726,-353083.08140097355,-380555.38051233575,-69089.24590013242,39155.60767015608,-445822.00359952945,-356263.7875177091,329279.3649302903,-209588.07460526327,-2103.399387299368,280942.29454636725
107,5.919037833622331,78.77169281513987,27.187495361043016,-14762.575350333966,-353084.07139658264,-302881.2393772086,-480223.3522932906,-161044.30884793127,48111.37380597678,-719903.8125608203,-303193.66274686845,352369.5891835635,-64652.468594030914,-10048.855524547671,545274.8558216733
108,6.068875639282994,80.76606777294938,27.187485665108152,-25681.074270766527,-98562.95744944792,-294566.65826524183,-431947.0010485246,-123007.51898860844,-474.3465865238489,-531604.5519657605,-268870.37131055834,381664.2332908625,-129767.39824668788,-2985.5349165565203,284452.06482818385
109,5.914951459172825,78.71716523243926,28.312491052618626,36687.08935968949,-357154.45449020853,-262262.43492914276,-547480.4635156946,-167604.88353818873,48607.93176323964,-766439.447589297,-264347.89902035997,448057.546549995,-47644.651343371326,-8935.26853436496,599356.9362099309
110,6.072980846655943,80.82060718213685,28.31248022609619,-10244.672767098571,-118312.41732549515,-242833.3363373166,-512631.5344143247,-158609.4640387133,-15181.413526893151,-623756.1136532665,-211834.87503421545,464200.56225757167,-78011.68537757761,1170.591179937269,309638.8086238126
111,5.9055942513457005,78.59252231915976,29.43748658593602,51124.98771071862,-388416.43500954774,-229274.28507462476,-596410.2980928419,-161756.67774144618,51997.10493084348,-822560.0737580108,-236574.1485114206,492568.4898959774,-29700.81783148932,3276.4682538816937,661594.2229608926
112,6.082353148540117,80.94526098298931,29.43747567790008,1351.9625501443152,-118754.26324753939,-171942.71945910764,-579179.8013060439,-178048.25743790227,24278.21747566303,-668937.1868014683,-170499.86958635793,550092.0362313235,-36645.10372546215,13367.536287096798,338225.61652110005
113,6.580690263421516,78.72198080385922,25.770832171346214,-46895.23025875288,-334322.7475478093,-328232.81253496214,-502966.92743035714,-123432.80869883498,70926.81788320949,-721963.0888834982,-345086.0375996308,357598.3361416047,-114148.49458272138,25788.843236498942,583668.6870801859
114,6.7367585727130885,80.71586868231006,25.7708236116686,-63419.33566973964,-54422.52973552271,-415397.43298639427,-439525.9793498137,-77949.35137239656,37885.478322383875,-507667.6386855474,-414578.3507476582,389006.69104154897,-254074.68365146648,-295.01303462823347,297097.7535999952
115,6.580706069196327,78.72198924497083,26.979160884830172,-26558.225469505356,-373701.5690991452,-335836.6498239423,-566358.8442195843,-197531.85516797943,59553.41504320038,-825118.5619627307,-339557.2387863077,428579.3563564452,-78125.28623307348,-11197.705312746837,578019.1348536613
116,6.7367708175926015,80.71587633992371,26.979148627642147,-32461.40203948191,-91634.51368124396,-325457.23346397,-500017.9980674185,-152555.71535813945,-2414.0435600220476,-609311.5643928051,-292911.0980561529,452669.51326426223,-145357.36732974937,-3527.022911636754,287171.3815388987
117,6.576866334254648,78.67266893189098,28.18748932490894,28991.975337890966,-366060.3344024177,-278814.18367639295,-660669.236832078,-211820.65016018358,57497.509357474555,-889272.320210252,-283850.82292888034,557240.6003982127,-53352.25017152072,-11904.402890155061,616140.9840593026
118,6.7406332194555985,80.76521296074239,28.187475663967753,-16471.84921148418,-112852.95787415022,-259515.41691324706,-600441.9719601315,-194446.6650118979,-17279.217784687542,-720223.2965360957,-224182.59307531727,555565.6656125315,-85220.83907377852,-2695.923619721571,307135.3213337126
119,6.567121879252026,78.54805858632534,29.395817849830042,49183.53966796858,-396608.7544604087,-230468.9955393166,-738716.1393720795,-215775.23468767115,62395.107756521335,-971011.0574235814,-242194.27052658726,635311.1176184119,-30090.481827997017,-2486.70965311164,672543.5779330604
120,6.7503960064703055,80.8898384224962,29.395803810883713,-5355.425859250321,-116204.1425122629,-182462.07616909916,-685374.6378147679,-219950.41244854784,21933.388203767365,-785324.9236575568,-178548.87143190618,659852.1505488505,-39807.069034153275,7065.173610532936,333297.29279764136
121,7.069674318188764,78.6821939947622,25.47916571451696,-269318.21328224614,-678037.8955493746,-590543.0313097946,-1148990.9164045646,-399672.7142640176,-58860.628646611054,-1744961.031657952,-521548.40936203377,728610.3008785702,-120656.79415927384,32649.58877234973,603463.5837136479
122,7.244423385499414,80.67450217544072,25.479155797278548,-145653.62805714997,4035.5581731732527,-569277.4620303483,-969454.0872760561,-274933.4961928639,-54409.706518975225,-1136015.4355282749,-494968.7400303096,920088.6436442593,-281532.14705436287,2410.491951695859,306154.8673509025
123,7.069691873723621,78.68220456279064,26.77082676591545,-269506.3796159869,-756006.7886428167,-614526.9077820706,-1320350.5651597923,-589916.5395034907,-32571.192486846492,-2020386.609293983,-535190.6151520369,915537.1484051455,-88399.66733169011,-12676.451746053715,601071.8230927016
124,7.244436995905839,80.67451199370123,26.770812369236857,-130260.45231636826,-87934.26051996942,-480584.8007736957,-1130010.3435829035,-465615.9225432778,-72238.22616961761,-1400170.881945087,-372867.857068429,1074259.2254034828,-161105.03906347812,-5270.2322007578905,281379.43975592556
125,7.065855277585003,78.63811285295459,28.062488144129915,-207380.1675827328,-724319.2106792191,-494524.76647862664,-1577686.7391947748,-630812.6187116476,-6576.095705065406,-2206042.871005866,-451411.7200088515,1231230.446274139,-59098.27492161985,-15227.74574778562,622375.1472732944
126,7.248299533222891,80.7186240898701,28.062472139454034,-108047.11314835887,-126715.06101657948,-368477.9615583534,-1374749.9090709835,-553261.191862914,-64046.64945253285,-1646943.2413340267,-286449.51469128055,1330152.6203020157,-93189.2485504211,-6255.0642529028955,298922.6029173247
127,7.05494495212416,78.51360326501778,29.35414986288847,-169564.48075245682,-772808.8856346158,-377929.2386290737,-1801436.960264886,-645098.9121934326,46779.620928978395,-2405924.5975181847,-384035.15994911606,1469657.1524511548,-32380.71857213276,-7551.9775365516125,673243.8828036677
128,7.25923087113331,80.8431527670032,29.354133228730756,-85437.86815603584,-125855.22389346854,-235836.49748892325,-1579753.9963759913,-601059.1855558399,11228.119095417895,-1802264.6185021028,-224221.4298693934,1579356.4588330693,-44361.68354586777,2351.777586720627,324065.7369612545
129,7.395317114372566,78.6515365436469,25.187499331169064,-256568.73028502555,-638509.8276482022,-567483.1622875067,-1162092.228360102,-398362.8519065864,-46217.83932184028,-1723212.8714620324,-507915.0281019824,768566.1793432801,-121352.88743889739,34647.52480576451,597632.6620337527
130,7.582517114634752,80.64275273198128,25.187488670051756,-145370.44268043514,43498.08292864694,-583585.4594493875,-1060890.1398721724,-310120.8864551566,-59351.06703679241,-1219391.36565624,-502614.1592144577,1036547.7056695222,-291136.68078786356,4905.257381376504,307314.6628761074
131,7.395336273493111,78.65154874228426,26.562493467883833,-258863.5740663352,-720081.1268278027,-609685.7423334171,-1338572.655830868,-610413.7242032689,-15357.598396952413,-2015453.7180555467,-539361.964318269,966185.2391462604,-94251.6744784709,-11643.347460717046,622476.1790813457
132,7.582532031544064,80.64276419239631,26.56247763642721,-132288.33649546586,-51037.54290368044,-503041.8488079655,-1243916.5584838565,-535118.3460393619,-72833.83866176958,-1520846.6778396284,-385871.22546411195,1220350.1750966287,-172284.61814507702,-3357.245045677837,289303.78262338263
133,7.391697365590504,78.61266976076746,27.937487534634045,-192046.51462113232,-672739.5083178848,-484234.57295889786,-1606066.1450648787,-658745.0316736697,7704.438756014978,-2203125.4177696896,-448258.95554838213,1302363.7774201573,-61655.24555524524,-14484.533156305177,639846.8795472846
134,7.586200038432446,80.68166698216734,27.937469895766554,-108747.59859762559,-87768.61992164674,-375891.04636529356,-1527169.7183696944,-635729.1089156773,-65197.270510297225,-1802953.0665558954,-288707.53860777046,1519253.3402791002,-96354.93521074523,-5151.70502433945,306090.8860488707
135,7.38001045657334,78.48823007043909,29.31248215026945,-146222.28409485656,-704534.939279551,-356795.8289615741,-1848301.0950006165,-678205.461851379,56211.29496072448,-2409127.483585307,-368219.10618318734,1569793.537432512,-29781.265158353275,-5945.577540920183,693227.2828892132
136,7.597910487072195,80.80612901562375,29.312463700863237,-83539.68249690381,-80905.14786298503,-236377.27108605902,-1781414.3488098218,-698042.5968014407,9044.950806414026,-2003214.2386050194,-222099.0721017422,1824491.2092608144,-43507.99614671004,3887.064935459148,334748.91994140437
137,7.724075359929766,78.62063527888475,24.895832838147676,-263455.24858979916,-638972.2467732556,-569958.9874186104,-1243653.218204547,-435560.5980198913,-44976.64349807073,-1814813.0933449822,-509665.3227514685,852091.9333147856,-120484.96003179117,34912.12771714096,592445.4013784834
138,7.917494781983083,80.61124716169066,24.89582135458144,-141921.1475383783,67933.21902355461,-582031.5208480076,-1094181.0505084712,-327787.182438128,-52356.10614264271,-1241096.794763442,-503348.8073587456,1088426.1527593557,-296464.34854653914,5292.826029838697,303028.526263286
139,7.724096255638678,78.62064908465608,26.354160163784236,-269062.48547751777,-726013.4120494387,-630259.8140119184,-1440510.4832942197,-676738.1338943049,-12559.82250267594,-2144003.5436698114,-556712.5226836142,1075380.3548145504,-99665.72915709356,-14053.908564333615,626688.4811901941
140,7.917511023637557,80.61126025775444,26.354142855372274,-130095.80658119895,-22249.254642366534,-509411.1947071767,-1293040.6271111409,-570718.8256127064,-66052.85510596371,-1564921.4781524893,-392265.9574396347,1295431.1796613818,-183057.67319037628,-4024.6552213702707,286231.6729012209
141,7.720849534647489,78.5869668393638,27.812486911653906,-197366.1163434423,-664124.5811493986,-497702.2490232657,-1737302.1888259638,-734843.1568761575,12329.770393798111,-2349958.548150531,-461523.6007246876,1452289.202359113,-66947.41882856727,-16417.137770817353,645756.6388785556
142,7.920789905498045,80.64497011921954,27.812467622558525,-105473.80758170971,-53573.50255186787,-373502.40140784736,-1594598.538248984,-676069.4802647047,-59979.521042607965,-1861135.8189481248,-288052.9432172827,1616639.0506239827,-103018.20078571606,-6661.222918744217,302335.0100099971
143,7.708775627398376,78.46256671725143,29.270814392370863,-144396.92427840928,-687023.9918606775,-353927.1629584274,-2029539.0161306933,-765019.4245186188,62219.096598754906,-2595090.692744419,-368963.6804107457,1778706.2940576514,-31744.70431114207,-8379.251430110144,694240.2393191197
144,7.9328901180922555,80.76939629254429,29.270794120219858,-79188.5253214529,-42429.4852367399,-233751.33637833505,-1873664.2023346326,-744460.2936405076,8814.69799732885,-2085221.881196065,-218632.29697613843,1948484.831235676,-47139.143831631,1770.73984663965,329512.0019645619
145,8.04951745091641,78.58798285867948,24.604166549089115,-269188.0640559864,-623908.1604741403,-565562.8873552855,-1293713.9886912892,-464891.401124183,-37277.09134414331,-1863068.0515857283,-508853.9271270153,913262.8668273309,-120000.6311819482,34841.934232098916,592015.7208468292
146,8.255373219898772,80.57734698225292,24.6041541664337,-144229.2691084362,98188.96394070241,-587106.7112608998,-1141584.3923457053,-358563.8769724197,-48826.61055763994,-1284072.0345295232,-506035.77684375556,1156960.794944645,-301864.8537314777,5437.817269796424,301553.87982145406
147,8.04954020012436,78.58799829728707,26.14582660802395,-276663.6767719103,-708872.4676956311,-638302.6386855744,-1511301.0220640092,-732248.1336790884,-7080.929110994998,-2224555.816989967,-565069.3137037018,1165786.3475405527,-102430.91661554045,-16308.786536650587,631595.0633542989
148,8.255390804188727,80.57736178541258,26.14580772050924,-133620.17442036982,14049.445815814164,-518077.82579227386,-1364397.9675287062,-624459.7279060616,-63845.66110599927,-1638964.4114824603,-396602.17159982957,1397918.0286854603,-189997.724025712,-4083.4450884168173,286147.4048751602
149,8.04662082896938,78.55951975656156,27.6874863083589,-201375.8409944708,-631168.7518823732,-503042.8835611255,-1829777.29385074,-797136.1566466632,17877.127582986046,-2441604.2229208443,-468405.3138332053,1574422.06031608,-71223.80555106222,-17559.539022329565,655218.6724992809
150,8.258345364818892,80.6058719776774,27.687465280467933,-108315.00835389264,-8442.352380992917,-373630.82893208426,-1690682.2140907906,-735210.0016615525,-58464.69052056066,-1952713.795288409,-287127.5750252777,1749453.1806467162,-108436.37997592342,-7152.169421249583,302800.06751645484
151,8.033771343909317,78.4351994687105,29.229146881126013,-139809.8107593918,-637861.8346911895,-343003.1018086489,-2161834.4222647287,-835554.4174384335,67856.94086995229,-2711359.087479568,-362247.314821551,1952931.6550418881,-32478.529337816995,-9019.055709221993,702101.280799542
152,8.271223757186846,80.73022223446893,29.229124691539127,-80079.84207516043,12345.509888303204,-230845.9227626869,-2004830.2853483357,-813153.3766530162,6372.185780741796,-2207039.023918773,-213874.49077149286,2122333.2597407214,-49198.27614638288,1316.401152483054,330484.6382919085
153,8.377861992628826,78.55295556233355,24.312499980613318,-266014.4117303338,-605994.8901737892,-554834.0449899128,-1319225.91162174,-484005.7882294865,-24142.966578008516,-1877714.474817288,-505585.3793933434,956456.5073165959,-120203.03014506052,34656.35062833812,595497.8198218138
154,8.589933365049436,80.54167635461575,24.31248672209781,-143820.11129969245,127860.25533283458,-595087.0104430668,-1210585.1328884722,-397449.1188769668,-47901.793122302865,-1350310.1466594774,-509607.21367830544,1248870.4939278585,-307562.21796769014,5652.349462100665,301295.9852531111
155,8.377886709860796,78.55297271258706,25.937493287670502,-273131.16666180594,-684960.3097690797,-636096.0890299099,-1556941.192521818,-772856.820335855,2866.3174847915134,-2265824.694387788,-567409.8804605,1239047.009387493,-103933.3293779788,-18285.958832121447,638937.8012635715
156,8.589952316552719,80.54169294145652,25.937472813792773,-134078.16488686675,46660.19012812522,-529638.182321911,-1465205.2851220681,-694288.4889099766,-63649.45417199203,-1748325.018614828,-401312.9088953141,1532581.7704294897,-194926.65793638336,-3540.259704793706,289269.43442666566
157,8.375424392065378,78.5296853767618,27.56248569943178,-194161.92545034157,-594100.869642096,-501424.70279766247,-1891028.826116555,-841554.185116905,26682.99206263325,-2489745.897723415,-470719.9798537216,1670778.3796870364,-74212.63084981214,-17778.251955983702,668602.3012307509
158,8.592452985493086,80.56501632689536,27.56246292995549,-107093.7372681509,31894.09854939759,-376102.48454404954,-1823953.8762671489,-812534.4385173465,-57871.39050323856,-2087005.2994804827,-286984.13028812915,1922687.306505809,-112176.9008610711,-6538.328089850566,307603.21445782564
159,8.362188163691112,78.40540747827058,29.187479103123685,-123552.25429552072,-586054.0058006622,-327886.9649133283,-2252411.22817514,-884590.9978171199,75904.88052599962,-2774765.2699496765,-352243.4119674005,2089515.456907566,-31882.73572975065,-7908.40402543337,717134.1128975551
160,8.605720841866754,80.68932857045695,29.18745499274092,-76638.38881089565,61075.892938448684,-229531.40761285566,-2186747.141037015,-903545.3825304798,4401.741141337679,-2385353.882649853,-210216.10125422443,2350476.080418775,-49590.79952033426,2436.819462143407,337665.80810750066
161,8.70620839715451,78.51794782102243,24.020833393255163,-273802.60901568906,-607373.6559460255,-560637.6366112347,-1391133.4320311602,-527566.3570275271,-19186.153873716696,-1963330.2247036367,-512359.930290769,1033876.2534214571,-122012.40497396844,33450.02078175636,594639.1841593399
162,8.924491211689132,80.50598654526505,24.02081924378777,-141378.60502551997,149449.46509459248,-595458.1096704799,-1230731.3940548087,-417168.5243602648,-39595.40404234436,-1363036.2345563667,-511843.29020802776,1287492.275162987,-314825.9328005106,4528.784960969777,295388.76897842786
163,8.70623517388284,78.51796677199414,25.72915994828594,-281363.81681703916,-680769.4056495819,-650238.9954572659,-1661662.2651843068,-851036.6796542833,5769.219962182418,-2396515.632659615,-578889.6982461269,1363033.112981855,-106190.66465492033,-21507.929843821243,639906.4784670139
164,8.924511558165944,80.50600501553507,25.729137850736585,-131130.24519862607,75343.15225859446,-530672.9328978442,-1509352.6510269814,-733697.9840662371,-57529.074170799286,-1789723.6232308876,-402606.3967213454,1605869.994114357,-201012.46000395674,-4532.230421607238,286029.779895697
165,8.70427873675533,78.49986589249593,27.437485070042566,-197428.1003835364,-572556.2628975974,-511759.5178343976,-2028549.6211378814,-926782.1829856245,29816.984294001068,-2639802.6132059535,-480201.5000567845,1838260.2321472066,-78285.05095171848,-19717.312732515107,672993.950815449
166,8.926509887378922,80.52414648250334,27.437460521366013,-102434.10260518502,69840.41154390381,-370893.45173736825,-1885279.3454024277,-854115.2619175984,-52726.81502155528,-2137995.549457789,-284003.8304846723,2018512.2371438115,-117858.5953024759,-7664.810188051577,304575.98494350375
167,8.690656210378041,78.37563292243942,29.145811301660466,-117441.11073830447,-550664.0664705163,-320758.40223398525,-2446303.1062333826,-980771.011028904,81480.34001037812,-2965670.1164992405,-348893.89697498037,2325700.434031415,-34274.4728302308,-9520.099474763243,718952.2906966631
168,8.94016712324051,80.6484185145768,29.145785219875883,-71387.14918541488,105729.82009287528,-226052.25689246424,-2274420.1532346294,-950985.3172210032,3851.449675541098,-2460802.6823838907,-205636.80538138573,2474729.901780273,-53282.42256166597,891.9247420674927,333632.0748824633
169,9.03121638246387,78.48123033511992,23.729167066274425,-280222.11128663615,-591321.5082251518,-557674.4032618882,-1428557.8554592922,-559079.3759115783,-9762.404804397878,-2000555.4471177598,-514530.0673821076,1085867.4917261908,-124114.46112360785,32161.053717311646,594902.050051108
170,9.26191931184671,80.46786606539375,23.729151978814603,-143857.44149866162,182440.82019836263,-600138.0613618243,-1267428.332401267,-449980.65118523693,-34987.765599045706,-1396356.2505579926,-514277.8939243146,1349079.4618201845,-321783.57038006437,3819.803073212488,291204.6689227314
171,9.03124531013048,78.48125117251516,25.52082637919267,-288005.69933885883,-654639.5251488795,-653912.276024278,-1729298.3101089366,-912710.7857161796,11454.136865003602,-2472565.577545148,-584032.0387865875,1460040.1158197194,-108105.06380180943,-24141.269771694835,643888.5957552216
172,9.261941095786066,80.46788654064507,25.52080258151786,-134078.06533561915,116582.97111095683,-535614.0511538172,-1577612.4181811272,-792889.4279512204,-55839.769782026204,-1861742.5985703035,-403371.79123525316,1712005.2444270775,-206028.86224855905,-4909.739658272524,285595.5158727685
173,9.029778713339581,78.46833875122432,27.31248445564169,-200916.34427014695,-527777.1274589268,-513579.24867508607,-2122804.1974281757,-993869.0808708036,33992.76856029113,-2730051.0007981393,-483550.6716179286,1971328.9520119086,-81254.19812495349,-20698.771973073446,681486.2811344126
174,9.263453277477947,80.48084425422704,27.312458052486726,-104307.97011591062,122853.08666328149,-367443.0347409267,-1978602.6108916877,-917648.3259001892,-51431.86075313726,-2225228.1161073465,-280076.1946927805,2156406.39260657,-122093.15235989474,-7694.78921882461,306024.0417029939
175,9.01538194995727,78.34419585807746,29.104143763816428,-110752.29215847424,-485725.25403454615,-306058.7882257577,-2583030.9642292154,-1055960.3425015043,86098.26505394194,-3080032.419035515,-338408.3978903453,2515904.482507083,-35215.52569472557,-9527.96737090467,727371.929040468
176,9.277887820388834,80.60503115425719,29.104115612985915,-71891.50436641145,171575.71284616052,-221370.88965131927,-2407667.585823756,-1025376.119540509,780.598173132533,-2582270.235922964,-198829.70057873422,2659413.2553301277,-55206.45044696608,896.8030683530602,335912.4283345246
177,9.359096797383794,78.44210116058461,23.4375004978686,-277150.0211559147,-572530.9109522151,-547243.1768953373,-1439599.2329022135,-577712.6257143102,4636.259357051096,-2001142.7388019399,-513183.63364437735,1117402.2634428497,-126579.75209921914,30783.907593454398,596978.60534115
178,9.59600709000082,80.42801607436927,23.437484509028067,-142584.4612278792,216785.581886449,-606534.0912042098,-1328135.369499369,-492176.45320053713,-32493.410451827636,-1453971.630385582,-516662.53546543646,1438301.1953053784,-328277.8871787538,3487.8238963985173,287857.3757941801
179,9.359127991635386,78.44212399864237,25.312493073074123,-283398.6547921186,-625591.9831083852,-648802.5759904574,-1767252.7789681342,-954315.3752429431,22100.117408182596,-2504573.719091829,-584984.9179723383,1531765.4231732064,-109993.04136404478,-26184.497477021458,650892.553306221
180,9.596030366796047,80.42803865107923,25.312467584594767,-133011.51146542595,155769.26230736575,-544514.4529870715,-1678300.6219366256,-870592.613997431,-55451.102793836246,-1971587.9420339093,-405501.64668844244,1855332.8865772197,-210495.0473118405,-4618.088935792777,287888.46201357944
181,9.358232093203608,78.43439145385743,27.18748384215408,-193085.14108267357,-483872.84894345555,-509258.45349905244,-2182026.0979131097,-1038769.933427673,42274.79395185297,-2773487.0631605685,-483656.85099669284,2070927.4706320798,-83268.23397559616,-20580.74048726174,694739.8716090312
182,9.596975470798768,80.43582175641708,27.1874555913366,-100867.91899243332,171638.67605440711,-366526.80431064893,-2112621.4235830186,-1002610.1007551785,-50476.221197115454,-2358687.0532229086,-277086.6688005865,2340017.67477482,-125023.67339484523,-6710.4471315962355,311639.59340611857
183,9.343449320635328,78.31029646612448,29.062475976301037,-92401.68387208291,-425615.89703506493,-288300.73334116803,-2670705.9662882066,-1105105.2141370906,93511.25467188287,-3136543.9512296147,-325736.78040930495,2655962.417390605,-34522.02455422434,-7916.028640966109,743034.512390395
184,9.611799114902459,80.55996643604695,29.062445752237984,-66464.15852214865,231471.01482623036,-217831.12887598746,-2598785.691247531,-1126219.9875209415,-1271.4810827061824,-2767491.472854407,-192803.32143872787,2907470.521721229,-55242.86319403496,2294.8073680902535,344382.4671559583
185,9.686979537529218,78.40299148337164,23.145833930803057,-284491.7099515522,-570061.8877482507,-552412.7263962578,-1501894.2745532067,-624532.8114876712,11260.71734954545,-2076802.4677593755,-521039.31204903236,1190875.455712347,-130274.75308643968,28669.435121505747,594413.3800603538
186,9.930092528669695,80.38814684952048,23.145817035974947,-140080.87591895263,239382.50323379476,-605180.5930098379,-1335403.706135073,-510511.9664216291,-22928.454948635877,-1453888.7815302934,-518194.3590694212,1466204.174904719,-335705.0879395951,2134.883304359726,279326.75772068766
187,9.687013106857668,78.40301643002222,25.104159765280784,-290214.11593374785,-613677.0696788612,-660680.7963668945,-1872035.0358917308,-1040599.7170586652,25706.039049759263,-2635209.473100871,-595147.7736674726,1665785.2647888397,-113013.07534622643,-29181.851863482454,651489.0319707964
188,9.930117360524163,80.3881716399757,25.10413255784064,-129629.14510384666,186213.2908731294,-543977.9398762186,-1713439.6234002654,-909382.7162979918,-49018.651204305286,-2004117.658475234,-405937.8716586191,1922661.7360269171,-216903.65114074148,-5744.935354094037,283744.64694390335
189,9.68673650379787,78.40045830462198,27.062483215454044,-194524.74241745492,-450031.5837462332,-516127.99786273565,-2329002.726027344,-1132877.3946554738,45341.09449353445,-2929572.0371076735,-490205.84950079,2259093.5625820397,-86605.88751416496,-22101.50643183774,699349.5019566484
190,9.930447080341875,80.3907859345388,27.062453078848463,-95312.92384959784,210323.46364170106,-359650.50597061217,-2162436.5404629675,-1043532.8481601512,-44934.27945072052,-2398443.786993747,-273084.075257553,2426887.896072791,-130201.18702976762,-7567.781019063184,309527.82967717387
191,9.671568179770045,78.276413658677,29.020808178793466,-82731.49632222639,-374068.0461687962,-276769.2619283,-2880198.120768785,-1213153.9304415218,98337.35264639203,-3337522.755238004,-317889.4102495991,2921843.36106828,-36796.22620792651,-9450.766146265843,744447.8834742331
192,9.945659750941827,80.51488621306196,29.02077582514826,-61631.58456778359,276284.6571052241,-214376.50029419555,-2677683.5085316524,-1173087.7998990405,-1807.8342156858978,-2835326.520621522,-188271.9998245148,3023875.0926892823,-58534.606543770875,770.2294365401044,341622.3300562372
193,10.011502808350727,78.36221450154035,22.85416763496542,-290867.85982649936,-549645.4083698171,-548075.7230715544,-1527405.2035315242,-656394.0842133254,22107.01696273352,-2100695.386401643,-524074.4804227779,1236180.8755565507,-134463.25371473114,26519.99290252054,592401.0674262196
194,10.267017671826604,80.3458116551956,22.854149802291932,-142204.52553091483,276690.5355720031,-607007.4789814451,-1360930.2647916279,-543609.6066473298,-16803.86802939101,-1475138.175677034,-519092.3060625864,1521709.0127992635,-342643.0854064383,1184.7694405941002,271820.33884820854
195,10.01153887792712,78.36224165381196,24.895826241707198,-296312.8322507014,-580529.0651123245,-662014.6002425211,-1934872.5094424158,-1105020.2500213813,31431.479368659315,-2705310.2935436503,-599068.8021089098,1765522.598047013,-116096.91080587935,-31487.933851712354,654450.3108112875
196,10.267044147990807,80.3458387942745,24.895797249100724,-132262.37697907322,233114.40960911367,-547486.0393493823,-1776006.8787596347,-971570.5577442854,-47113.277972241325,-2070647.6303319666,-405782.9442377437,2029796.5678503686,-222787.77865510705,-6193.444316092574,282563.73067383387
197,10.011573242854338,78.36227211586953,26.937482656584265,-212364.94023314904,-399043.28485134314,-517918.06078523333,-2434115.540394772,-1208233.8403361235,46158.65013800744,-3037911.5742131597,-494167.5883421903,2402752.876685624,-89300.71914934546,-22880.843042353477,707271.9286689945
198,10.26706699595019,80.34587023293017,26.937450473810227,-84530.45878968223,270658.1835788841,-353104.9711254503,-2254492.7749737534,-1113603.752611632,-41717.88122346207,-2478303.460334621,-265808.778033546,2577134.992031918,-134570.4943790603,-8061.753596947784,310099.64367616526
199,9.995632066778214,78.23832772610889,28.979140702274673,-93909.65846781775,-301329.70360574196,-265157.9286948949,-3031236.001973265,-1300125.7867818396,97665.35965838654,-3476235.2657566853,-309311.12739692803,3125149.1023851577,-38127.79593016272,-10201.477039355252,750308.758601276
200,10.283056006720926,80.46987633827675,28.9791060359229,-47841.33618942807,351897.0505325939,-203395.1903904265,-2814611.562952399,-1254483.5634109045,-1623.1274203854427,-2951032.623128012,-176214.0375708248,3227907.184651575,-59860.330759153876,478.9127200459522,344849.7013349072
201,10.338867937648178,78.31899052402078,22.56250109588811,-288005.4459593138,-528297.0839715301,-535774.9957658935,-1524879.9198210887,-672043.878437733,38535.13538981959,-2085670.5190395566,-523925.7777073213,1257518.771050141,-139535.30459351648,24561.810574829065,591430.7098771338
202,10.600580929830961,80.30178913474333,22.56248239149566,-139761.52439191012,317331.4515234225,-609701.5480242785,-1411547.7558488983,-586723.4526586845,-11872.972858218676,-1520104.7662106045,-519759.66531785566,1607732.8106356943,-349204.1743062837,634.0654905025256,264434.65358198294
203,10.338906682800857,78.31902001686613,24.68749298867009,-290873.51506921975,-547717.116867999,-654764.3470256134,-1964296.9808152947,-1143861.4778006023,42388.993373741665,-2726487.7404967155,-599293.6566433719,1832426.4181772552,-119355.4794977549,-32912.387529725136,660311.9229962544
204,10.600609160575416,80.30181873132513,24.687462238859766,-129966.32592920966,279141.95373902365,-555315.419735787,-1874662.1143055423,-1055702.0339671038,-45793.78060366693,-2178752.0821046927,-407346.18185958115,2179958.4720383007,-228629.8208974996,-6025.035804019328,283829.8124947003
205,10.338943697785261,78.31905352989561,26.812482146853014,-204755.77384194697,-352053.4995653888,-510196.91908162605,-2500325.643829226,-1258979.414749422,54885.41647767687,-3088924.5853113635,-492366.31793191895,2514284.7107543205,-92325.98926970999,-23291.250269392665,716557.8534321389
206,10.600633644884345,80.30185336694575,26.81244784577867,-80175.79555594776,325005.4595430355,-354114.21653470467,-2401910.3036374864,-1213743.8818982814,-42133.45528545108,-2629141.9202386746,-262974.93474093435,2782832.302431992,-137506.02871395336,-7786.919895832792,315054.511270288
207,10.322617413091226,78.19516224722614,28.937473024915928,-79929.06921657227,-239215.95312693075,-250359.2611724059,-3126895.72505129,-1358505.3034445485,102419.1601748837,-3546506.4935775395,-298160.5498511796,3275162.7599128094,-38141.797028900124,-9853.664930700705,761712.0973179655
208,10.617011299044444,80.42581297320574,28.937435967438915,-39887.71329275932,420537.76154312433,-194887.89246723353,-3026600.6259608837,-1371403.8890732867,-1906.28035572445,-3155994.585419847,-166862.18061520232,3508618.92181818,-59517.14650555418,1234.9397069994995,353558.8236453461
209,10.663140989468223,78.27622368407683,22.27083452199515,-297906.4653212658,-521989.66551006166,-542786.6341794968,-1600806.1154494293,-733571.9211107102,45161.106985299724,-2179421.527872297,-534478.5703257833,1351217.3331872572,-146071.8843688857,22901.499381607206,583843.9261826079
210,10.93723554524523,80.25730934336667,22.270814968627768,-135288.11544601058,342100.383275294,-600272.7238129112,-1376133.7069449846,-586484.3877377058,3385.8532978147296,-1469018.0842506753,-519263.1463770579,1594820.7746441048,-357373.5498703652,-910.3771887578694,250538.05419755055
211,10.6631825843799,78.27625563214849,24.47915973600907,-297972.85893916874,-522361.19354180316,-669537.1269990569,-2101147.453916095,-1262189.1348046279,43322.336751599585,-2897154.8181477925,-608958.094086449,2016241.7327542126,-124014.49251717566,-35855.001899473165,656077.7126682547
212,10.93726566569074,80.25734156664191,24.479127183265092,-123436.34653451257,314183.4444523728,-548272.9931738316,-1861797.94094122,-1069336.9663015157,-35442.82288579036,-2151959.516778952,-405795.83283564926,2200229.45435863,-237413.7043323399,-7928.5527280108,276382.77267691685
213,10.6632223222804,78.27629237471365,26.68748163238338,-205044.24245877095,-295710.3090276024,-514218.98493203433,-2705240.8906646674,-1398709.157712935,55928.040290911136,-3307363.7981158355,-494447.13726084837,2786837.3989582746,-97635.58559569923,-26527.28488322662,711946.6214639355
214,10.937291867013306,80.25737962282592,26.687445133302177,-72007.90747302813,369259.5513944116,-344862.0091108202,-2408101.6893131137,-1235064.7014637308,-36145.62905719368,-2617681.7180187698,-257181.35483361356,2827252.7076629456,-143597.52492650895,-10311.582836585752,308876.1637222212
215,10.646124746956776,78.15251161544478,28.89580533476746,-70917.71315166226,-153486.5985474574,-236793.78585356637,-3424056.288643338,-1524320.2299381038,103464.65676931562,-3836095.8566571674,-286240.1820933041,3661137.9411977855,-42927.98262685734,-14341.573399319308,750797.3410047395
216,10.954444733075313,80.38123572664506,28.895765795999242,-31791.53172091226,473866.0350547136,-184948.9695789002,-3043129.5652922234,-1390741.9028062928,-168.49009640500765,-3149294.4259044025,-158168.97537162155,3564588.935030925,-64596.69838898296,-2456.2750044729332,345153.7022078304
217,11.148675331192374,78.2059169124532,21.979167928279043,-123339.99502404912,-282942.9246352038,-318635.07540007593,-789174.5278418385,-288809.5551218338,159455.16754455658,-1014471.9312248933,-397897.1578863222,687451.0940518866,-156531.42771770022,22785.265983009875,597756.5524065942
218,11.441333142452372,80.18437500600034,21.97914633071938,-120781.41216180044,118944.75734561073,-540270.712501463,-706535.6754523743,-231658.53172218674,74749.15231150785,-762868.7515952665,-534283.353939405,755044.7382170185,-378363.80503388564,-2214.7551670928287,242777.8514538521
219,11.148720700776055,78.20595278513267,24.270825829548077,-96405.94768922153,-284318.5317656079,-419312.8492464766,-1037083.9205455553,-537062.417701077,140962.19423092733,-1342033.02205365,-465792.82225111465,1007788.5156034586,-131110.42489909023,-38133.69690001354,663712.6487203324
220,11.441365655508442,80.18441148921431,24.270790107407002,-90172.24782107302,108589.30415395313,-447619.80890321755,-957243.6825293918,-466850.44497901696,23445.628566746916,-1100897.4279743328,-389532.96104122396,1061227.6364452187,-240809.33503254855,-6962.958497284445,281844.11917856615
221,11.148763835445312,78.20599417247209,26.562480610960396,-29366.887126427242,-175359.6390859054,-348525.05386269314,-1329725.227354818,-599610.7176441018,128336.07666598016,-1543421.8911973117,-390651.27719178604,1380821.5883140718,-102493.03222339178,-27268.77926289745,723210.4039408057
222,11.441393981338647,80.18445447836949,26.562440696927716,-49216.13842658976,138573.84572143416,-295476.6210708317,-1234400.458179537,-549214.7782580927,3997.2490771067773,-1333919.1468897879,-255983.74194879696,1383783.9750625978,-144544.70890954096,-9057.696365742913,321560.72925134073
223,11.130509083564112,78.08238241186562,28.854137384141897,86619.26377778713,-87919.02765707255,-151774.6717885454,-1673190.3795213292,-670557.1408974536,133275.25451352686,-1777520.73657298,-210817.85059841332,1835264.1515035627,-41945.13860299529,-12392.044358126668,772261.9252791178
224,11.459708762413205,80.30815140908507,28.854094047622723,-51766.18551661995,182375.68019198175,-219102.2837374223,-1595845.4312139037,-643573.825754008,-283.6560532037865,-1673280.28463475,-195058.47976282774,1779845.9753355172,-63341.09550923211,-1082.2936403091983,360939.5432556658
225,11.80475309433533,78.10675632904092,21.687500927151834,-129155.79221944182,-282424.7506364896,-336978.7866237041,-836584.7105690165,-324310.4542139084,174030.53506698034,-1068493.6165262212,-426470.3340098898,746404.6210564756,-171665.99160872918,26915.80688423157,630861.4888550484
226,12.103591186656006,80.084300070651,21.687476293532903,-132934.60818132863,146325.0453410144,-584533.2309772454,-764838.9922955239,-271123.67784945504,83217.91452417252,-830059.6963165246,-573772.5046469995,832689.4071459647,-415143.9148248663,-2858.3935094001367,241981.58472832022
227,11.80480304734638,78.10679805974341,24.06249173376707,-103150.35070510453,-263452.4453100369,-433695.21288545703,-1110532.1185074418,-596067.4361708951,149272.74414175298,-1424339.3109401087,-483718.9832647323,1107760.2853042427,-139628.56826170473,-41759.84400017371,673680.3187062009
228,12.103626604177702,80.08434272823536,24.062451550659496,-96936.13790255095,139650.25644759292,-462143.2801215593,-1049042.735072126,-536661.6536017047,22051.92988985811,-1207915.824722334,-396491.87311219546,1184978.5362580125,-243766.4041129738,-6562.065156011315,284687.91793121863
229,11.804850376812626,78.10684575763904,26.437479025702295,-30904.90209127361,-141043.21946311434,-354039.3252485946,-1432154.285723884,-659925.7540053864,134432.88897196742,-1642463.2512419499,-399501.0248978199,1515976.8293367866,-107847.91414576955,-28229.215537225944,736830.9623394562
230,12.103657509762613,80.08439228288346,26.437434544658604,-54114.309813438944,175419.64611407474,-302333.5553031957,-1359795.1744870974,-621974.8640338477,3054.4823175349547,-1464874.9618209717,-259998.48273338564,1543845.2255517973,-146724.1270025275,-9511.799467325356,329495.0462165496
231,11.786212944747653,77.9832975019327,28.81246863049753,94777.70905570226,-42358.39747363904,-140903.66071568424,-1804374.430291811,-740850.4944305954,141020.37444186534,-1894492.6709695505,-205986.810988292,2011995.132824221,-42715.51985179638,-12885.132858444782,788244.5132660294
232,12.122360698101682,80.20803869612391,28.812420243610052,-55553.674834693724,227125.3897004897,-222660.85757718197,-1765741.4696504308,-727607.6360399649,-2152.809132017909,-1844293.1900584907,-196458.6221353339,1989662.6694824384,-63718.212204911644,-1332.1920795091344,373471.34773204545
233,12.460833856636103,78.00761507223669,21.395834113589334,-135827.45194297002,-277484.8132026059,-360027.0557954351,-905842.2124159329,-365669.1359640695,180815.39327579903,-1145296.8799959926,-453592.0599578923,825549.6190128739,-184555.364911657,33151.58566171105,659685.6781414401
234,12.765846213983528,79.98420613032222,21.395806441952193,-142269.83505772124,171258.64207444224,-630622.8673540327,-809483.8520625605,-297862.3959375526,87956.23480806508,-882474.278411312,-612076.9969346733,892917.2150086734,-456085.9427191348,-2142.744663229136,237463.67644043782
235,12.460888199132981,78.0076634027532,23.854157626632265,-114552.9977302046,-241137.93151177675,-453420.6875932777,-1207548.0569685318,-673559.4156578111,157132.00677210026,-1538544.7252293115,-506143.40516000625,1235576.513554059,-149862.3590830588,-44209.43552388197,684565.6709370685
236,12.765884649829617,79.98425563194053,23.854112826505826,-100961.51073609169,170735.6839430367,-474026.7200037018,-1116647.4442776958,-591814.4928097063,21657.467575427436,-1285058.7294067952,-402208.75208404596,1283014.9346940848,-249356.76548671146,-5777.817854403739,282932.66486202704
237,12.460939970842599,78.00771800678436,26.312477353960332,-37423.84757061573,-101450.3176630261,-361722.2086651236,-1566408.234244721,-740596.5293272943,139252.71321933658,-1779307.2103988791,-409946.5888704231,1688657.4253705367,-113422.36378286453,-28857.630903046986,746654.618488861
238,12.765918328803945,79.9843123599597,26.31242814346101,-56607.704535416604,210852.8152787315,-306728.1219796235,-1454361.0765460837,-678697.9646047789,3305.7126286423904,-1560074.42193982,-262866.7183352161,1670458.1290387274,-150568.49450647342,-10091.162418200009,331296.4557438385
239,12.441920456263038,77.88423631531816,28.77079980955331,98248.35961495526,11410.106514486397,-129490.82123031466,-1981067.9685169065,-836514.3809172952,148592.84138868243,-2061182.6389007291,-201506.16988326475,2242856.4536831207,-43660.43271345676,-13460.97119268232,798891.8214216051
240,12.785009747571225,80.10790632979703,28.77074615891144,-57647.79268493895,268015.3401511271,-225601.36468035216,-1893237.866340592,-792714.1681007638,-4141.916496270722,-1970125.0322789156,-197157.3136231933,2152048.5286879446,-66025.81105386927,-2221.6328532186135,378785.5485252475
241,12.945460633137602,77.93130226807475,21.104167928473327,-343864.8343093124,-417741.3775079895,-628798.8486664393,-1964052.1844356363,-1082188.4612612475,72325.11576988503,-2627780.995698829,-623303.1461789969,1860679.0813940852,-192131.66971840154,36173.34939048392,668819.9570651595
242,13.268983411142944,79.90491852052406,21.104138353755665,-156121.68069716363,622857.765160782,-739726.3734241517,-1696256.7030762716,-898130.6853116709,18782.42283188497,-1820651.2864239484,-607415.1554019431,2155076.152865358,-480637.1067945413,-137.41938362417056,235028.31863390023
243,12.945518601535111,77.93135590620015,23.6458238432514,-326541.94068804657,-248362.3683660305,-730959.7516696538,-2690350.385472281,-1846285.633530003,55149.07110129506,-3595299.1973083145,-651845.4333300773,2941280.569914661,-156106.91068870612,-45963.58962140372,692160.3671574262
244,13.269024590626227,79.90497359977165,23.64577561664173,-130847.7729364459,644239.1306338175,-592999.3138419751,-2399450.879156133,-1596463.2600940117,-49834.2944782786,-2772457.474968669,-398376.01800536783,3091225.5368294325,-260020.91875149944,-6935.961243687538,273452.3143616833
245,12.945574365935862,77.93141640863482,26.187476325474318,-204844.52915002708,124770.87696776906,-503397.6697410747,-3559785.377870494,-2017991.742350192,58671.089847067466,-4148303.3999621114,-480780.0535976819,4045612.13163646,-118055.79002397643,-30295.98084404846,750148.5624051881
246,13.269060886216193,79.90503657798375,26.18742338621286,-70975.6090021593,764148.5957343043,-334332.7714350661,-3180482.1547237993,-1790402.9514572313,-51513.351718762126,-3390677.1478294157,-225471.4781457383,3974988.8412722326,-156165.12964558922,-11990.301742248203,326390.2016191149
247,12.92540145886695,77.80812678323224,28.729131863090927,-21555.06629709195,400850.29037242814,-128197.97341916047,-4566051.06176287,-2239404.6318031037,114761.7480970903,-4864100.292286013,-198243.84162135146,5313441.384563542,-47271.07553505835,-17015.39459452373,793672.8753694509
248,13.289311429179644,80.0284508957979,28.729074019977787,-15396.064431286883,961836.9779450097,-132285.58800599817,-4083280.999327446,-2016869.5026461154,-16006.362673800655,-4127325.993855189,-96488.70687449757,5037970.026237411,-70222.41615553758,-4647.353901911568,375526.7631648721
249,13.267889089390936,77.87633023749699,20.81250171984465,-327097.30632789416,-370108.2784860672,-592393.0899062221,-1910303.7487718542,-1045810.8338060948,88255.11075176763,-2521098.43775331,-605357.9243436799,1836857.6873768056,-194856.0820113198,36405.916125264055,661941.7397675265
250,13.6037466021734,79.8479246548555,20.812471518999708,-143606.54393293645,710171.8321338568,-735429.1549942704,-1777596.5084149006,-958803.9693008488,19180.055577706524,-1880139.0435620048,-597929.2779499163,2309204.4547185707,-488992.88585746766,2928.1012571980245,231564.55352988583
251,13.267950162772024,77.87638764707582,23.437490870256397,-309798.66234017815,-195713.17868336488,-706116.4006827873,-2636355.226466594,-1831485.321878607,72831.85659639131,-3499044.895162766,-644230.4678913531,2931647.121347789,-161620.0711896501,-44715.46615087219,705879.8266602764
252,13.60379023385986,79.84798368723125,23.437440637933797,-118303.48112286103,750316.577380931,-598439.5934922486,-2538722.8681033934,-1738115.0841598124,-48636.438531756234,-2919482.7291440736,-392762.84143400594,3345819.073343901,-271344.9915552574,-5874.454510369388,275142.3154200333
253,13.268009415184707,77.87645293386481,26.06247595800365,-187674.78984239677,190505.5059304039,-482187.28423116566,-3515386.890511681,-2017763.5354889242,72424.10381390165,-4062970.327676595,-471406.2046725319,4055019.964205969,-121582.57653986929,-29588.00640206039,762372.7290170381
254,13.603828930051716,79.84805171021605,26.062420485252044,-52884.3141036146,890553.3825514857,-322482.39742116956,-3397606.417166292,-1959928.5164414563,-52830.2232413674,-3598903.5161297848,-207969.45362604162,4322059.640782528,-157179.27665746224,-10134.071468101269,335638.8071263693
255,13.247068825191985,77.75329458435444,28.68746428880576,3189.227627210057,485676.2034948206,-103510.13319851921,-4511476.293519941,-2234208.538358321,122307.6003037832,-4756035.566567361,-179751.09061366128,5321141.955104534,-45688.55209600337,-14219.32487576129,813536.9851150586
256,13.624852397627944,79.97134487041065,28.687403571280633,12304.18419616064,1129494.8140821443,-102230.06377928494,-4408950.413313707,-2220369.8068632665,-16191.977547708171,-4417643.514430391,-65897.20636299711,5523109.655292409,-67858.7236177625,-1853.58577723581,391229.91376712243
257,13.590330585249443,77.82143550120514,20.520835396580136,-330233.1594943069,-339342.17327380006,-589626.9240562812,-2000520.95453427,-1119820.9385873997,89462.33825487642,-2621248.951866464,-603793.4410438329,1965840.136085908,-198087.57073100551,35315.8111354175,647409.0865733521
258,13.938496416988679,79.79085381349392,20.520804449604118,-138274.47043823102,725428.9749722651,-716812.7859981675,-1725134.7114419225,-935335.1736369634,32222.337018608934,-1806186.1801520025,-592726.2776488536,2269254.1763367224,-492733.57384175475,3772.183029627442,220898.25829005695
259,13.590394918372406,77.82149663505955,23.22915789676568,-309576.44067895564,-137010.18496131478,-715651.6660060588,-2790092.479926083,-1986692.3551524673,73468.87949879789,-3688921.025412928,-647219.54470856,3173902.2784751584,-167072.3756526021,-46546.448907073216,702983.8315431459
260,13.938542558190985,79.79091679635204,23.229105645211686,-112546.43636854374,781217.6840920661,-590013.5140301756,-2488840.690125623,-1725655.4499707164,-35411.026608049375,-2849652.25415561,-394608.4878318274,3322918.4756807843,-284971.3943592373,-7581.365095039721,266348.53846102837
261,13.590457703349484,77.82156691612283,25.937475576239784,-177423.64085960438,297369.8621682832,-475512.0005466847,-3748283.0836117333,-2204801.1726284833,73605.83752644219,-4302867.752468475,-462856.4037718396,4410158.37700231,-127421.28518778457,-32481.6247829148,757079.1533760437
262,13.938583764160246,79.79099008317885,25.9374175359723,-45026.78762177267,931889.1911078478,-310039.37459980027,-3357432.3616923653,-1959083.847564591,-44437.102263584,-3537517.6849902966,-202620.63403074673,4316961.347907318,-162856.36484391053,-12077.312194977136,330064.8640116912
263,13.568751036375392,77.69854956468193,28.6457966756225,28275.81675623919,645786.2699049201,-72774.04731713491,-4864162.106826326,-2458727.635162761,123477.16107576642,-5080568.673896393,-151606.6869933129,5833463.400233731,-50464.80631861004,-18345.512875943197,802192.1546485571
264,13.960378622917574,79.914152707812,28.64573305225975,18003.83748536877,1177776.4098383938,-92197.30166011403,-4366496.021197748,-2212091.442596277,-13157.372333448902,-4350086.4516260475,-58941.046821949676,5512610.444111643,-73074.28262841505,-5293.1646140773955,384039.27356085955
265,14.072887294671066,77.73297520181966,20.229169081915362,-164320.9208711818,-212439.09944420983,-344750.86366148817,-982275.9870543614,-430090.1875398749,199639.73765680756,-1208011.1928400132,-461289.4096604776,947789.7185236108,-201033.5868536703,34249.427151795884,650930.3652940516
266,14.439504790382493,79.69907186907821,20.22913579727342,-164883.96001590783,274223.7955794037,-664607.115305356,-876760.1120219398,-359459.71356472257,97482.3502898323,-944650.9504527021,-639201.9123730481,1028585.5830838901,-504223.5808855807,3016.594516352901,213985.38523728252
267,14.072955942849802,77.7330418693512,23.020824365231146,-144311.11809697302,-135701.9550641237,-469028.0546009203,-1356842.855431326,-826885.4521469749,177540.53517215475,-1696003.5050665885,-538199.7709582879,1485162.1482628598,-175390.00456594967,-48494.190568539576,707092.7100145365
268,14.439554041326426,79.69914082155987,23.020768455806554,-129250.10865165511,304869.0830711401,-507593.0529546477,-1256618.0340112066,-737438.6104883925,29031.298684172813,-1440109.2928223917,-427487.1956694714,1535622.4099567002,-289837.6597530553,-6079.986841764073,272719.25178280124
269,14.073023104206511,77.73311904800961,25.812474768843416,-68613.46144609535,58743.43667824722,-361598.9003526604,-1804377.2224797476,-927135.0615265999,155038.3220153166,-2001652.4560756476,-426346.42573177366,2056529.956686913,-133497.35945656302,-33009.80573095375,766962.7088590586
270,14.439598462845415,79.69922138785128,25.81241277218346,-83083.93308665682,374780.90613858216,-308559.1335355714,-1686173.9640816657,-853803.2834239948,2849.792181539761,-1785553.5497973198,-263386.4000450043,2032077.7893586787,-164301.9328159301,-10685.304961383159,342214.35748368513
271,14.050167205701598,77.61031629160338,28.604128862814797,90826.99201816853,242182.1433383982,-87932.56781579537,-2324918.009970102,-1059974.8559768493,157877.74275240392,-2344931.560041972,-176269.27210625628,2766277.399688999,-49883.12812496425,-15754.330542858468,823992.3338739902
272,14.462549186762823,79.82218383950674,28.60406082361513,-86647.84541398965,479701.4625002928,-213353.82425512213,-2246733.339759212,-999916.8827355426,-11840.984846883366,-2296338.9484091178,-183274.77013618196,2659313.5113764815,-71326.64212724626,-3275.9339571169057,402213.72264677926
273,14.724786033910593,77.60928852078655,19.9375023599682,-170018.16182099024,-199665.5525406512,-353828.01284154225,-1028885.4793043933,-474712.1707525606,208841.00937886848,-1259911.9614882495,-479419.1369182789,1015819.371203345,-208402.10231951732,35922.66720033637,670255.3267498396
274,15.097545187155369,79.57423998564661,19.937465503071312,-174689.96536322447,307211.71723554854,-698898.2188303486,-937648.838086431,-413154.6743480445,103342.82990071482,-1020604.0633575635,-664425.340780386,1118652.937179925,-530931.3232062318,1366.8380052657553,213733.80631780057
275,14.724860004384128,77.60936304808521,22.812490687611515,-151170.00429913547,-104157.84755915019,-479735.57310627186,-1426574.7179577507,-892488.2393873283,184110.98444784,-1775728.8725931104,-552103.1035239731,1592768.551152526,-182788.19114551882,-52509.53740696653,710550.7114811407
276,15.097598173490724,79.57431720036232,22.812429576824286,-135260.89974498822,345705.59879524715,-517861.56605107826,-1350486.3912408531,-821298.0869028949,29404.360754060253,-1551387.3398023865,-432498.4857940593,1676468.9585956265,-291013.4296291219,-5803.559431033492,277761.9624345229
277,14.724932554836748,77.60944925115525,25.68747344896468,-70450.7127537445,102656.51544517658,-364784.56899442885,-1897810.3704275885,-992253.5030378187,161374.48650253695,-2091668.0391483076,-434015.9077715624,2193105.1806168733,-139666.3949226708,-33717.20231954435,778224.8221555862
278,15.097646530979704,79.57440710115249,25.68740618757399,-87545.37047729344,426111.35965840286,-312344.20667664555,-1813374.8484100753,-939232.2367281195,4197.237948491731,-1916662.6255854273,-266864.0501940673,2209748.458283958,-167041.83980837997,-11027.46805425583,350434.43432090373
279,14.701697803395145,77.48672737568502,28.562460288297487,99657.94220914485,299814.0255474117,-74759.03587662298,-2445029.528805292,-1135933.0712070789,166014.72335290996,-2449196.828747781,-170559.92499746152,2944469.685625176,-51330.32767439239,-15821.137052239248,839216.6369872245
280,15.120984517830422,79.69730738459862,28.562386410758535,-89899.52203147014,543383.7457198391,-212710.80794634012,-2424342.6325413864,-1100207.7132541558,-11941.429451597623,-2471840.3485185457,-182448.4430265301,2895062.207287104,-71363.69112785927,-3032.060752156235,417389.8136357488
281,15.376688393643207,77.48562129367282,19.64583571674523,-176665.6428229628,-182850.05955881067,-368752.39139969804,-1096159.0079701478,-528245.801481514,212632.8254398771,-1335269.5025947734,-498089.9180654212,1105091.3268787232,-214338.6102642416,37901.56013294719,687619.6673803248
282,15.755581898602351,79.44938919513022,19.645795406202616,-182602.29812756152,330583.22758828924,-737726.8045654914,-977375.2775098751,-447252.2429114404,105612.46043532435,-1076136.6002427049,-690457.0738436859,1176847.798981627,-564503.0686596457,112.3444052601848,210554.94150892503
283,15.376767566211342,77.48570430445679,22.60415687982439,-162788.11039208528,-66026.72334712946,-494497.49663941725,-1524322.2920980754,-985287.8166938786,190767.34971727393,-1893395.8329305209,-569812.6154937951,1739896.118045684,-191837.62426634852,-55624.09553866837,713550.8449189861
284,15.755638698681295,79.4494752299013,22.604090447719912,-139102.73059944218,380091.164422583,-525301.4443270519,-1412393.6480294373,-882972.9510894532,30609.147163028054,-1625331.923751139,-436233.21527794236,1777252.12852517,-293735.7199613418,-5278.691993852995,278324.26536018087
285,15.376845818449377,77.48580004237496,25.56247196743675,-76538.08951544236,158988.6136769466,-368868.06871919,-2032673.0564003089,-1086433.6988953329,166042.49997039017,-2228702.1037502545,-441866.4756953524,2384151.034887922,-145434.33567462923,-34217.411435017406,785064.4329107516
286,15.755691178683634,79.44957500398147,25.56239930720002,-90417.5892808002,467931.6192717814,-314610.51699782896,-1898837.7396936135,-999817.5209118268,6696.0447754254055,-2002349.3988513518,-270179.46895588306,2335432.3808003874,-171048.6196037125,-11594.64900452101,352609.0550527567
287,15.353232970699505,77.36316185649663,28.520791578736283,105139.47185193145,375807.6128479859,-59071.516177746846,-2625452.990900946,-1248281.7853690155,173788.98109880812,-2615998.6958401487,-163444.0346322371,3201318.298994557,-52862.31528121226,-16081.0846894087,848977.7675885618
288,15.779416329699101,79.57241131263217,28.52071168749398,-92903.42409474886,592146.5753788113,-213584.01460600033,-2541975.4233881366,-1169777.9615159736,-12171.502975668373,-2587209.1465535774,-182961.5551661383,3055829.838397778,-73416.95825655144,-3584.2448689997673,425056.26560742484
289,15.858112896745062,77.39119371677033,19.35416961857144,-355582.1667291426,-129290.76523603003,-622720.9217395814,-2349056.232851729,-1527252.1617985934,100489.87465956836,-3041549.9341936274,-634761.9814623251,2568718.061951198,-218520.3527557126,37113.85314929701,690898.1225149016
290,16.25539284365783,79.35129492046936,19.354127283061818,-150267.3563541848,1033299.2130092222,-814571.2847782704,-2029434.822291114,-1305719.0754389926,36304.96602758814,-2178785.9374995814,-627276.4321130195,2874522.941489367,-584613.656437923,696.5373493898469,211148.69026768705
291,15.858196328150763,77.3912833444543,22.395823316138383,-322464.5036086425,263808.4615194227,-737332.5389157386,-3355396.078989747,-2655156.445782591,80796.34058750253,-4366608.323905823,-654509.7836743353,4225129.526575201,-195250.57001897323,-57913.31030777066,717473.4016343448
292,16.255452980183623,79.35138796002417,22.39575301602703,-114049.36922284286,1186556.001293735,-605269.8983675748,-2998451.6351890215,-2328419.1499323007,-44157.239557293295,-3462043.267825486,-370986.83324422577,4300266.834773028,-302488.3144032109,-7132.566757140102,271734.0362050452
293,15.858279675126782,77.39138707396486,25.437471091044486,-165738.04011946806,856864.9855133217,-429847.9057952164,-4555926.323261032,-2906293.7300047497,76281.17481292102,-5087402.054885629,-422291.08902926923,5770972.183513534,-150128.33090597487,-35583.36706746428,785969.3569888822
294,16.255509188675457,79.35149619763459,25.437394212407977,-37742.135147301306,1439680.409004864,-270302.5468471889,-4089597.249594507,-2586056.3690364575,-52738.378235894175,-4262018.62704326,-155116.04483378565,5548770.398887418,-176344.92269561434,-13269.042681871728,348780.72254581226
295,15.833522468967377,77.2689862023305,28.47912371420282,96904.85471934534,1384599.7271369598,76560.04730796453,-5963875.771101169,-3268419.9590217276,133149.12148448123,-6032156.089648681,-30850.950283402643,7621071.669096354,-56916.790227817364,-19431.80319806899,842645.100462908
296,16.280386728050296,79.47411187117962,28.4790390828177,39962.455933357705,1812556.601288718,-5897.975373106427,-5381431.716715304,-2922985.533255028,-26069.944803993352,-5280178.91799889,26471.42597047788,7100328.573877381,-77439.78355433064,-5802.466560884664,423329.7735943671
297,16.178253306476073,77.32417186819778,19.062503478109818,-337619.6675869428,-89561.4257591326,-581840.5095003751,-2264242.8825288787,-1468747.733117965,114979.1538423452,-2899249.629359766,-614194.9905733288,2504423.0170866447,-218024.00790147367,33541.371297765145,682630.0603119659
298,16.58778356991663,79.28179024467063,19.062460617920518,-131983.58601228741,1135042.9202753196,-803976.2326257436,-2109120.0923420903,-1383092.7452030303,34909.99684750315,-2240481.0371893775,-608021.4807541422,3047585.619580809,-590245.0420154275,2567.9058901193916,211149.8888366964
299,16.178340248599234,77.32426605908502,22.187490531828466,-306546.0799211386,307077.2131026257,-708147.5676040255,-3261432.3471511463,-2610204.7581774783,99296.42981232288,-4225161.562227148,-646547.2726986397,4164092.400503249,-200621.9415037594,-57358.02203711862,727423.318437007
300,16.587846523757598,79.28188812302109,22.187418032127752,-93638.50656123093,1327003.2770010561,-603204.5229449563,-3146552.0610244037,-2509729.229046752,-42623.386016285454,-3625014.7529201214,-356589.1561944783,4611764.156609468,-313424.6662944263,-6701.199157936614,273216.9550851615
301,16.17842800971235,77.32437618511746,25.312470869870918,-150837.16554661002,910369.9536922692,-408558.64303189795,-4460714.358708999,-2875718.2009267416,90780.40447528694,-4950934.591406358,-415273.90930302476,5717182.645823145,-154196.0632773825,-35008.51626568705,796053.3739087544
302,16.587905997767322,79.28200312233265,25.31239114510201,-9016.596533285978,1616366.0944126814,-247159.63073449436,-4329385.74062362,-2800860.1053158157,-52990.04309928201,-4487501.966301569,-127448.65090466622,5975140.484351137,-177184.42910282445,-11301.30032059824,358315.0234342725
303,16.15290921339066,77.20213725968156,28.437456221650663,117707.93905888923,1450727.0447234605,97711.98110904486,-5836768.869683342,-3223522.483915272,141471.50410828777,-5854174.212935802,-17206.561761212695,7537527.739588406,-55782.19398816858,-16450.167890263816,862291.7294788229
304,16.61355200905969,79.40447066938806,28.4373683639474,82588.16191674722,2052945.6293350237,41567.21972069645,-5751570.93684497,-3182326.8634285443,-25367.827949426275,-5596885.89866165,72717.7394984835,7701269.170135633,-74767.70519824528,-2913.6476449640445,439505.33799881686
305,16.50146211167499,77.25655793309213,18.770837271605224,-335589.3751948612,-56582.40302200217,-571394.8207351466,-2312499.9708948736,-1532022.0977942513,117077.15919563598,-2955627.731079151,-606987.6100492997,2599048.7421764405,-217030.0241189371,28067.476807216666,668117.3488763098
306,16.917105457345656,79.21287756678322,18.770793691894497,-128911.98459447495,1135768.7199499249,-788815.8990850421,-2071840.3474811686,-1373285.3002821251,42064.76930620684,-2197669.6651566713,-600686.6494940601,3016397.150921139,-588834.2929706464,2452.618974803858,206597.4681688579
307,16.501552661360115,77.25665657643307,21.979157734956747,-302909.1363997271,366515.9915369909,-707990.1024970297,-3367753.64857644,-2746423.0251277178,103947.34140958426,-4363697.726261229,-646300.4816626463,4365614.96056411,-205535.6123231702,-58770.97198885433,726289.3129550896
308,16.917171188722268,79.21298013655665,21.979083075555018,-91473.58497790288,1350624.1650925595,-600380.8344985002,-3122824.2276166677,-2523318.3878158056,-31862.25180121868,-3599896.271878418,-361249.55341420264,4619915.5709087765,-325979.57149902644,-8009.312568460532,267305.9994608867
309,16.501644925459964,77.25677336492437,25.18747060412024,-139239.02746198373,1014977.447480036,-396953.2744088796,-4638366.078868387,-3043511.649911911,94732.22198681039,-5135409.943397994,-405990.11143707385,6020185.200444243,-159602.51103709446,-36872.90280925216,793284.3665147964
310,16.91723403149885,79.21310209187807,25.187388061592955,-5070.512580002716,1652703.8187947576,-239328.0156106319,-4329834.377534397,-2832959.736860967,-45494.596433081606,-4483640.196277472,-126370.50184143454,6018315.98872303,-181595.01964219566,-12079.165223156893,356909.6704099444
311,16.475748325164684,77.13462267626636,28.395788666363252,143075.03147500445,1604789.9478264905,129275.98337596998,-6115416.409977903,-3424445.7168265777,144451.33170992433,-6107541.1001453735,9570.23375620253,7975111.829066636,-58883.16303035186,-18659.889469049493,858568.7791540443
312,16.94326522957044,79.33549594955964,28.39569761167533,84027.3823778365,2096440.1957049272,49186.373360155034,-5771135.745458151,-3213461.960692715,-21955.871044986652,-5607007.272740681,76128.34530540006,7760532.878878198,-77814.26130630495,-4793.615122290291,438871.6923279326
313,16.82117866259573,77.1875764326318,18.479171293574222,-336642.8027986118,-12654.239876484353,-551331.5782020203,-2302787.6690924936,-1562791.257409632,121812.5777536223,-2939061.9549508197,-596601.4456128572,2635034.77968656,-216884.76113392008,22645.938361904766,654433.7160568737
314,17.249041111692833,79.14126018635484,18.479126862635404,-127911.08376992575,1175675.4269271055,-774070.3306433529,-2063199.004948481,-1406294.225587546,43764.09853799544,-2193673.6581739066,-584878.9021489031,3052246.5728366356,-584640.13924881,1832.2341937711994,201587.51639864244
315,16.821272970832087,77.18767944943298,21.770824741692262,-306458.69065734325,433877.20751217444,-697454.9229795886,-3400695.8717167694,-2822872.576640436,106872.13745055525,-4405315.163439045,-641330.5084980421,4476609.265812328,-209943.35706002451,-60148.81795193769,726262.3842633662
316,17.249109651963902,79.14136747608995,21.77074785103465,-93750.13956955541,1424937.0594756755,-596824.6629837807,-3152458.910880772,-2596985.715961236,-29711.943733245873,-3639673.953099068,-357440.6890084241,4731476.8990298305,-336573.0329291409,-8992.014031910821,264531.18887936184
317,16.821369827091605,77.18780304990096,25.062470398164045,-142752.84724394645,1118704.5196536148,-382315.9830441371,-4714827.070632803,-3145638.508303202,95993.08782404508,-5207258.845441003,-396901.0240869355,6197795.558893471,-164841.26805754832,-37842.42646990957,794857.1264570476
318,17.249176020256105,79.1414966256327,25.062384969026677,-7763.2650939078885,1753514.079881798,-226458.128064467,-4404379.459853298,-2929910.429324511,-46624.95659909346,-4556044.490201515,-115422.57345121767,6190759.750376157,-185361.79236834624,-12170.646656676738,358993.52535167907
319,16.794714161290123,77.06582427484862,28.35412139076777,148214.13744039374,1753843.0432165277,158198.8693999705,-6246436.123981969,-3543913.5868004886,142780.63433322808,-6206795.081238573,33407.549583156295,8233643.581712308,-60962.304926716584,-19155.372887298647,862034.3528927607
320,17.275974058907888,79.26373323362472,28.354027062413476,82380.98963513551,2231823.993449917,71838.57799336116,-5903135.204461461,-3325607.5198913296,-25306.738335038757,-5717078.121477163,96037.16562582806,8007084.516929751,-78852.84194501695,-5112.954781354913,444201.9430592442
321,17.14351227509646,77.11590891496901,18.187505047078677,-330055.60847066937,10330.295499957778,-526236.4381079774,-2249010.976040557,-1558457.3609861035,134820.12143322872,-2868755.8949948936,-588664.194383552,2611458.3382997564,-219432.442620117,18232.67589470763,641180.6820516656
322,17.57748016200687,79.06825560519783,18.18745982386192,-117306.13887854491,1230372.733492975,-760901.0565160003,-2090960.3935721787,-1469993.7559243306,46735.049210419405,-2226470.9185978835,-567433.6158171385,3146070.072513451,-580848.3077354799,864.3544723773274,194331.4232306833
323,17.14361058940378,77.11601639314631,21.562492041341773,-299321.0934289156,467685.7056034454,-681610.3655711256,-3376413.945530607,-2837655.659708976,118694.28970336418,-4369578.206231017,-638655.7630291278,4494988.215863548,-214199.028272112,-60976.411628434354,727913.4719928007
324,17.577551565554966,79.06836766382992,21.562412943745695,-82188.99565795291,1514020.1827437093,-595603.9254291388,-3247861.656067622,-2730331.7407141817,-25252.735451758588,-3755580.9873315296,-351257.09410521673,4943065.343093365,-345688.69853785663,-9485.552045939674,265019.8082458574
325,17.14371217663495,77.11614703055622,24.937470240811372,-135288.63260877982,1166506.446535686,-370516.07951108494,-4708149.629417827,-3178116.021378395,106529.3162142231,-5188527.644846241,-395449.0845485009,6244678.463810565,-170024.28544868977,-37957.42452180524,800526.4864838361
326,17.577621583075807,79.06850415066563,24.937381942846564,9529.094226828078,1872752.3236964932,-211777.37977044773,-4571012.451374527,-3093962.4951277855,-44387.386930091045,-4723257.319226527,-100114.00290575527,6493875.360285157,-188268.33554624201,-11612.792235823086,364303.6054955075
327,17.11667950606845,76.9942592224426,28.31245388170734,161852.36534051446,1818251.86244955,174271.40153026627,-6250812.09663998,-3575854.673198367,149259.69794439693,-6186250.829647954,42770.60153652104,8297855.857431762,-61986.65774688932,-18030.704242122014,873111.9255410562
328,17.604804328095575,79.19066482214036,28.312356315438223,107619.1555309936,2395478.3121218374,103180.57493331772,-6173542.577325921,-3521396.986018772,-23387.311843402847,-5959484.211759609,124409.40095937898,8441352.853386376,-78033.89343678355,-4152.551377514923,455325.7927106824
329,17.459766141489997,77.04569231737304,17.895838693619336,-324788.2149106822,83443.60715601861,-520603.0385709473,-2345585.321048383,-1695203.2125399783,136230.70676491884,-2989356.4300212106,-582561.7141208983,2809970.4978164984,-224807.3856089243,17820.86920858733,623340.8738255281
330,17.911998375667867,78.9937991912777,17.89579270266509,-116681.68567086628,1199152.3445006376,-739393.7076965265,-1949134.2979399057,-1395941.727094055,61328.06801640852,-2075668.5271695664,-560909.3336459583,2979654.8119487697,-579914.2997872003,-529.0023811214388,182155.52716890318
331,17.459868658005316,77.04580433208697,21.354159299490288,-280318.59771296615,622242.1480358094,-677370.1071003822,-3596975.6550936284,-3115257.34064726,115700.45808780534,-4643832.218442979,-619903.4550527545,4928289.116718194,-217110.89358558072,-64285.348282136394,716790.7596130997
332,17.912072759382788,78.99391630491834,21.35407790289562,-80539.34824302793,1502979.5699776937,-580721.8790784497,-3088413.497575745,-2623321.511265393,-8733.32487813626,-3560745.8151946547,-355454.82927211927,4757918.987122987,-356790.9209709477,-12054.988115014756,256706.6601008225
333,17.459975029901535,77.04594210262431,24.81247005828158,-95188.17482250032,1416810.519434068,-337852.64983830444,-5053138.784157865,-3506155.556164629,104817.62167776037,-5525679.366815312,-356896.39488773857,6866345.456476314,-176324.09299706598,-41510.40577536917,788588.0667828452
334,17.912146565325497,78.99406041928955,24.812378765014685,12388.809860739799,1874112.6963472273,-199410.61365601304,-4376639.090449378,-2987535.3250680347,-32222.898989450812,-4495911.74586137,-101223.53252793748,6284226.1709412625,-195003.2895510642,-14515.931334883928,356376.40695505094
335,17.431805406369925,76.92432699241041,28.270786314017595,234527.7379323775,2195323.8399354173,253544.66292177065,-6797012.588062429,-3976986.26431082,148883.05726976838,-6646065.786034626,119126.22978080808,9210335.797043385,-68360.18780759099,-23386.612512291886,853249.5723043804
336,17.940474190523112,79.11596442737668,28.270685385533664,102515.18459623016,2390033.9925473025,104086.56613373978,-5908631.335040348,-3380063.3120097225,-18261.100908639775,-5665217.307250048,119444.11609887166,8142408.934428447,-84917.13478387073,-8948.31088590306,445070.5951832208
337,18.095488610537124,76.89173034391841,17.604172567834983,-111816.22433357552,-80837.19265263525,-222782.0159390448,-696425.7564281782,-311112.917712379,275066.4006123126,-793898.301973173,-394592.5860190163,773055.4550669333,-234513.28296802827,16068.013065381292,624562.864167145
338,18.572054086363796,78.83410831887473,17.60412242567459,-181588.87555270374,216695.61843434285,-723164.149863943,-604412.8972877043,-237838.38523194872,116030.45456210188,-783013.8787828261,-606727.0173854874,701683.4891860095,-599141.7359399879,-4304.211803198997,164416.5255478095
339,18.09559870109051,76.89185249662856,21.145826010242192,-71823.00887610113,9834.569177953206,-404708.3251209421,-1037456.107762755,-649161.0606323059,251915.4292065062,-1189805.4478638663,-536871.3058071022,1259979.9888518783,-234824.5488692219,-65626.82248058247,714119.2129533333
340,18.5721336851297,78.83423648134527,21.145738602295477,-137764.8068539334,281149.8749335393,-538421.3293619906,-939207.829770648,-554738.2550144496,49925.89434336217,-1097629.8563524298,-461411.2338733982,1164004.828943444,-357927.4361536157,-8531.766017249143,267863.80137134716
341,18.095712539468188,76.89200273506313,24.687469186519362,9426.705451723756,190340.13359042507,-327448.6256959484,-1413688.7028526112,-742087.5512667499,211400.34068554197,-1446800.6034343028,-428574.58885716554,1747693.405637669,-185625.89061918182,-42405.89051833021,797606.7796161721
342,18.572213596819655,78.8343937563698,24.6873717890114,-79944.6711101667,363945.96141646884,-320768.9987447394,-1306715.9125100523,-658208.4160126273,10418.265826639057,-1365609.6074365804,-277822.9780472182,1606664.8770453613,-193799.88527109515,-12451.37832162757,379098.2196657908
343,18.06602921342296,76.77075814498025,28.229118217514806,209706.68620080623,419985.27302193624,-17235.087440988485,-1877566.5377795165,-897009.3900695139,192940.8216479028,-1713008.7804353565,-125013.93878801112,2450479.591005121,-68329.68259605196,-18826.255252068688,884249.7201667666
344,18.602067489630727,78.95595304258403,28.229010631617427,-126333.84442852746,472078.9555023044,-259387.01850782457,-1877741.4777718938,-812010.3444449779,-35544.682926893634,-1923428.168484069,-211654.98640376923,2221441.247453791,-80306.85132664112,-5211.061504001742,477617.73974602506
345,19.062846635772203,76.65115810918165,17.31250629195921,-129096.64729528934,-62540.97046671939,-236421.5309959802,-735651.9805697731,-352937.1059146292,297826.43911756633,-834021.5000774856,-432383.2590871563,838345.6104066526,-261818.49427397468,24696.43370985278,649340.1029168679
346,19.54547940468509,78.5920474942173,17.31244928084306,-209519.96389940285,251232.08640107172,-780367.2907537827,-646566.6007030985,-283088.8594557183,134179.5105074873,-856312.1517074595,-651164.7568366827,768821.7402920284,-651689.4235000534,-8631.379633914868,148475.77582970823
347,19.062967921408614,76.65129740239598,20.937492475459376,-90988.09982471807,41705.59370748031,-425655.3201139046,-1100028.2363179687,-713247.2972112894,262448.1041777983,-1266880.8839875106,-565265.2356458713,1357208.2934022397,-252128.8990484502,-69105.16716529362,714726.3894449892
348,19.545566957472488,78.59219358302246,20.937395469311394,-149594.0244720827,318669.43511937454,-551241.8598063639,-1017750.6633743002,-628555.4896341958,53144.36456780202,-1193568.1898213187,-472208.6445331611,1283610.3851954078,-358105.6799876846,-7122.191623794429,279280.13276292465
349,19.063092309784217,76.6514661772351,24.562467330700393,-1259.9409788221528,230504.00826624595,-338351.0195550889,-1493181.579013608,-802139.6918238172,218484.6356451672,-1528381.5458951404,-444919.86072688596,1864194.454354362,-196239.83647262186,-44070.213703179266,805826.6190071639
350,19.545655412292938,78.59236990703918,24.562360786559676,-90254.36179825108,406767.81371149054,-326256.807790871,-1409434.0427668048,-730223.6865943111,12947.025357033035,-1475174.914675953,-284624.0632180456,1750055.622016367,-194340.79478088976,-13708.520470425048,394505.4705654953
351,19.033039672616788,76.53033260480827,28.187448799698156,217224.22709938395,474448.2242455315,-5335.952339627154,-1977667.9038002694,-967067.9009108853,203734.31450697803,-1798220.2765411718,-123006.43113791053,2607563.20668437,-72374.12864886697,-19498.777357360952,900793.9408803538
352,19.575896117045342,78.71385453374494,28.187331385741697,-138956.12171351165,524945.387021937,-266849.78880987165,-2025342.4774875182,-896604.7964258549,-34212.52944460429,-2074906.1669745569,-219809.95938158667,2413855.602854696,-80060.01211885823,-5409.311876614105,502819.4230211688
353,20.027183678853504,76.4113870006222,17.020840098659654,-142207.5065357713,-35043.99234473267,-254306.70760762753,-791709.4716740407,-395264.22471352713,317020.4212910258,-885261.4272664811,-468343.0176666044,922046.2384449543,-287382.5303397973,38316.51334805202,677139.0050702755
354,20.521924697650157,78.34918529818128,17.02077656602534,-233967.03060718,280901.2618565335,-845581.3989268346,-667022.3326093493,-298360.0900540665,146416.09653937677,-920820.5270760608,-681890.709694838,804064.0690934178,-717843.9060107399,-7041.055539446955,125199.13492613881
355,20.027316430584843,76.41154537114956,20.72915855250304,-111865.72746420017,91380.35273209936,-449022.65547155647,-1186345.5174501906,-802692.4816122755,274205.25222381536,-1370521.226198372,-596413.5728253733,1497426.7688200884,-270675.1314368347,-69141.59580319819,720564.6471569086
356,20.522021262687947,78.3493511502451,20.729051676618738,-157676.09691229992,355287.2954487416,-564919.5381344161,-1060601.8523495484,-674372.9697059101,55104.97822614479,-1246091.2002832068,-481677.36759693164,1360460.228282164,-365936.4362910852,-4246.213900306067,280256.80207641603
357,20.02745204028239,76.41173401483216,24.43746487126655,-15555.006690841969,295800.26883360837,-348049.0970902031,-1608629.4882989256,-891891.0220166486,224879.0761601005,-1645833.2953268045,-460481.2193212332,2038510.6797006011,-206041.82955496834,-44104.92288988807,813774.4230702384
358,20.522118803173893,78.34954797919436,24.437348845508055,-94026.23892024654,444766.0418210703,-328518.02020290284,-1464759.109141021,-774221.1057778498,15331.108562521058,-1529327.7334651041,-287811.34819498303,1839360.864358008,-196271.48152491046,-14053.74555851681,401405.51424057706
359,19.996653125865375,76.29081266385825,28.145778737429723,221714.30531287892,565840.7523151438,12854.677210371505,-2131087.6096224184,-1074061.2742348558,214179.89787506117,-1930692.972556692,-116759.67610336741,2847862.3834984535,-75527.96845758668,-18967.46873194658,914476.0399209424
360,20.553124741188654,78.47085892945734,28.14565121353996,-144868.73664137218,568088.5153861016,-273316.0170913035,-2105161.892829511,-946209.9033809555,-33769.83548589379,-2152400.1869364297,-225729.50443355265,2528033.4530234085,-81891.6088064803,-5530.63765090279,518103.6340206495
361,20.81808005527933,76.20422436548189,16.729174482960566,-283050.6099492914,110161.08371711368,-358840.46014648175,-1316126.7229415746,-933360.8688621547,286134.2783407315,-1581164.12798888,-602388.3711967329,1651822.512806953,-302324.1891357904,46214.50471763678,693525.0967702199
362,21.3430224585044,78.13400963121275,16.729105766368175,-274580.6210842621,692488.7443430324,-907114.909929612,-1109542.304981738,-770565.8420551588,144978.36472278924,-1353438.373918,-764608.5329424567,1628840.1201896148,-765233.1111044213,-3847.6450726235303,108854.99596825422
363,20.818222887372006,76.20439923052143,20.520825019213717,-282122.814484257,446231.62838466803,-547465.0480168374,-2054537.3553694785,-1722097.885291693,234708.37089722353,-2557431.635746315,-667718.8650552607,2841794.26668515,-282738.26243830496,-70143.46637204493,726743.0635293801
364,21.343127592479668,78.13419290237748,20.52070978355362,-231899.35664464714,865916.2387108493,-599611.6461129852,-1829549.722683221,-1482793.9574655995,41179.24971877772,-2177253.4376723953,-486688.2410195389,2698346.9146451517,-378658.10676777095,-3198.1963693294397,273970.56876932335
365,20.818368977589255,76.20460585231649,24.312463176270818,-190126.19603822433,864015.8932765132,-358568.0335437287,-2841516.8186637815,-1880441.8042142487,189581.825267518,-3040490.890574592,-481764.9501690577,3837577.5044382093,-214475.72543547166,-44941.86554858078,819140.9212822632
366,21.343233839817774,78.13440867246251,24.31233889256523,-186198.77435977996,1067041.1226974865,-297072.9868521428,-2565817.057537686,-1646476.6909930587,4737.187725029553,-2689418.609425098,-268700.88841634576,3541888.859327009,-199252.48284504676,-14833.420622555495,405387.172115736
367,20.785692083164474,76.08420216615517,28.104109666448604,87655.85087003483,1355643.813024593,116022.6454858497,-3769104.4012274724,-2170487.368847369,196486.14014290884,-3575274.697145216,-60040.740000582824,5194637.746526279,-79545.59181920905,-19860.78045715468,920957.0097914014
368,21.37613548171867,78.25523682518316,28.103973355895427,-213292.54105460172,1362726.3735080664,-163460.94110655453,-3553055.239022215,-1905931.443648652,-30894.622558672858,-3542246.321451452,-148855.7983721719,4677075.011170532,-84099.08328182226,-6596.92865181888,528605.1365455221
369,21.450637627106296,76.02566286868131,16.43750881329103,-279065.02391859057,141850.83928833797,-345221.15630554897,-1304254.4128152744,-932174.7011117939,298954.4669340376,-1545899.896878452,-604202.9563140756,1667667.5122567269,-310065.84634961793,49113.67976222795,700464.3125889114
370,21.99367084655908,77.9505272373423,16.437436503104266,-275544.45710883423,781469.7605759448,-927310.1310102753,-1164382.1817595928,-846708.2876394119,152283.207612949,-1418993.202777964,-771462.0834194478,1769070.4586542477,-792694.3912526465,156.51348817549282,101995.48640808536
371,21.450789414241083,76.025851356273,20.31249241955994,-275986.39258167974,490280.35033938603,-544893.1257094109,-2041434.733694456,-1735009.0742252432,248451.4240257539,-2527038.8954999777,-675791.58642505,2872231.3139733234,-294472.8223389938,-69701.21385199182,737351.0300473133
372,21.9937836497611,77.95072481577367,20.312370705588584,-230524.41891867353,984895.3020627764,-605409.7457203035,-1935554.579921038,-1627676.349446012,46687.21251692606,-2302574.292010785,-488668.4790887609,2940203.9085233454,-391834.70807411394,-1324.4532619334545,272541.5456441664
373,21.450945180601263,76.02607397693814,24.187462364126784,-180819.91229622345,917539.4033658551,-353665.83737267595,-2825536.816397182,-1893845.5189265495,199380.4023584877,-3001966.3996774317,-484505.66764163977,3869525.721016027,-222995.7546555,-45399.124625232755,828019.0417021395
374,21.993898073731245,77.95095728705837,24.187331410054597,-177931.43909073033,1209160.1517757755,-281810.1570535381,-2726932.8208435867,-1802982.989130648,9070.092629843119,-2840746.0309064956,-258287.0126631514,3848451.599201153,-199371.2578558271,-13455.372725339555,419743.3905455263
375,21.417146590831607,75.90599293731377,28.062441217056303,110764.82919014356,1420375.0374148278,134072.91190170572,-3735389.6078198683,-2177725.85135118,205221.69911824053,-3504488.6907088477,-49427.602961508775,5219129.072177032,-81526.26469388427,-18612.87499004648,938258.3381804505
376,22.02793771445319,78.07149366063213,28.0622978314948,-200029.19692568225,1551428.8429939318,-134367.74833822262,-3793717.2908698968,-2089747.1233409506,-26420.357298829073,-3747403.2065816587,-127305.67985453129,5091740.784166218,-81397.02482678065,-4995.307817771122,551664.9122570958
377,22.083242599646567,75.8472705732144,16.14584289360421,-287166.40596546757,204279.41976024577,-343692.648947918,-1370285.60862986,-1020971.4857123498,306482.1595817873,-1618936.0281473873,-615948.4453596973,1808304.8383539447,-319182.6457830449,53044.1276847378,698736.5597807376
378,22.644270959185572,77.76687609720531,16.145766878319293,-281404.31774764514,803796.8111467068,-944566.2763688085,-1146251.2717021662,-844641.3022930397,160816.1508843835,-1409835.6915678445,-780620.6802579946,1768282.5888560913,-819004.7102159668,777.9560947727953,89449.35971886531
379,22.083403672158916,75.84747298649471,20.10415954265384,-279191.65782805707,598056.4943057834,-550758.0929533613,-2160626.091152304,-1895198.230107926,254750.83967362056,-2674171.3626287365,-683507.7952273719,3125785.901380473,-304185.785152259,-70513.79000264374,736375.0513335203
380,22.644391618827083,77.76708835909206,20.104031268208846,-232777.65723532927,1018894.9070876081,-611157.8239173054,-1917584.5374800072,-1633437.6914396272,54727.30520162312,-2279482.8760747863,-498198.93148692185,2952641.233496681,-408285.738625014,-1423.5281764680758,261202.14283859593
381,22.083569357678222,75.84771229288955,24.062461203431464,-176238.26184103946,1070179.0456394132,-342261.37493457616,-2993544.807214536,-2065999.9255478852,204098.2328919255,-3163701.7144366778,-479518.6253381026,4194899.748638578,-231540.95817395518,-47113.62348266231,824645.6165494267
382,22.644514692931608,77.76733819328939,24.062323501338405,-173721.57288271905,1245984.0136555792,-276319.3393137728,-2706474.316641357,-1809677.9663225587,14726.86687169576,-2807508.6000734936,-257980.43902410992,3861432.140556691,-203138.87457997867,-14789.496525590706,420781.39780818915
383,22.048655380592077,75.72797582385635,28.02077238261552,136725.87153167278,1635492.8745343483,177660.04433345658,-3978377.2677442497,-2380939.089335266,211347.97051700388,-3699392.6104115904,-18294.462693224672,5667565.863504292,-85923.3766543565,-20408.57666919465,935649.5740798112
384,22.6796869659511,77.88756223575665,28.02062187531712,-199849.80723881372,1587845.2116957281,-133335.9940297032,-3765094.5068075676,-2088322.4790022878,-23043.02018167014,-3705662.914388108,-129412.67593416014,5089735.000749477,-84454.21876663511,-7588.5986049923895,557940.189675882
385,22.865787667238127,75.61050900465516,15.854177480920178,-206688.80292415468,82653.4101668913,-253542.89036442686,-884778.2621899795,-494862.90533328074,344248.9560947456,-965148.7902899644,-513110.8150200813,1100681.3221883553,-329308.49763732177,60304.8887892361,707650.5371762381
386,23.45675205537302,77.52116182243347,15.854095835269662,-313410.3273964715,424915.7603529918,-974562.1276945943,-727021.3505097309,-377995.7278130849,162727.23624171395,-1071152.6910121455,-748997.327056806,957093.3233308778,-855445.8022863137,1890.9143241000377,76598.89202562226
387,22.865960590572122,75.61072937302316,19.89582664176036,-195205.90937751674,274539.57018078543,-497407.28548752714,-1344121.0229928812,-1006261.6180553677,282901.1989500361,-1567494.1364453044,-658534.1277816352,1807954.63954268,-318371.1673630827,-71088.09343324033,739181.5069556816
388,23.456882889597175,77.52139320424,19.89568956750254,-240248.2695180111,545296.5781901754,-619669.2796850748,-1193688.5823758596,-850120.4813338956,49705.92803395282,-1435064.4952775326,-524233.52550233126,1644677.049766953,-419192.7647558786,1295.6758869835285,263934.71678928804
389,22.866138345026258,75.61098910960986,23.93745998453687,-109336.05370290065,534521.0849524429,-374009.3338710343,-1817388.8673248356,-1109728.680201537,218953.38439233848,-1871376.5621851718,-496818.09872294386,2419370.358286624,-241646.3709881766,-48341.33605066264,828129.9938040348
390,23.45701705630693,77.52166437651346,23.937313706000403,-171183.4239947249,660040.7892336055,-332650.5234241218,-1663220.7146544375,-966897.356684506,3642.3824801243554,-1748630.1845727568,-293799.4111333086,2198636.437520824,-202950.60154804777,-14231.15561151562,436469.021035283
391,22.829364576475108,75.49183110369827,27.979103634376624,166146.76694213197,903481.920387894,64168.608773472166,-2403967.319954016,-1331807.0810648764,209841.71848258423,-2153115.473544442,-89143.24661508818,3376056.016263029,-89497.82036424511,-19707.56148893884,946758.5557741614
392,23.49407043495619,77.64134884468676,27.97894412626123,-250246.48594895285,840140.3501025898,-279354.32440483634,-2409131.954359316,-1170716.7470991511,-51517.75328077799,-2466725.7523350273,-233011.25295961372,3010276.5450434424,-82311.93907150227,-6922.9896470026115,584647.8880164326
393,23.813242677642837,75.3109012862248,15.562511998082122,-216232.49559950354,113394.48955020276,-254244.15029213575,-923063.6519202192,-519656.70672233816,360583.18956468895,-995237.4593227524,-527785.9338757808,1165941.2368570967,-345690.75206308917,73567.19674848081,731099.3733535665
394,24.416144917923177,77.21786158627975,15.562423156379158,-339564.3165602039,481566.06904382736,-1024121.3021211842,-779465.126584099,-425823.22414972953,176210.694767159,-1138027.9136878757,-796184.6574189492,1052093.021469264,-906147.1085745064,1737.485521755729,62972.591628385824
395,23.81343016688197,75.31114446483016,19.687493866866152,-207083.80899787843,313768.3694594266,-513875.8587450464,-1387236.6370833775,-1051956.8673576908,291047.2958168052,-1615251.4934073396,-680134.0508721198,1888194.2459959616,-331769.02869634645,-72894.33301470015,741335.0087371429
396,24.41628841481986,77.21811658149369,19.68734603823483,-256114.56094238185,610502.1475225908,-632492.3606597097,-1277086.5106670777,-939104.2697440758,56211.70380893331,-1533616.2196225582,-540635.0518334489,1796146.4973765064,-426896.29689135926,3334.715005928562,269999.3876292093
397,23.81362237331591,75.31142873933518,23.812458327926024,-114836.04210224008,579140.0594978197,-382880.8149671985,-1858891.4965078195,-1152080.442785357,224289.02401661288,-1910060.337425637,-509249.82866305014,2500733.3685170677,-251808.21145019875,-49852.574212630476,831801.0744974375
398,24.416436034033538,77.21841279315113,23.812301957688952,-181286.0345709999,731459.9908164167,-331259.9276780031,-1768174.0486432363,-1056860.3724283995,9848.083500410561,-1855079.7836104173,-299522.0630716254,2373515.8752494557,-202098.7188722674,-14599.059923864776,453008.20829140104
399,23.77611595903437,75.19252406025682,27.937434129743107,180146.4615516994,961418.1231985496,78553.07526440153,-2445883.3776570805,-1381290.0979947394,218717.8465887351,-2175072.915890069,-83505.08607642601,3478695.661981146,-93307.32649982096,-20287.586246526804,956725.0915670954
400,24.454247705267182,77.33788965394712,27.9372640846251,-262350.70278817555,928017.1416188998,-278128.0206556858,-2559430.455784685,-1276973.1945137307,-46000.47553734242,-2613111.7305545053,-238067.4317853597,3238717.580514903,-80053.73213008032,-6798.1394437058725,614751.488628689
401,24.760721742213285,75.0113684555202,15.270846084577176,-229480.1045896213,160023.18091083915,-264853.6027305635,-993426.1179025955,-571292.5110190941,373167.93600447534,-1056975.2135678795,-553858.0812120811,1276522.7683706156,-360821.9807473328,85913.06778828219,753294.3602615797
402,25.375514105882168,76.91448814308062,15.270750031757682,-363577.2245257641,514949.20360381337,-1080180.6531584435,-805244.6347326171,-440282.2613705559,185286.44005069465,-1194649.2869461284,-830102.4612207189,1095943.0740864524,-964526.7138056741,3868.5787305796525,42554.199672507435
403,24.760923954175457,75.01163553658334,19.47916009812694,-227611.74392923692,381953.3592011425,-533409.2328324117,-1477291.9347498256,-1149292.4507092568,297560.9756030257,-1723735.228044965,-704348.1697207938,2049015.7802052528,-344516.70314635296,-72901.47817834935,741378.1222088223
404,25.375670935579915,76.91476766821089,19.47900144512381,-267386.12052963994,650440.8535923297,-642812.8943180817,-1311918.547371384,-977680.4016526073,60893.20771940001,-1573199.9822999858,-553991.403892292,1867433.2249368858,-435786.65822527267,6268.17501362739,267923.5987560974
405,24.76113098785259,75.01194507869754,23.68745557760979,-129765.58114189116,661831.1723762655,-389059.1739325032,-1964858.646144239,-1247869.1003696942,227399.8643379371,-2019405.1116494916,-520251.8233087102,2682663.3522600736,-259466.03311553886,-49934.75860125611,832673.8479137607
406,25.37583255660721,76.91508956810614,23.687289142220862,-184902.22077167843,768166.1349651634,-330873.6811291277,-1802782.1627779868,-1092964.8679798732,15732.436521845426,-1886518.7111873163,-304775.00811265357,2443683.9523643274,-202994.5246628084,-14942.938130168364,459855.7527668233
407,24.72289503397636,74.89330366222119,27.895763562332,185039.03497279913,1073543.7676914248,100784.62509797697,-2579975.9122616556,-1496767.1130906472,226944.3818960844,-2288199.848369647,-74221.05707376613,3721788.3332056124,-96135.8816508239,-20086.356892246982,962314.990850715
408,25.41440020600602,77.03434993278543,27.89558301942363,-268794.78535147035,964052.8578726572,-283539.2359245566,-2605937.1523815035,-1316791.414023867,-41689.24359791745,-2658813.1541031753,-246845.73414514092,3317377.7248449465,-80341.35653056377,-7298.085695421874,633618.8688044574
409,25.537135135003798,74.75521253469951,14.979180563165713,-359824.8667702164,521979.788027267,-347987.3676190227,-1649347.4763293702,-1337498.9376387077,330827.12925151194,-1898719.8917774518,-674617.5603130134,2387505.0057284925,-370645.59332171036,92641.28800012905,766909.8399412077
410,26.181568393998266,76.64844945387176,14.97907895713766,-371571.7244091476,1175633.0420598653,-1104147.1687922967,-1354173.438127497,-1121177.110981976,178470.71159055078,-1711061.4296834082,-885347.4516914475,2296323.030233278,-1007590.5062524904,4202.485029232851,31623.18864139677
411,25.537350183274196,74.75549978797372,19.270826569960036,-376874.78862152225,1062997.2878693887,-590106.9792001691,-2529244.87322464,-2433318.6816578456,244812.9142413117,-3157362.9553101906,-730762.0449699552,3984140.5203278447,-350580.7776331351,-75408.83604985407,740700.8107493724
412,26.181737333754548,76.64875012096128,19.2706589624469,-320754.8187549583,1463745.7478265127,-635435.1658358169,-2241068.160992646,-2112994.300504961,43248.756144276536,-2709792.4551191283,-525403.786694485,3742752.005049352,-447282.5991041978,6021.844269534053,261447.12064100415
413,25.537570694739525,74.75583152096371,23.56245359719467,-275686.1538122636,1627469.9431378916,-329326.2409512728,-3411440.476857191,-2586773.3833015333,182328.992586463,-3615715.846700685,-485242.34781322815,5123415.742888268,-265783.12330073887,-50810.975845215034,830418.9602805213
414,26.181911964894752,76.64909500279933,23.56227860588683,-266745.1923893718,1722445.1155739885,-242921.49085184466,-3097274.529765944,-2277607.965455255,1655.7203665798374,-3237090.691103534,-252844.47112196204,4702713.594558267,-204531.25810119964,-15535.044191269468,464957.2213654134
415,25.497494565222333,74.63782811670069,27.854094044596145,99419.82736338151,2351189.810452466,305634.2424374124,-4477877.668773824,-2964025.347273399,201243.1918828009,-4117575.4030734375,60007.648474195776,6813811.6348525,-99866.81808911332,-20912.89135952128,961774.5311232512
416,26.222344090266926,76.76775885069748,27.853904572683213,-320007.842358717,2152575.5625665947,-94145.00917234854,-4286725.129664413,-2601006.020876345,-40832.83734187227,-4233772.061672208,-118116.90552262761,6090311.678230364,-81053.83737257987,-8323.923752311666,647719.3413330646
417,26.157305175801984,74.53749122462457,14.687514980902325,-355650.0703929665,557669.0211128669,-328663.60901642975,-1636859.0989058712,-1314251.4066456174,342202.3448316468,-1848652.9215005166,-670769.5874612707,2392777.8506652582,-375755.6042271674,94719.98228152987,772820.1201737766
418,26.819485529962105,76.42468725714127,14.687409721174635,-365971.1247175695,1299968.9900022193,-1111236.8998485536,-1426388.7253217534,-1210813.3975154783,183176.28701775923,-1777841.647437548,-885734.1712525182,2486336.7841261616,-1031116.2967256687,9004.399130710262,29230.382936326016
419,26.15753148843323,74.53779492330798,19.062494013439164,-371212.57887957594,1102072.5271223027,-582465.2205902012,-2499591.966813891,-2411542.969093804,256053.9907556737,-3095217.6402352187,-734978.8939778841,3978591.261865628,-358052.2001856917,-75341.55981769583,745783.6933138086
420,26.819664941793096,76.4250051043692,19.06231968503237,-313830.45175939944,1624571.232102354,-629494.4088748272,-2358246.635427301,-2283615.1031353497,51056.83281088919,-2839882.05023642,-522804.5260149703,4043932.947719518,-459020.6430869679,7061.039938194773,261549.6543517366
421,26.157764175050485,74.53814592608205,23.43745263200168,-267716.0980875284,1660985.4980453406,-324844.9013159834,-3352807.0770411734,-2563713.172820043,190415.18207368333,-3534158.5728107668,-487462.98924048163,5090046.060693077,-272412.0993430067,-51513.63426633199,831028.9227392091
422,26.81985136476187,76.42536976622806,23.437270894713347,-251802.66718614136,1901760.731264206,-216985.654872827,-3253453.7841374017,-2456142.131409926,8725.797583002013,-3378189.385560496,-237969.9791539892,5049131.773919721,-203388.65444396628,-14210.2983965325,479859.90253805404
423,26.116590086304953,74.42053798526968,27.81242531829685,119579.87577752798,2379354.4199454845,316626.59498605964,-4374177.596314625,-2928088.213262642,208985.27835732666,-3986140.355997553,64939.616502486715,6736761.630204137,-102162.31742388176,-20013.110652875916,970146.2846365888
424,26.861403556923,76.54367454175524,27.81222882038119,-299077.55743087153,2383058.271771791,-53532.90965836006,-4511306.26474017,-2809552.2602187707,-33428.89497218028,-4416549.503616827,-91365.93104336053,6538363.239342745,-78023.26126617097,-7129.804048148908,671182.2765040363
425,26.777533232059827,74.31993594169043,14.395849025120746,-359394.15714345744,661436.287762078,-319422.6437704136,-1720737.153946558,-1416732.8461789493,347784.6625504577,-1927132.5891279222,-674436.915410337,2584188.9913864676,-384797.9834747546,98852.48089037057,766384.1998801103
426,27.45734457507452,76.20075965571786,14.39573996837932,-372704.8954921527,1316452.319497896,-1121526.154997596,-1407061.7040411485,-1186668.9209896608,189347.26002564954,-1751964.0468647028,-896517.324054629,2470702.6399274785,-1054406.336848192,1863.4989619543944,26954.865778730833
427,26.777771097628058,74.32025631875891,18.85416092251402,-367467.08120738715,1258614.446492325,-575569.0960974435,-2630287.4321160903,-2594229.9536018763,259203.1727574508,-3245282.270059072,-730541.2443223071,4291401.783568875,-363970.9156742896,-77138.01255237286,737462.6377788523
428,27.45753455219877,76.20109499052761,18.85397993798409,-317629.8221661748,1646551.1405621949,-630459.5094445082,-2324235.2895995616,-2256965.708234248,61274.895795629185,-2786497.8104673442,-534787.6030108894,4019747.2224297444,-473381.8116644062,5831.203975152066,252416.3535540268
429,26.77801605271116,74.32062688963076,23.312451095398504,-254954.44481662766,1856107.6109321048,-301201.7556296628,-3510954.645109244,-2754302.2715698504,193265.70470694127,-3681191.450653785,-471224.26153900195,5452367.122678601,-278393.96629698755,-53127.693837125364,820568.5932767262
430,27.457733159310543,76.20147962866119,23.312262698019506,-247758.81481645233,1914952.4888743479,-211614.78637696488,-3193590.683893581,-2428929.2490475206,17263.690186098192,-3303182.7546437792,-241431.96919779247,5000193.611522503,-205121.0190824499,-15464.08540862595,483200.7556308977
431,26.735751458450245,74.20343551089714,27.770756037143723,156956.57465899468,2641627.0588384233,372042.3839295536,-4592914.539937155,-3153448.7467843257,214001.43519951167,-4151198.177759772,106053.27450577628,7215770.920680964,-105629.91522748645,-21306.94475354367,962852.8621156765
432,27.500398505401396,76.31940465320102,27.770552599897314,-301488.3772946863,2379344.8524997416,-58456.38152916229,-4417957.124588522,-2767462.9454624085,-27122.855788545825,-4317728.877321253,-101685.79381912292,6438814.764816267,-79589.91105193461,-9413.630315608343,681533.5333682474
433,27.54376392584022,74.03476189557783,14.104183594710701,-301609.91550080717,335143.40289068304,-251810.24602465157,-1106520.5114762492,-665345.4365979014,382532.3710091971,-1148483.040360826,-569751.7520406267,1499958.0337666771,-394582.34451833635,108301.67152630923,768186.5783388084
434,28.252892991649475,75.9047814590236,14.104068582364528,-441327.9255013505,698645.0359894219,-1176869.4288928919,-882183.8759335028,-514575.2548665504,184909.22455061338,-1312013.9858104172,-904668.3687796599,1297130.0361852562,-1085865.068301395,-5792.916479026465,25500.159530434015
435,27.54401628513883,74.03510343873134,18.645827715285684,-321422.31326225266,617795.195186415,-563049.7104349649,-1620834.8837091664,-1342098.6279943958,277218.3908400489,-1905895.4981975516,-735450.2423064014,2374668.9119931506,-374081.0324863221,-78421.24917331184,729243.7487919906
436,28.253096517661234,75.90513913800577,18.6456379749751,-356808.12913509004,877175.3218575498,-672919.5739101178,-1432897.4640760915,-1153178.798834727,53162.10014067928,-1739808.9440405664,-591042.7745248717,2178299.3373777797,-478341.1991604456,8393.8360605491,260528.82293446074
437,27.544275707414926,74.03549684670476,23.18744942194788,-235776.88818640693,930880.7732784791,-401680.4782154673,-2101900.0657138336,-1445750.4759116974,198480.14057477115,-2189460.664334144,-533737.9112645002,3016621.9824752496,-285273.1386952762,-54469.012293887536,813467.8112193239
438,28.253310192266568,75.90554710635112,23.187252851476504,-266967.05355462345,1004774.0704324519,-320967.00376424816,-1942642.3189757697,-1277152.7046828768,4896.964905313839,-2049000.8734744822,-309038.75217091414,2774879.6387589765,-202944.09825175066,-15333.213829645285,501239.0285244518
439,27.500192326475936,73.91900171965469,27.72908683778573,117251.86731181922,1431141.573281091,154745.61855480407,-2728086.219185274,-1732311.5794653236,203899.90849987481,-2410460.6201309133,-38976.251505679444,4152575.930784308,-108855.17672944615,-20806.5095262867,963246.2727278585
440,28.297821608840216,76.02281835162613,27.728874829046287,-384459.5314696682,1246854.9504797421,-281377.0219724954,-2803448.016753717,-1527335.0976730457,-57184.39347078325,-2879165.7848353568,-256901.01432600323,3717085.1961989393,-76924.29385276683,-8951.0008086855,709835.6216335003
441,28.470658628928344,73.676567087415,13.812517962286122,-312375.1971360914,377410.10618466756,-252370.85667401782,-1150316.1159416295,-677709.3689585367,394754.3326239204,-1179823.3026194975,-575181.8630815338,1567669.2180755893,-411862.43819638074,125942.96166577277,784111.2513676437
442,29.191470094992393,75.54215621547978,13.812395411169865,-467961.68658677087,772223.9690660408,-1215339.5295893955,-945049.1914435669,-562774.4808048449,199130.3915965828,-1368335.7992710161,-957636.8462690994,1414895.3984299898,-1133371.800442954,-19583.22024084336,28224.36960482046
443,28.470928403494106,73.67693502742456,18.437494378564175,-336007.3848323405,659522.2654077141,-575002.845848899,-1650222.5523702772,-1373072.5671022758,277930.5738345897,-1938280.336088802,-748858.5434408195,2435650.9142560973,-381919.28837222524,-83222.43849012768,714267.7215822869
444,29.191690325932402,75.54254085048518,18.43729420920521,-368821.61403800745,954063.5441318761,-672683.9698318762,-1517735.8233274962,-1248666.644003782,61008.339794610656,-1832976.510371097,-601740.655541111,2347275.1261742,-475922.3306932579,8187.836718026298,276953.0968470531
445,28.471204630562525,73.67735458618208,23.062447119223233,-242009.23352009273,967131.0137666822,-406330.33381226595,-2111346.7174466006,-1468715.676488494,200201.3877664799,-2197914.1757930904,-540433.9298654748,3057139.55209289,-291958.84654731303,-56199.743991008225,803176.8983889262
446,29.19192163396164,75.54297490585347,23.062241277716716,-273675.19005241,1082605.788068717,-314286.58043918235,-2031110.8230394651,-1367663.4101437381,14447.805525517479,-2135966.6866653836,-314962.3663025402,2945573.0705450485,-199739.56208723286,-16111.81539183746,521809.9078161301
447,28.426406825881088,73.56116008721281,27.687416784543867,131186.109409052,1470095.1446178597,166556.01617616933,-2719293.6695961007,-1760348.1667350072,210271.30884066384,-2389641.5200089794,-34152.50963987556,4191631.2998519363,-112250.07479312347,-21580.76020471579,959597.2024087945
448,29.237179463868443,75.65999320894737,27.68719499702268,-393360.9512041177,1338261.5094413888,-276414.5681569068,-2920958.297299527,-1634118.036780283,-47629.25856395579,-2992806.969097971,-263615.97486323724,3924908.9340415723,-74093.83754998374,-8581.908338804238,743132.5158019625
449,29.39758246418767,73.31844665647903,13.520851434142227,-324422.0942477158,443430.033994815,-262699.77070357295,-1232607.7644055134,-721230.7298859061,401052.6956952685,-1246548.0217015818,-590837.430529766,1693693.6212748734,-427695.90266005637,139933.27575945194,797420.9328978597
450,30.130019534300867,75.17946034974379,13.520721697725637,-491572.70803428505,802526.9301503204,-1263906.3950533671,-973617.9316748918,-563433.4306405464,210194.6527747198,-1410271.2478354918,-997892.3397961992,1455211.414694359,-1191359.1625707783,-37437.592292961475,33674.441542627355
451,29.39786914374786,73.31884148566661,18.229159496817484,-358924.55595954845,743630.9808933896,-586513.5682420054,-1728790.516202638,-1470621.4508670224,277166.7993396097,-2037078.2165592888,-762921.7358956386,2598192.809146763,-388774.1762762209,-86876.80313520423,694170.510006669
452,30.13025705998486,75.17987196304354,18.2289492245839,-374165.1971020403,985542.4549457396,-671015.9925356637,-1540679.2108223708,-1276106.3162502132,66312.13647830371,-1853745.1833777337,-607747.4150964272,2401853.863782197,-472458.483930602,8849.73177396366,287447.03182858974
453,29.398162213288444,73.31928684100254,22.937443332064625,-256522.44081680197,1056245.0366700727,-404683.5360856021,-2190462.1100032195,-1558615.997368763,200521.41512586348,-2281951.6186367143,-544323.984266757,3221314.66267114,-296014.9042199087,-56574.09335033867,791685.4636945315
454,30.13050606687206,75.18033165808161,22.93722856973558,-272605.99630902184,1105026.8229275509,-311837.2334908198,-2037018.1088694343,-1387039.0703656236,23820.40172544825,-2136511.81641489,-321551.55885797896,2978646.968400579,-198064.71609146096,-17152.861882318404,533949.6726132468
455,29.3526536002216,73.20340208383325,27.645745362679563,138119.65093737928,1582135.0078772432,190399.19862695967,-2809825.840593108,-1871031.3413982566,216195.46520566448,-2466101.2988883774,-23417.12734272594,4400172.283672686,-114096.0035570754,-21404.77493067612,954564.1310394576
456,30.176507145049122,75.29708762354828,27.645514089052682,-395463.40635103325,1350614.3000118774,-283000.6692546564,-2919773.3170991624,-1654646.1554908725,-39430.096748148484,-2994394.0450742524,-276400.8548556711,3942945.1243361114,-73348.13605966368,-8885.450413813482,767326.4366652826
457,30.156483510745048,73.01430165201435,13.229185230669996,-431921.83572270506,1117088.6941127947,-300323.98942772,-2055731.8477918364,-1688508.9988526541,344709.2888450936,-2191381.62672476,-686205.2908738856,3262429.786561015,-434901.670769481,143485.45012863644,804161.795504794
458,30.91788501894389,74.86360134679897,13.229050346952283,-465937.3415609512,1770017.7350173565,-1231082.8451673682,-1661981.9147837458,-1433894.0661550467,201274.5835520925,-2004853.596215005,-1011068.3058609786,3088919.450365022,-1234822.4294153987,-48062.60121568347,43019.74283316953
459,30.156784187171844,73.01471843050622,18.020824994040677,-468605.3184157631,1817103.6141581556,-570570.2479061277,-2923666.8550314438,-3079493.2451811433,215398.9351693487,-3622960.157554959,-731472.0412808019,5132360.246672025,-390207.5730248394,-93405.70222023968,675894.5205985173
460,30.918137814216653,74.86403525178353,18.020606649308505,-401361.79232590087,2124746.580700324,-600900.7065086451,-2602921.456859144,-2704872.4897047863,41651.56773781908,-3142563.6653344296,-536955.3588026748,4802003.106002882,-472765.54945012665,4708.337006479854,295229.08392314136
461,30.157092409790767,73.01518598520099,22.81244053933061,-356152.33112320583,2419181.783275987,-260539.6526144906,-3738587.797633904,-3193607.154456445,151435.79845880167,-3958448.8039003317,-449833.87682340737,6210772.48026203,-299946.3587560208,-57549.83708367484,779163.1295214456
462,30.91840276315388,74.86451745700988,22.812218345595767,-339207.06347401324,2372861.889501062,-164164.27981669793,-3427541.550366271,-2836575.144652582,6378.761079613884,-3585915.525117144,-240583.3111357158,5695989.382463211,-197390.00057727363,-17909.774868755736,544906.6220351949
463,30.10978759682663,72.90005418960813,27.60407519341865,115530.07501265744,3296774.582360364,493017.19225869176,-4786931.680435226,-3652992.582600571,185229.09249374727,-4331785.268878924,180117.04096553134,8056990.077545109,-116960.03045512536,-21811.139003019263,945794.84455597
464,30.966229426391013,74.98056230695092,27.603835984217216,-425922.17895670363,2872276.368259835,-23481.131834637257,-4674013.8043325385,-3215009.042803827,-41543.386659124575,-4631155.629011362,-111219.97229918302,7165248.658779038,-72750.14420549777,-9199.60361955652,787509.5475396416
465,30.761846200724808,72.75827371620151,12.937519030787715,-424844.67131924373,1136140.3514480046,-281104.7248738274,-2036700.018522472,-1631172.689472703,345882.7718578679,-2130253.0926436447,-668036.8217580724,3228480.869656651,-431021.47231979005,134564.73006911424,803392.2546675429
466,31.540582237505618,74.60043642596142,12.93738112541233,-452156.34647206066,1914503.4490204724,-1225948.5309994132,-1756220.9245476157,-1526686.4702460784,205688.56790575985,-2069776.363017279,-1008428.8539306072,3314603.788496886,-1254353.0199538027,-47267.280181380665,60089.94491932968
467,30.76215826094221,72.75870735250592,17.81249174644239,-464587.5948351675,1827340.2700188628,-559363.452328459,-2847991.5141960373,-3011510.3802821566,224833.65021131682,-3510189.3455118877,-733244.7558338915,5046823.324201012,-394379.6024187693,-95861.6562033049,664052.4525676756
468,31.54084760886812,74.60088731035215,17.81226760891954,-384689.50981215574,2303949.675089969,-580325.334824156,-2707890.2946895096,-2884852.413272213,48669.3379833293,-3258330.3007702543,-523036.4373042331,5120301.568528145,-475654.16995601327,3375.981137412877,303849.613018292
469,30.762480132213035,72.75919396551521,22.68743908260888,-349992.6987080347,2408047.578505686,-258924.36960540514,-3624978.655174045,-3122565.030495582,158614.3411870299,-3827033.605406913,-453970.48024391633,6080134.595843076,-304996.3044028396,-58817.046466857246,768533.9824758305
470,31.54112661382533,74.60138878595832,22.687211164129813,-316614.805869016,2565008.198143785,-132086.23674209358,-3553798.9712899267,-3019064.486330887,16029.873005042102,-3697885.584427733,-224131.1271160171,6038323.867076429,-196019.64131442358,-17319.293582645594,561496.7356518107
471,30.714104795454027,72.64452648332528,27.56240609862594,131037.6559716576,3256832.808073919,491135.22492001666,-4606505.9096575,-3564664.4079703256,191987.49717928912,-4143935.3435671492,175031.4413403268,7847909.591192418,-119612.52882852916,-21402.322510885155,942048.3528552591
472,31.590050282478973,74.71700592625267,27.562160758720612,-396986.82700467296,3107370.800276355,21788.089425547747,-4846707.109298074,-3431803.025305389,-31957.339726350234,-4771180.52727774,-84809.01335177636,7588161.603326749,-70204.28119814086,-8180.627596517251,810795.1620704813
473,31.37300416061275,72.4999041136671,12.645852269323342,-426798.64170170185,1200363.6582856867,-272954.7624614557,-2105217.938332537,-1698713.7513297892,335455.7443467242,-2202507.7873324505,-655089.0843547746,3358207.125809756,-416996.6404687085,112988.06320449017,788167.1204226303
474,32.15748614731566,74.33961669312549,12.645711138676319,-457185.8600779049,1909363.275948338,-1237421.9947125032,-1785861.5143021292,-1540061.8955626886,204971.95687983482,-2101177.182646393,-1020954.7320859244,3336887.3358902475,-1263629.6906028923,-57037.0902199165,81346.25257421643
475,31.373326876112202,72.50035335065552,17.60415777748528,-469107.9187555949,1918027.498799256,-553226.4278875091,-2907692.0499169314,-3122833.2350891973,229714.6785814661,-3591075.6818671743,-736769.7717838049,5223538.605807131,-399864.6005556666,-98876.58088563642,644528.2013520921
476,32.15776322074174,74.34008301331012,17.60392812573091,-389664.25929138064,2320358.7736236406,-578338.6728134204,-2709127.204217246,-2907921.2624395182,57163.96402472965,-3265115.1750882408,-532581.9928303777,5150053.009437459,-478131.47135276045,2839.1062858014734,307267.3113363966
477,31.373662591649612,72.50085907204937,22.56243689519197,-348439.4808405255,2505101.5755475243,-246768.42201747862,-3688714.5807156605,-3232819.480247895,162024.0960257789,-3900733.1891575158,-450905.0265085274,6261531.888355567,-308286.9768390815,-59865.41272518132,754586.3108052644
478,32.1580563586503,74.34060355375732,22.56220358523649,-318370.6815415013,2573016.6609820565,-132288.52953926963,-3542721.0472562625,-3042774.64436612,27110.011384380436,-3694814.6186474217,-236890.41576116296,6054062.484309873,-197112.30993182687,-18193.08242732602,571144.2006780256
479,31.324941203571896,72.38636312091863,27.520736343908766,148280.49522989255,3370527.646190576,515889.45296263136,-4680381.167150564,-3697336.9802653953,197233.1495978764,-4218125.480610938,187388.9566760852,8065434.118317952,-121986.95734803088,-21830.41496032798,933712.1524138389
480,32.2073528649637,74.45608567267153,27.520485142220064,-404542.73548806855,3095332.8110444564,15415.240061442135,-4819616.586463123,-3455456.0867887824,-23009.398181660563,-4765538.836607592,-102093.36181788713,7573837.514043306,-69074.81653568502,-8460.642848433887,828438.7292906445
481,31.823683182611102,72.3060660870768,12.354185821741833,-167334.43582248886,3593792.423109851,-154266.82500601828,-4401419.1599184545,-4694908.364126834,194243.7416758132,-4863477.348358799,-355057.9924999299,8490726.50314007,-413192.96596283605,96095.27960351096,778616.3836727729
482,32.62536450772487,74.13831728417827,12.354043791840276,47904.701350591844,5018423.535355154,-896249.6364763379,-3671376.68814405,-4214816.284440311,127491.38653143232,-3924676.921742008,-443968.637041575,8538724.159012992,-1272110.9061838891,-39111.74167870079,86279.65136283719
483,31.824014257652465,72.30652657813869,17.395824182015946,1051.6968760567252,5511341.597917617,-237974.8899899493,-6171485.166608368,-8130560.043368037,94370.61667797534,-7856560.543807361,-176133.28649430315,13307112.235105388,-392360.82795411564,-111344.41172440418,638728.4310226045
484,32.62565065070733,74.13879509181893,17.395590837301828,156680.6967764832,5981679.506142637,-178873.76612775214,-5527061.493019186,-7294808.48288947,-33444.85216573963,-6698120.534536983,68123.61925837313,12589483.352069978,-486403.76457860274,-14342.38639065091,317148.2544073103
485,31.82436189811282,72.30704836488863,22.43743561582843,312854.0604001675,7019349.079731428,481705.66103654425,-7925148.350775814,-8347399.500111481,56189.97012858879,-8230667.110421728,337123.20303376555,15707452.708556103,-312299.10791474784,-61094.50058151167,739474.7452553653
486,32.62595588655899,74.13933199478383,22.437198152176617,284768.62001881376,6660382.446544688,537991.9885146474,-7255435.79726812,-7511578.424272866,-45177.81570318326,-7392515.321966335,453069.5593458035,14422588.817698687,-198291.9950517587,-17809.26150987806,579321.3573817385
487,31.77457673624111,72.19303439795571,27.479067698582867,1083265.0764542818,8942556.654928643,1706749.2414051313,-10191827.086561225,-9264434.356015533,139611.88781126516,-9049506.877411954,1289940.8959525826,19492136.95424743,-125279.45995311002,-23177.39694638412,921239.8870744138
488,32.67633911140449,74.25436358909879,27.47881201995667,394606.1396259493,7927830.881329903,1045792.8113324738,-9569104.137412032,-8257314.482012684,-43708.00221626034,-8883536.420327365,815497.8234115248,17436268.429204166,-69093.69438455312,-8993.064080068893,838977.825199787
489,32.12248338568702,72.17302746818109,12.062519480640784,-171456.11667685327,3472549.118558309,-117827.56557463529,-4198661.999319004,-4417314.8161876965,208061.30222165084,-4559630.076155572,-353767.06533442345,8096662.577796815,-407872.51457604585,73788.3047363539,772114.9379295015
490,32.93561669050476,74.00026800235383,12.062378787389008,113633.53683436546,5278600.758050293,-833258.3248266014,-3782516.1077688173,-4353501.210990877,122846.90550541267,-3967866.2195679643,-374701.44040193845,8901543.630027961,-1274355.0344927823,-30941.947974210852,102450.97314835369
491,32.122820916264054,72.1734954553589,17.18749168993243,-19725.846534559736,5339286.246135555,-225574.05612156424,-5893913.669656574,-7794200.197323929,114980.2070125679,-7487052.134297698,-204248.93054251082,12785287.408319639,-394082.1613840051,-111804.77785585192,632976.3173714884
492,32.9359093957099,74.0007536651838,17.187256674975472,233462.2740886181,6349934.957587157,-125250.89133223682,-5693604.58735875,-7661991.310292413,-27969.49582658196,-6903611.304052199,134437.5625767308,13227320.081819007,-501308.5122182893,-19668.470393729527,316144.6543892033
493,32.123178618261235,72.17403048542799,22.312435474674587,278056.51006917655,6803149.497505029,455245.17960457737,-7578666.506282981,-8045294.030183693,71541.30044548026,-7878376.653063244,290330.6076411582,15124497.232600871,-317556.6874148743,-62294.83023145107,730545.7185728606
494,32.93622454627365,74.00130412652001,22.31219517734383,373884.3011867467,7074967.933445793,620250.9434967947,-7496616.484783891,-7922041.688458319,-41064.62146873876,-7629169.112766233,532136.9919144326,15166135.298981143,-198931.5290261362,-16761.022870478635,586669.5235712187
495,32.07268752964959,72.06034313728493,27.437399865082146,1028870.880404609,8625862.308861678,1640861.7407130734,-9698491.372785091,-8886450.202082358,147973.67115827638,-8599661.906974487,1218511.8391048077,18676744.997849047,-127835.2274198493,-22632.610059596707,919406.4946824042
496,32.98733323738801,74.11603616162225,27.437141237566916,510216.37938897405,8459983.69672721,1168362.8277787666,-9935483.0017648,-8744939.002526645,-38200.76187721507,-9181218.44409217,923373.957251631,18396407.390735496,-68395.10297604198,-8496.238916753777,848122.6314564769
497,32.42415867159768,72.03876378795377,11.770853086950824,-144922.11353594507,3578091.7124798666,-82050.43689689972,-4241295.402882329,-4497121.550026029,204813.5211822309,-4587177.979491689,-319747.99153231824,8258045.13307103,-400761.4260703938,53316.81016987947,749244.1094836976
498,33.24299453177484,73.86344518616454,11.770713192631723,98018.70095999958,5135649.727973371,-820238.4298584755,-3687484.2054242506,-4216312.05866831,124740.75186797517,-3853715.7366352556,-383843.28424257535,8650989.01995273,-1262166.8330731625,-25643.035335384404,113021.69555767094
499,32.42450252189978,72.03923873934502,16.979159001728323,17279.954901485937,5515962.837366652,-186948.59272303106,-5982312.580942737,-8007851.027949126,120861.88984532446,-7611369.435859363,-170766.86416548613,13128430.499569964,-394073.7731763246,-114650.64798579324,624890.504809519
500,33.243293343545844,73.86393817746195,16.978922497459195,215370.7498087061,6246572.605858551,-135043.2101373428,-5559703.017028617,-7523804.648972017,-12390.88559083598,-6757222.713635816,105320.35256321903,12978802.50660251,-517112.543015567,-23681.412959245976,313084.07369890367
501,32.424870344800865,72.03978705621518,22.18743514564513,325131.92736294074,7031965.001468528,500890.43636878487,-7703680.895922103,-8307664.199178762,75857.12334030293,-8028673.132578468,331102.36156779894,15555558.136210926,-321538.9153171824,-63981.484508731395,717574.6476271041
502,33.24361846105204,73.86450210866738,22.187192132914074,354768.41812958405,6965180.064064685,606096.2622960887,-7337094.9538208805,-7822379.991027153,-28862.969483636472,-7496158.719789721,502106.672208445,14920096.79207164,-200569.86981664284,-16699.66647891936,590589.2393255205
503,32.37403286587962,71.92627318416295,27.395731851424927,1098740.3822567784,8929866.962360112,1710369.427088865,-9893630.715332892,-9195004.864296917,150558.45572694368,-8779195.403395846,1280985.6925776047,19237186.482524,-130125.84833816357,-23346.247289115563,911756.142037944
504,33.29509327409663,73.97908777490723,27.395470381010767,473691.7714585813,8297287.778596456,1133854.8681558303,-9717799.023854379,-8612200.305444015,-30036.444818562082,-9015263.946835311,877858.9478312727,18042239.41721492,-68639.66685644319,-9036.5245546513,855744.6201923874
505,32.72213175647685,71.90389971748382,11.479186989164212,-142235.54959300742,3623587.511798414,-50105.49372279039,-4171897.5214036233,-4479010.2031991,197516.60032126607,-4505206.791905258,-296345.0262832014,8232798.286671078,-393182.5771102326,35726.83793005649,721881.6318279579
506,33.552356751478364,73.72342741764668,11.479047526195753,98766.10877923993,5139260.938798085,-788746.7848157121,-3636210.9673449015,-4203575.2390874885,113834.76737678601,-3809208.571598682,-356430.3962806815,8614919.23064097,-1241779.2648076382,-17978.04770147708,117070.97620477494
507,32.72248192506314,71.9043812270742,16.77082613291957,15691.003370509949,5596902.253122883,-157002.1573895032,-5932972.866735683,-8036450.215195099,114446.94185590063,-7568084.374815925,-153814.61630466944,13177490.090224486,-394637.33947427466,-118571.89310850108,616227.6622495546
508,33.552661440932106,73.72392754681523,16.770588137149282,210919.46178429364,6317874.65890735,-122804.62361578061,-5512926.36247739,-7554332.750708248,-16485.86740524398,-6729358.27973925,112315.2974670264,13023032.47934809,-530941.4157385707,-29145.18722852653,314119.73928967747
509,32.722859873462745,71.9049426811248,22.062434911762654,318192.06446710066,7133687.406485025,521488.51961117075,-7650789.771860821,-8380042.734911682,66703.71447814308,-8008795.888417055,344664.5010696236,15637499.377910722,-325928.2305365062,-65394.8279950419,705777.7115268591
510,33.552996678549746,73.72450488903792,22.062189197094096,346802.836991627,7053221.860071454,623171.8288764907,-7292144.329187881,-7893729.932801395,-35862.63591468457,-7485607.696576626,510922.9145268069,14997881.307989396,-202325.23775811182,-16428.299496776704,595468.593416169
511,32.67132056950879,71.79176422402918,27.354064172793347,1095583.2448465857,9053980.20827857,1733692.2770061265,-9834874.952441545,-9273359.211271485,137987.30104537867,-8743559.225228779,1300195.8576026845,19326619.097757384,-132731.60068581416,-23727.348531140273,905245.5668332037
512,33.60519306639887,73.83878216180184,27.35379984071315,458741.50639356486,8395461.808126688,1151559.07823845,-9672746.057023063,-8688263.648139551,-38615.65448945391,-8999960.565318054,885694.4956489879,18120028.462427773,-68574.2237739092,-9175.541400444226,863958.1777287242
513,33.022096756594976,71.76585789076351,11.187520704702209,-148149.84335328778,3539446.556280055,-34454.74180583004,-4026465.86867439,-4368148.8043141775,204969.5029400376,-4353988.5708524,-300031.4476097135,8010861.989583051,-388578.80412848876,20780.527691934927,690499.6788837346
514,33.858008789949146,73.58279061334127,11.18738161966951,129399.8946236223,5224264.870708644,-748911.4252231515,-3653856.367716322,-4294428.154954951,110557.68736997854,-3837681.98912817,-312842.37983589456,8755277.70907318,-1220482.6515159514,-8887.628045202091,112360.84333286967
515,33.02245343107062,71.7663458706616,16.562493571353883,4327.05582858366,5504861.371240085,-147082.01966095716,-5788778.346897504,-7888968.449468193,127993.60189851452,-7395584.03451505,-170027.78359578142,12927718.225518545,-395630.348475737,-122306.15767772248,606250.1401049371
516,33.85831918741253,73.58329782790716,16.562254168570497,248587.3987792367,6492574.90310676,-96846.35945361736,-5587346.870917275,-7759200.613930778,-8446.371618301773,-6845139.692998184,140430.70043733134,13349024.93499323,-542522.3020048516,-35177.91248731957,319179.04496042593
517,33.02284158553565,71.76692038909884,21.937434750008855,299068.72380179353,7020874.530700453,507140.1277797951,-7471771.367483136,-8266420.516147837,77716.63096012092,-7856081.124945104,315802.9567758388,15367361.550451307,-331024.0051822021,-66969.56974887123,694150.0602416516
518,33.8586645708649,73.58388839752386,21.93718644777826,392037.2552018389,7261372.924880373,664591.4123824385,-7405045.75963222,-8144573.017747517,-29351.469956821922,-7628163.807461194,545660.5071822881,15400504.892743558,-204285.34721520005,-16326.941306706267,600416.3574796899
519,32.970956903990356,71.6539175724929,27.31239630437946,1068358.0397488223,8890404.605276642,1698792.3111427955,-9588080.145093195,-9127045.0566385,144015.04400403294,-8547639.064340528,1259818.6764767664,18945375.344032012,-135595.7478460744,-24053.565168893285,899745.5220373451
520,33.91122647340602,73.69801722020574,27.312129217148424,514909.991116486,8662061.006273737,1213041.4636866273,-9857036.998210976,-8983540.881334584,-32037.43684467088,-9180538.49966925,933303.7715775416,18637247.18916856,-68440.43642342782,-9247.71811634448,872362.6494785547
521,33.31924295519777,71.629166780669,10.895854320020321,-98624.5285235286,3746486.1780175697,8542.224331807229,-4078720.695215826,-4557739.85127319,203407.62455469553,-4418700.972113033,-253020.99315336806,8328125.839092252,-388801.65222449263,17124.17318432701,659019.8045065174
522,34.16647938110955,73.44080343875916,10.89571554996541,96992.61796079995,4975345.835871002,-750634.0332558546,-3440518.337931869,-4081725.5702024037,116343.49423836895,-3647253.5480296677,-333778.35839376465,8302736.326999379,-1200019.0264135976,2705.6854567507153,104371.82074573188
523,33.3196063050437,71.62966129801123,16.354160830933,80801.90640846943,5853500.320239498,-81457.50471953698,-5953263.104877027,-8275941.672798816,129608.80216635783,-7619332.304657833,-96602.38428414348,13568779.410870412,-393849.3596369769,-128648.38337134448,594766.365314552
524,34.16679547286318,73.44131802617314,16.35391999536583,210425.22904886794,6256648.979381485,-118166.59360333718,-5327996.637642171,-7437419.454106082,9064.312650847343,-6541932.550493263,92239.22853083338,12798600.93678945,-552871.8209383118,-38066.42406538885,321869.54217880237
525,33.320004627707725,71.6302487075133,21.812434434187594,395612.74034130946,7457179.953047843,594492.6879799725,-7701063.396439419,-8708863.510712922,80119.15281115905,-8100989.533576348,403783.8624680365,16144491.052477436,-334615.3122766791,-68277.08240935642,681095.8707248255
526,34.16715105714423,73.44192175074139,21.8121835444886,350692.449747076,7010695.841838751,627644.9683023675,-7075207.202524759,-7846369.397172441,-15157.078452904267,-7309170.379147025,491103.16450362606,14807100.474531595,-206441.4519545167,-16596.543186146933,604017.5366670806
527,33.26742235469422,71.51759035305238,27.270728273377944,1207121.8332684638,9479242.54291592,1834989.5975035005,-9949988.761910692,-9659506.863093492,145232.09514736815,-8846725.872744668,1389491.10616769,19978588.740264863,-137326.69830054755,-24429.880961430445,891718.5586574704
528,34.22043090514211,73.55573334931235,27.270458421815338,445117.7807172071,8314726.522182521,1138570.3600795045,-9400767.230791515,-8616230.542270469,-23205.45343894466,-8783967.221951777,850485.5419990665,17831896.34293195,-68698.44673499126,-9554.618970575282,881564.8308174124
529,33.762310885908775,71.41851657639474,10.604188375349459,-447578.8793460918,1335283.0657863664,-166172.9647459868,-1877315.0639009972,-1721088.9855724378,299110.86235642276,-1990922.8002194087,-582883.2325658825,3295337.254479579,-375447.2665316462,-4953.008320478483,613520.7347413371
530,34.62650864582209,73.22215631300587,10.604046959059051,-416421.6465428248,1945247.9572192405,-1105734.3067177243,-1644530.4171675714,-1550662.381989756,145762.17602048826,-1996639.77638897,-854896.2116781245,3274627.992025784,-1166628.8217389649,-14158.159097566942,105042.35121754688
531,33.7626838024004,71.4190210575663,16.145827607675226,-500070.3461929312,2171731.814689735,-461990.5122272257,-2758641.0015710215,-3243693.240957624,220709.9004511284,-3472594.1223360617,-701886.46672535,5384151.545330988,-409978.5105196076,-118366.0547430223,556110.9383214139
532,34.62683281160194,73.22268210622445,16.145583515058203,-417411.8057977569,2528203.4019819917,-577752.6363576369,-2582533.1303397245,-3032203.028636986,64580.81785257434,-3212812.914064593,-546999.3923579304,5292851.26624912,-553713.3455298208,-19268.951818699174,312573.5352932585
533,33.76309464366545,71.41962384717348,21.687433633515102,-397132.5668592728,2802927.776137288,-203410.62187604373,-3531185.1526780045,-3455456.7657812717,141462.16476622768,-3838957.0696545397,-438225.0615770991,6479566.718633611,-339762.5614347811,-70354.18633539496,667317.290530358
534,34.627201353345555,73.2233014490726,21.68717910486007,-346528.39842181385,2833129.7673576903,-93366.32571661065,-3425450.4806875964,-3266433.240526437,24961.226350216373,-3657453.0673522367,-236625.25644516517,6287313.36701667,-207701.55571150832,-18168.568097813626,613363.627411497
535,33.70946476453735,71.30748063693581,27.229060031740577,137044.55221361574,3744061.207671673,578393.1954577782,-4493392.919580346,-3954241.839753877,161508.2532693574,-4094162.4852910517,231341.1026123533,8322320.338021767,-140164.59539347526,-24161.20969971876,885161.1641315749
536,34.68155375385935,73.33662904533065,27.228786176714678,-469478.1300196296,3385878.6300922083,58865.62575131073,-4706365.884006427,-3708356.817579089,-29804.57518718355,-4732101.759505596,-108566.61217216805,7815934.497501652,-67966.61916386527,-9080.431608253079,897255.3330250564
537,34.35977963079231,71.12990837208888,10.31252218943894,-459043.36688850087,1328410.935624678,-172880.40546832362,-1800651.1172152716,-1769091.6728512032,301988.5295090481,-1966656.2169784517,-607221.076417643,3270364.4566639485,-379537.6103563044,-8688.903617261161,561065.5125138969
538,35.2296163473876,72.93084628845165,10.312376217115371,-411727.3551732062,1969137.754514113,-1103040.974743038,-1623288.1007897088,-1654647.1117934491,149064.1990839251,-2055166.2888915061,-828668.2468997551,3338203.96038913,-1146587.8584754637,-7175.510525039328,83870.71575521443
539,34.36016556984078,71.13042720584095,15.937494184587186,-507314.6884210581,2169363.8899414805,-464043.55503126455,-2710284.186686404,-3260728.590471956,227820.19275931845,-3454581.3526249626,-713543.3212339744,5366130.320348096,-417868.5272543756,-124643.70037305781,525006.2967289201
540,35.22995131767819,72.93138766926052,15.93724515356998,-410334.9086411502,2574095.228272341,-568628.3430333259,-2607595.581752315,-3136169.9478338473,73369.64960108472,-3277614.5308052776,-545580.1688907404,5418326.6762938835,-545114.4470434213,-19029.027662259312,333313.23859104887
541,34.360591508612195,71.13104799692482,21.56243205399066,-400019.9049475371,2784091.9516267837,-208311.09857013077,-3468661.619354032,-3462011.1895656628,147805.9971419033,-3804539.3113417425,-450491.1988071933,6430791.45825805,-346073.92119776167,-72325.74553028363,645935.107392401
542,35.23033539059748,72.93202495987438,21.562173007467944,-338134.2341124861,2885411.322262767,-86253.07615547453,-3450687.414971332,-3366079.316808801,33588.110520438146,-3709799.644139438,-240467.8061779997,6411291.462312244,-207051.340377826,-19362.77595778556,628267.2076395743
543,34.30662412349556,71.01909103606648,27.187390789811015,143721.80149213655,3706261.3759426125,572432.9430714342,-4404654.661817032,-3959109.522502552,167126.80133033023,-4039436.147205035,220120.91125816767,8241731.35645305,-143864.62404764365,-25043.9823079636,872724.5667165888
544,35.285054893289484,73.04520110329491,27.187111935978624,-463466.413295149,3446677.007248368,67469.77030210558,-4746266.214531704,-3826386.148358932,-19172.327929602834,-4796167.065214342,-116780.04855178091,7963627.478021449,-67385.8627777847,-8719.111336706368,918028.1680873472
545,34.94887816436959,70.84552440038088,10.020855592512415,-444071.1618602333,1448868.8697169574,-162004.2046973213,-1783188.0918146856,-1905842.4121780929,311715.8481857485,-1979949.5237502942,-618018.7925115853,3440761.819421282,-397622.8007465919,-84.33307421518442,532093.6657120471
546,35.84109174856987,72.6353077914027,10.020706208422448,-411844.0277178383,1874650.5611854368,-1118227.5411590578,-1480891.6631622172,-1579549.577658897,156790.549843795,-1972364.700373001,-814498.8884108424,3131442.581092384,-1154957.1094906202,3089.39011506153,67643.69354592165
547,34.94927792998358,70.84605905808063,15.729160211121897,-478766.832042055,2377293.715582767,-436440.8217597788,-2761128.291057843,-3492536.112688047,232549.4152273122,-3563408.926125102,-688578.3959131045,5714073.383819139,-423727.6016690733,-129058.43728665884,495391.14495496685
548,35.84143864005799,72.63586661887643,15.728906140219738,-403777.31041167246,2470679.431051525,-570475.9057680691,-2453022.0557256765,-2998370.0816204813,83730.06355461039,-3113061.217459606,-550689.7482996624,5160177.180631051,-539236.3674032757,-16529.78225714002,349386.61596058856
549,34.94971910616152,70.8466976660306,21.43742984522217,-359601.34596590395,3019931.2535233255,-165805.64026197954,-3547207.3691371824,-3692751.1824939726,152700.0905874745,-3898397.4175730124,-418050.2324467106,6810971.917315165,-350597.5608169994,-72812.3424155992,627825.044927595
550,35.84183838103455,72.63652206050752,21.437166181098885,-326693.72057133645,2766537.4840958556,-97726.38090914441,-3249431.0641259626,-3212230.083534696,42512.558396131775,-3504326.3088026443,-251468.4873670851,6097912.178785102,-204971.25458094967,-20895.818145135476,642820.1814613298
551,34.89436806278776,70.73545499128934,27.145720898011856,212569.92956309312,4014232.1684097173,643374.0707235852,-4532640.750262654,-4238384.066828258,171431.27638705564,-4146060.8455958026,276491.675168934,8739745.339123264,-145165.7915040376,-23999.666055914156,864417.7544138764
552,35.897971502768634,72.74901846578334,27.145437054733303,-463647.7437472907,3277142.4208250856,33897.243883866584,-4469293.234542777,-3638884.6778849396,-10090.020198325712,-4538461.690421813,-148626.29478358087,7534479.906167055,-67293.80025504541,-8683.882100479394,939590.4236899044
553,35.82124674320969,70.39678218415307,9.72919029346474,-402088.1937812017,323485.25731737365,-192400.88935710865,-658003.6765497554,-386658.05650013086,355127.44267908233,-817041.3156004035,-399245.46324998,945282.9530294465,-421477.52631367015,6124.704783500868,507397.0705572335
554,36.74691809573139,72.16962505643683,9.729033936173076,-434869.8528341524,486324.3950539758,-1250772.8627236346,-538629.1312834125,-222397.31950578914,138980.37245508263,-1286092.348991506,-681199.9265529359,767973.9550406305,-1179486.4201258328,6945.173656467648,39026.660890439445
555,35.8216679226156,70.39734252645763,15.520826700774187,-415982.5941162165,533013.1408457533,-572715.5158790498,-982524.8905824373,-891555.2739547939,247697.08891482407,-1239331.2026836174,-745127.7791414373,1528774.012675542,-447775.8454237464,-124913.50770060944,445521.32807283784
556,36.747285087122464,72.1702113209025,15.520564181134658,-326968.1099325131,668773.9894618295,-706948.8525599481,-913648.1964719895,-720003.5601160337,54265.62292879528,-1196195.2662870076,-581956.2403177764,1413008.5335741525,-525919.5291584362,-5460.4546692733375,365424.20133548055
557,35.82212997650425,70.39800402618178,21.312427614091582,-266833.5629311872,727120.4364916093,-467153.38236671675,-1249469.9721691483,-977428.3390042983,144493.91106778657,-1393729.110372954,-529025.5512910767,1915888.152857736,-360832.74273880076,-74826.09380329626,599158.7547981124
558,36.747706438403355,72.17089015520018,21.3121572843906,-159736.2771507919,755042.1497635193,-340278.2052481842,-1226293.3001891105,-844257.0115382475,11139.007466331288,-1295037.0990340363,-289462.9384085269,1839527.704807106,-198680.6605465353,-22739.07820663864,670092.0452866681
559,35.764707123204865,70.28784058084383,27.104051152164864,209542.2267176534,1192385.3477982967,131329.5629318311,-1603173.5782872275,-1283243.4522142918,143523.6666128527,-1343727.0279767993,21845.762692941542,2855138.4027316403,-150286.1036747776,-24014.335322187504,844246.4845440662
560,36.80595108334054,72.28234858057648,27.103760211123838,-379503.4306384535,896204.8499503955,-387653.6864661137,-1934720.5380242823,-1097702.022263376,-57613.21974845126,-2089068.2179602906,-335947.4413199024,2554063.3921260205,-66725.53114209071,-7890.267562996859,970919.3983412122
561,36.99361072687156,69.77521101721503,9.437525322738598,-423927.40755206306,329148.9227853615,-202212.5095010794,-620412.1188120584,-377273.44991061726,374577.54194644094,-818469.1328231568,-394314.9321517171,915793.0707070928,-458992.8488636376,20454.89442948856,494508.27776213584
562,37.930366973786334,71.54226595654181,9.437359209913607,-463825.5755227122,509119.00128737855,-1292278.3397619482,-520790.8232101527,-245609.43248701276,171890.4466323978,-1339381.9643571978,-684655.0088868042,777052.05924672,-1226738.8796581984,7564.530979314055,17855.192680740056
563,36.99406085018273,69.77580732079933,15.312493231064431,-440451.9589547354,524428.643507939,-599690.7722252097,-925893.5987664727,-899492.5281657457,253712.01338656104,-1227107.4622148864,-769312.3043535806,1480705.6788964607,-474012.039585974,-126911.93648040261,393987.3468179564
564,37.93076253664986,71.5428885543416,15.312219319536256,-319121.1833105809,699705.7729398662,-695476.6651958335,-920267.0803676823,-775793.3501094708,65033.79269414044,-1216877.5518701696,-572112.0573426203,1474097.533646242,-506803.49121688603,1202.2736065106014,397912.1809025669
565,36.99454989704814,69.77649731956531,21.187424283044155,-272251.1359670233,707195.3980966045,-479918.1672410887,-1183545.5536506025,-975322.8584727048,145627.5432594494,-1358570.4956133615,-535378.2732352043,1848974.8637370588,-374526.3666787957,-76604.06475896732,560551.5666318382
566,37.931211348265805,71.54359588509143,21.18714565486874,-146770.30536627324,778192.9551466787,-333453.3770965884,-1233126.526813886,-892297.8292180648,17724.691994485675,-1310203.100460722,-282835.34258153435,1891007.7157260724,-188537.5609485526,-23058.528876848548,707233.376232943
567,36.93645851963239,69.66671929844347,27.06237996589913,233769.69435454093,1163675.2719663072,132761.07542866067,-1513800.6240169758,-1277176.076135271,145789.32559031254,-1274143.3177086967,31255.968592296605,2773093.390865909,-156102.80298409253,-25095.974097522823,816085.6905190779
568,37.99017391414034,71.65471618876734,27.062080357170043,-374646.9215931798,915819.2456387933,-392254.1856106047,-1942891.245376618,-1154959.992055305,-43912.826760293494,-2107868.416994881,-348879.73917272396,2605666.2946026134,-64903.12606900854,-4711.433431715767,1015627.269740198
569,38.16054139001999,69.15673407568156,9.145858973205105,-436641.48220665194,358816.021984135,-217471.3166161607,-602560.3575483593,-396347.4994044749,390321.05634059623,-819801.8599852787,-409354.60475553543,933859.6879021365,-490402.48405409406,29401.66263949284,488381.1866501216
570,39.11924219227972,70.91180262969596,9.145684233247296,-474371.5878433181,484175.063581228,-1345083.1496236697,-463235.832317182,-210939.39798058302,199382.00699503833,-1395671.4728687778,-646801.9703091462,707193.7692921639,-1288030.5007605278,-11626.353693831992,22980.21902554333
571,38.16101975809982,69.15736632458147,15.104157397143734,-460951.20171964983,563470.686771642,-623174.5571572693,-902819.24231835,-968213.2947825999,260367.28496044985,-1266529.0936488754,-783930.1302568215,1529804.1518004197,-495194.40263334755,-124788.8057925623,359655.3694702606
572,39.11966775479796,70.91246071499206,15.10387239488703,-292407.7913116835,678768.9585062773,-690106.2713932474,-854435.3475315378,-743411.9941745818,74155.690242038,-1152813.3375898043,-552573.784880376,1401642.0182715268,-499285.27625717974,6579.247590667742,417329.5993251529
573,38.161536332948856,69.15808525254548,21.062418351322073,-282338.91110706935,743506.841888753,-486070.9613770001,-1164918.6025728013,-1040020.8991475882,148308.29392054072,-1381474.9928798277,-538577.6320932263,1895149.5943777377,-384420.7075322217,-76554.8967520328,538849.1345805535
574,39.120144649903324,70.91319705420679,21.06213149762565,-103229.15397184246,743904.6292878304,-326253.1955747807,-1153494.1017342736,-854575.5749136171,21766.315084857484,-1220891.495925125,-262868.44434572116,1798182.2200120538,-179462.55127224117,-24877.364974483993,736281.1891385436
575,38.102097800718646,69.04907958642441,27.02070610841625,251356.35225437413,1210252.2158341354,146290.26878650385,-1492281.8283631895,-1353162.2659194032,148256.2901019688,-1279466.2308934417,46598.94070483564,2840766.1270636185,-157930.46424652796,-24219.16063116592,805786.4611594807
576,39.18050394246231,71.02359119730767,27.020398214336453,-335094.6732445176,856690.8144504883,-402171.6074407794,-1835033.1965575146,-1109539.829520625,-33159.49442707095,-1995755.2008605693,-354318.0886897842,2469497.8233155445,-64862.25740727685,-3976.5776725919686,1051616.6788129925
577,39.30031220706965,68.51547268109182,8.854194003768063,-457757.62255639513,380555.532043013,-222541.96816228968,-563023.992439577,-408774.0929190869,375343.2753736808,-800719.6025165675,-415544.90404157684,916520.4478824724,-503811.16286092997,28389.582887099918,475528.1187605533
578,40.30259030418948,70.24602543537574,8.85401124198415,-495309.38819471514,501425.29651918414,-1382708.5796094253,-422224.8780138174,-228303.31379366483,208095.71347410078,-1439030.8011754893,-633342.061183587,695780.1910741199,-1332782.3273738394,-25901.85940311683,29512.578512485656
579,39.30081799023857,68.51613821538484,14.895823550330713,-500539.26809247874,587111.1174886646,-648348.0029044793,-844144.4437118402,-1013695.2149245291,232556.41962814334,-1304588.9832524972,-774507.3970380542,1517320.2267822567,-512816.70574566314,-125354.87094899085,324384.292996607
580,40.30304686481041,70.24671627447168,14.89552776264512,-313368.0483791018,709819.9140932752,-692707.441445402,-816357.4207301122,-785876.4615571736,59272.02018135369,-1175529.24475296,-532105.464920795,1411379.1339425265,-498294.87532973016,10634.883855414244,429427.5539478584
581,39.301362842534125,68.51688577823334,20.937414681373493,-329856.0154799533,761108.9174062675,-504079.3083444314,-1103062.7509118754,-1084711.7294984844,118615.37958870255,-1408396.7982956842,-532540.8432265754,1868111.235104142,-397688.08227712737,-77345.12706474973,512419.3543166073
582,40.30355331009791,70.24748155536966,20.937119565414488,-128499.84911618856,769893.383990768,-325849.9850134457,-1121782.0983046433,-895518.0762488144,228.39530151172283,-1239691.1114093205,-244613.1412771085,1799847.802547562,-171483.0235718303,-25170.22543600235,765867.7885772331
583,39.23922552976785,68.40943484126514,26.9790344972254,210118.97994569142,1221653.32799017,140588.73481649227,-1404861.0201089114,-1394645.2888019423,112472.19480291239,-1279516.5148550235,62995.88889477958,2788881.6687125983,-163587.54100966448,-24201.790283804923,786064.7195544674
584,40.36666247801261,70.3563660446065,26.978718495353892,-385830.73064861645,867592.3983414891,-416886.57749065873,-1786998.3747373107,-1149644.6887114332,-52653.89587926385,-2011719.8440044571,-359535.3945814694,2436130.328788141,-63874.32608048825,-2197.5553678412048,1087956.6918371222
585,40.43470888823545,67.83917045096455,8.5625295792362,-456144.5186514696,356390.6737341437,-216016.49597940934,-502428.4943489593,-369175.53778992203,378998.07153491786,-782380.4772358403,-368979.14864820306,835589.2849873081,-510260.2062562321,17713.06734705475,463393.25569905154
586,41.458624862943196,69.55719108248623,8.562339922231132,-499724.9910834328,516461.005201274,-1404968.9537176376,-397019.1317190114,-264700.1159598484,233948.77127221093,-1476698.7957059806,-615572.7631428804,704038.6192490645,-1358924.415269948,-34785.68058533672,33808.82699931886
587,40.43524141334754,67.83986629362157,14.687491804577117,-491035.11129017745,543836.9474659528,-664579.7278883269,-747182.4464001444,-962264.7266390963,237906.42216712097,-1243823.1914709623,-759470.8449072492,1391516.14466566,-528641.5919064557,-125062.1297526577,284370.2124759853
588,41.45911200889515,69.55791075570671,14.687186176967288,-308154.5038531682,735852.9587246752,-693740.7555343607,-789556.3060693151,-845826.6311335223,76697.79514990756,-1193608.8440636664,-524202.53196574346,1451769.0753665557,-500538.4891776014,14159.050241070709,435769.26688892674
589,40.43581528642215,67.84064204323919,20.81241308107048,-306461.129385679,703968.8442541214,-519010.49813705205,-985462.6670905933,-1036386.4562660985,122417.36774263029,-1321505.8272903278,-520917.80694653676,1720920.8509682543,-413508.29703602474,-78992.1941260219,478158.0961744031
590,41.45964892257224,69.55870384931983,20.812110155043428,-111684.2744865629,796831.6879667144,-318879.5749743286,-1103615.9538507676,-953681.0183147725,9003.689962151619,-1244000.1338204124,-234143.15315002183,1844411.1254762583,-165402.80492109316,-24205.99240682046,792009.2748068562
591,40.37235127534787,67.73399637529158,26.937364523804288,262707.4007886677,1141331.6422307836,135996.32716540142,-1247718.2731404405,-1336128.0306433302,114576.69744993301,-1152012.6532997706,91076.34166834319,2600971.68181628,-171579.92422184127,-25282.765460033883,756821.5481381479
592,41.52413743349374,69.66682707757947,26.93704100036921,-374949.99258444406,888606.6726251817,-416816.02804090414,-1767864.5813069467,-1221991.5120840035,-37976.86813363453,-2015206.151489403,-367461.68522607913,2479508.488715314,-62651.48937140545,1125.0452738282854,1122602.4560607132
593,41.56399570165869,67.16649865221832,8.270862976779618,-462920.23854870175,384991.6299249889,-221652.8276156989,-470469.9738621971,-404595.2103687897,380081.15878624946,-768896.7332318398,-385549.97949513054,854865.2764875584,-518868.17885951564,11366.083918705915,442673.68098209146
594,42.61976270137138,68.86471860391929,8.270667501332863,-487129.15717149025,472750.00382375246,-1433564.3961663134,-334769.6693499947,-213508.13665696423,251758.12045553245,-1504982.2176888683,-559431.894224022,616470.5623988389,-1388414.7279186377,-35383.199321252774,34750.576724659935
595,41.56455326113276,67.16722177437794,14.479156904386688,-490103.21241733205,575045.2950273127,-674309.9398836365,-705869.7925494781,-1031596.4943708531,241401.01776427028,-1287753.4290730546,-738195.8136501389,1436581.385449538,-534920.0256810808,-122657.41592777327,260408.27318073928
596,42.62027900701318,68.86546390994725,14.478842280582576,-271314.34848061856,682618.4763571378,-695463.7336546788,-691145.396300219,-759545.442141579,90692.17481569364,-1095308.5412623582,-494481.02571631235,1305629.9612005106,-506378.3907203197,16678.214414229395,442985.55753226136
597,41.565155707255755,67.16802476088509,20.687408676358963,-300253.9745202785,732244.0432263461,-524430.1324701861,-945225.9982855746,-1109946.6766729234,126239.24405314929,-1347947.0803732611,-507806.0025306975,1763313.01913984,-420954.4955117524,-79771.05078523382,467849.0417993363
598,42.62084657660972,68.86628357267873,20.687098184119183,-50507.66978955563,735601.5138450287,-312585.4350335307,-986341.4439960452,-867392.17796678,14116.357543768803,-1105994.0590343438,-203096.48460207853,1681598.9526583645,-159590.50613353186,-25493.729485959604,814444.688925737
599,41.49972673061798,67.06263839974777,26.895691835056226,294905.2506574623,1174876.5399231461,147192.2164022786,-1200100.9633222714,-1427263.5075769743,116568.48297199202,-1167809.4245796811,121662.67032992482,2663120.761232644,-172999.8276203679,-24143.547210910754,757156.1943746731
600,42.68735314919703,68.97319052698064,26.895361113551267,-312060.4661541191,791283.8080453491,-426102.06209765456,-1611001.1576475906,-1123870.125259295,-27253.607884006233,-1842573.7731465958,-362013.1312806114,2257708.1842207825,-62387.384650641965,2469.2309261570826,1155826.5779465053
601,42.93542319049952,66.27753919404384,7.979198801457203,-333271.4693171088,84683.1370477422,-175331.2479227511,-181458.91676553816,220518.3582199333,364585.2379654369,-724487.3997041734,87491.33805342465,213076.481458631,-515518.7033412098,4620.599985887931,418469.2402275805
602,44.04385070900804,67.94210084357537,7.9789964210899536,-348472.14513365953,94577.81898462161,-1433513.1048949426,-107794.06526451655,339103.0698456663,235916.06279003143,-1558425.6651305677,-302043.6163775905,173061.85046417796,-1407557.8630385082,-45672.590965870775,35184.42182735624
603,42.9360099244191,66.27829045957071,14.270825563891934,-241717.23701911615,95053.99592729879,-648474.3012122071,-222106.71655347827,-29200.384743349623,217725.74451164814,-748004.0778451465,-271092.11840084067,223958.65394196287,-542653.6526604868,-120070.23496369967,218537.0113374797
604,44.04440182499498,67.94287234654966,14.270500599967988,39748.67508922488,263467.3048966022,-649908.3998027629,-283523.61016703735,120897.13485236239,64946.90411816565,-681481.5262613283,-125314.06700192553,460103.1734463179,-512151.2779452362,18963.769284097274,441916.99385566043
605,42.936645944392055,66.2791218957984,20.56240801551574,73649.81103314474,168198.82066107885,-526845.8026073284,-298163.8373710998,-127537.44255545674,99287.70537275722,-553687.1499484908,-180826.44672147665,449516.42575686285,-433614.2804099367,-80656.90953059323,443561.070541242
606,44.045006412128885,67.94371949575401,20.56208867899053,418116.32478077256,313349.9123197874,-262072.17233111063,-433533.2440580955,-2918.8974566230477,-17606.336530084875,-263190.4646930911,-69953.73152764865,802538.2609901888,-157336.6733961298,-26629.786703990172,828994.9926869888
607,42.867956039037104,66.1758622590553,26.854022817873382,705738.8966459282,478458.4360990004,105755.76904042109,-363685.93764354015,-369360.4805279511,76530.38208111784,-143910.37685593238,371544.446462933,1062319.0321783484,-180651.41773612937,-23871.863590240235,735610.5895857024
608,44.11483743875693,68.0485451223111,26.853683587051492,173571.39958693413,273513.4251195693,-423721.29717809625,-908606.6193942179,-207791.61385445428,-62631.04466166541,-786001.5371031944,-331684.9114943972,1141049.9761259987,-63266.30110588987,3441.1530815525402,1181958.956702522
609,44.57531554347219,65.15546247886955,7.687535216059468,-362606.95994804817,75335.54626992422,-163272.89304243398,-154710.9337863488,257368.99440429703,351861.70883723034,-727232.0203709458,27360.295968620423,249327.41768176793,-510878.930191759,-17783.20310124059,402578.1342397358
610,45.704560265960325,66.8061618319464,7.6873259975970125,-366890.2504059328,105821.9642473589,-1444452.4072564372,-108211.77355995095,325745.90019209543,260292.11910652462,-1573583.7383551798,-309406.7371705791,177469.7821107472,-1416620.6636972493,-47514.80991975861,35617.04719980834
611,44.575934448876296,65.15624117824137,14.062496011640246,-275148.01391681377,88149.74653607782,-659620.894652217,-190333.03353360106,27078.361777582904,205072.38078934376,-761060.4879418688,-259265.46565733783,173706.79156625364,-551156.059039966,-116150.8911422657,164678.77966680683
612,45.70514980714799,66.80695732404732,14.062160536266658,15013.146440041251,295389.78294653655,-654093.1861563218,-295221.08832765254,110969.89403144717,81040.5262951475,-687906.04662659,-140090.90486616927,484306.6947230153,-515145.209001154,23791.145978442513,451931.910699302
613,44.57660875564485,65.15710130420595,20.437408941094095,54935.34846495879,162233.15965463754,-542155.0175091657,-263818.63438074745,-79401.15327654759,88434.462646679,-557735.6820794009,-159818.563640681,392567.7363305125,-448240.003605991,-81995.04962189861,404697.90853344626
614,45.70579645639472,66.807831086569,20.43708030171269,401788.02624628844,355516.9530451386,-259627.7172191255,-457275.21153004875,-11152.262762586079,-14451.953875015595,-261420.88754820407,-77421.54497368768,836519.6945941935,-153379.14407317407,-22795.863705477266,855159.4305184784
615,44.50665261483691,65.0547316771537,26.812355041655714,735797.3953472972,461960.6081307381,107551.95873149895,-292105.78202886676,-321799.0197919597,66757.90338492453,-94130.26980353454,412518.2057535613,986922.0262595075,-189601.85862551563,-24010.796880082446,701782.566019491
616,45.776966493892814,66.9118122087269,26.812006750431227,160739.19672400458,304995.44554891216,-426569.5509347759,-918631.3461293967,-231303.4378102742,-49942.80987121124,-793540.9787740047,-333370.9600727092,1166077.0301848545,-59633.12093645789,10640.37892882565,1223637.5197454286
617,46.21284626906204,64.03547009865493,7.395866927606166,-401272.8706810208,86346.07195257922,-182902.48249690133,-142135.71500995226,262278.4801412406,341579.2038189363,-740695.0989094637,-11129.485821554754,253995.3035056754,-520649.33943571174,-33786.235567971955,372937.3185352485
618,47.36761415798316,65.66811762523766,7.395653671769768,-372758.21605217736,106418.43953816447,-1474923.8783836951,-104137.4152328021,347105.57828164456,276573.8199924074,-1616411.3976331195,-308123.1908103428,183270.93354575415,-1444204.1144506694,-39971.75966287437,29053.173978484087
619,46.21349323588621,64.03626946871313,13.854158862540862,-309257.0228958383,110763.0433014954,-667227.5314152634,-188922.5570179453,33073.15241924187,194593.62973882572,-766224.6375178581,-284647.7992245492,185150.9257328008,-553962.3508602931,-106473.34468756274,140450.07338366736
620,47.368237359976476,65.66893016906208,13.853815209558627,3584.291358269955,302217.61264100065,-665001.6334673063,-285387.58637502824,163422.20602328377,93189.1103508385,-720962.4195051787,-120802.90804401322,482565.5980811562,-531466.5588373134,23193.832236046335,450059.4231828402
621,46.214203866591966,64.03715427795157,20.31240282822707,26116.02387399823,186441.08609750745,-549693.0526347453,-272163.7098791912,-80660.33531845975,77531.19418121062,-563118.8196409268,-176964.0438751514,402946.9208528387,-449568.44651791616,-84218.40699963176,403416.5905660494
622,47.36892411284894,65.66982616883043,20.31206595719682,406242.3422180325,369948.3502511397,-252423.05471991742,-449791.61177046725,42485.540746791674,-15678.941537547322,-255957.67198949415,-60047.66988618821,839772.9796249373,-151816.49675473303,-27095.427840580047,862905.8434425222
623,46.14268653675701,63.93593396001509,26.770680754779768,748021.6358209989,480110.32870295213,112138.89272614116,-276991.2168765177,-333831.18324574124,56199.75396694044,-96420.4215232276,450081.56737280416,986609.7114005155,-188663.90687327884,-24772.298601015304,715418.453774657
624,47.44172658483605,65.77269816910125,26.77032448262207,175184.119741862,299068.94096709637,-427110.45165664586,-881898.3204059406,-183026.406507738,-40182.341625505585,-727691.834875393,-353714.108526057,1128548.5524537629,-62945.98083077478,9154.559387221838,1239790.8853367493
625,47.66403570118097,62.974749098819814,7.250033694986861,-119414.2976477224,-100157.44711548735,-29941.603040966926,-112463.81496630386,-24239.03292345122,318960.3267604255,-412632.71422877006,-107597.29982928232,270716.6662538756,-522425.4614177885,-39788.320465811776,347187.7930043252
626,48.874178099909486,64.56665141399876,7.249816351034955,-110335.85053239473,-32565.683071362204,-1338019.6290617983,-52600.05832911942,95531.1444564167,251279.37711847047,-1395384.1738654547,-80480.24724624075,-5056.741553860147,-1462871.5747967158,-36378.11183447661,26620.158179338327
627,47.66470518681452,62.9755612322534,13.749991026493669,-91371.45991830848,-14527.112186808867,-494937.19415896817,-195630.8072274019,-432360.98899668443,167596.7816826275,-752767.7350138872,-225624.73161452584,377556.700364328,-558161.1771377111,-96696.63611952288,108995.22524570469
628,48.87482881440518,64.56747393946672,13.749640620140788,169751.50633602293,187795.94888815426,-511882.4194094956,-281086.7173846208,-258549.26112289412,91410.30707996326,-597056.8367763634,-78684.83001474482,521406.70260578947,-539009.6370396452,26169.530944385562,456385.7109764447
629,47.66544377836687,62.97646004860242,20.249900241455638,49614.6754545531,165428.65152476475,-461319.6149882063,-341846.3795540507,-542797.3632340219,58774.95423193355,-793662.8637730996,-108937.1532282741,656323.7289924854,-452620.3760364631,-85273.72958567127,392686.6749975632
630,48.87554753798065,64.56838182270818,20.24955682281877,362161.60832662444,337540.3853464819,-179515.8286995488,-517106.9408115458,-379464.8974448249,-5572.852895633044,-476020.85222789,63731.01904932401,932475.9981521238,-148762.65596493008,-26511.35251103304,877574.6885986435
631,47.590491953468984,62.87779799135357,26.74984407107389,626249.1007470951,564451.8398485145,137168.7079852318,-382050.70814892935,-822609.6330810784,30428.742161932827,-538841.7630035066,518564.55455591687,1348146.857028431,-191118.6412883292,-25287.355165244506,713555.5756304539
632,48.95184093072956,64.66871738787775,26.749481271705058,-54031.097239249066,352706.8834592729,-434837.43921922735,-988860.0914703592,-627317.7620334504,-34723.59242093426,-1148914.1859984319,-277435.7697025058,1290188.3027017335,-61778.52996121421,11356.169193745383,1261298.7463311148
633,48.95656772735557,61.952931883403714,7.25003570924714,-110570.41922381659,-106940.3066549082,-19661.478888673566,-82065.56657496376,41385.40526441212,312756.2563023442,-407649.0291680983,-81895.79348650777,252372.61788720774,-521375.26498907484,-41328.5364289999,350431.09603211866
634,50.196571057950976,63.522134007174195,7.249814170934511,-112632.2119502299,-40983.23509863787,-1347646.0525572475,-29792.299226914613,74306.25070890973,268295.05473647243,-1407957.0981395317,-64000.840455904334,-29303.56101067961,-1476339.0085545406,-51996.77817209927,27872.807239465666
635,48.95725490724325,61.95375069201017,13.749993589940019,-71671.32085563074,-40260.03941333995,-500120.2538488122,-147645.14780274892,-333975.8193626556,157686.3599951086,-684601.1992381961,-189529.5980103995,262079.1831308127,-559916.5109026895,-91854.87279804763,82923.22337422546
636,50.197243972932895,63.52296019095395,13.749637793138987,178555.6780545981,187368.79170590095,-509707.9765127379,-259162.12653206402,-286077.7584632383,100031.53154171613,-612146.0580449974,-49024.01872673459,517386.5700194928,-537820.6060347767,28600.197322851665,459595.7794777271
637,48.958013456157914,61.954653777510096,20.249902065904145,84428.06289440431,130625.64201543044,-465329.4871756051,-280884.78552989487,-448973.69406682765,52099.76473504763,-716510.3511595482,-71040.83252507763,537275.4014188554,-456837.66864832863,-84689.25967577352,373317.4792644889
638,50.197986092823044,63.5238701493348,20.24955396898048,370571.1363362898,339200.9487000955,-178315.07231854188,-492146.18235028005,-402261.6406258785,-2459.9056692361605,-481841.47991043836,90310.99844908739,922987.4941791946,-148029.98170706493,-24682.687384623823,883190.8022067794
639,48.8812141044888,61.857413308893975,26.74984561196282,693998.8514749532,504146.4355282214,139588.87614798022,-281173.2540118749,-719759.9880672918,26526.912299634423,-441593.05636618705,595632.1346569849,1183695.0848603565,-195720.70003290946,-25953.153082065797,693325.5857593886
640,50.27616781053693,63.62278796929909,26.749477935720563,-49790.88966463534,338949.04140446265,-441143.4631722139,-940436.9367350646,-668025.0925500775,-20058.95196807751,-1141721.8214805352,-273512.6006616516,1263249.1107098004,-60022.10047715643,13370.20526623504,1272667.3091727123
641,50.240121502437844,60.939888382326245,7.250033929406566,-103399.82484292348,-117106.09013010064,-35550.751800676444,-67927.99858986674,39639.72039076715,307646.17426717305,-399998.290633313,-96810.6532256992,240752.27708531177,-534477.3151139431,-29597.98006304062,347037.9812042274
642,51.52792887129604,62.4688261205298,7.249810295791888,-101349.58461376987,-61413.37037709425,-1380312.9752269634,-13273.564609901203,162165.89387373134,279926.2448875144,-1457569.7164134488,-62846.01482385719,-22660.198980522015,-1507544.8852358023,-53719.1249941214,30631.37395964472
643,50.24082337225307,60.940710141083834,13.749990222135185,-57853.47059027072,-50741.1830237383,-501283.7501357977,-128381.1917371062,-352201.31525206805,147576.86896531263,-701706.1579482489,-160498.63192409553,252326.38612253766,-554907.4840579528,-87164.70589640958,95591.70193784665
644,51.52862110943206,62.46965159066226,13.749630683068501,206057.4345340944,176788.81374081227,-510342.2975684419,-231938.94297767995,-142716.8444526846,103432.44246561959,-543514.5199815162,-38915.42573672199,454933.8964247026,-541283.5369474441,29786.27469392302,462659.5198631595
645,50.24159973347474,60.941614873498764,20.24989858996147,101136.92819509198,115167.37274446643,-464440.5450016721,-257396.0350484872,-472059.7727095077,45062.12358554624,-738058.1350878276,-34952.58319839592,524874.4742241098,-449005.8119952885,-87184.86732395072,395674.7276201408
646,51.52938456108758,62.470560657651326,20.249546765222057,416722.44630093017,331220.86636976583,-167694.85026521015,-455360.34733339807,-259819.28276003522,-3474.417311204316,-340256.48124849773,59135.513768441866,861369.4298855413,-144359.54281050974,-26335.767486622593,888439.9669448964
647,50.16182987215474,60.846891685134324,26.74984227736842,733942.0981304611,473038.81630715914,142214.22304525168,-231878.136636395,-759767.5753188696,22178.633216301332,-483711.2842774539,659622.2456230808,1173284.1761372453,-189499.78490902417,-27063.68493550097,728196.9481560502
648,51.610574686306535,62.56696053891659,26.7494708253858,9219.098560260085,305711.2033422942,-437991.08278527606,-867591.7271277045,-516872.1840261233,-9025.421174040912,-973937.1246690233,-286860.6266689457,1137736.970455247,-59682.28979914325,13026.92836081783,1284870.4712906694
649,52.062888921356596,59.30357782575581,7.395871637874675,177895.11811551242,-128033.82138607049,136440.19717778658,-53209.26923812402,811310.7660311488,302011.8859175239,-872096.1913351282,175266.79253086325,883130.892711494,-521853.82145130256,-958.2561945761715,385367.49640243093
650,53.42143215870411,60.771019853910204,7.395645627171665,195841.643163594,-199789.89501725358,-1254492.6164952645,-38245.712056904966,827230.1938751991,283131.69855785195,-1744899.5049468386,141007.5862145554,345451.0503833587,-1509286.9154702534,-90137.93860157723,37332.67276784086
651,52.0636048490247,59.30439385800864,13.854165601689438,322223.9998652977,-72736.63820140394,-325083.42750859086,-135244.35131962763,857731.4698592899,154985.59508604804,-1095711.4674214367,352060.057402565,668055.3441741741,-541483.3535050537,-83229.42151204824,111130.88957482636
652,53.42214547542186,60.77183401181516,13.85380263152054,663867.8469491389,161836.8229112764,-319783.26141068526,-278611.8601454862,889971.7024591488,130146.01816481778,-1044742.4871846088,619397.2527160114,931266.6429183277,-541538.4062910305,27719.40307179137,429658.6764294176
653,52.064398166241375,59.305288521316996,20.312408279926412,538915.4627166644,147829.17070264625,-315851.7284690211,-290302.0995120957,702350.8157289516,67024.10332183045,-860290.1778577078,417893.55487837974,813289.5279296176,-445758.75348117313,-84158.78315812352,407312.5259523818
654,53.422931406610125,60.772728931156934,20.31205315655697,970665.0725230823,451081.0077275396,21468.552370975565,-536521.0605830266,742672.6322108279,37226.49961537772,-620101.9673322169,635067.7615791244,1428248.8383746895,-151461.84033440956,-29192.109629221493,859526.8068274717
655,51.980224134432056,59.21439900481791,26.770685382824098,1203545.6314557304,539992.0692634229,270139.5005338468,-229218.22580192712,502112.29611040204,29520.89367966758,-135065.8622254552,853740.4139571622,1295002.6495212936,-189860.2446750892,-25018.531116911097,731979.3611262571
656,53.508565250181356,60.8652710448877,26.770310327008207,589810.8760927157,494392.32118705264,-270415.84357986966,-932653.4480615414,537213.3047161598,23399.3321265534,-765795.0271977116,31695.1121244996,1547887.268773111,-64623.75608130558,7662.4359780974355,1260343.5438559991
657,54.46022715406099,57.01325139747054,7.687544869041196,116328.69045720616,-71879.13248124642,184283.33821498966,-132934.41447972096,848882.5092540827,253024.72304028948,-874069.2942251901,173800.10008680125,929002.090329338,-498408.00721699477,17611.325864920593,429317.09269350645
658,55.8417123047889,58.45945331806047,7.687318294011697,115446.94123054866,-169294.6439248043,-1229082.9962224392,-97461.14294707705,813144.5355422617,292485.715059123,-1720005.385443939,143706.78564336218,293367.90088388306,-1481194.1767955297,-100700.96810044032,43242.75439503193
659,54.46094927502146,57.01404606971815,14.062511748452211,141397.54927080212,16461.71903298916,-337973.03427234554,-268632.1281814556,910247.9253330663,79862.82003934021,-1131003.172107827,145739.02209429845,805150.3840449738,-531942.1055377215,-89420.58363582414,120521.10315581533
660,55.84244116455338,58.46023779589229,14.062148179840229,476747.5075321794,247971.07927620786,-334222.0869958888,-404505.1591784108,883803.9219019066,108717.67915361733,-1044820.2637067526,407922.67496842606,1027394.0885508247,-534763.5723831503,32462.643629549064,425851.91318796517
661,54.461753565636634,57.01491419649419,20.437423038967022,283295.3530713371,258791.97984614124,-351933.3278455705,-457508.582442489,757397.6389273254,-5421.59558428988,-919843.0107755859,122033.08124114368,987963.9346063497,-450368.89796016726,-83468.8691358502,395652.34605123894
662,55.843245338191316,58.46109980127712,20.437066829676517,719728.1200761213,578089.1677319207,-10072.227495797692,-710415.769346012,749018.1584328694,1918.2727415161078,-657388.4352637116,398193.05264007626,1546940.4429358793,-152455.472038013,-20619.016249365366,868880.3671106251
663,54.37615793628623,56.92532801474297,26.812367343140792,973955.6685131086,668866.7105907184,249551.5356781302,-377719.28537184425,562525.8882938751,-30006.329836827903,-175383.16289671336,710077.213565938,1357679.8641127327,-195454.67622998584,-24727.690506938732,710221.5107610871
664,55.93033288361176,58.552283125644514,26.811990727832075,336797.1546491904,644367.2369675654,-297582.4040028369,-1089047.5551824048,530909.985201773,12975.573132472156,-863779.9513825515,-123546.19453517823,1670908.1335316491,-55568.24139883821,15678.85375983384,1283107.1230427874
665,56.86008540491785,54.7210369524809,7.979205704290866,54671.425872999665,-16628.577998309753,140180.50208024762,-209462.49065985956,846872.1748075518,199725.72118483533,-878444.2495954988,144345.97556820282,912321.623982234,-498970.4312061004,32449.850841950032,412304.2957709719
666,58.25944025392586,56.14973702302424,7.978984709514166,37034.13715191795,-126134.5338850022,-1272963.0548917372,-164823.45255623324,781634.0571028794,285791.6264504323,-1730367.5886561256,96655.57289104775,271648.5641402562,-1502047.8082471772,-101637.89354586323,33824.528836457386
667,56.86079839985939,54.721792921426335,14.270836146465694,24657.56444226059,133619.54620157773,-344355.7265024602,-412145.03829042084,929890.462551182,5361.836740898735,-1125556.1155809108,-29277.581470389283,968755.0811926781,-525706.8980153124,-90433.29086008316,191696.3683282349
668,58.26016725137801,56.15047489815108,14.270478629643009,272538.7659230103,312573.1577763276,-387595.4957255812,-508103.0717241916,879769.1453560902,85343.463320632,-1082869.9183856326,188087.13319626852,1092299.213163121,-562070.8177413254,26698.670118964907,392886.9511001562
669,56.86160110097483,54.72262214646669,20.562415885651543,101724.02490916538,406387.3885236654,-355780.56343524385,-644459.185180735,783872.8529754572,-82443.57234197049,-933794.9783864976,-132745.13701191018,1218870.9653959954,-433343.6759491105,-81741.34392676663,461469.76241284155
670,58.26097666140234,56.15129081411382,20.56206332468979,430597.5069471587,668066.7728581266,-53224.07052572569,-852545.5073023214,760993.9213947409,-34951.762063904775,-740684.8975227915,149705.60890503292,1636419.4978973186,-162534.73141169272,-28100.469121832164,825327.8769430482
671,56.77489004657176,54.634095366008125,26.854028346273555,799004.8200435077,837487.3055236468,248452.1077473648,-558272.2685771746,591181.1087774758,-92497.01394734292,-177063.2419958021,490785.82464230567,1571221.6506680162,-183002.9000963928,-24778.297898569494,778912.1229246199
672,58.349189879833524,56.24133840456153,26.853655296760543,26942.623118082236,744687.6955365319,-336961.9763263701,-1206028.1043933663,535957.9173020053,769.0138118528241,-1035982.4547656826,-264092.69474786514,1734743.4918417917,-64374.80832374408,3076.9461342421123,1224270.5754534001
673,58.47414545915437,53.101315540360545,8.27086731335389,271448.9982262001,-820809.3242765958,108715.88431202483,-21972.061013923227,-236192.52419981678,191517.23379117157,-877867.5499299737,19997.28955905857,417225.81863254425,-507749.1802296923,21656.037445475526,422928.0669634384
674,59.93405429647319,54.46687966651062,8.270651567732449,248475.5312430591,-640069.2059253505,-1258033.6521002494,100497.13969517832,-163038.75906263985,240364.10166267643,-1340195.10304798,-601366.2601176103,291934.0363830495,-1517604.0581980664,-86569.17175731588,33850.74239640622
675,58.474846199178614,53.102037826268514,14.47916191184961,371078.64083932596,-811267.7509214667,-328014.3591238511,31361.11112916747,-842913.8464344281,-4720.16923213015,-1446774.4595964015,300032.384980632,378538.60540977767,-526467.1840996008,-96067.56284289165,244100.81782266332
676,59.934771767828764,54.467579062154265,14.478811172714593,506406.4937161702,-466677.80598915345,-389251.93376435013,-20114.29062103438,-676001.782558288,61892.401386760816,-1105556.9032258536,236364.7974299356,519668.8597585849,-573154.5889976404,25438.993750590656,392675.9612374125
677,58.47563846019578,53.102831555871376,20.687409539535363,438982.84180006606,-586804.7242799262,-396487.3223223359,43948.962424713456,-979779.4075268962,-94095.31817742165,-1476528.7318339534,363395.46898160473,568824.0580501532,-423769.675641599,-80813.33681321595,496416.7901631099
678,59.93557481288056,54.468353919055424,20.687062236231164,571763.3182961767,-233583.15650587814,-132403.73070267713,-148202.90924373004,-791393.1201048603,-42814.8346901838,-988124.8332856616,525834.8947625956,668066.3696106871,-162928.29549654582,-24668.98405128708,820290.6516905176
679,58.3851350168174,53.018218924222474,26.895689949618664,1021001.5597731578,-332800.45223589306,90119.73124749347,307987.21458463353,-1286938.03562262,-110618.9701774213,-1436507.0936149666,814461.535045534,1400366.3973541907,-175124.64074866334,-25160.16594460456,817446.4864429479
680,60.027569584102295,54.554417734075564,26.895322083277925,8564.705846216486,-319736.1275319776,-523666.344832665,-328393.0419319644,-1094622.2752944676,-9677.306639174229,-1554948.9666669138,-34692.267915905584,754803.4680643936,-59886.89390454023,4640.694697686,1214165.1954766803
681,59.332687015978905,52.12253043146578,8.56253511220673,271678.05619425327,-736018.8934275932,117754.39768826301,-52237.85660694218,-82850.46282750918,197411.00682425546,-745114.0887029287,-15118.921995427512,413646.57115327916,-507737.1588990616,36033.37965436776,457007.67607986595
682,60.83528687059682,53.44245371615899,8.562321373554177,239328.02714365962,-715123.0017592611,-1264815.816737843,104619.26526199085,-166161.32562789693,247581.856676263,-1355740.9102530025,-669952.0288184759,285082.14771803375,-1516347.4737891997,-108811.79362706508,38344.343508353195
683,59.33337773881766,52.12323157012788,14.687497519143625,365009.30756491004,-729923.9794563507,-332928.8346057732,-9729.180209640013,-599099.9017579156,-6785.006967554801,-1162646.0250002018,99700.99481858259,365101.5236844054,-527466.1765476412,-98991.14490692243,261516.28086366205
684,60.835995540280145,53.44312937153148,14.687151203584495,503104.3302461158,-542823.9351002466,-398060.88149690564,-15488.52482057594,-695517.3222858817,63283.33961185857,-1170285.9674028193,217338.48034685518,515167.0007049275,-564989.5350228198,25173.90576458601,388558.3087619814
685,59.33415569147544,52.12399836358824,20.812413335260135,438716.12656787585,-502161.7044052593,-388463.0322340706,-2538.485953801983,-737310.3597204258,-91292.09282503331,-1187325.5332992792,269435.09204260795,465981.83118521754,-423476.39607198385,-79905.3495326201,501214.3909347833
686,60.836786397167884,53.443874187089975,20.812070571001687,566859.6365646209,-316719.1037908718,-151103.50513086046,-121466.71447663978,-808270.9027237954,-38993.738700176655,-1054761.143536952,524554.1677002196,629244.0034796215,-167526.81117178148,-23768.763905946522,803934.1304332516
687,59.24097185056394,52.042213405841196,26.937361607135358,1031569.7077338258,-243543.3500493351,107234.16490920904,258390.01061336562,-1011545.3168057639,-103697.63985518069,-1102935.6114951815,750529.3791140019,1247666.7549748798,-177080.2750104319,-26604.873453142387,806953.8509565818
688,60.93143930585431,53.527057224582116,26.936998056649067,3139.1819217630255,-440879.76840231975,-548111.4211089602,-263844.6806389144,-1134891.652159399,1366.9343114504002,-1650683.485794369,-31070.456937625615,695901.935142478,-60871.93268278603,3138.3257564351,1188009.2403896619
689,60.200464138570005,51.135239307128735,8.854200276337851,280747.36637797207,-766941.3901760762,102564.51016204059,-71778.621429258,-69033.07095818061,199001.52944164292,-775485.0552978897,-25909.887021485283,417765.4286833117,-516519.5222072365,61313.24472239283,477100.3757629465
690,61.72728080846825,52.426528833636475,8.853989106209685,237253.83212476346,-704278.5554033022,-1275448.942317584,89099.66317462649,-84482.09275034453,257117.5795768298,-1333272.899473596,-694548.9815647413,285348.21544221474,-1522181.6859171004,-120580.78669159726,38540.55346858708
691,60.201142618472346,51.13591783778049,14.895829022081793,369849.4712103503,-768951.6735331408,-339781.9953350518,-12381.02669533397,-586528.169981186,-13697.897714758546,-1179125.293143009,70125.58659069605,370115.5088944709,-522580.1505372245,-100305.60535997305,296287.3595117128
692,61.727978992339914,52.42717869434836,14.895488132402924,499591.4393040306,-494667.44327046286,-394555.3573505482,-36187.319699411164,-568921.2087417946,66332.43271894402,-1015947.6435435859,112612.04972018315,513704.2325064224,-555395.5560772879,25058.631579396457,389841.9337496805
693,60.20190444861219,51.13665623789817,20.937413435125904,448161.4291930542,-550256.7176331531,-390945.9696485131,6654.011781980465,-724660.1463955923,-93697.92491073886,-1201640.0901093106,233083.44319398407,475515.3888267147,-414289.0359358905,-77331.18658572843,533564.7493458844
694,61.728755408678275,52.42789248385932,20.93707601918919,559591.5231276535,-265963.5488094523,-148330.10610539012,-137305.02021253048,-679512.1254576435,-32267.968712075104,-899592.5097530223,438845.8292634477,606044.5487023861,-169405.77578347243,-24250.612086470966,789411.3544149653
695,60.10719333081003,51.056634907835914,26.97902984473837,1038786.4630131483,-331371.2863239658,92783.23726046484,289590.50188253896,-1008935.713235499,-101190.06740065887,-1162244.9728984677,711783.1124241378,1250660.2744239771,-170018.49002244903,-24408.17858531824,835406.4562623646
696,61.82491011193026,52.509256995997376,26.978671486305956,5830.324578892323,-387656.72355430294,-537781.1819284025,-267917.90167007525,-993733.5726619682,14403.43687229166,-1479398.3753430042,-46605.4885602216,606396.2829994129,-61400.632521782136,1746.2501371294618,1169886.963704787
697,61.23214676845741,49.86768197490983,9.145867107152513,220249.08883842305,-275022.7185783738,138005.81155180707,-165322.59176414504,426816.9974826789,174630.50919470773,-608369.427262435,262364.43691348156,429237.17216080974,-513170.2964361658,75165.21783169683,498572.174617181
698,62.79871864307968,51.11075502013761,9.145661569651212,155495.546316686,-371554.2233777257,-1245602.0924180408,-26364.399356663074,317701.6389787869,268733.8469062919,-1393853.7855921513,-275070.75361205754,207263.76972512907,-1486819.4738513818,-118833.12227627204,36476.84917008875
699,61.23280506601374,49.86833043586089,15.104165241869117,255456.3593238005,-158373.9460698989,-299368.4859492755,-210501.2708432233,210990.53422362616,-31358.20495255744,-466117.4789105695,-99940.92742779822,363772.3336429937,-518455.1740190601,-97538.01734456858,324681.8845019168
700,62.79939902489414,51.111370311742526,15.10383317602844,373858.73300665454,3804.1964264936923,-374015.47362178424,-224599.28229223206,108452.36296252231,76720.54629088899,-427249.2296685405,-49580.058904287325,480476.7443841918,-549655.6590346827,24377.8561753098,377792.20559916354
701,61.23354624514154,49.86903495419968,21.062418811034963,321175.4593861868,114642.74968206232,-317975.3288994477,-296658.58611757285,68857.43874817013,-103045.35894964328,-335714.6642041177,-96157.29419775275,549714.838570672,-409820.8316176174,-75802.34520960602,552041.6730977842
702,62.80015655140023,51.112046924579985,21.062089147145826,431811.36788598704,319294.7708205802,-93762.0629794181,-408596.5273036491,2145.353540861346,-20402.165684635238,-96416.03545500158,-34563.91029471002,788324.0214768609,-174482.49239288754,-24281.38345296031,768365.017928764
703,61.13633317070743,49.79199645162327,27.02070298938459,972709.5618221746,454160.3095151333,221926.5627750638,-103931.17778590383,-137610.320782103,-116105.03956647462,131400.95889260172,514153.7822699358,1003241.6929498342,-167327.66933473325,-23649.297450851263,844200.0173657147
704,62.89878101807544,51.190363210342845,27.020352322321813,-50743.972670870295,310229.5400790138,-418903.6856904645,-600868.6417542382,-259298.40759633417,22902.503485455272,-614246.917104807,-343186.3146945841,798015.1135170698,-63440.532486061,-327.65681620072604,1139813.7039819804
705,62.447611261606646,48.29575191668114,9.437535104512754,209793.53409318463,-246473.6346477055,156139.66022804606,-178872.3029544263,450139.51819084305,148649.70326933815,-603880.5806009343,271406.0687480745,451934.07152638497,-488386.27437159384,74057.16253494161,506410.2152518004
706,64.02972316394788,49.51923972251978,9.437338278552934,167128.9205643199,-356233.96846753435,-1188552.4307912553,-43498.48198644216,301902.1167885557,256878.9915567687,-1330918.3901108836,-261175.35740648868,214436.26882290232,-1417289.3227045264,-98484.05743084833,32696.03790620005
707,62.44824016289694,48.29636114804619,15.312503808436944,229004.7912705766,-103373.88834687496,-285173.9728644075,-232864.77625522696,271300.210597405,-44413.663874311525,-495859.63109896774,-57260.35803190494,393576.91919016675,-508421.3841755957,-100839.19648003457,352115.7443484918
708,64.03037689456357,49.51981200705803,15.312183893861853,351306.5279659125,15452.329670992705,-377588.4431316657,-223507.45377162445,112895.10542532268,75145.8976305681,-431856.20716047706,-42263.44545024156,463290.0671159582,-548090.296731147,21978.08310280132,365042.7063320896
709,62.44895493896782,48.297025404040554,21.187427449036043,286067.5797016895,170812.13960873062,-311896.8792146216,-319723.04879500595,132323.79212407995,-114082.5242600561,-348065.3486543339,-93393.42339799047,586441.6121481229,-408947.9677068639,-75650.13415287297,562136.7651469528
710,64.03111048353458,49.52044499500677,21.187107899709584,406845.96143391775,337988.7066772248,-100631.78820554192,-402264.8750803416,8861.193042795398,-20069.08775551855,-101827.33273994793,-30614.706555765562,776644.9192013142,-179365.018229351,-21182.28058187902,753726.6278615956
711,62.35074852350889,48.22117440337716,27.062379573644815,932077.1988156794,506115.0468893016,220814.61334883008,-124619.24195472997,-66135.01929303055,-121503.17389315281,177167.3585106607,502486.6903592103,979352.81018394,-168903.50754613458,-23931.135825025307,841103.7689528619
712,64.13068705888506,49.59749684583445,27.062039132725744,-66243.28661959256,320014.01591095736,-414748.03194127185,-565850.635937935,-257714.87551549383,30585.612626549846,-587925.6621292514,-341995.3497062544,768943.7091855989,-61819.16286498547,471.80699903792134,1115607.760480171
713,63.665177045491,46.72149631221891,9.72919858373599,191736.81366785683,-212747.16123789782,140158.36048774346,-181968.69201764383,444950.3629919225,127735.60277564192,-579067.6625612867,255790.01250272468,442425.66297626443,-468080.66857318813,62387.14099609942,504073.5025416526
714,65.25862099046164,47.93004320055839,9.729012059486577,153981.64183031075,-303714.64406294224,-1161475.8685967682,-58987.51999160807,291799.7537151554,245520.02669594123,-1295161.1422438924,-214447.4455283957,198399.7169428889,-1373501.8537330087,-76124.86892075297,27717.222914142683
715,63.66577375818335,46.72206329231522,15.520834515359347,222856.33530833983,-59187.02054970158,-270461.48704034253,-246824.04657363077,292594.38703191007,-57037.24644876143,-490353.6672108517,-44740.60671032023,428302.1016394676,-495904.59624258714,-99112.88790580067,396555.2797240887
716,65.25924358819074,47.930571180192814,15.520528464125881,313207.85711253504,43235.815276735826,-389575.5773213512,-226303.7414496224,136144.07243317805,76618.57575560774,-455497.78177770885,-19360.9053097222,441726.78215535067,-553496.0896912467,18678.81401704737,341400.1927655092
717,63.66645872082814,46.722685127097584,21.312428232000084,276635.3634764241,213006.58825830376,-297413.5934761937,-332664.28282003966,157361.28846635434,-126335.8027584961,-344330.44881432445,-85712.34234784389,622271.1494207027,-398104.7085586175,-73503.79329338406,598890.2349595686
718,65.25994950196504,47.93115836800214,21.31212030460571,357411.1812638488,367161.57016160246,-108362.39405317149,-403205.5150298497,38400.92875613974,-18728.578578830424,-112826.2728728999,-38356.333025989,767392.9632711685,-185619.53730086755,-22625.52863850842,719259.0816552019
719,63.56751868110297,46.64772941147642,27.104048722131328,911594.5486549366,534535.1751500525,220264.98663499995,-131607.28774911503,-39586.138142838725,-128320.3523926916,185446.35011442826,511386.77989705367,969561.580428507,-162521.58430472368,-22792.9606971351,870191.5705643273
720,65.36021117034912,48.00723451446813,27.10372021217308,-107584.47669467336,346594.4074264582,-409046.62415434094,-544020.7919597408,-225452.9729490363,38850.04134728644,-550485.9979195254,-366645.8689155262,747095.1734124955,-65358.678778195,-5197.291504708731,1064194.1106273262
721,64.54336799159064,45.54128703002159,10.020862473135892,208803.99560497567,-1274875.0319286596,15086.333667824802,-74365.78246263204,-366135.6881982131,116728.32237617142,-1372680.7163085882,20208.809604212267,301487.20404851646,-462807.3710723406,52144.61696046714,524534.3574697939
722,66.16995466358273,46.70439058884996,10.020683563655163,238478.54142324947,-1072888.4426366768,-1203266.7068590277,109011.67964963742,-402839.5117791793,189567.1962703951,-1571723.065055163,-731544.9857237055,265591.44270641316,-1351618.7815928538,-60687.84972396023,27779.060848213237
723,64.54394018317879,45.54182220620645,15.729165435959219,351223.13276231405,-1487381.364726245,-407120.9814963861,90982.24224373091,-1048784.212076945,-84725.26788158645,-2127405.5193326715,158344.38415252737,425781.92171982705,-484430.71829457884,-101165.90502267198,432147.2725374546
724,66.17055192462337,46.70488559374766,15.72887042886897,474522.37064516055,-1148942.5322367663,-492551.3590699581,124669.58528028276,-1045295.1257931588,16148.442064313365,-1921412.2147014625,258219.63253615086,496221.0615037485,-550026.0361752899,14456.858670533675,333263.47997709527
725,64.54459880131714,45.54240989335322,21.437428231132692,481826.15892915125,-1489804.654558259,-516180.84863150574,262243.5282329923,-1204135.4511732727,-161541.73102585188,-2307666.013497362,95550.3536103021,687956.3156264456,-388454.065582561,-71804.78533674247,624083.159799984
726,66.17123222539277,46.70543571534924,21.437130275518793,564186.0142816808,-1128456.6140997424,-302223.31530430506,167133.51120880948,-1172638.4699660763,-73822.17485969145,-1962113.5021504273,389842.7138771602,705776.873150901,-187762.43604762258,-21763.52882905576,697571.2108062414
727,64.4435640892683,45.47026315560027,27.145716790239163,1028026.4026397632,-1616582.8419816105,-160869.61178976367,688798.1459491613,-1509473.9594297612,-160229.2406956615,-2633668.5671888464,421583.93500522274,1462658.581052013,-155929.91073735233,-22668.868921808145,889169.6982139333
728,66.27354293707718,46.778637387745746,27.14539851122384,34485.94000057399,-1524407.3121084177,-724415.5271276785,234216.10483683614,-1514122.948279364,-13437.498549425856,-2702005.7043468882,-6417.107355152586,494085.9124665191,-65976.58705178418,-5566.3866331042755,1032321.072408383
729,65.098756338225,44.732404927366346,10.312528861711398,209529.03094053088,-1151940.9844393197,24625.831534707046,-96074.09438445511,-248610.9645146692,121815.66828514097,-1205812.1366049452,-10531.286224941643,298557.30086580466,-458465.79616670747,55237.17809718221,547875.0461466165
730,66.74715436977618,45.86500474665576,10.312353634666396,223059.73459741654,-1127116.1318675526,-1204230.1108025354,104413.01426417116,-395713.08250182145,192122.39564526198,-1588223.0508684332,-770636.7583694421,250573.30116520458,-1339027.023458677,-66111.68744270936,30920.06910375036
731,65.0993115950774,44.732919228595016,15.937499072547553,343430.6145115129,-1338311.4646401457,-393159.7105065303,45544.193999811454,-850678.1858747785,-80959.09370448095,-1838866.7426402853,75233.61549919963,375592.5665059227,-482714.40993017756,-101577.3829027235,447617.0747065467
732,66.74773404730598,45.86547833150595,15.93721115515957,454853.85961699364,-1209013.8082699496,-498775.4029952345,115990.10109078266,-1040912.0121647207,18476.947494990036,-1958294.6333002695,233756.48848152428,471602.79317055515,-536063.0673226018,14591.334361077425,336288.47320051916
733,65.09994830876953,44.73348154932332,21.562430526177547,473195.07472503907,-1319043.1655366323,-487996.93254985823,197080.86701663354,-999932.0749763359,-154440.19350744045,-1988861.7530421163,47375.79012015283,607640.9395605125,-385334.5122517515,-71671.89939168959,633419.1041444298
734,66.7483926700023,45.86600161223704,21.56213985397709,539157.057006889,-1210222.0055546681,-322838.98156185774,172948.25108197163,-1165745.5568274555,-68658.03609388511,-2018056.119188136,354383.76285149413,669768.4262270048,-188256.658636197,-20902.27037259774,686379.8797429854
735,64.99753020395433,44.66321754691922,27.187387161291063,1019822.0386834966,-1400362.079132588,-121898.77216247283,596474.4999881804,-1274638.5400333547,-151045.2833110677,-2244437.945324517,387404.74458776915,1354594.3881251826,-155394.9650800125,-24115.292371446016,886879.0033583276
736,66.85204692370536,45.93727145035723,27.187076282246828,9481.18907259393,-1652375.4140961024,-750438.7153612962,264977.2005823155,-1521733.9042657253,-5868.177923921372,-2804100.9737222805,-37605.76047959322,448373.7938170689,-66265.09836012358,-5061.988962595756,1010236.353205282
737,65.6580998663738,43.918660094625935,10.604194109574548,202269.2700266193,-1170442.501781008,9174.129300062603,-111874.97967049941,-235521.39174658564,126293.89241775285,-1220987.508209732,-32829.15207918443,294817.5578345906,-460608.76986395556,67636.53482878441,562578.9362466421
738,67.32039716831315,45.030479494086165,10.604022663741718,220325.04285709155,-1078381.931456589,-1195686.116177068,87152.03011686368,-321000.3183309587,196850.02493698758,-1488499.7871335766,-813897.2742051734,248654.05656218439,-1329966.3330080505,-69447.95453463354,31097.02698518331
739,65.65863765012506,43.91915352679808,16.145830874976333,329344.85435441573,-1365263.3801833112,-400702.7597012841,38826.45712260739,-828588.4052285966,-79705.15501121753,-1841724.781761067,47941.68944513579,357161.80678575166,-476576.3126080728,-101394.74478714613,466764.6418568149
740,67.32095914945648,45.03093138840862,16.145550345947104,447862.06149383896,-1115096.405150907,-483582.4702374581,89499.30635810267,-919839.9312950133,23060.524722137634,-1775212.2756255292,169275.0589971815,455120.40273382055,-523583.5022827423,14410.25473926535,337749.993709631
741,65.65925198341631,43.91969030131627,21.68743100969166,458132.85613662266,-1361623.8660904893,-493368.7011827607,195451.09301024096,-974489.0698532957,-150760.34543908003,-1997068.1138937701,17235.552936212305,582972.8498209304,-377194.0402886691,-69425.76460131543,651014.2984289215
742,67.32159553525241,45.03142808787173,21.687147874424834,528678.0005338565,-1104951.7867527115,-308590.6737365278,141507.91808229082,-1039065.8595728262,-60810.57700074725,-1822397.1628864466,324211.111584034,613321.5913470299,-188321.05326674943,-21328.56261675464,672407.6065137303
743,65.55594464544734,43.85070112700821,27.229055795307584,989074.8684188144,-1485426.364250923,-143781.6839139383,604241.2690179993,-1255536.0741654823,-144656.59679289925,-2299234.9251084207,346099.2404416773,1313002.5049206966,-150176.48667983297,-22748.872285406644,896292.1837106615
744,67.42609806163343,45.10137398815998,27.228752606222848,13723.065483011014,-1516668.4129828527,-720243.4336455403,229518.74956885714,-1378434.8258105032,3995.5412331735456,-2566674.463153041,-25700.53571829579,369186.217725955,-67282.1431679866,-5666.106486372491,988322.113125477
745,66.28237401938833,42.95949998708456,10.895859847384703,221252.13492575486,-629451.9717129082,71734.9701910367,-161731.87770538355,126431.97079555468,112369.51034518126,-687040.1409947361,60459.87112327222,290115.40327534726,-459067.71159293933,75252.75042828918,575474.8379859031
746,67.96865034568033,44.03472999857743,10.895693989413049,213380.92052614837,-684328.8841521378,-1132708.6619590973,15449.949335736517,-22927.23655459374,199623.90712679844,-1162985.3276688189,-683187.6824657451,242516.38454947772,-1300776.791439761,-66192.90132454077,30521.875336662182
747,66.28289011278088,42.95996974597742,16.354164604149663,335919.77667702135,-653199.9352211966,-307253.10956014215,-95551.4926076966,-232411.3878302451,-93149.32727291956,-784418.1117829238,-193432.08828025075,353316.931958857,-473667.87019259046,-98654.93775204459,484482.02922843385
748,67.96919044344425,44.03515669461133,16.353893600100548,430204.88705862756,-528571.0793136256,-410705.2380602219,-39478.03840628211,-406230.48989989486,22556.845392821524,-880295.246752473,-62883.782222343645,434107.5986595965,-513393.6298586766,14656.906451271865,334674.3653495878
749,66.28347904355579,42.96047876021428,21.812433475395984,466208.9441748886,-524019.1698832905,-350186.2461406185,-39142.27107692596,-366373.401194614,-160159.46050817487,-826857.417543526,-78655.55659150404,497516.50228600996,-372017.3474585519,-68359.48941982695,661974.3273024976
750,67.9698013347955,44.03562425778975,21.81215957332885,515534.41607319814,-382571.9152975478,-195029.6471534947,-64480.95257205962,-509475.5080767354,-59548.144214761094,-812619.1290965975,229163.5080595487,521388.47465920483,-188624.91424497415,-21283.606930228612,659027.1626330115
751,66.1786498108745,42.89375054535412,27.270726137069428,1042496.2531196952,-438379.4238900066,64602.590846612,261138.24073365924,-580848.9978800487,-155324.6159937539,-829599.6140124643,341825.5513801329,1156493.482708632,-146781.73213216095,-22469.313575875633,898584.9133804237
752,68.07577936013345,44.103255695157124,27.270432441297327,62555.268564078084,-610909.4244123357,-533641.1249103826,-53985.07439780661,-798778.4749886906,3296.176990074704,-1372932.0970076816,54429.16265980441,236507.6535892368,-68253.66885446999,-5998.038326552822,963897.4189868444
753,66.98356878840545,41.83662980068087,11.187526279024253,211489.74181381657,-574915.9092944994,77311.85629780608,-172842.18335786878,166274.73985056774,106766.77280996609,-657958.0053050739,93638.47890777364,278205.2152144233,-449325.2164257976,76544.61713026334,582848.6984025239
754,68.67992489702203,42.89605083926842,11.187367661081426,209907.84422574565,-672966.6589642699,-1096151.2302629522,3225.33356840856,-14228.146796840554,196618.81426378925,-1125576.385917029,-672500.5319023633,238866.87281791554,-1255356.0656633587,-53465.15915434128,29144.97273952148
755,66.98405843564714,41.83707237868159,16.56249922138864,318940.0169704207,-578959.5343736833,-296004.07875758264,-110855.46324494074,-157505.7517712115,-91300.41707213603,-668666.9196482506,-228231.59019080442,340874.9136782103,-466597.4190166403,-99567.88746666716,503451.4470675815
756,68.68043885641117,42.89644929942798,16.562239580439094,414919.6203672163,-521504.69433976745,-409877.55686076346,-39227.83081232129,-383655.3277635888,25669.851743705945,-853515.9626245778,-82084.01379681854,419137.34558808175,-505729.1241821123,12567.234504409447,330199.05781424674
757,66.98461838384324,41.83755109028928,21.937437381657286,445545.6567050271,-451135.1740422496,-336113.0597061475,-57434.05435752935,-288753.21655503206,-157150.5284206425,-706260.8224694586,-111401.7571293274,475960.0025554159,-367744.5281817746,-68073.5820247717,668956.1083471078
758,68.6810211973381,42.896885419440174,21.93717412722298,500458.85851721815,-382603.7677355839,-199478.10410572903,-57585.38580800779,-487208.054549096,-54495.66595168886,-791622.4825411761,204607.69105254923,505391.778164532,-188861.27664100297,-20187.28951813245,647680.364258917
759,66.8791327430236,41.77178266519342,27.312398163233503,1008544.048522939,-360097.6150927713,71273.14512978145,233586.80859176628,-492621.38860565453,-149067.84804295367,-690097.9838154075,304407.2515238332,1105410.3108515234,-145494.2396970659,-22902.882807589867,894036.3320358428
760,68.78760344116453,42.963499281404054,27.312115457867975,59683.67073294797,-627418.3856250462,-530138.0066858075,-27861.51562881857,-776534.405846913,10271.412059135662,-1356958.9021305903,54921.07742880165,204165.10312388258,-68218.5386474541,-5799.031631443934,938271.0915916264
761,67.68491229014306,40.713852144979796,11.479190960731946,199990.42138462455,-548353.4395615037,64741.8213669073,-175620.44200786296,180541.27608261924,102278.04257592458,-643468.2496652964,96617.44101289731,263229.6118424276,-440860.66443297756,72477.47183959217,586582.8360280449
762,69.39105030978433,41.75727825537411,11.479040095313179,200299.8286661936,-617430.4519224092,-1067076.998466617,-8267.699915576446,9217.56963602017,194350.86927477326,-1096434.0626594182,-617261.9337074378,229488.37464402398,-1219738.0816771316,-42590.06021805864,27873.303025838442
763,67.68537481745862,40.714267036028815,16.770830840618345,307816.57606757106,-551406.491352709,-290701.3080747988,-117226.4818778943,-123585.84056280802,-90727.3663898766,-622604.5993489001,-244170.57962933555,332483.955618299,-458206.08595104667,-97209.8558480001,527652.6200146911
764,69.39153704358927,41.757648359562985,16.770583124173317,393578.16745131987,-464825.19963700796,-405911.55638629984,-49305.71240098468,-325634.084940562,30756.53214062922,-762544.962198244,-114563.5632049278,399949.93683118373,-499881.3362761405,11490.714519358544,319510.6605299346
765,67.68590503734042,40.71471546595565,22.062438309760388,432494.9476328879,-433257.1285606463,-327169.3622495271,-59837.892499498645,-255250.37882141178,-154990.61311867659,-660176.4555869937,-130768.05913135331,463012.9715410616,-357809.2834838334,-65898.67239799975,685012.9460522487
766,69.39208996153062,41.75805299963981,22.06218617259939,473594.7835990111,-322519.57332494983,-195639.49979126797,-67275.30099373776,-425951.9719065943,-48153.51542837347,-695537.19028518,171391.53587089892,479581.36489707435,-190270.3132353156,-20363.438640646225,626332.191332211
767,67.57978114461656,40.64991849666163,27.354067377471395,977555.4939116304,-362158.9030673324,63780.99848333292,231042.821858238,-458528.2451796798,-143520.1606083044,-663497.9311018115,272791.96819059894,1069883.5522388436,-139884.85271973748,-21725.013653019778,900838.9857179793
768,69.49925680027476,41.823638071655935,27.353796132764785,47574.91847301001,-556425.1444227397,-510469.9278040356,-30701.31395399706,-704918.4823444347,18445.684801071566,-1238806.6951594672,38650.28954815138,180836.25185755064,-70455.13745450138,-7662.5661133100775,900739.5268321715
769,68.27290357798883,39.73203033361406,11.77085575147589,152718.60316330072,-1028516.2577433296,-16161.240152945858,-167676.22713371363,-81347.00527300437,94672.43698210681,-1056277.523555513,-58550.28493037932,222868.91375291784,-437989.74516950455,69150.22012857755,598922.1040373007
770,70.0013971198898,40.737853987758,11.77071173996334,190009.10413997463,-984796.743348069,-1090366.5952173637,24154.612951219104,-217186.9488592056,170145.50047974865,-1276335.9434806944,-821066.82510462,212248.534159856,-1190031.3806935048,-33731.593587149175,26713.828372623335
771,68.27334209892275,39.73242139208499,16.97916302959619,287237.36790347163,-1223851.1167840196,-381919.76829595276,-28515.05501839621,-555353.9844507149,-107586.75818241887,-1502775.813122401,-122918.32347801064,307160.619423911,-449721.4908992266,-96118.01652881317,546314.0618055922
772,70.00185904073331,40.73819949217579,16.978926177428477,398408.58216350526,-1036470.902431032,-476040.28860979946,45673.92677653888,-715451.9344740139,232.10414953051466,-1525370.5806144509,10435.535798836736,400832.43593828887,-489642.7261714707,9698.449622333763,316535.3053344501
773,68.27384482357039,39.73284315987122,22.187439397107966,435450.05402457475,-1275375.924054518,-459046.06521317083,128180.28685409656,-701535.1395220789,-172909.10864414056,-1679142.6548762033,-135565.86410752241,515736.58374061127,-348229.3279078724,-64466.4376823294,695834.9137257942
774,70.00238409643237,40.73857620939435,22.187197589636995,493285.46436475776,-1071904.2099116624,-316848.06411126535,115278.75116280597,-832135.6636420023,-76699.93323369556,-1609610.2043078344,169855.05503116947,544288.3396184946,-190830.0561777671,-20182.929323803182,608934.8957113423
775,68.16629900739036,39.670371486601425,27.395736478433285,929693.8823279958,-1444986.6402154528,-152573.3073509484,502018.0821474794,-942543.1224770206,-158723.8492717494,-1989494.5885080197,173288.91326230555,1148339.6100073087,-134264.0229093413,-21702.11987689928,903638.7449808008
776,70.11092269791627,40.8017853175281,27.395475828408216,50987.24756123347,-1508886.981759721,-683398.8677688774,237363.1295758059,-1138192.1324397884,-9285.256570761576,-2321972.8294937653,-55113.61619556654,235787.84372196777,-71977.80404830475,-7896.396713279698,869978.5847213977
777,68.75872092932053,38.87236246273737,12.062521530818874,147803.83549809566,-926441.6691262687,-11848.813866696291,-179929.48401247195,-12273.16673437102,95689.85540911429,-955789.1583678896,-52346.44028679512,217648.95115981525,-434026.9278257342,69419.68072228722,611358.5288712822
778,70.49978751118667,39.856578991149,12.062382911041109,177761.981741217,-988271.380071847,-1072275.0903090294,12143.909679232764,-203054.40728025982,171005.51158278564,-1251613.1286049283,-832099.1596374542,200927.7996027228,-1162480.913799579,-27607.77074238421,26236.252741029613
779,68.75913803494795,38.872733339059145,17.18749605995182,275700.97927140986,-1099816.260534114,-364893.48227854626,-52284.42554340094,-437640.4986864808,-105925.12000301156,-1309179.4534814833,-172883.26678112906,293053.95672136167,-444614.35777367244,-96152.54628065237,557528.1607385187
780,70.50022765278608,39.85690379391258,17.187268460612675,380268.87766217784,-1040639.7636711332,-473660.4648118372,35416.96737691622,-689417.1271551558,832.5064563864885,-1503052.0692028308,-12642.075063940438,381662.79344597866,-474471.8647993684,9178.410208735439,323144.99583390646
781,68.75961544062882,38.87313177721846,22.312441442462294,419767.6409366626,-1127515.469077208,-430281.7893232114,89180.64937977995,-581122.57484602,-166016.24975146403,-1456578.5364711797,-162219.5098038049,480768.4288112278,-341161.7676880451,-63878.73799509863,701702.2357061994
782,70.50072710708058,39.8572567442827,22.31220864543839,468942.6512666866,-1090176.1875953176,-325605.64423024084,114152.74796972923,-804070.5636391684,-72226.05772306022,-1599840.365345778,137728.5782285525,515272.60655835364,-190187.36706590996,-19282.742264297558,599010.6705063102
783,68.65126104077832,38.81198870487332,27.43740668604612,905278.4697402203,-1255394.800185347,-121421.83759455127,439032.40037950344,-804039.800168059,-149753.2583991209,-1712435.3162869571,156093.17655708716,1084803.971690192,-131422.9026149671,-21982.770016707058,901438.4793899602
784,70.61002828776546,39.91909340481994,27.437155213704067,33675.85715015954,-1548339.4418016106,-688377.1492952518,248160.81249381162,-1113730.221358887,-3733.6855895669314,-2329629.694120465,-80146.73851153454,206735.6986852971,-71806.97628387222,-6816.253038040691,848347.942006052
785,69.2433493575898,38.01560970168203,12.354186281463395,131935.5526594692,-931958.79728167,-31374.449601471802,-196611.98912174386,6723.911586798983,94093.6863762933,-967709.5283119283,-66559.65531247997,202871.4894007357,-433904.0848829064,73134.07041241892,613368.7028256173
786,70.99936650812242,38.972386809603634,12.354053184080065,170501.18383137742,-905669.1805952629,-1045958.5207419755,-13697.295922290108,-139046.5110482754,170662.81027181828,-1146398.3435204339,-829693.1521203985,194964.97813497213,-1134817.4833494136,-23568.326780020667,21543.662818988276
787,69.2437444521274,38.01596040380399,17.395827588003424,252067.61451255012,-1107764.6661472358,-368235.3164307327,-61767.893084400814,-404488.69503502664,-104809.54282927088,-1292368.0777851962,-200881.85701484774,269317.56673462596,-434421.28288696625,-95074.3224168054,566425.419084889
788,70.99978422998997,38.97269049499635,17.395609569218568,363746.9691613903,-908241.3906563224,-453483.1403272316,3952.669114651328,-575087.9924173906,3368.4469601930923,-1299285.4927197823,-62455.80876969211,363763.73966731096,-460059.7570228917,8020.747497769114,326689.2956234598
789,69.2441966733482,38.01633573475149,22.43744204814517,390858.09556121693,-1137788.7568050523,-429767.00464105315,77641.99911473093,-547856.9568182755,-159704.49565477113,-1436096.2744627092,-186036.94469927554,445435.5532770965,-329327.4098760128,-61797.38205049787,709303.8598599155
790,71.00025783590873,38.973020206726915,22.437218470355294,444539.0209992505,-933561.2753835868,-304713.400479666,72955.72058292125,-683691.3846662627,-64423.52368011399,-1372056.7231655687,107435.12868125814,470885.9396203082,-191199.21852439898,-19974.61091254026,580513.948185974
791,69.13488531822317,37.956886335462556,27.479075507465875,854145.0390474633,-1294655.1467384342,-139208.54356287478,425684.2293493068,-775182.0037592038,-141357.43758281253,-1723499.3890747644,122057.26790627177,1021723.4699146474,-125621.71730305732,-21295.443096561543,900355.1051253607
792,71.11047019384358,39.03312056614813,27.478833410037097,27562.93970451434,-1335278.5704763823,-642418.1122284327,192056.41380205384,-974406.9310279206,4219.038424824,-2035347.4693069449,-64407.771719683835,149621.49802632802,-74233.35543575705,-7661.134408773488,818840.2001775985
793,69.85092237632489,36.85752463455947,12.645851309280243,131892.18257205837,-208419.55919924978,56325.448503775755,-226403.86217152496,366724.64358100866,68918.02450389766,-541726.4265411656,172625.62678034167,348898.8716374083,-422647.7765787674,65365.16940463838,604395.8547060827
794,71.6304458989266,37.77017963813965,12.645727269909894,137541.1512785627,-346596.2838973303,-934017.5502704977,-88074.30484355561,143304.89412197552,172147.6072606275,-998173.665207813,-317850.3615490439,172951.34386759202,-1068070.9559912337,-3644.7947885783765,18928.447684173294
795,69.85128650898989,36.85784964581655,17.604161388248357,194929.33988101233,-107403.83651378528,-228728.64597280195,-210199.61337535275,202973.57133336173,-109713.61573926517,-383051.2765386244,-124753.29863179427,366601.4325648437,-424003.7402836869,-93522.15382357761,573913.8968463528
796,71.63083204533301,37.770456348721616,17.603957116859238,268813.314283085,-86118.90575141268,-355546.444525751,-145178.4708600301,-54553.28861042152,18586.906492758473,-366334.30485008995,-129055.75059548706,322538.01945149846,-447299.7881817764,5617.493638463414,328246.92104529886
797,69.8517074401574,36.858197714282205,22.562445500805104,296912.05564006686,81911.72035220219,-231046.17156637998,-213388.79987760753,83788.20109251444,-153304.87635552022,-274708.3467108582,-49191.29852413879,471677.2496608861,-319325.0382343883,-61341.1502595889,709767.3636143097
798,71.63127324878786,37.770758781740085,22.562234340083364,316241.68612426636,100461.48246773773,-157929.54066355422,-185934.0707933345,-132939.85853594335,-43428.76240831292,-239589.46109938083,73514.04134205157,424849.04768577905,-192523.4143632008,-19563.994129455576,565445.5109546136
799,69.74089961516,36.8014810198708,27.520747004801326,806026.8044609174,268449.57195827446,148423.72977679715,-14329.380637150669,-61487.60259027336,-137927.342302508,97385.41916718,291723.74146244297,833790.9455663661,-120987.6568582459,-21368.98840272383,894482.0722259303
800,71.74292620807138,37.82807634833501,27.520517550692222,-29058.830285691107,-6972.43393090053,-389906.63363541325,-178090.00862380007,-358783.48280618427,19342.711250982557,-615272.7065118885,-102902.11952329673,292236.9281831804,-74555.2070996499,-7440.78549615118,790931.5124617157
801,70.5931931626543,35.376045835643545,12.93751692783061,105685.70332989618,-173501.22492164286,57779.598974547414,-216641.08285022547,362500.9701498,40812.66005162931,-504445.3509627091,129016.0045045814,365393.4238409284,-385904.5095249469,40534.39040138932,579862.4292387537
802,72.38127180182643,36.27201852036298,12.9374050065864,132371.80060644553,-290312.88987221115,-849564.2924297674,-100363.92967149254,128955.24070408143,144715.05206426766,-903644.5033524423,-272028.2159498315,168167.33760674077,-963238.5697421967,1811.6309462092015,45432.81119594012
803,70.59351729079366,35.37633897791572,17.812496296707163,160478.00065822067,-41071.17503257124,-207167.42988561976,-208716.68192530208,234563.66848199084,-106755.81225619251,-375537.14928802464,-88363.41893508166,376139.9639631359,-399044.0125807295,-96492.33604221331,581646.3861994054
804,72.3816176229995,36.27226375869169,17.812309363832586,238616.82467879166,-62556.89987312395,-357362.40249046654,-135464.042707392,-39901.72601118298,18393.779263392644,-362667.87070996815,-110745.36205694314,292110.7550821125,-441276.9299185421,-589.2800838056177,320152.5944839813
805,70.59390081444307,35.376655662759305,22.68745094673469,256365.9307159981,145022.29534526082,-215263.05258114374,-218892.85752352193,121839.31641092466,-145589.766410417,-267329.37866876816,-24994.982195865658,478449.53434474894,-306729.1650766654,-62397.34276923041,706589.2758048772
806,72.38202088200039,36.27253550339107,22.68725482091636,288191.09512817406,116149.92868881203,-164829.7235045659,-174636.3621896265,-114810.24238293027,-38795.163052233685,-225738.9120880517,66951.5637163034,398298.6486841684,-196525.30256265498,-18906.07563398133,545709.0454224837
807,70.48252584184526,35.32095273617399,27.562420765529197,738613.7323504854,333929.90603825136,143781.81695019436,-33401.48521367984,-15449.224365794507,-129729.47644088608,114511.53937050396,334122.5686704211,767691.3472980061,-117872.25590797288,-23031.921237401908,880980.1269668293
808,72.49417537613562,36.328782384268706,27.562206696006065,-35737.118857549285,4684.026320279067,-375063.54849735525,-155043.90528251062,-335981.60514540464,22504.88335460762,-577803.1765527574,-98865.34841374234,270551.88393187436,-74654.52744849744,-8081.370862053454,754493.3847032347
809,71.33834817754833,33.889021645574076,13.229181273634497,78185.67818174527,-110906.23692312138,49220.562312297654,-187738.3909280206,346959.88095032,29895.624556356554,-440893.39836974745,96625.26539491171,360768.1365457573,-343554.74815373746,15216.240329409162,572090.7844260458
810,73.1292086983502,34.77939820215315,13.229082825158963,113536.04309646238,-209152.86352381442,-786092.4177957753,-85353.90721237169,97316.17788013181,135182.48833809182,-825303.5781004728,-204157.24697040848,147751.5868477538,-888657.0016460572,5269.78149717301,75688.3640290624
811,71.3386344276548,33.889283521760944,18.02082846118839,145023.76115992275,13533.410474777138,-186225.5686395836,-200498.82377538466,243746.89337629962,-102935.68034941082,-351475.5805845255,-62094.77696414818,385901.9605437899,-370042.27289279137,-93991.53338710844,603638.4168675265
812,73.12951543059219,34.77961479458829,18.020658908591372,209085.3053870425,-43468.64866284418,-370216.51959238655,-117111.33027689175,-29948.828277588167,21020.284934066796,-373136.5803820082,-87982.81870842274,256519.53622224278,-448405.64902125736,-5870.623404146981,294464.84931417357
813,71.338981602503,33.889569887047486,22.812453264825553,239079.66510460578,185719.0454474312,-197918.55753396807,-212089.61375410508,135390.19715332155,-137964.97876716926,-253183.45825595185,-990.7003486381944,481054.31162265904,-287841.0178090126,-59744.023752569476,718102.925105076
814,73.12988188122405,34.77985713148229,22.81227192878015,259401.3451747445,128005.9327606678,-171767.26460166398,-155741.911150528,-95670.59748955525,-33718.95370823721,-213462.54594578018,65154.90069875698,363947.6585807714,-202948.97885359527,-17715.071025904894,509750.4710365068
815,71.22740096025902,33.83418872864462,27.604091359749923,694747.6873939022,361122.6535146189,136666.71347297914,-34589.547797631385,1848.6977727069361,-122946.58314947755,110668.11792538542,358006.18439872126,723862.7520573934,-109944.74033724415,-21270.4655071944,882553.9707572537
816,73.24217791905839,34.83572804605483,27.603892622800164,-42505.63197376752,15458.858654714626,-358594.1424209448,-127834.8145350803,-310428.6739657107,25966.321101401096,-537406.8321776233,-93050.18919382867,244816.1056314541,-77542.52089039155,-9496.507729571878,698957.7482385512
817,71.7725685719968,33.009331496605235,13.520846047493173,-626306.7258015729,-4211132.249950177,-701334.0524931531,-212471.9475365977,-1085229.8014663109,43750.63617450019,-4529071.125973647,-655008.3718320963,-354693.5304391574,-335946.11297342053,15921.174341176722,599856.006749695
818,73.57959635304913,33.86587352277559,13.520755271699878,-280618.4201012263,-3016959.608876759,-1255107.2035548158,69498.29706001173,-934096.5129958905,80338.83913716023,-3422910.5355820255,-855761.3590830971,-274013.3378676787,-874203.9243559213,10282.12118611501,108806.974105068
819,71.77283407671729,33.00957513136717,18.229160319154698,-744377.6909904401,-5755872.895707095,-1229464.3218313134,192806.60920577744,-2327658.9647738906,-120727.63796271839,-6742066.539281188,-803710.6163449321,-183937.7529027297,-332655.7378952536,-98178.28500659225,631920.988821278
820,73.57988046125101,33.86607385277867,18.229000727438176,-318199.5261387003,-4324172.310730781,-1116503.9317852631,307735.65728391695,-2009672.7069994807,-49643.03787634883,-5304671.544782908,-421405.11623717414,-32799.10763466232,-448529.3095515371,-17788.101830097145,288706.40221003164
821,71.77315836582663,33.009842304413525,22.93745364095707,-839188.9965074996,-7070638.291592286,-1671805.0201428148,749427.6124048289,-2683407.442124636,-169912.29867684396,-8231012.244542,-1130184.229613866,-220435.8340867356,-269860.09221433214,-57368.37049033428,723547.9477540075
822,73.58022289240552,33.86629746758246,22.93728139382476,-412270.49635712255,-5454300.300959585,-1276508.2411364291,676628.0047982526,-2321747.88486053,-101063.48820254573,-6543030.298943434,-670606.5737776138,70557.83426791146,-207705.10135050982,-18355.93042686061,475784.9158930228
823,71.66054663149191,32.95655786960964,27.64575945716284,-876543.6324098196,-8955901.569205374,-1972352.7419294778,1545571.934030068,-3214763.2778166826,-145536.66867478477,-10413176.032617923,-1386277.845623282,-5344.065303460585,-105421.34094449019,-25603.803351834955,864909.4987440414
824,73.69350740598387,33.92003679338013,27.645570254334,-1021035.6379618477,-7016635.066202729,-1897570.6440550885,1163944.7117388924,-2784380.0259139845,-37072.29497695194,-8389689.127343278,-1279251.1047571206,-266301.116119267,-84736.69822220397,-13938.405924663946,645904.9379230825
825,71.903940473795,32.72005985061572,13.812512205521372,-517765.7526337824,-3689024.862107033,-614360.1728893099,-220419.7866070992,-863898.7852431383,43566.30081328131,-3927132.2477200674,-561092.5641321057,-332925.97577795235,-331687.65487239935,8148.190537847993,612464.3813550107
826,73.72435352430116,33.548362707415485,13.812421356316785,-365729.1331847314,-3362848.6326612593,-1336511.6791971563,51709.29835683274,-980775.7931601619,78975.2322192057,-3761569.7492737873,-944546.1240148465,-358973.5717545145,-881520.9165684276,4069.702498252179,105792.07836514094
827,71.90419975283265,32.72029702223944,18.43749263941464,-590024.5952368141,-4959411.726449186,-1083053.3819858641,110099.75339960745,-1903420.4835409226,-117294.95699178743,-5738407.896265309,-653996.4546850803,-240085.35272147323,-335881.3110596593,-95516.53118556392,639358.5266373053
828,73.7246302745009,33.54855737314884,18.437335189079842,-426584.89467978454,-4730158.088008757,-1190492.9186139307,287603.58560925565,-2115654.6606112868,-51467.920485322196,-5729402.944380285,-508222.20255317143,-109610.75436901535,-432468.3264806455,-16223.379540241882,297826.674539457
829,71.9045137517904,32.72055530193364,23.062453581552212,-636433.7049896211,-6009543.881086753,-1443280.28642943,575376.9305860902,-2208029.5309593636,-160998.48452783725,-6938212.434730606,-940369.2503957092,-210676.18737948648,-265749.9145833353,-55179.94694379422,739290.2368788568
830,73.72496140583138,33.54877270598311,23.062284513358442,-551574.1703231554,-5931919.357708605,-1387530.5735864018,675047.4110248974,-2432945.6851379466,-100110.15524324382,-7040569.975763274,-784389.1732935759,-46064.952561311475,-204797.97254122648,-16415.951878756496,476719.75765801367
831,71.79105494761315,32.6690269068613,27.687427061449974,-573723.5139606516,-7427664.722277003,-1615210.172738467,1244816.9878834474,-2629855.5853772787,-137390.63823736552,-8595907.82613346,-1087797.3034060083,67106.72056334646,-100364.9935407835,-21369.28791469219,890157.7775110087
832,73.83907075202075,33.60073901701561,27.68724121704742,-1209726.5120986826,-7675528.18585471,-2060035.3377846458,1198659.0155390643,-2948142.927005901,-36208.58792819153,-9089687.661545305,-1445559.4896361427,-410042.8845565911,-79427.5814719652,-9226.07286129756,649158.4292843589
833,72.03945164050157,32.42237380626343,14.104178224459977,-559511.4031165199,-3876093.8477307325,-657218.5838411915,-237690.93010507472,-906604.5881700084,42484.309632569544,-4127345.9476915523,-602116.4847990675,-363361.4021978237,-326103.055581787,14538.340760389088,625036.5550450068
834,73.86497112329656,33.23926537222278,14.1040869389946,-338941.87501533574,-3243510.927064771,-1317219.579109535,41085.30760125233,-900177.9337582635,75469.72625637722,-3600018.997540001,-966870.7705950179,-332782.6130546232,-878074.5921528182,529.4206373239955,110194.71947961577
835,72.03970449561838,32.42260452210631,18.64582485731437,-641331.1419153049,-5148630.4858712135,-1123814.6854497085,105791.6087465299,-1937695.016812699,-117375.34374554032,-5930423.0994492965,-702048.5142546621,-281304.69953226874,-329674.6082669898,-95647.06212860126,641614.8162563301
836,73.86524076481588,33.23945447972368,18.645669505191172,-376146.26062868326,-4465170.1903640395,-1128384.5205751394,258509.83552374237,-1960519.3267639913,-51466.07875608859,-5380188.164546246,-465810.9996340004,-123701.80738761304,-417583.0966411177,-14128.319850283431,302432.04242298857
837,72.04000822236736,32.422853888212366,23.18745343948012,-696936.1839845799,-6200326.084717772,-1484866.1266812256,571024.4918243813,-2234133.8852863265,-157843.47752702652,-7125473.765038747,-987005.2427037046,-269649.38764112495,-257993.68731801194,-54944.84495640374,739574.1182623345
838,73.86556095536245,33.239661869266676,23.187287421501676,-483695.8494593508,-5552852.1013573,-1305605.827913934,615964.4694956549,-2245399.869825846,-96848.02325044465,-6565667.828173669,-723280.4000531805,-53205.550503735525,-204297.58805546153,-17302.540304265836,468187.52297309815
839,71.9262196712727,32.37202974973399,27.729094551504947,-662348.3330850971,-7685610.170756609,-1680251.9827672385,1250221.9746612257,-2676506.6828682735,-133263.66287808097,-8859348.701046292,-1153808.544073668,-15053.241488986083,-98401.67511034803,-23518.929389964083,881622.3802245611
840,73.97997808299053,33.290907268684,27.728911927697332,-1099738.0357760717,-7116879.306656265,-1928223.6738956915,1096936.8185120835,-2725113.8592160125,-32310.199046788028,-8420972.907422325,-1330930.7337303972,-392937.3751753019,-80720.22170490326,-10081.605904263137,635711.2976739237
841,72.23702280340093,31.97332016814998,14.395844085256012,-43624.58180522057,-1358637.9771621025,-190619.20779174336,-177001.8762714563,-92256.76405064536,32844.95626491452,-1388395.273534847,-195588.50013900583,-8897.993085212855,-316324.9325077251,16360.827334230797,633606.1629365811
842,74.0701473667777,32.77307284663663,14.395754391084672,39356.703863377625,-1321129.1399396458,-950928.0809185997,-3572.556519812364,-272961.05992966273,86096.81146274845,-1466754.4087176193,-813296.4688020697,47350.3605248201,-868576.0243713235,-4450.327577234302,110371.98187193419
843,72.23726613163518,31.973542580559137,18.854157840482785,42189.361964961456,-1731938.5843346715,-464536.87711485534,-47427.116355371545,-509128.93166606064,-115129.23583905105,-1914653.5639053765,-309563.79646966705,69931.26089047872,-332368.4305625203,-91421.56840298478,641056.3640814626
844,74.0704066923718,32.7732545433403,18.854006559675007,160363.6734275202,-1662725.825944271,-591490.1592604424,67702.18478547366,-740371.5842118595,-38315.92702737191,-2041746.4813613342,-224234.19986955027,172128.3694536916,-408422.02463856037,-8315.908248575004,297521.9240978696
845,72.23755701356987,31.97378122388008,23.312454103498013,153148.22078399942,-1968246.1912154187,-568634.2919651761,121031.01216007258,-677740.8949987048,-145833.17890291242,-2244024.806433716,-357849.4499118948,218141.99394901606,-251007.19415309138,-53987.61851577698,746416.4322468558
846,74.07071320993134,32.7734522856665,23.312292550589913,211816.76917682623,-1962290.12692373,-537742.2872405457,198418.38806740992,-879414.9543892164,-79178.47602009852,-2389814.846895869,-179698.7196887541,281297.921597174,-202668.15048924604,-16966.39641680943,462336.5478730781
847,72.12328053378111,31.924018009333544,27.770762573961978,454746.87595049373,-2351383.328251694,-428270.6697068126,462636.62353975174,-897652.318661441,-126677.72898174504,-2751682.3819944714,-191648.60713120134,618423.8671176602,-93457.4239471885,-21368.12914788939,891868.4647343407
848,74.18559225642838,32.82361723018489,27.770584736077975,-171972.02363746555,-2605243.1764206565,-870676.758514236,402291.59835268266,-1186662.5923684097,-17971.864912703582,-3247898.298405719,-408278.8917976162,8285.231630977369,-78762.01642669576,-8213.885909386257,629325.4515617546
849,72.50045647473252,31.36433013157873,14.68751024198779,-40165.54649474786,-1300800.1285628257,-187309.2593298204,-181729.9288744886,-59613.26297704981,36420.34696494171,-1329025.9429812809,-195621.54385715912,-3627.4475489544866,-316770.6639700402,26060.08068785963,643508.1907357636
850,74.33608012491919,32.15835438160714,14.68742413093793,36098.55558931775,-1322702.104528793,-940142.8218069272,-6653.885187416623,-249605.25611374778,87258.40780382942,-1446615.491721862,-824597.4803000883,44466.60127554785,-853766.0273456357,133.50192292767088,109308.48360500648
851,72.50068699597644,31.364542237619265,19.062490997253125,44601.68749597983,-1634041.2103252464,-444728.9070357726,-49051.77935163544,-459245.89614713966,-111147.49134410595,-1794427.4141589324,-310250.9642636134,70509.94855750652,-320168.1509776294,-90788.2125119859,650677.1865599307
852,74.33632605117644,32.15852692097688,19.062345532624256,151478.0695558329,-1639923.6618285025,-587621.7710481348,71888.74846948488,-709956.8347195234,-38187.82073974604,-1998473.2330971942,-241304.9637370535,163710.83351344362,-404119.22742229747,-9915.795023844768,296284.7921011383
853,72.50096249888571,31.364768397814725,23.437455447197713,152928.34088840144,-1852043.5594178382,-543068.4405850328,107543.39806168422,-623296.6606143358,-139460.7704048485,-2102386.3822216745,-350614.55114647077,210817.27425367612,-242953.7461923436,-53287.40391312752,751213.4058114248
854,74.33661654724872,32.15871354966648,23.437299603521605,200326.03190760448,-1932227.7070052617,-532948.4459271064,197046.59417738317,-849530.9143753141,-75585.0448246599,-2341546.8028005296,-190094.5667570153,266791.24853278045,-201772.77027701645,-16427.318824627684,452453.8536122836
855,72.38651518491669,31.315351308810616,27.81243150496233,448735.0676703262,-2202955.0194097515,-401242.7398789575,434756.2401884943,-833459.7119699479,-120280.88911001346,-2572911.4971316233,-181554.6861085799,599003.4916218196,-89979.05944821735,-21113.857077943187,892304.7524044071
856,74.45163649764203,32.208509905132985,27.812259815942635,-175126.9955598102,-2566704.483079487,-858883.9002390411,399967.24348726834,-1153397.7792883976,-15044.399463558035,-3188805.1314904657,-410970.81056121667,-939.4368266545256,-78576.74620583882,-7564.348310194137,613404.2427312355
857,72.76269417443572,30.758227218421553,14.979176263675182,-48590.90468483156,-1292350.0939145456,-194857.79367849714,-187031.84249030674,-43663.33837533919,36144.189122834985,-1321145.8958179061,-203301.93797071557,-11350.958489253791,-312163.3725297933,30812.84597695158,650065.0973795226
858,74.60320864940344,31.540748468773938,14.979093661733327,39926.651623152895,-1251544.7297907649,-915977.1962470838,-13107.42270580309,-213121.04862222818,85282.11298871273,-1355470.9377684277,-820408.7827046082,48284.44605833923,-835719.2152239135,1405.1911019758566,110710.53550408102
859,72.76291188532615,30.758429077574753,19.270823881621148,31360.29256890691,-1604371.007623877,-439965.11187258805,-53863.18349284399,-434259.73081971897,-106239.11441960074,-1752510.339267246,-315818.9568282968,55353.46916798386,-308336.4038418543,-89315.22132681416,659198.4563885487
860,74.60344105182428,31.540911870630183,19.27068421145292,151543.96245488507,-1527991.9477454682,-569799.5318470907,64519.155971314816,-641322.5594039152,-35461.6816426411,-1850286.409160554,-257339.2933373781,161378.18536025795,-402257.8398537116,-11048.316298305937,288206.79144761007
861,72.76317267776554,30.758643260336154,23.562456410061735,134444.64597212063,-1817395.5280448827,-535653.574140515,97079.03343991618,-597296.2872060643,-133048.77042690368,-2053378.6578474478,-352512.1974991508,187286.3991333216,-234293.7226675038,-52296.801455733425,753326.5287572225
862,74.6037161039998,31.541087792747046,23.562306255900534,200356.44061046012,-1786974.0497959312,-506444.9920303478,176698.80313224802,-776881.8261097883,-70311.82871884768,-2160595.801426357,-188577.82666984806,256111.02688038754,-202869.82944639938,-16657.13815419285,435891.12062938174
863,72.64840554030025,30.70993347678484,27.85410003296266,415629.4754356184,-2171867.155539181,-402262.7006331375,417565.4866621585,-807119.644621165,-114039.01901188583,-2526274.8250065004,-189939.26072498286,557713.7049947846,-86940.69990868185,-21650.134609791778,887178.9850997244
864,74.71902680670186,31.590155039508414,27.85393448496584,-158149.75730195548,-2367487.8022449696,-811567.9148338458,366368.26758633467,-1066293.7637715165,-11072.79439395198,-2946694.2874463797,-385067.35881304153,-5443.828121349069,-80392.07857776395,-8491.395594013939,589365.380996329
865,73.01487008011577,30.154693052305625,15.27084221481659,-54437.47671111883,-1249804.5801568495,-194868.78799638845,-195633.9117435212,-20111.515876893427,30262.92050768887,-1281217.433463872,-200810.1383447316,-17083.273055752816,-304190.07408055395,31720.322097277327,657094.9597331901
866,74.86502137559003,30.91414798413041,15.270763248411473,35041.5353452171,-1220691.9355982975,-896904.3264839835,-22286.48647533572,-190996.13222331955,77893.13700875903,-1309293.8418538168,-815946.5386526291,42685.65376938177,-813611.8225902942,1483.6829884994136,117032.8367550754
867,73.01507521199022,30.15488497469527,19.479157299070067,24443.48505590274,-1533980.4335283625,-428020.1972123258,-71227.00287315914,-392432.2615674975,-106288.89538834075,-1665031.0390097771,-320895.8424566332,48369.73578162473,-298285.53382597613,-87120.38087560389,669988.8617819145
868,74.86524023644448,30.91430259133876,19.479023486127584,142430.3004642076,-1481680.1311664656,-564885.9785977644,53030.43347523527,-598915.8544366949,-38456.5818230823,-1777975.4840841545,-277073.39506871504,150913.06985284764,-401601.7034684657,-11850.711049744334,280412.4964572061
869,73.0153219033955,30.155087858007146,23.68745760618136,127809.82043468306,-1735107.0150959631,-517839.69279776746,69164.22865270312,-553701.477912409,-132900.149934643,-1949418.6592696607,-350043.2369399232,174325.00875053593,-226251.3710494068,-51172.79701833099,757409.7889310747
870,74.86550029857248,30.914468292267863,23.687313166846067,192675.71594303456,-1724735.3010200574,-496297.5010342025,155065.02124432637,-733838.974135198,-72539.40215058398,-2072825.3734095888,-197090.71582735926,241559.00312572325,-203439.74447369803,-16318.611260061523,422622.3336065093
871,72.89993860923148,30.107808839062155,27.895768513057302,403457.09192065627,-2062997.6354682907,-384254.5397354201,372605.70910697733,-754096.4718675864,-114384.78111999024,-2386084.2823609374,-186325.70190703598,528614.900984919,-83447.8615349013,-21770.316077364107,886557.3883652943
872,74.9813987515138,30.962084091393862,27.89560915893203,-151620.5619238463,-2275663.8349368074,-786555.2688163685,334318.52644596534,-1013469.1541255411,-15475.786337426143,-2820597.8818955934,-377546.4575715781,-15695.326209849538,-80596.18378540064,-8608.669749330544,569983.4837848323
873,73.26180246909092,29.542194272450047,15.562508606032377,-48892.21859499361,-1145221.018201226,-181266.33333261564,-193176.7278071743,15325.951315419297,28535.478491490674,-1178661.4871567213,-184730.39884407513,-11987.684128037998,-293742.64708799095,30770.10070239388,665400.58318866
874,75.11669962750587,30.290086641755956,15.562433352658337,27024.881379003928,-1204974.6166731603,-879066.2694398018,-22711.505137801625,-176839.35212151837,74299.90014206957,-1282554.1053689383,-808673.6594873195,34211.7601223001,-790556.7699382815,2675.073547786773,127499.62034356341
875,73.26199529553917,29.542376520308164,19.68749076187455,27733.357538314653,-1387558.889239713,-401608.8727926499,-83437.82378347965,-327513.30330893304,-99577.02169156105,-1494215.4217762211,-317022.4311423981,49803.448424570495,-289143.75969758746,-84529.07665954059,684073.5601328098
876,75.11690539724044,30.29023305367224,19.687362684182013,126455.3491083273,-1461451.1538016256,-566538.7257757159,50583.9531510041,-570460.801255922,-34696.73805846941,-1739499.7922352692,-295709.7701487432,133675.03191499822,-402676.21465282916,-12468.600555867353,273984.1262614662
877,73.26222824629507,29.54256862455258,23.812459079571077,129474.7542289872,-1563709.8981633335,-482651.30304224126,44812.8042456397,-485801.1454436728,-125894.37517830112,-1749942.419583465,-334859.8415709601,167915.81417783775,-218500.43254804987,-49923.762593151405,763832.801529892
878,75.11715108604619,30.290389082153418,23.812320157340366,174167.42843274062,-1694553.5788284985,-493388.215841115,147856.96118751593,-706331.7114469245,-68440.24649419534,-2026195.3597259189,-206667.1085577092,219088.10204675383,-202673.91543667944,-15079.17714345403,414294.0070130909
879,73.14653480168391,29.49600171247414,27.937437482468795,402194.8846201427,-1841492.4294115799,-342513.5274090216,329219.2031407164,-673136.0614097912,-107825.03844638765,-2128229.373973372,-163729.18227998214,510147.4840528953,-79795.47255738958,-21093.024691408198,890030.837508992
880,75.23333208559485,30.33727290525066,27.937284146182336,-163622.31666654983,-2240814.864502858,-776226.8825517262,325822.72570072906,-984459.1410174447,-12905.954507050223,-2766871.373677684,-380585.61382626893,-33207.07621717947,-79177.09647697659,-7524.751081132881,556042.9966525626
881,73.50994811587593,28.92681506395342,15.854174847831526,-52258.92359686369,-1096161.134548937,-180840.68101689324,-183960.1823903631,35863.483511478815,34691.45655240088,-1129421.3418749438,-183899.4303944827,-15939.96689326803,-287748.6159612481,32612.1965764694,676772.1099515737
882,75.36716383339805,29.668904587318256,15.854103859341297,28106.887519233278,-1140897.766521476,-860738.3790978466,-14326.582219840915,-163228.07740404728,78255.389023536,-1216226.8856637944,-792953.0768825059,35650.70444621071,-782873.5290272625,5271.548599087844,133792.2506188944
883,73.51012937955738,28.926987968235217,19.895823918666807,21133.84424800711,-1328332.4385744256,-389836.2806926201,-88808.88548633312,-299404.00580697285,-93833.35176257437,-1424343.6978311916,-314698.85230351915,42007.67511567103,-279986.5279681534,-80871.79077720176,695768.3751831742
884,75.36735728115212,29.66904332594957,19.89570148298839,123967.21211443539,-1382134.2636199193,-558073.1152512418,47317.928488944315,-524214.941351413,-31162.036594382855,-1637340.8709335038,-308816.59494333586,129917.2991201143,-406409.6922663256,-12377.786061619681,261693.30379750353
885,73.5103489531353,28.927169646859163,23.93746021990153,118903.14562182705,-1500336.4056940184,-468820.9649251445,37975.96783063959,-460371.3323962256,-119612.82354296294,-1675944.9601262785,-328338.53210762213,154029.26723656498,-210790.35161845858,-48710.29710671249,766185.0612300058
886,75.36758909259107,29.669189990395104,23.937326663787836,171649.73203444312,-1593626.8505489905,-474087.4671588581,139368.28818860793,-659836.6084579998,-64023.74581389031,-1903941.4878998164,-204218.58450992967,212095.4867363408,-202946.13725355666,-14455.678813651735,398816.1514714351
887,73.39449749213392,28.880955011205415,27.979106088084823,380676.5141171038,-1771271.279874605,-333798.5684541207,313825.962788805,-644938.9562308213,-102174.60481034163,-2045584.0055145826,-161497.5674316442,482688.23873460386,-76709.40722032532,-20925.71197774002,886882.3571300078
888,75.4839012863842,29.715702282081953,27.97895865506351,-152532.1083587394,-2105790.9431496453,-742013.3587334931,309176.5483008136,-928435.2401112509,-10008.883017193064,-2605962.021159426,-362665.82071509515,-31708.56836735682,-80372.16908063015,-7729.8610448848385,533333.1160144832
889,73.69059744156155,28.470689593005513,16.14584080282558,-511046.03014158405,-3221308.0109262886,-607253.7056806015,-272626.1296328562,-449780.51335856837,46392.89967311557,-3320847.4606218757,-602508.8927128488,-416251.3934137496,-290656.6589472202,39692.57596669813,693775.7533776492
890,75.5546611115596,29.195325079662098,16.14577242187602,-313915.0276982334,-2792127.4466678565,-1192783.2130040948,-1762.0344566485205,-508550.9883372266,67489.96520643239,-2940248.821746817,-1050560.3334475884,-308016.53217578086,-788205.3294944023,8708.301120373435,139690.16590688317
891,73.69077048220332,28.470855336516557,20.104157021479963,-544952.026102076,-4016578.5919311815,-917120.7140779748,-50775.064244433815,-1196895.7662533852,-98007.91631554376,-4426603.137494351,-604302.2216471935,-447745.9729696847,-266692.0817504462,-80715.96593714759,706047.1059361899
892,75.55484550117866,29.19545788285551,20.104038447721052,-316971.63030167413,-3576167.0520982207,-980343.0898222262,138874.68787485018,-1272346.155572498,-49335.4148434464,-4098988.4814412226,-509838.80735747213,-264654.48342342715,-403790.44013443944,-16730.26989489983,258642.91740979906
893,73.69097946867664,28.471028561738812,24.062460829968924,-560405.3632684454,-4721227.639007398,-1165007.4183686532,268136.1304731747,-1470969.6981880607,-128898.13295634784,-5260086.354448773,-809321.3287467732,-377232.73744894925,-204357.02520600232,-47953.83687635667,765565.2581697153
894,75.55506607813518,29.19559695169415,24.062331363765136,-379908.57442897034,-4313293.095882044,-1055769.322474625,374402.7907710586,-1538354.081796449,-81960.40885817325,-4947072.336169673,-619224.1205134398,-182674.5361025259,-203581.69277145225,-15130.943298764061,382212.37048268283
895,73.57468950624731,28.42589643706777,28.02077388678267,-498312.45105048176,-5739418.035400497,-1272596.8132773088,756281.4324780838,-1807707.6828879237,-107929.97797121078,-6456504.914986177,-894229.7942955546,-159592.59044655485,-76093.60077272098,-23442.306274729348,874706.6901107774
896,75.67179490221491,29.241011192962105,28.0206309859614,-853293.9836093043,-5437080.807530496,-1518132.1449440666,723916.2264884617,-1926855.607277043,-27535.538332591328,-6305768.314498039,-1049722.0394058165,-453016.582180006,-83014.60405896162,-9679.597965996387,509681.6997834855
897,73.80717489464125,28.165090548547276,16.437506990568107,-468885.2864834424,-3003615.4148034146,-570224.6595719764,-277310.8017628137,-389098.3785854228,45935.10767073798,-3091514.2025708556,-569604.1482925647,-381607.00999541354,-286359.07846537634,41533.513908616536,712278.3087859626
898,75.67576768983146,28.878075393364423,16.43743888515175,-342419.2207155137,-2887947.11863319,-1218816.6252447618,-13813.739872890594,-504805.1941076697,65749.41950788496,-3028749.1046758397,-1084082.0885261854,-336351.7713914397,-790090.55508664,6303.546214974165,145008.3188843616
899,73.80734242082482,28.165251050914673,20.312489711004304,-491497.6262219209,-3716321.693288503,-858330.6837592932,-71197.32278030567,-1075675.011952154,-96884.25749065526,-4078621.9674759633,-563226.7484511652,-424301.28734259034,-263606.564596175,-78342.24850260577,713737.6644924931
900,75.67594601945427,28.87820381287944,20.312373109982616,-346326.51895079575,-3657022.091368514,-987587.4943514111,126022.25558157083,-1277701.6098245094,-50051.99691315622,-4172530.833511254,-523200.3834572758,-295204.8877021913,-391778.699533935,-14258.461491478905,264235.50571282505
901,73.80754339097867,28.16541756977505,24.18746106488083,-493301.67861981236,-4330615.974169637,-1079318.545280186,220739.7382053545,-1329804.2763350657,-124203.47050950114,-4811637.536936804,-745704.400077577,-345894.2610552538,-198249.5899924766,-45106.587840621934,776841.4153779945
902,75.676158043963,28.878337074841554,24.187334310392117,-416186.65402135113,-4390260.805962906,-1073034.5510358464,363936.3963544372,-1541583.5075784114,-80076.96368240382,-5016896.064634979,-641548.1816409894,-221037.76474413756,-200816.4392812018,-13634.758281784816,382129.09299660125
903,73.6909620999609,28.121007054319964,28.06244153292754,-404786.4638841122,-5200767.135391431,-1148271.8489774703,672151.316944086,-1633303.0752951482,-103579.60218644748,-5843383.470194403,-795196.4034885117,-115245.57457009777,-71522.24486936681,-20099.799813377296,889423.4082021953
904,75.79316100946804,28.92301761567513,28.062301651751067,-896031.1939473269,-5537440.160882806,-1543153.7641530873,718518.7992336842,-1940091.0949893214,-26184.455905897314,-6402985.962112079,-1080806.2631350986,-492832.8937360424,-79256.99591927567,-6638.409588516168,510918.2251982929
905,73.92382538417405,27.859519285268007,16.72917308666758,-499064.7729567967,-3108178.9626494385,-595733.5425344784,-302088.2444204559,-407043.3202836877,44148.76748667108,-3203929.1193993054,-595209.8218742462,-403838.3368671602,-283491.5392565071,44708.02815170647,721630.8046291112
906,75.79680124009073,28.560797889321183,16.72910499655487,-313829.62868819264,-2729012.903403328,-1187923.853213428,-31130.293084127665,-444949.1139248069,62061.95575033387,-2848331.530305692,-1074759.44872348,-307675.4062757759,-785217.3348223183,2999.8550028681034,144432.38252918774
907,73.92398732312647,27.85967463409814,20.520822340363733,-525870.1646297546,-3810211.189070221,-878003.9921734978,-84461.36645870285,-1087819.9525770778,-95558.04470872313,-4173036.220427018,-584756.2953749079,-456292.83007155097,-259059.96539291806,-78817.33223275299,709624.6999466121
908,75.79697349323025,28.560921926672048,20.520707735393167,-302640.4927653767,-3399876.3329380997,-928096.4896518305,102715.41916201935,-1172311.4143025111,-48905.6850709538,-3869111.1708784187,-496210.98203403223,-265291.1624428561,-381742.63846304885,-13728.449195412693,260541.0117494756
909,73.92418047384378,27.859834532296908,24.312461223017767,-531959.7842178912,-4410450.037215467,-1097117.7112085728,205474.95463211648,-1336704.242012264,-120719.1998354652,-4887896.53336167,-764496.6335050091,-387134.365775252,-193575.0611297757,-45382.3288951338,772319.1518093657
910,75.79717715675147,28.561049532668243,24.312337171185835,-360776.5290560954,-4051212.3522956506,-999648.9048437575,320038.6640213838,-1412653.8145454645,-76434.87311384402,-4621911.47515345,-589279.3650143284,-200446.9460277225,-201516.11667378113,-15364.12494209548,368778.62810634956
911,73.80731702604375,27.816149142980915,28.104109079635382,-461467.7166968734,-5312531.379053521,-1179290.8224819805,660024.020552804,-1651009.883877895,-99868.98860261687,-5954600.909447587,-826136.036222377,-172552.97256241334,-71881.21267570106,-22994.886644649858,875976.9393503522
912,75.91444533275174,28.604992886106032,28.10397221116963,-808217.2788981175,-5063736.2144920295,-1431774.2432924213,645755.6716041282,-1782884.6610524869,-23102.09105269825,-5861481.6590946065,-985732.757846423,-456513.3197415381,-81886.6122405353,-9079.702182072697,492792.7610820065
913,74.09296140043774,27.398999828859793,17.020839126556293,-56907.51843376903,-950131.1848555055,-179691.00320501399,-221769.70502586602,84158.23729676606,30801.429882177774,-1011676.6976069578,-170867.22195544688,-4185.786931883775,-276418.4543797172,44720.262906087635,723824.4709958795
914,75.97245663642225,28.082699845577796,17.020772892790497,12176.436904951843,-1062870.0609873296,-849311.5408047086,-47707.642776572844,-88021.7429660997,67004.12156096043,-1094929.9020208297,-825180.118154787,20104.855288530245,-769715.0618878647,1113.279539360672,145033.05747707904
915,74.09311518362016,27.39914877003138,20.729155792667665,6094.277290272992,-1120644.18535439,-353891.21419817425,-130475.54231040335,-206676.2716101832,-92873.1702222782,-1191461.2065467406,-311564.4022166596,34584.48650110944,-258554.52772378002,-74683.21981351463,712481.4195731216
916,75.9726201141426,28.082818404688517,20.729044986600563,106278.29298177082,-1214420.0363295665,-508858.9171789959,7569.291784916367,-425725.1622584299,-36271.710422612014,-1414585.772798657,-311848.5909236832,109433.7031955488,-377280.82533758227,-8828.088169018414,256753.78987873576
917,74.0932986251338,27.399300910222657,24.437462139087916,98922.5274437915,-1224488.1509132516,-410901.4686353779,-30224.214490276896,-351754.6198115566,-110870.43080791678,-1358577.827428203,-301447.62399034033,123558.35931370531,-187929.43116599898,-43630.07327053497,779231.9796705785
918,75.97281340512143,28.08293931875035,24.437342083049103,145905.1335744562,-1373171.831362229,-430786.72291179653,82597.06118172203,-546915.4460436058,-61278.71087706396,-1625269.3576102264,-203229.1598027606,170445.09671341736,-199317.22384579026,-13878.13044457924,366059.872092495
919,73.97601804857327,27.356706537035272,28.145777083728806,342684.76023478387,-1405645.930685943,-267782.39580921055,208073.5857508573,-509158.17326068354,-93457.17391265479,-1613576.7651290353,-126813.95846619137,409647.1573348568,-67351.3205942057,-19978.040766807124,888441.8627051099
920,76.09047852385912,28.125777500661947,28.145644675603133,-146374.88461439102,-1782185.1756346675,-665201.6789050482,229349.24530593128,-789233.3366536228,-11220.115945780695,-2209712.8445657566,-323853.3185232838,-60195.57606506611,-79097.67960795884,-6830.601220086225,489380.4540345489
921,74.31784335609078,26.77474229153929,17.312505621397776,-57657.68502299057,-878626.0530832221,-170483.49423738394,-221828.92687118507,105950.94656344206,30765.514149803348,-950320.7845956159,-154988.50878884408,-1457.9389591367872,-273055.34261548554,45719.05199854833,721726.9759238242
922,76.19947416665126,27.452571317542727,17.31244309528243,7386.865581115504,-1031159.4935703783,-826372.552058069,-52092.67291874488,-69425.04426875888,64870.27557383934,-1053388.9065336296,-812311.0212029237,15554.747689221102,-746909.0862615042,4469.65605627799,147782.49615349897
923,74.31798652842383,26.77488343227339,20.937489472893034,5715.602972645662,-1009552.3014965261,-331659.3354132818,-135320.7939586521,-169902.49566041163,-85922.59150125382,-1071127.2217742356,-299650.83073443617,35282.01857150864,-249501.92463305753,-71450.35241463306,721169.9761176767
924,76.1996264801644,27.452683456554617,20.937384057806717,95158.97229856887,-1169169.5071628012,-507469.8969097701,6288.419704767923,-398162.7703522103,-32512.017172838434,-1356047.6602256852,-323101.00149672176,97668.22994840448,-381511.27603115275,-9739.167925812744,248958.94410225452
925,74.31815837330929,26.775026732221384,24.56246370286328,95341.07597518602,-1100722.4838853579,-385811.29961926193,-41717.03939880436,-313118.50120088423,-104489.35664306482,-1222855.4448155444,-285897.6277023856,117560.36498849669,-182358.7316064922,-42870.7025733774,781468.9393683879
926,76.19980766832619,27.452796765852572,24.562348756864445,134600.04909665004,-1315798.5230286045,-420741.3562420984,77126.54065556433,-522304.60152951075,-57144.76856124082,-1557345.4443414528,-201433.03786528518,156838.65203268506,-198569.56332493806,-12939.785192761197,356352.07686721213
927,74.20073289297412,26.732790689960385,28.187445941957915,333569.93512542377,-1252828.1117736716,-242123.5624177194,184160.78066777054,-464047.8574159606,-87424.96515257885,-1444668.954389702,-109428.34524039298,392715.5605641277,-65276.80901100805,-19626.242293393163,888477.8004435843
928,76.31759427281493,27.49526075829217,28.187319238712917,-148145.98587744735,-1711779.600338633,-646125.9573565188,221155.81365048725,-758939.4972274315,-9027.99284550121,-2124979.5613143914,-315896.35216494324,-65175.630093264095,-78616.56100263132,-6245.312691352799,474550.51200282224
929,74.54274411934739,26.15049121823164,17.604172034581158,-62766.97710037572,-827884.8783784404,-169774.57863944393,-215360.5406891041,122640.61347445424,35230.8359573786,-906428.6739289567,-147745.1363384826,-6252.6238508205315,-270356.25587218127,46066.198235915996,721452.6520962266
930,76.4264735845557,26.822436438603315,17.604113531802476,6990.119053676579,-962194.9718649661,-804996.3482058517,-48542.40551255025,-58454.5955924109,67068.60176742752,-982201.5121152943,-793393.5773077874,15393.888405941078,-735810.3662331516,6852.878883046852,148056.74299769255
931,74.54287727731426,26.150624640224972,21.145822857147586,-719.0927204789477,-940234.5740234107,-317141.65573671024,-141091.95865730572,-146133.354233617,-79738.03378962408,-997013.182450261,-291387.7008248539,30305.56079451547,-241746.58826917195,-67272.17772287299,727311.3623810511
932,76.42661523310576,26.8225424279409,21.145722726687882,90905.4880431433,-1086140.9011061084,-499739.2088205465,1559.116799566649,-357973.7929842389,-28850.04205395288,-1255751.3060878832,-331908.48543351964,92685.16963789081,-386799.3347409913,-9511.019623842629,235972.54143116454
933,74.54303793852603,26.150759426480512,24.687464929605085,84786.1553079476,-1024177.2442220376,-370627.245459542,-48561.33019401766,-291597.56454341544,-98043.89573736984,-1140654.3023963252,-274494.87831688655,105130.84633957993,-177007.29659786512,-41839.92009150569,779846.2529360447
934,76.42678475593387,26.82264838159398,24.687355006758324,130556.0149608117,-1212943.6200949724,-401297.709319834,69018.00189976952,-484369.0034425237,-52501.55063918657,-1440065.9110770961,-193335.57941310064,149716.1760362019,-199198.80957776424,-12304.819366992464,339879.4077282778
935,74.42547012754534,26.10888287968093,28.229114450780624,313708.4069844452,-1165650.5479126924,-230905.4138646277,168386.68195834957,-439926.46306910284,-81751.58965309785,-1349816.7604841357,-101009.84196784388,367979.0476591045,-63752.01750561008,-19446.523295482017,883163.5530956767
936,76.54469103432103,26.86473765290261,28.228993371488773,-138940.47948950727,-1578173.5141169103,-612533.0572394828,205390.37487505356,-710940.4473012132,-6525.954728606668,-1972170.4896387332,-295163.9761662003,-62312.58504096753,-80078.7461258399,-6393.005301438105,452017.32696664386
937,74.7061660511757,25.68791257626426,17.895838065345377,-456227.0012865458,-2606814.8506104713,-530907.4433350062,-324394.40702766844,-215715.6500070254,47582.34489224055,-2674590.5592982047,-553227.9059757362,-366130.82995808136,-272340.38477455894,50083.97899009441,732744.0051358008
938,76.59608421037449,26.34216066380327,17.8957819792099,-286992.60024711274,-2335035.650101664,-1087059.3942741407,-65762.3914421664,-278645.8153551116,58993.91917884118,-2395710.492501501,-1034473.4095766081,-278903.7425448091,-737924.8129852265,7776.578106776214,151048.13090065625
939,74.70629206430411,25.688039877589294,21.354156112970305,-456611.80099929246,-3071488.6919523776,-730112.5750100537,-163903.0944292127,-789134.5341673408,-79357.7282900693,-3323916.768831848,-502605.11800691375,-431691.1811229624,-231325.91320719218,-66885.2178438797,728631.0440850237
940,76.59621800975731,26.34226173189162,21.354059559876628,-259862.37330290902,-2803222.0376401627,-826595.3932233432,34727.90523861769,-882569.339656506,-41933.77135120769,-3140040.3053105734,-500906.22201367526,-248733.27684216545,-384989.4256857912,-12988.34168146296,228377.3765371318
941,74.70644392501353,25.68816766835909,24.812465594508904,-446386.004085085,-3504916.0352479415,-903245.5268446045,68625.62260465455,-1028069.4187271515,-102561.41330415476,-3862406.163365458,-625503.708697633,-366637.6941145407,-172807.3502154214,-41532.38901206087,775426.992919492
942,76.59637813839763,26.342361663850667,24.812359493761285,-295097.81801866903,-3288001.1509714737,-840309.9610872694,205781.4216220876,-1123023.0943803347,-65276.57726617099,-3733403.0710851094,-492275.43007579894,-197730.42891650193,-200887.61461096915,-13646.36303758467,320103.48329677514
943,74.58848057941137,25.64739048592653,28.270782150357554,-359998.9739383941,-4166484.6956077404,-940666.0206506893,437395.20599242946,-1290676.5755501117,-84693.37298884643,-4653887.159084739,-644696.3756436857,-168566.15546839844,-64617.0432255659,-22164.96151186679,868008.5970780291
944,76.71466160756066,26.383339086007854,28.270665378069324,-667983.2731210305,-4078589.5438523684,-1192253.8658619956,472368.99993133754,-1440214.5471836887,-20484.575395646945,-4719744.002661604,-808336.3645892504,-410746.3155845415,-83122.60139276156,-8549.076002485932,427262.747006975
945,74.81120415671164,25.37815734740176,18.187504196637263,-417032.53330529644,-2396733.283949894,-493996.67392311495,-329503.5429911666,-170158.3849045621,44413.58111920167,-2463291.6718891882,-514175.588378105,-330295.23091101187,-267097.81796009326,51131.539683256306,753293.8141980045
946,76.70521122523243,26.02059384475691,18.187448311909286,-309484.0135388474,-2389514.055739233,-1104917.0592647535,-82921.72875247238,-265392.72503037844,55895.98400777908,-2444512.560406844,-1058935.7110420277,-300466.8570939616,-738093.8070880348,4602.636241289078,157160.78425676946
947,74.81132531141134,25.378279999465434,21.562488898392683,-410102.56392908917,-2801785.1732309298,-675889.1615338876,-175440.9459690229,-700079.9103633388,-78422.37752570452,-3025504.820258149,-473899.3058954149,-388372.772540342,-226583.69342293884,-65112.32273526255,731741.4792005675
948,76.70533974020029,26.020691081900942,21.562394124829975,-279219.24873223354,-2833877.249889604,-821267.9154872533,20199.143540862933,-881037.2591818079,-42499.14596867374,-3165066.5930205807,-500040.00214462326,-269257.81894388696,-371065.45099049,-10086.890712439745,235988.0061389498
949,74.81147058305882,25.37840212391862,24.93746584347589,-389875.64581551054,-3159595.5259379223,-828955.9459188323,34081.00408483133,-919094.186239809,-97923.91977520935,-3478426.7884962102,-569856.5619588034,-330143.7672172526,-167409.27400059026,-38040.03999667926,788047.053427448
950,76.70549278479592,26.020786335624095,24.937362271271308,-319094.66827027313,-3307496.7177654714,-844731.1157360232,191738.773156836,-1119005.213824966,-62830.91389867591,-3747114.830292753,-499193.17705945217,-225014.49441956272,-198206.92916882632,-11786.634480724111,321236.94245833217
951,74.69324468267212,25.338357714392068,28.312449684945616,-283575.70039110794,-3705183.4806637797,-835073.7399440958,375454.31919292087,-1154931.5871002157,-80641.15500995985,-4140063.1629579496,-559745.207236486,-124024.55080455003,-59774.676915116084,-18029.06132430244,884353.1545514697
952,76.8240243775025,26.061021008884012,28.312335778831596,-693372.2286308594,-4104432.4730905225,-1199151.0271215176,460653.64996844344,-1440951.6196093329,-19267.795341095058,-4741273.3713732865,-821336.7760517515,-434345.5814178602,-78431.10072777461,-4758.637620542341,431636.356575664
953,74.91729262724603,25.065458410112633,18.47917017623202,-423347.7978134019,-2406622.519305033,-493459.1624203158,-346525.45194346213,-175437.1288054286,36406.40434126549,-2479461.098428658,-508747.0948074563,-335221.28630263684,-260277.67258829647,50859.31269203878,767378.8064871306
954,76.81328847916575,25.701970579222255,18.479114029002297,-294890.7649164236,-2300203.388833775,-1079426.3483803468,-97231.83927318634,-226544.1915071603,46076.93946234872,-2344633.6470548376,-1043922.1495714607,-285964.70550424675,-725861.1747568292,106.25696178814074,159001.1225669648
955,74.9174087298253,25.065576455908882,21.77082167399419,-417262.4384422135,-2788156.615627879,-672018.5916040809,-178887.8857558979,-697715.4980388117,-76418.70607124474,-3011895.50553473,-469739.5015324552,-395802.63860698935,-222874.68097386186,-67060.09169710505,719913.7575091878
956,76.81341164874122,25.702063980436986,21.770728651854085,-256232.3222502467,-2687607.049640482,-780048.7700197973,13617.946488842488,-836680.8349861753,-42065.50858946672,-3002580.623618665,-474032.8153582365,-247274.70293362346,-360212.8361601002,-10379.023980799833,232347.53653228417
957,74.91754764679897,25.065692948871806,25.06246600565856,-396277.33243401145,-3116024.1680148183,-818680.4256772345,21031.907564167424,-904281.354537791,-94501.2306496287,-3429299.57162928,-561439.7234591959,-340242.63103758846,-164011.06657046216,-37087.68817698035,787754.4958862921
958,76.81355789712208,25.70215472017705,25.06236491499923,-291642.0467443329,-3116667.6808154145,-802693.3749244503,171867.48569767605,-1054659.4066638611,-60261.12853682281,-3531152.8656363096,-469930.96076930803,-209919.2760785795,-198831.7747234688,-12871.180404612609,309916.1326237147
959,74.79919053600986,25.026013409035755,28.354117126893385,-296338.8021019519,-3654646.803518499,-826202.7364131231,359995.4574231705,-1141291.5873188833,-77316.37544787342,-4083774.800413675,-553449.5972105197,-139963.94440937854,-59974.415874795406,-19280.910089422166,875788.4329476736
960,76.93220659299328,25.742014910023677,28.35400602336746,-647479.0221037327,-3843176.994875071,-1136804.8615872194,428275.6785569342,-1362081.9468871104,-17374.62273612359,-4449815.497900488,-769460.2189110441,-408185.1617544914,-79372.57334458508,-5781.890913893498,417921.8402585292
961,75.02042378299457,24.755066383718226,18.625003104486716,-230584.98583768978,-1259827.736463213,-380318.71128927986,-11768.298058017293,-272127.33601668343,35737.510143325395,-1337218.8018562628,-318927.16127285745,-214585.4704610634,-247926.130420869,43321.97710436525,746045.232912766
962,76.92036023799629,25.379717619905765,18.624948402357155,-165394.76149791226,-1409329.6213001986,-1002221.0137069233,244391.2624891893,-476878.15179991967,73564.9640828313,-1761834.8414844805,-696390.0757692402,-118720.47925131292,-707932.3895085092,-3221.9356804586178,154056.06492063825
963,75.02053508802608,24.755181091349687,21.87498864119888,-299986.4574979661,-1898194.6469440632,-668975.2891147538,127876.06636125404,-775039.9426456904,-45197.735442476005,-2277362.5075083664,-391121.67442780203,-198672.21162061518,-227809.46675121758,-62725.047399469666,715068.9461639462
964,76.92047827241703,25.3798082719952,21.874898182157715,-197411.94305089564,-2022659.3574660367,-838471.0507414875,331213.56057145586,-967306.0188434543,1136.5671726410192,-2599748.0003494844,-402587.18406601524,-56207.16684292118,-362695.98345740594,-4649.643009015749,221439.7553138213
965,75.02066925499459,24.75529373681996,25.124966599900652,-334471.6966697418,-2547554.6966939387,-821895.0668804822,213534.90009080945,-940066.1980931761,-61693.12425315155,-2971811.0135807125,-514412.05643183057,-217698.39023162003,-162322.04836801678,-36930.18608199715,785870.1071553305
966,76.92061937034337,25.379895897581203,25.124868019606367,-262129.55905561964,-2676739.892338716,-843059.9994363885,369344.7244104099,-1090564.3985942036,-23426.181425559553,-3220473.6181501322,-465012.89430318435,-96442.93837740648,-198195.57177497426,-11725.565822668039,306540.3155273554
967,74.90206090144021,24.716351754347837,28.374951208825248,-267348.58341555076,-3364244.212207032,-812431.7891387113,394281.1827264452,-1118609.7778883083,-62831.469757775216,-3819154.569128846,-524417.8667609777,-100452.14887146982,-57621.77986238488,-17245.575530011683,881090.3907760226
968,77.03950902024015,25.419011835086714,28.37484290957479,-626151.4129255778,-3590490.17946275,-1128970.1823598323,469202.08851722354,-1335333.8168188538,832.7393066771191,-4227238.548926037,-746094.7441787124,-372278.4816434126,-79262.34305577714,-5398.769186444159,410160.7356119376
969,75.1225682644072,24.44105010088851,18.62500339986416,-215363.6329828358,-1151873.186130148,-346105.93906215695,-20841.99419916142,-222951.95540103214,36690.08648845702,-1209570.9446182693,-306676.47818950895,-197095.3353673624,-244809.4672383652,42133.58247961918,715960.8609980198
970,77.02445602164029,25.059766406355315,18.624952035519602,-161997.34159526945,-1356165.2355775004,-968170.8485968702,232697.8733559405,-450430.88480112446,72323.01839211726,-1688615.395710709,-679676.4798057905,-118041.55025314023,-683898.8906602929,1831.8252144819728,155576.03284363597
971,75.12267519164807,24.441162543096187,21.87498948608664,-275002.4457007557,-1712178.9402006352,-624512.5011864175,102181.61634668818,-700100.326658539,-39152.15305321771,-2057977.626109899,-357029.9975375045,-196686.26344040438,-225890.04242862776,-57756.62686716135,727878.1393285941
972,77.024569367319,25.05985547382425,21.874902280480118,-201071.62352903257,-1965446.4954387764,-840474.5489283822,320537.5228024046,-936219.25519412,5229.195125752417,-2529361.820378883,-407081.0524258023,-70549.7950915052,-378309.8115196007,-5011.600501311296,214806.23284472225
973,75.12280597756926,24.441273099770566,25.124967642004414,-305834.09144887014,-2334802.473486408,-771627.04967531,185728.1822800445,-871513.2218293702,-58658.748590569245,-2732633.20781867,-475746.4299319244,-203883.9768599943,-161636.3871178064,-35929.60002522195,787787.9486581625
974,77.02470689462058,25.059941334748583,25.124871516582587,-264894.5763597722,-2612410.6431517536,-830980.7119031397,357090.4255020648,-1073903.0018484115,-21143.10250868497,-3151244.9277618765,-455087.8179810953,-101953.18567169213,-198239.69003940688,-9337.884770231765,306223.1086103868
975,75.00407256901049,24.40270008385921,28.374952204389537,-229728.14006211725,-3093441.149219487,-753734.7134954114,356773.79640858783,-1043850.5381494829,-59817.24549103242,-3521127.1849683356,-475963.86590592697,-79812.95190275277,-56459.67288866182,-15489.516608305676,884740.2325128192
976,77.14371526708865,25.098684527389437,28.374846594441827,-626872.8775899566,-3534690.340012888,-1113669.683163754,455897.8496819071,-1317457.148470894,1423.0667042050854,-4162859.3387608994,-738198.6592469871,-374174.90275871154,-77986.0666991538,-3539.978163317939,406739.98777333065
977,75.22473171088595,24.127040181390395,18.625003867663988,-217511.68500357555,-1118650.7814941301,-338277.9778701602,-16277.094852698045,-199969.31954120717,42749.455562204275,-1166943.8467499083,-311838.4513696181,-195658.1462483397,-245141.72181376268,38644.2058221132,679930.346724659
978,77.12853365534653,24.73980961240982,18.624956014656828,-145502.47326228832,-1237045.601111306,-930660.6394501033,219471.83312749135,-415282.4677236942,75867.16644962961,-1561846.1905423524,-648364.3672125739,-102998.15606877115,-671051.5532816477,4039.1513236308815,146966.68671552296
979,75.22483462290913,24.127150131558132,21.874990190505283,-274657.40844675375,-1636466.2438282666,-605813.0190404678,84415.85659946509,-670100.2308819699,-33957.836331143684,-1968657.8147528884,-341875.7229177905,-206403.13364480945,-225943.9718903933,-54510.01953656722,729673.1665240029
980,77.12864254715788,24.739897200772727,21.8749062276947,-181771.12693552178,-1809942.4712120502,-816583.8763022092,295150.2366128616,-862133.4469784943,9302.495212716374,-2339745.9318551673,-396308.14002697944,-72243.40256763482,-394148.7918946326,-6110.2321301652555,198994.18779496467
981,75.22496198364682,24.127258688021236,25.124968588327746,-309913.6930722063,-2268133.616366765,-757381.8621141554,172985.850689431,-854805.356255759,-55451.014961958244,-2661258.564429664,-463449.78980386886,-210720.8173195941,-163097.9417132843,-37441.23798710267,776753.4938893002
982,77.12877649310883,24.739981274888628,25.124874909895702,-238725.7644771423,-2420511.892543464,-788222.8546408586,330501.01515805296,-1010442.1149869785,-18486.612525697506,-2934606.756639055,-422060.0040603659,-90793.75096204269,-201978.0046276095,-9756.441676201046,293594.5410704533
983,75.10610592985097,24.089055392336405,28.374953128299413,-240700.89145335625,-3035486.7958933166,-746543.8007174446,340239.68693408224,-1032545.7992144327,-57115.172079380805,-3459933.0986313834,-468867.35580487695,-93931.03362785652,-57911.52939036702,-17084.98126744629,871843.8663133148
984,77.24790136592704,24.778350893121235,28.37485015755029,-583815.0988142358,-3289269.3815673594,-1051456.8000616909,421619.348559163,-1242589.0735672195,2178.2249531592333,-3887707.6700462,-687978.1391450842,-348855.4712520011,-80421.57002788472,-4850.2733226239625,390064.5757515461
985,75.3239750904182,23.815383736125703,18.770837282441914,-395139.8105301085,-2065271.6104314916,-438006.73101712007,-320622.93065952644,-70356.3042847879,40682.84274267802,-2126968.500211462,-458451.1672619093,-312998.4845053496,-249449.98918623306,41646.75395639957,685720.888436008
986,77.23156910767885,24.416243971912344,18.770791311657224,-267967.51247422025,-1964572.1512807785,-975356.8416365681,-99160.82000194785,-131287.0575644863,45381.11613271417,-1986682.8786485055,-962983.2337574513,-258230.39298561128,-665041.3653896574,8742.747219936004,160585.3028741925
987,75.32407432751515,23.81549003178514,21.97915700365249,-372952.1907073094,-2261008.1445692936,-581023.9425247267,-232337.72088304674,-519937.74305431615,-53248.457554391,-2436365.838728347,-434812.4834483284,-343805.95562465326,-217470.76394470452,-55105.6311682684,736107.4825433636
988,77.23167374478598,24.416329188868787,21.979075535518714,-230296.6719049762,-2254574.481664144,-745521.4392945146,-29905.926838656724,-651265.4591615453,-25106.730133851393,-2497367.856186064,-503951.16711375304,-229073.56956381793,-399054.9766282142,-12162.630575412415,195061.89804623072
989,75.3241971164674,23.815595152966686,25.187469101481717,-346851.6005588977,-2540928.9561433922,-702225.0495864714,-56504.60216070236,-736999.5437844316,-81168.61036086793,-2802492.6691580974,-469886.03348398604,-317626.90364667744,-160808.87824392447,-35675.14858177776,777949.2081218217
990,77.23180282671825,24.416410248362762,25.187377861453477,-246222.520686177,-2589250.8143325658,-703114.6403171216,98015.6270135038,-890190.5532783179,-50124.82397680998,-2944984.9857883016,-394817.43748666596,-198785.55206089735,-203145.38451581422,-9974.36972638486,284188.70607155655
991,75.20509933712866,23.77813271886895,28.39578718077265,-238049.72184203635,-2970368.1808019993,-690085.4885242614,239333.16244126344,-958562.2291289532,-67726.90596345182,-3332949.2028817646,-439164.9281070568,-126389.26017947435,-58725.30995945802,-18340.580600901354,860849.3136740954
992,77.35115979922222,24.454032639698585,28.39568688768929,-559386.9684690807,-3209739.324404448,-982367.5344886677,321815.28294847725,-1168658.7239966425,-16061.39958364309,-3736808.9014444035,-650564.8158244023,-364120.1100933884,-80117.30964635973,-4377.559160025513,380320.35454830027
993,75.42219445469665,23.50012500894118,19.06250368750911,-370388.426892959,-1924982.193378815,-420601.17614485964,-316407.2254917851,-51561.21992051591,41838.78504320727,-1988070.4796640803,-439283.7080734726,-288617.60867908015,-243897.8627393658,38346.331766041985,704825.726467935
994,77.33166610582703,24.095024715231826,19.062457846435375,-273994.73880621314,-1961298.874626331,-978903.0344713938,-99728.78746873562,-132909.5552745379,44251.540056868595,-1984033.201472056,-965878.4634021864,-264284.98302969604,-668431.2477663775,8519.231589594181,169774.00126113472
995,75.42229018430956,23.500226710392795,22.187489702880935,-347782.61180880526,-2099782.836133988,-548715.360148324,-238627.73346650525,-474146.25297945365,-50460.48669300121,-2264151.6365226246,-417776.7970380292,-314352.37453046284,-216098.7618079351,-51817.03751911756,741835.0357392016
996,77.33176675562562,24.09510668160814,22.18740990058444,-232365.2466089049,-2221464.0370035544,-729733.9083054372,-41280.44613621286,-640396.9665666295,-23043.557958652313,-2459646.893278432,-492732.994567179,-231183.30407228714,-390856.7381069261,-9376.088883315344,194307.32775297473
997,75.42240727238206,23.500326917187476,25.312469199261574,-317713.8883302642,-2344340.9920037272,-658056.0682466947,-70511.26269407956,-682346.842657667,-78103.39826020364,-2589628.642723473,-436914.95960508764,-293567.3462521273,-155667.0569106673,-33074.66640492555,782547.7662439768
998,77.33188982540314,24.095183572633854,25.3123802949579,-249537.06314244244,-2539767.71124307,-689811.9872181816,87661.69487284675,-873945.879270762,-48860.762452741765,-2888857.087288591,-386062.59205171384,-204197.08226338893,-199073.56100059705,-8303.109152347186,285611.2992700845
999,75.30318590469355,23.463232211455527,28.437454608104794,-200805.69276969507,-2710245.913297729,-630412.2846335991,210554.9659271403,-889850.0860894176,-64507.55994292558,-3049792.659649095,-390275.0633935519,-101396.16765837789,-54936.36193145164,-15135.607302081802,868162.5708674366
1000,77.45135754951143,24.13242967936145,28.43735695539175,-557491.0823102391,-3144287.7869768776,-966135.8631513289,310315.3427009106,-1152403.9422402654,-15008.14065966568,-3665907.970805981,-640613.3361242706,-361393.42550819175,-76944.38734044213,-1584.8569942893416,379577.8955418536
1001,75.52043262932375,23.18487167764662,19.354169868211365,-371762.39084407006,-1894651.205470696,-424552.198056592,-327273.22478687536,-48659.01878817875,48590.11247580586,-1962937.5521898428,-446753.36695637484,-281274.875225141,-244864.27471924145,40240.23458963601,718428.5152190595
1002,77.43174435504166,23.773799660972603,19.354124393371812,-261190.4338010088,-1873688.614621409,-970556.09704566,-102171.25929583747,-113948.39833169052,47774.05284137612,-1893444.6533033764,-961471.4061678645,-250519.0859968352,-680342.9471194184,7820.584158026843,168222.35335998537
1003,75.52052504495629,23.184969130737283,22.395822290234847,-349395.9500880193,-2062896.7899104164,-539418.8483229573,-248240.0216343581,-464731.4060327081,-47973.77372486229,-2227281.389566924,-413260.11412369163,-311170.084630779,-215240.36946888498,-50374.3460290428,737007.8584672317
1004,77.43184129810867,23.773878467363176,22.395744136653132,-211275.71259359177,-2083683.7309655887,-693224.5020087147,-52073.37995160819,-599544.5798918812,-21474.89489896676,-2308005.707710663,-470429.03171827586,-209749.20613895665,-383044.68709291884,-7693.225428330695,187481.5814453799
1005,75.52063651777335,23.1850644742251,25.43746922043897,-319739.4025833895,-2287941.7132701348,-644075.7944074745,-80310.66123842132,-670295.1787191811,-75303.7899175304,-2531214.4542243746,-423275.3884951763,-297267.0675414482,-152152.3375389226,-32556.78443681212,776401.8245242429
1006,77.43195843760124,23.773951261814364,25.437382616764275,-225365.13466083026,-2367879.718591058,-649850.4064760017,72814.62357642979,-820402.1378496332,-47309.78120020009,-2697717.407560763,-358570.67543429765,-186807.17673283032,-196828.5090338213,-8611.786431033219,277125.0866041085
1007,75.40129398304117,23.148338362810577,28.479121935132405,-206611.0284247083,-2638945.5895196083,-615558.3844905796,196411.8825805759,-876019.6402724166,-61360.05663839981,-2975081.175287161,-377027.7615292427,-109006.06561849132,-54783.169994720134,-15315.632002130975,858296.8202418813
1008,77.5515347288018,23.810820591830527,28.47902690813676,-517251.276837941,-2912573.9986782833,-910877.9454638592,284528.613321347,-1086317.9924734763,-13395.615416522609,-3411358.87874052,-594230.0154919896,-335114.32674757414,-78100.7091146694,-2015.3334806597481,364833.4265885985
1009,75.61577658817097,22.872002977723994,19.645835669912973,-364646.46384379396,-1813639.5100345833,-419176.8762956039,-343605.3755228745,-32418.9623276316,55472.63758708015,-1891248.020226092,-443000.4514114163,-263214.37853647256,-249518.86082413845,44779.74282847461,734327.5636455443
1010,77.53073143786207,23.448975163550685,19.645790638089817,-260647.05184392584,-1830207.4629952963,-975737.2445453717,-115233.61746555532,-90221.88159154227,53258.07253746983,-1847152.165220078,-972129.9403256326,-247309.65383888333,-695457.9928121676,7186.869038622166,162857.59653402635
1011,75.61586573638326,22.872096480523687,22.604155096444504,-338731.43109024625,-1966115.3453521186,-517886.629014483,-259451.4678489887,-436030.65842216124,-47878.60392113111,-2125911.5269260975,-401961.04928248376,-294860.8292482668,-212629.83150730192,-48116.38453284321,733752.5236335287
1012,77.5308247555525,23.44905079257291,22.604078593633623,-201902.83270881663,-1992923.909159236,-664849.496523092,-68492.60160933484,-570137.3621143006,-22192.05117100703,-2206683.3772073174,-453706.1384326798,-199286.72275114874,-371984.1927720806,-4840.003979909861,187731.10578783386
1013,75.61597171160938,22.87218703053327,25.56246924788664,-306350.77568753774,-2157079.9028091673,-614853.3428753535,-97396.47177436163,-634745.001572923,-73998.75628300838,-2391254.0519998856,-400586.5136370236,-286443.4557351491,-147908.769726761,-30809.726288088987,775555.3259375992
1014,77.53093600906377,23.449119598039513,25.562384960076336,-214758.66515385953,-2252868.7745481264,-622240.8084577118,54859.12164160879,-783160.032702629,-47487.11448869544,-2568542.81947961,-340125.5317243859,-181199.89695570117,-193391.7317319257,-7871.663605252669,272785.8178477192
1015,75.49639560226665,22.836203560589016,28.520788996521777,-189304.28071103862,-2465383.283276665,-576704.8497888243,168528.67260513856,-830932.5633993344,-59726.62576751985,-2786108.971933695,-344776.21464122814,-100507.22720160315,-52885.493641442554,-13269.814382041866,856916.6031928827
1016,77.65073376330767,23.485238269687617,28.52069661951759,-494538.1354134899,-2755993.1484845565,-873643.9400599608,258649.07144448033,-1040685.1729826162,-13869.508100508068,-3237421.707824545,-564804.4973898226,-321949.0187436386,-77274.63085024056,-474.795011500122,357035.2701491312
1017,75.71004836450761,22.55554036457118,19.937501577519953,-344594.2556122497,-1685297.683554864,-402064.83458353154,-355181.1568820989,-8425.909391559166,60605.80012541111,-1773609.9697256447,-424100.8975917777,-234245.9064332222,-254659.56519118027,50340.08032805016,754620.3695183723
1018,77.62680589758217,23.126529882277385,19.937456770613412,-268604.84191945253,-1829904.7732614938,-987925.4282590934,-131888.8957567971,-67154.21988010232,57390.73884908196,-1845480.8028532811,-988790.6543565193,-252163.58623023992,-708036.9142970496,5882.092615793235,156238.7806602457
1019,75.71013406523359,22.555630085691035,22.812487641405234,-313615.5620155496,-1817296.7522543948,-484130.9794242904,-260090.34480563822,-397964.5358266501,-47186.421858168826,-1968938.9171929013,-379433.72209113254,-266670.65441020095,-207817.9867272082,-45667.72673111243,730522.9093967183
1020,77.62689555976503,23.12660222864176,22.81241269921908,-201243.39108968468,-1952283.7353547874,-641702.8603881528,-79827.98404149064,-560619.9739416688,-23014.392007940278,-2162873.733001403,-434767.9556263116,-197588.29820491106,-356460.90829033905,-1140.7683513967168,195036.3318209517
1021,75.71023463369472,22.555715858317665,25.687469287092174,-277896.64156043925,-1964665.6308323645,-572290.9056268511,-108144.0967065617,-585213.5874881644,-70700.72306707792,-2186254.122075195,-367761.44862937584,-260837.60731508525,-142846.61121555054,-27448.09110579272,781128.6121145077
1022,77.62700105756588,23.12666721351256,25.68738726988946,-216442.10561498773,-2199738.061806528,-607480.5441201003,45187.631323541114,-768509.0597210191,-46262.65991283808,-2510411.0864293976,-328831.4141294952,-184418.2109827231,-189406.82863904128,-6230.411964223666,272451.57542304584
1023,75.59054020269741,22.5201018859324,28.562456304074388,-153270.3088201153,-2215981.020856732,-519478.6365170387,145113.47443764855,-768383.6728327224,-56405.55423243521,-2517871.9062208934,-296741.4081747209,-74116.65179827207,-48932.145928790895,-8629.579811119356,864113.1428767612
1024,77.74690551884737,23.162408627567252,28.562366504239208,-490120.38099175476,-2685327.0555430474,-856546.6882995284,247136.77956518327,-1024081.9762250979,-12951.478523704269,-3162026.433295727,-553337.131715007,-316630.5598235971,-74271.28551258474,3190.675740712222,356490.40327167045
1025,75.8043394096689,22.23908348796098,20.229167244408323,-345536.0896067582,-1661092.526706009,-398257.11794747936,-379434.6176598378,-2391.02695989602,59150.58692889196,-1762808.1546453144,-417366.8239778371,-224710.75563709482,-257383.28720836792,52925.47328345261,772065.9970640494
1026,77.7228620950942,22.80407954495669,20.229122164206046,-256540.01026730213,-1749301.931007604,-969119.2356971962,-150846.44423866237,-26032.14047818415,53818.531627090015,-1764924.508828036,-972895.1732127712,-237141.49493129668,-708209.8446545983,1283.8584906030876,144635.32929570865
1027,75.80442131120435,22.239169470217966,23.02082014141482,-312690.6597701872,-1779642.1404034367,-472540.81182297587,-261431.86536117204,-395838.03911728814,-45182.24863306253,-1933175.7486085976,-369039.4533714057,-262658.4100165976,-204095.16975543168,-46295.788912638425,711206.207885157
1028,77.72294783621105,22.804148388161344,23.020746752659907,-180791.82050666137,-1822443.2542180354,-600384.5591127555,-86165.26644782272,-530753.0623980784,-23606.18973616515,-2025061.8226997084,-402344.808960386,-176213.00217735607,-340761.3372938785,451.4257763154378,195353.67406944933
1029,75.80451668594314,22.23925046920879,25.81246922393856,-275701.4951039701,-1892438.0536311902,-554783.9034850039,-117140.29684085134,-570966.8444987349,-67297.09062144192,-2112662.956367126,-350254.2289597423,-260006.26689329444,-139448.25402202122,-25152.216081097475,777882.1631247331
1030,77.7230477601253,22.804209721371507,25.812389482439563,-194698.22184454842,-2041532.8763174016,-571180.7365541322,31488.33258117828,-719878.339155935,-44795.474117453225,-2335362.4210292203,-303568.3964093646,-168481.01727749882,-188365.87671594482,-7092.0866066510625,261403.78888081183
1031,75.68470646188572,22.20400688464531,28.604123527058036,-153793.36866941844,-2129674.5001833946,-500263.90188086574,134084.31733424286,-754935.0030305159,-53164.998596088844,-2430567.8789031953,-278736.79739950015,-74427.09443098435,-48456.88805666919,-7191.469093302494,852380.371266115
1032,77.84305674010601,22.83957323012691,28.604036261031045,-453341.5086959776,-2474086.6046729744,-806514.8560156669,224069.1850458158,-964172.102214496,-11713.852561143582,-2930982.5281393155,-511029.43782179395,-291931.0034235098,-75311.75109857152,3394.2604509974844,342161.93993314507
1033,75.89576283575965,21.925043465190004,20.37499985075194,-158438.2822759911,-615055.1302740643,-273841.18437178177,-92414.94561656166,-92349.76851451925,47704.83466038402,-651059.8836230447,-283805.9240992609,-112468.78919953135,-255929.64714151935,47676.9832352888,750437.954927587
1034,77.8177786444258,22.47804028380614,20.374955848706104,-119572.51166284076,-917298.7339095202,-866355.5245990278,132961.74305546744,-260893.73252015666,69930.1026297487,-1174076.9043213988,-632240.0923706018,-96909.77347938714,-701353.2909781311,-4208.165225125621,126434.7562371779
1035,75.89584105170564,21.9251269340223,23.124986775421895,-200431.7535485873,-1009492.3715917709,-455713.18074031174,398.75385705007477,-464227.6850980396,-26445.525962517306,-1273285.8136553126,-219727.45699004794,-172624.03523530895,-205509.82695380683,-40081.47433968898,703899.813117278
1036,77.81786056311417,22.47810666758536,23.124915651000173,-123570.84362298314,-1255814.7186666164,-640163.9352922707,174519.806990404,-651463.0959510183,5420.13243913014,-1683058.687903497,-274622.2306596423,-61868.579018730146,-335097.0967073799,5517.362009623927,202245.89451827295
1037,75.89593260958205,21.925204689525255,25.874969517948415,-217322.84325317838,-1406597.735634654,-550406.3211760976,46241.14761313164,-598069.4058347064,-43393.212200407754,-1714300.3437493984,-291136.51118872367,-168890.04512580883,-137602.7014570954,-22385.23565697644,773368.4440373853
1038,77.81795629063174,22.478165650390913,25.87489209822368,-169731.17229593522,-1683420.483111923,-605934.993261472,192812.11144424783,-751844.3259991865,-17479.91862339712,-2083630.8993197624,-295832.15819835284,-79623.59115121463,-187138.06697427065,-6741.6944348027055,256025.21478496937
1039,75.77590006788067,21.890708137032235,28.624957385001917,-123933.18246864941,-1869421.6108951578,-481963.1543658753,170497.9803346684,-737965.9982346933,-41802.62390272631,-2197998.86641624,-247183.25326225464,-30135.828051187415,-44084.03320863229,-1009.8468484829319,855008.9946037815
1040,77.93817941235125,22.512776847727334,28.62487260233455,-434297.9201062677,-2261431.8176946365,-800172.3382792112,258317.6112911166,-943289.7067431016,2314.8398485083617,-2747468.7202754105,-491181.080122626,-257252.27568207952,-75298.52496928594,4854.312314180264,335166.38651158067
1041,75.98606551945961,21.60741915445404,20.374999853897513,-143567.64125875395,-521532.09132243047,-243452.16730954451,-98251.17782370506,-54570.90860159981,46342.37609981327,-551424.86210995,-261010.15683670688,-96116.88094407193,-256078.98541625575,45979.59090749868,715794.3914022953
1042,77.90980894466608,22.15441272615313,20.37495839888872,-115792.0704208755,-866785.8492485026,-827271.6504862974,116564.61599948817,-238850.13671239204,64810.88809655295,-1103743.3609011536,-609213.0127645961,-96893.19648992638,-676224.1848625117,-3177.1335474320836,124792.94209786222
1043,75.98614036340449,21.60750112201901,23.124987213143033,-175074.34946977798,-851912.9664443851,-416770.0744364129,-11753.780093663638,-403765.2062046966,-19406.20694187942,-1093433.1020547692,-185808.99677534023,-164515.29152046752,-204408.44437381407,-30159.90294929941,713049.7215929686
1044,77.90988737432399,22.154477793459538,23.124918965649506,-126565.36500808777,-1202297.19292613,-638821.6690077572,161054.36366755373,-622960.8681834127,7141.534180389475,-1617307.0744340518,-276937.5682062442,-73439.5843016795,-347236.23133128276,3363.3344797133173,198578.31402607926
1045,75.9862293046447,21.607577176156532,25.874970170166495,-189478.54440598117,-1223178.4855237196,-505044.71229965065,32669.742932409736,-541935.1726559502,-39365.95393795991,-1514284.0180464976,-253334.0199379903,-150083.70424486426,-136085.2446509354,-16118.150021672016,773307.9357422265
1046,77.90998024978552,22.154535653093674,25.874895068177494,-170780.8815085793,-1614697.4300926966,-592408.5762174266,178208.7178925893,-737048.1145539541,-16778.15819953764,-2012764.4460559264,-282669.8147996712,-82452.62696310398,-187038.56628448906,-6722.685237274971,256713.42537792164
1047,75.86608627992946,21.573454280318018,28.624958157467326,-87366.7852745637,-1637045.6637993346,-428218.33166210004,152375.74946301003,-683739.0036430396,-39282.285099140376,-1953320.2791095367,-199957.128648684,646.6270222220961,-38178.52024198764,8129.565097319449,857695.1133244411
1048,78.0303086475646,22.18877027214114,28.624875693874113,-431509.18068750505,-2194747.1621271376,-783171.0650200393,242352.87804143777,-927037.5028873902,1497.8100596424028,-2675283.375873359,-481349.55115279375,-252794.48080852823,-74992.16630765962,5691.491784435443,331786.5202718076
1049,76.06712238930496,21.329344172201466,20.37499996830785,-207180.64428155337,-707295.0025115238,-292962.55915662996,-115281.7475398325,-107580.84194712942,46721.15236422549,-752612.1947027822,-308811.4240289483,-146014.58721797605,-279438.2754935191,24060.606896331847,581793.2123934263
1050,78.01108620816284,21.791237114314253,20.374961248900284,-58042.57647233657,-479985.3398123246,-714936.6750800248,39504.17951350545,-68511.97063153087,63399.5008502228,-740961.7427885099,-462567.98474179837,-49434.86383437811,-657920.5004588943,-18435.32103739823,75069.46386557494
1051,76.06719435600046,21.32942455816411,23.124987467204377,-265194.5774787342,-1089423.8422526491,-479102.6696324226,-39224.72663757273,-485320.23154708947,-10682.48058400553,-1358977.4106432213,-265463.6584604594,-209280.020260125,-224282.6700924339,-43453.79150414825,595517.9411952512
1052,78.01116081464323,21.7913006895187,23.124922546629342,-48775.16035794876,-641479.0852553375,-515913.8556336823,64552.60617644957,-329951.31172388524,14398.657158155904,-918563.7892853108,-247263.359356798,-40340.952604860024,-367154.9066087733,-15064.057356130652,139049.6698636415
1053,76.06728101518759,21.329499180548513,25.8749706341408,-312779.431501617,-1548453.9215413062,-592605.7681545652,6936.16258677192,-640390.424337245,-32158.01323385071,-1869642.2466657967,-330054.19593426713,-254142.6785974245,-160900.4877530911,-37764.81319030003,637888.0391293103
1054,78.01125054541973,21.791357302692216,25.874898395218086,-63462.4436930785,-861141.1600697458,-421878.7752127348,65367.1436032475,-426950.43014645367,-10880.24821689104,-1124013.9366245456,-177474.9668922161,-44993.47545879719,-204777.3427075054,-26685.35661738753,194126.3573644668
1055,75.94587214712489,21.30069384897387,28.624958782632806,-291055.8896674191,-2243608.042317091,-588315.496578839,125622.03887475716,-849295.4517200754,-32394.05481555088,-2606438.593038423,-341764.18044573156,-174776.65507919437,-68545.649219751,-21624.036686503543,687121.6904872933
1056,78.13283973550833,21.820271687500423,28.624879122073068,-265498.1382715801,-1176261.5435125332,-542046.8203420154,97708.91763206247,-566412.785219163,2824.867395590618,-1514185.2668594965,-287834.53853101865,-181786.6967356139,-97321.5541258534,-18413.809022996666,254755.2422725751
1057,76.52676826292826,18.92332085234894,21.104167111229042,-59285.245550236206,136493.4681099622,-52574.25466893054,-206806.13282903167,318317.35475368943,15256.71578934707,-359370.9377911189,-43249.400804661025,427254.30648657534,-252419.58401470564,14126.109490082497,575083.4578274483
1058,78.49210879257251,19.29397799654245,21.104137112838412,-21735.986089321403,-46661.10350123783,-437690.94152402604,-147043.79168353247,235025.45713249606,33278.003733286714,-564365.3500311988,-93232.16244889393,151509.4813655076,-546610.8586434176,-4413.371062843138,182181.37455222863
1059,76.52682187477377,18.92338537362394,23.645823699304444,-96938.49594758466,328103.73526733613,-84850.48567882291,-233436.55491400027,254571.92510660342,-59916.45585595194,-240499.31275390723,-151103.63529284025,537917.7016876761,-216106.4441973348,-29478.61593150343,588221.198547925
1060,78.49216363264898,19.294029177819,23.645772923370853,-44156.9932098737,149446.30478316898,-193277.89641611083,-167004.67485267893,122734.16755354838,-16754.528897651137,-241823.17714099342,-120312.64136290153,274147.2336610796,-318413.5052416891,929.3191324615317,244852.13460733872
1061,76.52688707349371,18.92344518142953,26.18747694168092,-134730.63536482307,511209.9813943513,-76712.15459953499,-251645.89328832406,193823.25837204483,-76563.55064266067,-222153.4047334119,-134849.14535389075,656769.7415172956,-154580.11839815142,-20125.989898732478,625808.5746999139
1062,78.49223071070409,19.29407392586066,26.187419569397967,-117771.79139267691,298534.2447973683,-93714.3547491676,-175470.05775982738,48578.35824837017,-31767.578056477436,-183920.81237389238,-98560.28807715172,369529.1991065679,-167699.95835574457,-3830.1019252540686,309733.9102516696
1063,76.40412068887322,18.900328659714113,28.729133957672108,-20585.65897324364,741384.1165312633,87317.28404038513,-187040.18434196053,155113.99334560815,-38267.51945948524,-64061.58806155057,52509.78082253084,819667.5488374245,-58072.391236034826,347.10784940843104,675896.0487053304
1064,78.61513354674238,19.31727576828693,28.729069922423406,-298143.3039494644,353331.37579549116,-187250.58456780663,-137099.56517093407,-33618.30046463484,13267.545385256713,-326113.9051557626,-189175.3161477242,383226.70858170686,-65797.79180889315,4020.9946970596143,366154.16809035843
1065,77.37569495588724,14.343729466653613,22.56249998377618,-67261.57868884101,96480.99320520452,-61312.05393457481,-128538.20957465952,231525.95976338742,8815.168929005824,-264637.8926325441,-58266.918336849725,290812.1715511825,-191161.33851050743,-10416.180913764718,427401.172469347
1066,79.34219133289201,14.70825643626043,22.56248195276478,-21929.02020564646,9238.984552421738,-303826.12748718174,-103107.23253101736,174201.00301199703,21135.02327493063,-392076.2124990088,-60060.91687467612,135620.9662332785,-382316.8123221098,-6521.820794924373,195588.24596278582
1067,77.37572196730743,14.343768262417171,24.687493595195633,-83729.70526271051,235394.23665975264,-80523.49147421028,-151720.6731881124,186141.26906777718,-43673.71402306562,-179119.97170567684,-124525.40507057808,374786.4166990866,-170946.55616899458,-36801.070409100714,441778.38600380643
1068,79.3422187959101,14.708287583453387,24.687463454096147,-26423.507689135375,154965.4692067588,-141562.8970089034,-121978.21032040399,87974.49013424577,-12134.446619568433,-169863.7305063445,-78310.71965938111,235153.5146744455,-234210.65494034826,-5653.935543038525,234975.26556135283
1069,77.37319386756575,14.343328822570376,26.812485094366586,-94232.36053330169,376659.25954603107,-67797.39199108304,-168794.5385442659,140827.5984518185,-55846.276887184045,-150807.3661674634,-107728.75037859146,473165.62356770126,-127376.79867897047,-26093.93946377524,470159.6896565083
1070,79.34481305449015,14.708788064331609,26.8124504618199,-69734.9207664133,260718.29751595575,-75674.56082592052,-131594.516825606,31619.013709975385,-24150.202780717318,-119511.62121061455,-75605.97880965385,310426.4159438903,-133880.13334579114,-9919.572381081623,273834.84986713715
1071,77.25032196750615,14.320573630905205,28.937478698361588,-22463.62373472465,535770.5455074235,48950.79639876376,-123512.36606919269,106337.76237203782,-28279.972956959653,-48982.90814259477,26810.73865170311,584429.8876623544,-52929.28571614226,-9743.550799252613,496862.978453698
1072,79.46775428280353,14.731591030428566,28.9374394311107,-182240.85897521555,301991.3008005363,-135465.97025278257,-99569.10744996426,-22489.48405564959,6005.538495599358,-201951.0223027533,-136607.26435338252,322842.75822867395,-57646.2521715178,-2280.513850520105,312610.20364318346
1073,78.22410331040945,9.767224390546215,24.02083199663104,-57298.6273300958,87347.81472886624,-74779.18611109558,-87430.1044916076,143824.13363641623,2639.8188900110117,-179090.7446259707,-59463.90590772256,193824.65182136823,-147942.05248476993,-12212.637695303245,308219.1138368004
1074,80.19280091064736,10.119452320465344,24.02082229422684,-20581.617868627614,35142.27759225016,-205983.03069728482,-68293.8083713159,105464.97807277576,9633.292345204149,-250591.0896222286,-45584.25493293752,104752.97358150387,-268510.32306383445,-5757.206469295338,160787.67593552655
1075,78.22411523165485,9.767245268099172,25.72916060081073,-67180.84446673736,188078.4956954722,-78210.15434829891,-100527.23375804148,105938.07386388886,-34195.49548042372,-115263.88854321153,-101633.54685410552,259584.93227775305,-129558.15720612447,-30552.31191965769,321878.0184542196
1076,80.19281282766761,10.119469098091091,25.72914491318121,-22834.52476870094,137806.59399397922,-98881.42860939383,-78331.95403970673,41914.820493625826,-13521.26344339362,-106084.90604542322,-54504.86037366589,176680.40703497353,-172333.2617583103,-6555.492236962379,187388.44686822846
1077,78.20617059477746,9.764133168411947,27.437488226562433,-61045.81654167661,283634.4800023666,-55743.41538677664,-104510.882499005,78349.38754586915,-39989.19147923657,-101266.59234084652,-63941.69235677073,332053.53277153044,-98202.72522472622,-21494.07912516855,339640.58112928696
1078,80.21078514992706,10.12261275536619,27.437470052684954,-53320.57956879929,204273.72895756864,-61340.64005951577,-82919.01178014955,4087.6738821127597,-18936.602791641377,-88478.49711861047,-50862.680891262564,228953.6873391266,-103648.77274758919,-9155.170867533474,210331.2767805923
1079,78.08314117660457,9.742132465748762,29.145817049217133,-28875.98446457072,376284.9348161565,9611.072372808892,-73575.67420788575,58525.84912060288,-18268.008822235704,-43214.546311929014,1497.1128143737424,398737.4562219499,-45372.380177078936,-8824.804462644719,356545.51545243297
1080,80.33384344198558,10.144637421128586,29.145796559817118,-103935.41209292282,232252.43744145613,-86282.46955529937,-56428.4450963883,-17915.754249031346,2333.986427512904,-113167.21325922331,-87261.1771185338,242462.94617099105,-51189.66279444003,-1952.2753285459482,233908.44935296942
1081,78.66994818875641,7.193262641702985,24.89583140376232,-70607.92653836445,-40355.54262869811,-109322.13722052223,-62441.59151243705,117357.05835390017,10252.531653335629,-212619.15649932073,-70476.22031017944,62809.77042191538,-112557.98549159286,-21339.00967385066,238296.44373533965
1082,80.651930085629,7.446421054750463,24.895825777918297,-28104.81185635559,-31915.707266755082,-195101.61197776886,-36757.78728605794,79384.46702601395,5437.240120675844,-229159.02800191904,-47531.620744033426,21568.51764507291,-191000.1862580168,-7927.751765359337,128228.07800065631
1083,78.66995397630619,7.193275349806245,26.354160653352675,-55035.94863024887,46099.64419960235,-100342.15855012301,-57802.25063797813,85661.52146693334,-7682.361163125724,-143752.33894202628,-70625.88928446855,105099.76524572531,-98829.50649738236,-32111.274144818137,261610.305316995
1084,80.65193557014858,7.446431299043335,26.354151894500763,-14672.857126872357,25307.575803494692,-134375.1950037987,-34338.55930572011,32601.263307665697,-5967.3708341422525,-140779.522541032,-33334.97321691436,50374.01943076998,-136406.80289379015,-11726.438424630674,137753.00357690227
1085,78.63639666626057,7.189114038977212,27.812489563116955,-23759.31048185398,119533.01922927234,-71247.98609902718,-45056.986948104626,52215.290688828645,-12295.393396650994,-84614.86816293534,-36613.32032361731,145753.91113494377,-73374.6569242169,-24707.596027557596,278848.99668020144
1086,80.68550553506975,7.45061163420368,27.81247930276899,-14037.307764635545,56720.34647575579,-101002.11771257015,-29673.448784248078,-9140.777079813515,-10911.320957884174,-103418.06077331961,-22559.630754424204,67658.61252629389,-91055.24375133883,-13638.011048125136,143520.10143610864
1087,78.51252913808536,7.173299377467851,29.270819213126153,6411.515995152411,176866.98521649957,-33083.681374207066,-17481.424835512084,9559.046153373389,-8010.478836143832,-34825.69140745843,5876.742779031854,179143.7684658714,-40739.929833758426,-13646.757588190381,288768.61156640574
1088,80.80938598424548,7.466440636889157,29.270807895439628,-16356.869696232527,77727.37776163255,-80536.05556658062,-10006.486969188543,-37140.38738725491,-8181.789672542706,-90223.84110076094,-15574.308643732618,86632.60224331295,-47183.60792344371,-6019.691673957674,156404.19569302583
1089,78.71987136809726,6.572306673480364,25.187498108810466,-59054.85613425717,26197.679524387517,-98522.25086559182,-55623.74969621663,108915.19301049948,10282.373744779949,-174186.90555619562,-58432.36250925066,101239.8405899848,-106693.10450988679,-19713.61812875955,235016.47391734892
1090,80.71293594618777,6.73869839532306,25.187493407975218,-31355.434612633682,-23738.10660824035,-185005.0194041414,-39208.363020107514,79688.20085626081,6288.868595185075,-220073.8455781258,-48707.550927680226,28682.835880790575,-175228.58955521294,-6530.094471695534,133104.00978297385
1091,78.71987620523143,6.5723177482244335,26.56249410111871,-47501.810876444266,105070.09629001614,-88378.97060224245,-51256.79681426751,82760.3091715541,-4680.409281628959,-121720.03237061811,-57394.33486940535,148303.6820513529,-92385.26958243216,-29087.269188145856,256855.94065541943
1092,80.71294038441248,6.738707484291669,26.5624868329718,-17787.827305826606,38287.81009194066,-127242.236240245,-34679.76673192352,36058.91227224404,-3347.166355068251,-134886.76870050366,-32889.015999448464,61033.53124582114,-126567.04729984658,-8543.897171038669,141539.5651232649
1093,78.68095431009492,6.569077409643379,27.937490095730283,-19417.03710284664,177681.1616756941,-58607.96083133418,-41710.32497622061,57109.56651478107,-7339.494021397694,-71789.15401276707,-27507.907739209844,198953.22549349017,-68599.61752520129,-21344.60323924282,276793.36654640647
1094,80.75187260951868,6.741964569755617,27.937481598641444,-15723.74025286674,77958.41068365586,-92406.74491958019,-29493.257807695485,-1484.9582809722792,-7212.334139608138,-93190.16500771846,-23453.941522094246,86472.03204102168,-81972.70836542519,-8078.139309664693,150293.1319241419
1095,78.55639302403748,6.558684738762604,29.312486781992696,7240.698764989662,236406.2360042219,-20822.2795155052,-18115.546974042685,23593.01196897564,-3222.8099524989066,-23053.13749432237,5881.450321421465,239996.3424266072,-34284.206349573644,-8366.311901245603,292964.28028682945
1096,80.87644452995593,6.752369922657013,29.312477506824884,-13799.934461064644,106537.9231262027,-66311.33785091712,-9989.244709524593,-23889.24772979928,-4758.750532462514,-70208.50367845621,-13834.671302119577,110469.82579479666,-38736.0463186691,239.2798775775664,166421.82982836006
1097,78.77508567052465,5.911081827347797,25.479165013670745,-54950.77080090337,34256.35717948594,-92889.08449162001,-47278.88530370189,92560.75669988335,10423.312604656016,-152273.78229674808,-53827.79573555341,92518.07991926403,-97989.37638953989,-19183.98761469019,216766.68885619615
1098,80.76865095699821,6.071244323517574,25.47916107638794,-27807.43257538884,-9683.854058787423,-166725.47544236004,-34911.27834058744,66994.30979183866,5936.887626162806,-193355.35441222572,-42198.21257516196,31336.80491085133,-160615.54684354848,-5804.341016916352,130270.94994927326
1099,78.77508968853934,5.911091353512405,26.770827738899357,-45251.40224384291,110240.37037436993,-87091.15504321469,-44658.328714379306,72323.68023250866,-1467.5691581788612,-113334.24637479613,-52449.43774914818,143681.4972112566,-89684.50660294008,-27439.882778105533,242858.50208835572
1100,80.76865456531128,6.071252381594189,26.770821674252367,-16999.235376765613,46990.67870884768,-120817.79070238951,-30737.782248458047,31766.048912942646,-1811.7600080336329,-126764.26645666004,-28363.757652856533,64301.676739209106,-122229.60329495138,-8324.56478907468,138367.42566540802
1101,78.73096485320679,5.9075623398031745,28.062490758789348,-19186.601249224514,176269.46864416744,-56109.422059467375,-35284.79816370686,51006.524400314775,-4056.9758970262815,-67062.06804559877,-24836.07597242694,192871.5893535012,-66489.88456657722,-20329.629414576328,260480.6176502569
1102,80.8127876811803,6.0747960516673185,28.062483649285518,-15075.092671758655,85318.23902128905,-87156.68344621907,-25673.44118298659,-880.0287531526559,-5464.059932855706,-87616.57724842367,-20800.662488514696,91503.70264024966,-78344.53859286544,-7304.316666009539,147284.0622114067
1103,78.60637124737055,5.897558064349712,29.354154450083918,3893.6410533051603,229477.35200661808,-22557.96972534943,-14616.787225124612,20313.94358058535,-1617.439148126534,-24192.049782921287,2953.9097260189137,232051.16339147624,-33884.41225700782,-8065.5847091343985,275813.10958884616
1104,80.93738967745205,6.084811451007646,29.354146714956713,-10181.956334068804,113997.36843174037,-59499.6371796005,-8045.75235087711,-19677.77700916221,-4201.563627140949,-62200.83634437569,-10131.934709665336,116648.5459721121,-37429.86150149942,903.8418336865436,162235.6410488583
1105,78.81287556855376,5.421942699942017,25.77083158091775,-92458.83496006747,-115270.39356319918,-141135.96726264438,-63884.07962111138,106454.89812328182,16886.99517193584,-254762.84438934652,-90763.36529021393,-3338.9861063505004,-94922.83852302136,-17952.086702273886,208056.3951236737
1106,80.80782581546251,5.563407148444688,25.77082816305939,-60179.341310134725,-127738.64456626431,-203768.879199867,-44557.56480921207,88697.84872902253,9425.520793110873,-267448.18868769624,-94502.69321663213,-29735.983171937645,-154604.48286403,-5340.114330523336,130297.47035606288
1107,78.81287907121897,5.421950968403658,26.979161426377097,-73180.89772051085,-6084.673440799437,-120083.52242986318,-58727.528336839394,80263.2655712521,3780.6339236975778,-172122.24458544858,-82991.43550729554,55764.586501570644,-88612.30547364987,-25442.595346563056,236588.65546282468
1108,80.80782888655696,5.5634143145707675,26.97915620369541,-39522.766248802305,-38629.672052324815,-144236.21275340748,-39557.69924805517,45394.70876478495,775.8791635898993,-162909.30618995472,-67171.16781020051,7691.822945620568,-120206.17508746969,-8459.766510691641,135611.67949967575
1109,78.76352731949075,5.418474551001105,28.187491204497686,-38916.316890807066,88289.405914337,-74660.38828110795,-43086.04931171263,48660.56051973807,-994.7687012676394,-90669.22347927857,-47856.72910946816,113238.6533311687,-64662.86607168898,-19578.4187880407,248426.88536127293
1110,80.85718753770458,5.566903655820983,28.187485075235514,-29446.232857371033,26188.763251490906,-98569.25340032401,-30552.963100252837,332.95301640038315,-4292.273601515791,-98856.3916579803,-42691.161047412555,39720.82969918875,-75900.35794103386,-7324.53918026618,142960.1701706104
1111,78.63884633066131,5.409638118601129,29.3958216462691,-12157.818766055585,163040.07602620785,-37785.50064413367,-19162.62753820146,10663.813380560085,-758.8808232563337,-38352.83719263819,-14222.941738045103,165672.53554670198,-33762.630147576696,-8361.184764842079,261493.71627331842
1112,80.9818751364513,5.575749922343597,29.395814993722993,-18223.250603607252,71246.56939888356,-65308.44655880373,-9838.469564836834,-24567.125695918105,-4514.848705946381,-70324.58137243961,-18335.12451579512,76374.57812470729,-36836.49747409589,709.3040081660647,157061.13767175516
1113,78.83393385577966,5.095539910119262,26.06249813027826,-85211.42324820987,-76413.5316046937,-143520.05372278078,-61244.42448729916,102283.95618983792,18529.21824206111,-235630.8450785783,-84115.23191473629,14601.06841763026,-98737.84686777345,-16709.950924071094,214140.90274752706
1114,80.82976829776588,5.22453613922018,26.062494939418876,-61585.27828633087,-118631.25980651585,-210957.46756099613,-45626.53401787658,91308.23783479241,11307.121795620034,-272571.8461452079,-91967.42180644198,-26634.73770219305,-158205.50601532767,-5666.405087108037,136261.12743543144
1115,78.8339370092643,5.095547228878431,27.187494592852932,-66757.6039465885,19227.88974899397,-114423.12530337658,-54236.909316311336,77241.00585502211,4422.701666981813,-158440.76397893607,-74776.7513327466,71264.67581071159,-86458.99485742713,-23295.276345205002,236686.23392055283
1116,80.82977102810545,5.224542548664736,27.187489838816166,-38663.88442317463,-30185.116632359757,-139418.739003775,-38446.75682981229,46255.8548941544,1150.956478862835,-158223.64993442775,-62404.23989157419,12360.14976669255,-115245.41979862537,-7476.984157592649,138411.96773342649
1117,78.77936665048627,5.0920262381914245,28.31249141168911,-33627.74558864017,107565.00983784915,-67309.21351841948,-38380.22831841345,46959.97828359414,-26.780797813666357,-81262.15970576517,-40085.44904826159,127975.65948481631,-61443.173093485064,-17603.137376131694,245473.27701887809
1118,80.88434743018382,5.228075015745727,28.312485872503203,-28559.565920331246,34077.536933136194,-94165.07781692286,-29013.133225989906,1248.1943425875097,-3921.004675241794,-94400.5722018832,-39745.786747461,45499.2521452263,-71732.7266920022,-6064.532197227624,145107.54029438613
1119,78.65463001573012,5.083968417337678,29.437488851058603,-9807.37267172947,177537.42935829927,-34005.171171063914,-16905.81882603955,12027.584551140844,-177.89493406927863,-34712.571168911694,-11286.57605963302,179724.03274405043,-31907.61606453192,-6761.655947621066,259338.44551381643
1120,81.00908987623342,5.236141590293603,29.43748285778347,-15799.4762172144,80143.5946940225,-60376.104762688,-9245.034235026158,-21237.25117393205,-4445.15510597444,-64205.473363723715,-15834.394590091908,84007.88166793573,-34785.29283535033,1875.9614839030992,159028.3730607371
1121,78.8550701942171,4.769141953569429,26.35416457150613,-84863.23334740991,-65398.45487866693,-152422.54355127344,-62746.18116071646,106139.66571826255,20328.26550611802,-241541.9264703849,-84104.15929534016,22961.853988374743,-101845.71121243443,-15580.455234175495,221001.41050390922
1122,80.85163282592717,4.885660021683246,26.354161591993023,-58588.39920291366,-94994.5294668817,-210154.05109101612,-44862.516486798646,93188.13525269632,11791.184106255321,-267191.7139323528,-81744.95049733776,-14800.315331120897,-159175.43030690524,-6251.838009040945,140009.6098523133
1123,78.85507296678672,4.7691484516963785,27.39582774851039,-65057.7405570991,23394.917595758052,-112115.54283878619,-51875.41226133682,75329.2197529257,5133.070033007353,-154073.15504626904,-71946.09493439649,72240.88418053827,-83794.41257181198,-22476.29055979523,229873.38604935282
1124,80.85163519420001,4.885665744760922,27.395823446558687,-34811.653476522726,-11922.164215305966,-129371.30845915376,-35316.38334717681,43750.43969515238,798.7657891469898,-145246.26339193614,-53127.473776502215,22268.611017455893,-109771.45471525403,-7508.143938075173,136224.05659790803
1125,78.7952819025285,4.7656808105297905,28.437491627998767,-31494.791749449992,113111.2116635953,-63282.680591962846,-35450.56175951987,45135.76896331629,1003.7278944723324,-76368.82321690337,-36506.50255612826,131209.06509521411,-59220.46372673375,-16838.615728267017,237446.1207962919
1126,80.91143138360019,4.8891434984915545,28.437486650101448,-25599.92869878901,48931.66491635621,-87761.65726834889,-26393.19963577176,1106.4388594370514,-3852.233233942429,-88001.64036259941,-33793.74529463385,57365.464606451525,-68672.01101525052,-5865.8254362866965,142662.24450476244
1127,78.67049929648381,4.758402396799127,29.479156053573618,-9976.146702267804,179767.33217282384,-33167.81554732795,-15805.6055880227,11700.252609122124,339.78668704378055,-33872.52664263989,-11208.790315033826,181704.68688090172,-31991.68891904047,-6964.386606560087,249617.7786366074
1128,81.03621898152835,4.896429654576756,29.47915068787319,-12232.713607989797,93480.79755174727,-54471.15644637326,-8096.383584593232,-17566.32081209245,-4383.0589635399465,-57157.49088712128,-12128.123962499865,96062.5423470053,-34355.184156648946,1569.3344917014456,154751.14644595873
1129,78.88056282349541,4.27920765250018,26.645830931212096,-46358.93912859445,78823.23888761309,-104231.43609153069,-40597.95808424217,73815.02817701876,14338.944036788163,-138625.89428916885,-45244.55880696446,112103.31676362125,-101599.81130426985,-15420.391308177761,216500.1016710747
1130,80.87815940308707,4.377005091690716,26.645828370771774,-26926.812797634768,23401.41894098271,-156744.07880303456,-31113.02205551187,60519.4080818128,7591.833818713348,-177006.5223859013,-34912.66149565673,51649.71122187139,-152117.5267936395,-6833.734835254197,137063.041934984
1131,78.87536222537588,4.2789749998737925,27.60416145371965,-36624.797041953985,126493.27256488141,-77038.98844193743,-32657.75203510125,52566.56991006059,3251.414779080527,-92115.41572255477,-39629.80930081566,144574.71210436046,-80436.35747577452,-21170.21302300094,219486.96544405358
1132,80.88336403251265,4.3772486354892575,27.604157815126104,-14641.000392276641,72532.38204077639,-97993.15425459658,-23771.98729243587,25250.589500523383,-542.8006825215656,-101751.86897813487,-20312.717462031487,81962.81383406949,-103308.69406169861,-6735.3531675292115,136192.83408918517
1133,78.81033815356349,4.275804425232813,28.562492143219217,-14842.525143924358,180103.3062096442,-44047.681714983,-22114.816417951657,35912.12688104508,981.6789217078609,-50236.463531312496,-16588.317578729828,188037.88046077918,-56340.110241340364,-14926.26937760511,231005.54029846477
1134,80.94839220138171,4.380427941124767,28.562487936373035,-12109.113144120558,105700.62903385956,-69200.31857951326,-18153.75623751237,-1515.3756592207756,-3928.4970553930516,-69514.03915234975,-14534.030604227442,108439.26706680295,-64794.94768100136,-4574.734605871561,143286.6639117993
1135,78.69069327249889,4.269933892036283,29.52082328396932,-825.7560168057826,221514.9449054565,-23082.932289398712,-9059.308869724699,13713.72649445855,842.0225779286093,-23928.991035074912,-1108.5077202493276,222643.75535457622,-30863.20546528911,-5503.640854013158,243616.04456272977
1136,81.06804103032655,4.386305064907069,29.520818790155545,-2939.948010065702,131827.31095628854,-42432.044938453975,-4951.815156104212,-10805.227168154168,-3942.8986871782126,-43543.75691387698,-2658.658105627782,132657.73302727373,-32701.854182992764,2714.958854697485,155290.64271850395
1137,78.910929220665,3.616376391707202,26.93749780930531,-44684.23388325819,71401.64676187804,-100211.14565462654,-34409.03476814058,68259.93088527162,12882.426181567833,-130745.66364361648,-43563.1707320042,100815.10159961405,-98045.03762135691,-16313.629067583675,197950.47960282213
1138,80.90883131128955,3.7079320056796483,26.93749577642006,-26652.6517410773,20885.39498371345,-143584.33848082818,-26607.54446634423,58798.21111302142,5325.441183419818,-163739.0971069607,-33031.468467474,47418.97033624262,-139114.35803491794,-7271.410607343222,128601.59849264922
1139,78.89532233778851,3.6156660178593043,27.812495207093548,-33062.31320509775,124807.54456660908,-72176.49196915238,-27172.04264065353,46888.28658365379,4314.009072176312,-84894.74893265952,-34736.47165200142,139199.95997702,-77121.42444938798,-19734.981959246907,205429.26961627553
1140,80.92444115935602,3.7086516853378546,27.8124923309073,-15121.480794122523,72647.82122217066,-93453.15544942839,-21299.70144298997,24256.787058152102,-630.4048741387275,-96995.21682101532,-19725.34176799166,80793.74356762679,-97270.66150343105,-6605.694961276869,132011.78252987502
1141,78.82508522459875,3.612451106125172,28.687492946686856,-15026.679178461818,174516.9960729543,-43795.586399541375,-17862.56539572427,30204.096396250305,1663.4447206135549,-48409.81415522432,-16079.340724718199,180183.88537489355,-54090.244778616754,-13822.371073319127,217599.0853796562
1142,80.99468128706468,3.7118739284481057,28.687489622915894,-9737.02090980587,107062.37268804586,-62746.00792141329,-15468.380021073242,256.5770708306325,-3924.193250282549,-63039.61079163903,-11460.630771097058,109079.58541956283,-61068.23296127365,-3612.456895659151,140243.76302993827
1143,78.7158264117623,3.6074469115160293,29.56249104531439,-1444.1679082893825,213800.48816782032,-24208.680345318367,-6846.3538467063545,11266.467578819516,1125.7574089939633,-24831.137891674596,-1567.0214202134266,214545.79922610056,-30474.94776912579,-4533.935626155071,231485.18614386872
1144,81.10394296921923,3.7168836473384124,29.56248755177056,-672.8948085644079,133917.27297554188,-38376.155250225,-4478.252704801091,-8232.738724857469,-3702.0333011108914,-39167.12434118282,-411.151303356193,134446.4985612915,-31493.628801279418,3740.7848620475725,153156.05075762057
1145,78.94110719297385,2.959792574397713,27.229164646602673,-42294.48513230122,69693.93356793193,-98825.77735619422,-30008.691759845442,63199.05248056956,11613.266370636455,-125149.60677816645,-41571.18321441665,95294.4610720196,-93703.68632450693,-15922.262392090834,184824.60941478805
1146,80.9396918022968,3.0326117425665777,27.229163053458603,-24465.84094774286,27187.625206473815,-130628.82259069044,-22560.85193156333,54594.555955232565,3333.027575855452,-148479.48162969723,-29369.785195818647,49942.22849355642,-127183.03966442424,-7500.568492232237,120805.84801696832
1147,78.91508336062365,2.9588972148224433,28.020828896260934,-29659.595218585215,122029.69955756568,-68055.96219260545,-22508.84015207231,42008.75652494662,4415.683355253738,-78643.33421061869,-30677.885737208187,133635.36209420188,-72902.83617854206,-18171.036571639976,191024.24719667865
1148,80.96571772142256,3.033514660887237,28.020826682203744,-13787.563870869111,75637.5726997815,-85567.99882831745,-18369.725900874357,21697.138897825105,-1258.926012873368,-88455.74215830109,-17293.53560324787,82031.28776214391,-89533.58234382611,-6153.183379074188,125228.18620681173
1149,78.83961616571179,2.9561750252867895,28.812493683510237,-14047.23870201139,169549.45675590963,-42846.75938310521,-14350.816175676578,24953.562936672264,1907.7524368043034,-46142.47166875178,-14694.60648698682,173492.53682653166,-51414.34674765539,-12202.308833466304,203544.60920594243
1150,81.0411870312256,3.0362428523213296,28.812491149029864,-6791.177094713254,109589.32151535648,-55685.69046746525,-13069.165007414305,1805.1317422156662,-3940.3614331025997,-56004.73256523776,-7951.508814171776,111068.69533258755,-57212.290119866906,-2507.00005849136,134460.0300499026
1151,78.74073065685063,2.9525253507453484,29.604158749950678,-1034.456971541411,206666.59866395695,-24474.99589927945,-4767.320691294757,9437.089424483935,1320.5940867411957,-24955.817665054103,-1044.8361899814647,207157.7996481717,-30033.063279433947,-3205.654280219473,217571.51348962673
1152,81.14007455141669,3.0398971593705943,29.604156137378883,1835.0535262827616,135845.21850812464,-34370.6564775656,-4572.385608124284,-5540.10517205586,-3277.3020002950175,-34871.22352146412,2007.1174688055962,136173.7216095003,-30755.977670241966,4760.0664096499395,147528.94673506508
1153,78.96316761665372,2.1425141276963267,27.520831319243655,-28994.00250023839,97223.25309599657,-77250.75923283897,-20178.80288707179,44052.747585039,7558.637441559112,-90171.64311788042,-28876.422489254495,110026.55697005405,-84259.13864086875,-15060.133066010816,165022.85262149756
1154,80.96269504534175,2.1840997049967514,27.520830204745344,-13706.588149804218,54769.55345381869,-99866.28461701673,-16873.323120118475,38636.160302926124,843.0779230607973,-109216.79225441486,-16734.45988205721,67147.93282346983,-108975.65860593133,-6272.627893166641,110449.75058079642
1155,78.92671796422526,2.1417916080980937,28.229162973354228,-18994.555685660533,138868.08451379414,-54188.18851320126,-13486.829082378934,27807.86370657724,2871.173044452128,-58689.08618363688,-19450.46478793648,143824.89128650574,-65492.95824074073,-14757.98253620123,175626.978317148
1156,80.99914595514524,2.1848279470254957,28.229161458673254,-6135.221148226006,91802.98171569793,-68637.22223559224,-14731.921182512326,13067.812041227191,-1922.9215643772786,-69703.1533106874,-8303.213852825755,95036.90549539284,-78268.31997198946,-3322.5443819457937,120131.39493279981
1157,78.84600822085388,2.140131633455951,28.937494562246417,-8294.397742461631,173509.59456604635,-37791.96615319215,-7247.59322050502,15962.874203853507,1510.0259499119609,-39128.25735481824,-8433.393531566939,174984.8815567777,-47476.67371369852,-8371.560998102246,190013.8908662235
1158,81.07985700464691,2.18649256658574,28.937492857903,-259.77017393331334,117689.49068269304,-45691.22159965569,-11006.018781099268,675.0120480231936,-3936.115985248253,-46030.17318737589,-945.5340881237996,118714.20618460383,-51630.20072967501,969.5586561250022,131033.61142872853
1159,78.75748881758578,2.138259754828758,29.64582634911802,1717.3655573127617,199487.15739156763,-23894.668038562828,-166.33681890543835,6967.553846263458,1458.349905930512,-24194.366132315496,1799.874352225807,199704.34669040714,-28863.23503776271,25.916349354583126,203334.97118948883
1160,81.16837767330514,2.1883681923701026,29.645824644419097,6417.226928911361,137242.09819074703,-29850.882710022328,-5374.600121881307,-3255.6235326271944,-2914.4139649213066,-30164.516825036033,6451.743084823571,137521.2161498485,-29112.06377561984,7853.069113855503,142790.6173693136
1161,78.96977043041643,1.1488102489385668,27.812498403225753,-20371.244926727886,90654.07314773748,-62263.84533158725,-8047.216656799509,26379.539602198227,2005.6621085629808,-66923.5837378906,-20633.345585541836,95575.91221285473,-67013.15071286281,-11548.737237313147,138252.02863448075
1162,80.98518148434317,1.1781268790762978,27.812497708932675,-6520.539484434255,55847.413797072484,-76190.28899358012,-15740.54130343219,25806.986112360522,1042.0046443988563,-81267.39985123923,-9620.731464979293,64024.71663527661,-83978.00729348333,-1499.1624289352649,98655.92284107886
1163,78.92290087268591,1.1481304486021873,28.43749696885407,-10183.801362687649,133482.7327225127,-45294.576621441855,-896.5769616958773,13616.738309834598,-566.9898016188686,-46332.61259462649,-10183.014188464305,134519.98152147394,-54362.470862257505,-7714.115188851802,158977.52348369337
1164,81.03205173227956,1.1788106488047687,28.437496074402432,1880.1639570147236,91292.72233110997,-53043.98601685382,-16359.387450590082,6689.629406344745,-643.2356587282067,-53353.60989638329,-1013.5979680837086,94496.10813573792,-63168.73259615586,2576.235023573407,113622.68153393941
1165,78.84478463492023,1.1469956662571854,29.06249561173778,-1148.3417814920685,165323.6820236912,-33365.95871495421,4289.1124554366115,6256.214183251962,-148.64965049457822,-33565.24066852174,-1255.812441779324,165630.43463754596,-41457.0506562189,-1390.063316007287,176478.52169867884
1166,81.11016872931654,1.1799486832429282,29.062494660046436,7626.975281605726,115736.61027416459,-36049.13366832607,-14192.83739198448,-1518.236553404733,-2677.962667696689,-36251.148116797,5987.972396952488,117577.62760728871,-43965.5323487926,6918.874790636213,126902.8519686794
1167,78.76666817044708,1.145860638996342,29.687494372704734,6073.0832216226845,184561.60934008457,-24245.964160702388,8201.834821443861,3567.894742044313,1199.1567736353527,-24344.16999391159,5732.59741438967,185000.30098052666,-27837.458078911106,5006.3124608534945,187470.5078524662
1168,81.18828573006587,1.1810864020178147,29.687493482170346,12120.888687457074,131476.21620580993,-26296.980521906655,-9465.976295680102,-2236.019072318443,-2407.4270181256766,-26498.364995241045,11549.941364205366,132248.54800239604,-27495.487903436107,12383.992505708655,136027.07362607558
1169,78.9686416126242,0.15841191008848768,28.10416548688939,-2265.6668287749962,101638.30041245249,-40869.04312408494,11653.53127380295,2371.579375854023,-5727.847518699215,-41816.249999842,-2630.2157712568173,102950.05623069126,-46300.23222549062,504.68605610641964,126978.7450473606
1170,81.01539960114222,0.16884876187539077,28.104165140794805,4710.571849219159,64405.456344419435,-46401.90535661491,-23107.296970333613,6399.071480688358,5436.1849371636345,-47724.20578363635,-2022.6469990792762,72460.9756197393,-58555.394610168456,3009.942655332464,93960.93440640849
1171,78.9113531519773,0.15816567261115566,28.645830963208663,7334.451627828814,135609.2974234169,-26058.413417607844,20088.637162042556,-4546.827188430109,-7712.909157531848,-27753.930109520552,5762.855227688999,138876.41051546944,-38874.454804138266,5012.96805707682,150458.3053753599
1172,81.07268832472845,0.16909738173976935,28.6458305671965,13255.762191410668,94094.59800376285,-27385.391432790937,-26170.408006395122,-6079.671024270607,5301.79133441255,-28134.896465339018,5857.460529896224,102242.40469782536,-45269.41279289018,6729.83607916045,111326.09244376837
1173,78.84364918636741,0.1577676928780882,29.187496728864335,14254.705543795979,160747.39556907106,-16960.27923361485,24678.96391997635,-7904.134618504624,-6793.099909958051,-18420.46672482199,11233.951946591156,165228.33665748307,-30321.239564069812,8919.527800577123,167844.83314313117
1174,81.14039264257175,0.16949735665128057,29.187496362322214,17525.51889665491,115384.02259623451,-17352.575805134544,-26395.409743165405,-11238.250499713096,4604.661757456844,-18481.29395363997,10958.982213330997,123079.27742806378,-33282.51968063053,10049.556956327911,125908.6650310678
1175,78.77594509750779,0.15736960171846234,29.72916254961405,17138.20520754648,177102.17654798162,-14846.354413694637,25039.145830785015,-6350.973213899212,-3290.7947083472422,-15264.37816659122,13494.214158118013,181164.19135030665,-22499.6409402997,11587.979085080753,179125.6971479035
1176,81.20809690931367,0.16989716255066833,29.7291622685688,18762.45055246167,131463.92578774737,-15517.80756264479,-22213.822894991736,-9619.142239647867,2807.6537039117616,-16202.948100856534,14572.071444685109,136339.4454337358,-22852.903951393164,13967.708868717255,137128.6821241484
1177,78.93848399015172,-0.8217081495064328,28.39583225035152,2414.495972199795,64986.05569044385,-32673.143565001552,23641.994506564435,-4360.774302766361,-7943.033585054793,-34393.7333493843,-4213.522578876017,73334.66402590244,-40452.469197046616,-416.52541099848327,84288.87171693215
1178,81.03715178222285,-0.8505492814549349,28.395832177565314,4110.04321875311,46194.86144467398,-31787.956197231728,-28249.9148873294,-138.69322350144026,8446.651640807444,-34266.4366984413,-7761.974727414324,60545.35989205098,-44440.85954156852,-3515.868995522784,69552.26366868397
1179,78.88119951913886,-0.8209784757225581,28.854165113327447,8612.132454207693,81533.9604681115,-20480.045566283807,29402.742649579173,-5896.735612417124,-10475.270962710536,-24003.57415220328,1029.4324210160487,92640.18908722256,-35980.805231454215,2327.0560281902294,98310.27133338462
1180,81.09443643155797,-0.851277708410819,28.854165054031764,9808.635105685995,63367.81066864937,-19034.074616056263,-31840.261674830548,-5329.340899188159,10410.456847239035,-22784.84711078947,-2138.7339894327974,79065.95225850138,-38088.7278109029,-1020.423765942386,81371.93915315329
1181,78.82391508136598,-0.8202489408637136,29.3124977712096,12429.771976781505,96545.0632174683,-13501.201968379348,32746.31431860818,-7260.307400935218,-11797.31997162498,-18368.638474093095,5110.362489614289,108731.90921034923,-31301.273036585462,4207.59312670763,109775.23839755001
1182,81.15172091619343,-0.852006182884281,29.31249774582233,12495.654398489922,77565.61328917407,-12587.826099649792,-33804.62231911948,-7547.5248970846405,11725.234656964096,-17686.403633272414,1946.0006617182462,93213.84455956839,-32583.471145479583,1024.677108265134,91553.05014595266
1183,78.76663060022263,-0.819519434097429,29.77083046348016,12080.924606376586,110145.6204844416,-13256.403708819114,33721.24223648775,-6180.970672675361,-8469.956540924417,-15997.4018855602,3817.2911327600395,121150.25213479932,-25716.397869113607,2219.4306983835454,120031.12926181394
1184,81.20900530136359,-0.8527348057095359,29.770830489754157,11743.874782047624,91272.64570373026,-12282.164922026346,-33725.46462676602,-6464.3087968875825,8590.079280519845,-15291.75015340995,1676.768013375817,104349.33770378567,-25681.442049995872,76.04792983636217,101503.34542279899
1185,78.87921636411055,-1.8108838995151417,28.687499146324143,-2828.17940818394,24160.194323897795,-33082.51582895644,20442.83444585684,93.16401677821018,-6180.748171655661,-34644.90513810769,-12386.175040465929,35280.579265331035,-38411.48901448537,-7517.522625796824,43019.395648061385
1186,81.05051920083741,-1.8607320664430296,28.687499155126826,-1082.2522411789487,26543.657657280324,-30664.2133840833,-22079.868292612493,-264.7778435019654,7359.700589191958,-32898.23726484025,-11289.21401120242,38984.64330806077,-37970.116115486824,-7466.88712268723,43834.34486750534
1187,78.83235374634526,-1.8098077407546012,29.062498751197676,476.10644526210126,31747.353300314222,-24087.59368318198,23127.92782483531,-632.6989686232624,-8307.515014540795,-27519.38265860906,-8667.665825907066,44322.91454691049,-35293.04966740809,-5675.0362953360345,49041.77336475148
1188,81.09738194657977,-1.8618076490179514,29.06249876578604,2400.8808912135282,35744.386005506516,-21556.346165374627,-24530.452364309174,-2008.0646619827978,9325.819916631008,-25612.108786155295,-7069.95315826448,49270.98267576519,-34830.89919032304,-5537.277020349932,49897.661636184755
1189,78.78549116277614,-1.8087316030892633,29.437498401400475,2026.4673262765173,39045.463587059596,-18588.644651617866,25130.201838635883,-1199.945483893085,-9813.696634494614,-24039.80939680394,-5657.580497625671,52180.67615614782,-32556.876158233805,-4656.27960750325,54396.43499255508
1190,81.14424453471676,-1.862883138084074,29.437498421636544,3969.405210356923,43656.375925310356,-16078.351814817113,-26367.50051896994,-2617.4701689652406,10517.005479099167,-22005.965922932766,-3942.2737343305366,57495.66897811348,-32021.759977089736,-4416.828437169507,55154.918344432954
1191,78.73862853356032,-1.8076556303273112,29.812498089683245,639.6425337622259,45374.6052373056,-16424.738363170818,27208.668645828915,-1357.5665933620464,-7432.445135320497,-20974.01029822074,-7926.5512846106885,58490.07099072843,-27821.710333529485,-8484.312798938905,59420.805970883215
1192,81.1911070426047,-1.8639587971519638,29.8124981174193,2527.5735257470205,50119.15163752406,-14095.391608724987,-28307.275811018346,-2660.2515797376154,7845.627304920743,-18864.196641040584,-6311.75749244945,63727.287688036144,-27191.76599896818,-8314.909981736124,59829.782498545675
1193,78.8201630117001,-2.7990383160871914,28.97916597715356,-3836.2116684987104,12816.066930365332,-30958.847377614067,12947.372273519988,-502.7306091794777,-4910.242543735371,-31898.242547304755,-10118.836537605368,20038.086969162672,-34343.389166836976,-6603.845890814475,27306.452232124906
1194,81.06367199116389,-2.8719351910915685,28.979165981596573,-2521.050827781971,17685.14834334406,-28181.59666861583,-13192.241832075377,-2887.2897920819937,5534.011591103996,-29324.83035581639,-8375.192518570007,24682.523721332658,-34022.68290408267,-7147.435205130763,26139.895528340952
1195,78.78372365227533,-2.7979085335902116,29.270832207819478,-1693.7760703614513,17760.991814559733,-23442.97300778233,14206.582046390218,-1531.98510572084,-5972.4167607828695,-25095.285344216314,-7885.652263677283,25605.18034430955,-30792.516769131696,-5996.317443600029,29919.7227064457
1196,81.10011122866086,-2.8730646589822255,29.270832211784548,-341.3506676066754,23093.070562977708,-20606.80568397102,-14455.555185480334,-3795.060388604108,6446.9747287251585,-22488.242277801175,-6106.066967188907,30739.223456390122,-30325.699696861364,-6488.741019042241,29067.50300965445
1197,78.74728443995795,-2.7967787752198623,29.562498722340788,-1057.6515217654205,21335.86895729471,-19022.38247858267,15480.002382235692,-1670.2446078803014,-6316.29756241563,-21315.06692922149,-7068.917655337351,29639.819541505465,-27474.75231974784,-6400.840427869495,32199.16423983709
1198,81.13655044426804,-2.8741940249185984,29.562498725033723,239.9602212640084,26979.91890716429,-16561.938272453004,-15670.843275050795,-3717.7801832958316,6632.829023673654,-18942.717657827787,-5350.70841607601,34951.366929879085,-27126.189240555264,-6862.565896551792,31484.268018517163
1199,78.71084527254371,-2.7956491718511964,29.85416526848347,-2396.407866190625,23081.661747970644,-17002.01827166374,17227.974146420995,-1485.804102334087,-4510.687655190421,-18705.39677859423,-9611.58713308656,32000.219521797037,-23067.439762998434,-9557.519209845235,33909.442719393
1200,81.1729897410201,-2.875323544542465,29.85416526954492,-1295.4315423321077,28870.13766805706,-15325.876029175315,-17233.973007452685,-3108.5420920061656,4726.614328832381,-16921.015954970913,-7957.395097913396,37127.24114943396,-23215.88210011292,-10058.488015272143,32999.663754380774
1201,78.74295238169267,-3.77504870591238,29.27083256423441,-3623.166394479213,6647.101672884227,-26906.6015525521,7146.815049758757,-1935.8544928427948,-3046.5147660053717,-27330.622637406195,-7124.209982468977,10572.166345728085,-31924.36173561875,-5776.40461217251,15490.079416415858
1202,81.05751876392328,-3.8937188357807546,29.27083256658966,-2615.8504037626117,10753.768113493265,-22980.38370409886,-6957.321840286423,-4558.529413536879,3479.261301347861,-23910.33072456679,-5474.733630762449,14542.59836096103,-30790.87504271185,-5943.506198008281,14424.441055299809
1203,78.71694327493151,-3.7737677437597426,29.47916589032198,-2129.6779908421795,9663.725786517369,-20535.976082494828,7963.932160591768,-2502.534938282768,-3637.911460980691,-21263.043272097624,-5850.725271588403,14111.840256866388,-28693.20903623966,-5847.98953862162,16408.28149650953
1204,81.08352775120316,-3.89499949788698,29.479165893129842,-1248.6118712638563,14063.823409244393,-16919.671167455814,-7717.5944569450085,-4933.594190582334,3950.0994799553555,-18182.819297564325,-4250.643311335366,18329.002979424404,-27328.393078654008,-5910.825454608058,15857.267560527096
1205,78.69093430375531,-3.7724869185298253,29.6874989866624,-1868.9715080245842,11370.541111027791,-17580.522779958235,8857.552876582786,-2215.454805135527,-3689.3548819675866,-18405.898997237702,-5875.292029567288,16202.237849849975,-25447.126580622626,-6435.480000089882,17316.961178260597
1206,81.10953672780117,-3.8962800460409657,29.687498989658614,-1214.6419546084699,15952.894704089202,-14764.973531056852,-8509.869448502006,-4254.966935034191,3899.70493257601,-15945.886115704005,-4378.449830617564,20297.615164745446,-24350.941755001757,-6453.89420592679,17059.163262446375
1207,78.664925351398,-3.771206104092024,29.89583210183208,-2857.431112091276,11865.24846896862,-17326.539945316075,10043.232592174896,-1305.3742324323748,-2606.356519155982,-17790.19897881434,-7644.480749547245,17115.957139922873,-21846.31052101864,-7957.274918440664,18189.458700731244
1208,81.13554581083687,-3.8975608532378216,29.895832104751097,-2532.962866626721,16613.560625014903,-15694.577361774103,-9507.43863376039,-2708.691898697249,2786.929790448605,-16282.670654457797,-6212.355208210707,20881.04625928259,-21485.765309651488,-8009.048023586145,17940.49581484226
1209,78.64669338557366,-4.7602816604311355,29.56249943036843,-2632.699306431959,3224.2093944087856,-17883.58987827501,3596.818768840671,-3108.9872153810925,-1002.1965203560296,-18347.160508555815,-4329.883426021841,5384.964144279471,-27967.105153081306,-5503.105709102074,7169.991161257748
1210,81.03295138440787,-4.90471566012678,29.562499430983507,-1601.402749583272,6733.342202399462,-13233.188060313021,-3342.789083055799,-5980.276314761932,1346.3502379614067,-14900.292037072657,-2740.0491532709625,9539.092582846786,-27870.151815473742,-5325.363814907549,7451.6702858221715
1211,78.6310968971682,-4.759337614811695,29.68749933906518,-1469.7926629307594,5454.048323648474,-13300.116349968466,4167.246262834038,-3343.394448052126,-1496.9561984791244,-13929.180218464788,-3425.1296520883384,8038.449181302377,-25370.568925668013,-5461.939270271184,7881.3571928655065
1212,81.0485477527987,-4.905659613432542,29.687499339600432,-624.4779700611057,9150.637799292957,-9208.570411068766,-3800.2658841522984,-5883.753126623324,1672.2879748456562,-10962.433839923335,-1917.6705871197773,12197.693845206206,-25290.684375621426,-5305.190384094421,8187.692903110079
1213,78.6155005373071,-4.7583935730090205,29.812499255780928,-1508.2457885170047,6407.259588338122,-12986.860876317223,4807.997157146772,-2642.348443112974,-1604.6766450465625,-13425.358506370043,-3767.439948705917,9104.951378579859,-22955.90828080081,-5608.5838375358635,8638.368147360425
1214,81.06414411743086,-4.906603570194162,29.812499256201146,-982.0073103354962,10177.280551523612,-9968.671768449378,-4318.3596449839215,-4641.151810444724,1731.6297373594284,-11050.854980784956,-2455.857562546556,12733.314016070248,-22886.25933792416,-5465.049515074823,8961.472496812066
1215,78.59990418238348,-4.75744940921909,29.937499179904595,-2565.8462324114366,6328.53460971598,-16138.616443761008,5575.813586684193,-1227.49857316907,-1109.1510747112734,-16258.09121475094,-5231.123966189403,9113.287114483883,-20695.73999388504,-5984.038971924008,9394.104886287696
1216,81.07974060206558,-4.907547529515797,29.937499180191782,-2474.4322082399867,10091.639268939529,-14609.251253960345,-4942.307854590122,-2452.752883725266,1320.579646619874,-14910.817839869584,-4167.141091017274,12085.914737626057,-20642.572082617255,-5854.195406375006,9719.942877240323
1217,78.54988826711164,-5.756193734077077,29.85416631235487,3463.658930696323,7423.826256209971,10335.636204493465,1777.9385613552024,-10638.682970637068,360.4764311451305,-2292.7474671775553,3848.2587577694726,19667.61010080784,-23808.96949892383,-4845.974881471635,3559.725838177611
1218,81.00892962072871,-5.905033106730357,29.85416631228631,4380.030587531914,9730.89268315699,14696.217034318075,-1465.6607592019873,-14455.157183002282,-1101.0288343272816,-2912.621635742854,4838.930190667433,26880.83175008239,-23828.96398077943,-4811.901983619197,3656.094220572959
1219,78.54468939449484,-5.755879095608014,29.89583278607482,4198.8380716881,8994.22136686329,12553.091498256177,1980.8989090903917,-9748.734866665616,-188.43814577304147,341.9555483031013,4599.707247814912,20804.48814068956,-22558.239329037446,-4668.770519629762,3843.5832613605244
1220,81.01412837000902,-5.905347718068219,29.895832785963194,4878.705827678112,11171.197764901777,16039.376599693198,-1588.349912702526,-12716.566935560788,-542.1025018491512,136.8513909844319,5383.3616050795235,26569.06719620913,-22574.472174130722,-4637.61162519703,3943.2411153374833
1221,78.53949064729544,-5.755564457560967,29.9374995108702,2669.1223561314373,8260.537978902774,5801.8873151013595,2206.130294776136,-7092.914889497697,-400.2239417352083,-581.9717433698193,2762.771501703619,14550.74789180177,-21349.394899658517,-4500.660328592211,4144.061141759498
1222,81.0193271188307,-5.905662454770329,29.937499510717185,3043.5353375005625,10248.849870835551,8145.782771350479,-1734.5062207166204,-9065.315975098985,-85.35083510014898,-373.21287281487173,3387.716848384623,18423.664004116843,-21364.636801924327,-4472.609714858401,4248.180944899683
1223,78.53429190045021,-5.755249694894021,29.979166236699974,-934.9133227172188,5415.59756656619,-9163.886913952025,2447.9504451485814,-2817.969928400535,-153.82910984359833,-9700.166039176564,-1699.5796252234863,6716.542994296993,-20194.11306158767,-4343.539553845553,4456.190701842692
1224,81.0245259922556,-5.905977066789543,29.979166236508696,-917.9819348487381,7172.063475492634,-8168.319415895263,-1898.7236576406813,-3623.3181952844025,144.54217285880708,-8990.653038048344,-1290.9702474245862,8367.385410221561,-20200.580600709363,-4315.754127947263,4567.562929939651
