$MeshFormat
2.2 0 8
$EndMeshFormat
$Nodes
2310
1 -0.031249 77.500195 30.000000
2 0.000000 80.000000 30.000000
3 0.031249 82.499805 30.000000
4 -0.031249 77.500195 30.000000
5 0.000000 80.000000 30.000000
6 0.031249 82.499805 30.000000
7 -0.031249 77.500195 30.000000
8 0.000000 80.000000 30.000000
9 0.031249 82.499805 30.000000
10 -0.031249 77.500195 30.000000
11 0.000000 80.000000 30.000000
12 0.031249 82.499805 30.000000
13 -0.031249 77.500195 30.000000
14 0.000000 80.000000 30.000000
15 0.031249 82.499805 30.000000
16 0.636390 77.575189 29.666667
17 0.666597 79.991667 29.666667
18 0.696805 82.408145 29.666667
19 0.636129 77.554358 29.750000
20 0.666597 79.991667 29.750000
21 0.697065 82.428977 29.750000
22 0.635869 77.533526 29.833333
23 0.666597 79.991667 29.833333
24 0.697326 82.449808 29.833333
25 0.635608 77.512694 29.916667
26 0.666597 79.991667 29.916667
27 0.697586 82.470640 29.916667
28 0.635348 77.491862 30.000000
29 0.666597 79.991667 30.000000
30 0.697846 82.491472 30.000000
31 1.304029 77.650183 29.333333
32 1.333194 79.983334 29.333333
33 1.362360 82.316485 29.333333
34 1.303508 77.608520 29.500000
35 1.333194 79.983334 29.500000
36 1.362881 82.358149 29.500000
37 1.302987 77.566856 29.666667
38 1.333194 79.983334 29.666667
39 1.363402 82.399812 29.666667
40 1.302466 77.525193 29.833333
41 1.333194 79.983334 29.833333
42 1.363923 82.441475 29.833333
43 1.301945 77.483530 30.000000
44 1.333194 79.983334 30.000000
45 1.364444 82.483139 30.000000
46 1.957607 77.725397 29.000000
47 1.999792 79.975001 29.000000
48 2.041977 82.224606 29.000000
49 1.956435 77.662908 29.250000
50 1.999792 79.975001 29.250000
51 2.043149 82.287095 29.250000
52 1.955263 77.600419 29.500000
53 1.999792 79.975001 29.500000
54 2.044320 82.349584 29.500000
55 1.954091 77.537930 29.750000
56 1.999792 79.975001 29.750000
57 2.045492 82.412073 29.750000
58 1.952919 77.475441 30.000000
59 1.999792 79.975001 30.000000
60 2.046664 82.474562 30.000000
61 2.265263 77.798978 28.666667
62 2.332960 79.964586 28.666667
63 2.400657 82.130195 28.666667
64 2.262659 77.715685 29.000000
65 2.332960 79.964586 29.000000
66 2.403261 82.213488 29.000000
67 2.260055 77.632392 29.333333
68 2.332960 79.964586 29.333333
69 2.405865 82.296781 29.333333
70 2.257452 77.549100 29.666667
71 2.332960 79.964586 29.666667
72 2.408469 82.380073 29.666667
73 2.254848 77.465807 30.000000
74 2.332960 79.964586 30.000000
75 2.411072 82.463366 30.000000
76 2.601035 77.871855 28.333333
77 2.666129 79.954171 28.333333
78 2.731222 82.036488 28.333333
79 2.597780 77.767740 28.750000
80 2.666129 79.954171 28.750000
81 2.734477 82.140603 28.750000
82 2.594526 77.663624 29.166667
83 2.666129 79.954171 29.166667
84 2.737731 82.244719 29.166667
85 2.591271 77.559508 29.583333
86 2.666129 79.954171 29.583333
87 2.740986 82.348835 29.583333
88 2.588016 77.455392 30.000000
89 2.666129 79.954171 30.000000
90 2.744241 82.452951 30.000000
91 2.924315 77.945163 28.000000
92 2.999297 79.943757 28.000000
93 3.074279 81.942351 28.000000
94 2.919628 77.820251 28.500000
95 2.999297 79.943757 28.500000
96 3.078966 82.067263 28.500000
97 2.914942 77.695338 29.000000
98 2.999297 79.943757 29.000000
99 3.083652 82.192175 29.000000
100 2.910255 77.570426 29.500000
101 2.999297 79.943757 29.500000
102 3.088339 82.317087 29.500000
103 2.905569 77.445514 30.000000
104 2.999297 79.943757 30.000000
105 3.093025 82.441999 30.000000
106 3.244837 77.931092 27.666667
107 3.332309 79.929178 27.666667
108 3.419781 81.927264 27.666667
109 3.242104 77.868652 28.250000
110 3.332309 79.929178 28.250000
111 3.422515 81.989704 28.250000
112 3.235725 77.722958 28.833333
113 3.332309 79.929178 28.833333
114 3.428893 82.135398 28.833333
115 3.229347 77.577264 29.416667
116 3.332309 79.929178 29.416667
117 3.435271 82.281092 29.416667
118 3.222969 77.431570 30.000000
119 3.332309 79.929178 30.000000
120 3.441649 82.426786 30.000000
121 3.577849 77.916513 27.333333
122 3.665321 79.914599 27.333333
123 3.752793 81.912686 27.333333
124 3.577849 77.916513 28.000000
125 3.665321 79.914599 28.000000
126 3.752793 81.912686 28.000000
127 3.570560 77.750006 28.666667
128 3.665321 79.914599 28.666667
129 3.760083 82.079193 28.666667
130 3.563271 77.583499 29.333333
131 3.665321 79.914599 29.333333
132 3.767372 82.245700 29.333333
133 3.555981 77.416992 30.000000
134 3.665321 79.914599 30.000000
135 3.774661 82.412207 30.000000
136 3.898375 77.902520 27.000000
137 3.998334 79.900021 27.000000
138 4.098292 81.897521 27.000000
139 3.898375 77.902520 27.750000
140 3.998334 79.900021 27.750000
141 4.098292 81.897521 27.750000
142 3.892128 77.777677 28.500000
143 3.998334 79.900021 28.500000
144 4.104539 82.022365 28.500000
145 3.882757 77.590411 29.250000
146 3.998334 79.900021 29.250000
147 4.113910 82.209631 29.250000
148 3.873386 77.403145 30.000000
149 3.998334 79.900021 30.000000
150 4.123281 82.396896 30.000000
151 4.218697 77.884444 26.666667
152 4.331138 79.881281 26.666667
153 4.443578 81.878118 26.666667
154 4.218697 77.884444 27.500000
155 4.331138 79.881281 27.500000
156 4.443578 81.878118 27.500000
157 4.214012 77.801243 28.333333
158 4.331138 79.881281 28.333333
159 4.448263 81.961319 28.333333
160 4.202299 77.593239 29.166667
161 4.331138 79.881281 29.166667
162 4.459976 82.169323 29.166667
163 4.190587 77.385235 30.000000
164 4.331138 79.881281 30.000000
165 4.471688 82.377327 30.000000
166 4.551501 77.865704 26.333333
167 4.663941 79.862541 26.333333
168 4.776382 81.859378 26.333333
169 4.551501 77.865704 27.250000
170 4.663941 79.862541 27.250000
171 4.776382 81.859378 27.250000
172 4.549158 77.824103 28.166667
173 4.663941 79.862541 28.166667
174 4.778725 81.900978 28.166667
175 4.536274 77.595299 29.083333
176 4.663941 79.862541 29.083333
177 4.791608 82.129783 29.083333
178 4.523391 77.366495 30.000000
179 4.663941 79.862541 30.000000
180 4.804492 82.358587 30.000000
181 4.859354 77.848526 26.000000
182 4.996745 79.843801 26.000000
183 5.134137 81.839076 26.000000
184 4.859354 77.848526 27.000000
185 4.996745 79.843801 27.000000
186 5.134137 81.839076 27.000000
187 4.859354 77.848526 28.000000
188 4.996745 79.843801 28.000000
189 5.134137 81.839076 28.000000
190 4.842180 77.599116 29.000000
191 4.996745 79.843801 29.000000
192 5.151311 82.088486 29.000000
193 4.825006 77.349707 30.000000
194 4.996745 79.843801 30.000000
195 5.168485 82.337895 30.000000
196 5.511661 77.799471 25.666667
197 5.661521 79.793849 25.666667
198 5.811380 81.788227 25.666667
199 5.511661 77.799471 26.750000
200 5.661521 79.793849 26.750000
201 5.811380 81.788227 26.750000
202 5.511661 77.799471 27.833333
203 5.661521 79.793849 27.833333
204 5.811380 81.788227 27.833333
205 5.494490 77.570949 28.916667
206 5.661521 79.793849 28.916667
207 5.828551 82.016749 28.916667
208 5.474196 77.300877 30.000000
209 5.661521 79.793849 30.000000
210 5.848845 82.286821 30.000000
211 6.176436 77.749520 25.333333
212 6.326296 79.743897 25.333333
213 6.476155 81.738275 25.333333
214 6.176436 77.749520 26.500000
215 6.326296 79.743897 26.500000
216 6.476155 81.738275 26.500000
217 6.176436 77.749520 27.666667
218 6.326296 79.743897 27.666667
219 6.476155 81.738275 27.666667
220 6.160826 77.541772 28.833333
221 6.326296 79.743897 28.833333
222 6.491766 81.946022 28.833333
223 6.138972 77.250925 30.000000
224 6.326296 79.743897 30.000000
225 6.513620 82.236869 30.000000
226 6.828750 77.700543 25.000000
227 6.991071 79.693945 25.000000
228 7.153392 81.687347 25.000000
229 6.828750 77.700543 26.250000
230 6.991071 79.693945 26.250000
231 7.153392 81.687347 26.250000
232 6.828750 77.700543 27.500000
233 6.991071 79.693945 27.500000
234 7.153392 81.687347 27.500000
235 6.813532 77.513662 28.750000
236 6.991071 79.693945 28.750000
237 7.168610 81.874229 28.750000
238 6.788170 77.202193 30.000000
239 6.991071 79.693945 30.000000
240 7.193973 82.185698 30.000000
241 7.135713 77.671524 24.666667
242 7.322939 79.662741 24.666667
243 7.510164 81.653959 24.666667
244 7.135713 77.671524 26.000000
245 7.322939 79.662741 26.000000
246 7.510164 81.653959 26.000000
247 7.135713 77.671524 27.333333
248 7.322939 79.662741 27.333333
249 7.510164 81.653959 27.333333
250 7.120111 77.505589 28.666667
251 7.322939 79.662741 28.666667
252 7.525766 81.819893 28.666667
253 7.088907 77.173720 30.000000
254 7.322939 79.662741 30.000000
255 7.556970 82.151763 30.000000
256 7.467580 77.640320 24.333333
257 7.654806 79.631537 24.333333
258 7.842031 81.622755 24.333333
259 7.467580 77.640320 25.750000
260 7.654806 79.631537 25.750000
261 7.842031 81.622755 25.750000
262 7.467580 77.640320 27.166667
263 7.654806 79.631537 27.166667
264 7.842031 81.622755 27.166667
265 7.453929 77.495127 28.583333
266 7.654806 79.631537 28.583333
267 7.855683 81.767948 28.583333
268 7.420774 77.142516 30.000000
269 7.654806 79.631537 30.000000
270 7.888838 82.120559 30.000000
271 7.787006 77.610325 24.000000
272 7.986673 79.600333 24.000000
273 8.186340 81.590342 24.000000
274 7.787006 77.610325 25.500000
275 7.986673 79.600333 25.500000
276 8.186340 81.590342 25.500000
277 7.787006 77.610325 27.000000
278 7.986673 79.600333 27.000000
279 8.186340 81.590342 27.000000
280 7.774527 77.485949 28.500000
281 7.986673 79.600333 28.500000
282 8.198819 81.714717 28.500000
283 7.737090 77.112823 30.000000
284 7.986673 79.600333 30.000000
285 8.236257 82.087844 30.000000
286 8.106024 77.576262 23.666667
287 8.318125 79.564983 23.666667
288 8.530225 81.553705 23.666667
289 8.106024 77.576262 25.250000
290 8.318125 79.564983 25.250000
291 8.530225 81.553705 25.250000
292 8.106024 77.576262 26.833333
293 8.318125 79.564983 26.833333
294 8.530225 81.553705 26.833333
295 8.094977 77.472683 28.416667
296 8.318125 79.564983 28.416667
297 8.541272 81.657284 28.416667
298 8.052999 77.079081 30.000000
299 8.318125 79.564983 30.000000
300 8.583250 82.050885 30.000000
301 8.437476 77.540912 23.333333
302 8.649576 79.529634 23.333333
303 8.861677 81.518355 23.333333
304 8.437476 77.540912 25.000000
305 8.649576 79.529634 25.000000
306 8.861677 81.518355 25.000000
307 8.437476 77.540912 26.666667
308 8.649576 79.529634 26.666667
309 8.861677 81.518355 26.666667
310 8.428638 77.458049 28.333333
311 8.649576 79.529634 28.333333
312 8.870514 81.601218 28.333333
313 8.384451 77.043732 30.000000
314 8.649576 79.529634 30.000000
315 8.914702 82.015535 30.000000
316 8.756502 77.506927 23.000000
317 8.981028 79.494284 23.000000
318 9.205553 81.481641 23.000000
319 8.756502 77.506927 24.750000
320 8.981028 79.494284 24.750000
321 9.205553 81.481641 24.750000
322 8.756502 77.506927 26.500000
323 8.981028 79.494284 26.500000
324 9.205553 81.481641 26.500000
325 8.749486 77.444822 28.250000
326 8.981028 79.494284 28.250000
327 9.212570 81.543746 28.250000
328 8.700371 77.010087 30.000000
329 8.981028 79.494284 30.000000
330 9.261685 81.978480 30.000000
331 9.075069 77.468879 22.666667
332 9.312011 79.454794 22.666667
333 9.548954 81.440709 22.666667
334 9.075069 77.468879 24.500000
335 9.312011 79.454794 24.500000
336 9.548954 81.440709 24.500000
337 9.075069 77.468879 26.333333
338 9.312011 79.454794 26.333333
339 9.548954 81.440709 26.333333
340 9.070133 77.427505 28.166667
341 9.312011 79.454794 28.166667
342 9.553890 81.482082 28.166667
343 9.015834 76.972400 30.000000
344 9.312011 79.454794 30.000000
345 9.608189 81.937187 30.000000
346 9.406053 77.429388 22.333333
347 9.642995 79.415303 22.333333
348 9.879937 81.401218 22.333333
349 9.406053 77.429388 24.250000
350 9.642995 79.415303 24.250000
351 9.879937 81.401218 24.250000
352 9.406053 77.429388 26.166667
353 9.642995 79.415303 26.166667
354 9.879937 81.401218 26.166667
355 9.403585 77.408702 28.083333
356 9.642995 79.415303 28.083333
357 9.882405 81.421905 28.083333
358 9.346817 76.932910 30.000000
359 9.642995 79.415303 30.000000
360 9.939173 81.897697 30.000000
361 9.724629 77.391418 22.000000
362 9.973979 79.375813 22.000000
363 10.223328 81.360209 22.000000
364 9.724629 77.391418 24.000000
365 9.973979 79.375813 24.000000
366 10.223328 81.360209 24.000000
367 9.724629 77.391418 26.000000
368 9.973979 79.375813 26.000000
369 10.223328 81.360209 26.000000
370 9.724629 77.391418 28.000000
371 9.973979 79.375813 28.000000
372 10.223328 81.360209 28.000000
373 9.662292 76.895319 30.000000
374 9.973979 79.375813 30.000000
375 10.285666 81.856308 30.000000
376 10.042696 77.349391 21.666667
377 10.304443 79.332189 21.666667
378 10.566190 81.314987 21.666667
379 10.042696 77.349391 23.750000
380 10.304443 79.332189 23.750000
381 10.566190 81.314987 23.750000
382 10.042696 77.349391 25.833333
383 10.304443 79.332189 25.833333
384 10.566190 81.314987 25.833333
385 10.042696 77.349391 27.916667
386 10.304443 79.332189 27.916667
387 10.566190 81.314987 27.916667
388 9.977259 76.853691 30.000000
389 10.304443 79.332189 30.000000
390 10.631627 81.810687 30.000000
391 10.373160 77.305767 21.333333
392 10.634907 79.288565 21.333333
393 10.896654 81.271363 21.333333
394 10.373160 77.305767 23.500000
395 10.634907 79.288565 23.500000
396 10.896654 81.271363 23.500000
397 10.373160 77.305767 25.666667
398 10.634907 79.288565 25.666667
399 10.896654 81.271363 25.666667
400 10.373160 77.305767 27.833333
401 10.634907 79.288565 27.833333
402 10.896654 81.271363 27.833333
403 10.307723 76.810067 30.000000
404 10.634907 79.288565 30.000000
405 10.962091 81.767063 30.000000
406 10.678860 77.265569 21.000000
407 10.965371 79.244941 21.000000
408 11.251882 81.224312 21.000000
409 10.678860 77.265569 23.250000
410 10.965371 79.244941 23.250000
411 11.251882 81.224312 23.250000
412 10.678860 77.265569 25.500000
413 10.965371 79.244941 25.500000
414 11.251882 81.224312 25.500000
415 10.678860 77.265569 27.750000
416 10.965371 79.244941 27.750000
417 11.251882 81.224312 27.750000
418 10.607233 76.770726 30.000000
419 10.965371 79.244941 30.000000
420 11.323510 81.719155 30.000000
421 11.325659 77.167776 20.666667
422 11.624535 79.145318 20.666667
423 11.923411 81.122860 20.666667
424 11.325659 77.167776 23.000000
425 11.624535 79.145318 23.000000
426 11.923411 81.122860 23.000000
427 11.325659 77.167776 25.333333
428 11.624535 79.145318 25.333333
429 11.923411 81.122860 25.333333
430 11.325659 77.167776 27.666667
431 11.624535 79.145318 27.666667
432 11.923411 81.122860 27.666667
433 11.250940 76.673390 30.000000
434 11.624535 79.145318 30.000000
435 11.998130 81.617246 30.000000
436 11.984822 77.068153 20.333333
437 12.283698 79.045695 20.333333
438 12.582575 81.023237 20.333333
439 11.984822 77.068153 22.750000
440 12.283698 79.045695 22.750000
441 12.582575 81.023237 22.750000
442 11.984822 77.068153 25.166667
443 12.283698 79.045695 25.166667
444 12.582575 81.023237 25.166667
445 11.984822 77.068153 27.583333
446 12.283698 79.045695 27.583333
447 12.582575 81.023237 27.583333
448 11.910103 76.573767 30.000000
449 12.283698 79.045695 30.000000
450 12.657294 81.517623 30.000000
451 12.631632 76.970437 20.000000
452 12.942862 78.946072 20.000000
453 13.254092 80.921708 20.000000
454 12.631632 76.970437 22.500000
455 12.942862 78.946072 22.500000
456 13.254092 80.921708 22.500000
457 12.631632 76.970437 25.000000
458 12.942862 78.946072 25.000000
459 13.254092 80.921708 25.000000
460 12.631632 76.970437 27.500000
461 12.942862 78.946072 27.500000
462 13.254092 80.921708 27.500000
463 12.553824 76.476528 30.000000
464 12.942862 78.946072 30.000000
465 13.331899 81.415617 30.000000
466 12.935558 76.918498 19.666667
467 13.271458 78.890089 19.666667
468 13.607359 80.861680 19.666667
469 12.935558 76.918498 22.250000
470 13.271458 78.890089 22.250000
471 13.607359 80.861680 22.250000
472 12.935558 76.918498 24.833333
473 13.271458 78.890089 24.833333
474 13.607359 80.861680 24.833333
475 12.935558 76.918498 27.416667
476 13.271458 78.890089 27.416667
477 13.607359 80.861680 27.416667
478 12.851583 76.425601 30.000000
479 13.271458 78.890089 30.000000
480 13.691334 81.354578 30.000000
481 13.264154 76.862515 19.333333
482 13.600055 78.834106 19.333333
483 13.935955 80.805697 19.333333
484 13.264154 76.862515 22.000000
485 13.600055 78.834106 22.000000
486 13.935955 80.805697 22.000000
487 13.264154 76.862515 24.666667
488 13.600055 78.834106 24.666667
489 13.935955 80.805697 24.666667
490 13.264154 76.862515 27.333333
491 13.600055 78.834106 27.333333
492 13.935955 80.805697 27.333333
493 13.180179 76.369617 30.000000
494 13.600055 78.834106 30.000000
495 14.019930 81.298595 30.000000
496 13.568133 76.810885 19.000000
497 13.928651 78.778123 19.000000
498 14.289169 80.745361 19.000000
499 13.568133 76.810885 21.750000
500 13.928651 78.778123 21.750000
501 14.289169 80.745361 21.750000
502 13.568133 76.810885 24.500000
503 13.928651 78.778123 24.500000
504 14.289169 80.745361 24.500000
505 13.568133 76.810885 27.250000
506 13.928651 78.778123 27.250000
507 14.289169 80.745361 27.250000
508 13.478003 76.319075 30.000000
509 13.928651 78.778123 30.000000
510 14.379299 81.237171 30.000000
511 14.210810 76.688911 18.666667
512 14.583616 78.653857 18.666667
513 14.956423 80.618804 18.666667
514 14.210810 76.688911 21.500000
515 14.583616 78.653857 21.500000
516 14.956423 80.618804 21.500000
517 14.210810 76.688911 24.333333
518 14.583616 78.653857 24.333333
519 14.956423 80.618804 24.333333
520 14.210810 76.688911 27.166667
521 14.583616 78.653857 27.166667
522 14.956423 80.618804 27.166667
523 14.117608 76.197674 30.000000
524 14.583616 78.653857 30.000000
525 15.049624 81.110041 30.000000
526 14.865775 76.564645 18.333333
527 15.238581 78.529592 18.333333
528 15.611388 80.494538 18.333333
529 14.865775 76.564645 21.250000
530 15.238581 78.529592 21.250000
531 15.611388 80.494538 21.250000
532 14.865775 76.564645 24.166667
533 15.238581 78.529592 24.166667
534 15.611388 80.494538 24.166667
535 14.865775 76.564645 27.083333
536 15.238581 78.529592 27.083333
537 15.611388 80.494538 27.083333
538 14.772573 76.073409 30.000000
539 15.238581 78.529592 30.000000
540 15.704590 80.985775 30.000000
541 15.508466 76.442748 18.000000
542 15.893546 78.405326 18.000000
543 16.278627 80.367904 18.000000
544 15.508466 76.442748 21.000000
545 15.893546 78.405326 21.000000
546 16.278627 80.367904 21.000000
547 15.508466 76.442748 24.000000
548 15.893546 78.405326 24.000000
549 16.278627 80.367904 24.000000
550 15.508466 76.442748 27.000000
551 15.893546 78.405326 27.000000
552 16.278627 80.367904 27.000000
553 15.412196 75.952103 30.000000
554 15.893546 78.405326 30.000000
555 16.374897 80.858549 30.000000
556 15.810231 76.379452 17.666667
557 16.219813 78.337063 17.666667
558 16.629395 80.294675 17.666667
559 15.810231 76.379452 20.750000
560 16.219813 78.337063 20.750000
561 16.629395 80.294675 20.750000
562 15.810231 76.379452 23.833333
563 16.219813 78.337063 23.833333
564 16.629395 80.294675 23.833333
565 15.810231 76.379452 26.916667
566 16.219813 78.337063 26.916667
567 16.629395 80.294675 26.916667
568 15.707836 75.890049 30.000000
569 16.219813 78.337063 30.000000
570 16.731790 80.784077 30.000000
571 16.136498 76.311188 17.333333
572 16.546079 78.268800 17.333333
573 16.955661 80.226411 17.333333
574 16.136498 76.311188 20.500000
575 16.546079 78.268800 20.500000
576 16.955661 80.226411 20.500000
577 16.136498 76.311188 23.666667
578 16.546079 78.268800 23.666667
579 16.955661 80.226411 23.666667
580 16.136498 76.311188 26.833333
581 16.546079 78.268800 26.833333
582 16.955661 80.226411 26.833333
583 16.034102 75.821785 30.000000
584 16.546079 78.268800 30.000000
585 17.058056 80.715814 30.000000
586 16.450537 76.245523 17.000000
587 16.872346 78.200537 17.000000
588 17.294154 80.155550 17.000000
589 16.450537 76.245523 20.250000
590 16.872346 78.200537 20.250000
591 17.294154 80.155550 20.250000
592 16.450537 76.245523 23.500000
593 16.872346 78.200537 23.500000
594 17.294154 80.155550 23.500000
595 16.450537 76.245523 26.750000
596 16.872346 78.200537 26.750000
597 17.294154 80.155550 26.750000
598 16.345085 75.756770 30.000000
599 16.872346 78.200537 30.000000
600 17.399607 80.644304 30.000000
601 16.763714 76.175862 16.666667
602 17.197734 78.128201 16.666667
603 17.631753 80.080540 16.666667
604 16.763714 76.175862 20.000000
605 17.197734 78.128201 20.000000
606 17.631753 80.080540 20.000000
607 16.763714 76.175862 23.333333
608 17.197734 78.128201 23.333333
609 17.631753 80.080540 23.333333
610 16.763714 76.175862 26.666667
611 17.197734 78.128201 26.666667
612 17.631753 80.080540 26.666667
613 16.655210 75.687777 30.000000
614 17.197734 78.128201 30.000000
615 17.740258 80.568624 30.000000
616 17.089102 76.103526 16.333333
617 17.523121 78.055865 16.333333
618 17.957140 80.008204 16.333333
619 17.089102 76.103526 19.750000
620 17.523121 78.055865 19.750000
621 17.957140 80.008204 19.750000
622 17.089102 76.103526 23.166667
623 17.523121 78.055865 23.166667
624 17.957140 80.008204 23.166667
625 17.089102 76.103526 26.583333
626 17.523121 78.055865 26.583333
627 17.957140 80.008204 26.583333
628 16.980597 75.615441 30.000000
629 17.523121 78.055865 30.000000
630 18.065645 80.496288 30.000000
631 17.377962 76.039670 16.000000
632 17.848509 77.983529 16.000000
633 18.319056 79.927387 16.000000
634 17.377962 76.039670 19.500000
635 17.848509 77.983529 19.500000
636 18.319056 79.927387 19.500000
637 17.377962 76.039670 23.000000
638 17.848509 77.983529 23.000000
639 18.319056 79.927387 23.000000
640 17.377962 76.039670 26.500000
641 17.848509 77.983529 26.500000
642 18.319056 79.927387 26.500000
643 17.260325 75.553706 30.000000
644 17.848509 77.983529 30.000000
645 18.436693 80.413352 30.000000
646 18.336205 75.801320 15.666667
647 18.818892 77.742199 15.666667
648 19.301579 79.683079 15.666667
649 18.336205 75.801320 19.250000
650 18.818892 77.742199 19.250000
651 19.301579 79.683079 19.250000
652 18.336205 75.801320 22.833333
653 18.818892 77.742199 22.833333
654 19.301579 79.683079 22.833333
655 18.336205 75.801320 26.416667
656 18.818892 77.742199 26.416667
657 19.301579 79.683079 26.416667
658 18.215533 75.316100 30.000000
659 18.818892 77.742199 30.000000
660 19.422251 80.168299 30.000000
661 19.306588 75.559990 15.333333
662 19.789275 77.500870 15.333333
663 20.271962 79.441749 15.333333
664 19.306588 75.559990 19.000000
665 19.789275 77.500870 19.000000
666 20.271962 79.441749 19.000000
667 19.306588 75.559990 22.666667
668 19.789275 77.500870 22.666667
669 20.271962 79.441749 22.666667
670 19.306588 75.559990 26.333333
671 19.789275 77.500870 26.333333
672 20.271962 79.441749 26.333333
673 19.185916 75.074771 30.000000
674 19.789275 77.500870 30.000000
675 20.392633 79.926969 30.000000
676 20.252748 75.324846 15.000000
677 20.759658 77.259541 15.000000
678 21.266567 79.194235 15.000000
679 20.252748 75.324846 18.750000
680 20.759658 77.259541 18.750000
681 21.266567 79.194235 18.750000
682 20.252748 75.324846 22.500000
683 20.759658 77.259541 22.500000
684 21.266567 79.194235 22.500000
685 20.252748 75.324846 26.250000
686 20.759658 77.259541 26.250000
687 21.266567 79.194235 26.250000
688 20.126021 74.841173 30.000000
689 20.759658 77.259541 30.000000
690 21.393295 79.677909 30.000000
691 20.858164 75.153664 14.666667
692 21.401258 77.078514 14.666667
693 21.944352 79.003364 14.666667
694 20.858164 75.153664 18.500000
695 21.401258 77.078514 18.500000
696 21.944352 79.003364 18.500000
697 20.858164 75.153664 22.333333
698 21.401258 77.078514 22.333333
699 21.944352 79.003364 22.333333
700 20.858164 75.153664 26.166667
701 21.401258 77.078514 26.166667
702 21.944352 79.003364 26.166667
703 20.722390 74.672451 30.000000
704 21.401258 77.078514 30.000000
705 22.080125 79.484577 30.000000
706 21.499764 74.972637 14.333333
707 22.042858 76.897487 14.333333
708 22.585952 78.822338 14.333333
709 21.499764 74.972637 18.250000
710 22.042858 76.897487 18.250000
711 22.585952 78.822338 18.250000
712 21.499764 74.972637 22.166667
713 22.042858 76.897487 22.166667
714 22.585952 78.822338 22.166667
715 21.499764 74.972637 26.083333
716 22.042858 76.897487 26.083333
717 22.585952 78.822338 26.083333
718 21.363991 74.491424 30.000000
719 22.042858 76.897487 30.000000
720 22.721725 79.303550 30.000000
721 22.105371 74.802131 14.000000
722 22.684458 76.716461 14.000000
723 23.263545 78.630791 14.000000
724 22.105371 74.802131 18.000000
725 22.684458 76.716461 18.000000
726 23.263545 78.630791 18.000000
727 22.105371 74.802131 22.000000
728 22.684458 76.716461 22.000000
729 23.263545 78.630791 22.000000
730 22.105371 74.802131 26.000000
731 22.684458 76.716461 26.000000
732 23.263545 78.630791 26.000000
733 21.960599 74.323549 30.000000
734 22.684458 76.716461 30.000000
735 23.408317 79.109373 30.000000
736 23.034902 74.508052 13.666667
737 23.637873 76.414993 13.666667
738 24.240843 78.321935 13.666667
739 23.034902 74.508052 17.750000
740 23.637873 76.414993 17.750000
741 24.240843 78.321935 17.750000
742 23.034902 74.508052 21.833333
743 23.637873 76.414993 21.833333
744 24.240843 78.321935 21.833333
745 23.034902 74.508052 25.916667
746 23.637873 76.414993 25.916667
747 24.240843 78.321935 25.916667
748 22.884160 74.031316 30.000000
749 23.637873 76.414993 30.000000
750 24.391586 78.798670 30.000000
751 23.988317 74.206584 13.333333
752 24.591288 76.113526 13.333333
753 25.194258 78.020467 13.333333
754 23.988317 74.206584 17.500000
755 24.591288 76.113526 17.500000
756 25.194258 78.020467 17.500000
757 23.988317 74.206584 21.666667
758 24.591288 76.113526 21.666667
759 25.194258 78.020467 21.666667
760 23.988317 74.206584 25.833333
761 24.591288 76.113526 25.833333
762 25.194258 78.020467 25.833333
763 23.837575 73.729849 30.000000
764 24.591288 76.113526 30.000000
765 25.345001 78.497203 30.000000
766 24.917943 73.912802 13.000000
767 25.544703 75.812058 13.000000
768 26.171462 77.711314 13.000000
769 24.917943 73.912802 17.250000
770 25.544703 75.812058 17.250000
771 26.171462 77.711314 17.250000
772 24.917943 73.912802 21.500000
773 25.544703 75.812058 21.500000
774 26.171462 77.711314 21.500000
775 24.917943 73.912802 25.750000
776 25.544703 75.812058 25.750000
777 26.171462 77.711314 25.750000
778 24.761253 73.437988 30.000000
779 25.544703 75.812058 30.000000
780 26.328152 78.186128 30.000000
781 25.511485 73.704140 12.666667
782 26.173743 75.591311 12.666667
783 26.836002 77.478482 12.666667
784 25.511485 73.704140 17.000000
785 26.173743 75.591311 17.000000
786 26.836002 77.478482 17.000000
787 25.511485 73.704140 21.333333
788 26.173743 75.591311 21.333333
789 26.836002 77.478482 21.333333
790 25.511485 73.704140 25.666667
791 26.173743 75.591311 25.666667
792 26.836002 77.478482 25.666667
793 25.345921 73.232347 30.000000
794 26.173743 75.591311 30.000000
795 27.001566 77.950275 30.000000
796 26.140526 73.483393 12.333333
797 26.802784 75.370564 12.333333
798 27.465042 77.257735 12.333333
799 26.140526 73.483393 16.750000
800 26.802784 75.370564 16.750000
801 27.465042 77.257735 16.750000
802 26.140526 73.483393 21.166667
803 26.802784 75.370564 21.166667
804 27.465042 77.257735 21.166667
805 26.140526 73.483393 25.583333
806 26.802784 75.370564 25.583333
807 27.465042 77.257735 25.583333
808 25.974961 73.011600 30.000000
809 26.802784 75.370564 30.000000
810 27.630607 77.729528 30.000000
811 26.734300 73.275394 12.000000
812 27.431825 75.149817 12.000000
813 28.129349 77.024240 12.000000
814 26.734300 73.275394 16.500000
815 27.431825 75.149817 16.500000
816 28.129349 77.024240 16.500000
817 26.734300 73.275394 21.000000
818 27.431825 75.149817 21.000000
819 28.129349 77.024240 21.000000
820 26.734300 73.275394 25.500000
821 27.431825 75.149817 25.500000
822 28.129349 77.024240 25.500000
823 26.559919 72.806789 30.000000
824 27.431825 75.149817 30.000000
825 28.303730 77.492845 30.000000
826 27.643649 72.923831 11.666667
827 28.364549 74.789388 11.666667
828 29.085448 76.654946 11.666667
829 27.643649 72.923831 16.250000
830 28.364549 74.789388 16.250000
831 29.085448 76.654946 16.250000
832 27.643649 72.923831 20.833333
833 28.364549 74.789388 20.833333
834 29.085448 76.654946 20.833333
835 27.643649 72.923831 25.416667
836 28.364549 74.789388 25.416667
837 29.085448 76.654946 25.416667
838 27.463424 72.457442 30.000000
839 28.364549 74.789388 30.000000
840 29.265673 77.121335 30.000000
841 28.576373 72.563403 11.333333
842 29.297273 74.428960 11.333333
843 30.018172 76.294517 11.333333
844 28.576373 72.563403 16.000000
845 29.297273 74.428960 16.000000
846 30.018172 76.294517 16.000000
847 28.576373 72.563403 20.666667
848 29.297273 74.428960 20.666667
849 30.018172 76.294517 20.666667
850 28.576373 72.563403 25.333333
851 29.297273 74.428960 25.333333
852 30.018172 76.294517 25.333333
853 28.396148 72.097013 30.000000
854 29.297273 74.428960 30.000000
855 30.198397 76.760906 30.000000
856 29.485835 72.212131 11.000000
857 30.229997 74.068531 11.000000
858 30.974159 75.924932 11.000000
859 29.485835 72.212131 15.750000
860 30.229997 74.068531 15.750000
861 30.974159 75.924932 15.750000
862 29.485835 72.212131 20.500000
863 30.229997 74.068531 20.500000
864 30.974159 75.924932 20.500000
865 29.485835 72.212131 25.250000
866 30.229997 74.068531 25.250000
867 30.974159 75.924932 25.250000
868 29.299794 71.748031 30.000000
869 30.229997 74.068531 30.000000
870 31.160199 76.389032 30.000000
871 30.065185 71.966804 10.666667
872 30.844021 73.808926 10.666667
873 31.622858 75.651048 10.666667
874 30.065185 71.966804 15.500000
875 30.844021 73.808926 15.500000
876 31.622858 75.651048 15.500000
877 30.065185 71.966804 20.333333
878 30.844021 73.808926 20.333333
879 31.622858 75.651048 20.333333
880 30.065185 71.966804 25.166667
881 30.844021 73.808926 25.166667
882 31.622858 75.651048 25.166667
883 29.870475 71.506273 30.000000
884 30.844021 73.808926 30.000000
885 31.817567 76.111578 30.000000
886 30.679209 71.707198 10.333333
887 31.458046 73.549320 10.333333
888 32.236883 75.391442 10.333333
889 30.679209 71.707198 15.250000
890 31.458046 73.549320 15.250000
891 32.236883 75.391442 15.250000
892 30.679209 71.707198 20.166667
893 31.458046 73.549320 20.166667
894 32.236883 75.391442 20.166667
895 30.679209 71.707198 25.083333
896 31.458046 73.549320 25.083333
897 32.236883 75.391442 25.083333
898 30.484500 71.246668 30.000000
899 31.458046 73.549320 30.000000
900 32.431592 75.851973 30.000000
901 31.281736 71.452496 10.000000
902 32.072071 73.289715 10.000000
903 32.862405 75.126933 10.000000
904 31.281736 71.452496 15.000000
905 32.072071 73.289715 15.000000
906 32.862405 75.126933 15.000000
907 31.281736 71.452496 20.000000
908 32.072071 73.289715 20.000000
909 32.862405 75.126933 20.000000
910 31.281736 71.452496 25.000000
911 32.072071 73.289715 25.000000
912 32.862405 75.126933 25.000000
913 31.084152 70.993192 30.000000
914 32.072071 73.289715 30.000000
915 33.059989 75.586238 30.000000
916 31.563364 71.326980 9.666667
917 32.376601 73.154176 9.666667
918 33.189839 74.981372 9.666667
919 31.563364 71.326980 14.750000
920 32.376601 73.154176 14.750000
921 33.189839 74.981372 14.750000
922 31.563364 71.326980 19.833333
923 32.376601 73.154176 19.833333
924 33.189839 74.981372 19.833333
925 31.563364 71.326980 24.916667
926 32.376601 73.154176 24.916667
927 33.189839 74.981372 24.916667
928 31.360054 70.870181 30.000000
929 32.376601 73.154176 30.000000
930 33.393148 75.438171 30.000000
931 31.867894 71.191441 9.333333
932 32.681132 73.018637 9.333333
933 33.494369 74.845833 9.333333
934 31.867894 71.191441 14.500000
935 32.681132 73.018637 14.500000
936 33.494369 74.845833 14.500000
937 31.867894 71.191441 19.666667
938 32.681132 73.018637 19.666667
939 33.494369 74.845833 19.666667
940 31.867894 71.191441 24.833333
941 32.681132 73.018637 24.833333
942 33.494369 74.845833 24.833333
943 31.664585 70.734643 30.000000
944 32.681132 73.018637 30.000000
945 33.697679 75.302632 30.000000
946 32.161021 71.061021 9.000000
947 32.985663 72.883099 9.000000
948 33.810304 74.705176 9.000000
949 32.161021 71.061021 14.250000
950 32.985663 72.883099 14.250000
951 33.810304 74.705176 14.250000
952 32.161021 71.061021 19.500000
953 32.985663 72.883099 19.500000
954 33.810304 74.705176 19.500000
955 32.161021 71.061021 24.750000
956 32.985663 72.883099 24.750000
957 33.810304 74.705176 24.750000
958 31.954861 70.605502 30.000000
959 32.985663 72.883099 30.000000
960 34.016464 75.160695 30.000000
961 32.452462 70.926876 8.666667
962 33.288475 72.743764 8.666667
963 34.124489 74.560652 8.666667
964 32.452462 70.926876 14.000000
965 33.288475 72.743764 14.000000
966 34.124489 74.560652 14.000000
967 32.452462 70.926876 19.333333
968 33.288475 72.743764 19.333333
969 34.124489 74.560652 19.333333
970 32.452462 70.926876 24.666667
971 33.288475 72.743764 24.666667
972 34.124489 74.560652 24.666667
973 32.243459 70.472654 30.000000
974 33.288475 72.743764 30.000000
975 34.333492 75.014874 30.000000
976 32.755275 70.787541 8.333333
977 33.591288 72.604429 8.333333
978 34.427301 74.421317 8.333333
979 32.755275 70.787541 13.750000
980 33.591288 72.604429 13.750000
981 34.427301 74.421317 13.750000
982 32.755275 70.787541 19.166667
983 33.591288 72.604429 19.166667
984 34.427301 74.421317 19.166667
985 32.755275 70.787541 24.583333
986 33.591288 72.604429 24.583333
987 34.427301 74.421317 24.583333
988 32.546271 70.333319 30.000000
989 33.591288 72.604429 30.000000
990 34.636305 74.875539 30.000000
991 33.035442 70.658799 8.000000
992 33.894101 72.465095 8.000000
993 34.752759 74.271391 8.000000
994 33.035442 70.658799 13.500000
995 33.894101 72.465095 13.500000
996 34.752759 74.271391 13.500000
997 33.035442 70.658799 19.000000
998 33.894101 72.465095 19.000000
999 34.752759 74.271391 19.000000
1000 33.035442 70.658799 24.500000
1001 33.894101 72.465095 24.500000
1002 34.752759 74.271391 24.500000
1003 32.820777 70.207225 30.000000
1004 33.894101 72.465095 30.000000
1005 34.967424 74.722965 30.000000
1006 33.624452 70.374231 7.666667
1007 34.494383 72.175125 7.666667
1008 35.364314 73.976019 7.666667
1009 33.624452 70.374231 13.250000
1010 34.494383 72.175125 13.250000
1011 35.364314 73.976019 13.250000
1012 33.624452 70.374231 18.833333
1013 34.494383 72.175125 18.833333
1014 35.364314 73.976019 18.833333
1015 33.624452 70.374231 24.416667
1016 34.494383 72.175125 24.416667
1017 35.364314 73.976019 24.416667
1018 33.406969 69.924007 30.000000
1019 34.494383 72.175125 30.000000
1020 35.581797 74.426243 30.000000
1021 34.224734 70.084262 7.333333
1022 35.094665 71.885156 7.333333
1023 35.964597 73.686050 7.333333
1024 34.224734 70.084262 13.000000
1025 35.094665 71.885156 13.000000
1026 35.964597 73.686050 13.000000
1027 34.224734 70.084262 18.666667
1028 35.094665 71.885156 18.666667
1029 35.964597 73.686050 18.666667
1030 34.224734 70.084262 24.333333
1031 35.094665 71.885156 24.333333
1032 35.964597 73.686050 24.333333
1033 34.007252 69.634038 30.000000
1034 35.094665 71.885156 30.000000
1035 36.182079 74.136273 30.000000
1036 34.780271 69.816601 7.000000
1037 35.694948 71.595186 7.000000
1038 36.609625 73.373772 7.000000
1039 34.780271 69.816601 12.750000
1040 35.694948 71.595186 12.750000
1041 36.609625 73.373772 12.750000
1042 34.780271 69.816601 18.500000
1043 35.694948 71.595186 18.500000
1044 36.609625 73.373772 18.500000
1045 34.780271 69.816601 24.250000
1046 35.694948 71.595186 24.250000
1047 36.609625 73.373772 24.250000
1048 34.551602 69.371954 30.000000
1049 35.694948 71.595186 30.000000
1050 36.838294 73.818418 30.000000
1051 35.935997 69.203680 6.666667
1052 36.872834 70.970693 6.666667
1053 37.809671 72.737707 6.666667
1054 35.935997 69.203680 12.500000
1055 36.872834 70.970693 12.500000
1056 37.809671 72.737707 12.500000
1057 35.935997 69.203680 18.333333
1058 36.872834 70.970693 18.333333
1059 37.809671 72.737707 18.333333
1060 35.935997 69.203680 24.166667
1061 36.872834 70.970693 24.166667
1062 37.809671 72.737707 24.166667
1063 35.701788 68.761927 30.000000
1064 36.872834 70.970693 30.000000
1065 38.043881 73.179460 30.000000
1066 37.113883 68.579187 6.333333
1067 38.050720 70.346200 6.333333
1068 38.987557 72.113213 6.333333
1069 37.113883 68.579187 12.250000
1070 38.050720 70.346200 12.250000
1071 38.987557 72.113213 12.250000
1072 37.113883 68.579187 18.166667
1073 38.050720 70.346200 18.166667
1074 38.987557 72.113213 18.166667
1075 37.113883 68.579187 24.083333
1076 38.050720 70.346200 24.083333
1077 38.987557 72.113213 24.083333
1078 36.879674 68.137433 30.000000
1079 38.050720 70.346200 30.000000
1080 39.221767 72.554967 30.000000
1081 38.247891 67.978664 6.000000
1082 39.228606 69.721707 6.000000
1083 40.209322 71.464750 6.000000
1084 38.247891 67.978664 12.000000
1085 39.228606 69.721707 12.000000
1086 40.209322 71.464750 12.000000
1087 38.247891 67.978664 18.000000
1088 39.228606 69.721707 18.000000
1089 40.209322 71.464750 18.000000
1090 38.247891 67.978664 24.000000
1091 39.228606 69.721707 24.000000
1092 40.209322 71.464750 24.000000
1093 38.002712 67.542904 30.000000
1094 39.228606 69.721707 30.000000
1095 40.454500 71.900510 30.000000
1096 39.349829 67.321142 5.666667
1097 40.373809 69.039125 5.666667
1098 41.397789 70.757107 5.666667
1099 39.349829 67.321142 11.750000
1100 40.373809 69.039125 11.750000
1101 41.397789 70.757107 11.750000
1102 39.349829 67.321142 17.833333
1103 40.373809 69.039125 17.833333
1104 41.397789 70.757107 17.833333
1105 39.349829 67.321142 23.916667
1106 40.373809 69.039125 23.916667
1107 41.397789 70.757107 23.916667
1108 39.093834 66.891646 30.000000
1109 40.373809 69.039125 30.000000
1110 41.653784 71.186603 30.000000
1111 40.495031 66.638560 5.333333
1112 41.519011 68.356542 5.333333
1113 42.542992 70.074525 5.333333
1114 40.495031 66.638560 11.500000
1115 41.519011 68.356542 11.500000
1116 42.542992 70.074525 11.500000
1117 40.495031 66.638560 17.666667
1118 41.519011 68.356542 17.666667
1119 42.542992 70.074525 17.666667
1120 40.495031 66.638560 23.833333
1121 41.519011 68.356542 23.833333
1122 42.542992 70.074525 23.833333
1123 40.239036 66.209064 30.000000
1124 41.519011 68.356542 30.000000
1125 42.798987 70.504021 30.000000
1126 41.576544 65.995575 5.000000
1127 42.664214 67.673960 5.000000
1128 43.751883 69.352345 5.000000
1129 41.576544 65.995575 11.250000
1130 42.664214 67.673960 11.250000
1131 43.751883 69.352345 11.250000
1132 41.576544 65.995575 17.500000
1133 42.664214 67.673960 17.500000
1134 43.751883 69.352345 17.500000
1135 41.576544 65.995575 23.750000
1136 42.664214 67.673960 23.750000
1137 43.751883 69.352345 23.750000
1138 41.304627 65.575979 30.000000
1139 42.664214 67.673960 30.000000
1140 44.023801 69.771941 30.000000
1141 43.185213 64.894268 4.666667
1142 44.314498 66.544940 4.666667
1143 45.443783 68.195611 4.666667
1144 43.185213 64.894268 11.000000
1145 44.314498 66.544940 11.000000
1146 45.443783 68.195611 11.000000
1147 43.185213 64.894268 17.333333
1148 44.314498 66.544940 17.333333
1149 45.443783 68.195611 17.333333
1150 43.185213 64.894268 23.666667
1151 44.314498 66.544940 23.666667
1152 45.443783 68.195611 23.666667
1153 42.902892 64.481601 30.000000
1154 44.314498 66.544940 30.000000
1155 45.726104 68.608279 30.000000
1156 44.835498 63.765248 4.333333
1157 45.964783 65.415919 4.333333
1158 47.094068 67.066591 4.333333
1159 44.835498 63.765248 10.750000
1160 45.964783 65.415919 10.750000
1161 47.094068 67.066591 10.750000
1162 44.835498 63.765248 17.166667
1163 45.964783 65.415919 17.166667
1164 47.094068 67.066591 17.166667
1165 44.835498 63.765248 23.583333
1166 45.964783 65.415919 23.583333
1167 47.094068 67.066591 23.583333
1168 44.553176 63.352580 30.000000
1169 45.964783 65.415919 30.000000
1170 47.376389 67.479258 30.000000
1171 46.434758 62.672318 4.000000
1172 47.615067 64.286899 4.000000
1173 48.795376 65.901480 4.000000
1174 46.434758 62.672318 10.500000
1175 47.615067 64.286899 10.500000
1176 48.795376 65.901480 10.500000
1177 46.434758 62.672318 17.000000
1178 47.615067 64.286899 17.000000
1179 48.795376 65.901480 17.000000
1180 46.434758 62.672318 23.500000
1181 47.615067 64.286899 23.500000
1182 48.795376 65.901480 23.500000
1183 46.139681 62.268673 30.000000
1184 47.615067 64.286899 30.000000
1185 49.090453 66.305125 30.000000
1186 47.682505 61.684530 4.000000
1187 48.922516 63.253724 4.000000
1188 50.162528 64.822919 4.000000
1189 47.682505 61.684530 10.500000
1190 48.922516 63.253724 10.500000
1191 50.162528 64.822919 10.500000
1192 47.682505 61.684530 17.000000
1193 48.922516 63.253724 17.000000
1194 50.162528 64.822919 17.000000
1195 47.682505 61.684530 23.500000
1196 48.922516 63.253724 23.500000
1197 50.162528 64.822919 23.500000
1198 47.372502 61.292231 30.000000
1199 48.922516 63.253724 30.000000
1200 50.472531 65.215218 30.000000
1201 48.989954 60.651355 4.000000
1202 50.229966 62.220550 4.000000
1203 51.469977 63.789744 4.000000
1204 48.989954 60.651355 10.500000
1205 50.229966 62.220550 10.500000
1206 51.469977 63.789744 10.500000
1207 48.989954 60.651355 17.000000
1208 50.229966 62.220550 17.000000
1209 51.469977 63.789744 17.000000
1210 48.989954 60.651355 23.500000
1211 50.229966 62.220550 23.500000
1212 51.469977 63.789744 23.500000
1213 48.679951 60.259056 30.000000
1214 50.229966 62.220550 30.000000
1215 51.779980 64.182043 30.000000
1216 50.201814 59.698695 4.000000
1217 51.537415 61.187375 4.000000
1218 52.873016 62.676055 4.000000
1219 50.201814 59.698695 10.500000
1220 51.537415 61.187375 10.500000
1221 52.873016 62.676055 10.500000
1222 50.201814 59.698695 17.000000
1223 51.537415 61.187375 17.000000
1224 52.873016 62.676055 17.000000
1225 50.201814 59.698695 23.500000
1226 51.537415 61.187375 23.500000
1227 52.873016 62.676055 23.500000
1228 49.867914 59.326524 30.000000
1229 51.537415 61.187375 30.000000
1230 53.206916 63.048226 30.000000
1231 52.564755 57.440213 4.333333
1232 53.946218 58.886436 4.333333
1233 55.327680 60.332659 4.333333
1234 52.564755 57.440213 10.750000
1235 53.946218 58.886436 10.750000
1236 55.327680 60.332659 10.750000
1237 52.564755 57.440213 17.166667
1238 53.946218 58.886436 17.166667
1239 55.327680 60.332659 17.166667
1240 52.564755 57.440213 23.583333
1241 53.946218 58.886436 23.583333
1242 55.327680 60.332659 23.583333
1243 52.219389 57.078657 30.000000
1244 53.946218 58.886436 30.000000
1245 55.673046 60.694214 30.000000
1246 54.973557 55.139274 4.666667
1247 56.355020 56.585496 4.666667
1248 57.736483 58.031719 4.666667
1249 54.973557 55.139274 11.000000
1250 56.355020 56.585496 11.000000
1251 57.736483 58.031719 11.000000
1252 54.973557 55.139274 17.333333
1253 56.355020 56.585496 17.333333
1254 57.736483 58.031719 17.333333
1255 54.973557 55.139274 23.666667
1256 56.355020 56.585496 23.666667
1257 57.736483 58.031719 23.666667
1258 54.628192 54.777718 30.000000
1259 56.355020 56.585496 30.000000
1260 58.081848 58.393275 30.000000
1261 57.346640 52.873319 5.000000
1262 58.763823 54.284557 5.000000
1263 60.181005 55.695795 5.000000
1264 57.346640 52.873319 11.250000
1265 58.763823 54.284557 11.250000
1266 60.181005 55.695795 11.250000
1267 57.346640 52.873319 17.500000
1268 58.763823 54.284557 17.500000
1269 60.181005 55.695795 17.500000
1270 57.346640 52.873319 23.750000
1271 58.763823 54.284557 23.750000
1272 60.181005 55.695795 23.750000
1273 56.992344 52.520510 30.000000
1274 58.763823 54.284557 30.000000
1275 60.535301 56.048605 30.000000
1276 58.141148 51.962988 5.333333
1277 59.643708 53.282954 5.333333
1278 61.146269 54.602921 5.333333
1279 58.141148 51.962988 11.500000
1280 59.643708 53.282954 11.500000
1281 61.146269 54.602921 11.500000
1282 58.141148 51.962988 17.666667
1283 59.643708 53.282954 17.666667
1284 61.146269 54.602921 17.666667
1285 58.141148 51.962988 23.833333
1286 59.643708 53.282954 23.833333
1287 61.146269 54.602921 23.833333
1288 57.765507 51.632997 30.000000
1289 59.643708 53.282954 30.000000
1290 61.521909 54.932912 30.000000
1291 59.021034 50.961385 5.666667
1292 60.523594 52.281352 5.666667
1293 62.026155 53.601318 5.666667
1294 59.021034 50.961385 11.750000
1295 60.523594 52.281352 11.750000
1296 62.026155 53.601318 11.750000
1297 59.021034 50.961385 17.833333
1298 60.523594 52.281352 17.833333
1299 62.026155 53.601318 17.833333
1300 59.021034 50.961385 23.916667
1301 60.523594 52.281352 23.916667
1302 62.026155 53.601318 23.916667
1303 58.645393 50.631394 30.000000
1304 60.523594 52.281352 30.000000
1305 62.401795 53.931309 30.000000
1306 59.852489 50.017043 6.000000
1307 61.403480 51.279749 6.000000
1308 62.954472 52.542454 6.000000
1309 59.852489 50.017043 12.000000
1310 61.403480 51.279749 12.000000
1311 62.954472 52.542454 12.000000
1312 59.852489 50.017043 18.000000
1313 61.403480 51.279749 18.000000
1314 62.954472 52.542454 18.000000
1315 59.852489 50.017043 24.000000
1316 61.403480 51.279749 24.000000
1317 62.954472 52.542454 24.000000
1318 59.464741 49.701367 30.000000
1319 61.403480 51.279749 30.000000
1320 63.342220 52.858130 30.000000
1321 61.044662 48.474508 6.333333
1322 62.626734 49.698048 6.333333
1323 64.208805 50.921588 6.333333
1324 61.044662 48.474508 12.250000
1325 62.626734 49.698048 12.250000
1326 64.208805 50.921588 12.250000
1327 61.044662 48.474508 18.166667
1328 62.626734 49.698048 18.166667
1329 64.208805 50.921588 18.166667
1330 61.044662 48.474508 24.083333
1331 62.626734 49.698048 24.083333
1332 64.208805 50.921588 24.083333
1333 60.649144 48.168623 30.000000
1334 62.626734 49.698048 30.000000
1335 64.604323 51.227473 30.000000
1336 62.267916 46.892808 6.666667
1337 63.849987 48.116348 6.666667
1338 65.432058 49.339888 6.666667
1339 62.267916 46.892808 12.500000
1340 63.849987 48.116348 12.500000
1341 65.432058 49.339888 12.500000
1342 62.267916 46.892808 18.333333
1343 63.849987 48.116348 18.333333
1344 65.432058 49.339888 18.333333
1345 62.267916 46.892808 24.166667
1346 63.849987 48.116348 24.166667
1347 65.432058 49.339888 24.166667
1348 61.872398 46.586922 30.000000
1349 63.849987 48.116348 30.000000
1350 65.827576 49.645773 30.000000
1351 63.468507 45.340984 7.000000
1352 65.073240 46.534647 7.000000
1353 66.677974 47.728310 7.000000
1354 63.468507 45.340984 12.750000
1355 65.073240 46.534647 12.750000
1356 66.677974 47.728310 12.750000
1357 63.468507 45.340984 18.500000
1358 65.073240 46.534647 18.500000
1359 66.677974 47.728310 18.500000
1360 63.468507 45.340984 24.250000
1361 65.073240 46.534647 24.250000
1362 66.677974 47.728310 24.250000
1363 63.067324 45.042568 30.000000
1364 65.073240 46.534647 30.000000
1365 67.079157 48.026726 30.000000
1366 63.991181 44.577857 7.333333
1367 65.639537 45.710517 7.333333
1368 67.287894 46.843177 7.333333
1369 63.991181 44.577857 13.000000
1370 65.639537 45.710517 13.000000
1371 67.287894 46.843177 13.000000
1372 63.991181 44.577857 18.666667
1373 65.639537 45.710517 18.666667
1374 67.287894 46.843177 18.666667
1375 63.991181 44.577857 24.333333
1376 65.639537 45.710517 24.333333
1377 67.287894 46.843177 24.333333
1378 63.579091 44.294692 30.000000
1379 65.639537 45.710517 30.000000
1380 67.699984 47.126342 30.000000
1381 64.557478 43.753726 7.666667
1382 66.205834 44.886387 7.666667
1383 67.854191 46.019047 7.666667
1384 64.557478 43.753726 13.250000
1385 66.205834 44.886387 13.250000
1386 67.854191 46.019047 13.250000
1387 64.557478 43.753726 18.833333
1388 66.205834 44.886387 18.833333
1389 67.854191 46.019047 18.833333
1390 64.557478 43.753726 24.416667
1391 66.205834 44.886387 24.416667
1392 67.854191 46.019047 24.416667
1393 64.145388 43.470561 30.000000
1394 66.205834 44.886387 30.000000
1395 68.266281 46.302212 30.000000
1396 65.095976 42.971155 8.000000
1397 66.772131 44.062257 8.000000
1398 68.448287 45.153359 8.000000
1399 65.095976 42.971155 13.500000
1400 66.772131 44.062257 13.500000
1401 68.448287 45.153359 13.500000
1402 65.095976 42.971155 19.000000
1403 66.772131 44.062257 19.000000
1404 68.448287 45.153359 19.000000
1405 65.095976 42.971155 24.500000
1406 66.772131 44.062257 24.500000
1407 68.448287 45.153359 24.500000
1408 64.676937 42.698379 30.000000
1409 66.772131 44.062257 30.000000
1410 68.867326 45.426134 30.000000
1411 65.782063 41.872012 8.333333
1412 67.478380 42.931496 8.333333
1413 69.174698 43.990980 8.333333
1414 65.782063 41.872012 13.750000
1415 67.478380 42.931496 13.750000
1416 69.174698 43.990980 13.750000
1417 65.782063 41.872012 19.166667
1418 67.478380 42.931496 19.166667
1419 69.174698 43.990980 19.166667
1420 65.782063 41.872012 24.583333
1421 67.478380 42.931496 24.583333
1422 69.174698 43.990980 24.583333
1423 65.357983 41.607141 30.000000
1424 67.478380 42.931496 30.000000
1425 69.598778 44.255851 30.000000
1426 66.488312 40.741251 8.666667
1427 68.184630 41.800735 8.666667
1428 69.880947 42.860219 8.666667
1429 66.488312 40.741251 14.000000
1430 68.184630 41.800735 14.000000
1431 69.880947 42.860219 14.000000
1432 66.488312 40.741251 19.333333
1433 68.184630 41.800735 19.333333
1434 69.880947 42.860219 19.333333
1435 66.488312 40.741251 24.666667
1436 68.184630 41.800735 24.666667
1437 69.880947 42.860219 24.666667
1438 66.064232 40.476380 30.000000
1439 68.184630 41.800735 30.000000
1440 70.305027 43.125090 30.000000
1441 67.174995 39.642481 9.000000
1442 68.890879 40.669975 9.000000
1443 70.606762 41.697468 9.000000
1444 67.174995 39.642481 14.250000
1445 68.890879 40.669975 14.250000
1446 70.606762 41.697468 14.250000
1447 67.174995 39.642481 19.500000
1448 68.890879 40.669975 19.500000
1449 70.606762 41.697468 19.500000
1450 67.174995 39.642481 24.750000
1451 68.890879 40.669975 24.750000
1452 70.606762 41.697468 24.750000
1453 66.746024 39.385608 30.000000
1454 68.890879 40.669975 30.000000
1455 71.035733 41.954342 30.000000
1456 67.641958 38.815230 9.333333
1457 69.382990 39.799510 9.333333
1458 71.124022 40.783790 9.333333
1459 67.641958 38.815230 14.500000
1460 69.382990 39.799510 14.500000
1461 71.124022 40.783790 14.500000
1462 67.641958 38.815230 19.666667
1463 69.382990 39.799510 19.666667
1464 71.124022 40.783790 19.666667
1465 67.641958 38.815230 24.833333
1466 69.382990 39.799510 24.833333
1467 71.124022 40.783790 24.833333
1468 67.206700 38.569160 30.000000
1469 69.382990 39.799510 30.000000
1470 71.559280 41.029860 30.000000
1471 68.134069 37.944765 9.666667
1472 69.875101 38.929045 9.666667
1473 71.616133 39.913324 9.666667
1474 68.134069 37.944765 14.750000
1475 69.875101 38.929045 14.750000
1476 71.616133 39.913324 14.750000
1477 68.134069 37.944765 19.833333
1478 69.875101 38.929045 19.833333
1479 71.616133 39.913324 19.833333
1480 68.134069 37.944765 24.916667
1481 69.875101 38.929045 24.916667
1482 71.616133 39.913324 24.916667
1483 67.698811 37.698695 30.000000
1484 69.875101 38.929045 30.000000
1485 72.051391 40.159394 30.000000
1486 68.596276 37.129178 10.000000
1487 70.367212 38.058579 10.000000
1488 72.138148 38.987980 10.000000
1489 68.596276 37.129178 15.000000
1490 70.367212 38.058579 15.000000
1491 72.138148 38.987980 15.000000
1492 68.596276 37.129178 20.000000
1493 70.367212 38.058579 20.000000
1494 72.138148 38.987980 20.000000
1495 68.596276 37.129178 25.000000
1496 70.367212 38.058579 25.000000
1497 72.138148 38.987980 25.000000
1498 68.153542 36.896828 30.000000
1499 70.367212 38.058579 30.000000
1500 72.580882 39.220331 30.000000
1501 69.325736 35.672746 10.333333
1502 71.113786 36.568780 10.333333
1503 72.901836 37.464815 10.333333
1504 69.325736 35.672746 15.250000
1505 71.113786 36.568780 15.250000
1506 72.901836 37.464815 15.250000
1507 69.325736 35.672746 20.166667
1508 71.113786 36.568780 20.166667
1509 72.901836 37.464815 20.166667
1510 69.325736 35.672746 25.083333
1511 71.113786 36.568780 25.083333
1512 72.901836 37.464815 25.083333
1513 68.878724 35.448737 30.000000
1514 71.113786 36.568780 30.000000
1515 73.348848 37.688824 30.000000
1516 70.072310 34.182947 10.666667
1517 71.860360 35.078981 10.666667
1518 73.648410 35.975016 10.666667
1519 70.072310 34.182947 15.500000
1520 71.860360 35.078981 15.500000
1521 73.648410 35.975016 15.500000
1522 70.072310 34.182947 20.333333
1523 71.860360 35.078981 20.333333
1524 73.648410 35.975016 20.333333
1525 70.072310 34.182947 25.166667
1526 71.860360 35.078981 25.166667
1527 73.648410 35.975016 25.166667
1528 69.625298 33.958938 30.000000
1529 71.860360 35.078981 30.000000
1530 74.095422 36.199025 30.000000
1531 70.813319 32.704341 11.000000
1532 72.606934 33.589182 11.000000
1533 74.400549 34.474024 11.000000
1534 70.813319 32.704341 15.750000
1535 72.606934 33.589182 15.750000
1536 74.400549 34.474024 15.750000
1537 70.813319 32.704341 20.500000
1538 72.606934 33.589182 20.500000
1539 74.400549 34.474024 20.500000
1540 70.813319 32.704341 25.250000
1541 72.606934 33.589182 25.250000
1542 74.400549 34.474024 25.250000
1543 70.364915 32.483130 30.000000
1544 72.606934 33.589182 30.000000
1545 74.848953 34.695235 30.000000
1546 70.924608 32.457418 11.333333
1547 72.744994 33.285787 11.333333
1548 74.565380 34.114155 11.333333
1549 70.924608 32.457418 16.000000
1550 72.744994 33.285787 16.000000
1551 74.565380 34.114155 16.000000
1552 70.924608 32.457418 20.666667
1553 72.744994 33.285787 20.666667
1554 74.565380 34.114155 20.666667
1555 70.924608 32.457418 25.333333
1556 72.744994 33.285787 25.333333
1557 74.565380 34.114155 25.333333
1558 70.469512 32.250326 30.000000
1559 72.744994 33.285787 30.000000
1560 75.020477 34.321247 30.000000
1561 71.062669 32.154023 11.666667
1562 72.883055 32.982391 11.666667
1563 74.703441 33.810759 11.666667
1564 71.062669 32.154023 16.250000
1565 72.883055 32.982391 16.250000
1566 74.703441 33.810759 16.250000
1567 71.062669 32.154023 20.833333
1568 72.883055 32.982391 20.833333
1569 74.703441 33.810759 20.833333
1570 71.062669 32.154023 25.416667
1571 72.883055 32.982391 25.416667
1572 74.703441 33.810759 25.416667
1573 70.607572 31.946930 30.000000
1574 72.883055 32.982391 30.000000
1575 75.158537 34.017851 30.000000
1576 71.190517 31.873446 12.000000
1577 73.021115 32.678995 12.000000
1578 74.851714 33.484545 12.000000
1579 71.190517 31.873446 16.500000
1580 73.021115 32.678995 16.500000
1581 74.851714 33.484545 16.500000
1582 71.190517 31.873446 21.000000
1583 73.021115 32.678995 21.000000
1584 74.851714 33.484545 21.000000
1585 71.190517 31.873446 25.500000
1586 73.021115 32.678995 25.500000
1587 74.851714 33.484545 25.500000
1588 70.732867 31.672058 30.000000
1589 73.021115 32.678995 30.000000
1590 75.309363 33.685932 30.000000
1591 71.450209 31.273053 12.333333
1592 73.285806 32.067145 12.333333
1593 75.121403 32.861238 12.333333
1594 71.450209 31.273053 16.750000
1595 73.285806 32.067145 16.750000
1596 75.121403 32.861238 16.750000
1597 71.450209 31.273053 21.166667
1598 73.285806 32.067145 21.166667
1599 75.121403 32.861238 21.166667
1600 71.450209 31.273053 25.583333
1601 73.285806 32.067145 25.583333
1602 75.121403 32.861238 25.583333
1603 70.991309 31.074530 30.000000
1604 73.285806 32.067145 30.000000
1605 75.580302 33.059761 30.000000
1606 71.714899 30.661203 12.666667
1607 73.550496 31.455296 12.666667
1608 75.386094 32.249388 12.666667
1609 71.714899 30.661203 17.000000
1610 73.550496 31.455296 17.000000
1611 75.386094 32.249388 17.000000
1612 71.714899 30.661203 21.333333
1613 73.550496 31.455296 21.333333
1614 75.386094 32.249388 21.333333
1615 71.714899 30.661203 25.666667
1616 73.550496 31.455296 25.666667
1617 75.386094 32.249388 25.666667
1618 71.256000 30.462680 30.000000
1619 73.550496 31.455296 30.000000
1620 75.844993 32.447911 30.000000
1621 71.969807 30.072360 13.000000
1622 73.815187 30.843446 13.000000
1623 75.660567 31.614532 13.000000
1624 71.969807 30.072360 17.250000
1625 73.815187 30.843446 17.250000
1626 75.660567 31.614532 17.250000
1627 71.969807 30.072360 21.500000
1628 73.815187 30.843446 21.500000
1629 75.660567 31.614532 21.500000
1630 71.969807 30.072360 25.750000
1631 73.815187 30.843446 25.750000
1632 75.660567 31.614532 25.750000
1633 71.508462 29.879588 30.000000
1634 73.815187 30.843446 30.000000
1635 76.121912 31.807304 30.000000
1636 72.209627 29.477211 13.333333
1637 74.064500 30.225171 13.333333
1638 75.919374 30.973130 13.333333
1639 72.209627 29.477211 17.500000
1640 74.064500 30.225171 17.500000
1641 75.919374 30.973130 17.500000
1642 72.209627 29.477211 21.666667
1643 74.064500 30.225171 21.666667
1644 75.919374 30.973130 21.666667
1645 72.209627 29.477211 25.833333
1646 74.064500 30.225171 25.833333
1647 75.919374 30.973130 25.833333
1648 71.745908 29.290222 30.000000
1649 74.064500 30.225171 30.000000
1650 76.383093 31.160120 30.000000
1651 72.458940 28.858936 13.666667
1652 74.313814 29.606896 13.666667
1653 76.168687 30.354855 13.666667
1654 72.458940 28.858936 17.750000
1655 74.313814 29.606896 17.750000
1656 76.168687 30.354855 17.750000
1657 72.458940 28.858936 21.833333
1658 74.313814 29.606896 21.833333
1659 76.168687 30.354855 21.833333
1660 72.458940 28.858936 25.916667
1661 74.313814 29.606896 25.916667
1662 76.168687 30.354855 25.916667
1663 71.995221 28.671946 30.000000
1664 74.313814 29.606896 30.000000
1665 76.632406 30.541845 30.000000
1666 72.703615 28.252269 14.000000
1667 74.563127 28.988620 14.000000
1668 76.422639 29.724972 14.000000
1669 72.703615 28.252269 18.000000
1670 74.563127 28.988620 18.000000
1671 76.422639 29.724972 18.000000
1672 72.703615 28.252269 22.000000
1673 74.563127 28.988620 22.000000
1674 76.422639 29.724972 22.000000
1675 72.703615 28.252269 26.000000
1676 74.563127 28.988620 26.000000
1677 76.422639 29.724972 26.000000
1678 72.238736 28.068181 30.000000
1679 74.563127 28.988620 30.000000
1680 76.887517 29.909060 30.000000
1681 72.813397 27.964143 14.333333
1682 74.681968 28.677194 14.333333
1683 76.550539 29.390245 14.333333
1684 72.813397 27.964143 18.250000
1685 74.681968 28.677194 18.250000
1686 76.550539 29.390245 18.250000
1687 72.813397 27.964143 22.166667
1688 74.681968 28.677194 22.166667
1689 76.550539 29.390245 22.166667
1690 72.813397 27.964143 26.083333
1691 74.681968 28.677194 26.083333
1692 76.550539 29.390245 26.083333
1693 72.346254 27.785880 30.000000
1694 74.681968 28.677194 30.000000
1695 77.017682 29.568508 30.000000
1696 72.932238 27.652716 14.666667
1697 74.800809 28.365767 14.666667
1698 76.669380 29.078818 14.666667
1699 72.932238 27.652716 18.500000
1700 74.800809 28.365767 18.500000
1701 76.669380 29.078818 18.500000
1702 72.932238 27.652716 22.333333
1703 74.800809 28.365767 22.333333
1704 76.669380 29.078818 22.333333
1705 72.932238 27.652716 26.166667
1706 74.800809 28.365767 26.166667
1707 76.669380 29.078818 26.166667
1708 72.465095 27.474454 30.000000
1709 74.800809 28.365767 30.000000
1710 77.136523 29.257081 30.000000
1711 73.042312 27.364702 15.000000
1712 74.919650 28.054341 15.000000
1713 76.796988 28.743980 15.000000
1714 73.042312 27.364702 18.750000
1715 74.919650 28.054341 18.750000
1716 76.796988 28.743980 18.750000
1717 73.042312 27.364702 22.500000
1718 74.919650 28.054341 22.500000
1719 76.796988 28.743980 22.500000
1720 73.042312 27.364702 26.250000
1721 74.919650 28.054341 26.250000
1722 76.796988 28.743980 26.250000
1723 72.572977 27.192292 30.000000
1724 74.919650 28.054341 30.000000
1725 77.266323 28.916389 30.000000
1726 73.263996 26.749261 15.333333
1727 75.145608 27.427153 15.333333
1728 77.027220 28.105045 15.333333
1729 73.263996 26.749261 19.000000
1730 75.145608 27.427153 19.000000
1731 77.027220 28.105045 19.000000
1732 73.263996 26.749261 22.666667
1733 75.145608 27.427153 22.666667
1734 77.027220 28.105045 22.666667
1735 73.263996 26.749261 26.333333
1736 75.145608 27.427153 26.333333
1737 77.027220 28.105045 26.333333
1738 72.793594 26.579788 30.000000
1739 75.145608 27.427153 30.000000
1740 77.497623 28.274518 30.000000
1741 73.489955 26.122074 15.666667
1742 75.371566 26.799966 15.666667
1743 77.253178 27.477858 15.666667
1744 73.489955 26.122074 19.250000
1745 75.371566 26.799966 19.250000
1746 77.253178 27.477858 19.250000
1747 73.489955 26.122074 22.833333
1748 75.371566 26.799966 22.833333
1749 77.253178 27.477858 22.833333
1750 73.489955 26.122074 26.416667
1751 75.371566 26.799966 26.416667
1752 77.253178 27.477858 26.416667
1753 73.019552 25.952601 30.000000
1754 75.371566 26.799966 30.000000
1755 77.723581 27.647331 30.000000
1756 73.711713 25.506659 16.000000
1757 75.597524 26.172778 16.000000
1758 77.483336 26.838897 16.000000
1759 73.711713 25.506659 19.500000
1760 75.597524 26.172778 19.500000
1761 77.483336 26.838897 19.500000
1762 73.711713 25.506659 23.000000
1763 75.597524 26.172778 23.000000
1764 77.483336 26.838897 23.000000
1765 73.711713 25.506659 26.500000
1766 75.597524 26.172778 26.500000
1767 77.483336 26.838897 26.500000
1768 73.240260 25.340130 30.000000
1769 75.597524 26.172778 30.000000
1770 77.954789 27.005427 30.000000
1771 73.810615 25.214620 16.333333
1772 75.704606 25.857115 16.333333
1773 77.598597 26.499610 16.333333
1774 73.810615 25.214620 19.750000
1775 75.704606 25.857115 19.750000
1776 77.598597 26.499610 19.750000
1777 73.810615 25.214620 23.166667
1778 75.704606 25.857115 23.166667
1779 77.598597 26.499610 23.166667
1780 73.810615 25.214620 26.583333
1781 75.704606 25.857115 26.583333
1782 77.598597 26.499610 26.583333
1783 73.337118 25.053997 30.000000
1784 75.704606 25.857115 30.000000
1785 78.072094 26.660233 30.000000
1786 73.917697 24.898957 16.666667
1787 75.811688 25.541452 16.666667
1788 77.705678 26.183947 16.666667
1789 73.917697 24.898957 20.000000
1790 75.811688 25.541452 20.000000
1791 77.705678 26.183947 20.000000
1792 73.917697 24.898957 23.333333
1793 75.811688 25.541452 23.333333
1794 77.705678 26.183947 23.333333
1795 73.917697 24.898957 26.666667
1796 75.811688 25.541452 26.666667
1797 77.705678 26.183947 26.666667
1798 73.444199 24.738334 30.000000
1799 75.811688 25.541452 30.000000
1800 78.179176 26.344570 30.000000
1801 74.020800 24.595144 17.000000
1802 75.918770 25.225789 17.000000
1803 77.816739 25.856434 17.000000
1804 74.020800 24.595144 20.250000
1805 75.918770 25.225789 20.250000
1806 77.816739 25.856434 20.250000
1807 74.020800 24.595144 23.500000
1808 75.918770 25.225789 23.500000
1809 77.816739 25.856434 23.500000
1810 74.020800 24.595144 26.750000
1811 75.918770 25.225789 26.750000
1812 77.816739 25.856434 26.750000
1813 73.546308 24.437483 30.000000
1814 75.918770 25.225789 30.000000
1815 78.291231 26.014095 30.000000
1816 74.120024 24.290042 17.000000
1817 76.021897 24.908812 17.000000
1818 77.923771 25.527582 17.000000
1819 74.120024 24.290042 20.250000
1820 76.021897 24.908812 20.250000
1821 77.923771 25.527582 20.250000
1822 74.120024 24.290042 23.500000
1823 76.021897 24.908812 23.500000
1824 77.923771 25.527582 23.500000
1825 74.120024 24.290042 26.750000
1826 76.021897 24.908812 26.750000
1827 77.923771 25.527582 26.750000
1828 73.644555 24.135349 30.000000
1829 76.021897 24.908812 30.000000
1830 78.399239 25.682275 30.000000
1831 74.223151 23.973065 17.000000
1832 76.125025 24.591835 17.000000
1833 78.026899 25.210605 17.000000
1834 74.223151 23.973065 20.250000
1835 76.125025 24.591835 20.250000
1836 78.026899 25.210605 20.250000
1837 74.223151 23.973065 23.500000
1838 76.125025 24.591835 23.500000
1839 78.026899 25.210605 23.500000
1840 74.223151 23.973065 26.750000
1841 76.125025 24.591835 26.750000
1842 78.026899 25.210605 26.750000
1843 73.747683 23.818373 30.000000
1844 76.125025 24.591835 30.000000
1845 78.502367 25.365298 30.000000
1846 74.322449 23.667987 17.000000
1847 76.228153 24.274858 17.000000
1848 78.133856 24.881730 17.000000
1849 74.322449 23.667987 20.250000
1850 76.228153 24.274858 20.250000
1851 78.133856 24.881730 20.250000
1852 74.322449 23.667987 23.500000
1853 76.228153 24.274858 23.500000
1854 78.133856 24.881730 23.500000
1855 74.322449 23.667987 26.750000
1856 76.228153 24.274858 26.750000
1857 78.133856 24.881730 26.750000
1858 73.846023 23.516269 30.000000
1859 76.228153 24.274858 30.000000
1860 78.610282 25.033448 30.000000
1861 74.417851 23.361668 17.333333
1862 76.327310 23.956617 17.333333
1863 78.236770 24.551566 17.333333
1864 74.417851 23.361668 20.500000
1865 76.327310 23.956617 20.500000
1866 78.236770 24.551566 20.500000
1867 74.417851 23.361668 23.666667
1868 76.327310 23.956617 23.666667
1869 78.236770 24.551566 23.666667
1870 74.417851 23.361668 26.833333
1871 76.327310 23.956617 26.833333
1872 78.236770 24.551566 26.833333
1873 73.940486 23.212931 30.000000
1874 76.327310 23.956617 30.000000
1875 78.714135 24.700303 30.000000
1876 74.517008 23.043427 17.666667
1877 76.426468 23.638376 17.666667
1878 78.335927 24.233325 17.666667
1879 74.517008 23.043427 20.750000
1880 76.426468 23.638376 20.750000
1881 78.335927 24.233325 20.750000
1882 74.517008 23.043427 23.833333
1883 76.426468 23.638376 23.833333
1884 78.335927 24.233325 23.833333
1885 74.517008 23.043427 26.916667
1886 76.426468 23.638376 26.916667
1887 78.335927 24.233325 26.916667
1888 74.039643 22.894690 30.000000
1889 76.426468 23.638376 30.000000
1890 78.813292 24.382062 30.000000
1891 74.612485 22.737131 18.000000
1892 76.525625 23.320135 18.000000
1893 78.438766 23.903138 18.000000
1894 74.612485 22.737131 21.000000
1895 76.525625 23.320135 21.000000
1896 78.438766 23.903138 21.000000
1897 74.612485 22.737131 24.000000
1898 76.525625 23.320135 24.000000
1899 78.438766 23.903138 24.000000
1900 74.612485 22.737131 27.000000
1901 76.525625 23.320135 27.000000
1902 78.438766 23.903138 27.000000
1903 74.134199 22.591381 30.000000
1904 76.525625 23.320135 30.000000
1905 78.917051 24.048889 30.000000
1906 74.704050 22.429644 18.333333
1907 76.620797 23.000679 18.333333
1908 78.537544 23.571714 18.333333
1909 74.704050 22.429644 21.250000
1910 76.620797 23.000679 21.250000
1911 78.537544 23.571714 21.250000
1912 74.704050 22.429644 24.166667
1913 76.620797 23.000679 24.166667
1914 78.537544 23.571714 24.166667
1915 74.704050 22.429644 27.083333
1916 76.620797 23.000679 27.083333
1917 78.537544 23.571714 27.083333
1918 74.224863 22.286885 30.000000
1919 76.620797 23.000679 30.000000
1920 79.016731 23.714473 30.000000
1921 74.799222 22.110188 18.666667
1922 76.715969 22.681223 18.666667
1923 78.632716 23.252258 18.666667
1924 74.799222 22.110188 21.500000
1925 76.715969 22.681223 21.500000
1926 78.632716 23.252258 21.500000
1927 74.799222 22.110188 24.333333
1928 76.715969 22.681223 24.333333
1929 78.632716 23.252258 24.333333
1930 74.799222 22.110188 27.166667
1931 76.715969 22.681223 27.166667
1932 78.632716 23.252258 27.166667
1933 74.320035 21.967430 30.000000
1934 76.715969 22.681223 30.000000
1935 79.111903 23.395017 30.000000
1936 74.890862 21.802723 19.000000
1937 76.811141 22.361768 19.000000
1938 78.731419 22.920812 19.000000
1939 74.890862 21.802723 21.750000
1940 76.811141 22.361768 21.750000
1941 78.731419 22.920812 21.750000
1942 74.890862 21.802723 24.500000
1943 76.811141 22.361768 24.500000
1944 78.731419 22.920812 24.500000
1945 74.890862 21.802723 27.250000
1946 76.811141 22.361768 27.250000
1947 78.731419 22.920812 27.250000
1948 74.410793 21.662962 30.000000
1949 76.811141 22.361768 30.000000
1950 79.211489 23.060573 30.000000
1951 74.978577 21.494116 19.000000
1952 76.902312 22.041147 19.000000
1953 78.826047 22.588179 19.000000
1954 74.978577 21.494116 21.750000
1955 76.902312 22.041147 21.750000
1956 78.826047 22.588179 21.750000
1957 74.978577 21.494116 24.500000
1958 76.902312 22.041147 24.500000
1959 78.826047 22.588179 24.500000
1960 74.978577 21.494116 27.250000
1961 76.902312 22.041147 27.250000
1962 78.826047 22.588179 27.250000
1963 74.497643 21.357358 30.000000
1964 76.902312 22.041147 30.000000
1965 79.306981 22.724937 30.000000
1966 75.069748 21.173495 19.000000
1967 76.993483 21.720527 19.000000
1968 78.917219 22.267558 19.000000
1969 75.069748 21.173495 21.750000
1970 76.993483 21.720527 21.750000
1971 78.917219 22.267558 21.750000
1972 75.069748 21.173495 24.500000
1973 76.993483 21.720527 24.500000
1974 78.917219 22.267558 24.500000
1975 75.069748 21.173495 27.250000
1976 76.993483 21.720527 27.250000
1977 78.917219 22.267558 27.250000
1978 74.588815 21.036737 30.000000
1979 76.993483 21.720527 30.000000
1980 79.398152 22.404316 30.000000
1981 75.120475 21.023080 19.000000
1982 77.084655 21.399906 19.000000
1983 79.048834 21.776733 19.000000
1984 75.120475 21.023080 21.750000
1985 77.084655 21.399906 21.750000
1986 79.048834 21.776733 21.750000
1987 75.120475 21.023080 24.500000
1988 77.084655 21.399906 24.500000
1989 79.048834 21.776733 24.500000
1990 75.120475 21.023080 27.250000
1991 77.084655 21.399906 27.250000
1992 79.048834 21.776733 27.250000
1993 74.629430 20.928873 30.000000
1994 77.084655 21.399906 30.000000
1995 79.539879 21.870940 30.000000
1996 75.967675 16.452724 20.666667
1997 77.934171 16.817268 20.666667
1998 79.900667 17.181811 20.666667
1999 75.967675 16.452724 23.000000
2000 77.934171 16.817268 23.000000
2001 79.900667 17.181811 23.000000
2002 75.967675 16.452724 25.333333
2003 77.934171 16.817268 25.333333
2004 79.900667 17.181811 25.333333
2005 75.967675 16.452724 27.666667
2006 77.934171 16.817268 27.666667
2007 79.900667 17.181811 27.666667
2008 75.476050 16.361588 30.000000
2009 77.934171 16.817268 30.000000
2010 80.392291 17.272947 30.000000
2011 76.817191 11.870085 22.333333
2012 78.783687 12.234629 22.333333
2013 80.750183 12.599172 22.333333
2014 76.817191 11.870085 24.250000
2015 78.783687 12.234629 24.250000
2016 80.750183 12.599172 24.250000
2017 76.817191 11.870085 26.166667
2018 78.783687 12.234629 26.166667
2019 80.750183 12.599172 26.166667
2020 76.796706 11.866288 28.083333
2021 78.783687 12.234629 28.083333
2022 80.770668 12.602969 28.083333
2023 76.325567 11.778950 30.000000
2024 78.783687 12.234629 30.000000
2025 81.241808 12.690308 30.000000
2026 77.662304 7.312056 24.000000
2027 79.633203 7.651990 24.000000
2028 81.604103 7.991924 24.000000
2029 77.662304 7.312056 25.500000
2030 79.633203 7.651990 25.500000
2031 81.604103 7.991924 25.500000
2032 77.662304 7.312056 27.000000
2033 79.633203 7.651990 27.000000
2034 81.604103 7.991924 27.000000
2035 77.539123 7.290810 28.500000
2036 79.633203 7.651990 28.500000
2037 81.727284 8.013170 28.500000
2038 77.169579 7.227072 30.000000
2039 79.633203 7.651990 30.000000
2040 82.096828 8.076908 30.000000
2041 77.695603 6.821252 24.333333
2042 79.688668 6.987652 24.333333
2043 81.681734 7.154052 24.333333
2044 77.695603 6.821252 25.750000
2045 79.688668 6.987652 25.750000
2046 81.681734 7.154052 25.750000
2047 77.695603 6.821252 27.166667
2048 79.688668 6.987652 27.166667
2049 81.681734 7.154052 27.166667
2050 77.550275 6.809119 28.583333
2051 79.688668 6.987652 28.583333
2052 81.827062 7.166185 28.583333
2053 77.197336 6.779652 30.000000
2054 79.688668 6.987652 30.000000
2055 82.180001 7.195652 30.000000
2056 77.751068 6.156914 24.666667
2057 79.744134 6.323314 24.666667
2058 81.737199 6.489714 24.666667
2059 77.751068 6.156914 26.000000
2060 79.744134 6.323314 26.000000
2061 81.737199 6.489714 26.000000
2062 77.751068 6.156914 27.333333
2063 79.744134 6.323314 27.333333
2064 81.737199 6.489714 27.333333
2065 77.584979 6.143047 28.666667
2066 79.744134 6.323314 28.666667
2067 81.903288 6.503581 28.666667
2068 77.252802 6.115314 30.000000
2069 79.744134 6.323314 30.000000
2070 82.235466 6.531314 30.000000
2071 77.805532 5.505036 25.000000
2072 79.799599 5.658976 25.000000
2073 81.793666 5.812916 25.000000
2074 77.805532 5.505036 26.250000
2075 79.799599 5.658976 26.250000
2076 81.793666 5.812916 26.250000
2077 77.805532 5.505036 27.500000
2078 79.799599 5.658976 27.500000
2079 81.793666 5.812916 27.500000
2080 77.618588 5.490604 28.750000
2081 79.799599 5.658976 28.750000
2082 81.980609 5.827348 28.750000
2083 77.307015 5.466551 30.000000
2084 79.799599 5.658976 30.000000
2085 82.292182 5.851401 30.000000
2086 77.825264 5.197336 25.333333
2087 79.821099 5.326339 25.333333
2088 81.816935 5.455342 25.333333
2089 77.825264 5.197336 26.500000
2090 79.821099 5.326339 26.500000
2091 81.816935 5.455342 26.500000
2092 77.825264 5.197336 27.666667
2093 79.821099 5.326339 27.666667
2094 81.816935 5.455342 27.666667
2095 77.617365 5.183898 28.833333
2096 79.821099 5.326339 28.833333
2097 82.024834 5.468780 28.833333
2098 77.326305 5.165085 30.000000
2099 79.821099 5.326339 30.000000
2100 82.315893 5.487593 30.000000
2101 77.846764 4.864699 25.666667
2102 79.842600 4.993702 25.666667
2103 81.838435 5.122705 25.666667
2104 77.846764 4.864699 26.750000
2105 79.842600 4.993702 26.750000
2106 81.838435 5.122705 26.750000
2107 77.846764 4.864699 27.833333
2108 79.842600 4.993702 27.833333
2109 81.838435 5.122705 27.833333
2110 77.618075 4.849917 28.916667
2111 79.842600 4.993702 28.916667
2112 82.067124 5.137487 28.916667
2113 77.347806 4.832448 30.000000
2114 79.842600 4.993702 30.000000
2115 82.337394 5.154956 30.000000
2116 77.866808 4.557019 26.000000
2117 79.864100 4.661065 26.000000
2118 81.861392 4.765111 26.000000
2119 77.866808 4.557019 27.000000
2120 79.864100 4.661065 27.000000
2121 81.861392 4.765111 27.000000
2122 77.866808 4.557019 28.000000
2123 79.864100 4.661065 28.000000
2124 81.861392 4.765111 28.000000
2125 77.617147 4.544014 29.000000
2126 79.864100 4.661065 29.000000
2127 82.111053 4.778116 29.000000
2128 77.367485 4.531008 30.000000
2129 79.864100 4.661065 30.000000
2130 82.360715 4.791122 30.000000
2131 77.896716 3.903554 26.333333
2132 79.894619 3.995115 26.333333
2133 81.892523 4.086675 26.333333
2134 77.896716 3.903554 27.250000
2135 79.894619 3.995115 27.250000
2136 81.892523 4.086675 27.250000
2137 77.855093 3.901647 28.166667
2138 79.894619 3.995115 28.166667
2139 81.934145 4.088583 28.166667
2140 77.626167 3.891155 29.083333
2141 79.894619 3.995115 29.083333
2142 82.163072 4.099074 29.083333
2143 77.397241 3.880664 30.000000
2144 79.894619 3.995115 30.000000
2145 82.391998 4.109565 30.000000
2146 77.927236 3.237604 26.666667
2147 79.925139 3.329164 26.666667
2148 81.923042 3.420725 26.666667
2149 77.927236 3.237604 27.500000
2150 79.925139 3.329164 27.500000
2151 81.923042 3.420725 27.500000
2152 77.843990 3.233789 28.333333
2153 79.925139 3.329164 28.333333
2154 82.006288 3.424540 28.333333
2155 77.635875 3.224251 29.166667
2156 79.925139 3.329164 29.166667
2157 82.214403 3.434078 29.166667
2158 77.427760 3.214714 30.000000
2159 79.925139 3.329164 30.000000
2160 82.422518 3.443615 30.000000
2161 77.956390 2.609128 27.000000
2162 79.955658 2.663214 27.000000
2163 81.954927 2.717300 27.000000
2164 77.956390 2.609128 27.750000
2165 79.955658 2.663214 27.750000
2166 81.954927 2.717300 27.750000
2167 77.831435 2.605748 28.500000
2168 79.955658 2.663214 28.500000
2169 82.079881 2.720680 28.500000
2170 77.644004 2.600677 29.250000
2171 79.955658 2.663214 29.250000
2172 82.267313 2.725751 29.250000
2173 77.456573 2.595606 30.000000
2174 79.955658 2.663214 30.000000
2175 82.454744 2.730822 30.000000
2176 77.970415 1.634287 27.333333
2177 79.970203 1.663378 27.333333
2178 81.969992 1.692470 27.333333
2179 77.970415 1.634287 28.000000
2180 79.970203 1.663378 28.000000
2181 81.969992 1.692470 28.000000
2182 77.803766 1.631862 28.666667
2183 79.970203 1.663378 28.666667
2184 82.136641 1.694894 28.666667
2185 77.637117 1.629438 29.333333
2186 79.970203 1.663378 29.333333
2187 82.303290 1.697319 29.333333
2188 77.470468 1.627014 30.000000
2189 79.970203 1.663378 30.000000
2190 82.469939 1.699743 30.000000
2191 77.984960 0.634451 27.666667
2192 79.984748 0.663543 27.666667
2193 81.984537 0.692634 27.666667
2194 77.922466 0.633542 28.250000
2195 79.984748 0.663543 28.250000
2196 82.047030 0.693543 28.250000
2197 77.776649 0.631421 28.833333
2198 79.984748 0.663543 28.833333
2199 82.192848 0.695665 28.833333
2200 77.630831 0.629299 29.416667
2201 79.984748 0.663543 29.416667
2202 82.338666 0.697786 29.416667
2203 77.485013 0.627178 30.000000
2204 79.984748 0.663543 30.000000
2205 82.484484 0.699907 30.000000
2206 77.999311 -0.327886 28.000000
2207 79.999293 -0.336293 28.000000
2208 81.999275 -0.344700 28.000000
2209 77.874312 -0.327360 28.500000
2210 79.999293 -0.336293 28.500000
2211 82.124274 -0.345226 28.500000
2212 77.749313 -0.326835 29.000000
2213 79.999293 -0.336293 29.000000
2214 82.249273 -0.345751 29.000000
2215 77.624314 -0.326309 29.500000
2216 79.999293 -0.336293 29.500000
2217 82.374272 -0.346277 29.500000
2218 77.499315 -0.325784 30.000000
2219 79.999293 -0.336293 30.000000
2220 82.499271 -0.346802 30.000000
2221 77.893558 -1.288155 28.333333
2222 79.976343 -1.335971 28.333333
2223 82.059127 -1.383787 28.333333
2224 77.789419 -1.285764 28.750000
2225 79.976343 -1.335971 28.750000
2226 82.163267 -1.386178 28.750000
2227 77.685280 -1.283373 29.166667
2228 79.976343 -1.335971 29.166667
2229 82.267406 -1.388568 29.166667
2230 77.581141 -1.280983 29.583333
2231 79.976343 -1.335971 29.583333
2232 82.371545 -1.390959 29.583333
2233 77.477001 -1.278592 30.000000
2234 79.976343 -1.335971 30.000000
2235 82.475684 -1.393350 30.000000
2236 77.787297 -2.285920 28.666667
2237 79.953393 -2.335649 28.666667
2238 82.119488 -2.385377 28.666667
2239 77.703985 -2.284008 29.000000
2240 79.953393 -2.335649 29.000000
2241 82.202800 -2.387290 29.000000
2242 77.620674 -2.282095 29.333333
2243 79.953393 -2.335649 29.333333
2244 82.286111 -2.389203 29.333333
2245 77.537362 -2.280182 29.666667
2246 79.953393 -2.335649 29.666667
2247 82.369423 -2.391115 29.666667
2248 77.454051 -2.278270 30.000000
2249 79.953393 -2.335649 30.000000
2250 82.452734 -2.393028 30.000000
2251 77.682399 -3.241521 29.000000
2252 79.930442 -3.335327 29.000000
2253 82.178486 -3.429133 29.000000
2254 77.619953 -3.238915 29.250000
2255 79.930442 -3.335327 29.250000
2256 82.240932 -3.431739 29.250000
2257 77.557507 -3.236309 29.500000
2258 79.930442 -3.335327 29.500000
2259 82.303377 -3.434344 29.500000
2260 77.495062 -3.233704 29.750000
2261 79.930442 -3.335327 29.750000
2262 82.365823 -3.436950 29.750000
2263 77.432616 -3.231098 30.000000
2264 79.930442 -3.335327 30.000000
2265 82.428269 -3.439556 30.000000
2266 77.540958 -4.192469 29.333333
2267 79.870029 -4.333442 29.333333
2268 82.199100 -4.474414 29.333333
2269 77.499367 -4.189952 29.500000
2270 79.870029 -4.333442 29.500000
2271 82.240690 -4.476932 29.500000
2272 77.457777 -4.187434 29.666667
2273 79.870029 -4.333442 29.666667
2274 82.282281 -4.479449 29.666667
2275 77.416186 -4.184917 29.833333
2276 79.870029 -4.333442 29.833333
2277 82.323871 -4.481966 29.833333
2278 77.374596 -4.182399 30.000000
2279 79.870029 -4.333442 30.000000
2280 82.365462 -4.484484 30.000000
2281 77.397364 -5.185549 29.666667
2282 79.809616 -5.331556 29.666667
2283 82.221868 -5.477564 29.666667
2284 77.376568 -5.184290 29.750000
2285 79.809616 -5.331556 29.750000
2286 82.242663 -5.478822 29.750000
2287 77.355773 -5.183032 29.833333
2288 79.809616 -5.331556 29.833333
2289 82.263458 -5.480081 29.833333
2290 77.334978 -5.181773 29.916667
2291 79.809616 -5.331556 29.916667
2292 82.284253 -5.481340 29.916667
2293 77.314183 -5.180514 30.000000
2294 79.809616 -5.331556 30.000000
2295 82.305049 -5.482598 30.000000
2296 77.253769 -6.178629 30.000000
2297 79.749202 -6.329671 30.000000
2298 82.244635 -6.480713 30.000000
2299 77.253769 -6.178629 30.000000
2300 79.749202 -6.329671 30.000000
2301 82.244635 -6.480713 30.000000
2302 77.253769 -6.178629 30.000000
2303 79.749202 -6.329671 30.000000
2304 82.244635 -6.480713 30.000000
2305 77.253769 -6.178629 30.000000
2306 79.749202 -6.329671 30.000000
2307 82.244635 -6.480713 30.000000
2308 77.253769 -6.178629 30.000000
2309 79.749202 -6.329671 30.000000
2310 82.244635 -6.480713 30.000000
$EndNodes
$Elements
3060
1 5 2 1 1 1 2 17 16 4 5 20 19
2 3 2 5 5 1 16 19 4
3 3 2 1 1 1 2 17 16
4 5 2 1 1 2 3 18 17 5 6 21 20
5 3 2 5 5 3 6 21 18
6 3 2 1 1 2 3 18 17
7 5 2 1 1 4 5 20 19 7 8 23 22
8 3 2 5 5 4 19 22 7
9 5 2 1 1 5 6 21 20 8 9 24 23
10 3 2 5 5 6 9 24 21
11 5 2 1 1 7 8 23 22 10 11 26 25
12 3 2 5 5 7 22 25 10
13 5 2 1 1 8 9 24 23 11 12 27 26
14 3 2 5 5 9 12 27 24
15 5 2 1 1 10 11 26 25 13 14 29 28
16 3 2 5 5 10 25 28 13
17 3 2 4 4 13 28 29 14
18 5 2 1 1 11 12 27 26 14 15 30 29
19 3 2 5 5 12 15 30 27
20 3 2 4 4 14 29 30 15
21 5 2 1 1 16 17 32 31 19 20 35 34
22 3 2 5 5 16 31 34 19
23 3 2 1 1 16 17 32 31
24 5 2 1 1 17 18 33 32 20 21 36 35
25 3 2 5 5 18 21 36 33
26 3 2 1 1 17 18 33 32
27 5 2 1 1 19 20 35 34 22 23 38 37
28 3 2 5 5 19 34 37 22
29 5 2 1 1 20 21 36 35 23 24 39 38
30 3 2 5 5 21 24 39 36
31 5 2 1 1 22 23 38 37 25 26 41 40
32 3 2 5 5 22 37 40 25
33 5 2 1 1 23 24 39 38 26 27 42 41
34 3 2 5 5 24 27 42 39
35 5 2 1 1 25 26 41 40 28 29 44 43
36 3 2 5 5 25 40 43 28
37 3 2 4 4 28 43 44 29
38 5 2 1 1 26 27 42 41 29 30 45 44
39 3 2 5 5 27 30 45 42
40 3 2 4 4 29 44 45 30
41 5 2 1 1 31 32 47 46 34 35 50 49
42 3 2 5 5 31 46 49 34
43 3 2 1 1 31 32 47 46
44 5 2 1 1 32 33 48 47 35 36 51 50
45 3 2 5 5 33 36 51 48
46 3 2 1 1 32 33 48 47
47 5 2 1 1 34 35 50 49 37 38 53 52
48 3 2 5 5 34 49 52 37
49 5 2 1 1 35 36 51 50 38 39 54 53
50 3 2 5 5 36 39 54 51
51 5 2 1 1 37 38 53 52 40 41 56 55
52 3 2 5 5 37 52 55 40
53 5 2 1 1 38 39 54 53 41 42 57 56
54 3 2 5 5 39 42 57 54
55 5 2 1 1 40 41 56 55 43 44 59 58
56 3 2 5 5 40 55 58 43
57 3 2 4 4 43 58 59 44
58 5 2 1 1 41 42 57 56 44 45 60 59
59 3 2 5 5 42 45 60 57
60 3 2 4 4 44 59 60 45
61 5 2 1 1 46 47 62 61 49 50 65 64
62 3 2 5 5 46 61 64 49
63 3 2 1 1 46 47 62 61
64 5 2 1 1 47 48 63 62 50 51 66 65
65 3 2 5 5 48 51 66 63
66 3 2 1 1 47 48 63 62
67 5 2 1 1 49 50 65 64 52 53 68 67
68 3 2 5 5 49 64 67 52
69 5 2 1 1 50 51 66 65 53 54 69 68
70 3 2 5 5 51 54 69 66
71 5 2 1 1 52 53 68 67 55 56 71 70
72 3 2 5 5 52 67 70 55
73 5 2 1 1 53 54 69 68 56 57 72 71
74 3 2 5 5 54 57 72 69
75 5 2 1 1 55 56 71 70 58 59 74 73
76 3 2 5 5 55 70 73 58
77 3 2 4 4 58 73 74 59
78 5 2 1 1 56 57 72 71 59 60 75 74
79 3 2 5 5 57 60 75 72
80 3 2 4 4 59 74 75 60
81 5 2 1 1 61 62 77 76 64 65 80 79
82 3 2 5 5 61 76 79 64
83 3 2 1 1 61 62 77 76
84 5 2 1 1 62 63 78 77 65 66 81 80
85 3 2 5 5 63 66 81 78
86 3 2 1 1 62 63 78 77
87 5 2 1 1 64 65 80 79 67 68 83 82
88 3 2 5 5 64 79 82 67
89 5 2 1 1 65 66 81 80 68 69 84 83
90 3 2 5 5 66 69 84 81
91 5 2 1 1 67 68 83 82 70 71 86 85
92 3 2 5 5 67 82 85 70
93 5 2 1 1 68 69 84 83 71 72 87 86
94 3 2 5 5 69 72 87 84
95 5 2 1 1 70 71 86 85 73 74 89 88
96 3 2 5 5 70 85 88 73
97 3 2 4 4 73 88 89 74
98 5 2 1 1 71 72 87 86 74 75 90 89
99 3 2 5 5 72 75 90 87
100 3 2 4 4 74 89 90 75
101 5 2 1 1 76 77 92 91 79 80 95 94
102 3 2 5 5 76 91 94 79
103 3 2 1 1 76 77 92 91
104 5 2 1 1 77 78 93 92 80 81 96 95
105 3 2 5 5 78 81 96 93
106 3 2 1 1 77 78 93 92
107 5 2 1 1 79 80 95 94 82 83 98 97
108 3 2 5 5 79 94 97 82
109 5 2 1 1 80 81 96 95 83 84 99 98
110 3 2 5 5 81 84 99 96
111 5 2 1 1 82 83 98 97 85 86 101 100
112 3 2 5 5 82 97 100 85
113 5 2 1 1 83 84 99 98 86 87 102 101
114 3 2 5 5 84 87 102 99
115 5 2 1 1 85 86 101 100 88 89 104 103
116 3 2 5 5 85 100 103 88
117 3 2 4 4 88 103 104 89
118 5 2 1 1 86 87 102 101 89 90 105 104
119 3 2 5 5 87 90 105 102
120 3 2 4 4 89 104 105 90
121 5 2 1 1 91 92 107 106 94 95 110 109
122 3 2 2 2 91 106 109 94
123 3 2 1 1 91 92 107 106
124 5 2 1 1 92 93 108 107 95 96 111 110
125 3 2 3 3 93 96 111 108
126 3 2 1 1 92 93 108 107
127 5 2 1 1 94 95 110 109 97 98 113 112
128 3 2 2 2 94 109 112 97
129 5 2 1 1 95 96 111 110 98 99 114 113
130 3 2 3 3 96 99 114 111
131 5 2 1 1 97 98 113 112 100 101 116 115
132 3 2 2 2 97 112 115 100
133 5 2 1 1 98 99 114 113 101 102 117 116
134 3 2 3 3 99 102 117 114
135 5 2 1 1 100 101 116 115 103 104 119 118
136 3 2 2 2 100 115 118 103
137 3 2 4 4 103 118 119 104
138 5 2 1 1 101 102 117 116 104 105 120 119
139 3 2 3 3 102 105 120 117
140 3 2 4 4 104 119 120 105
141 5 2 1 1 106 107 122 121 109 110 125 124
142 3 2 2 2 106 121 124 109
143 3 2 1 1 106 107 122 121
144 5 2 1 1 107 108 123 122 110 111 126 125
145 3 2 3 3 108 111 126 123
146 3 2 1 1 107 108 123 122
147 5 2 1 1 109 110 125 124 112 113 128 127
148 3 2 2 2 109 124 127 112
149 5 2 1 1 110 111 126 125 113 114 129 128
150 3 2 3 3 111 114 129 126
151 5 2 1 1 112 113 128 127 115 116 131 130
152 3 2 2 2 112 127 130 115
153 5 2 1 1 113 114 129 128 116 117 132 131
154 3 2 3 3 114 117 132 129
155 5 2 1 1 115 116 131 130 118 119 134 133
156 3 2 2 2 115 130 133 118
157 3 2 4 4 118 133 134 119
158 5 2 1 1 116 117 132 131 119 120 135 134
159 3 2 3 3 117 120 135 132
160 3 2 4 4 119 134 135 120
161 5 2 1 1 121 122 137 136 124 125 140 139
162 3 2 2 2 121 136 139 124
163 3 2 1 1 121 122 137 136
164 5 2 1 1 122 123 138 137 125 126 141 140
165 3 2 3 3 123 126 141 138
166 3 2 1 1 122 123 138 137
167 5 2 1 1 124 125 140 139 127 128 143 142
168 3 2 2 2 124 139 142 127
169 5 2 1 1 125 126 141 140 128 129 144 143
170 3 2 3 3 126 129 144 141
171 5 2 1 1 127 128 143 142 130 131 146 145
172 3 2 2 2 127 142 145 130
173 5 2 1 1 128 129 144 143 131 132 147 146
174 3 2 3 3 129 132 147 144
175 5 2 1 1 130 131 146 145 133 134 149 148
176 3 2 2 2 130 145 148 133
177 3 2 4 4 133 148 149 134
178 5 2 1 1 131 132 147 146 134 135 150 149
179 3 2 3 3 132 135 150 147
180 3 2 4 4 134 149 150 135
181 5 2 1 1 136 137 152 151 139 140 155 154
182 3 2 2 2 136 151 154 139
183 3 2 1 1 136 137 152 151
184 5 2 1 1 137 138 153 152 140 141 156 155
185 3 2 3 3 138 141 156 153
186 3 2 1 1 137 138 153 152
187 5 2 1 1 139 140 155 154 142 143 158 157
188 3 2 2 2 139 154 157 142
189 5 2 1 1 140 141 156 155 143 144 159 158
190 3 2 3 3 141 144 159 156
191 5 2 1 1 142 143 158 157 145 146 161 160
192 3 2 2 2 142 157 160 145
193 5 2 1 1 143 144 159 158 146 147 162 161
194 3 2 3 3 144 147 162 159
195 5 2 1 1 145 146 161 160 148 149 164 163
196 3 2 2 2 145 160 163 148
197 3 2 4 4 148 163 164 149
198 5 2 1 1 146 147 162 161 149 150 165 164
199 3 2 3 3 147 150 165 162
200 3 2 4 4 149 164 165 150
201 5 2 1 1 151 152 167 166 154 155 170 169
202 3 2 2 2 151 166 169 154
203 3 2 1 1 151 152 167 166
204 5 2 1 1 152 153 168 167 155 156 171 170
205 3 2 3 3 153 156 171 168
206 3 2 1 1 152 153 168 167
207 5 2 1 1 154 155 170 169 157 158 173 172
208 3 2 2 2 154 169 172 157
209 5 2 1 1 155 156 171 170 158 159 174 173
210 3 2 3 3 156 159 174 171
211 5 2 1 1 157 158 173 172 160 161 176 175
212 3 2 2 2 157 172 175 160
213 5 2 1 1 158 159 174 173 161 162 177 176
214 3 2 3 3 159 162 177 174
215 5 2 1 1 160 161 176 175 163 164 179 178
216 3 2 2 2 160 175 178 163
217 3 2 4 4 163 178 179 164
218 5 2 1 1 161 162 177 176 164 165 180 179
219 3 2 3 3 162 165 180 177
220 3 2 4 4 164 179 180 165
221 5 2 1 1 166 167 182 181 169 170 185 184
222 3 2 2 2 166 181 184 169
223 3 2 1 1 166 167 182 181
224 5 2 1 1 167 168 183 182 170 171 186 185
225 3 2 3 3 168 171 186 183
226 3 2 1 1 167 168 183 182
227 5 2 1 1 169 170 185 184 172 173 188 187
228 3 2 2 2 169 184 187 172
229 5 2 1 1 170 171 186 185 173 174 189 188
230 3 2 3 3 171 174 189 186
231 5 2 1 1 172 173 188 187 175 176 191 190
232 3 2 2 2 172 187 190 175
233 5 2 1 1 173 174 189 188 176 177 192 191
234 3 2 3 3 174 177 192 189
235 5 2 1 1 175 176 191 190 178 179 194 193
236 3 2 2 2 175 190 193 178
237 3 2 4 4 178 193 194 179
238 5 2 1 1 176 177 192 191 179 180 195 194
239 3 2 3 3 177 180 195 192
240 3 2 4 4 179 194 195 180
241 5 2 1 1 181 182 197 196 184 185 200 199
242 3 2 2 2 181 196 199 184
243 3 2 1 1 181 182 197 196
244 5 2 1 1 182 183 198 197 185 186 201 200
245 3 2 3 3 183 186 201 198
246 3 2 1 1 182 183 198 197
247 5 2 1 1 184 185 200 199 187 188 203 202
248 3 2 2 2 184 199 202 187
249 5 2 1 1 185 186 201 200 188 189 204 203
250 3 2 3 3 186 189 204 201
251 5 2 1 1 187 188 203 202 190 191 206 205
252 3 2 2 2 187 202 205 190
253 5 2 1 1 188 189 204 203 191 192 207 206
254 3 2 3 3 189 192 207 204
255 5 2 1 1 190 191 206 205 193 194 209 208
256 3 2 2 2 190 205 208 193
257 3 2 4 4 193 208 209 194
258 5 2 1 1 191 192 207 206 194 195 210 209
259 3 2 3 3 192 195 210 207
260 3 2 4 4 194 209 210 195
261 5 2 1 1 196 197 212 211 199 200 215 214
262 3 2 2 2 196 211 214 199
263 3 2 1 1 196 197 212 211
264 5 2 1 1 197 198 213 212 200 201 216 215
265 3 2 3 3 198 201 216 213
266 3 2 1 1 197 198 213 212
267 5 2 1 1 199 200 215 214 202 203 218 217
268 3 2 2 2 199 214 217 202
269 5 2 1 1 200 201 216 215 203 204 219 218
270 3 2 3 3 201 204 219 216
271 5 2 1 1 202 203 218 217 205 206 221 220
272 3 2 2 2 202 217 220 205
273 5 2 1 1 203 204 219 218 206 207 222 221
274 3 2 3 3 204 207 222 219
275 5 2 1 1 205 206 221 220 208 209 224 223
276 3 2 2 2 205 220 223 208
277 3 2 4 4 208 223 224 209
278 5 2 1 1 206 207 222 221 209 210 225 224
279 3 2 3 3 207 210 225 222
280 3 2 4 4 209 224 225 210
281 5 2 1 1 211 212 227 226 214 215 230 229
282 3 2 2 2 211 226 229 214
283 3 2 1 1 211 212 227 226
284 5 2 1 1 212 213 228 227 215 216 231 230
285 3 2 3 3 213 216 231 228
286 3 2 1 1 212 213 228 227
287 5 2 1 1 214 215 230 229 217 218 233 232
288 3 2 2 2 214 229 232 217
289 5 2 1 1 215 216 231 230 218 219 234 233
290 3 2 3 3 216 219 234 231
291 5 2 1 1 217 218 233 232 220 221 236 235
292 3 2 2 2 217 232 235 220
293 5 2 1 1 218 219 234 233 221 222 237 236
294 3 2 3 3 219 222 237 234
295 5 2 1 1 220 221 236 235 223 224 239 238
296 3 2 2 2 220 235 238 223
297 3 2 4 4 223 238 239 224
298 5 2 1 1 221 222 237 236 224 225 240 239
299 3 2 3 3 222 225 240 237
300 3 2 4 4 224 239 240 225
301 5 2 1 1 226 227 242 241 229 230 245 244
302 3 2 2 2 226 241 244 229
303 3 2 1 1 226 227 242 241
304 5 2 1 1 227 228 243 242 230 231 246 245
305 3 2 3 3 228 231 246 243
306 3 2 1 1 227 228 243 242
307 5 2 1 1 229 230 245 244 232 233 248 247
308 3 2 2 2 229 244 247 232
309 5 2 1 1 230 231 246 245 233 234 249 248
310 3 2 3 3 231 234 249 246
311 5 2 1 1 232 233 248 247 235 236 251 250
312 3 2 2 2 232 247 250 235
313 5 2 1 1 233 234 249 248 236 237 252 251
314 3 2 3 3 234 237 252 249
315 5 2 1 1 235 236 251 250 238 239 254 253
316 3 2 2 2 235 250 253 238
317 3 2 4 4 238 253 254 239
318 5 2 1 1 236 237 252 251 239 240 255 254
319 3 2 3 3 237 240 255 252
320 3 2 4 4 239 254 255 240
321 5 2 1 1 241 242 257 256 244 245 260 259
322 3 2 2 2 241 256 259 244
323 3 2 1 1 241 242 257 256
324 5 2 1 1 242 243 258 257 245 246 261 260
325 3 2 3 3 243 246 261 258
326 3 2 1 1 242 243 258 257
327 5 2 1 1 244 245 260 259 247 248 263 262
328 3 2 2 2 244 259 262 247
329 5 2 1 1 245 246 261 260 248 249 264 263
330 3 2 3 3 246 249 264 261
331 5 2 1 1 247 248 263 262 250 251 266 265
332 3 2 2 2 247 262 265 250
333 5 2 1 1 248 249 264 263 251 252 267 266
334 3 2 3 3 249 252 267 264
335 5 2 1 1 250 251 266 265 253 254 269 268
336 3 2 2 2 250 265 268 253
337 3 2 4 4 253 268 269 254
338 5 2 1 1 251 252 267 266 254 255 270 269
339 3 2 3 3 252 255 270 267
340 3 2 4 4 254 269 270 255
341 5 2 1 1 256 257 272 271 259 260 275 274
342 3 2 2 2 256 271 274 259
343 3 2 1 1 256 257 272 271
344 5 2 1 1 257 258 273 272 260 261 276 275
345 3 2 3 3 258 261 276 273
346 3 2 1 1 257 258 273 272
347 5 2 1 1 259 260 275 274 262 263 278 277
348 3 2 2 2 259 274 277 262
349 5 2 1 1 260 261 276 275 263 264 279 278
350 3 2 3 3 261 264 279 276
351 5 2 1 1 262 263 278 277 265 266 281 280
352 3 2 2 2 262 277 280 265
353 5 2 1 1 263 264 279 278 266 267 282 281
354 3 2 3 3 264 267 282 279
355 5 2 1 1 265 266 281 280 268 269 284 283
356 3 2 2 2 265 280 283 268
357 3 2 4 4 268 283 284 269
358 5 2 1 1 266 267 282 281 269 270 285 284
359 3 2 3 3 267 270 285 282
360 3 2 4 4 269 284 285 270
361 5 2 1 1 271 272 287 286 274 275 290 289
362 3 2 2 2 271 286 289 274
363 3 2 1 1 271 272 287 286
364 5 2 1 1 272 273 288 287 275 276 291 290
365 3 2 3 3 273 276 291 288
366 3 2 1 1 272 273 288 287
367 5 2 1 1 274 275 290 289 277 278 293 292
368 3 2 2 2 274 289 292 277
369 5 2 1 1 275 276 291 290 278 279 294 293
370 3 2 3 3 276 279 294 291
371 5 2 1 1 277 278 293 292 280 281 296 295
372 3 2 2 2 277 292 295 280
373 5 2 1 1 278 279 294 293 281 282 297 296
374 3 2 3 3 279 282 297 294
375 5 2 1 1 280 281 296 295 283 284 299 298
376 3 2 2 2 280 295 298 283
377 3 2 4 4 283 298 299 284
378 5 2 1 1 281 282 297 296 284 285 300 299
379 3 2 3 3 282 285 300 297
380 3 2 4 4 284 299 300 285
381 5 2 1 1 286 287 302 301 289 290 305 304
382 3 2 2 2 286 301 304 289
383 3 2 1 1 286 287 302 301
384 5 2 1 1 287 288 303 302 290 291 306 305
385 3 2 3 3 288 291 306 303
386 3 2 1 1 287 288 303 302
387 5 2 1 1 289 290 305 304 292 293 308 307
388 3 2 2 2 289 304 307 292
389 5 2 1 1 290 291 306 305 293 294 309 308
390 3 2 3 3 291 294 309 306
391 5 2 1 1 292 293 308 307 295 296 311 310
392 3 2 2 2 292 307 310 295
393 5 2 1 1 293 294 309 308 296 297 312 311
394 3 2 3 3 294 297 312 309
395 5 2 1 1 295 296 311 310 298 299 314 313
396 3 2 2 2 295 310 313 298
397 3 2 4 4 298 313 314 299
398 5 2 1 1 296 297 312 311 299 300 315 314
399 3 2 3 3 297 300 315 312
400 3 2 4 4 299 314 315 300
401 5 2 1 1 301 302 317 316 304 305 320 319
402 3 2 2 2 301 316 319 304
403 3 2 1 1 301 302 317 316
404 5 2 1 1 302 303 318 317 305 306 321 320
405 3 2 3 3 303 306 321 318
406 3 2 1 1 302 303 318 317
407 5 2 1 1 304 305 320 319 307 308 323 322
408 3 2 2 2 304 319 322 307
409 5 2 1 1 305 306 321 320 308 309 324 323
410 3 2 3 3 306 309 324 321
411 5 2 1 1 307 308 323 322 310 311 326 325
412 3 2 2 2 307 322 325 310
413 5 2 1 1 308 309 324 323 311 312 327 326
414 3 2 3 3 309 312 327 324
415 5 2 1 1 310 311 326 325 313 314 329 328
416 3 2 2 2 310 325 328 313
417 3 2 4 4 313 328 329 314
418 5 2 1 1 311 312 327 326 314 315 330 329
419 3 2 3 3 312 315 330 327
420 3 2 4 4 314 329 330 315
421 5 2 1 1 316 317 332 331 319 320 335 334
422 3 2 2 2 316 331 334 319
423 3 2 1 1 316 317 332 331
424 5 2 1 1 317 318 333 332 320 321 336 335
425 3 2 3 3 318 321 336 333
426 3 2 1 1 317 318 333 332
427 5 2 1 1 319 320 335 334 322 323 338 337
428 3 2 2 2 319 334 337 322
429 5 2 1 1 320 321 336 335 323 324 339 338
430 3 2 3 3 321 324 339 336
431 5 2 1 1 322 323 338 337 325 326 341 340
432 3 2 2 2 322 337 340 325
433 5 2 1 1 323 324 339 338 326 327 342 341
434 3 2 3 3 324 327 342 339
435 5 2 1 1 325 326 341 340 328 329 344 343
436 3 2 2 2 325 340 343 328
437 3 2 4 4 328 343 344 329
438 5 2 1 1 326 327 342 341 329 330 345 344
439 3 2 3 3 327 330 345 342
440 3 2 4 4 329 344 345 330
441 5 2 1 1 331 332 347 346 334 335 350 349
442 3 2 2 2 331 346 349 334
443 3 2 1 1 331 332 347 346
444 5 2 1 1 332 333 348 347 335 336 351 350
445 3 2 3 3 333 336 351 348
446 3 2 1 1 332 333 348 347
447 5 2 1 1 334 335 350 349 337 338 353 352
448 3 2 2 2 334 349 352 337
449 5 2 1 1 335 336 351 350 338 339 354 353
450 3 2 3 3 336 339 354 351
451 5 2 1 1 337 338 353 352 340 341 356 355
452 3 2 2 2 337 352 355 340
453 5 2 1 1 338 339 354 353 341 342 357 356
454 3 2 3 3 339 342 357 354
455 5 2 1 1 340 341 356 355 343 344 359 358
456 3 2 2 2 340 355 358 343
457 3 2 4 4 343 358 359 344
458 5 2 1 1 341 342 357 356 344 345 360 359
459 3 2 3 3 342 345 360 357
460 3 2 4 4 344 359 360 345
461 5 2 1 1 346 347 362 361 349 350 365 364
462 3 2 2 2 346 361 364 349
463 3 2 1 1 346 347 362 361
464 5 2 1 1 347 348 363 362 350 351 366 365
465 3 2 3 3 348 351 366 363
466 3 2 1 1 347 348 363 362
467 5 2 1 1 349 350 365 364 352 353 368 367
468 3 2 2 2 349 364 367 352
469 5 2 1 1 350 351 366 365 353 354 369 368
470 3 2 3 3 351 354 369 366
471 5 2 1 1 352 353 368 367 355 356 371 370
472 3 2 2 2 352 367 370 355
473 5 2 1 1 353 354 369 368 356 357 372 371
474 3 2 3 3 354 357 372 369
475 5 2 1 1 355 356 371 370 358 359 374 373
476 3 2 2 2 355 370 373 358
477 3 2 4 4 358 373 374 359
478 5 2 1 1 356 357 372 371 359 360 375 374
479 3 2 3 3 357 360 375 372
480 3 2 4 4 359 374 375 360
481 5 2 1 1 361 362 377 376 364 365 380 379
482 3 2 2 2 361 376 379 364
483 3 2 1 1 361 362 377 376
484 5 2 1 1 362 363 378 377 365 366 381 380
485 3 2 3 3 363 366 381 378
486 3 2 1 1 362 363 378 377
487 5 2 1 1 364 365 380 379 367 368 383 382
488 3 2 2 2 364 379 382 367
489 5 2 1 1 365 366 381 380 368 369 384 383
490 3 2 3 3 366 369 384 381
491 5 2 1 1 367 368 383 382 370 371 386 385
492 3 2 2 2 367 382 385 370
493 5 2 1 1 368 369 384 383 371 372 387 386
494 3 2 3 3 369 372 387 384
495 5 2 1 1 370 371 386 385 373 374 389 388
496 3 2 2 2 370 385 388 373
497 3 2 4 4 373 388 389 374
498 5 2 1 1 371 372 387 386 374 375 390 389
499 3 2 3 3 372 375 390 387
500 3 2 4 4 374 389 390 375
501 5 2 1 1 376 377 392 391 379 380 395 394
502 3 2 2 2 376 391 394 379
503 3 2 1 1 376 377 392 391
504 5 2 1 1 377 378 393 392 380 381 396 395
505 3 2 3 3 378 381 396 393
506 3 2 1 1 377 378 393 392
507 5 2 1 1 379 380 395 394 382 383 398 397
508 3 2 2 2 379 394 397 382
509 5 2 1 1 380 381 396 395 383 384 399 398
510 3 2 3 3 381 384 399 396
511 5 2 1 1 382 383 398 397 385 386 401 400
512 3 2 2 2 382 397 400 385
513 5 2 1 1 383 384 399 398 386 387 402 401
514 3 2 3 3 384 387 402 399
515 5 2 1 1 385 386 401 400 388 389 404 403
516 3 2 2 2 385 400 403 388
517 3 2 4 4 388 403 404 389
518 5 2 1 1 386 387 402 401 389 390 405 404
519 3 2 3 3 387 390 405 402
520 3 2 4 4 389 404 405 390
521 5 2 1 1 391 392 407 406 394 395 410 409
522 3 2 2 2 391 406 409 394
523 3 2 1 1 391 392 407 406
524 5 2 1 1 392 393 408 407 395 396 411 410
525 3 2 3 3 393 396 411 408
526 3 2 1 1 392 393 408 407
527 5 2 1 1 394 395 410 409 397 398 413 412
528 3 2 2 2 394 409 412 397
529 5 2 1 1 395 396 411 410 398 399 414 413
530 3 2 3 3 396 399 414 411
531 5 2 1 1 397 398 413 412 400 401 416 415
532 3 2 2 2 397 412 415 400
533 5 2 1 1 398 399 414 413 401 402 417 416
534 3 2 3 3 399 402 417 414
535 5 2 1 1 400 401 416 415 403 404 419 418
536 3 2 2 2 400 415 418 403
537 3 2 4 4 403 418 419 404
538 5 2 1 1 401 402 417 416 404 405 420 419
539 3 2 3 3 402 405 420 417
540 3 2 4 4 404 419 420 405
541 5 2 1 1 406 407 422 421 409 410 425 424
542 3 2 2 2 406 421 424 409
543 3 2 1 1 406 407 422 421
544 5 2 1 1 407 408 423 422 410 411 426 425
545 3 2 3 3 408 411 426 423
546 3 2 1 1 407 408 423 422
547 5 2 1 1 409 410 425 424 412 413 428 427
548 3 2 2 2 409 424 427 412
549 5 2 1 1 410 411 426 425 413 414 429 428
550 3 2 3 3 411 414 429 426
551 5 2 1 1 412 413 428 427 415 416 431 430
552 3 2 2 2 412 427 430 415
553 5 2 1 1 413 414 429 428 416 417 432 431
554 3 2 3 3 414 417 432 429
555 5 2 1 1 415 416 431 430 418 419 434 433
556 3 2 2 2 415 430 433 418
557 3 2 4 4 418 433 434 419
558 5 2 1 1 416 417 432 431 419 420 435 434
559 3 2 3 3 417 420 435 432
560 3 2 4 4 419 434 435 420
561 5 2 1 1 421 422 437 436 424 425 440 439
562 3 2 2 2 421 436 439 424
563 3 2 1 1 421 422 437 436
564 5 2 1 1 422 423 438 437 425 426 441 440
565 3 2 3 3 423 426 441 438
566 3 2 1 1 422 423 438 437
567 5 2 1 1 424 425 440 439 427 428 443 442
568 3 2 2 2 424 439 442 427
569 5 2 1 1 425 426 441 440 428 429 444 443
570 3 2 3 3 426 429 444 441
571 5 2 1 1 427 428 443 442 430 431 446 445
572 3 2 2 2 427 442 445 430
573 5 2 1 1 428 429 444 443 431 432 447 446
574 3 2 3 3 429 432 447 444
575 5 2 1 1 430 431 446 445 433 434 449 448
576 3 2 2 2 430 445 448 433
577 3 2 4 4 433 448 449 434
578 5 2 1 1 431 432 447 446 434 435 450 449
579 3 2 3 3 432 435 450 447
580 3 2 4 4 434 449 450 435
581 5 2 1 1 436 437 452 451 439 440 455 454
582 3 2 2 2 436 451 454 439
583 3 2 1 1 436 437 452 451
584 5 2 1 1 437 438 453 452 440 441 456 455
585 3 2 3 3 438 441 456 453
586 3 2 1 1 437 438 453 452
587 5 2 1 1 439 440 455 454 442 443 458 457
588 3 2 2 2 439 454 457 442
589 5 2 1 1 440 441 456 455 443 444 459 458
590 3 2 3 3 441 444 459 456
591 5 2 1 1 442 443 458 457 445 446 461 460
592 3 2 2 2 442 457 460 445
593 5 2 1 1 443 444 459 458 446 447 462 461
594 3 2 3 3 444 447 462 459
595 5 2 1 1 445 446 461 460 448 449 464 463
596 3 2 2 2 445 460 463 448
597 3 2 4 4 448 463 464 449
598 5 2 1 1 446 447 462 461 449 450 465 464
599 3 2 3 3 447 450 465 462
600 3 2 4 4 449 464 465 450
601 5 2 1 1 451 452 467 466 454 455 470 469
602 3 2 2 2 451 466 469 454
603 3 2 1 1 451 452 467 466
604 5 2 1 1 452 453 468 467 455 456 471 470
605 3 2 3 3 453 456 471 468
606 3 2 1 1 452 453 468 467
607 5 2 1 1 454 455 470 469 457 458 473 472
608 3 2 2 2 454 469 472 457
609 5 2 1 1 455 456 471 470 458 459 474 473
610 3 2 3 3 456 459 474 471
611 5 2 1 1 457 458 473 472 460 461 476 475
612 3 2 2 2 457 472 475 460
613 5 2 1 1 458 459 474 473 461 462 477 476
614 3 2 3 3 459 462 477 474
615 5 2 1 1 460 461 476 475 463 464 479 478
616 3 2 2 2 460 475 478 463
617 3 2 4 4 463 478 479 464
618 5 2 1 1 461 462 477 476 464 465 480 479
619 3 2 3 3 462 465 480 477
620 3 2 4 4 464 479 480 465
621 5 2 1 1 466 467 482 481 469 470 485 484
622 3 2 2 2 466 481 484 469
623 3 2 1 1 466 467 482 481
624 5 2 1 1 467 468 483 482 470 471 486 485
625 3 2 3 3 468 471 486 483
626 3 2 1 1 467 468 483 482
627 5 2 1 1 469 470 485 484 472 473 488 487
628 3 2 2 2 469 484 487 472
629 5 2 1 1 470 471 486 485 473 474 489 488
630 3 2 3 3 471 474 489 486
631 5 2 1 1 472 473 488 487 475 476 491 490
632 3 2 2 2 472 487 490 475
633 5 2 1 1 473 474 489 488 476 477 492 491
634 3 2 3 3 474 477 492 489
635 5 2 1 1 475 476 491 490 478 479 494 493
636 3 2 2 2 475 490 493 478
637 3 2 4 4 478 493 494 479
638 5 2 1 1 476 477 492 491 479 480 495 494
639 3 2 3 3 477 480 495 492
640 3 2 4 4 479 494 495 480
641 5 2 1 1 481 482 497 496 484 485 500 499
642 3 2 2 2 481 496 499 484
643 3 2 1 1 481 482 497 496
644 5 2 1 1 482 483 498 497 485 486 501 500
645 3 2 3 3 483 486 501 498
646 3 2 1 1 482 483 498 497
647 5 2 1 1 484 485 500 499 487 488 503 502
648 3 2 2 2 484 499 502 487
649 5 2 1 1 485 486 501 500 488 489 504 503
650 3 2 3 3 486 489 504 501
651 5 2 1 1 487 488 503 502 490 491 506 505
652 3 2 2 2 487 502 505 490
653 5 2 1 1 488 489 504 503 491 492 507 506
654 3 2 3 3 489 492 507 504
655 5 2 1 1 490 491 506 505 493 494 509 508
656 3 2 2 2 490 505 508 493
657 3 2 4 4 493 508 509 494
658 5 2 1 1 491 492 507 506 494 495 510 509
659 3 2 3 3 492 495 510 507
660 3 2 4 4 494 509 510 495
661 5 2 1 1 496 497 512 511 499 500 515 514
662 3 2 2 2 496 511 514 499
663 3 2 1 1 496 497 512 511
664 5 2 1 1 497 498 513 512 500 501 516 515
665 3 2 3 3 498 501 516 513
666 3 2 1 1 497 498 513 512
667 5 2 1 1 499 500 515 514 502 503 518 517
668 3 2 2 2 499 514 517 502
669 5 2 1 1 500 501 516 515 503 504 519 518
670 3 2 3 3 501 504 519 516
671 5 2 1 1 502 503 518 517 505 506 521 520
672 3 2 2 2 502 517 520 505
673 5 2 1 1 503 504 519 518 506 507 522 521
674 3 2 3 3 504 507 522 519
675 5 2 1 1 505 506 521 520 508 509 524 523
676 3 2 2 2 505 520 523 508
677 3 2 4 4 508 523 524 509
678 5 2 1 1 506 507 522 521 509 510 525 524
679 3 2 3 3 507 510 525 522
680 3 2 4 4 509 524 525 510
681 5 2 1 1 511 512 527 526 514 515 530 529
682 3 2 2 2 511 526 529 514
683 3 2 1 1 511 512 527 526
684 5 2 1 1 512 513 528 527 515 516 531 530
685 3 2 3 3 513 516 531 528
686 3 2 1 1 512 513 528 527
687 5 2 1 1 514 515 530 529 517 518 533 532
688 3 2 2 2 514 529 532 517
689 5 2 1 1 515 516 531 530 518 519 534 533
690 3 2 3 3 516 519 534 531
691 5 2 1 1 517 518 533 532 520 521 536 535
692 3 2 2 2 517 532 535 520
693 5 2 1 1 518 519 534 533 521 522 537 536
694 3 2 3 3 519 522 537 534
695 5 2 1 1 520 521 536 535 523 524 539 538
696 3 2 2 2 520 535 538 523
697 3 2 4 4 523 538 539 524
698 5 2 1 1 521 522 537 536 524 525 540 539
699 3 2 3 3 522 525 540 537
700 3 2 4 4 524 539 540 525
701 5 2 1 1 526 527 542 541 529 530 545 544
702 3 2 2 2 526 541 544 529
703 3 2 1 1 526 527 542 541
704 5 2 1 1 527 528 543 542 530 531 546 545
705 3 2 3 3 528 531 546 543
706 3 2 1 1 527 528 543 542
707 5 2 1 1 529 530 545 544 532 533 548 547
708 3 2 2 2 529 544 547 532
709 5 2 1 1 530 531 546 545 533 534 549 548
710 3 2 3 3 531 534 549 546
711 5 2 1 1 532 533 548 547 535 536 551 550
712 3 2 2 2 532 547 550 535
713 5 2 1 1 533 534 549 548 536 537 552 551
714 3 2 3 3 534 537 552 549
715 5 2 1 1 535 536 551 550 538 539 554 553
716 3 2 2 2 535 550 553 538
717 3 2 4 4 538 553 554 539
718 5 2 1 1 536 537 552 551 539 540 555 554
719 3 2 3 3 537 540 555 552
720 3 2 4 4 539 554 555 540
721 5 2 1 1 541 542 557 556 544 545 560 559
722 3 2 2 2 541 556 559 544
723 3 2 1 1 541 542 557 556
724 5 2 1 1 542 543 558 557 545 546 561 560
725 3 2 3 3 543 546 561 558
726 3 2 1 1 542 543 558 557
727 5 2 1 1 544 545 560 559 547 548 563 562
728 3 2 2 2 544 559 562 547
729 5 2 1 1 545 546 561 560 548 549 564 563
730 3 2 3 3 546 549 564 561
731 5 2 1 1 547 548 563 562 550 551 566 565
732 3 2 2 2 547 562 565 550
733 5 2 1 1 548 549 564 563 551 552 567 566
734 3 2 3 3 549 552 567 564
735 5 2 1 1 550 551 566 565 553 554 569 568
736 3 2 2 2 550 565 568 553
737 3 2 4 4 553 568 569 554
738 5 2 1 1 551 552 567 566 554 555 570 569
739 3 2 3 3 552 555 570 567
740 3 2 4 4 554 569 570 555
741 5 2 1 1 556 557 572 571 559 560 575 574
742 3 2 2 2 556 571 574 559
743 3 2 1 1 556 557 572 571
744 5 2 1 1 557 558 573 572 560 561 576 575
745 3 2 3 3 558 561 576 573
746 3 2 1 1 557 558 573 572
747 5 2 1 1 559 560 575 574 562 563 578 577
748 3 2 2 2 559 574 577 562
749 5 2 1 1 560 561 576 575 563 564 579 578
750 3 2 3 3 561 564 579 576
751 5 2 1 1 562 563 578 577 565 566 581 580
752 3 2 2 2 562 577 580 565
753 5 2 1 1 563 564 579 578 566 567 582 581
754 3 2 3 3 564 567 582 579
755 5 2 1 1 565 566 581 580 568 569 584 583
756 3 2 2 2 565 580 583 568
757 3 2 4 4 568 583 584 569
758 5 2 1 1 566 567 582 581 569 570 585 584
759 3 2 3 3 567 570 585 582
760 3 2 4 4 569 584 585 570
761 5 2 1 1 571 572 587 586 574 575 590 589
762 3 2 2 2 571 586 589 574
763 3 2 1 1 571 572 587 586
764 5 2 1 1 572 573 588 587 575 576 591 590
765 3 2 3 3 573 576 591 588
766 3 2 1 1 572 573 588 587
767 5 2 1 1 574 575 590 589 577 578 593 592
768 3 2 2 2 574 589 592 577
769 5 2 1 1 575 576 591 590 578 579 594 593
770 3 2 3 3 576 579 594 591
771 5 2 1 1 577 578 593 592 580 581 596 595
772 3 2 2 2 577 592 595 580
773 5 2 1 1 578 579 594 593 581 582 597 596
774 3 2 3 3 579 582 597 594
775 5 2 1 1 580 581 596 595 583 584 599 598
776 3 2 2 2 580 595 598 583
777 3 2 4 4 583 598 599 584
778 5 2 1 1 581 582 597 596 584 585 600 599
779 3 2 3 3 582 585 600 597
780 3 2 4 4 584 599 600 585
781 5 2 1 1 586 587 602 601 589 590 605 604
782 3 2 2 2 586 601 604 589
783 3 2 1 1 586 587 602 601
784 5 2 1 1 587 588 603 602 590 591 606 605
785 3 2 3 3 588 591 606 603
786 3 2 1 1 587 588 603 602
787 5 2 1 1 589 590 605 604 592 593 608 607
788 3 2 2 2 589 604 607 592
789 5 2 1 1 590 591 606 605 593 594 609 608
790 3 2 3 3 591 594 609 606
791 5 2 1 1 592 593 608 607 595 596 611 610
792 3 2 2 2 592 607 610 595
793 5 2 1 1 593 594 609 608 596 597 612 611
794 3 2 3 3 594 597 612 609
795 5 2 1 1 595 596 611 610 598 599 614 613
796 3 2 2 2 595 610 613 598
797 3 2 4 4 598 613 614 599
798 5 2 1 1 596 597 612 611 599 600 615 614
799 3 2 3 3 597 600 615 612
800 3 2 4 4 599 614 615 600
801 5 2 1 1 601 602 617 616 604 605 620 619
802 3 2 2 2 601 616 619 604
803 3 2 1 1 601 602 617 616
804 5 2 1 1 602 603 618 617 605 606 621 620
805 3 2 3 3 603 606 621 618
806 3 2 1 1 602 603 618 617
807 5 2 1 1 604 605 620 619 607 608 623 622
808 3 2 2 2 604 619 622 607
809 5 2 1 1 605 606 621 620 608 609 624 623
810 3 2 3 3 606 609 624 621
811 5 2 1 1 607 608 623 622 610 611 626 625
812 3 2 2 2 607 622 625 610
813 5 2 1 1 608 609 624 623 611 612 627 626
814 3 2 3 3 609 612 627 624
815 5 2 1 1 610 611 626 625 613 614 629 628
816 3 2 2 2 610 625 628 613
817 3 2 4 4 613 628 629 614
818 5 2 1 1 611 612 627 626 614 615 630 629
819 3 2 3 3 612 615 630 627
820 3 2 4 4 614 629 630 615
821 5 2 1 1 616 617 632 631 619 620 635 634
822 3 2 2 2 616 631 634 619
823 3 2 1 1 616 617 632 631
824 5 2 1 1 617 618 633 632 620 621 636 635
825 3 2 3 3 618 621 636 633
826 3 2 1 1 617 618 633 632
827 5 2 1 1 619 620 635 634 622 623 638 637
828 3 2 2 2 619 634 637 622
829 5 2 1 1 620 621 636 635 623 624 639 638
830 3 2 3 3 621 624 639 636
831 5 2 1 1 622 623 638 637 625 626 641 640
832 3 2 2 2 622 637 640 625
833 5 2 1 1 623 624 639 638 626 627 642 641
834 3 2 3 3 624 627 642 639
835 5 2 1 1 625 626 641 640 628 629 644 643
836 3 2 2 2 625 640 643 628
837 3 2 4 4 628 643 644 629
838 5 2 1 1 626 627 642 641 629 630 645 644
839 3 2 3 3 627 630 645 642
840 3 2 4 4 629 644 645 630
841 5 2 1 1 631 632 647 646 634 635 650 649
842 3 2 2 2 631 646 649 634
843 3 2 1 1 631 632 647 646
844 5 2 1 1 632 633 648 647 635 636 651 650
845 3 2 3 3 633 636 651 648
846 3 2 1 1 632 633 648 647
847 5 2 1 1 634 635 650 649 637 638 653 652
848 3 2 2 2 634 649 652 637
849 5 2 1 1 635 636 651 650 638 639 654 653
850 3 2 3 3 636 639 654 651
851 5 2 1 1 637 638 653 652 640 641 656 655
852 3 2 2 2 637 652 655 640
853 5 2 1 1 638 639 654 653 641 642 657 656
854 3 2 3 3 639 642 657 654
855 5 2 1 1 640 641 656 655 643 644 659 658
856 3 2 2 2 640 655 658 643
857 3 2 4 4 643 658 659 644
858 5 2 1 1 641 642 657 656 644 645 660 659
859 3 2 3 3 642 645 660 657
860 3 2 4 4 644 659 660 645
861 5 2 1 1 646 647 662 661 649 650 665 664
862 3 2 2 2 646 661 664 649
863 3 2 1 1 646 647 662 661
864 5 2 1 1 647 648 663 662 650 651 666 665
865 3 2 3 3 648 651 666 663
866 3 2 1 1 647 648 663 662
867 5 2 1 1 649 650 665 664 652 653 668 667
868 3 2 2 2 649 664 667 652
869 5 2 1 1 650 651 666 665 653 654 669 668
870 3 2 3 3 651 654 669 666
871 5 2 1 1 652 653 668 667 655 656 671 670
872 3 2 2 2 652 667 670 655
873 5 2 1 1 653 654 669 668 656 657 672 671
874 3 2 3 3 654 657 672 669
875 5 2 1 1 655 656 671 670 658 659 674 673
876 3 2 2 2 655 670 673 658
877 3 2 4 4 658 673 674 659
878 5 2 1 1 656 657 672 671 659 660 675 674
879 3 2 3 3 657 660 675 672
880 3 2 4 4 659 674 675 660
881 5 2 1 1 661 662 677 676 664 665 680 679
882 3 2 2 2 661 676 679 664
883 3 2 1 1 661 662 677 676
884 5 2 1 1 662 663 678 677 665 666 681 680
885 3 2 3 3 663 666 681 678
886 3 2 1 1 662 663 678 677
887 5 2 1 1 664 665 680 679 667 668 683 682
888 3 2 2 2 664 679 682 667
889 5 2 1 1 665 666 681 680 668 669 684 683
890 3 2 3 3 666 669 684 681
891 5 2 1 1 667 668 683 682 670 671 686 685
892 3 2 2 2 667 682 685 670
893 5 2 1 1 668 669 684 683 671 672 687 686
894 3 2 3 3 669 672 687 684
895 5 2 1 1 670 671 686 685 673 674 689 688
896 3 2 2 2 670 685 688 673
897 3 2 4 4 673 688 689 674
898 5 2 1 1 671 672 687 686 674 675 690 689
899 3 2 3 3 672 675 690 687
900 3 2 4 4 674 689 690 675
901 5 2 1 1 676 677 692 691 679 680 695 694
902 3 2 2 2 676 691 694 679
903 3 2 1 1 676 677 692 691
904 5 2 1 1 677 678 693 692 680 681 696 695
905 3 2 3 3 678 681 696 693
906 3 2 1 1 677 678 693 692
907 5 2 1 1 679 680 695 694 682 683 698 697
908 3 2 2 2 679 694 697 682
909 5 2 1 1 680 681 696 695 683 684 699 698
910 3 2 3 3 681 684 699 696
911 5 2 1 1 682 683 698 697 685 686 701 700
912 3 2 2 2 682 697 700 685
913 5 2 1 1 683 684 699 698 686 687 702 701
914 3 2 3 3 684 687 702 699
915 5 2 1 1 685 686 701 700 688 689 704 703
916 3 2 2 2 685 700 703 688
917 3 2 4 4 688 703 704 689
918 5 2 1 1 686 687 702 701 689 690 705 704
919 3 2 3 3 687 690 705 702
920 3 2 4 4 689 704 705 690
921 5 2 1 1 691 692 707 706 694 695 710 709
922 3 2 2 2 691 706 709 694
923 3 2 1 1 691 692 707 706
924 5 2 1 1 692 693 708 707 695 696 711 710
925 3 2 3 3 693 696 711 708
926 3 2 1 1 692 693 708 707
927 5 2 1 1 694 695 710 709 697 698 713 712
928 3 2 2 2 694 709 712 697
929 5 2 1 1 695 696 711 710 698 699 714 713
930 3 2 3 3 696 699 714 711
931 5 2 1 1 697 698 713 712 700 701 716 715
932 3 2 2 2 697 712 715 700
933 5 2 1 1 698 699 714 713 701 702 717 716
934 3 2 3 3 699 702 717 714
935 5 2 1 1 700 701 716 715 703 704 719 718
936 3 2 2 2 700 715 718 703
937 3 2 4 4 703 718 719 704
938 5 2 1 1 701 702 717 716 704 705 720 719
939 3 2 3 3 702 705 720 717
940 3 2 4 4 704 719 720 705
941 5 2 1 1 706 707 722 721 709 710 725 724
942 3 2 2 2 706 721 724 709
943 3 2 1 1 706 707 722 721
944 5 2 1 1 707 708 723 722 710 711 726 725
945 3 2 3 3 708 711 726 723
946 3 2 1 1 707 708 723 722
947 5 2 1 1 709 710 725 724 712 713 728 727
948 3 2 2 2 709 724 727 712
949 5 2 1 1 710 711 726 725 713 714 729 728
950 3 2 3 3 711 714 729 726
951 5 2 1 1 712 713 728 727 715 716 731 730
952 3 2 2 2 712 727 730 715
953 5 2 1 1 713 714 729 728 716 717 732 731
954 3 2 3 3 714 717 732 729
955 5 2 1 1 715 716 731 730 718 719 734 733
956 3 2 2 2 715 730 733 718
957 3 2 4 4 718 733 734 719
958 5 2 1 1 716 717 732 731 719 720 735 734
959 3 2 3 3 717 720 735 732
960 3 2 4 4 719 734 735 720
961 5 2 1 1 721 722 737 736 724 725 740 739
962 3 2 2 2 721 736 739 724
963 3 2 1 1 721 722 737 736
964 5 2 1 1 722 723 738 737 725 726 741 740
965 3 2 3 3 723 726 741 738
966 3 2 1 1 722 723 738 737
967 5 2 1 1 724 725 740 739 727 728 743 742
968 3 2 2 2 724 739 742 727
969 5 2 1 1 725 726 741 740 728 729 744 743
970 3 2 3 3 726 729 744 741
971 5 2 1 1 727 728 743 742 730 731 746 745
972 3 2 2 2 727 742 745 730
973 5 2 1 1 728 729 744 743 731 732 747 746
974 3 2 3 3 729 732 747 744
975 5 2 1 1 730 731 746 745 733 734 749 748
976 3 2 2 2 730 745 748 733
977 3 2 4 4 733 748 749 734
978 5 2 1 1 731 732 747 746 734 735 750 749
979 3 2 3 3 732 735 750 747
980 3 2 4 4 734 749 750 735
981 5 2 1 1 736 737 752 751 739 740 755 754
982 3 2 2 2 736 751 754 739
983 3 2 1 1 736 737 752 751
984 5 2 1 1 737 738 753 752 740 741 756 755
985 3 2 3 3 738 741 756 753
986 3 2 1 1 737 738 753 752
987 5 2 1 1 739 740 755 754 742 743 758 757
988 3 2 2 2 739 754 757 742
989 5 2 1 1 740 741 756 755 743 744 759 758
990 3 2 3 3 741 744 759 756
991 5 2 1 1 742 743 758 757 745 746 761 760
992 3 2 2 2 742 757 760 745
993 5 2 1 1 743 744 759 758 746 747 762 761
994 3 2 3 3 744 747 762 759
995 5 2 1 1 745 746 761 760 748 749 764 763
996 3 2 2 2 745 760 763 748
997 3 2 4 4 748 763 764 749
998 5 2 1 1 746 747 762 761 749 750 765 764
999 3 2 3 3 747 750 765 762
1000 3 2 4 4 749 764 765 750
1001 5 2 1 1 751 752 767 766 754 755 770 769
1002 3 2 2 2 751 766 769 754
1003 3 2 1 1 751 752 767 766
1004 5 2 1 1 752 753 768 767 755 756 771 770
1005 3 2 3 3 753 756 771 768
1006 3 2 1 1 752 753 768 767
1007 5 2 1 1 754 755 770 769 757 758 773 772
1008 3 2 2 2 754 769 772 757
1009 5 2 1 1 755 756 771 770 758 759 774 773
1010 3 2 3 3 756 759 774 771
1011 5 2 1 1 757 758 773 772 760 761 776 775
1012 3 2 2 2 757 772 775 760
1013 5 2 1 1 758 759 774 773 761 762 777 776
1014 3 2 3 3 759 762 777 774
1015 5 2 1 1 760 761 776 775 763 764 779 778
1016 3 2 2 2 760 775 778 763
1017 3 2 4 4 763 778 779 764
1018 5 2 1 1 761 762 777 776 764 765 780 779
1019 3 2 3 3 762 765 780 777
1020 3 2 4 4 764 779 780 765
1021 5 2 1 1 766 767 782 781 769 770 785 784
1022 3 2 2 2 766 781 784 769
1023 3 2 1 1 766 767 782 781
1024 5 2 1 1 767 768 783 782 770 771 786 785
1025 3 2 3 3 768 771 786 783
1026 3 2 1 1 767 768 783 782
1027 5 2 1 1 769 770 785 784 772 773 788 787
1028 3 2 2 2 769 784 787 772
1029 5 2 1 1 770 771 786 785 773 774 789 788
1030 3 2 3 3 771 774 789 786
1031 5 2 1 1 772 773 788 787 775 776 791 790
1032 3 2 2 2 772 787 790 775
1033 5 2 1 1 773 774 789 788 776 777 792 791
1034 3 2 3 3 774 777 792 789
1035 5 2 1 1 775 776 791 790 778 779 794 793
1036 3 2 2 2 775 790 793 778
1037 3 2 4 4 778 793 794 779
1038 5 2 1 1 776 777 792 791 779 780 795 794
1039 3 2 3 3 777 780 795 792
1040 3 2 4 4 779 794 795 780
1041 5 2 1 1 781 782 797 796 784 785 800 799
1042 3 2 2 2 781 796 799 784
1043 3 2 1 1 781 782 797 796
1044 5 2 1 1 782 783 798 797 785 786 801 800
1045 3 2 3 3 783 786 801 798
1046 3 2 1 1 782 783 798 797
1047 5 2 1 1 784 785 800 799 787 788 803 802
1048 3 2 2 2 784 799 802 787
1049 5 2 1 1 785 786 801 800 788 789 804 803
1050 3 2 3 3 786 789 804 801
1051 5 2 1 1 787 788 803 802 790 791 806 805
1052 3 2 2 2 787 802 805 790
1053 5 2 1 1 788 789 804 803 791 792 807 806
1054 3 2 3 3 789 792 807 804
1055 5 2 1 1 790 791 806 805 793 794 809 808
1056 3 2 2 2 790 805 808 793
1057 3 2 4 4 793 808 809 794
1058 5 2 1 1 791 792 807 806 794 795 810 809
1059 3 2 3 3 792 795 810 807
1060 3 2 4 4 794 809 810 795
1061 5 2 1 1 796 797 812 811 799 800 815 814
1062 3 2 2 2 796 811 814 799
1063 3 2 1 1 796 797 812 811
1064 5 2 1 1 797 798 813 812 800 801 816 815
1065 3 2 3 3 798 801 816 813
1066 3 2 1 1 797 798 813 812
1067 5 2 1 1 799 800 815 814 802 803 818 817
1068 3 2 2 2 799 814 817 802
1069 5 2 1 1 800 801 816 815 803 804 819 818
1070 3 2 3 3 801 804 819 816
1071 5 2 1 1 802 803 818 817 805 806 821 820
1072 3 2 2 2 802 817 820 805
1073 5 2 1 1 803 804 819 818 806 807 822 821
1074 3 2 3 3 804 807 822 819
1075 5 2 1 1 805 806 821 820 808 809 824 823
1076 3 2 2 2 805 820 823 808
1077 3 2 4 4 808 823 824 809
1078 5 2 1 1 806 807 822 821 809 810 825 824
1079 3 2 3 3 807 810 825 822
1080 3 2 4 4 809 824 825 810
1081 5 2 1 1 811 812 827 826 814 815 830 829
1082 3 2 2 2 811 826 829 814
1083 3 2 1 1 811 812 827 826
1084 5 2 1 1 812 813 828 827 815 816 831 830
1085 3 2 3 3 813 816 831 828
1086 3 2 1 1 812 813 828 827
1087 5 2 1 1 814 815 830 829 817 818 833 832
1088 3 2 2 2 814 829 832 817
1089 5 2 1 1 815 816 831 830 818 819 834 833
1090 3 2 3 3 816 819 834 831
1091 5 2 1 1 817 818 833 832 820 821 836 835
1092 3 2 2 2 817 832 835 820
1093 5 2 1 1 818 819 834 833 821 822 837 836
1094 3 2 3 3 819 822 837 834
1095 5 2 1 1 820 821 836 835 823 824 839 838
1096 3 2 2 2 820 835 838 823
1097 3 2 4 4 823 838 839 824
1098 5 2 1 1 821 822 837 836 824 825 840 839
1099 3 2 3 3 822 825 840 837
1100 3 2 4 4 824 839 840 825
1101 5 2 1 1 826 827 842 841 829 830 845 844
1102 3 2 2 2 826 841 844 829
1103 3 2 1 1 826 827 842 841
1104 5 2 1 1 827 828 843 842 830 831 846 845
1105 3 2 3 3 828 831 846 843
1106 3 2 1 1 827 828 843 842
1107 5 2 1 1 829 830 845 844 832 833 848 847
1108 3 2 2 2 829 844 847 832
1109 5 2 1 1 830 831 846 845 833 834 849 848
1110 3 2 3 3 831 834 849 846
1111 5 2 1 1 832 833 848 847 835 836 851 850
1112 3 2 2 2 832 847 850 835
1113 5 2 1 1 833 834 849 848 836 837 852 851
1114 3 2 3 3 834 837 852 849
1115 5 2 1 1 835 836 851 850 838 839 854 853
1116 3 2 2 2 835 850 853 838
1117 3 2 4 4 838 853 854 839
1118 5 2 1 1 836 837 852 851 839 840 855 854
1119 3 2 3 3 837 840 855 852
1120 3 2 4 4 839 854 855 840
1121 5 2 1 1 841 842 857 856 844 845 860 859
1122 3 2 2 2 841 856 859 844
1123 3 2 1 1 841 842 857 856
1124 5 2 1 1 842 843 858 857 845 846 861 860
1125 3 2 3 3 843 846 861 858
1126 3 2 1 1 842 843 858 857
1127 5 2 1 1 844 845 860 859 847 848 863 862
1128 3 2 2 2 844 859 862 847
1129 5 2 1 1 845 846 861 860 848 849 864 863
1130 3 2 3 3 846 849 864 861
1131 5 2 1 1 847 848 863 862 850 851 866 865
1132 3 2 2 2 847 862 865 850
1133 5 2 1 1 848 849 864 863 851 852 867 866
1134 3 2 3 3 849 852 867 864
1135 5 2 1 1 850 851 866 865 853 854 869 868
1136 3 2 2 2 850 865 868 853
1137 3 2 4 4 853 868 869 854
1138 5 2 1 1 851 852 867 866 854 855 870 869
1139 3 2 3 3 852 855 870 867
1140 3 2 4 4 854 869 870 855
1141 5 2 1 1 856 857 872 871 859 860 875 874
1142 3 2 2 2 856 871 874 859
1143 3 2 1 1 856 857 872 871
1144 5 2 1 1 857 858 873 872 860 861 876 875
1145 3 2 3 3 858 861 876 873
1146 3 2 1 1 857 858 873 872
1147 5 2 1 1 859 860 875 874 862 863 878 877
1148 3 2 2 2 859 874 877 862
1149 5 2 1 1 860 861 876 875 863 864 879 878
1150 3 2 3 3 861 864 879 876
1151 5 2 1 1 862 863 878 877 865 866 881 880
1152 3 2 2 2 862 877 880 865
1153 5 2 1 1 863 864 879 878 866 867 882 881
1154 3 2 3 3 864 867 882 879
1155 5 2 1 1 865 866 881 880 868 869 884 883
1156 3 2 2 2 865 880 883 868
1157 3 2 4 4 868 883 884 869
1158 5 2 1 1 866 867 882 881 869 870 885 884
1159 3 2 3 3 867 870 885 882
1160 3 2 4 4 869 884 885 870
1161 5 2 1 1 871 872 887 886 874 875 890 889
1162 3 2 2 2 871 886 889 874
1163 3 2 1 1 871 872 887 886
1164 5 2 1 1 872 873 888 887 875 876 891 890
1165 3 2 3 3 873 876 891 888
1166 3 2 1 1 872 873 888 887
1167 5 2 1 1 874 875 890 889 877 878 893 892
1168 3 2 2 2 874 889 892 877
1169 5 2 1 1 875 876 891 890 878 879 894 893
1170 3 2 3 3 876 879 894 891
1171 5 2 1 1 877 878 893 892 880 881 896 895
1172 3 2 2 2 877 892 895 880
1173 5 2 1 1 878 879 894 893 881 882 897 896
1174 3 2 3 3 879 882 897 894
1175 5 2 1 1 880 881 896 895 883 884 899 898
1176 3 2 2 2 880 895 898 883
1177 3 2 4 4 883 898 899 884
1178 5 2 1 1 881 882 897 896 884 885 900 899
1179 3 2 3 3 882 885 900 897
1180 3 2 4 4 884 899 900 885
1181 5 2 1 1 886 887 902 901 889 890 905 904
1182 3 2 2 2 886 901 904 889
1183 3 2 1 1 886 887 902 901
1184 5 2 1 1 887 888 903 902 890 891 906 905
1185 3 2 3 3 888 891 906 903
1186 3 2 1 1 887 888 903 902
1187 5 2 1 1 889 890 905 904 892 893 908 907
1188 3 2 2 2 889 904 907 892
1189 5 2 1 1 890 891 906 905 893 894 909 908
1190 3 2 3 3 891 894 909 906
1191 5 2 1 1 892 893 908 907 895 896 911 910
1192 3 2 2 2 892 907 910 895
1193 5 2 1 1 893 894 909 908 896 897 912 911
1194 3 2 3 3 894 897 912 909
1195 5 2 1 1 895 896 911 910 898 899 914 913
1196 3 2 2 2 895 910 913 898
1197 3 2 4 4 898 913 914 899
1198 5 2 1 1 896 897 912 911 899 900 915 914
1199 3 2 3 3 897 900 915 912
1200 3 2 4 4 899 914 915 900
1201 5 2 1 1 901 902 917 916 904 905 920 919
1202 3 2 2 2 901 916 919 904
1203 3 2 1 1 901 902 917 916
1204 5 2 1 1 902 903 918 917 905 906 921 920
1205 3 2 3 3 903 906 921 918
1206 3 2 1 1 902 903 918 917
1207 5 2 1 1 904 905 920 919 907 908 923 922
1208 3 2 2 2 904 919 922 907
1209 5 2 1 1 905 906 921 920 908 909 924 923
1210 3 2 3 3 906 909 924 921
1211 5 2 1 1 907 908 923 922 910 911 926 925
1212 3 2 2 2 907 922 925 910
1213 5 2 1 1 908 909 924 923 911 912 927 926
1214 3 2 3 3 909 912 927 924
1215 5 2 1 1 910 911 926 925 913 914 929 928
1216 3 2 2 2 910 925 928 913
1217 3 2 4 4 913 928 929 914
1218 5 2 1 1 911 912 927 926 914 915 930 929
1219 3 2 3 3 912 915 930 927
1220 3 2 4 4 914 929 930 915
1221 5 2 1 1 916 917 932 931 919 920 935 934
1222 3 2 2 2 916 931 934 919
1223 3 2 1 1 916 917 932 931
1224 5 2 1 1 917 918 933 932 920 921 936 935
1225 3 2 3 3 918 921 936 933
1226 3 2 1 1 917 918 933 932
1227 5 2 1 1 919 920 935 934 922 923 938 937
1228 3 2 2 2 919 934 937 922
1229 5 2 1 1 920 921 936 935 923 924 939 938
1230 3 2 3 3 921 924 939 936
1231 5 2 1 1 922 923 938 937 925 926 941 940
1232 3 2 2 2 922 937 940 925
1233 5 2 1 1 923 924 939 938 926 927 942 941
1234 3 2 3 3 924 927 942 939
1235 5 2 1 1 925 926 941 940 928 929 944 943
1236 3 2 2 2 925 940 943 928
1237 3 2 4 4 928 943 944 929
1238 5 2 1 1 926 927 942 941 929 930 945 944
1239 3 2 3 3 927 930 945 942
1240 3 2 4 4 929 944 945 930
1241 5 2 1 1 931 932 947 946 934 935 950 949
1242 3 2 2 2 931 946 949 934
1243 3 2 1 1 931 932 947 946
1244 5 2 1 1 932 933 948 947 935 936 951 950
1245 3 2 3 3 933 936 951 948
1246 3 2 1 1 932 933 948 947
1247 5 2 1 1 934 935 950 949 937 938 953 952
1248 3 2 2 2 934 949 952 937
1249 5 2 1 1 935 936 951 950 938 939 954 953
1250 3 2 3 3 936 939 954 951
1251 5 2 1 1 937 938 953 952 940 941 956 955
1252 3 2 2 2 937 952 955 940
1253 5 2 1 1 938 939 954 953 941 942 957 956
1254 3 2 3 3 939 942 957 954
1255 5 2 1 1 940 941 956 955 943 944 959 958
1256 3 2 2 2 940 955 958 943
1257 3 2 4 4 943 958 959 944
1258 5 2 1 1 941 942 957 956 944 945 960 959
1259 3 2 3 3 942 945 960 957
1260 3 2 4 4 944 959 960 945
1261 5 2 1 1 946 947 962 961 949 950 965 964
1262 3 2 2 2 946 961 964 949
1263 3 2 1 1 946 947 962 961
1264 5 2 1 1 947 948 963 962 950 951 966 965
1265 3 2 3 3 948 951 966 963
1266 3 2 1 1 947 948 963 962
1267 5 2 1 1 949 950 965 964 952 953 968 967
1268 3 2 2 2 949 964 967 952
1269 5 2 1 1 950 951 966 965 953 954 969 968
1270 3 2 3 3 951 954 969 966
1271 5 2 1 1 952 953 968 967 955 956 971 970
1272 3 2 2 2 952 967 970 955
1273 5 2 1 1 953 954 969 968 956 957 972 971
1274 3 2 3 3 954 957 972 969
1275 5 2 1 1 955 956 971 970 958 959 974 973
1276 3 2 2 2 955 970 973 958
1277 3 2 4 4 958 973 974 959
1278 5 2 1 1 956 957 972 971 959 960 975 974
1279 3 2 3 3 957 960 975 972
1280 3 2 4 4 959 974 975 960
1281 5 2 1 1 961 962 977 976 964 965 980 979
1282 3 2 2 2 961 976 979 964
1283 3 2 1 1 961 962 977 976
1284 5 2 1 1 962 963 978 977 965 966 981 980
1285 3 2 3 3 963 966 981 978
1286 3 2 1 1 962 963 978 977
1287 5 2 1 1 964 965 980 979 967 968 983 982
1288 3 2 2 2 964 979 982 967
1289 5 2 1 1 965 966 981 980 968 969 984 983
1290 3 2 3 3 966 969 984 981
1291 5 2 1 1 967 968 983 982 970 971 986 985
1292 3 2 2 2 967 982 985 970
1293 5 2 1 1 968 969 984 983 971 972 987 986
1294 3 2 3 3 969 972 987 984
1295 5 2 1 1 970 971 986 985 973 974 989 988
1296 3 2 2 2 970 985 988 973
1297 3 2 4 4 973 988 989 974
1298 5 2 1 1 971 972 987 986 974 975 990 989
1299 3 2 3 3 972 975 990 987
1300 3 2 4 4 974 989 990 975
1301 5 2 1 1 976 977 992 991 979 980 995 994
1302 3 2 2 2 976 991 994 979
1303 3 2 1 1 976 977 992 991
1304 5 2 1 1 977 978 993 992 980 981 996 995
1305 3 2 3 3 978 981 996 993
1306 3 2 1 1 977 978 993 992
1307 5 2 1 1 979 980 995 994 982 983 998 997
1308 3 2 2 2 979 994 997 982
1309 5 2 1 1 980 981 996 995 983 984 999 998
1310 3 2 3 3 981 984 999 996
1311 5 2 1 1 982 983 998 997 985 986 1001 1000
1312 3 2 2 2 982 997 1000 985
1313 5 2 1 1 983 984 999 998 986 987 1002 1001
1314 3 2 3 3 984 987 1002 999
1315 5 2 1 1 985 986 1001 1000 988 989 1004 1003
1316 3 2 2 2 985 1000 1003 988
1317 3 2 4 4 988 1003 1004 989
1318 5 2 1 1 986 987 1002 1001 989 990 1005 1004
1319 3 2 3 3 987 990 1005 1002
1320 3 2 4 4 989 1004 1005 990
1321 5 2 1 1 991 992 1007 1006 994 995 1010 1009
1322 3 2 2 2 991 1006 1009 994
1323 3 2 1 1 991 992 1007 1006
1324 5 2 1 1 992 993 1008 1007 995 996 1011 1010
1325 3 2 3 3 993 996 1011 1008
1326 3 2 1 1 992 993 1008 1007
1327 5 2 1 1 994 995 1010 1009 997 998 1013 1012
1328 3 2 2 2 994 1009 1012 997
1329 5 2 1 1 995 996 1011 1010 998 999 1014 1013
1330 3 2 3 3 996 999 1014 1011
1331 5 2 1 1 997 998 1013 1012 1000 1001 1016 1015
1332 3 2 2 2 997 1012 1015 1000
1333 5 2 1 1 998 999 1014 1013 1001 1002 1017 1016
1334 3 2 3 3 999 1002 1017 1014
1335 5 2 1 1 1000 1001 1016 1015 1003 1004 1019 1018
1336 3 2 2 2 1000 1015 1018 1003
1337 3 2 4 4 1003 1018 1019 1004
1338 5 2 1 1 1001 1002 1017 1016 1004 1005 1020 1019
1339 3 2 3 3 1002 1005 1020 1017
1340 3 2 4 4 1004 1019 1020 1005
1341 5 2 1 1 1006 1007 1022 1021 1009 1010 1025 1024
1342 3 2 2 2 1006 1021 1024 1009
1343 3 2 1 1 1006 1007 1022 1021
1344 5 2 1 1 1007 1008 1023 1022 1010 1011 1026 1025
1345 3 2 3 3 1008 1011 1026 1023
1346 3 2 1 1 1007 1008 1023 1022
1347 5 2 1 1 1009 1010 1025 1024 1012 1013 1028 1027
1348 3 2 2 2 1009 1024 1027 1012
1349 5 2 1 1 1010 1011 1026 1025 1013 1014 1029 1028
1350 3 2 3 3 1011 1014 1029 1026
1351 5 2 1 1 1012 1013 1028 1027 1015 1016 1031 1030
1352 3 2 2 2 1012 1027 1030 1015
1353 5 2 1 1 1013 1014 1029 1028 1016 1017 1032 1031
1354 3 2 3 3 1014 1017 1032 1029
1355 5 2 1 1 1015 1016 1031 1030 1018 1019 1034 1033
1356 3 2 2 2 1015 1030 1033 1018
1357 3 2 4 4 1018 1033 1034 1019
1358 5 2 1 1 1016 1017 1032 1031 1019 1020 1035 1034
1359 3 2 3 3 1017 1020 1035 1032
1360 3 2 4 4 1019 1034 1035 1020
1361 5 2 1 1 1021 1022 1037 1036 1024 1025 1040 1039
1362 3 2 2 2 1021 1036 1039 1024
1363 3 2 1 1 1021 1022 1037 1036
1364 5 2 1 1 1022 1023 1038 1037 1025 1026 1041 1040
1365 3 2 3 3 1023 1026 1041 1038
1366 3 2 1 1 1022 1023 1038 1037
1367 5 2 1 1 1024 1025 1040 1039 1027 1028 1043 1042
1368 3 2 2 2 1024 1039 1042 1027
1369 5 2 1 1 1025 1026 1041 1040 1028 1029 1044 1043
1370 3 2 3 3 1026 1029 1044 1041
1371 5 2 1 1 1027 1028 1043 1042 1030 1031 1046 1045
1372 3 2 2 2 1027 1042 1045 1030
1373 5 2 1 1 1028 1029 1044 1043 1031 1032 1047 1046
1374 3 2 3 3 1029 1032 1047 1044
1375 5 2 1 1 1030 1031 1046 1045 1033 1034 1049 1048
1376 3 2 2 2 1030 1045 1048 1033
1377 3 2 4 4 1033 1048 1049 1034
1378 5 2 1 1 1031 1032 1047 1046 1034 1035 1050 1049
1379 3 2 3 3 1032 1035 1050 1047
1380 3 2 4 4 1034 1049 1050 1035
1381 5 2 1 1 1036 1037 1052 1051 1039 1040 1055 1054
1382 3 2 2 2 1036 1051 1054 1039
1383 3 2 1 1 1036 1037 1052 1051
1384 5 2 1 1 1037 1038 1053 1052 1040 1041 1056 1055
1385 3 2 3 3 1038 1041 1056 1053
1386 3 2 1 1 1037 1038 1053 1052
1387 5 2 1 1 1039 1040 1055 1054 1042 1043 1058 1057
1388 3 2 2 2 1039 1054 1057 1042
1389 5 2 1 1 1040 1041 1056 1055 1043 1044 1059 1058
1390 3 2 3 3 1041 1044 1059 1056
1391 5 2 1 1 1042 1043 1058 1057 1045 1046 1061 1060
1392 3 2 2 2 1042 1057 1060 1045
1393 5 2 1 1 1043 1044 1059 1058 1046 1047 1062 1061
1394 3 2 3 3 1044 1047 1062 1059
1395 5 2 1 1 1045 1046 1061 1060 1048 1049 1064 1063
1396 3 2 2 2 1045 1060 1063 1048
1397 3 2 4 4 1048 1063 1064 1049
1398 5 2 1 1 1046 1047 1062 1061 1049 1050 1065 1064
1399 3 2 3 3 1047 1050 1065 1062
1400 3 2 4 4 1049 1064 1065 1050
1401 5 2 1 1 1051 1052 1067 1066 1054 1055 1070 1069
1402 3 2 2 2 1051 1066 1069 1054
1403 3 2 1 1 1051 1052 1067 1066
1404 5 2 1 1 1052 1053 1068 1067 1055 1056 1071 1070
1405 3 2 3 3 1053 1056 1071 1068
1406 3 2 1 1 1052 1053 1068 1067
1407 5 2 1 1 1054 1055 1070 1069 1057 1058 1073 1072
1408 3 2 2 2 1054 1069 1072 1057
1409 5 2 1 1 1055 1056 1071 1070 1058 1059 1074 1073
1410 3 2 3 3 1056 1059 1074 1071
1411 5 2 1 1 1057 1058 1073 1072 1060 1061 1076 1075
1412 3 2 2 2 1057 1072 1075 1060
1413 5 2 1 1 1058 1059 1074 1073 1061 1062 1077 1076
1414 3 2 3 3 1059 1062 1077 1074
1415 5 2 1 1 1060 1061 1076 1075 1063 1064 1079 1078
1416 3 2 2 2 1060 1075 1078 1063
1417 3 2 4 4 1063 1078 1079 1064
1418 5 2 1 1 1061 1062 1077 1076 1064 1065 1080 1079
1419 3 2 3 3 1062 1065 1080 1077
1420 3 2 4 4 1064 1079 1080 1065
1421 5 2 1 1 1066 1067 1082 1081 1069 1070 1085 1084
1422 3 2 2 2 1066 1081 1084 1069
1423 3 2 1 1 1066 1067 1082 1081
1424 5 2 1 1 1067 1068 1083 1082 1070 1071 1086 1085
1425 3 2 3 3 1068 1071 1086 1083
1426 3 2 1 1 1067 1068 1083 1082
1427 5 2 1 1 1069 1070 1085 1084 1072 1073 1088 1087
1428 3 2 2 2 1069 1084 1087 1072
1429 5 2 1 1 1070 1071 1086 1085 1073 1074 1089 1088
1430 3 2 3 3 1071 1074 1089 1086
1431 5 2 1 1 1072 1073 1088 1087 1075 1076 1091 1090
1432 3 2 2 2 1072 1087 1090 1075
1433 5 2 1 1 1073 1074 1089 1088 1076 1077 1092 1091
1434 3 2 3 3 1074 1077 1092 1089
1435 5 2 1 1 1075 1076 1091 1090 1078 1079 1094 1093
1436 3 2 2 2 1075 1090 1093 1078
1437 3 2 4 4 1078 1093 1094 1079
1438 5 2 1 1 1076 1077 1092 1091 1079 1080 1095 1094
1439 3 2 3 3 1077 1080 1095 1092
1440 3 2 4 4 1079 1094 1095 1080
1441 5 2 1 1 1081 1082 1097 1096 1084 1085 1100 1099
1442 3 2 2 2 1081 1096 1099 1084
1443 3 2 1 1 1081 1082 1097 1096
1444 5 2 1 1 1082 1083 1098 1097 1085 1086 1101 1100
1445 3 2 3 3 1083 1086 1101 1098
1446 3 2 1 1 1082 1083 1098 1097
1447 5 2 1 1 1084 1085 1100 1099 1087 1088 1103 1102
1448 3 2 2 2 1084 1099 1102 1087
1449 5 2 1 1 1085 1086 1101 1100 1088 1089 1104 1103
1450 3 2 3 3 1086 1089 1104 1101
1451 5 2 1 1 1087 1088 1103 1102 1090 1091 1106 1105
1452 3 2 2 2 1087 1102 1105 1090
1453 5 2 1 1 1088 1089 1104 1103 1091 1092 1107 1106
1454 3 2 3 3 1089 1092 1107 1104
1455 5 2 1 1 1090 1091 1106 1105 1093 1094 1109 1108
1456 3 2 2 2 1090 1105 1108 1093
1457 3 2 4 4 1093 1108 1109 1094
1458 5 2 1 1 1091 1092 1107 1106 1094 1095 1110 1109
1459 3 2 3 3 1092 1095 1110 1107
1460 3 2 4 4 1094 1109 1110 1095
1461 5 2 1 1 1096 1097 1112 1111 1099 1100 1115 1114
1462 3 2 2 2 1096 1111 1114 1099
1463 3 2 1 1 1096 1097 1112 1111
1464 5 2 1 1 1097 1098 1113 1112 1100 1101 1116 1115
1465 3 2 3 3 1098 1101 1116 1113
1466 3 2 1 1 1097 1098 1113 1112
1467 5 2 1 1 1099 1100 1115 1114 1102 1103 1118 1117
1468 3 2 2 2 1099 1114 1117 1102
1469 5 2 1 1 1100 1101 1116 1115 1103 1104 1119 1118
1470 3 2 3 3 1101 1104 1119 1116
1471 5 2 1 1 1102 1103 1118 1117 1105 1106 1121 1120
1472 3 2 2 2 1102 1117 1120 1105
1473 5 2 1 1 1103 1104 1119 1118 1106 1107 1122 1121
1474 3 2 3 3 1104 1107 1122 1119
1475 5 2 1 1 1105 1106 1121 1120 1108 1109 1124 1123
1476 3 2 2 2 1105 1120 1123 1108
1477 3 2 4 4 1108 1123 1124 1109
1478 5 2 1 1 1106 1107 1122 1121 1109 1110 1125 1124
1479 3 2 3 3 1107 1110 1125 1122
1480 3 2 4 4 1109 1124 1125 1110
1481 5 2 1 1 1111 1112 1127 1126 1114 1115 1130 1129
1482 3 2 2 2 1111 1126 1129 1114
1483 3 2 1 1 1111 1112 1127 1126
1484 5 2 1 1 1112 1113 1128 1127 1115 1116 1131 1130
1485 3 2 3 3 1113 1116 1131 1128
1486 3 2 1 1 1112 1113 1128 1127
1487 5 2 1 1 1114 1115 1130 1129 1117 1118 1133 1132
1488 3 2 2 2 1114 1129 1132 1117
1489 5 2 1 1 1115 1116 1131 1130 1118 1119 1134 1133
1490 3 2 3 3 1116 1119 1134 1131
1491 5 2 1 1 1117 1118 1133 1132 1120 1121 1136 1135
1492 3 2 2 2 1117 1132 1135 1120
1493 5 2 1 1 1118 1119 1134 1133 1121 1122 1137 1136
1494 3 2 3 3 1119 1122 1137 1134
1495 5 2 1 1 1120 1121 1136 1135 1123 1124 1139 1138
1496 3 2 2 2 1120 1135 1138 1123
1497 3 2 4 4 1123 1138 1139 1124
1498 5 2 1 1 1121 1122 1137 1136 1124 1125 1140 1139
1499 3 2 3 3 1122 1125 1140 1137
1500 3 2 4 4 1124 1139 1140 1125
1501 5 2 1 1 1126 1127 1142 1141 1129 1130 1145 1144
1502 3 2 2 2 1126 1141 1144 1129
1503 3 2 1 1 1126 1127 1142 1141
1504 5 2 1 1 1127 1128 1143 1142 1130 1131 1146 1145
1505 3 2 3 3 1128 1131 1146 1143
1506 3 2 1 1 1127 1128 1143 1142
1507 5 2 1 1 1129 1130 1145 1144 1132 1133 1148 1147
1508 3 2 2 2 1129 1144 1147 1132
1509 5 2 1 1 1130 1131 1146 1145 1133 1134 1149 1148
1510 3 2 3 3 1131 1134 1149 1146
1511 5 2 1 1 1132 1133 1148 1147 1135 1136 1151 1150
1512 3 2 2 2 1132 1147 1150 1135
1513 5 2 1 1 1133 1134 1149 1148 1136 1137 1152 1151
1514 3 2 3 3 1134 1137 1152 1149
1515 5 2 1 1 1135 1136 1151 1150 1138 1139 1154 1153
1516 3 2 2 2 1135 1150 1153 1138
1517 3 2 4 4 1138 1153 1154 1139
1518 5 2 1 1 1136 1137 1152 1151 1139 1140 1155 1154
1519 3 2 3 3 1137 1140 1155 1152
1520 3 2 4 4 1139 1154 1155 1140
1521 5 2 1 1 1141 1142 1157 1156 1144 1145 1160 1159
1522 3 2 2 2 1141 1156 1159 1144
1523 3 2 1 1 1141 1142 1157 1156
1524 5 2 1 1 1142 1143 1158 1157 1145 1146 1161 1160
1525 3 2 3 3 1143 1146 1161 1158
1526 3 2 1 1 1142 1143 1158 1157
1527 5 2 1 1 1144 1145 1160 1159 1147 1148 1163 1162
1528 3 2 2 2 1144 1159 1162 1147
1529 5 2 1 1 1145 1146 1161 1160 1148 1149 1164 1163
1530 3 2 3 3 1146 1149 1164 1161
1531 5 2 1 1 1147 1148 1163 1162 1150 1151 1166 1165
1532 3 2 2 2 1147 1162 1165 1150
1533 5 2 1 1 1148 1149 1164 1163 1151 1152 1167 1166
1534 3 2 3 3 1149 1152 1167 1164
1535 5 2 1 1 1150 1151 1166 1165 1153 1154 1169 1168
1536 3 2 2 2 1150 1165 1168 1153
1537 3 2 4 4 1153 1168 1169 1154
1538 5 2 1 1 1151 1152 1167 1166 1154 1155 1170 1169
1539 3 2 3 3 1152 1155 1170 1167
1540 3 2 4 4 1154 1169 1170 1155
1541 5 2 1 1 1156 1157 1172 1171 1159 1160 1175 1174
1542 3 2 2 2 1156 1171 1174 1159
1543 3 2 1 1 1156 1157 1172 1171
1544 5 2 1 1 1157 1158 1173 1172 1160 1161 1176 1175
1545 3 2 3 3 1158 1161 1176 1173
1546 3 2 1 1 1157 1158 1173 1172
1547 5 2 1 1 1159 1160 1175 1174 1162 1163 1178 1177
1548 3 2 2 2 1159 1174 1177 1162
1549 5 2 1 1 1160 1161 1176 1175 1163 1164 1179 1178
1550 3 2 3 3 1161 1164 1179 1176
1551 5 2 1 1 1162 1163 1178 1177 1165 1166 1181 1180
1552 3 2 2 2 1162 1177 1180 1165
1553 5 2 1 1 1163 1164 1179 1178 1166 1167 1182 1181
1554 3 2 3 3 1164 1167 1182 1179
1555 5 2 1 1 1165 1166 1181 1180 1168 1169 1184 1183
1556 3 2 2 2 1165 1180 1183 1168
1557 3 2 4 4 1168 1183 1184 1169
1558 5 2 1 1 1166 1167 1182 1181 1169 1170 1185 1184
1559 3 2 3 3 1167 1170 1185 1182
1560 3 2 4 4 1169 1184 1185 1170
1561 5 2 1 1 1171 1172 1187 1186 1174 1175 1190 1189
1562 3 2 2 2 1171 1186 1189 1174
1563 3 2 1 1 1171 1172 1187 1186
1564 5 2 1 1 1172 1173 1188 1187 1175 1176 1191 1190
1565 3 2 3 3 1173 1176 1191 1188
1566 3 2 1 1 1172 1173 1188 1187
1567 5 2 1 1 1174 1175 1190 1189 1177 1178 1193 1192
1568 3 2 2 2 1174 1189 1192 1177
1569 5 2 1 1 1175 1176 1191 1190 1178 1179 1194 1193
1570 3 2 3 3 1176 1179 1194 1191
1571 5 2 1 1 1177 1178 1193 1192 1180 1181 1196 1195
1572 3 2 2 2 1177 1192 1195 1180
1573 5 2 1 1 1178 1179 1194 1193 1181 1182 1197 1196
1574 3 2 3 3 1179 1182 1197 1194
1575 5 2 1 1 1180 1181 1196 1195 1183 1184 1199 1198
1576 3 2 2 2 1180 1195 1198 1183
1577 3 2 4 4 1183 1198 1199 1184
1578 5 2 1 1 1181 1182 1197 1196 1184 1185 1200 1199
1579 3 2 3 3 1182 1185 1200 1197
1580 3 2 4 4 1184 1199 1200 1185
1581 5 2 1 1 1186 1187 1202 1201 1189 1190 1205 1204
1582 3 2 2 2 1186 1201 1204 1189
1583 3 2 1 1 1186 1187 1202 1201
1584 5 2 1 1 1187 1188 1203 1202 1190 1191 1206 1205
1585 3 2 3 3 1188 1191 1206 1203
1586 3 2 1 1 1187 1188 1203 1202
1587 5 2 1 1 1189 1190 1205 1204 1192 1193 1208 1207
1588 3 2 2 2 1189 1204 1207 1192
1589 5 2 1 1 1190 1191 1206 1205 1193 1194 1209 1208
1590 3 2 3 3 1191 1194 1209 1206
1591 5 2 1 1 1192 1193 1208 1207 1195 1196 1211 1210
1592 3 2 2 2 1192 1207 1210 1195
1593 5 2 1 1 1193 1194 1209 1208 1196 1197 1212 1211
1594 3 2 3 3 1194 1197 1212 1209
1595 5 2 1 1 1195 1196 1211 1210 1198 1199 1214 1213
1596 3 2 2 2 1195 1210 1213 1198
1597 3 2 4 4 1198 1213 1214 1199
1598 5 2 1 1 1196 1197 1212 1211 1199 1200 1215 1214
1599 3 2 3 3 1197 1200 1215 1212
1600 3 2 4 4 1199 1214 1215 1200
1601 5 2 1 1 1201 1202 1217 1216 1204 1205 1220 1219
1602 3 2 2 2 1201 1216 1219 1204
1603 3 2 1 1 1201 1202 1217 1216
1604 5 2 1 1 1202 1203 1218 1217 1205 1206 1221 1220
1605 3 2 3 3 1203 1206 1221 1218
1606 3 2 1 1 1202 1203 1218 1217
1607 5 2 1 1 1204 1205 1220 1219 1207 1208 1223 1222
1608 3 2 2 2 1204 1219 1222 1207
1609 5 2 1 1 1205 1206 1221 1220 1208 1209 1224 1223
1610 3 2 3 3 1206 1209 1224 1221
1611 5 2 1 1 1207 1208 1223 1222 1210 1211 1226 1225
1612 3 2 2 2 1207 1222 1225 1210
1613 5 2 1 1 1208 1209 1224 1223 1211 1212 1227 1226
1614 3 2 3 3 1209 1212 1227 1224
1615 5 2 1 1 1210 1211 1226 1225 1213 1214 1229 1228
1616 3 2 2 2 1210 1225 1228 1213
1617 3 2 4 4 1213 1228 1229 1214
1618 5 2 1 1 1211 1212 1227 1226 1214 1215 1230 1229
1619 3 2 3 3 1212 1215 1230 1227
1620 3 2 4 4 1214 1229 1230 1215
1621 5 2 1 1 1216 1217 1232 1231 1219 1220 1235 1234
1622 3 2 2 2 1216 1231 1234 1219
1623 3 2 1 1 1216 1217 1232 1231
1624 5 2 1 1 1217 1218 1233 1232 1220 1221 1236 1235
1625 3 2 3 3 1218 1221 1236 1233
1626 3 2 1 1 1217 1218 1233 1232
1627 5 2 1 1 1219 1220 1235 1234 1222 1223 1238 1237
1628 3 2 2 2 1219 1234 1237 1222
1629 5 2 1 1 1220 1221 1236 1235 1223 1224 1239 1238
1630 3 2 3 3 1221 1224 1239 1236
1631 5 2 1 1 1222 1223 1238 1237 1225 1226 1241 1240
1632 3 2 2 2 1222 1237 1240 1225
1633 5 2 1 1 1223 1224 1239 1238 1226 1227 1242 1241
1634 3 2 3 3 1224 1227 1242 1239
1635 5 2 1 1 1225 1226 1241 1240 1228 1229 1244 1243
1636 3 2 2 2 1225 1240 1243 1228
1637 3 2 4 4 1228 1243 1244 1229
1638 5 2 1 1 1226 1227 1242 1241 1229 1230 1245 1244
1639 3 2 3 3 1227 1230 1245 1242
1640 3 2 4 4 1229 1244 1245 1230
1641 5 2 1 1 1231 1232 1247 1246 1234 1235 1250 1249
1642 3 2 2 2 1231 1246 1249 1234
1643 3 2 1 1 1231 1232 1247 1246
1644 5 2 1 1 1232 1233 1248 1247 1235 1236 1251 1250
1645 3 2 3 3 1233 1236 1251 1248
1646 3 2 1 1 1232 1233 1248 1247
1647 5 2 1 1 1234 1235 1250 1249 1237 1238 1253 1252
1648 3 2 2 2 1234 1249 1252 1237
1649 5 2 1 1 1235 1236 1251 1250 1238 1239 1254 1253
1650 3 2 3 3 1236 1239 1254 1251
1651 5 2 1 1 1237 1238 1253 1252 1240 1241 1256 1255
1652 3 2 2 2 1237 1252 1255 1240
1653 5 2 1 1 1238 1239 1254 1253 1241 1242 1257 1256
1654 3 2 3 3 1239 1242 1257 1254
1655 5 2 1 1 1240 1241 1256 1255 1243 1244 1259 1258
1656 3 2 2 2 1240 1255 1258 1243
1657 3 2 4 4 1243 1258 1259 1244
1658 5 2 1 1 1241 1242 1257 1256 1244 1245 1260 1259
1659 3 2 3 3 1242 1245 1260 1257
1660 3 2 4 4 1244 1259 1260 1245
1661 5 2 1 1 1246 1247 1262 1261 1249 1250 1265 1264
1662 3 2 2 2 1246 1261 1264 1249
1663 3 2 1 1 1246 1247 1262 1261
1664 5 2 1 1 1247 1248 1263 1262 1250 1251 1266 1265
1665 3 2 3 3 1248 1251 1266 1263
1666 3 2 1 1 1247 1248 1263 1262
1667 5 2 1 1 1249 1250 1265 1264 1252 1253 1268 1267
1668 3 2 2 2 1249 1264 1267 1252
1669 5 2 1 1 1250 1251 1266 1265 1253 1254 1269 1268
1670 3 2 3 3 1251 1254 1269 1266
1671 5 2 1 1 1252 1253 1268 1267 1255 1256 1271 1270
1672 3 2 2 2 1252 1267 1270 1255
1673 5 2 1 1 1253 1254 1269 1268 1256 1257 1272 1271
1674 3 2 3 3 1254 1257 1272 1269
1675 5 2 1 1 1255 1256 1271 1270 1258 1259 1274 1273
1676 3 2 2 2 1255 1270 1273 1258
1677 3 2 4 4 1258 1273 1274 1259
1678 5 2 1 1 1256 1257 1272 1271 1259 1260 1275 1274
1679 3 2 3 3 1257 1260 1275 1272
1680 3 2 4 4 1259 1274 1275 1260
1681 5 2 1 1 1261 1262 1277 1276 1264 1265 1280 1279
1682 3 2 2 2 1261 1276 1279 1264
1683 3 2 1 1 1261 1262 1277 1276
1684 5 2 1 1 1262 1263 1278 1277 1265 1266 1281 1280
1685 3 2 3 3 1263 1266 1281 1278
1686 3 2 1 1 1262 1263 1278 1277
1687 5 2 1 1 1264 1265 1280 1279 1267 1268 1283 1282
1688 3 2 2 2 1264 1279 1282 1267
1689 5 2 1 1 1265 1266 1281 1280 1268 1269 1284 1283
1690 3 2 3 3 1266 1269 1284 1281
1691 5 2 1 1 1267 1268 1283 1282 1270 1271 1286 1285
1692 3 2 2 2 1267 1282 1285 1270
1693 5 2 1 1 1268 1269 1284 1283 1271 1272 1287 1286
1694 3 2 3 3 1269 1272 1287 1284
1695 5 2 1 1 1270 1271 1286 1285 1273 1274 1289 1288
1696 3 2 2 2 1270 1285 1288 1273
1697 3 2 4 4 1273 1288 1289 1274
1698 5 2 1 1 1271 1272 1287 1286 1274 1275 1290 1289
1699 3 2 3 3 1272 1275 1290 1287
1700 3 2 4 4 1274 1289 1290 1275
1701 5 2 1 1 1276 1277 1292 1291 1279 1280 1295 1294
1702 3 2 2 2 1276 1291 1294 1279
1703 3 2 1 1 1276 1277 1292 1291
1704 5 2 1 1 1277 1278 1293 1292 1280 1281 1296 1295
1705 3 2 3 3 1278 1281 1296 1293
1706 3 2 1 1 1277 1278 1293 1292
1707 5 2 1 1 1279 1280 1295 1294 1282 1283 1298 1297
1708 3 2 2 2 1279 1294 1297 1282
1709 5 2 1 1 1280 1281 1296 1295 1283 1284 1299 1298
1710 3 2 3 3 1281 1284 1299 1296
1711 5 2 1 1 1282 1283 1298 1297 1285 1286 1301 1300
1712 3 2 2 2 1282 1297 1300 1285
1713 5 2 1 1 1283 1284 1299 1298 1286 1287 1302 1301
1714 3 2 3 3 1284 1287 1302 1299
1715 5 2 1 1 1285 1286 1301 1300 1288 1289 1304 1303
1716 3 2 2 2 1285 1300 1303 1288
1717 3 2 4 4 1288 1303 1304 1289
1718 5 2 1 1 1286 1287 1302 1301 1289 1290 1305 1304
1719 3 2 3 3 1287 1290 1305 1302
1720 3 2 4 4 1289 1304 1305 1290
1721 5 2 1 1 1291 1292 1307 1306 1294 1295 1310 1309
1722 3 2 2 2 1291 1306 1309 1294
1723 3 2 1 1 1291 1292 1307 1306
1724 5 2 1 1 1292 1293 1308 1307 1295 1296 1311 1310
1725 3 2 3 3 1293 1296 1311 1308
1726 3 2 1 1 1292 1293 1308 1307
1727 5 2 1 1 1294 1295 1310 1309 1297 1298 1313 1312
1728 3 2 2 2 1294 1309 1312 1297
1729 5 2 1 1 1295 1296 1311 1310 1298 1299 1314 1313
1730 3 2 3 3 1296 1299 1314 1311
1731 5 2 1 1 1297 1298 1313 1312 1300 1301 1316 1315
1732 3 2 2 2 1297 1312 1315 1300
1733 5 2 1 1 1298 1299 1314 1313 1301 1302 1317 1316
1734 3 2 3 3 1299 1302 1317 1314
1735 5 2 1 1 1300 1301 1316 1315 1303 1304 1319 1318
1736 3 2 2 2 1300 1315 1318 1303
1737 3 2 4 4 1303 1318 1319 1304
1738 5 2 1 1 1301 1302 1317 1316 1304 1305 1320 1319
1739 3 2 3 3 1302 1305 1320 1317
1740 3 2 4 4 1304 1319 1320 1305
1741 5 2 1 1 1306 1307 1322 1321 1309 1310 1325 1324
1742 3 2 2 2 1306 1321 1324 1309
1743 3 2 1 1 1306 1307 1322 1321
1744 5 2 1 1 1307 1308 1323 1322 1310 1311 1326 1325
1745 3 2 3 3 1308 1311 1326 1323
1746 3 2 1 1 1307 1308 1323 1322
1747 5 2 1 1 1309 1310 1325 1324 1312 1313 1328 1327
1748 3 2 2 2 1309 1324 1327 1312
1749 5 2 1 1 1310 1311 1326 1325 1313 1314 1329 1328
1750 3 2 3 3 1311 1314 1329 1326
1751 5 2 1 1 1312 1313 1328 1327 1315 1316 1331 1330
1752 3 2 2 2 1312 1327 1330 1315
1753 5 2 1 1 1313 1314 1329 1328 1316 1317 1332 1331
1754 3 2 3 3 1314 1317 1332 1329
1755 5 2 1 1 1315 1316 1331 1330 1318 1319 1334 1333
1756 3 2 2 2 1315 1330 1333 1318
1757 3 2 4 4 1318 1333 1334 1319
1758 5 2 1 1 1316 1317 1332 1331 1319 1320 1335 1334
1759 3 2 3 3 1317 1320 1335 1332
1760 3 2 4 4 1319 1334 1335 1320
1761 5 2 1 1 1321 1322 1337 1336 1324 1325 1340 1339
1762 3 2 2 2 1321 1336 1339 1324
1763 3 2 1 1 1321 1322 1337 1336
1764 5 2 1 1 1322 1323 1338 1337 1325 1326 1341 1340
1765 3 2 3 3 1323 1326 1341 1338
1766 3 2 1 1 1322 1323 1338 1337
1767 5 2 1 1 1324 1325 1340 1339 1327 1328 1343 1342
1768 3 2 2 2 1324 1339 1342 1327
1769 5 2 1 1 1325 1326 1341 1340 1328 1329 1344 1343
1770 3 2 3 3 1326 1329 1344 1341
1771 5 2 1 1 1327 1328 1343 1342 1330 1331 1346 1345
1772 3 2 2 2 1327 1342 1345 1330
1773 5 2 1 1 1328 1329 1344 1343 1331 1332 1347 1346
1774 3 2 3 3 1329 1332 1347 1344
1775 5 2 1 1 1330 1331 1346 1345 1333 1334 1349 1348
1776 3 2 2 2 1330 1345 1348 1333
1777 3 2 4 4 1333 1348 1349 1334
1778 5 2 1 1 1331 1332 1347 1346 1334 1335 1350 1349
1779 3 2 3 3 1332 1335 1350 1347
1780 3 2 4 4 1334 1349 1350 1335
1781 5 2 1 1 1336 1337 1352 1351 1339 1340 1355 1354
1782 3 2 2 2 1336 1351 1354 1339
1783 3 2 1 1 1336 1337 1352 1351
1784 5 2 1 1 1337 1338 1353 1352 1340 1341 1356 1355
1785 3 2 3 3 1338 1341 1356 1353
1786 3 2 1 1 1337 1338 1353 1352
1787 5 2 1 1 1339 1340 1355 1354 1342 1343 1358 1357
1788 3 2 2 2 1339 1354 1357 1342
1789 5 2 1 1 1340 1341 1356 1355 1343 1344 1359 1358
1790 3 2 3 3 1341 1344 1359 1356
1791 5 2 1 1 1342 1343 1358 1357 1345 1346 1361 1360
1792 3 2 2 2 1342 1357 1360 1345
1793 5 2 1 1 1343 1344 1359 1358 1346 1347 1362 1361
1794 3 2 3 3 1344 1347 1362 1359
1795 5 2 1 1 1345 1346 1361 1360 1348 1349 1364 1363
1796 3 2 2 2 1345 1360 1363 1348
1797 3 2 4 4 1348 1363 1364 1349
1798 5 2 1 1 1346 1347 1362 1361 1349 1350 1365 1364
1799 3 2 3 3 1347 1350 1365 1362
1800 3 2 4 4 1349 1364 1365 1350
1801 5 2 1 1 1351 1352 1367 1366 1354 1355 1370 1369
1802 3 2 2 2 1351 1366 1369 1354
1803 3 2 1 1 1351 1352 1367 1366
1804 5 2 1 1 1352 1353 1368 1367 1355 1356 1371 1370
1805 3 2 3 3 1353 1356 1371 1368
1806 3 2 1 1 1352 1353 1368 1367
1807 5 2 1 1 1354 1355 1370 1369 1357 1358 1373 1372
1808 3 2 2 2 1354 1369 1372 1357
1809 5 2 1 1 1355 1356 1371 1370 1358 1359 1374 1373
1810 3 2 3 3 1356 1359 1374 1371
1811 5 2 1 1 1357 1358 1373 1372 1360 1361 1376 1375
1812 3 2 2 2 1357 1372 1375 1360
1813 5 2 1 1 1358 1359 1374 1373 1361 1362 1377 1376
1814 3 2 3 3 1359 1362 1377 1374
1815 5 2 1 1 1360 1361 1376 1375 1363 1364 1379 1378
1816 3 2 2 2 1360 1375 1378 1363
1817 3 2 4 4 1363 1378 1379 1364
1818 5 2 1 1 1361 1362 1377 1376 1364 1365 1380 1379
1819 3 2 3 3 1362 1365 1380 1377
1820 3 2 4 4 1364 1379 1380 1365
1821 5 2 1 1 1366 1367 1382 1381 1369 1370 1385 1384
1822 3 2 2 2 1366 1381 1384 1369
1823 3 2 1 1 1366 1367 1382 1381
1824 5 2 1 1 1367 1368 1383 1382 1370 1371 1386 1385
1825 3 2 3 3 1368 1371 1386 1383
1826 3 2 1 1 1367 1368 1383 1382
1827 5 2 1 1 1369 1370 1385 1384 1372 1373 1388 1387
1828 3 2 2 2 1369 1384 1387 1372
1829 5 2 1 1 1370 1371 1386 1385 1373 1374 1389 1388
1830 3 2 3 3 1371 1374 1389 1386
1831 5 2 1 1 1372 1373 1388 1387 1375 1376 1391 1390
1832 3 2 2 2 1372 1387 1390 1375
1833 5 2 1 1 1373 1374 1389 1388 1376 1377 1392 1391
1834 3 2 3 3 1374 1377 1392 1389
1835 5 2 1 1 1375 1376 1391 1390 1378 1379 1394 1393
1836 3 2 2 2 1375 1390 1393 1378
1837 3 2 4 4 1378 1393 1394 1379
1838 5 2 1 1 1376 1377 1392 1391 1379 1380 1395 1394
1839 3 2 3 3 1377 1380 1395 1392
1840 3 2 4 4 1379 1394 1395 1380
1841 5 2 1 1 1381 1382 1397 1396 1384 1385 1400 1399
1842 3 2 2 2 1381 1396 1399 1384
1843 3 2 1 1 1381 1382 1397 1396
1844 5 2 1 1 1382 1383 1398 1397 1385 1386 1401 1400
1845 3 2 3 3 1383 1386 1401 1398
1846 3 2 1 1 1382 1383 1398 1397
1847 5 2 1 1 1384 1385 1400 1399 1387 1388 1403 1402
1848 3 2 2 2 1384 1399 1402 1387
1849 5 2 1 1 1385 1386 1401 1400 1388 1389 1404 1403
1850 3 2 3 3 1386 1389 1404 1401
1851 5 2 1 1 1387 1388 1403 1402 1390 1391 1406 1405
1852 3 2 2 2 1387 1402 1405 1390
1853 5 2 1 1 1388 1389 1404 1403 1391 1392 1407 1406
1854 3 2 3 3 1389 1392 1407 1404
1855 5 2 1 1 1390 1391 1406 1405 1393 1394 1409 1408
1856 3 2 2 2 1390 1405 1408 1393
1857 3 2 4 4 1393 1408 1409 1394
1858 5 2 1 1 1391 1392 1407 1406 1394 1395 1410 1409
1859 3 2 3 3 1392 1395 1410 1407
1860 3 2 4 4 1394 1409 1410 1395
1861 5 2 1 1 1396 1397 1412 1411 1399 1400 1415 1414
1862 3 2 2 2 1396 1411 1414 1399
1863 3 2 1 1 1396 1397 1412 1411
1864 5 2 1 1 1397 1398 1413 1412 1400 1401 1416 1415
1865 3 2 3 3 1398 1401 1416 1413
1866 3 2 1 1 1397 1398 1413 1412
1867 5 2 1 1 1399 1400 1415 1414 1402 1403 1418 1417
1868 3 2 2 2 1399 1414 1417 1402
1869 5 2 1 1 1400 1401 1416 1415 1403 1404 1419 1418
1870 3 2 3 3 1401 1404 1419 1416
1871 5 2 1 1 1402 1403 1418 1417 1405 1406 1421 1420
1872 3 2 2 2 1402 1417 1420 1405
1873 5 2 1 1 1403 1404 1419 1418 1406 1407 1422 1421
1874 3 2 3 3 1404 1407 1422 1419
1875 5 2 1 1 1405 1406 1421 1420 1408 1409 1424 1423
1876 3 2 2 2 1405 1420 1423 1408
1877 3 2 4 4 1408 1423 1424 1409
1878 5 2 1 1 1406 1407 1422 1421 1409 1410 1425 1424
1879 3 2 3 3 1407 1410 1425 1422
1880 3 2 4 4 1409 1424 1425 1410
1881 5 2 1 1 1411 1412 1427 1426 1414 1415 1430 1429
1882 3 2 2 2 1411 1426 1429 1414
1883 3 2 1 1 1411 1412 1427 1426
1884 5 2 1 1 1412 1413 1428 1427 1415 1416 1431 1430
1885 3 2 3 3 1413 1416 1431 1428
1886 3 2 1 1 1412 1413 1428 1427
1887 5 2 1 1 1414 1415 1430 1429 1417 1418 1433 1432
1888 3 2 2 2 1414 1429 1432 1417
1889 5 2 1 1 1415 1416 1431 1430 1418 1419 1434 1433
1890 3 2 3 3 1416 1419 1434 1431
1891 5 2 1 1 1417 1418 1433 1432 1420 1421 1436 1435
1892 3 2 2 2 1417 1432 1435 1420
1893 5 2 1 1 1418 1419 1434 1433 1421 1422 1437 1436
1894 3 2 3 3 1419 1422 1437 1434
1895 5 2 1 1 1420 1421 1436 1435 1423 1424 1439 1438
1896 3 2 2 2 1420 1435 1438 1423
1897 3 2 4 4 1423 1438 1439 1424
1898 5 2 1 1 1421 1422 1437 1436 1424 1425 1440 1439
1899 3 2 3 3 1422 1425 1440 1437
1900 3 2 4 4 1424 1439 1440 1425
1901 5 2 1 1 1426 1427 1442 1441 1429 1430 1445 1444
1902 3 2 2 2 1426 1441 1444 1429
1903 3 2 1 1 1426 1427 1442 1441
1904 5 2 1 1 1427 1428 1443 1442 1430 1431 1446 1445
1905 3 2 3 3 1428 1431 1446 1443
1906 3 2 1 1 1427 1428 1443 1442
1907 5 2 1 1 1429 1430 1445 1444 1432 1433 1448 1447
1908 3 2 2 2 1429 1444 1447 1432
1909 5 2 1 1 1430 1431 1446 1445 1433 1434 1449 1448
1910 3 2 3 3 1431 1434 1449 1446
1911 5 2 1 1 1432 1433 1448 1447 1435 1436 1451 1450
1912 3 2 2 2 1432 1447 1450 1435
1913 5 2 1 1 1433 1434 1449 1448 1436 1437 1452 1451
1914 3 2 3 3 1434 1437 1452 1449
1915 5 2 1 1 1435 1436 1451 1450 1438 1439 1454 1453
1916 3 2 2 2 1435 1450 1453 1438
1917 3 2 4 4 1438 1453 1454 1439
1918 5 2 1 1 1436 1437 1452 1451 1439 1440 1455 1454
1919 3 2 3 3 1437 1440 1455 1452
1920 3 2 4 4 1439 1454 1455 1440
1921 5 2 1 1 1441 1442 1457 1456 1444 1445 1460 1459
1922 3 2 2 2 1441 1456 1459 1444
1923 3 2 1 1 1441 1442 1457 1456
1924 5 2 1 1 1442 1443 1458 1457 1445 1446 1461 1460
1925 3 2 3 3 1443 1446 1461 1458
1926 3 2 1 1 1442 1443 1458 1457
1927 5 2 1 1 1444 1445 1460 1459 1447 1448 1463 1462
1928 3 2 2 2 1444 1459 1462 1447
1929 5 2 1 1 1445 1446 1461 1460 1448 1449 1464 1463
1930 3 2 3 3 1446 1449 1464 1461
1931 5 2 1 1 1447 1448 1463 1462 1450 1451 1466 1465
1932 3 2 2 2 1447 1462 1465 1450
1933 5 2 1 1 1448 1449 1464 1463 1451 1452 1467 1466
1934 3 2 3 3 1449 1452 1467 1464
1935 5 2 1 1 1450 1451 1466 1465 1453 1454 1469 1468
1936 3 2 2 2 1450 1465 1468 1453
1937 3 2 4 4 1453 1468 1469 1454
1938 5 2 1 1 1451 1452 1467 1466 1454 1455 1470 1469
1939 3 2 3 3 1452 1455 1470 1467
1940 3 2 4 4 1454 1469 1470 1455
1941 5 2 1 1 1456 1457 1472 1471 1459 1460 1475 1474
1942 3 2 2 2 1456 1471 1474 1459
1943 3 2 1 1 1456 1457 1472 1471
1944 5 2 1 1 1457 1458 1473 1472 1460 1461 1476 1475
1945 3 2 3 3 1458 1461 1476 1473
1946 3 2 1 1 1457 1458 1473 1472
1947 5 2 1 1 1459 1460 1475 1474 1462 1463 1478 1477
1948 3 2 2 2 1459 1474 1477 1462
1949 5 2 1 1 1460 1461 1476 1475 1463 1464 1479 1478
1950 3 2 3 3 1461 1464 1479 1476
1951 5 2 1 1 1462 1463 1478 1477 1465 1466 1481 1480
1952 3 2 2 2 1462 1477 1480 1465
1953 5 2 1 1 1463 1464 1479 1478 1466 1467 1482 1481
1954 3 2 3 3 1464 1467 1482 1479
1955 5 2 1 1 1465 1466 1481 1480 1468 1469 1484 1483
1956 3 2 2 2 1465 1480 1483 1468
1957 3 2 4 4 1468 1483 1484 1469
1958 5 2 1 1 1466 1467 1482 1481 1469 1470 1485 1484
1959 3 2 3 3 1467 1470 1485 1482
1960 3 2 4 4 1469 1484 1485 1470
1961 5 2 1 1 1471 1472 1487 1486 1474 1475 1490 1489
1962 3 2 2 2 1471 1486 1489 1474
1963 3 2 1 1 1471 1472 1487 1486
1964 5 2 1 1 1472 1473 1488 1487 1475 1476 1491 1490
1965 3 2 3 3 1473 1476 1491 1488
1966 3 2 1 1 1472 1473 1488 1487
1967 5 2 1 1 1474 1475 1490 1489 1477 1478 1493 1492
1968 3 2 2 2 1474 1489 1492 1477
1969 5 2 1 1 1475 1476 1491 1490 1478 1479 1494 1493
1970 3 2 3 3 1476 1479 1494 1491
1971 5 2 1 1 1477 1478 1493 1492 1480 1481 1496 1495
1972 3 2 2 2 1477 1492 1495 1480
1973 5 2 1 1 1478 1479 1494 1493 1481 1482 1497 1496
1974 3 2 3 3 1479 1482 1497 1494
1975 5 2 1 1 1480 1481 1496 1495 1483 1484 1499 1498
1976 3 2 2 2 1480 1495 1498 1483
1977 3 2 4 4 1483 1498 1499 1484
1978 5 2 1 1 1481 1482 1497 1496 1484 1485 1500 1499
1979 3 2 3 3 1482 1485 1500 1497
1980 3 2 4 4 1484 1499 1500 1485
1981 5 2 1 1 1486 1487 1502 1501 1489 1490 1505 1504
1982 3 2 2 2 1486 1501 1504 1489
1983 3 2 1 1 1486 1487 1502 1501
1984 5 2 1 1 1487 1488 1503 1502 1490 1491 1506 1505
1985 3 2 3 3 1488 1491 1506 1503
1986 3 2 1 1 1487 1488 1503 1502
1987 5 2 1 1 1489 1490 1505 1504 1492 1493 1508 1507
1988 3 2 2 2 1489 1504 1507 1492
1989 5 2 1 1 1490 1491 1506 1505 1493 1494 1509 1508
1990 3 2 3 3 1491 1494 1509 1506
1991 5 2 1 1 1492 1493 1508 1507 1495 1496 1511 1510
1992 3 2 2 2 1492 1507 1510 1495
1993 5 2 1 1 1493 1494 1509 1508 1496 1497 1512 1511
1994 3 2 3 3 1494 1497 1512 1509
1995 5 2 1 1 1495 1496 1511 1510 1498 1499 1514 1513
1996 3 2 2 2 1495 1510 1513 1498
1997 3 2 4 4 1498 1513 1514 1499
1998 5 2 1 1 1496 1497 1512 1511 1499 1500 1515 1514
1999 3 2 3 3 1497 1500 1515 1512
2000 3 2 4 4 1499 1514 1515 1500
2001 5 2 1 1 1501 1502 1517 1516 1504 1505 1520 1519
2002 3 2 2 2 1501 1516 1519 1504
2003 3 2 1 1 1501 1502 1517 1516
2004 5 2 1 1 1502 1503 1518 1517 1505 1506 1521 1520
2005 3 2 3 3 1503 1506 1521 1518
2006 3 2 1 1 1502 1503 1518 1517
2007 5 2 1 1 1504 1505 1520 1519 1507 1508 1523 1522
2008 3 2 2 2 1504 1519 1522 1507
2009 5 2 1 1 1505 1506 1521 1520 1508 1509 1524 1523
2010 3 2 3 3 1506 1509 1524 1521
2011 5 2 1 1 1507 1508 1523 1522 1510 1511 1526 1525
2012 3 2 2 2 1507 1522 1525 1510
2013 5 2 1 1 1508 1509 1524 1523 1511 1512 1527 1526
2014 3 2 3 3 1509 1512 1527 1524
2015 5 2 1 1 1510 1511 1526 1525 1513 1514 1529 1528
2016 3 2 2 2 1510 1525 1528 1513
2017 3 2 4 4 1513 1528 1529 1514
2018 5 2 1 1 1511 1512 1527 1526 1514 1515 1530 1529
2019 3 2 3 3 1512 1515 1530 1527
2020 3 2 4 4 1514 1529 1530 1515
2021 5 2 1 1 1516 1517 1532 1531 1519 1520 1535 1534
2022 3 2 2 2 1516 1531 1534 1519
2023 3 2 1 1 1516 1517 1532 1531
2024 5 2 1 1 1517 1518 1533 1532 1520 1521 1536 1535
2025 3 2 3 3 1518 1521 1536 1533
2026 3 2 1 1 1517 1518 1533 1532
2027 5 2 1 1 1519 1520 1535 1534 1522 1523 1538 1537
2028 3 2 2 2 1519 1534 1537 1522
2029 5 2 1 1 1520 1521 1536 1535 1523 1524 1539 1538
2030 3 2 3 3 1521 1524 1539 1536
2031 5 2 1 1 1522 1523 1538 1537 1525 1526 1541 1540
2032 3 2 2 2 1522 1537 1540 1525
2033 5 2 1 1 1523 1524 1539 1538 1526 1527 1542 1541
2034 3 2 3 3 1524 1527 1542 1539
2035 5 2 1 1 1525 1526 1541 1540 1528 1529 1544 1543
2036 3 2 2 2 1525 1540 1543 1528
2037 3 2 4 4 1528 1543 1544 1529
2038 5 2 1 1 1526 1527 1542 1541 1529 1530 1545 1544
2039 3 2 3 3 1527 1530 1545 1542
2040 3 2 4 4 1529 1544 1545 1530
2041 5 2 1 1 1531 1532 1547 1546 1534 1535 1550 1549
2042 3 2 2 2 1531 1546 1549 1534
2043 3 2 1 1 1531 1532 1547 1546
2044 5 2 1 1 1532 1533 1548 1547 1535 1536 1551 1550
2045 3 2 3 3 1533 1536 1551 1548
2046 3 2 1 1 1532 1533 1548 1547
2047 5 2 1 1 1534 1535 1550 1549 1537 1538 1553 1552
2048 3 2 2 2 1534 1549 1552 1537
2049 5 2 1 1 1535 1536 1551 1550 1538 1539 1554 1553
2050 3 2 3 3 1536 1539 1554 1551
2051 5 2 1 1 1537 1538 1553 1552 1540 1541 1556 1555
2052 3 2 2 2 1537 1552 1555 1540
2053 5 2 1 1 1538 1539 1554 1553 1541 1542 1557 1556
2054 3 2 3 3 1539 1542 1557 1554
2055 5 2 1 1 1540 1541 1556 1555 1543 1544 1559 1558
2056 3 2 2 2 1540 1555 1558 1543
2057 3 2 4 4 1543 1558 1559 1544
2058 5 2 1 1 1541 1542 1557 1556 1544 1545 1560 1559
2059 3 2 3 3 1542 1545 1560 1557
2060 3 2 4 4 1544 1559 1560 1545
2061 5 2 1 1 1546 1547 1562 1561 1549 1550 1565 1564
2062 3 2 2 2 1546 1561 1564 1549
2063 3 2 1 1 1546 1547 1562 1561
2064 5 2 1 1 1547 1548 1563 1562 1550 1551 1566 1565
2065 3 2 3 3 1548 1551 1566 1563
2066 3 2 1 1 1547 1548 1563 1562
2067 5 2 1 1 1549 1550 1565 1564 1552 1553 1568 1567
2068 3 2 2 2 1549 1564 1567 1552
2069 5 2 1 1 1550 1551 1566 1565 1553 1554 1569 1568
2070 3 2 3 3 1551 1554 1569 1566
2071 5 2 1 1 1552 1553 1568 1567 1555 1556 1571 1570
2072 3 2 2 2 1552 1567 1570 1555
2073 5 2 1 1 1553 1554 1569 1568 1556 1557 1572 1571
2074 3 2 3 3 1554 1557 1572 1569
2075 5 2 1 1 1555 1556 1571 1570 1558 1559 1574 1573
2076 3 2 2 2 1555 1570 1573 1558
2077 3 2 4 4 1558 1573 1574 1559
2078 5 2 1 1 1556 1557 1572 1571 1559 1560 1575 1574
2079 3 2 3 3 1557 1560 1575 1572
2080 3 2 4 4 1559 1574 1575 1560
2081 5 2 1 1 1561 1562 1577 1576 1564 1565 1580 1579
2082 3 2 2 2 1561 1576 1579 1564
2083 3 2 1 1 1561 1562 1577 1576
2084 5 2 1 1 1562 1563 1578 1577 1565 1566 1581 1580
2085 3 2 3 3 1563 1566 1581 1578
2086 3 2 1 1 1562 1563 1578 1577
2087 5 2 1 1 1564 1565 1580 1579 1567 1568 1583 1582
2088 3 2 2 2 1564 1579 1582 1567
2089 5 2 1 1 1565 1566 1581 1580 1568 1569 1584 1583
2090 3 2 3 3 1566 1569 1584 1581
2091 5 2 1 1 1567 1568 1583 1582 1570 1571 1586 1585
2092 3 2 2 2 1567 1582 1585 1570
2093 5 2 1 1 1568 1569 1584 1583 1571 1572 1587 1586
2094 3 2 3 3 1569 1572 1587 1584
2095 5 2 1 1 1570 1571 1586 1585 1573 1574 1589 1588
2096 3 2 2 2 1570 1585 1588 1573
2097 3 2 4 4 1573 1588 1589 1574
2098 5 2 1 1 1571 1572 1587 1586 1574 1575 1590 1589
2099 3 2 3 3 1572 1575 1590 1587
2100 3 2 4 4 1574 1589 1590 1575
2101 5 2 1 1 1576 1577 1592 1591 1579 1580 1595 1594
2102 3 2 2 2 1576 1591 1594 1579
2103 3 2 1 1 1576 1577 1592 1591
2104 5 2 1 1 1577 1578 1593 1592 1580 1581 1596 1595
2105 3 2 3 3 1578 1581 1596 1593
2106 3 2 1 1 1577 1578 1593 1592
2107 5 2 1 1 1579 1580 1595 1594 1582 1583 1598 1597
2108 3 2 2 2 1579 1594 1597 1582
2109 5 2 1 1 1580 1581 1596 1595 1583 1584 1599 1598
2110 3 2 3 3 1581 1584 1599 1596
2111 5 2 1 1 1582 1583 1598 1597 1585 1586 1601 1600
2112 3 2 2 2 1582 1597 1600 1585
2113 5 2 1 1 1583 1584 1599 1598 1586 1587 1602 1601
2114 3 2 3 3 1584 1587 1602 1599
2115 5 2 1 1 1585 1586 1601 1600 1588 1589 1604 1603
2116 3 2 2 2 1585 1600 1603 1588
2117 3 2 4 4 1588 1603 1604 1589
2118 5 2 1 1 1586 1587 1602 1601 1589 1590 1605 1604
2119 3 2 3 3 1587 1590 1605 1602
2120 3 2 4 4 1589 1604 1605 1590
2121 5 2 1 1 1591 1592 1607 1606 1594 1595 1610 1609
2122 3 2 2 2 1591 1606 1609 1594
2123 3 2 1 1 1591 1592 1607 1606
2124 5 2 1 1 1592 1593 1608 1607 1595 1596 1611 1610
2125 3 2 3 3 1593 1596 1611 1608
2126 3 2 1 1 1592 1593 1608 1607
2127 5 2 1 1 1594 1595 1610 1609 1597 1598 1613 1612
2128 3 2 2 2 1594 1609 1612 1597
2129 5 2 1 1 1595 1596 1611 1610 1598 1599 1614 1613
2130 3 2 3 3 1596 1599 1614 1611
2131 5 2 1 1 1597 1598 1613 1612 1600 1601 1616 1615
2132 3 2 2 2 1597 1612 1615 1600
2133 5 2 1 1 1598 1599 1614 1613 1601 1602 1617 1616
2134 3 2 3 3 1599 1602 1617 1614
2135 5 2 1 1 1600 1601 1616 1615 1603 1604 1619 1618
2136 3 2 2 2 1600 1615 1618 1603
2137 3 2 4 4 1603 1618 1619 1604
2138 5 2 1 1 1601 1602 1617 1616 1604 1605 1620 1619
2139 3 2 3 3 1602 1605 1620 1617
2140 3 2 4 4 1604 1619 1620 1605
2141 5 2 1 1 1606 1607 1622 1621 1609 1610 1625 1624
2142 3 2 2 2 1606 1621 1624 1609
2143 3 2 1 1 1606 1607 1622 1621
2144 5 2 1 1 1607 1608 1623 1622 1610 1611 1626 1625
2145 3 2 3 3 1608 1611 1626 1623
2146 3 2 1 1 1607 1608 1623 1622
2147 5 2 1 1 1609 1610 1625 1624 1612 1613 1628 1627
2148 3 2 2 2 1609 1624 1627 1612
2149 5 2 1 1 1610 1611 1626 1625 1613 1614 1629 1628
2150 3 2 3 3 1611 1614 1629 1626
2151 5 2 1 1 1612 1613 1628 1627 1615 1616 1631 1630
2152 3 2 2 2 1612 1627 1630 1615
2153 5 2 1 1 1613 1614 1629 1628 1616 1617 1632 1631
2154 3 2 3 3 1614 1617 1632 1629
2155 5 2 1 1 1615 1616 1631 1630 1618 1619 1634 1633
2156 3 2 2 2 1615 1630 1633 1618
2157 3 2 4 4 1618 1633 1634 1619
2158 5 2 1 1 1616 1617 1632 1631 1619 1620 1635 1634
2159 3 2 3 3 1617 1620 1635 1632
2160 3 2 4 4 1619 1634 1635 1620
2161 5 2 1 1 1621 1622 1637 1636 1624 1625 1640 1639
2162 3 2 2 2 1621 1636 1639 1624
2163 3 2 1 1 1621 1622 1637 1636
2164 5 2 1 1 1622 1623 1638 1637 1625 1626 1641 1640
2165 3 2 3 3 1623 1626 1641 1638
2166 3 2 1 1 1622 1623 1638 1637
2167 5 2 1 1 1624 1625 1640 1639 1627 1628 1643 1642
2168 3 2 2 2 1624 1639 1642 1627
2169 5 2 1 1 1625 1626 1641 1640 1628 1629 1644 1643
2170 3 2 3 3 1626 1629 1644 1641
2171 5 2 1 1 1627 1628 1643 1642 1630 1631 1646 1645
2172 3 2 2 2 1627 1642 1645 1630
2173 5 2 1 1 1628 1629 1644 1643 1631 1632 1647 1646
2174 3 2 3 3 1629 1632 1647 1644
2175 5 2 1 1 1630 1631 1646 1645 1633 1634 1649 1648
2176 3 2 2 2 1630 1645 1648 1633
2177 3 2 4 4 1633 1648 1649 1634
2178 5 2 1 1 1631 1632 1647 1646 1634 1635 1650 1649
2179 3 2 3 3 1632 1635 1650 1647
2180 3 2 4 4 1634 1649 1650 1635
2181 5 2 1 1 1636 1637 1652 1651 1639 1640 1655 1654
2182 3 2 2 2 1636 1651 1654 1639
2183 3 2 1 1 1636 1637 1652 1651
2184 5 2 1 1 1637 1638 1653 1652 1640 1641 1656 1655
2185 3 2 3 3 1638 1641 1656 1653
2186 3 2 1 1 1637 1638 1653 1652
2187 5 2 1 1 1639 1640 1655 1654 1642 1643 1658 1657
2188 3 2 2 2 1639 1654 1657 1642
2189 5 2 1 1 1640 1641 1656 1655 1643 1644 1659 1658
2190 3 2 3 3 1641 1644 1659 1656
2191 5 2 1 1 1642 1643 1658 1657 1645 1646 1661 1660
2192 3 2 2 2 1642 1657 1660 1645
2193 5 2 1 1 1643 1644 1659 1658 1646 1647 1662 1661
2194 3 2 3 3 1644 1647 1662 1659
2195 5 2 1 1 1645 1646 1661 1660 1648 1649 1664 1663
2196 3 2 2 2 1645 1660 1663 1648
2197 3 2 4 4 1648 1663 1664 1649
2198 5 2 1 1 1646 1647 1662 1661 1649 1650 1665 1664
2199 3 2 3 3 1647 1650 1665 1662
2200 3 2 4 4 1649 1664 1665 1650
2201 5 2 1 1 1651 1652 1667 1666 1654 1655 1670 1669
2202 3 2 2 2 1651 1666 1669 1654
2203 3 2 1 1 1651 1652 1667 1666
2204 5 2 1 1 1652 1653 1668 1667 1655 1656 1671 1670
2205 3 2 3 3 1653 1656 1671 1668
2206 3 2 1 1 1652 1653 1668 1667
2207 5 2 1 1 1654 1655 1670 1669 1657 1658 1673 1672
2208 3 2 2 2 1654 1669 1672 1657
2209 5 2 1 1 1655 1656 1671 1670 1658 1659 1674 1673
2210 3 2 3 3 1656 1659 1674 1671
2211 5 2 1 1 1657 1658 1673 1672 1660 1661 1676 1675
2212 3 2 2 2 1657 1672 1675 1660
2213 5 2 1 1 1658 1659 1674 1673 1661 1662 1677 1676
2214 3 2 3 3 1659 1662 1677 1674
2215 5 2 1 1 1660 1661 1676 1675 1663 1664 1679 1678
2216 3 2 2 2 1660 1675 1678 1663
2217 3 2 4 4 1663 1678 1679 1664
2218 5 2 1 1 1661 1662 1677 1676 1664 1665 1680 1679
2219 3 2 3 3 1662 1665 1680 1677
2220 3 2 4 4 1664 1679 1680 1665
2221 5 2 1 1 1666 1667 1682 1681 1669 1670 1685 1684
2222 3 2 2 2 1666 1681 1684 1669
2223 3 2 1 1 1666 1667 1682 1681
2224 5 2 1 1 1667 1668 1683 1682 1670 1671 1686 1685
2225 3 2 3 3 1668 1671 1686 1683
2226 3 2 1 1 1667 1668 1683 1682
2227 5 2 1 1 1669 1670 1685 1684 1672 1673 1688 1687
2228 3 2 2 2 1669 1684 1687 1672
2229 5 2 1 1 1670 1671 1686 1685 1673 1674 1689 1688
2230 3 2 3 3 1671 1674 1689 1686
2231 5 2 1 1 1672 1673 1688 1687 1675 1676 1691 1690
2232 3 2 2 2 1672 1687 1690 1675
2233 5 2 1 1 1673 1674 1689 1688 1676 1677 1692 1691
2234 3 2 3 3 1674 1677 1692 1689
2235 5 2 1 1 1675 1676 1691 1690 1678 1679 1694 1693
2236 3 2 2 2 1675 1690 1693 1678
2237 3 2 4 4 1678 1693 1694 1679
2238 5 2 1 1 1676 1677 1692 1691 1679 1680 1695 1694
2239 3 2 3 3 1677 1680 1695 1692
2240 3 2 4 4 1679 1694 1695 1680
2241 5 2 1 1 1681 1682 1697 1696 1684 1685 1700 1699
2242 3 2 2 2 1681 1696 1699 1684
2243 3 2 1 1 1681 1682 1697 1696
2244 5 2 1 1 1682 1683 1698 1697 1685 1686 1701 1700
2245 3 2 3 3 1683 1686 1701 1698
2246 3 2 1 1 1682 1683 1698 1697
2247 5 2 1 1 1684 1685 1700 1699 1687 1688 1703 1702
2248 3 2 2 2 1684 1699 1702 1687
2249 5 2 1 1 1685 1686 1701 1700 1688 1689 1704 1703
2250 3 2 3 3 1686 1689 1704 1701
2251 5 2 1 1 1687 1688 1703 1702 1690 1691 1706 1705
2252 3 2 2 2 1687 1702 1705 1690
2253 5 2 1 1 1688 1689 1704 1703 1691 1692 1707 1706
2254 3 2 3 3 1689 1692 1707 1704
2255 5 2 1 1 1690 1691 1706 1705 1693 1694 1709 1708
2256 3 2 2 2 1690 1705 1708 1693
2257 3 2 4 4 1693 1708 1709 1694
2258 5 2 1 1 1691 1692 1707 1706 1694 1695 1710 1709
2259 3 2 3 3 1692 1695 1710 1707
2260 3 2 4 4 1694 1709 1710 1695
2261 5 2 1 1 1696 1697 1712 1711 1699 1700 1715 1714
2262 3 2 2 2 1696 1711 1714 1699
2263 3 2 1 1 1696 1697 1712 1711
2264 5 2 1 1 1697 1698 1713 1712 1700 1701 1716 1715
2265 3 2 3 3 1698 1701 1716 1713
2266 3 2 1 1 1697 1698 1713 1712
2267 5 2 1 1 1699 1700 1715 1714 1702 1703 1718 1717
2268 3 2 2 2 1699 1714 1717 1702
2269 5 2 1 1 1700 1701 1716 1715 1703 1704 1719 1718
2270 3 2 3 3 1701 1704 1719 1716
2271 5 2 1 1 1702 1703 1718 1717 1705 1706 1721 1720
2272 3 2 2 2 1702 1717 1720 1705
2273 5 2 1 1 1703 1704 1719 1718 1706 1707 1722 1721
2274 3 2 3 3 1704 1707 1722 1719
2275 5 2 1 1 1705 1706 1721 1720 1708 1709 1724 1723
2276 3 2 2 2 1705 1720 1723 1708
2277 3 2 4 4 1708 1723 1724 1709
2278 5 2 1 1 1706 1707 1722 1721 1709 1710 1725 1724
2279 3 2 3 3 1707 1710 1725 1722
2280 3 2 4 4 1709 1724 1725 1710
2281 5 2 1 1 1711 1712 1727 1726 1714 1715 1730 1729
2282 3 2 2 2 1711 1726 1729 1714
2283 3 2 1 1 1711 1712 1727 1726
2284 5 2 1 1 1712 1713 1728 1727 1715 1716 1731 1730
2285 3 2 3 3 1713 1716 1731 1728
2286 3 2 1 1 1712 1713 1728 1727
2287 5 2 1 1 1714 1715 1730 1729 1717 1718 1733 1732
2288 3 2 2 2 1714 1729 1732 1717
2289 5 2 1 1 1715 1716 1731 1730 1718 1719 1734 1733
2290 3 2 3 3 1716 1719 1734 1731
2291 5 2 1 1 1717 1718 1733 1732 1720 1721 1736 1735
2292 3 2 2 2 1717 1732 1735 1720
2293 5 2 1 1 1718 1719 1734 1733 1721 1722 1737 1736
2294 3 2 3 3 1719 1722 1737 1734
2295 5 2 1 1 1720 1721 1736 1735 1723 1724 1739 1738
2296 3 2 2 2 1720 1735 1738 1723
2297 3 2 4 4 1723 1738 1739 1724
2298 5 2 1 1 1721 1722 1737 1736 1724 1725 1740 1739
2299 3 2 3 3 1722 1725 1740 1737
2300 3 2 4 4 1724 1739 1740 1725
2301 5 2 1 1 1726 1727 1742 1741 1729 1730 1745 1744
2302 3 2 2 2 1726 1741 1744 1729
2303 3 2 1 1 1726 1727 1742 1741
2304 5 2 1 1 1727 1728 1743 1742 1730 1731 1746 1745
2305 3 2 3 3 1728 1731 1746 1743
2306 3 2 1 1 1727 1728 1743 1742
2307 5 2 1 1 1729 1730 1745 1744 1732 1733 1748 1747
2308 3 2 2 2 1729 1744 1747 1732
2309 5 2 1 1 1730 1731 1746 1745 1733 1734 1749 1748
2310 3 2 3 3 1731 1734 1749 1746
2311 5 2 1 1 1732 1733 1748 1747 1735 1736 1751 1750
2312 3 2 2 2 1732 1747 1750 1735
2313 5 2 1 1 1733 1734 1749 1748 1736 1737 1752 1751
2314 3 2 3 3 1734 1737 1752 1749
2315 5 2 1 1 1735 1736 1751 1750 1738 1739 1754 1753
2316 3 2 2 2 1735 1750 1753 1738
2317 3 2 4 4 1738 1753 1754 1739
2318 5 2 1 1 1736 1737 1752 1751 1739 1740 1755 1754
2319 3 2 3 3 1737 1740 1755 1752
2320 3 2 4 4 1739 1754 1755 1740
2321 5 2 1 1 1741 1742 1757 1756 1744 1745 1760 1759
2322 3 2 2 2 1741 1756 1759 1744
2323 3 2 1 1 1741 1742 1757 1756
2324 5 2 1 1 1742 1743 1758 1757 1745 1746 1761 1760
2325 3 2 3 3 1743 1746 1761 1758
2326 3 2 1 1 1742 1743 1758 1757
2327 5 2 1 1 1744 1745 1760 1759 1747 1748 1763 1762
2328 3 2 2 2 1744 1759 1762 1747
2329 5 2 1 1 1745 1746 1761 1760 1748 1749 1764 1763
2330 3 2 3 3 1746 1749 1764 1761
2331 5 2 1 1 1747 1748 1763 1762 1750 1751 1766 1765
2332 3 2 2 2 1747 1762 1765 1750
2333 5 2 1 1 1748 1749 1764 1763 1751 1752 1767 1766
2334 3 2 3 3 1749 1752 1767 1764
2335 5 2 1 1 1750 1751 1766 1765 1753 1754 1769 1768
2336 3 2 2 2 1750 1765 1768 1753
2337 3 2 4 4 1753 1768 1769 1754
2338 5 2 1 1 1751 1752 1767 1766 1754 1755 1770 1769
2339 3 2 3 3 1752 1755 1770 1767
2340 3 2 4 4 1754 1769 1770 1755
2341 5 2 1 1 1756 1757 1772 1771 1759 1760 1775 1774
2342 3 2 2 2 1756 1771 1774 1759
2343 3 2 1 1 1756 1757 1772 1771
2344 5 2 1 1 1757 1758 1773 1772 1760 1761 1776 1775
2345 3 2 3 3 1758 1761 1776 1773
2346 3 2 1 1 1757 1758 1773 1772
2347 5 2 1 1 1759 1760 1775 1774 1762 1763 1778 1777
2348 3 2 2 2 1759 1774 1777 1762
2349 5 2 1 1 1760 1761 1776 1775 1763 1764 1779 1778
2350 3 2 3 3 1761 1764 1779 1776
2351 5 2 1 1 1762 1763 1778 1777 1765 1766 1781 1780
2352 3 2 2 2 1762 1777 1780 1765
2353 5 2 1 1 1763 1764 1779 1778 1766 1767 1782 1781
2354 3 2 3 3 1764 1767 1782 1779
2355 5 2 1 1 1765 1766 1781 1780 1768 1769 1784 1783
2356 3 2 2 2 1765 1780 1783 1768
2357 3 2 4 4 1768 1783 1784 1769
2358 5 2 1 1 1766 1767 1782 1781 1769 1770 1785 1784
2359 3 2 3 3 1767 1770 1785 1782
2360 3 2 4 4 1769 1784 1785 1770
2361 5 2 1 1 1771 1772 1787 1786 1774 1775 1790 1789
2362 3 2 2 2 1771 1786 1789 1774
2363 3 2 1 1 1771 1772 1787 1786
2364 5 2 1 1 1772 1773 1788 1787 1775 1776 1791 1790
2365 3 2 3 3 1773 1776 1791 1788
2366 3 2 1 1 1772 1773 1788 1787
2367 5 2 1 1 1774 1775 1790 1789 1777 1778 1793 1792
2368 3 2 2 2 1774 1789 1792 1777
2369 5 2 1 1 1775 1776 1791 1790 1778 1779 1794 1793
2370 3 2 3 3 1776 1779 1794 1791
2371 5 2 1 1 1777 1778 1793 1792 1780 1781 1796 1795
2372 3 2 2 2 1777 1792 1795 1780
2373 5 2 1 1 1778 1779 1794 1793 1781 1782 1797 1796
2374 3 2 3 3 1779 1782 1797 1794
2375 5 2 1 1 1780 1781 1796 1795 1783 1784 1799 1798
2376 3 2 2 2 1780 1795 1798 1783
2377 3 2 4 4 1783 1798 1799 1784
2378 5 2 1 1 1781 1782 1797 1796 1784 1785 1800 1799
2379 3 2 3 3 1782 1785 1800 1797
2380 3 2 4 4 1784 1799 1800 1785
2381 5 2 1 1 1786 1787 1802 1801 1789 1790 1805 1804
2382 3 2 2 2 1786 1801 1804 1789
2383 3 2 1 1 1786 1787 1802 1801
2384 5 2 1 1 1787 1788 1803 1802 1790 1791 1806 1805
2385 3 2 3 3 1788 1791 1806 1803
2386 3 2 1 1 1787 1788 1803 1802
2387 5 2 1 1 1789 1790 1805 1804 1792 1793 1808 1807
2388 3 2 2 2 1789 1804 1807 1792
2389 5 2 1 1 1790 1791 1806 1805 1793 1794 1809 1808
2390 3 2 3 3 1791 1794 1809 1806
2391 5 2 1 1 1792 1793 1808 1807 1795 1796 1811 1810
2392 3 2 2 2 1792 1807 1810 1795
2393 5 2 1 1 1793 1794 1809 1808 1796 1797 1812 1811
2394 3 2 3 3 1794 1797 1812 1809
2395 5 2 1 1 1795 1796 1811 1810 1798 1799 1814 1813
2396 3 2 2 2 1795 1810 1813 1798
2397 3 2 4 4 1798 1813 1814 1799
2398 5 2 1 1 1796 1797 1812 1811 1799 1800 1815 1814
2399 3 2 3 3 1797 1800 1815 1812
2400 3 2 4 4 1799 1814 1815 1800
2401 5 2 1 1 1801 1802 1817 1816 1804 1805 1820 1819
2402 3 2 2 2 1801 1816 1819 1804
2403 3 2 1 1 1801 1802 1817 1816
2404 5 2 1 1 1802 1803 1818 1817 1805 1806 1821 1820
2405 3 2 3 3 1803 1806 1821 1818
2406 3 2 1 1 1802 1803 1818 1817
2407 5 2 1 1 1804 1805 1820 1819 1807 1808 1823 1822
2408 3 2 2 2 1804 1819 1822 1807
2409 5 2 1 1 1805 1806 1821 1820 1808 1809 1824 1823
2410 3 2 3 3 1806 1809 1824 1821
2411 5 2 1 1 1807 1808 1823 1822 1810 1811 1826 1825
2412 3 2 2 2 1807 1822 1825 1810
2413 5 2 1 1 1808 1809 1824 1823 1811 1812 1827 1826
2414 3 2 3 3 1809 1812 1827 1824
2415 5 2 1 1 1810 1811 1826 1825 1813 1814 1829 1828
2416 3 2 2 2 1810 1825 1828 1813
2417 3 2 4 4 1813 1828 1829 1814
2418 5 2 1 1 1811 1812 1827 1826 1814 1815 1830 1829
2419 3 2 3 3 1812 1815 1830 1827
2420 3 2 4 4 1814 1829 1830 1815
2421 5 2 1 1 1816 1817 1832 1831 1819 1820 1835 1834
2422 3 2 2 2 1816 1831 1834 1819
2423 3 2 1 1 1816 1817 1832 1831
2424 5 2 1 1 1817 1818 1833 1832 1820 1821 1836 1835
2425 3 2 3 3 1818 1821 1836 1833
2426 3 2 1 1 1817 1818 1833 1832
2427 5 2 1 1 1819 1820 1835 1834 1822 1823 1838 1837
2428 3 2 2 2 1819 1834 1837 1822
2429 5 2 1 1 1820 1821 1836 1835 1823 1824 1839 1838
2430 3 2 3 3 1821 1824 1839 1836
2431 5 2 1 1 1822 1823 1838 1837 1825 1826 1841 1840
2432 3 2 2 2 1822 1837 1840 1825
2433 5 2 1 1 1823 1824 1839 1838 1826 1827 1842 1841
2434 3 2 3 3 1824 1827 1842 1839
2435 5 2 1 1 1825 1826 1841 1840 1828 1829 1844 1843
2436 3 2 2 2 1825 1840 1843 1828
2437 3 2 4 4 1828 1843 1844 1829
2438 5 2 1 1 1826 1827 1842 1841 1829 1830 1845 1844
2439 3 2 3 3 1827 1830 1845 1842
2440 3 2 4 4 1829 1844 1845 1830
2441 5 2 1 1 1831 1832 1847 1846 1834 1835 1850 1849
2442 3 2 2 2 1831 1846 1849 1834
2443 3 2 1 1 1831 1832 1847 1846
2444 5 2 1 1 1832 1833 1848 1847 1835 1836 1851 1850
2445 3 2 3 3 1833 1836 1851 1848
2446 3 2 1 1 1832 1833 1848 1847
2447 5 2 1 1 1834 1835 1850 1849 1837 1838 1853 1852
2448 3 2 2 2 1834 1849 1852 1837
2449 5 2 1 1 1835 1836 1851 1850 1838 1839 1854 1853
2450 3 2 3 3 1836 1839 1854 1851
2451 5 2 1 1 1837 1838 1853 1852 1840 1841 1856 1855
2452 3 2 2 2 1837 1852 1855 1840
2453 5 2 1 1 1838 1839 1854 1853 1841 1842 1857 1856
2454 3 2 3 3 1839 1842 1857 1854
2455 5 2 1 1 1840 1841 1856 1855 1843 1844 1859 1858
2456 3 2 2 2 1840 1855 1858 1843
2457 3 2 4 4 1843 1858 1859 1844
2458 5 2 1 1 1841 1842 1857 1856 1844 1845 1860 1859
2459 3 2 3 3 1842 1845 1860 1857
2460 3 2 4 4 1844 1859 1860 1845
2461 5 2 1 1 1846 1847 1862 1861 1849 1850 1865 1864
2462 3 2 2 2 1846 1861 1864 1849
2463 3 2 1 1 1846 1847 1862 1861
2464 5 2 1 1 1847 1848 1863 1862 1850 1851 1866 1865
2465 3 2 3 3 1848 1851 1866 1863
2466 3 2 1 1 1847 1848 1863 1862
2467 5 2 1 1 1849 1850 1865 1864 1852 1853 1868 1867
2468 3 2 2 2 1849 1864 1867 1852
2469 5 2 1 1 1850 1851 1866 1865 1853 1854 1869 1868
2470 3 2 3 3 1851 1854 1869 1866
2471 5 2 1 1 1852 1853 1868 1867 1855 1856 1871 1870
2472 3 2 2 2 1852 1867 1870 1855
2473 5 2 1 1 1853 1854 1869 1868 1856 1857 1872 1871
2474 3 2 3 3 1854 1857 1872 1869
2475 5 2 1 1 1855 1856 1871 1870 1858 1859 1874 1873
2476 3 2 2 2 1855 1870 1873 1858
2477 3 2 4 4 1858 1873 1874 1859
2478 5 2 1 1 1856 1857 1872 1871 1859 1860 1875 1874
2479 3 2 3 3 1857 1860 1875 1872
2480 3 2 4 4 1859 1874 1875 1860
2481 5 2 1 1 1861 1862 1877 1876 1864 1865 1880 1879
2482 3 2 2 2 1861 1876 1879 1864
2483 3 2 1 1 1861 1862 1877 1876
2484 5 2 1 1 1862 1863 1878 1877 1865 1866 1881 1880
2485 3 2 3 3 1863 1866 1881 1878
2486 3 2 1 1 1862 1863 1878 1877
2487 5 2 1 1 1864 1865 1880 1879 1867 1868 1883 1882
2488 3 2 2 2 1864 1879 1882 1867
2489 5 2 1 1 1865 1866 1881 1880 1868 1869 1884 1883
2490 3 2 3 3 1866 1869 1884 1881
2491 5 2 1 1 1867 1868 1883 1882 1870 1871 1886 1885
2492 3 2 2 2 1867 1882 1885 1870
2493 5 2 1 1 1868 1869 1884 1883 1871 1872 1887 1886
2494 3 2 3 3 1869 1872 1887 1884
2495 5 2 1 1 1870 1871 1886 1885 1873 1874 1889 1888
2496 3 2 2 2 1870 1885 1888 1873
2497 3 2 4 4 1873 1888 1889 1874
2498 5 2 1 1 1871 1872 1887 1886 1874 1875 1890 1889
2499 3 2 3 3 1872 1875 1890 1887
2500 3 2 4 4 1874 1889 1890 1875
2501 5 2 1 1 1876 1877 1892 1891 1879 1880 1895 1894
2502 3 2 2 2 1876 1891 1894 1879
2503 3 2 1 1 1876 1877 1892 1891
2504 5 2 1 1 1877 1878 1893 1892 1880 1881 1896 1895
2505 3 2 3 3 1878 1881 1896 1893
2506 3 2 1 1 1877 1878 1893 1892
2507 5 2 1 1 1879 1880 1895 1894 1882 1883 1898 1897
2508 3 2 2 2 1879 1894 1897 1882
2509 5 2 1 1 1880 1881 1896 1895 1883 1884 1899 1898
2510 3 2 3 3 1881 1884 1899 1896
2511 5 2 1 1 1882 1883 1898 1897 1885 1886 1901 1900
2512 3 2 2 2 1882 1897 1900 1885
2513 5 2 1 1 1883 1884 1899 1898 1886 1887 1902 1901
2514 3 2 3 3 1884 1887 1902 1899
2515 5 2 1 1 1885 1886 1901 1900 1888 1889 1904 1903
2516 3 2 2 2 1885 1900 1903 1888
2517 3 2 4 4 1888 1903 1904 1889
2518 5 2 1 1 1886 1887 1902 1901 1889 1890 1905 1904
2519 3 2 3 3 1887 1890 1905 1902
2520 3 2 4 4 1889 1904 1905 1890
2521 5 2 1 1 1891 1892 1907 1906 1894 1895 1910 1909
2522 3 2 2 2 1891 1906 1909 1894
2523 3 2 1 1 1891 1892 1907 1906
2524 5 2 1 1 1892 1893 1908 1907 1895 1896 1911 1910
2525 3 2 3 3 1893 1896 1911 1908
2526 3 2 1 1 1892 1893 1908 1907
2527 5 2 1 1 1894 1895 1910 1909 1897 1898 1913 1912
2528 3 2 2 2 1894 1909 1912 1897
2529 5 2 1 1 1895 1896 1911 1910 1898 1899 1914 1913
2530 3 2 3 3 1896 1899 1914 1911
2531 5 2 1 1 1897 1898 1913 1912 1900 1901 1916 1915
2532 3 2 2 2 1897 1912 1915 1900
2533 5 2 1 1 1898 1899 1914 1913 1901 1902 1917 1916
2534 3 2 3 3 1899 1902 1917 1914
2535 5 2 1 1 1900 1901 1916 1915 1903 1904 1919 1918
2536 3 2 2 2 1900 1915 1918 1903
2537 3 2 4 4 1903 1918 1919 1904
2538 5 2 1 1 1901 1902 1917 1916 1904 1905 1920 1919
2539 3 2 3 3 1902 1905 1920 1917
2540 3 2 4 4 1904 1919 1920 1905
2541 5 2 1 1 1906 1907 1922 1921 1909 1910 1925 1924
2542 3 2 2 2 1906 1921 1924 1909
2543 3 2 1 1 1906 1907 1922 1921
2544 5 2 1 1 1907 1908 1923 1922 1910 1911 1926 1925
2545 3 2 3 3 1908 1911 1926 1923
2546 3 2 1 1 1907 1908 1923 1922
2547 5 2 1 1 1909 1910 1925 1924 1912 1913 1928 1927
2548 3 2 2 2 1909 1924 1927 1912
2549 5 2 1 1 1910 1911 1926 1925 1913 1914 1929 1928
2550 3 2 3 3 1911 1914 1929 1926
2551 5 2 1 1 1912 1913 1928 1927 1915 1916 1931 1930
2552 3 2 2 2 1912 1927 1930 1915
2553 5 2 1 1 1913 1914 1929 1928 1916 1917 1932 1931
2554 3 2 3 3 1914 1917 1932 1929
2555 5 2 1 1 1915 1916 1931 1930 1918 1919 1934 1933
2556 3 2 2 2 1915 1930 1933 1918
2557 3 2 4 4 1918 1933 1934 1919
2558 5 2 1 1 1916 1917 1932 1931 1919 1920 1935 1934
2559 3 2 3 3 1917 1920 1935 1932
2560 3 2 4 4 1919 1934 1935 1920
2561 5 2 1 1 1921 1922 1937 1936 1924 1925 1940 1939
2562 3 2 2 2 1921 1936 1939 1924
2563 3 2 1 1 1921 1922 1937 1936
2564 5 2 1 1 1922 1923 1938 1937 1925 1926 1941 1940
2565 3 2 3 3 1923 1926 1941 1938
2566 3 2 1 1 1922 1923 1938 1937
2567 5 2 1 1 1924 1925 1940 1939 1927 1928 1943 1942
2568 3 2 2 2 1924 1939 1942 1927
2569 5 2 1 1 1925 1926 1941 1940 1928 1929 1944 1943
2570 3 2 3 3 1926 1929 1944 1941
2571 5 2 1 1 1927 1928 1943 1942 1930 1931 1946 1945
2572 3 2 2 2 1927 1942 1945 1930
2573 5 2 1 1 1928 1929 1944 1943 1931 1932 1947 1946
2574 3 2 3 3 1929 1932 1947 1944
2575 5 2 1 1 1930 1931 1946 1945 1933 1934 1949 1948
2576 3 2 2 2 1930 1945 1948 1933
2577 3 2 4 4 1933 1948 1949 1934
2578 5 2 1 1 1931 1932 1947 1946 1934 1935 1950 1949
2579 3 2 3 3 1932 1935 1950 1947
2580 3 2 4 4 1934 1949 1950 1935
2581 5 2 1 1 1936 1937 1952 1951 1939 1940 1955 1954
2582 3 2 2 2 1936 1951 1954 1939
2583 3 2 1 1 1936 1937 1952 1951
2584 5 2 1 1 1937 1938 1953 1952 1940 1941 1956 1955
2585 3 2 3 3 1938 1941 1956 1953
2586 3 2 1 1 1937 1938 1953 1952
2587 5 2 1 1 1939 1940 1955 1954 1942 1943 1958 1957
2588 3 2 2 2 1939 1954 1957 1942
2589 5 2 1 1 1940 1941 1956 1955 1943 1944 1959 1958
2590 3 2 3 3 1941 1944 1959 1956
2591 5 2 1 1 1942 1943 1958 1957 1945 1946 1961 1960
2592 3 2 2 2 1942 1957 1960 1945
2593 5 2 1 1 1943 1944 1959 1958 1946 1947 1962 1961
2594 3 2 3 3 1944 1947 1962 1959
2595 5 2 1 1 1945 1946 1961 1960 1948 1949 1964 1963
2596 3 2 2 2 1945 1960 1963 1948
2597 3 2 4 4 1948 1963 1964 1949
2598 5 2 1 1 1946 1947 1962 1961 1949 1950 1965 1964
2599 3 2 3 3 1947 1950 1965 1962
2600 3 2 4 4 1949 1964 1965 1950
2601 5 2 1 1 1951 1952 1967 1966 1954 1955 1970 1969
2602 3 2 2 2 1951 1966 1969 1954
2603 3 2 1 1 1951 1952 1967 1966
2604 5 2 1 1 1952 1953 1968 1967 1955 1956 1971 1970
2605 3 2 3 3 1953 1956 1971 1968
2606 3 2 1 1 1952 1953 1968 1967
2607 5 2 1 1 1954 1955 1970 1969 1957 1958 1973 1972
2608 3 2 2 2 1954 1969 1972 1957
2609 5 2 1 1 1955 1956 1971 1970 1958 1959 1974 1973
2610 3 2 3 3 1956 1959 1974 1971
2611 5 2 1 1 1957 1958 1973 1972 1960 1961 1976 1975
2612 3 2 2 2 1957 1972 1975 1960
2613 5 2 1 1 1958 1959 1974 1973 1961 1962 1977 1976
2614 3 2 3 3 1959 1962 1977 1974
2615 5 2 1 1 1960 1961 1976 1975 1963 1964 1979 1978
2616 3 2 2 2 1960 1975 1978 1963
2617 3 2 4 4 1963 1978 1979 1964
2618 5 2 1 1 1961 1962 1977 1976 1964 1965 1980 1979
2619 3 2 3 3 1962 1965 1980 1977
2620 3 2 4 4 1964 1979 1980 1965
2621 5 2 1 1 1966 1967 1982 1981 1969 1970 1985 1984
2622 3 2 2 2 1966 1981 1984 1969
2623 3 2 1 1 1966 1967 1982 1981
2624 5 2 1 1 1967 1968 1983 1982 1970 1971 1986 1985
2625 3 2 3 3 1968 1971 1986 1983
2626 3 2 1 1 1967 1968 1983 1982
2627 5 2 1 1 1969 1970 1985 1984 1972 1973 1988 1987
2628 3 2 2 2 1969 1984 1987 1972
2629 5 2 1 1 1970 1971 1986 1985 1973 1974 1989 1988
2630 3 2 3 3 1971 1974 1989 1986
2631 5 2 1 1 1972 1973 1988 1987 1975 1976 1991 1990
2632 3 2 2 2 1972 1987 1990 1975
2633 5 2 1 1 1973 1974 1989 1988 1976 1977 1992 1991
2634 3 2 3 3 1974 1977 1992 1989
2635 5 2 1 1 1975 1976 1991 1990 1978 1979 1994 1993
2636 3 2 2 2 1975 1990 1993 1978
2637 3 2 4 4 1978 1993 1994 1979
2638 5 2 1 1 1976 1977 1992 1991 1979 1980 1995 1994
2639 3 2 3 3 1977 1980 1995 1992
2640 3 2 4 4 1979 1994 1995 1980
2641 5 2 1 1 1981 1982 1997 1996 1984 1985 2000 1999
2642 3 2 2 2 1981 1996 1999 1984
2643 3 2 1 1 1981 1982 1997 1996
2644 5 2 1 1 1982 1983 1998 1997 1985 1986 2001 2000
2645 3 2 3 3 1983 1986 2001 1998
2646 3 2 1 1 1982 1983 1998 1997
2647 5 2 1 1 1984 1985 2000 1999 1987 1988 2003 2002
2648 3 2 2 2 1984 1999 2002 1987
2649 5 2 1 1 1985 1986 2001 2000 1988 1989 2004 2003
2650 3 2 3 3 1986 1989 2004 2001
2651 5 2 1 1 1987 1988 2003 2002 1990 1991 2006 2005
2652 3 2 2 2 1987 2002 2005 1990
2653 5 2 1 1 1988 1989 2004 2003 1991 1992 2007 2006
2654 3 2 3 3 1989 1992 2007 2004
2655 5 2 1 1 1990 1991 2006 2005 1993 1994 2009 2008
2656 3 2 2 2 1990 2005 2008 1993
2657 3 2 4 4 1993 2008 2009 1994
2658 5 2 1 1 1991 1992 2007 2006 1994 1995 2010 2009
2659 3 2 3 3 1992 1995 2010 2007
2660 3 2 4 4 1994 2009 2010 1995
2661 5 2 1 1 1996 1997 2012 2011 1999 2000 2015 2014
2662 3 2 2 2 1996 2011 2014 1999
2663 3 2 1 1 1996 1997 2012 2011
2664 5 2 1 1 1997 1998 2013 2012 2000 2001 2016 2015
2665 3 2 3 3 1998 2001 2016 2013
2666 3 2 1 1 1997 1998 2013 2012
2667 5 2 1 1 1999 2000 2015 2014 2002 2003 2018 2017
2668 3 2 2 2 1999 2014 2017 2002
2669 5 2 1 1 2000 2001 2016 2015 2003 2004 2019 2018
2670 3 2 3 3 2001 2004 2019 2016
2671 5 2 1 1 2002 2003 2018 2017 2005 2006 2021 2020
2672 3 2 2 2 2002 2017 2020 2005
2673 5 2 1 1 2003 2004 2019 2018 2006 2007 2022 2021
2674 3 2 3 3 2004 2007 2022 2019
2675 5 2 1 1 2005 2006 2021 2020 2008 2009 2024 2023
2676 3 2 2 2 2005 2020 2023 2008
2677 3 2 4 4 2008 2023 2024 2009
2678 5 2 1 1 2006 2007 2022 2021 2009 2010 2025 2024
2679 3 2 3 3 2007 2010 2025 2022
2680 3 2 4 4 2009 2024 2025 2010
2681 5 2 1 1 2011 2012 2027 2026 2014 2015 2030 2029
2682 3 2 2 2 2011 2026 2029 2014
2683 3 2 1 1 2011 2012 2027 2026
2684 5 2 1 1 2012 2013 2028 2027 2015 2016 2031 2030
2685 3 2 3 3 2013 2016 2031 2028
2686 3 2 1 1 2012 2013 2028 2027
2687 5 2 1 1 2014 2015 2030 2029 2017 2018 2033 2032
2688 3 2 2 2 2014 2029 2032 2017
2689 5 2 1 1 2015 2016 2031 2030 2018 2019 2034 2033
2690 3 2 3 3 2016 2019 2034 2031
2691 5 2 1 1 2017 2018 2033 2032 2020 2021 2036 2035
2692 3 2 2 2 2017 2032 2035 2020
2693 5 2 1 1 2018 2019 2034 2033 2021 2022 2037 2036
2694 3 2 3 3 2019 2022 2037 2034
2695 5 2 1 1 2020 2021 2036 2035 2023 2024 2039 2038
2696 3 2 2 2 2020 2035 2038 2023
2697 3 2 4 4 2023 2038 2039 2024
2698 5 2 1 1 2021 2022 2037 2036 2024 2025 2040 2039
2699 3 2 3 3 2022 2025 2040 2037
2700 3 2 4 4 2024 2039 2040 2025
2701 5 2 1 1 2026 2027 2042 2041 2029 2030 2045 2044
2702 3 2 2 2 2026 2041 2044 2029
2703 3 2 1 1 2026 2027 2042 2041
2704 5 2 1 1 2027 2028 2043 2042 2030 2031 2046 2045
2705 3 2 3 3 2028 2031 2046 2043
2706 3 2 1 1 2027 2028 2043 2042
2707 5 2 1 1 2029 2030 2045 2044 2032 2033 2048 2047
2708 3 2 2 2 2029 2044 2047 2032
2709 5 2 1 1 2030 2031 2046 2045 2033 2034 2049 2048
2710 3 2 3 3 2031 2034 2049 2046
2711 5 2 1 1 2032 2033 2048 2047 2035 2036 2051 2050
2712 3 2 2 2 2032 2047 2050 2035
2713 5 2 1 1 2033 2034 2049 2048 2036 2037 2052 2051
2714 3 2 3 3 2034 2037 2052 2049
2715 5 2 1 1 2035 2036 2051 2050 2038 2039 2054 2053
2716 3 2 2 2 2035 2050 2053 2038
2717 3 2 4 4 2038 2053 2054 2039
2718 5 2 1 1 2036 2037 2052 2051 2039 2040 2055 2054
2719 3 2 3 3 2037 2040 2055 2052
2720 3 2 4 4 2039 2054 2055 2040
2721 5 2 1 1 2041 2042 2057 2056 2044 2045 2060 2059
2722 3 2 2 2 2041 2056 2059 2044
2723 3 2 1 1 2041 2042 2057 2056
2724 5 2 1 1 2042 2043 2058 2057 2045 2046 2061 2060
2725 3 2 3 3 2043 2046 2061 2058
2726 3 2 1 1 2042 2043 2058 2057
2727 5 2 1 1 2044 2045 2060 2059 2047 2048 2063 2062
2728 3 2 2 2 2044 2059 2062 2047
2729 5 2 1 1 2045 2046 2061 2060 2048 2049 2064 2063
2730 3 2 3 3 2046 2049 2064 2061
2731 5 2 1 1 2047 2048 2063 2062 2050 2051 2066 2065
2732 3 2 2 2 2047 2062 2065 2050
2733 5 2 1 1 2048 2049 2064 2063 2051 2052 2067 2066
2734 3 2 3 3 2049 2052 2067 2064
2735 5 2 1 1 2050 2051 2066 2065 2053 2054 2069 2068
2736 3 2 2 2 2050 2065 2068 2053
2737 3 2 4 4 2053 2068 2069 2054
2738 5 2 1 1 2051 2052 2067 2066 2054 2055 2070 2069
2739 3 2 3 3 2052 2055 2070 2067
2740 3 2 4 4 2054 2069 2070 2055
2741 5 2 1 1 2056 2057 2072 2071 2059 2060 2075 2074
2742 3 2 2 2 2056 2071 2074 2059
2743 3 2 1 1 2056 2057 2072 2071
2744 5 2 1 1 2057 2058 2073 2072 2060 2061 2076 2075
2745 3 2 3 3 2058 2061 2076 2073
2746 3 2 1 1 2057 2058 2073 2072
2747 5 2 1 1 2059 2060 2075 2074 2062 2063 2078 2077
2748 3 2 2 2 2059 2074 2077 2062
2749 5 2 1 1 2060 2061 2076 2075 2063 2064 2079 2078
2750 3 2 3 3 2061 2064 2079 2076
2751 5 2 1 1 2062 2063 2078 2077 2065 2066 2081 2080
2752 3 2 2 2 2062 2077 2080 2065
2753 5 2 1 1 2063 2064 2079 2078 2066 2067 2082 2081
2754 3 2 3 3 2064 2067 2082 2079
2755 5 2 1 1 2065 2066 2081 2080 2068 2069 2084 2083
2756 3 2 2 2 2065 2080 2083 2068
2757 3 2 4 4 2068 2083 2084 2069
2758 5 2 1 1 2066 2067 2082 2081 2069 2070 2085 2084
2759 3 2 3 3 2067 2070 2085 2082
2760 3 2 4 4 2069 2084 2085 2070
2761 5 2 1 1 2071 2072 2087 2086 2074 2075 2090 2089
2762 3 2 2 2 2071 2086 2089 2074
2763 3 2 1 1 2071 2072 2087 2086
2764 5 2 1 1 2072 2073 2088 2087 2075 2076 2091 2090
2765 3 2 3 3 2073 2076 2091 2088
2766 3 2 1 1 2072 2073 2088 2087
2767 5 2 1 1 2074 2075 2090 2089 2077 2078 2093 2092
2768 3 2 2 2 2074 2089 2092 2077
2769 5 2 1 1 2075 2076 2091 2090 2078 2079 2094 2093
2770 3 2 3 3 2076 2079 2094 2091
2771 5 2 1 1 2077 2078 2093 2092 2080 2081 2096 2095
2772 3 2 2 2 2077 2092 2095 2080
2773 5 2 1 1 2078 2079 2094 2093 2081 2082 2097 2096
2774 3 2 3 3 2079 2082 2097 2094
2775 5 2 1 1 2080 2081 2096 2095 2083 2084 2099 2098
2776 3 2 2 2 2080 2095 2098 2083
2777 3 2 4 4 2083 2098 2099 2084
2778 5 2 1 1 2081 2082 2097 2096 2084 2085 2100 2099
2779 3 2 3 3 2082 2085 2100 2097
2780 3 2 4 4 2084 2099 2100 2085
2781 5 2 1 1 2086 2087 2102 2101 2089 2090 2105 2104
2782 3 2 2 2 2086 2101 2104 2089
2783 3 2 1 1 2086 2087 2102 2101
2784 5 2 1 1 2087 2088 2103 2102 2090 2091 2106 2105
2785 3 2 3 3 2088 2091 2106 2103
2786 3 2 1 1 2087 2088 2103 2102
2787 5 2 1 1 2089 2090 2105 2104 2092 2093 2108 2107
2788 3 2 2 2 2089 2104 2107 2092
2789 5 2 1 1 2090 2091 2106 2105 2093 2094 2109 2108
2790 3 2 3 3 2091 2094 2109 2106
2791 5 2 1 1 2092 2093 2108 2107 2095 2096 2111 2110
2792 3 2 2 2 2092 2107 2110 2095
2793 5 2 1 1 2093 2094 2109 2108 2096 2097 2112 2111
2794 3 2 3 3 2094 2097 2112 2109
2795 5 2 1 1 2095 2096 2111 2110 2098 2099 2114 2113
2796 3 2 2 2 2095 2110 2113 2098
2797 3 2 4 4 2098 2113 2114 2099
2798 5 2 1 1 2096 2097 2112 2111 2099 2100 2115 2114
2799 3 2 3 3 2097 2100 2115 2112
2800 3 2 4 4 2099 2114 2115 2100
2801 5 2 1 1 2101 2102 2117 2116 2104 2105 2120 2119
2802 3 2 2 2 2101 2116 2119 2104
2803 3 2 1 1 2101 2102 2117 2116
2804 5 2 1 1 2102 2103 2118 2117 2105 2106 2121 2120
2805 3 2 3 3 2103 2106 2121 2118
2806 3 2 1 1 2102 2103 2118 2117
2807 5 2 1 1 2104 2105 2120 2119 2107 2108 2123 2122
2808 3 2 2 2 2104 2119 2122 2107
2809 5 2 1 1 2105 2106 2121 2120 2108 2109 2124 2123
2810 3 2 3 3 2106 2109 2124 2121
2811 5 2 1 1 2107 2108 2123 2122 2110 2111 2126 2125
2812 3 2 2 2 2107 2122 2125 2110
2813 5 2 1 1 2108 2109 2124 2123 2111 2112 2127 2126
2814 3 2 3 3 2109 2112 2127 2124
2815 5 2 1 1 2110 2111 2126 2125 2113 2114 2129 2128
2816 3 2 2 2 2110 2125 2128 2113
2817 3 2 4 4 2113 2128 2129 2114
2818 5 2 1 1 2111 2112 2127 2126 2114 2115 2130 2129
2819 3 2 3 3 2112 2115 2130 2127
2820 3 2 4 4 2114 2129 2130 2115
2821 5 2 1 1 2116 2117 2132 2131 2119 2120 2135 2134
2822 3 2 2 2 2116 2131 2134 2119
2823 3 2 1 1 2116 2117 2132 2131
2824 5 2 1 1 2117 2118 2133 2132 2120 2121 2136 2135
2825 3 2 3 3 2118 2121 2136 2133
2826 3 2 1 1 2117 2118 2133 2132
2827 5 2 1 1 2119 2120 2135 2134 2122 2123 2138 2137
2828 3 2 2 2 2119 2134 2137 2122
2829 5 2 1 1 2120 2121 2136 2135 2123 2124 2139 2138
2830 3 2 3 3 2121 2124 2139 2136
2831 5 2 1 1 2122 2123 2138 2137 2125 2126 2141 2140
2832 3 2 2 2 2122 2137 2140 2125
2833 5 2 1 1 2123 2124 2139 2138 2126 2127 2142 2141
2834 3 2 3 3 2124 2127 2142 2139
2835 5 2 1 1 2125 2126 2141 2140 2128 2129 2144 2143
2836 3 2 2 2 2125 2140 2143 2128
2837 3 2 4 4 2128 2143 2144 2129
2838 5 2 1 1 2126 2127 2142 2141 2129 2130 2145 2144
2839 3 2 3 3 2127 2130 2145 2142
2840 3 2 4 4 2129 2144 2145 2130
2841 5 2 1 1 2131 2132 2147 2146 2134 2135 2150 2149
2842 3 2 2 2 2131 2146 2149 2134
2843 3 2 1 1 2131 2132 2147 2146
2844 5 2 1 1 2132 2133 2148 2147 2135 2136 2151 2150
2845 3 2 3 3 2133 2136 2151 2148
2846 3 2 1 1 2132 2133 2148 2147
2847 5 2 1 1 2134 2135 2150 2149 2137 2138 2153 2152
2848 3 2 2 2 2134 2149 2152 2137
2849 5 2 1 1 2135 2136 2151 2150 2138 2139 2154 2153
2850 3 2 3 3 2136 2139 2154 2151
2851 5 2 1 1 2137 2138 2153 2152 2140 2141 2156 2155
2852 3 2 2 2 2137 2152 2155 2140
2853 5 2 1 1 2138 2139 2154 2153 2141 2142 2157 2156
2854 3 2 3 3 2139 2142 2157 2154
2855 5 2 1 1 2140 2141 2156 2155 2143 2144 2159 2158
2856 3 2 2 2 2140 2155 2158 2143
2857 3 2 4 4 2143 2158 2159 2144
2858 5 2 1 1 2141 2142 2157 2156 2144 2145 2160 2159
2859 3 2 3 3 2142 2145 2160 2157
2860 3 2 4 4 2144 2159 2160 2145
2861 5 2 1 1 2146 2147 2162 2161 2149 2150 2165 2164
2862 3 2 2 2 2146 2161 2164 2149
2863 3 2 1 1 2146 2147 2162 2161
2864 5 2 1 1 2147 2148 2163 2162 2150 2151 2166 2165
2865 3 2 3 3 2148 2151 2166 2163
2866 3 2 1 1 2147 2148 2163 2162
2867 5 2 1 1 2149 2150 2165 2164 2152 2153 2168 2167
2868 3 2 2 2 2149 2164 2167 2152
2869 5 2 1 1 2150 2151 2166 2165 2153 2154 2169 2168
2870 3 2 3 3 2151 2154 2169 2166
2871 5 2 1 1 2152 2153 2168 2167 2155 2156 2171 2170
2872 3 2 2 2 2152 2167 2170 2155
2873 5 2 1 1 2153 2154 2169 2168 2156 2157 2172 2171
2874 3 2 3 3 2154 2157 2172 2169
2875 5 2 1 1 2155 2156 2171 2170 2158 2159 2174 2173
2876 3 2 2 2 2155 2170 2173 2158
2877 3 2 4 4 2158 2173 2174 2159
2878 5 2 1 1 2156 2157 2172 2171 2159 2160 2175 2174
2879 3 2 3 3 2157 2160 2175 2172
2880 3 2 4 4 2159 2174 2175 2160
2881 5 2 1 1 2161 2162 2177 2176 2164 2165 2180 2179
2882 3 2 2 2 2161 2176 2179 2164
2883 3 2 1 1 2161 2162 2177 2176
2884 5 2 1 1 2162 2163 2178 2177 2165 2166 2181 2180
2885 3 2 3 3 2163 2166 2181 2178
2886 3 2 1 1 2162 2163 2178 2177
2887 5 2 1 1 2164 2165 2180 2179 2167 2168 2183 2182
2888 3 2 2 2 2164 2179 2182 2167
2889 5 2 1 1 2165 2166 2181 2180 2168 2169 2184 2183
2890 3 2 3 3 2166 2169 2184 2181
2891 5 2 1 1 2167 2168 2183 2182 2170 2171 2186 2185
2892 3 2 2 2 2167 2182 2185 2170
2893 5 2 1 1 2168 2169 2184 2183 2171 2172 2187 2186
2894 3 2 3 3 2169 2172 2187 2184
2895 5 2 1 1 2170 2171 2186 2185 2173 2174 2189 2188
2896 3 2 2 2 2170 2185 2188 2173
2897 3 2 4 4 2173 2188 2189 2174
2898 5 2 1 1 2171 2172 2187 2186 2174 2175 2190 2189
2899 3 2 3 3 2172 2175 2190 2187
2900 3 2 4 4 2174 2189 2190 2175
2901 5 2 1 1 2176 2177 2192 2191 2179 2180 2195 2194
2902 3 2 2 2 2176 2191 2194 2179
2903 3 2 1 1 2176 2177 2192 2191
2904 5 2 1 1 2177 2178 2193 2192 2180 2181 2196 2195
2905 3 2 3 3 2178 2181 2196 2193
2906 3 2 1 1 2177 2178 2193 2192
2907 5 2 1 1 2179 2180 2195 2194 2182 2183 2198 2197
2908 3 2 2 2 2179 2194 2197 2182
2909 5 2 1 1 2180 2181 2196 2195 2183 2184 2199 2198
2910 3 2 3 3 2181 2184 2199 2196
2911 5 2 1 1 2182 2183 2198 2197 2185 2186 2201 2200
2912 3 2 2 2 2182 2197 2200 2185
2913 5 2 1 1 2183 2184 2199 2198 2186 2187 2202 2201
2914 3 2 3 3 2184 2187 2202 2199
2915 5 2 1 1 2185 2186 2201 2200 2188 2189 2204 2203
2916 3 2 2 2 2185 2200 2203 2188
2917 3 2 4 4 2188 2203 2204 2189
2918 5 2 1 1 2186 2187 2202 2201 2189 2190 2205 2204
2919 3 2 3 3 2187 2190 2205 2202
2920 3 2 4 4 2189 2204 2205 2190
2921 5 2 1 1 2191 2192 2207 2206 2194 2195 2210 2209
2922 3 2 2 2 2191 2206 2209 2194
2923 3 2 1 1 2191 2192 2207 2206
2924 5 2 1 1 2192 2193 2208 2207 2195 2196 2211 2210
2925 3 2 3 3 2193 2196 2211 2208
2926 3 2 1 1 2192 2193 2208 2207
2927 5 2 1 1 2194 2195 2210 2209 2197 2198 2213 2212
2928 3 2 2 2 2194 2209 2212 2197
2929 5 2 1 1 2195 2196 2211 2210 2198 2199 2214 2213
2930 3 2 3 3 2196 2199 2214 2211
2931 5 2 1 1 2197 2198 2213 2212 2200 2201 2216 2215
2932 3 2 2 2 2197 2212 2215 2200
2933 5 2 1 1 2198 2199 2214 2213 2201 2202 2217 2216
2934 3 2 3 3 2199 2202 2217 2214
2935 5 2 1 1 2200 2201 2216 2215 2203 2204 2219 2218
2936 3 2 2 2 2200 2215 2218 2203
2937 3 2 4 4 2203 2218 2219 2204
2938 5 2 1 1 2201 2202 2217 2216 2204 2205 2220 2219
2939 3 2 3 3 2202 2205 2220 2217
2940 3 2 4 4 2204 2219 2220 2205
2941 5 2 1 1 2206 2207 2222 2221 2209 2210 2225 2224
2942 3 2 6 6 2206 2221 2224 2209
2943 3 2 1 1 2206 2207 2222 2221
2944 5 2 1 1 2207 2208 2223 2222 2210 2211 2226 2225
2945 3 2 6 6 2208 2211 2226 2223
2946 3 2 1 1 2207 2208 2223 2222
2947 5 2 1 1 2209 2210 2225 2224 2212 2213 2228 2227
2948 3 2 6 6 2209 2224 2227 2212
2949 5 2 1 1 2210 2211 2226 2225 2213 2214 2229 2228
2950 3 2 6 6 2211 2214 2229 2226
2951 5 2 1 1 2212 2213 2228 2227 2215 2216 2231 2230
2952 3 2 6 6 2212 2227 2230 2215
2953 5 2 1 1 2213 2214 2229 2228 2216 2217 2232 2231
2954 3 2 6 6 2214 2217 2232 2229
2955 5 2 1 1 2215 2216 2231 2230 2218 2219 2234 2233
2956 3 2 6 6 2215 2230 2233 2218
2957 3 2 4 4 2218 2233 2234 2219
2958 5 2 1 1 2216 2217 2232 2231 2219 2220 2235 2234
2959 3 2 6 6 2217 2220 2235 2232
2960 3 2 4 4 2219 2234 2235 2220
2961 5 2 1 1 2221 2222 2237 2236 2224 2225 2240 2239
2962 3 2 6 6 2221 2236 2239 2224
2963 3 2 1 1 2221 2222 2237 2236
2964 5 2 1 1 2222 2223 2238 2237 2225 2226 2241 2240
2965 3 2 6 6 2223 2226 2241 2238
2966 3 2 1 1 2222 2223 2238 2237
2967 5 2 1 1 2224 2225 2240 2239 2227 2228 2243 2242
2968 3 2 6 6 2224 2239 2242 2227
2969 5 2 1 1 2225 2226 2241 2240 2228 2229 2244 2243
2970 3 2 6 6 2226 2229 2244 2241
2971 5 2 1 1 2227 2228 2243 2242 2230 2231 2246 2245
2972 3 2 6 6 2227 2242 2245 2230
2973 5 2 1 1 2228 2229 2244 2243 2231 2232 2247 2246
2974 3 2 6 6 2229 2232 2247 2244
2975 5 2 1 1 2230 2231 2246 2245 2233 2234 2249 2248
2976 3 2 6 6 2230 2245 2248 2233
2977 3 2 4 4 2233 2248 2249 2234
2978 5 2 1 1 2231 2232 2247 2246 2234 2235 2250 2249
2979 3 2 6 6 2232 2235 2250 2247
2980 3 2 4 4 2234 2249 2250 2235
2981 5 2 1 1 2236 2237 2252 2251 2239 2240 2255 2254
2982 3 2 6 6 2236 2251 2254 2239
2983 3 2 1 1 2236 2237 2252 2251
2984 5 2 1 1 2237 2238 2253 2252 2240 2241 2256 2255
2985 3 2 6 6 2238 2241 2256 2253
2986 3 2 1 1 2237 2238 2253 2252
2987 5 2 1 1 2239 2240 2255 2254 2242 2243 2258 2257
2988 3 2 6 6 2239 2254 2257 2242
2989 5 2 1 1 2240 2241 2256 2255 2243 2244 2259 2258
2990 3 2 6 6 2241 2244 2259 2256
2991 5 2 1 1 2242 2243 2258 2257 2245 2246 2261 2260
2992 3 2 6 6 2242 2257 2260 2245
2993 5 2 1 1 2243 2244 2259 2258 2246 2247 2262 2261
2994 3 2 6 6 2244 2247 2262 2259
2995 5 2 1 1 2245 2246 2261 2260 2248 2249 2264 2263
2996 3 2 6 6 2245 2260 2263 2248
2997 3 2 4 4 2248 2263 2264 2249
2998 5 2 1 1 2246 2247 2262 2261 2249 2250 2265 2264
2999 3 2 6 6 2247 2250 2265 2262
3000 3 2 4 4 2249 2264 2265 2250
3001 5 2 1 1 2251 2252 2267 2266 2254 2255 2270 2269
3002 3 2 6 6 2251 2266 2269 2254
3003 3 2 1 1 2251 2252 2267 2266
3004 5 2 1 1 2252 2253 2268 2267 2255 2256 2271 2270
3005 3 2 6 6 2253 2256 2271 2268
3006 3 2 1 1 2252 2253 2268 2267
3007 5 2 1 1 2254 2255 2270 2269 2257 2258 2273 2272
3008 3 2 6 6 2254 2269 2272 2257
3009 5 2 1 1 2255 2256 2271 2270 2258 2259 2274 2273
3010 3 2 6 6 2256 2259 2274 2271
3011 5 2 1 1 2257 2258 2273 2272 2260 2261 2276 2275
3012 3 2 6 6 2257 2272 2275 2260
3013 5 2 1 1 2258 2259 2274 2273 2261 2262 2277 2276
3014 3 2 6 6 2259 2262 2277 2274
3015 5 2 1 1 2260 2261 2276 2275 2263 2264 2279 2278
3016 3 2 6 6 2260 2275 2278 2263
3017 3 2 4 4 2263 2278 2279 2264
3018 5 2 1 1 2261 2262 2277 2276 2264 2265 2280 2279
3019 3 2 6 6 2262 2265 2280 2277
3020 3 2 4 4 2264 2279 2280 2265
3021 5 2 1 1 2266 2267 2282 2281 2269 2270 2285 2284
3022 3 2 6 6 2266 2281 2284 2269
3023 3 2 1 1 2266 2267 2282 2281
3024 5 2 1 1 2267 2268 2283 2282 2270 2271 2286 2285
3025 3 2 6 6 2268 2271 2286 2283
3026 3 2 1 1 2267 2268 2283 2282
3027 5 2 1 1 2269 2270 2285 2284 2272 2273 2288 2287
3028 3 2 6 6 2269 2284 2287 2272
3029 5 2 1 1 2270 2271 2286 2285 2273 2274 2289 2288
3030 3 2 6 6 2271 2274 2289 2286
3031 5 2 1 1 2272 2273 2288 2287 2275 2276 2291 2290
3032 3 2 6 6 2272 2287 2290 2275
3033 5 2 1 1 2273 2274 2289 2288 2276 2277 2292 2291
3034 3 2 6 6 2274 2277 2292 2289
3035 5 2 1 1 2275 2276 2291 2290 2278 2279 2294 2293
3036 3 2 6 6 2275 2290 2293 2278
3037 3 2 4 4 2278 2293 2294 2279
3038 5 2 1 1 2276 2277 2292 2291 2279 2280 2295 2294
3039 3 2 6 6 2277 2280 2295 2292
3040 3 2 4 4 2279 2294 2295 2280
3041 5 2 1 1 2281 2282 2297 2296 2284 2285 2300 2299
3042 3 2 6 6 2281 2296 2299 2284
3043 3 2 1 1 2281 2282 2297 2296
3044 5 2 1 1 2282 2283 2298 2297 2285 2286 2301 2300
3045 3 2 6 6 2283 2286 2301 2298
3046 3 2 1 1 2282 2283 2298 2297
3047 5 2 1 1 2284 2285 2300 2299 2287 2288 2303 2302
3048 3 2 6 6 2284 2299 2302 2287
3049 5 2 1 1 2285 2286 2301 2300 2288 2289 2304 2303
3050 3 2 6 6 2286 2289 2304 2301
3051 5 2 1 1 2287 2288 2303 2302 2290 2291 2306 2305
3052 3 2 6 6 2287 2302 2305 2290
3053 5 2 1 1 2288 2289 2304 2303 2291 2292 2307 2306
3054 3 2 6 6 2289 2292 2307 2304
3055 5 2 1 1 2290 2291 2306 2305 2293 2294 2309 2308
3056 3 2 6 6 2290 2305 2308 2293
3057 3 2 4 4 2293 2308 2309 2294
3058 5 2 1 1 2291 2292 2307 2306 2294 2295 2310 2309
3059 3 2 6 6 2292 2295 2310 2307
3060 3 2 4 4 2294 2309 2310 2295
$EndElements
