element_id,centroid_x_m,centroid_y_m,centroid_z_m,sigma_xx_pa,sigma_yy_pa,sigma_zz_pa,tau_xy_pa,tau_yz_pa,tau_xz_pa,principal_min_pa,principal_mid_pa,principal_max_pa,affine_principal_min_pa,affine_principal_mid_pa,affine_principal_max_pa
1,0.31790613911488186,78.76415930216682,29.854166360372787,-8317.758069528758,-93890.02744241635,-78830.63898956077,160103.67746720818,-230418.9845887143,1138070.1293596497,-1248629.490815525,-29235.227504061477,1096826.2938180808,-29961.295960364983,-9823.136004980883,105068.00353308354
2,0.34869951865990245,81.22750747525316,29.8541663609071,6413.392371156184,-54367.27318384186,-30540.268910779254,-162795.5392699938,-136958.69868641943,-1132658.707379621,-1184571.0453780498,-15015.101246968406,1121091.9969015536,-29590.69636910611,-9105.883625630495,109188.58472465529
3,0.31784102910591966,78.75895141299429,29.895832812964354,-9778.69292147845,-94616.21136485467,-88218.4360567934,161433.3108569899,-162191.3222057887,821095.7710104764,-933431.9880421704,-32243.71544592391,773062.3631449678,-27839.699644305634,-13021.805137177173,105750.6511115242
4,0.3487646596046739,81.23271536472058,29.89583281246903,9768.333849497378,-50193.70772800151,-20848.935557514655,-164091.01530664263,-93861.23519295854,-816218.3894443868,-862715.2681235907,-12507.406850972562,813948.3655385445,-27378.95207471963,-12144.254863898152,109946.44717785597
5,0.3177759178823333,78.75374340610396,29.937499515437228,-8331.939012819643,-93005.12966189298,-84985.72503557376,162878.40607296702,-97579.25727579415,497873.32003534905,-610526.8281484521,-33949.06319097857,458153.09762914444,-25295.511206178442,-15351.565983704217,106328.7851753487
6,0.34882979904175093,81.23792324702502,29.93749951401867,9878.419749948089,-49810.70540910461,-23119.15517637124,-165510.03432239668,-54059.75571194772,-493673.62431087677,-548677.3904379697,-14295.34539015955,499921.2949926015,-24978.88864067722,-14418.35041039929,110581.28285816524
7,0.3177108053443763,78.74853540598956,29.97916621843934,-3937.8304022282064,-88951.97334082125,-68889.75089630937,164453.55804414625,-34533.89807613034,168536.58170778834,-300582.77741868544,-44560.81427616677,183364.0370554934,-22709.622653704373,-16946.573146671013,106893.0543056356
8,0.34889481193336247,81.24313124766007,29.9791662160426,6569.741401773819,-53321.36565715788,-37979.13365078581,-167062.57501929378,-15771.616240243315,-165036.2819184565,-264896.59632197034,-29750.125321239564,209915.96373704,-22628.94637401111,-15980.603392863466,111132.0141077746
9,0.9849609362441684,78.79228167820038,29.56249949960526,-9660.40012852495,-107032.70076183026,-104891.7353667918,219682.3406582339,-97017.023192451,529739.1660540521,-675407.2038912444,-37656.172480236535,491478.54011433397,-42994.104398676966,-10858.901214692167,140255.36877610564
10,1.0148427687503463,81.18271884388012,29.562499511803882,17138.610655450346,-30119.510648209198,-20647.054747484402,-225802.60128508133,-14299.514410979113,-508490.08804037655,-564933.949419558,-17931.85905995972,549237.8537392743,-40093.751866275335,-9594.793644873482,147965.7318357948
11,0.9847656798179314,78.77665786575301,29.687499320488197,-8679.017366374454,-103292.68802981061,-113376.17942921941,226886.97071951217,-70013.65231184031,391961.291962168,-551356.6778537901,-44950.33029298959,370959.1233213753,-35738.506529418766,-13220.64045805582,145498.33253791736
12,1.0150382663547841,81.19834264541127,29.687499329978536,24664.610084158805,-18642.043093614084,-4489.434853857369,-232930.18018115312,-917.0064772361578,-374556.1838124145,-433756.3726500816,-13863.612064305114,449153.1168510742,-33662.95858128371,-12190.41005196682,153119.79024950875
13,0.9845704071745455,78.76103396872315,29.812499147933018,-4904.6628803842905,-99666.01060880774,-105753.74415183406,233765.99260355407,-48215.300817260446,243520.7162744413,-423336.21458842605,-54409.992538685954,267421.7894860859,-30503.63283631389,-16237.605161805568,149466.03483375703
14,1.015233744123775,81.21396628632087,29.812499153966243,25878.020866208564,-16493.34058092818,-8182.399554325439,-239844.87314093008,7652.91263687751,-230352.22219328838,-322427.08257434046,-19808.556070731673,343437.9193760271,-28717.158556253326,-15056.794567165602,157016.77185762068
15,0.9843751163306023,78.7454102329907,29.937498979959383,1881.565430405437,-95593.92947147963,-81478.52829978538,240909.0539883542,-27685.117584581407,85669.02417398273,-317399.53275295114,-65299.52428296268,207508.16469505418,-26139.091224943062,-20058.740770084616,152701.20785272392
16,1.0154290756358777,81.2295901458537,29.9374989830768,21094.688676527843,-22966.08512191528,-30868.039868311298,-247103.72530213383,14327.476785590055,-77053.55105113528,-256922.57742742763,-38229.0308711912,262412.17198492005,-24466.687129310016,-18506.241867038945,160198.15400825528
17,1.648452641634903,78.82045965214093,29.270832468537897,-6597.8745643917355,-142888.27218628337,-135954.15636471225,287925.0382971584,-94133.33324131863,417142.75890505215,-636415.015835698,-52403.42106315891,403378.1337834694,-51377.034203217474,-8253.067419965064,196662.71414065367
18,1.6845508806581824,81.13787435187004,29.270832511322574,34363.82703547018,-5151.798316607714,-12673.028411822801,-300564.286673187,22464.956693091208,-400361.18685552024,-477881.1381718339,-29409.967708625027,523830.10618749843,-50671.51425139328,-9524.195737741593,197357.38757593255
19,1.6480296150561577,78.79442137897642,29.479165593503097,-6314.201368928068,-131265.67801163468,-145606.4665106967,302919.1561633366,-71346.8587683981,319466.23801448295,-560084.5051024014,-66805.61050570804,343703.7697168501,-42010.82022587877,-10448.199966567243,204438.31385298906
20,1.6849742641912484,81.16391260763237,29.479165632464525,44364.853097981126,17447.665861831847,11655.251219132526,-313186.8205738322,32295.994672450637,-295637.60818627704,-385023.3347405706,-17857.375112707945,476348.4800322239,-39952.5821765449,-10915.995415748606,206223.06368679187
21,1.6476066261509275,78.76838321886149,29.687498487642824,-1239.3105778785684,-126272.53772452226,-133703.3723791794,315665.8692477862,-58727.19707458472,204464.8365196245,-479618.8711166314,-77530.51100357957,295934.16143863066,-35828.440586968165,-11767.736512399884,211900.7918308801
22,1.6853976474951424,81.18995062772055,29.6874985264894,45781.34529440929,20954.464488708967,7025.584431280276,-325524.4113102793,37039.97504600111,-180718.58503437147,-325188.54807827476,-21036.795139422502,419986.7374320959,-33876.30914040939,-11918.864013482354,213898.78822089243
23,1.6471836317724884,78.7423452743733,29.895831395546544,7528.703139918685,-125989.74188737695,-101566.10324290188,328855.78361502447,-46263.58990931501,76750.54157923206,-417435.9055682302,-81381.85885097829,278790.6224288484,-29684.28236668042,-15889.232503988436,219713.15940546597
24,1.6858211288489566,81.21598868875083,29.895831436802535,38925.42200757742,8600.751383486782,-24391.071345713688,-339313.8645271103,38987.69772476757,-58085.17158207368,-316391.93504938646,-35780.36669930768,375307.4037940445,-29040.390720462852,-15956.840414378108,220741.79794395246
25,2.1384447344128508,78.8477673762519,28.979165753657867,-83466.3277553998,-368462.3658897567,-231800.496885759,679254.2431523429,-175390.48932157905,683831.9236097508,-1265344.1975618866,-124991.22631822564,706606.2333491968,-46747.24811820077,-5922.840239316018,234125.0997920334
26,2.194329140700603,81.0918180414405,28.979165800317837,22191.719667815818,20039.49458874469,11485.98366089475,-682591.0512063918,58063.74435851359,-665836.7703701832,-905857.9381998901,-42388.766719496685,1001963.902836842,-54660.53491988983,-9758.011023359082,224514.10302013007
27,2.137500943645297,78.8113216332125,29.270831664677303,-82724.09653630978,-322201.3915387493,-268417.05514893,735883.1797383982,-148495.16259813248,542921.7818362351,-1196379.864102181,-145466.46647929295,668503.787357485,-40091.35452101979,-6461.909590038085,258561.2278612227
28,2.195273354062643,81.1282638126527,29.27083170071475,47225.78550711011,90296.72623025309,68370.74404171604,-720594.6539220249,91477.98036592989,-494679.7291662337,-768538.0290335268,-9933.875820152825,984365.1606327589,-43968.728709807394,-11382.152730599795,242673.01579971702
29,2.1365574876671616,78.77487620081979,29.562497824336564,-74659.47071637504,-307892.6018416677,-249832.25522428568,773198.3760261942,-143780.54049128946,352661.59895702003,-1109689.37126973,-150722.00579600458,628027.0492834062,-34308.169798129835,-4572.11487778599,272404.87139618536
30,2.1962176603526293,81.16470923570392,29.562497876213193,50361.80193587819,102590.9047979675,64034.119998654365,-751655.7300592969,110381.479154692,-300928.57243788644,-703040.5410189434,-6423.460177566267,926450.8279290097,-37198.307734980874,-8753.293304317742,255799.93457263708
31,2.1356141262379706,78.73843091243091,29.854163995461214,-61525.34003005648,-319235.8876509564,-189595.54953158024,806249.2783667295,-136340.13397481758,137323.6577200537,-1050088.983056059,-146691.56468581725,626423.7705292831,-27181.629535245356,-6871.393051449365,289712.63777366513
32,2.1971620003062435,81.20115450293319,29.854164073781416,33735.10673345142,70434.50969983429,-1838.5789111085578,-784333.553711976,119755.76431891257,-91941.47296320944,-732911.1750337225,-27393.777002292063,862635.9895581917,-30293.564495641185,-10811.015133009067,270667.4916081754
33,2.465627706044517,78.87397075495213,28.687498943881256,-72127.16906955658,-370071.62792510504,-212503.91005915418,609783.1968147182,-142827.83170962607,472877.122986368,-1056148.1268537857,-133179.5151990989,534624.9349990687,-37507.15478676728,-7743.540821847416,252830.86923754966
34,2.5334865896060283,81.0447839755583,28.687498932330918,24254.229534040714,49613.8187465234,-11830.664248861349,-719230.7688692561,63963.70980446262,-544052.861923861,-845963.0537586028,-51004.444793564035,959004.8825838696,-47401.78817953746,-3313.6594504043414,244405.8454940999
35,2.4641632596955656,78.8271183974121,29.062498116732517,-70325.12160468401,-322048.55630856426,-254306.1014386387,710713.4835237536,-134169.4674572858,410735.28992099717,-1086168.6357506446,-154843.42260050692,594332.2789992642,-35467.52948325492,-2399.9433057964475,299714.37666013977
36,2.534951668510218,81.09163646820755,29.062498095482116,55700.90853594737,138270.10360450292,52379.932872251775,-794535.6252555455,103361.21215676189,-421178.96772825706,-772325.8973434474,-14279.077344116782,1032955.9197002664,-36819.138227478645,-4498.034325993147,282423.1508938379
37,2.4626993375926136,78.78026621345742,29.437497231275433,-61139.351814093156,-302141.3616565047,-237889.8502729811,758402.7372549549,-136728.92283141793,275861.89254318137,-1049416.1555415692,-156548.49851121553,604794.0903092058,-30918.42573274131,3448.6651316638367,322673.20400153083
38,2.5364169128445275,81.13848868211821,29.43749726977085,61325.00687471099,155901.5754025857,54688.35927513051,-838258.6481903234,126622.90552854683,-255467.0020967534,-743854.960880664,-6795.068510022681,1022564.9709431138,-30502.134823656022,-213.9135675756475,300294.8095618938
39,2.4612355495582476,78.73341417315771,29.81249632266719,-50577.16412771573,-314905.12454847276,-193048.0255956074,786578.9585487015,-129564.34088143938,117566.9195395031,-1017431.8571548605,-156009.11250221592,614910.655385281,-27374.3077450253,5375.409665585434,346072.6008939039
40,2.537882310521856,81.18534069348084,29.812496450784323,45931.79464468898,122733.47395133473,-6835.119365206909,-872682.7689310642,134532.70498166507,-68466.77343666705,-791648.4028464225,-25593.289005015715,979071.8410822554,-25001.215433623278,1995.0672242556184,319065.5080482074
41,2.7967172471919612,78.9001068546361,28.395832136025323,-57736.324152200796,-347497.4146042005,-217101.0242729542,441723.21659013437,-119365.76172978422,279791.4243447544,-791022.1642599208,-146501.11693108606,315188.51816165145,-20747.156703609413,13026.830314203791,320141.2890012271
42,2.8687384709468082,80.99781776821152,28.395831957136416,27018.99331669938,58394.896096248835,-39803.70885483539,-613157.9732756118,54488.95018821852,-369080.9477811571,-662700.2145601731,-61781.05154181243,770091.4466600984,-38304.14458011198,10633.395083273743,288181.47294864844
43,2.7947322480666994,78.8428497471009,28.854164483616106,-56694.74616185747,-319497.0802236477,-251697.2610866506,611611.9069290566,-124260.98333623967,294079.3434697673,-932872.8643208093,-166780.73063433956,471764.5074829929,-23016.02487818017,22186.951227707912,382509.76321630203
44,2.87072441896642,81.05507504388243,28.854164298128055,56906.31423720358,145112.4992642265,13023.550419921434,-735266.3649691601,88795.68490619058,-311765.5473791973,-678637.3986568849,-30644.7866965288,924324.5492747652,-28023.623117363488,10298.093460147531,331983.72770427703
45,2.792747783529979,78.78559260467955,29.312496451055214,-45582.556549713954,-298247.34359141486,-227976.36946415436,682333.8495413078,-117892.34835473793,211161.77369261155,-938090.9131904677,-166171.61750860483,532456.2610937894,-18366.692275877773,29326.514461499224,414277.30251353804
46,2.8727105380577096,81.11233218141693,29.312496398187665,63069.485563915805,163953.40762164982,14391.467571885885,-793901.4889135524,103283.62345581909,-190471.09727048388,-688865.1617936289,-23876.101342691352,954155.6238937718,-20056.09894708329,15708.490266658093,355816.9888946583
47,2.7907636222551044,78.72833566806837,29.770828334199578,-37115.1542770143,-306676.56883157557,-196432.55535732285,705542.7776371553,-91657.51255108089,100659.47012337825,-915470.9210259032,-171660.58592173303,546907.2284817238,-19894.24013677453,34521.94797431751,439440.682647794
48,2.874697064933323,81.1695891099934,29.770828479775993,52813.464948149616,140186.07613245,-31591.784265513015,-820393.5967364396,97431.24934269472,-39272.463753390344,-727209.2808959046,-39399.883710470596,928016.9214214617,-17074.62085493328,24675.4592905065,377313.3899875034
49,3.124281015863352,78.91387678485582,28.104165627564097,-49037.94573579764,-306577.82309777354,-224289.7655525619,164002.22424258653,-104197.3415208098,99200.99324781823,-465494.6397356984,-153796.59556019527,39385.70090976069,-18409.34571585158,27193.76237894926,346943.422745099
50,3.207359968335129,80.95905368716757,28.104165157449973,9613.376694736471,4090.6504489769177,-89367.69785588751,-445904.9123218015,25741.372199428428,-205624.50283542235,-483042.3328432924,-92399.8817044665,499778.5438355848,-44324.428429922926,18985.577032756573,294202.34739242925
51,3.121970997446781,78.8566319639227,28.645830591359072,-43632.87034692714,-303901.54295154905,-245058.89616518916,369034.1849022578,-110039.85816976371,160707.18719633474,-648805.3715687849,-171930.3777475484,228142.43985266754,-21143.101431936993,41010.36256563494,430096.21081322536
52,3.2096717712831433,81.01629884446898,28.64583008056084,33961.92193739611,82353.45721408755,-53266.49309182589,-593206.4077928148,49386.36766651138,-200723.21684178745,-560892.2295302365,-69321.19598950096,693262.3115793953,-31158.738442760125,23408.761785024108,349493.33142452524
53,3.1192058245850425,78.78898039412574,29.187495585634146,-30414.60151478513,-288052.90480321576,-213792.7580557281,464657.2282671424,-80064.19673121304,135697.86561459754,-686744.0742516281,-175263.41410797508,329747.2239858738,-16728.938940201846,49190.6931895615,473580.323695524
54,3.212439104475387,81.08395055654357,29.187495274824244,42351.909031659015,108941.82696210298,-50808.36330437343,-671976.6027014554,47005.756289171,-125429.19654652923,-603459.4879820297,-62334.28978320265,766279.1504546208,-20829.115824193195,30915.93014679251,380973.33810664585
55,3.1164412973146933,78.72132893694845,29.72916044211772,-23345.811035394,-288215.03028029297,-192633.9674617331,487466.6267360619,-23763.72200523112,78162.11001780967,-670179.1932015046,-187563.44094933203,353547.8253734165,-18216.741451002814,55613.719383143085,496843.82100371673
56,3.215206792744875,81.15160208104037,29.729160455131513,40800.343383139196,105731.8288097576,-69840.6549188091,-695769.559929546,23928.130515617744,-12843.192780918582,-623355.0356114368,-70561.48511440986,770608.0379999344,-16364.147566707225,42627.15438271555,400437.23348878964
57,3.4547591119675958,78.91503850691896,27.812498873939134,-61972.95568795458,-286127.8597382319,-234188.42172973615,-62746.903240996464,-97365.85250808984,4748.42296614912,-368301.1121237846,-173674.30491065237,-40313.820121485674,-29223.407091054287,20583.34007116268,325155.84782787325
58,3.542910169970293,80.92873353198043,27.812498113375266,-26811.82154689182,-60997.35148212467,-139415.4677700162,-325917.5579697798,-3145.85788163849,-99631.67576006221,-390839.4862879164,-130387.12725762528,294001.972746509,-63109.09727733712,13467.858608989225,255264.16724310175
59,3.452710395296934,78.86820861414205,28.437496965279912,-47741.12724019215,-303012.0396660978,-244100.84386902646,111599.10272009601,-101852.778455925,64310.26500194154,-423224.97299793834,-168764.5312471221,-2864.5065302559838,-31015.4880383665,37702.24482468463,412632.3497824048
60,3.5449623496635168,80.9755640227102,28.437496090296698,1570.9069758239457,-5042.344931572716,-114026.93613220671,-457659.50787983247,8878.693546898969,-117755.92699958279,-476040.0879470197,-111361.91731024008,469903.6311693043,-47060.179039544324,20911.662056894977,308780.18106606964
61,3.449295084670353,78.79015853250442,29.06249476868039,-33439.57998632729,-299100.9398041349,-215113.2844996532,213698.55612896982,-56486.43723667932,76850.04056739007,-450265.5043895276,-188156.4681310606,90768.16823047298,-27441.217976238462,49207.13586969155,473194.3706774179
62,3.5483808726624493,81.05361456020754,29.062494120533565,13539.57413280696,27466.534578423114,-107551.57574574315,-552853.2694610502,-5238.311995629355,-75933.18846546717,-540132.7915525507,-103426.27815169988,577013.6026697375,-33675.82068592798,30338.004451772485,348940.57326826995
63,3.4458802124937042,78.71210834313307,29.687492399985654,-25070.38051764907,-292548.3454925938,-195057.43725766242,243072.08288885327,17685.9300412466,59595.68457697557,-437212.4659653232,-205295.69842445888,129832.00112187673,-23430.676354958738,57703.405470669335,499674.5665239642
64,3.551799586730991,81.13166495428479,29.687492183348123,21027.319691570963,46225.78327795553,-100624.82647378613,-586102.8051719299,-35513.564457033885,5370.166962672123,-553587.0577826619,-100826.39867504507,621041.7329534472,-24088.56262218835,42660.33065335185,368561.17047557584
65,3.78499361882681,78.90841112627592,27.520832091957086,-80899.47674253886,-300846.12528426864,-249131.54401498786,-196583.44905732144,-99782.50183260032,-23861.632272635645,-461805.0870785622,-206816.4017134554,37744.342750222204,-39760.59647601764,12002.432450553519,315482.924639634
66,3.878703567555342,80.90620328634648,27.52083106863857,-40501.59476638108,-91012.82745763205,-171871.67197122987,-273726.9727717011,-23499.962017446884,-44817.51933689199,-353162.25127779006,-160146.78937052886,209922.9464530759,-76646.69368840283,9668.414093647129,242704.13474250166
67,3.783304121130458,78.87199279675869,28.22916334379797,-65348.419271235594,-334673.4360937989,-255932.65819568586,-72925.7829575646,-107751.91925079821,18946.81394117713,-417101.3562346613,-202656.8281686434,-36196.32915741553,-39849.257854120275,25698.62108077747,384969.88819932437
68,3.8803985377096892,80.94262248094876,28.22916210250137,-17488.506854395346,-70166.19310015044,-153445.3726764377,-366961.8454567409,-21571.19274314477,-63702.65838949196,-424714.2971756604,-142611.2968762632,326225.5214209401,-57310.37629652779,17410.165274327228,285035.10201766714
69,3.779531910807346,78.79135273915067,28.93749403714439,-49810.84766058981,-343022.1722869088,-232144.59140512906,18059.644157355,-60302.96848477934,44515.829740607645,-373240.4013439112,-212271.00544040848,-39466.20456830816,-38012.83557909376,39526.07493969571,453293.44825313473
70,3.8841753979703664,81.02326333085524,28.937493000902045,-8056.686601879711,-45354.08471488404,-142830.66767289882,-459395.97045580077,-36788.40420004489,-42036.282562808134,-495267.737171313,-134083.5669117887,433109.8650934392,-41912.50218764401,28109.840245316704,328247.38402712473
71,3.7753692763446427,78.70290963335226,29.645824533589348,-39838.99090738146,-336592.93632742256,-209079.88482519076,53719.178814368446,20291.56821006168,48711.48800558148,-347050.6120154785,-221848.73416569163,-16612.465878824765,-28873.868650857545,51125.52509241634,488811.68200672464
72,3.888342785018953,81.11170671538878,29.64582399626998,5398.510739698804,-15802.386266292742,-119898.43854386933,-502280.85498587205,-62248.20396993593,16655.395648062844,-510375.9090511039,-122068.59683081988,502142.1918114606,-26623.983210804574,41897.05665802163,353252.0466043686
73,4.111661529037711,78.8920643527126,27.229165551929086,-96066.63264598447,-318018.2763843574,-260727.47040193563,-274205.81243367825,-102998.71312210527,-24779.866463960934,-538591.4011898227,-229057.1720176388,92836.19377518418,-49398.160243589715,6165.929851583376,316159.6742761955
74,4.217854897982293,80.88923167179524,27.229164252913566,-55430.222695007826,-107774.1290425235,-199533.49763590298,-268063.4314796663,-40554.761414969886,-18127.341821178718,-361937.93955898494,-189032.6431147725,188232.73330032322,-89461.04941870416,5969.450122181684,235214.95975740108
75,4.110298755134542,78.86605946888882,28.02082946383117,-81440.96197045848,-366486.77503089764,-268500.4141935379,-198402.3841605041,-116108.48828028284,2931.388492232985,-511999.27824483917,-235828.38834732692,31399.515397271945,-44659.48108263519,15298.584424197692,375145.78369107336
76,4.219225260122823,80.91523761781335,28.02082782305009,-40074.97944814677,-115932.66026177499,-185078.03477812948,-333386.28341645625,-47627.029742450235,-33073.06224691648,-427224.7016237143,-171507.4000697892,257646.42720545223,-66951.4938296245,11806.818696316932,266541.7364441223
77,4.106299957373643,78.79064571920568,28.81249333246673,-63122.7299504589,-383633.69928088004,-247186.74403138872,-135494.0079909709,-73169.08865009889,28187.965019759933,-450865.5834629944,-240810.03036114102,-2267.559438592213,-42384.068642593156,30417.4971563968,445608.4411119524
78,4.223230220039059,80.99065241901998,28.8124918445393,-28398.63391827848,-103427.3193810998,-168700.36914186872,-416321.06694161304,-61629.88401923275,-22056.322945031123,-495112.9935721351,-158744.3122400017,353330.9833708898,-48910.806766382695,22753.051495758933,308419.33572969236
79,4.1010321883592935,78.69182851859217,29.604157004364513,-53178.47939545503,-384037.94890730665,-223608.3083340174,-104560.2394183813,4255.367335255446,42664.09210370873,-415665.17961798696,-229880.71007317214,-15278.846945620173,-30372.839480040526,44604.521961475366,489742.4785218575
80,4.228503967256258,81.08947017056491,29.604156041618346,-11953.740758488442,-73105.30001897029,-135780.34504238763,-466558.6980892896,-79849.87687854974,23638.145311040353,-514838.1855417909,-140116.55365428922,434115.3533762338,-29266.97121402811,37775.292711416834,338093.4103798638
81,4.441346102865303,78.87349040376392,26.93749875522215,-106261.08922761994,-329178.7428797473,-269388.1717903391,-320964.5193309664,-106410.01440336517,-13374.147875972432,-585998.2150182847,-247572.0719712556,128742.28309183405,-59213.18098679871,1979.0578214988657,320231.44297664403
82,4.553779686899159,80.87032592698057,26.937497198475533,-66373.18070249993,-113626.974195399,-219511.45114386146,-287218.3767981189,-53397.082044350485,-3224.910638413487,-388480.12096115155,-211957.26347440048,200925.77839379176,-101183.778715581,3195.677109256353,230309.2370907772
83,4.440472678384046,78.85789097637239,27.81249580100095,-91129.93363930949,-388478.7865404026,-278554.2700883879,-283881.43978378444,-123266.61071584183,1881.797400741286,-595418.8714341235,-255470.01730156504,92725.89846758853,-49056.027627823845,7290.006959966474,376330.1627280952
84,4.5546631519418606,80.88592642718461,27.812493778070465,-55478.72144560977,-144343.85556778905,-208871.94531863366,-338360.30021640996,-69255.96101215277,-15985.301835135991,-457070.99860119197,-195511.22564518932,243887.70191434873,-75866.15094654002,7211.6716301297865,256622.19650166144
85,4.436523827681431,78.78769045799818,28.687492591241128,-70554.6969467744,-412483.52942205523,-256886.48457529608,-254819.052619518,-85728.64549107438,22474.10598749789,-562497.1958591848,-253853.7098712244,76426.19478628374,-43890.77793390072,22559.62761328005,445992.7437320289
86,4.558619909439368,80.95612821995687,28.68749065389595,-44502.87635631759,-147665.30170387143,-188953.3782769433,-415037.2537635039,-84305.54900493516,-10837.638503179782,-528987.5609390317,-178743.18695385638,326609.1915557557,-54385.6724873399,17287.752372785133,294710.77270703646
87,4.430378696942601,78.67848898560155,29.562489220903636,-62386.546966908536,-423928.94237657567,-234761.96911269834,-238632.5149170561,-16889.591130950274,40305.30082849955,-542555.9191849071,-241131.8031021061,62610.263830830954,-29676.707770545803,38488.31457742488,496566.0641413615
88,4.56477231956379,81.06533085951355,29.562487806466393,-27210.174268955867,-123950.0639528161,-149125.47659385556,-472842.5183996128,-95669.81754136282,28194.960892209157,-557662.8136463978,-155290.81119987826,412667.91003064846,-31010.645832536313,32932.15465721989,327116.7837977692
89,4.767913038989801,78.85514101626775,26.645831948792132,-123638.57830703023,-353765.90216113965,-285217.1691963454,-370013.69381030864,-120002.88203827877,-1736.916327499456,-652594.0808477474,-270050.1327783818,160022.56396161387,-68359.2660898744,-2514.9710150132705,318571.28551849164
90,4.8928214608319385,80.8511955487751,26.645830109399114,-71239.55379158346,-106299.51129160651,-229433.45615627652,-295735.0779803352,-61593.75862471623,13862.758476413066,-392873.6060891018,-227793.33394287387,213694.41879250912,-111816.55093640726,303.88961120479615,221860.95112591312
91,4.767626735284225,78.84994191926135,27.60416213192005,-108362.97928020351,-424644.2670008924,-298787.47360162035,-362663.5112010165,-141284.56322252576,4695.749779170428,-696454.9686966138,-279975.90007648815,144636.1488903854,-56062.85270652876,-585.7686593901877,373843.82024430356
92,4.893120532300678,80.856396019686,27.60415968599375,-61592.523443725,-151691.32452865815,-223638.50722815387,-339590.2558261238,-84052.93575201003,-544.2829791141427,-466175.83855456096,-213236.9801059119,242490.46345993585,-85898.4696313634,2778.4224428039834,248515.56303133222
93,4.76358206500233,78.7849660554874,28.56249182867616,-85770.2858898711,-456232.4778849985,-273030.7754142289,-365346.31915503903,-107092.611167439,20987.125388174172,-696091.5120388812,-270667.44291973935,151725.4157695221,-47967.771202041804,12979.154542859078,437069.6556150617
94,4.89717515942349,80.92137361862603,28.562489377471813,-52030.18668095721,-169031.61485563783,-201415.42073649366,-409440.6651686717,-101436.85249953328,-1157.3213485568572,-541982.5086399335,-192066.8039545347,311572.0903213796,-60001.44014715455,11617.227705964386,283408.0542284793
95,4.756072427740682,78.66541350025359,29.520821428439042,-81458.06065213442,-484150.0704484826,-251774.85936457702,-368846.21996460046,-44054.258989019545,40196.62419460992,-703701.1088459367,-259298.8513750832,145616.96975582582,-32803.39156442827,28825.11928442848,487602.3450638554
96,4.904693534328656,81.04092781976713,29.520819471620086,-34745.26667913236,-154692.650196744,-156444.1507766064,-469497.8072105488,-106711.08389184362,32356.119101757988,-576428.0266832325,-164451.493871837,394997.4529025867,-32919.105796272604,27179.216344909044,316292.93114782544
97,5.2573502749059795,78.82141019194424,26.35416493451464,-25997.16426279048,-190785.8358312685,-208578.6267165022,-204974.07018511675,-56666.74986704893,67119.5342677321,-330147.26006082195,-229968.19047503022,134753.82372529083,-84568.11276178774,-5138.884544350022,344812.4704302958
98,5.400967156400055,80.81623520421884,26.35416256811226,-27825.515662349346,-66581.5365164287,-214221.91399803248,-172736.756792233,-34905.08266618578,59952.794647081944,-238196.175359602,-210119.1696214609,139686.3788042523,-134713.4864604389,-2166.8562805036727,228764.15231643536
99,5.257358813164729,78.82141161690137,27.395827600548568,8078.270137336673,-220562.71926930783,-210563.0835478874,-217907.71068052461,-69044.11108969817,45878.94840474528,-361273.53658258915,-217078.9384154399,155304.94231817056,-62387.516666640426,-5282.3167521291725,391337.48929833504
100,5.400974844318354,80.8162360127866,27.395824395062597,-138.12324905692003,-89265.96113749966,-191562.83982035314,-195412.6591500996,-47451.454721019014,30409.62429126906,-251359.59290649847,-193367.09532992067,163759.76402950945,-96582.16100141068,-105.40019161945499,249429.28493286978
101,5.253072704040379,78.76167161451039,28.437490403755746,45196.37832683269,-230748.37254456576,-188912.9497324344,-235714.12457177258,-54266.071724183086,42285.25511879339,-369810.1143353076,-195709.50803909113,191054.67842423116,-49616.86146092392,6559.245346355465,448207.05582876934
102,5.405273650157156,80.87597865317643,28.43748707048939,9721.55307848387,-102879.74939606489,-167503.28321354248,-232969.86999885214,-58462.00320973647,16601.25438445216,-296511.2502478997,-163887.25993312566,199737.03064990186,-64889.307079357764,6792.8346346527305,278755.6751738472
103,5.244101987787173,78.63699630968578,29.479153218855142,51995.81990799397,-250141.47847053994,-175341.29282103595,-248381.192494299,-31625.679983087495,44778.56830713135,-389938.28741269995,-183123.1541485284,199574.49017764648,-31433.77019147877,22223.2955415234,500118.9313238127
104,5.414255038224625,81.00065636513423,29.47915032615857,19862.66041373248,-99182.0914137071,-129356.6869237765,-268838.41864001885,-60399.512625181735,33847.87395555706,-318699.0103924257,-136663.9791547557,246686.87162343026,-33951.36816041808,21280.62920627788,308838.4660528133
105,5.919012594642381,78.7716834620765,26.06249728094091,-29284.775683211352,-212411.77491394372,-242255.3598093416,-243035.700947685,-64366.28093754887,81453.07342449995,-380927.8831336557,-268236.4224753165,165212.3952024756,-104490.82783580755,-5106.7824552386455,393939.2585772207
106,6.068861699611546,80.76605969020738,26.062494147696157,-36728.32154515419,-66877.9452532794,-258535.00674453698,-210999.16197646403,-41307.485972572824,67475.74226748738,-284054.6689304574,-251747.35271369596,173660.74810118275,-167516.44027240935,-3476.347009937113,246588.65226087518
107,5.9190233207201715,78.77168568262418,27.18749266625926,978.7889336806329,-238671.16311599448,-230972.1368876643,-270838.0417843634,-82700.1249066041,57257.49314287013,-423158.4183828054,-243157.8023966635,197651.7097094906,-72241.43156440993,-9939.047198721331,414779.34971384663
108,6.068870966239303,80.7660612691633,27.187488350268076,-9514.02144914122,-93332.55407924889,-216128.65975258267,-238946.72088378787,-62999.81515866567,33139.664714071914,-303271.64161066624,-217305.35828283156,201601.7646125251,-110049.34931341784,-2977.74995217597,251411.26478743937
109,5.914934627242728,78.7171542235221,28.312488247582348,41084.950915774134,-245355.63571277302,-200041.60360621894,-309020.8246540573,-71805.64036437169,49986.03530283195,-447479.16262649023,-209751.55960062455,252918.433823897,-53326.786539881374,-232.52364722218314,461425.9370911238
110,6.072975577637326,80.82059679290948,28.312483661947233,536.8443238077416,-111801.73636335353,-181894.78912453013,-285157.6398175262,-77194.16280980261,17522.43133913886,-359982.99632664444,-177451.92774565823,244275.24290822673,-70612.7164857301,1900.6969478741255,274817.5948869091
111,5.905575916134458,78.59250769918755,29.437484005406212,50806.105056372515,-269091.4535422782,-179629.53315806223,-338560.40413671033,-54033.94273137535,51217.390564023786,-484699.85010057816,-189942.6293160821,276727.5977726923,-31606.344806114503,14272.395738568663,511530.0255383374
112,6.08234749055841,80.94524705369228,29.43747979234033,9730.21830286404,-113369.93322827078,-136886.37572731925,-329650.4808923041,-79132.48335083299,35144.821264584076,-393134.529169868,-144850.66861445844,297459.10713160044,-35262.967863055135,15090.076944419965,302315.79991369066
113,6.580677066035231,78.72197638696403,25.770829749693114,-30562.35880725259,-231110.81856134214,-278490.8719434809,-294182.59132672125,-72531.74350821681,81316.99804950468,-442575.41850709415,-301877.3774053944,204288.74660041305,-120348.56609487969,-2506.0501445445016,437767.9274880841
114,6.736754766877098,80.71586469515367,25.77082564414351,-40667.874401193694,-61594.2983206989,-306020.7657478394,-252631.07684451807,-45645.68063076582,65995.58311653041,-325487.05960668554,-296593.7957758038,213797.91691275733,-201582.37404855544,-3792.3722285574786,260606.50358516758
115,6.580689555046189,78.72197979150029,26.979157723604686,-6968.041310872446,-255046.9557838061,-255929.05731889518,-329318.75807858765,-102507.50373242155,65177.34700979918,-493061.70356625353,-270889.6374360673,246007.2865887473,-82822.37806172995,-12193.994126245028,440028.7336220537
116,6.736765362900122,80.71586745960288,26.97915202984708,-14335.75637170413,-87792.77992294099,-238093.8455259824,-285265.73673140036,-78824.86587701326,32225.61273160129,-352439.0508084108,-236348.50461166416,248565.17359944756,-122945.79653908168,-4116.8917693311605,252595.10517060058
117,6.576846866293583,78.67265448868721,28.18748600042638,35462.7313184371,-255594.65549324523,-212825.94307684342,-384865.1680682981,-95286.13406787487,56757.89009665394,-528538.2344827573,-224977.8980195461,320558.2652506517,-57426.55339353399,-3939.1677375864874,475696.0686543137
118,6.740626986613681,80.76519903806377,28.187479931499816,-3797.3227494459497,-107109.5207228031,-192575.20605051419,-343039.2656221944,-95761.09590340729,16665.521727353225,-419730.09031868563,-186712.30920297292,302960.3499988953,-76694.52178187619,-1307.228044854075,269758.45115515986
119,6.567100372142995,78.54803944311325,29.395814673136083,48884.47303984895,-280748.20873449615,-183290.76735151347,-433221.6161643038,-81384.90697188747,58407.34544410883,-582387.2760492607,-196631.89084767038,363864.6638507703,-32258.416559328336,9350.102705106538,522452.9073319653
120,6.75038929344505,80.88981985781922,29.395808893483817,4570.583626472129,-110976.66156464265,-141709.28364670387,-397736.96300900413,-99583.21946995422,34739.49956234207,-463974.6073707622,-149446.43639078265,365305.68217667035,-37628.62925449008,10595.293149089503,293875.17319631146
121,7.069660145109457,78.68218896968398,25.479163048561706,-186864.4858114788,-463989.1861354522,-442301.4175661682,-676653.4704651948,-219614.47120044567,8592.425438093245,-1061052.307301179,-423369.49861135095,391266.7163994308,-126251.09306145436,-774.5108711977871,453643.83081412315
122,7.2444192571191195,80.6744974641856,25.479158106364608,-108082.16369143302,-46090.51477514757,-402283.8675101805,-562707.100353086,-144106.36089462828,14966.252610938114,-670885.2043968576,-386781.34014802886,501209.99856812536,-222138.02574167805,-2868.614746674055,267340.0612822663
123,7.069673988743293,78.68219350328977,26.770823243068058,-177307.86983397766,-520182.46894181496,-425109.9116790985,-772010.4755059013,-301569.7460934568,17846.709105403545,-1205969.5438693203,-405212.7355719357,488582.0289863651,-92405.93692463712,-14069.384432619043,456729.94055266114
124,7.244430961338341,80.67450137499229,26.77081630091338,-92527.85670944351,-113035.61894481744,-331127.3834519108,-650567.7566801184,-233513.00052240858,-2887.310680075775,-814548.4837333742,-299501.4930774623,577359.1177046647,-135678.41875216193,-5891.003917336376,247826.92382505664
125,7.065833908968052,78.63809580393544,28.062484435821656,-134362.8073977227,-518659.5002587724,-346772.5655893771,-922461.7821161842,-293217.84068677324,26183.931929175025,-1315766.5519177148,-342687.5388087716,658659.217480614,-62093.349013874235,-7177.018578100325,481457.07314748084
126,7.2482925158705696,80.71860737098064,28.062477043036882,-80793.29925994913,-152621.86311134454,-261723.38104184065,-792582.6032164155,-269223.80341951136,-5257.262322069257,-967443.793281273,-239362.3889803697,711667.6388485086,-83218.94634489673,-4144.695408773618,261498.077075988
127,7.054921076683076,78.51358054399243,29.354146253285798,-113729.30321174947,-568585.7727340447,-286222.4545567949,-1059973.0549350057,-265227.0103096603,55111.23095636361,-1450989.3356848098,-302027.4859631761,784479.2911453972,-34234.91592618276,5362.798854185473,525497.4403721883
128,7.259223271396134,80.84313038062176,29.354139069600215,-67789.90830823926,-159971.1815702503,-182666.82431285142,-921466.8667664665,-275462.1284417939,33413.029110254516,-1072516.8278261803,-191580.74880003836,853669.662434878,-40974.61684507927,7154.990718635915,283866.9650255473
129,7.3953025244630215,78.65153145107104,25.187496521148155,-180262.94739320324,-441591.52229348547,-433135.7096858115,-693978.5702698727,-221853.87788256264,13705.526409130161,-1060063.3205672463,-417810.7351722399,422883.87636698585,-125693.05946598998,-870.104040254802,448962.6816726539
130,7.582512898040158,80.64274786256125,25.187491069472046,-109395.73119573714,-20805.0322081169,-414684.5340256607,-625027.969022392,-164829.05130785247,9864.753403543491,-728402.5366341578,-394454.1822455004,577971.4214501437,-229034.17087226172,-1681.8472394519283,266392.862965486
131,7.3953176222812465,78.65153686811374,26.562489691060282,-172050.15251825133,-499707.5932905126,-429349.1431840725,-793330.0698627504,-318312.8041734361,27266.538261851183,-1215569.679771512,-413070.27334380866,527533.0641224842,-98298.60998925759,-14023.591965104746,471890.72676385386
132,7.582525658536804,80.64275266559913,26.562481859603224,-95253.92775992485,-89911.808982104,-348368.107808057,-727058.861124221,-273096.466222901,-3939.627718797342,-893055.4625422701,-311546.3264833058,671067.94447549,-144677.04008975442,-4905.241784851549,253089.5101566185
133,7.3916747985505555,78.61265103923367,27.937483557578794,-125543.66326390256,-487418.7831400468,-344329.19514435,-950928.4810049543,-314756.07730179856,34460.56949981219,-1325380.5650569801,-343482.92910165305,711571.8526103337,-64529.76899918182,-7208.366417357722,494006.52230370993
134,7.586192465589946,80.68164845893794,27.937475195748227,-82177.90744425754,-128683.93700377873,-267975.23441205564,-893088.6766558561,-314369.85811084224,-6187.702282877339,-1066864.8077919495,-243100.1023557019,831127.8312875595,-86374.20058327253,-3632.829218064835,265086.22120296117
135,7.3799849754922615,78.48820483572663,29.312478246764215,-98657.36304994556,-527142.8816576485,-275115.45766156405,-1101444.6859752033,-289367.2610178901,60697.62406367035,-1464249.3735978145,-293571.71773420647,856905.3889628628,-32805.879286383744,6103.892415206047,540514.7329069753
136,7.597902226150451,80.80610393792315,29.312470039546604,-68320.82000743606,-133613.44858711006,-183195.1199570655,-1051725.8774497593,-326280.1642063608,32573.990104173925,-1198597.1718533095,-191544.8501672418,1005012.6334689399,-40723.38437331974,8053.171608146235,289133.48806317174
137,7.724060371922082,78.62063005174743,24.89582986643285,-186243.92605414923,-444683.92367421766,-436543.0338320858,-752577.9651513469,-244570.25750399727,13072.85058820072,-1126499.8760801074,-420471.30261891085,479500.2951385656,-123822.56428704898,-1312.1823001514895,445282.32173874474
138,7.9174904806112,80.61124209649213,24.895823872628796,-107215.21182167645,-1527.5971944531047,-415995.36336648784,-654192.4259300071,-176633.60494958702,11995.072900168137,-749261.0147381499,-395958.18715928734,620481.0295148197,-233008.17444295363,-1477.0816127848639,261791.65059738464
139,7.724076821562567,78.62063635806062,26.35415611863131,-180501.41098459432,-506496.29048680386,-446569.2576383387,-865068.8105061939,-358219.39012279164,28327.851342684706,-1304391.18362414,-428130.4014744265,598954.6259888299,-103525.9003740817,-16234.022696284173,474902.64352098404
140,7.917504313956105,80.61124781240062,26.354147373007244,-93921.47696454279,-67513.48977218918,-355421.0549689122,-767439.5646270522,-295888.04870329786,-1298.6162019333224,-927896.2984733029,-317578.6402504984,728618.917018157,-153173.92495241747,-5656.7721485636,249677.68012779497
141,7.720825760171112,78.5869463666853,27.812482664659484,-130781.97324768073,-485109.6623038326,-355672.3800859385,-1041342.0714921533,-359241.615877973,37337.439512831006,-1424672.149090506,-354943.0501637451,808051.183616799,-69126.57551370648,-8982.232011029419,498641.1265847624
142,7.920781761109664,80.64494974882972,27.81247331759134,-79237.71654390488,-101853.45521215728,-267957.6708515193,-946318.3050745879,-339430.5089229825,-3861.263973517301,-1110172.4063848257,-243425.0336279624,904548.5974052069,-91860.10163448469,-4883.804765094487,260972.43581141898
143,7.708748509610658,78.46253882517959,29.270810200573237,-98784.64783557653,-520830.7914733951,-275585.4519226102,-1224454.9471940557,-336548.76187245676,64628.79765424147,-1588543.5573747652,-296213.39139550744,989556.057538691,-34505.926982636236,4097.319527543762,542591.5038751501
144,7.932881165654381,80.76936842699467,29.270800958698437,-64868.44012058992,-103551.57238833097,-180440.34062403132,-1120426.3592464693,-354176.4409925064,32456.96554574643,-1255458.3715075082,-188593.94063589143,1095191.9590104474,-43439.659401871715,6494.044187464145,283344.55330987903
145,8.049502106020292,78.58797747509892,24.604163417522635,-191450.81700203288,-438704.8224193461,-436683.46216435055,-791706.5260400701,-264130.271786159,16728.966964064362,-1167116.9667386198,-422251.64092789264,522529.5060807829,-122813.35011705778,-1710.1344896196333,444755.55987870053
146,8.25536881810433,80.57734167490982,24.60415681750603,-109090.48671568415,19876.118367930627,-421698.1217725816,-691132.4072281193,-196342.26238907108,12652.317823419118,-782581.9105810093,-399673.11204634013,671342.5325070143,-237474.99729228183,-1329.1975834764762,259384.18094987381
147,8.049519989722198,78.58798470520212,26.145822287371182,-186898.92309732744,-498722.55790920474,-455858.3800284607,-918141.0031160205,-393955.45063552354,31236.111649297447,-1364811.6741843137,-437028.8132883699,660360.6264376907,-106519.5332046386,-17949.213515812433,478647.8467314229
148,8.255383737406065,80.57734836809126,26.14581253994313,-96420.91014107972,-41809.18812698995,-363217.064365928,-820806.5614335224,-329205.33851322794,-1013.7553725809978,-980475.2943870228,-322227.4428968437,801255.574649869,-158862.53699800198,-5773.758436194577,248351.85321077908
149,8.046595848935599,78.55949749748034,27.687481787593345,-134612.52857227979,-466619.3532044221,-362159.8134480982,-1109009.649765472,-398644.8495407106,40854.489608613534,-1491382.628619284,-362256.4568959897,890247.3902904732,-73027.44963136155,-10029.193925534506,505680.2606499303
150,8.258336607816458,80.60584967154612,27.68747136996969,-80573.66883837568,-69962.83960860784,-269604.43807948,-1016853.4873079781,-375231.3066274003,-3501.1747175960645,-1174001.8838283082,-244054.0324186756,997914.9697205201,-96518.0471934084,-5373.042358332867,259900.1923793444
151,8.033742580893328,78.43516883576758,29.22914240476991,-96260.01091016486,-492824.5821282182,-270685.4878479448,-1318953.0195043965,-378342.485104628,68460.06651590491,-1671161.415969483,-293728.39303868345,1105119.728121839,-35309.29788208755,3397.0237890750773,549304.7620928376
152,8.271214055180192,80.73019142543444,29.229132035431455,-65321.504538889334,-65467.57150568998,-178038.5448565428,-1213081.689908031,-394427.5846723641,31213.540657290538,-1337231.443675195,-185614.01517823845,1214017.8379523114,-45161.49184776354,6092.515233491146,282018.42653243185
153,8.37784631028686,78.55294998453606,24.312496683541468,-190575.235069383,-429448.3307786263,-432640.49972821446,-816711.5587808017,-277548.5888895151,23616.89437913009,-1187166.0971069685,-421999.09662803466,556501.1281587795,-122660.47026028534,-1985.4427511347703,446972.7020071285
154,8.589928858928737,80.54167080236887,24.312489498642243,-109463.1772899064,41378.749633370346,-428773.071972407,-741966.8750013501,-220067.99256275658,11790.39877036106,-830199.3993950364,-403819.5576771728,737161.457443266,-242395.75952129325,-1119.1941498327383,257944.89078686218
155,8.377865707622602,78.55295820507398,25.937488680520314,-185743.44298392822,-484803.2894860465,-458190.91240844864,-957210.5214901571,-421709.9328935982,36647.080937538514,-1401925.0966958427,-441174.66049212817,714362.1123095471,-108480.9842017666,-19204.32266445725,484287.73126631224
156,8.589944880609316,80.54167853911675,25.937477927057387,-97182.19574279006,-18056.62182640095,-371949.33397278574,-893003.4893029958,-370916.58000488096,-1957.6755587218704,-1054556.9207783202,-326704.4733801576,894073.2426165014,-163142.7803375628,-5316.735986491754,249460.66456753275
157,8.3753981730183,78.52966124666295,27.562480895433612,-130693.05118897106,-442753.407760182,-363784.2451116111,-1159532.4510996963,-429178.6016797852,46052.64333346699,-1532737.0182184442,-365765.8046275796,961272.1187852597,-75921.00911024607,-10264.99586998923,515648.5966824704
158,8.592443584623087,80.56499204611251,27.56246940193745,-79715.66204091972,-40929.797172329054,-272196.0115765038,-1111239.9646400958,-420378.5704996857,-3811.6760297324827,-1264414.5227626578,-244922.84180541814,1116495.8937783232,-99989.33880790426,-4991.143630603794,262090.44437565556
159,8.362157702180633,78.40537395681096,29.18747433524416,-85318.3383428573,-459024.4614669802,-262293.9995281735,-1390485.5007460504,-410255.74968119763,73441.71979399264,-1722814.4797543776,-288003.34673950414,1204181.027155871,-35103.48148539125,3993.0392741353653,561103.4729603522
160,8.605710343225581,80.6892947314947,29.187462832526474,-63478.1055257151,-31079.38277738844,-176568.4995412695,-1338523.0193816281,-445488.36662259675,30039.224422382875,-1454724.132612678,-183284.62413480208,1366882.768903107,-45783.275216293056,6849.002697894077,285340.12568538066
161,8.706192421941592,78.51794204084311,24.02082993834191,-197341.47458078834,-433311.75171749655,-438731.1705434232,-870417.8459885122,-305119.0272455042,25848.703712788734,-1251316.6662890115,-428471.39899871516,610403.6684460186,-123932.38277989352,-3044.8202542155536,445845.91768395767
162,8.924486606216735,80.5059807382476,24.020822149238,-107973.9565808026,59181.78080914826,-431558.80207058246,-763252.0671494764,-233860.45114856376,15390.98179852299,-845508.7597055733,-406832.38926140737,771990.1711247441,-248662.45110732678,-1919.5214034060577,252139.85020807665
163,8.7062133979845,78.51795132522456,25.729155060492765,-192752.99271460436,-484712.46297914523,-470113.3779249434,-1032888.1862762982,-470313.4912872855,38072.04317064067,-1493975.2232918614,-451363.17552136607,797759.5651945348,-111141.87901748759,-21359.882635168527,485411.0016598744
164,8.924503749227242,80.50598959889892,25.729143263214926,-95124.89419757976,5142.382222402826,-374556.4955161971,-931320.4833229082,-397283.929468985,570.4121026941037,-1088490.6322114335,-328447.2758399308,952398.9005599904,-168299.42801795612,-5945.020833161501,245708.11965117184
165,8.70425127870428,78.49983983381685,27.437479989793516,-134359.46219579363,-430638.6997335519,-372525.648669719,-1257492.526485423,-481147.159490052,48044.52642381443,-1636959.7723728577,-374240.41728629393,1073676.3790600868,-79690.02415850168,-11705.863296473963,519327.84457763267
166,8.926499821555375,80.52412016181975,27.43746737997146,-75800.45255113796,-10647.41859463809,-269997.3682456041,-1162737.1230806026,-448015.02996721584,-1531.1391262476113,-1305336.5549187176,-243193.39731457285,1192084.7128419103,-104781.20054797502,-5830.79696849095,258392.34798777857
167,8.69062403408422,78.37559640108475,29.14580625015309,-82182.53790485775,-438620.71666791174,-259302.5508277974,-1526765.3755842042,-465015.4012862509,77126.37448396283,-1854025.54343658,-287272.50847636256,1361192.2465123758,-37055.9231208434,2634.794108370227,563510.397041867
168,8.940155790092607,80.6483815249609,29.145793563612486,-59249.95854608084,4532.143085100819,-173190.79076075644,-1407763.0787823815,-476485.6328840217,29458.254739632757,-1510811.0107971285,-179360.4124981121,1462262.8170735047,-48647.295322092716,5720.034192115252,280438.7621577994
169,9.031200160539214,78.48122436721937,23.72916346015251,-203077.8237082536,-426039.18309578276,-439823.8024679039,-902220.1111454829,-326965.37267574377,31059.642737672275,-1285422.0499629062,-432220.95344983914,648702.194140805,-125500.53615309176,-4001.131417443635,445316.0833668238
170,9.261914598408657,80.46785998836309,23.7291550151036,-109996.25219858935,83245.38073181141,-437224.6821572192,-794252.8637862811,-255869.18506806646,17105.5540090874,-873298.8562885467,-410549.37713988166,819872.679804431,-254852.5886549029,-2420.1213370533,247685.4222560979
171,9.031222782026248,78.48123478740716,25.520821211992207,-198485.22627367353,-470405.8800244723,-476063.34397755703,-1085628.799628308,-511423.2205548915,41382.334275798334,-1553089.776375108,-457616.3650914077,865751.6911908122,-113574.96114179064,-23021.53232242143,488668.6776488015
172,9.261932891254752,80.46787006743001,25.52080829358253,-97162.54172224957,35133.716808845216,-379590.06550549273,-984271.06995046,-435529.3786220056,734.2047085579841,-1141136.9993386087,-330262.6170588035,1029780.7259785151,-172759.61364668293,-6092.907198297202,244101.6836243237
173,9.029750015990516,78.46831073278193,27.312479098738514,-137628.69159440414,-402794.22148908774,-376101.7762386728,-1329294.5540247194,-525328.7179985628,50844.92360859488,-1705200.3595047302,-378670.3875111561,1167346.057693722,-82629.57581580928,-12356.03267373234,526042.1753216167
174,9.263442501766884,80.48081580583056,27.312465295331698,-76448.16127839146,27724.428868562507,-268926.04267964617,-1233903.4728248154,-488337.20219555445,-1275.6502401904409,-1368551.7002514151,-241291.58172461708,1292193.5068865567,-108574.2169409304,-5833.230281594496,258060.09217235586
175,9.015348043717145,78.34415626092873,29.104138428600155,-77854.41090863195,-397644.1502443821,-251152.96383760875,-1628542.3531263436,-511626.07267366897,80367.35950776761,-1938599.9854095292,-281556.4017295966,1493504.862148503,-37913.74487229834,2465.027919258181,570580.2434966405
176,9.27787558769208,80.60499086113485,29.104124463657588,-59249.37360176699,51752.26025389402,-169442.42665610753,-1505584.6747682486,-522521.42943761486,27573.13177986883,-1595743.8968411046,-174664.08162602468,1593468.4384631491,-50330.822954414,5704.080914616553,280193.54991708224
177,9.359080352272484,78.4420949941887,23.43749673535326,-202175.93465222107,-415246.97058831586,-435635.7446257545,-918131.1483508534,-340944.8856520978,39319.26079601911,-1296168.3689343394,-432966.78050366597,676076.4995717139,-127411.74609816891,-4798.399281405766,446125.115888936
178,9.596002275122908,80.42800975178817,23.437487662616952,-109699.64481432989,108888.56580550218,-443355.1615919365,-840978.9443537053,-282859.84856601176,17542.470293787697,-916197.4703893166,-413890.53968971013,885921.7694782619,-260734.06674512697,-2624.9345078148117,243944.34924343723
179,9.359104704829717,78.4421066404515,25.312487618798073,-196497.38896282457,-452279.7165756463,-476219.34958918754,-1120928.4723522663,-541315.3022077362,47547.621746463345,-1585358.1782313173,-460526.5183203069,920888.2414239659,-115933.41105976795,-24215.604063861214,494123.2585024478
180,9.596021756531428,80.42802112879123,25.312473583510453,-96784.15588826366,64275.76075164565,-386582.74960262125,-1058446.5736621232,-483911.34124409803,43.522901243722345,-1217336.3161841212,-332792.04718403914,1131037.218628921,-176864.98819029133,-5732.141909279011,244699.17947206687
181,9.358202122265133,78.43436139372105,27.187478201015228,-132988.58731150138,-372898.55657221633,-375420.46982854255,-1380967.3810695251,-557859.2835948756,55908.93686501394,-1745589.5586987277,-380235.99466763914,1244517.9396541065,-84792.92000343629,-12136.161191241905,536393.4863994442
182,9.596963952610775,80.435791151213,27.187463205154973,-73980.72335840823,63577.12460386971,-269033.3837724133,-1331520.3983355218,-540095.7618540571,-1323.0191761657256,-1460784.940826732,-239841.9822325384,1421189.9405323185,-111446.18060855845,-5047.234549882124,260974.80757014517
183,9.343413624262174,78.3102536462234,29.0624703473854,-65053.06504168296,-356055.0746949921,-240251.06057880862,-1701833.0002686286,-545652.7143424213,85007.10571336719,-1988593.8111788686,-273357.5593831409,1600592.170246526,-37498.815677620005,3539.9286990468777,583009.051022293
184,9.611785931797638,80.5599227641063,29.062455098262042,-55803.36878916476,95238.5663380384,-166301.2144891182,-1641262.1748339878,-582166.4853201855,26111.710918158096,-1721303.18824882,-170387.53544095182,1764824.706749527,-50717.78794069316,6734.874621809218,284699.3099223471
185,9.68696291999427,78.40298513373762,23.145830021564105,-208624.27374515432,-415655.5260911638,-441035.26297622256,-966607.167695129,-371738.86525106186,43049.853611258404,-1354459.5370065891,-439888.10682509997,729032.5810191485,-130353.41823789086,-6210.146525518679,443289.65064802964
186,9.930087629200372,80.38814029420013,23.145820307981335,-108122.33671174002,128128.17109901662,-444839.87300477107,-854090.8846531543,-296730.2642592048,22429.15580744658,-923160.6091304295,-416286.14815706725,914612.7186700022,-267401.1732277454,-3623.8913700398834,236035.96752074696
187,9.686989086957823,78.40299809312468,25.104154033513428,-202553.0996572278,-446249.07186328445,-486709.4040842396,-1198849.4357593528,-596770.0985561269,49560.19017078738,-1679447.5181307863,-469731.55705154035,1013667.4995775748,-119291.18025899184,-26299.79085455681,494808.2329544055
188,9.930108344917704,80.38815305898852,25.104138848383368,-94432.8571584576,89220.52152266959,-388236.1570894796,-1091848.0203250914,-511578.7630142532,3027.208670364437,-1246758.7005449773,-333883.17762794276,1187193.3854476525,-182434.2633711007,-6490.346013357508,240287.85779734718
189,9.6867052615922,78.40042615203177,27.062477299001277,-135199.62590248196,-350982.3354969383,-381552.8524125251,-1489003.4228167664,-617284.3773143453,57913.550577202,-1856999.8123187884,-386369.6421246588,1375634.6406315023,-88052.18725436385,-13175.511019428364,540420.1996474796
190,9.930434798932374,80.39075311700573,27.06246107011719,-69525.17822565437,94805.80362800069,-265616.5778426913,-1376692.2090839553,-569120.6603100428,1350.39558199621,-1495947.3102366177,-237237.36556291993,1492848.7233591927,-115917.95414409727,-5644.174931532692,257936.73651199328
191,9.671530674729324,78.27636750902658,29.020802263422794,-59150.59098720249,-322654.93595082057,-233625.86591105798,-1853728.1243420863,-610015.9107975512,88211.98372645737,-2130556.9849654855,-268967.1957476615,1784092.787864066,-39321.58036270687,2296.8614964575427,585024.4333910227
192,9.945645577004964,80.51483904958812,29.02078567543383,-51809.73186836397,131734.0369754988,-162912.03573056377,-1707147.7768141422,-614789.4269287776,25367.888160819213,-1775119.3794744185,-166307.8883115621,1858439.5371625514,-53370.21781600177,5600.201579598704,280704.1050948723
193,10.011486072963471,78.36220800616904,22.854163589319835,-214292.03022974837,-404178.714861113,-440659.1894844688,-991001.3185439828,-394837.38714784256,49731.71016010053,-1379608.7634129953,-443786.73831528326,764265.5671529482,-133645.71171397803,-7502.472791971608,440712.1996156888
194,10.26701269193151,80.34580487320964,22.85415319250268,-109876.23142504084,156218.8418365343,-448369.59302572405,-878230.702892861,-320012.32836402,25556.98048990109,-943199.360146468,-418672.1208555859,959844.4983878236,-273758.10597450554,-4315.68096064519,228997.0163655958
195,10.0115141518088,78.36222235920658,24.895820236448586,-207914.79722816712,-426070.32377183717,-491042.4288623447,-1249977.3185020164,-641127.1982728526,53098.713844747675,-1735961.059527107,-475020.3312016189,1085953.8408663769,-122668.69393422852,-27934.338841726767,497246.02058099996
196,10.267034707621104,80.34581913042932,24.89580383006356,-96310.21259422624,123885.01227463355,-392505.0493946494,-1142477.1303272278,-553606.4206068523,3499.030269992329,-1297432.8670257707,-335017.4876831384,1267520.1049946668,-187691.86633171464,-6757.393404450709,238201.5807892746
197,10.011540705045869,78.36223785018208,26.93747644478929,-147487.47847537606,-317221.30206489016,-384755.1208895162,-1571036.407642715,-667848.4961240423,58926.1929858224,-1939262.5029019886,-390821.6702435347,1480620.271715741,-90800.57252947499,-13698.928241306487,546785.4299972872
198,10.267053931079468,80.34583512237766,26.937458859770377,-62382.332014601394,138540.06999779935,-262330.13786247803,-1448572.2026564733,-615286.7406047208,2666.601864838354,-1556245.0213333021,-232936.06565392116,1603008.687107943,-119833.37218860742,-5959.827502481829,257058.54858385285
199,9.995592708998345,78.23827818054933,28.979134479414302,-66300.98409652323,-274112.54690422455,-226544.49068822197,-1969073.7437994906,-666019.7239147616,88549.25356095316,-2233940.1644444177,-263847.0323107944,1930829.1750662422,-40452.52084543807,1688.351248291209,590245.1939609423
200,10.28304079808153,80.46982553429605,28.97911641079267,-42532.297788843855,186354.08131869358,-155144.3892622538,-1810443.5730524955,-666809.254827727,25078.967639153983,-1859421.0927889051,-157931.5207550201,2006030.0078115219,-54696.34213399055,5318.856952066017,281224.23009419476
201,10.338851120854901,78.3189838954373,22.562496917022653,-213434.9262386717,-390413.87863360543,-434596.99288323126,-997728.8926237035,-407877.89020603744,60056.11169364355,-1379253.8228781403,-444943.02520154306,785751.0503241747,-137546.42387887143,-8603.41267219413,438970.19660830847
202,10.600575891978716,80.30178217490624,22.56248588406598,-108686.60449612346,187253.83396975696,-451806.13907396386,-918961.8307107757,-348840.6573107596,28054.45906867155,-978057.030179983,-420585.7309095401,1025403.8514891926,-279777.2306726881,-4708.5006853291825,222161.21185139584
203,10.33888124800157,78.31899974653396,24.687486706521298,-205249.13256314042,-404246.7237856983,-489702.83193917567,-1280544.5984253164,-670535.2507299623,59771.7245070743,-1761790.6221053328,-477375.9543168319,1139967.8881341503,-126100.41682591675,-29012.17939704876,501886.15335775656
204,10.600599290987201,80.3017980128136,24.687469095390412,-95052.46342844758,158560.85786603676,-399082.3281889994,-1217174.4994237712,-608142.5139477453,3544.1542264183477,-1374430.2940312242,-337164.0799292747,1376020.4402090893,-192957.44115647234,-6567.256257223945,238202.50237048377
205,10.338909808523736,78.31901707668146,26.8124756138629,-142702.92137546965,-284136.32938831026,-381690.88281611603,-1629182.8872130585,-704612.485833196,64353.42052580128,-1985980.9206347517,-390862.3024461285,1568313.0895009844,-93635.55098031326,-13989.241335048895,554340.8638275147
206,10.600619792588082,80.30181594722467,26.81245663259547,-59642.81079106651,178630.9772211953,-263341.7470799464,-1557231.1136107047,-678189.1193769429,1810.030368576884,-1661947.5512431054,-231411.26852690376,1749005.2391201917,-122754.3661413558,-5717.357769004656,259531.485405077
207,10.322576115860691,78.19510916396588,28.937466466399044,-56563.365745118805,-229711.6024148033,-216720.17612837543,-2050024.7804972115,-707633.442332902,91664.01016841826,-2294836.2748316242,-256210.4131275908,2048051.5436709176,-40566.69646284678,1918.2014195449542,599641.1839527162
208,10.616995031210584,80.42575846610497,28.937446872349906,-37029.11771014631,236627.7498154387,-148882.84677382818,-1964004.0851348562,-737713.3490671937,24603.38951057644,-2001476.7629188027,-151220.6557499945,2203413.204000261,-54833.10758836468,5818.896631105602,286090.6398075678
209,10.663124171746276,78.27621698043686,22.270830246624023,-222077.59315776726,-388253.36937788036,-441034.6158715868,-1054817.0542169025,-449534.8593137975,64661.64076508944,-1449320.0019299625,-453962.9883340077,851917.4118567358,-142471.8189366526,-10226.608882518938,431894.372176629
210,10.937230479532762,80.25730223264925,22.270818569325566,-105880.34654401072,208149.4844073234,-448179.9181482758,-903177.7036775654,-352923.6223212925,37347.72091373687,-951634.1987863651,-421604.9277501539,1027328.3462515554,-287050.7731705386,-6025.192782832355,209906.10372315234
211,10.663156487064551,78.27623442021618,24.479153198968945,-211924.35615700146,-389375.3134176441,-502287.29177306104,-1380623.091664044,-747203.3408404639,60361.05155530195,-1882883.571515265,-486727.260642739,1266023.870810297,-130862.83083104926,-31544.964974095532,498815.72722519963
212,10.937255366938002,80.25731977808378,24.47913432552931,-90685.54969135701,186729.24896023923,-397360.0371446088,-1219422.1872260922,-623514.4906755717,9282.994168118863,-1367425.7061034483,-337155.9098691388,1403265.2780968607,-200482.02275196067,-8066.514829016079,231227.2579590513
213,10.663187111889869,78.27625372527706,26.687474794261192,-144533.98007713977,-247957.9383234193,-386065.18337638857,-1777146.6745984214,-792113.7201457694,65113.63459575566,-2139134.9585188837,-394374.64263241645,1754952.4993743526,-98430.51091015308,-16549.436039956014,551282.2923556927
214,10.937277201761235,80.25733982022369,26.6874543359197,-53775.37689488457,213796.81553442727,-258415.3291035416,-1574930.3665070662,-698671.4878456614,4815.830078298242,-1666385.092853245,-227533.75273628908,1795524.9551255356,-127987.96243797791,-7653.507294222492,253193.79246220028
215,10.646081522820124,78.15245494157797,28.89579845873992,-52186.30273986433,-174742.80137615337,-208454.03904638864,-2262321.3436832693,-807088.5996550726,92683.76640158535,-2496429.3017310835,-249468.5127718721,2310514.6713405494,-44441.27683563969,-1623.3229017197305,592161.8295801403
216,10.954427355605294,80.38117737190956,28.895777247758016,-30465.32371481425,279558.5473779408,-141587.65920278517,-1991620.9764517357,-757667.3415470164,25181.875013496032,-2010608.703897364,-144245.17150723736,2262359.439864943,-58823.355580645955,2923.8845956441032,277637.88691663655
217,11.148657967513651,78.20590936020488,21.979163380460772,-93704.25485979536,-215924.25027849007,-298342.61474463926,-528632.8287629868,-181905.93947250603,136473.2183531603,-692791.4654237358,-359578.37216279935,444398.7177036106,-153156.07244694317,-10935.368811921659,443292.21661955403
218,11.441327691796374,80.18436694100822,21.979150280365666,-89420.66096030863,67095.6393268433,-417811.3321179095,-471025.85036518215,-143137.39031491047,80570.29613229552,-504718.05627985095,-430272.08924129617,494853.7917697723,-305386.14665632456,-7259.139933563314,203946.98684078507
219,11.148693159690257,78.20592936907113,24.2708188409252,-63461.14195156448,-213364.11199742393,-345383.18632419815,-693157.5524196787,-327053.25281370775,119699.2367075592,-891179.1680360723,-386084.7228145105,655055.4505773962,-136631.53676952646,-33097.45947543632,505506.5641828344
220,11.441354429160095,80.1843872871179,24.27079779136813,-60922.735715005925,61174.368652805206,-341626.31245752715,-636940.4768873752,-279517.46794497164,42538.03517248849,-713704.2108662787,-322136.0413033666,694465.5726499177,-204313.462356572,-7341.553705860397,233897.45159391058
221,11.148726344108084,78.20595159390051,26.56247330274597,-9071.89180412197,-140633.27185582614,-280191.7933418445,-888847.5966704163,-349031.2564535897,108133.84983726994,-1014932.4235814824,-317514.2247061323,902549.6912858222,-102376.5938439197,-16987.75370165269,561166.2105957137
222,11.441377864377309,80.18441045140402,26.562450542293394,-28905.266708320836,78634.22385849214,-231617.69352530222,-820276.6590011207,-318983.9540148773,25817.365141225808,-863811.4373192032,-221412.33330596297,903335.034250035,-129648.22919374694,-6661.628286467244,260980.11255741035
223,11.130462810371954,78.08231996321922,28.85413002060448,75938.44378085046,-89228.25711398711,-144836.83709269465,-1126757.1054140024,-362901.2286049518,108416.74822671627,-1173943.294154286,-187320.98886811838,1203137.632596573,-43720.80182129789,-242.76786541601516,609296.761660564
224,11.459689514521067,80.30808688821715,28.85410630392884,-32556.36248208191,109393.15228092016,-162208.45461247588,-1058805.9209001,-357775.5879390787,20912.677728683502,-1082070.1471534302,-161491.65049945645,1158190.1328392485,-58248.41103214111,3960.970040668809,287513.4895845313
225,11.804734569277723,78.10674713769497,21.68749594228987,-98795.277567442,-215895.57722191227,-316521.71887734655,-568480.9733140045,-206032.49514484065,147899.4035996133,-736749.5682180985,-384939.69895621523,490476.6935076128,-168576.7179879579,-9410.819859939733,469267.7877398839
226,12.103585008872967,80.08429030677632,21.687480774435368,-99110.01291096481,88922.87281475615,-453817.45084200357,-517314.77082811407,-168941.4801649208,86639.01713666186,-555747.8109483323,-463019.6074128326,554762.8274229529,-336730.2935939346,-8222.912705257966,202878.18195925668
227,11.80477323947136,78.10677103870387,24.062484107450928,-68444.98265640147,-198485.1001349859,-356957.7766912684,-753126.0861560968,-367654.93074854044,125611.62003091772,-955339.3972521935,-400044.12151164335,731495.6592811809,-144055.40535231956,-35196.89768808232,514703.61332649965
228,12.103613951699748,80.08431476986104,24.062460029814115,-66352.55490932381,86398.96658114089,-352850.7478178741,-708246.526326892,-325850.07180724706,40677.9151501946,-792125.2999302531,-328153.52689274284,787474.4906769389,-208286.25150321852,-6897.275726387969,234373.71920477608
229,11.804809569801831,78.10679731686027,26.437471092310307,-10281.49162513865,-115721.16903245456,-285131.40791665076,-971524.0159618624,-390506.16632055223,112560.17892197691,-1092861.9782671714,-324763.8652045018,1006491.7748974295,-106924.84377496659,-17670.442468317386,573186.27308048
230,12.103639287277765,80.0843421757758,26.437445264839372,-33183.65033134019,108024.08440891716,-236612.08876583242,-917038.4171431697,-366745.0436289216,24297.981002522854,-960843.6069243165,-224315.27356677182,1023387.2258028329,-132433.44362431747,-6915.282782333018,264696.8346853532
231,11.786162393247016,77.98322681775156,28.81246061138388,81855.93271699078,-55414.603472876275,-137341.9063827603,-1232792.9195560396,-410713.5835027551,114198.34739714491,-1266423.265226658,-183881.7248065834,1339404.4128945954,-44293.14167232955,-635.476300680202,623142.3435473177
232,12.12233878912446,80.20796567411226,28.812433563435384,-35615.733417789284,145711.45310977532,-163719.92009955316,-1188959.642234988,-411843.0294263756,18927.44982924104,-1207877.7740242858,-161581.90658900203,1315835.480205721,-58987.06510191266,3766.4584437469903,294077.36705735186
233,12.460814145789827,78.00760429370308,21.395828728874697,-104768.94901826177,-212557.28046912278,-338444.3949518341,-624174.0755555391,-234261.00821231195,153039.03681134857,-797104.5351379088,-409501.4256608126,550835.3363595025,-181949.1464350964,-5982.548577431248,491442.59502816777
234,12.765839328987871,79.98419467693441,21.395811423681003,-106576.97691128943,109634.06288177375,-491914.4953371538,-555281.0618012003,-187314.4645109939,89236.67410730044,-599065.5096500126,-494067.8962329328,604275.9965162757,-370947.7531391962,-8334.34783463531,198873.30024971426
235,12.460856160854261,78.00763267068723,23.854149420531126,-77110.92007213853,-182215.66711407446,-372597.2897762978,-830035.4514129335,-420645.7357522431,131307.41473025348,-1041759.1598807198,-417585.1306114526,827420.4135296616,-152948.56275546591,-36673.404619252564,524270.1273429524
236,12.765870542056714,79.98422379714329,23.854122142978387,-69681.85713699006,112275.0731561238,-362708.9981458474,-764215.9128082203,-364400.1342623255,39188.24435605096,-852211.9089076603,-333071.7344468958,865167.8612278424,-214144.56756222917,-6268.929692866806,231316.65109608189
237,12.46089582207935,78.0076634647374,26.312468854955025,-15419.74377551546,-86720.89613008396,-291540.558671688,-1077042.1062554577,-444987.4236388974,116296.24506348827,-1197002.0009467714,-333320.84978824866,1136641.6521577325,-111832.30427196591,-18200.594726988682,582345.1664910107
238,12.76589790916263,79.98425591917504,26.312439796049198,-35551.10566768904,137360.7486478318,-240068.5072021665,-994329.0667312986,-406122.6066798928,23388.24719931405,-1035632.8562779955,-226196.3420914016,1123570.334147373,-136435.86343574428,-7334.944966159694,263721.4808095022
239,12.441865545691108,77.8841570247362,28.770791185383644,84006.07485695885,-15491.147408951922,-129323.08263302913,-1371450.1352674768,-473937.88252883713,120039.21223858763,-1393374.3752922597,-180613.2666501682,1513179.4867574058,-45112.76920875359,-1141.3690375083827,632768.3910041936
240,12.78498501612923,80.10782442148981,28.770760603610544,-37179.28535571362,180514.76676274094,-164748.98840033545,-1292255.5042951137,-456426.70739023027,16590.593323455832,-1305502.0402102375,-160882.44320665486,1444970.9764235842,-61150.76024573102,3015.9860068217095,295044.9929793625
241,12.945440381195592,77.93129085771734,21.104162328801515,-260149.23283692411,-314405.84289411065,-521201.59005316504,-1359998.7772395632,-694964.9069789138,82286.19509102553,-1809874.9200904933,-533513.1371190993,1247631.3914253926,-188050.20950441848,-3879.392314863453,496627.6428187539
242,13.268976198340354,79.90490626974359,21.104143582657397,-121201.69802254907,429768.0917138681,-562576.0864100615,-1171620.907409334,-569908.9869440045,44398.79143660571,-1225944.457461308,-498801.6323068254,1470736.3970493912,-391427.2496826951,-7220.147077574309,195436.2350680687
243,12.94548518961476,77.93132289879809,23.64581524701044,-235315.8901993164,-193815.15893118142,-555248.3319118614,-1859811.026323597,-1153137.5367836615,66068.16786337506,-2421458.3597694603,-524673.3807463809,1961752.3594734815,-160014.08965517554,-38196.913532708924,530045.0823063818
244,13.269009489921762,79.90493925621503,23.645785498125772,-94126.79909427639,446565.6894977819,-432688.86008699366,-1655049.40557107,-987684.8526724596,-6317.114215389165,-1833358.7242080627,-333218.4676937686,2086327.2222183435,-223661.803797953,-7226.396685414415,222679.7258777186
245,12.945527856025173,77.93135758029668,26.187467407335717,-145961.54179511988,55676.33776916767,-383512.5674841822,-2461154.1077319,-1216138.4348804685,66025.50426920799,-2789836.6731278435,-389162.33555027144,2705201.23716798,-116344.0473001568,-19434.198841994697,585849.7420005811
246,13.269038794394552,79.9049755214364,26.187435730493203,-50568.64625981721,521464.5577970798,-249475.06694319277,-2191457.0676171407,-1076492.848516293,-10287.713137368692,-2251052.147768208,-201778.92435717108,2674251.9167194483,-141600.44257891868,-8861.575157820856,258062.39736019776
247,12.925343284113465,77.8080410666483,28.729122788176337,-17114.13957050856,229192.65851922546,-131159.04253316417,-3170885.343098589,-1287700.0059137028,102071.02299688252,-3290351.633971201,-186139.51863038796,3557410.6290171416,-48140.76681453881,-4009.9960807940456,629758.3135308723
248,13.289284446685196,80.0283621249355,28.72908932346947,-12883.587123415055,662357.4434834388,-96297.44392795593,-2813733.1564998315,-1175657.3989352114,11891.736109340876,-2745646.6236192896,-92322.74588618422,3391145.7819375424,-64784.51590320306,926.1872904503222,289776.2738139484
249,13.26786894643999,77.87631909117836,20.812496074302988,-249463.5957451908,-281167.6888309929,-498706.9604155628,-1330983.2696774388,-677221.6935380322,92408.21912883247,-1748076.489032429,-521908.9767160852,1240647.2207567678,-189064.55863303036,-3107.4348359875717,490146.7065968854
250,13.603739470527296,79.84791257155244,20.812476742750473,-112846.16406844932,495232.91232753993,-561521.3184893441,-1235409.7200124268,-613950.1428637652,43768.36643024751,-1273285.4841692452,-493028.45565887785,1587179.3695978695,-398290.4175400354,-5087.9796214263615,192033.69754468644
251,13.267916178836488,77.87635378590927,23.437482042214054,-224648.53812697603,-155485.72710666165,-543286.0097934143,-1834203.795769868,-1153899.9109877567,77760.67910898432,-2370972.5060273944,-522068.71729365195,1969620.9482939942,-165518.27574585006,-37904.05792230291,540376.6979519329
252,13.603774651661452,79.84794835520778,23.437450769620703,-85598.34219912911,525700.9145494183,-438042.21511161746,-1762425.2358714894,-1084838.5763059116,-6223.657523172748,-1940595.189522375,-330366.67979757814,2273022.226558625,-233139.3796325288,-6503.203791120545,223806.8245261971
253,13.267961487099187,77.87639163623471,26.06246673253956,-133939.26591528283,105525.12489796765,-371142.6443176066,-2445735.673246891,-1227103.0039312798,75057.12939533209,-2747194.4257933684,-383441.65243683563,2731079.292895282,-119455.78407305865,-18840.31717377292,596163.705133205
254,13.603805762856613,79.84798798057744,26.06243323980544,-37843.87221347398,615279.4182355293,-240900.66785363635,-2356026.745054929,-1188464.7313345873,-11875.689075557337,-2400840.7376813777,-189241.60642101054,2926617.2222708086,-142983.78622016287,-7384.280913445431,264841.0408363831
255,13.247008438448084,77.7532046207682,28.687454886313926,1196.8135537900525,294675.79136179097,-113466.15615109245,-3152497.4735115343,-1298032.1740119234,107099.98366204592,-3234173.585983934,-172204.32924138178,3588784.3639898035,-46834.46780216835,-1847.909945361744,646111.3114386634
256,13.624823839977376,79.9712515631619,28.687419419811317,7068.1818239467975,786490.9058798825,-74127.50606021265,-3057443.507152861,-1305849.1781050554,11345.370928490362,-2953126.4685934125,-69761.20548445267,3742319.2557214824,-63305.99637395135,3099.0701503676883,301321.9537494868
257,13.590310596564962,77.82142461206134,20.52082970818483,-252994.5679095229,-259698.10810540593,-497111.6665979556,-1401479.1079683122,-731038.862875455,93137.78778777672,-1825853.185166819,-521043.38317871775,1337092.2257326525,-190472.19758213454,-3767.8964343116986,478083.66470922274
258,13.938489393966396,79.79084189755555,20.52080971361532,-109361.93222112246,509744.28997088486,-551043.950102151,-1205955.9745497203,-604375.9124724135,51954.827899394935,-1230971.8274744728,-489704.262833388,1570014.4979554717,-401836.8088271071,-4558.630988137661,182409.24364568508
259,13.590360382293547,77.82146195208675,23.229148850146558,-225915.9272875682,-112868.02661745597,-552756.2890037644,-1952803.663316099,-1261319.9145773975,77976.63006297342,-2511266.1642950885,-526550.858627383,2146276.7800136833,-171327.59049773045,-40154.28969499861,537192.0311089777
260,13.938526516541081,79.79088050462224,23.22911603243103,-81959.55149241703,551949.5900176517,-435936.62676413124,-1738597.724674608,-1086583.5018539764,1924.1087515590186,-1905852.3394159735,-332793.2764020594,2272699.027579137,-244405.2326513359,-8093.520219893471,215818.31610682094
261,13.590408374701074,77.82150313955371,25.937466060576195,-127593.31326458225,183135.93664857477,-367297.8344895621,-2623003.5960011464,-1351780.1968648022,75723.37003286845,-2921774.4171287427,-378475.4488510113,2988494.654874184,-124925.5341098868,-21327.602721428702,592124.1267426899
262,13.938559514521838,79.79092366846973,25.937430714202225,-32134.50568826674,650460.2341777917,-233605.336204287,-2342691.361113132,-1198187.745930749,-7056.640583025903,-2373023.6989063704,-185208.81104192697,2942952.9022335354,-148032.66777053135,-9059.229787714517,259140.17174781434
263,13.56868842884546,77.69845529261606,28.645786966504794,18138.83513992562,409885.062252554,-91401.39488930511,-3417888.717395197,-1442277.0667945885,108099.98900408475,-3469172.535032303,-152232.28783107738,3958027.3253665557,-50936.98215954672,-5320.993116924233,637473.2728471508
264,13.960348453634266,79.91405479609057,28.64574946161843,12010.525126508204,828523.9366659755,-66539.2160764747,-3046444.520628327,-1312206.7160272633,12750.351202303222,-2923571.5409231973,-63479.60068933066,3761046.3873285367,-67609.36589594863,193.5159378817928,293862.61464538274
265,14.072866831781145,77.7329636311882,20.229163136588074,-129115.25875895607,-168432.0782815522,-333522.16190597153,-695959.3606173663,-284675.55211998324,166550.4718692596,-861973.5566507651,-419757.1432455495,650661.200949835,-194756.7832604194,-4492.096014673725,482624.3135779114
266,14.439497435184153,79.69905913719879,20.22914138267863,-125962.18357449587,189597.26940165076,-526229.6560638589,-619055.65496707,-234442.25982194036,93786.81187835947,-660896.9020009955,-519824.8882383991,718127.2200026904,-412789.8010400654,-4983.850812599398,176853.5443539684
267,14.072919968974482,77.73300491609666,23.02081488298878,-102303.13354565247,-107536.69099050906,-395375.99662568956,-960364.5017101107,-535187.005478388,146574.55012225496,-1178661.6906826291,-449859.4426675876,1023305.3121883655,-177936.07760609212,-41791.83875156491,540999.9277530089
268,14.43953692895867,79.69910202120248,23.02077935684173,-92690.82652036914,215299.58420195043,-394815.1521650327,-886319.6226677257,-472177.311310434,42173.73600093021,-982902.202099102,-356258.91248405713,1066954.7200997076,-248932.58536169425,-7046.026044209313,219822.99366031948
269,14.072971282556033,77.7330507932769,25.81246479518152,-39489.72936687924,30282.800537192103,-297512.72077143873,-1277170.724991954,-579801.9781774335,128738.97957375605,-1380908.7238923274,-350305.7551246629,1424494.8294158638,-130118.1061193877,-21763.430185942074,600708.3822149865
270,14.43957229686867,79.69915016570124,25.812426595025656,-56535.886422557014,263393.6614735183,-244619.15558249463,-1188228.0147465097,-531425.7230041957,21274.71161673198,-1218512.628309486,-228176.3700699579,1408927.6178479104,-149911.9719577473,-8000.940198066255,267538.2055689398
271,14.050101068134829,77.61021517681984,28.604118677560056,78317.36762914549,154315.17596016463,-99848.89560206467,-1655727.0172734212,-631376.3389717655,128836.28992422152,-1624601.5528945297,-162873.20670679514,1920258.4075885701,-50422.7671157858,-3386.0515973636707,655342.23903976
272,14.462516366608185,79.82207863689153,28.60407805134536,-58639.40312181346,344200.89680414816,-155676.51413966605,-1580358.4677156433,-600810.3811005127,9976.740789194067,-1563277.897980414,-149942.77934348414,1843105.6568665674,-66581.92754761488,1770.0138018195591,306916.4355838193
273,14.724764418370823,77.60927530205042,19.937495972873826,-134131.3466109921,-158909.8732471761,-343200.8960629578,-736700.9678800703,-316980.11253602826,174129.3989934658,-905719.7468739711,-435982.0336141471,705459.6645669922,-203443.6305551044,-3781.928250001788,499133.3683973305
274,15.097537072503396,79.57422552112929,19.93747160864176,-134080.47772379426,216790.2087330255,-555052.6335191082,-669018.9702998567,-272103.43199224496,97866.33046034432,-720050.9225475378,-541846.7449567899,789554.7649944505,-436799.78083107277,-6162.976862864073,175783.38236703453
275,14.724821665611223,77.60932222787541,22.812480570621297,-107900.67019419183,-83097.03047462,-404456.01201966376,-1020560.6260449496,-583935.3251550127,151280.5496317742,-1244430.5968459952,-460928.5963464032,1109905.4805039228,-184614.49626406198,-44250.67408203713,544946.843275111
276,15.097579381181232,79.57427436026636,22.812441252766387,-97710.45445426571,248958.399674358,-402955.68821329565,-962687.0803000893,-531895.6986580035,41324.95671172881,-1068605.4658498203,-360022.5822971232,1176920.3051537394,-250965.63489500224,-6580.128881452996,222270.99752663964
277,14.72487706595966,77.60937433126612,25.68746286659354,-41298.54317558548,65004.866218857016,-300931.9042981704,-1357792.4507326249,-628072.8133282055,133238.15400172907,-1456566.4287605316,-356675.03172732255,1536015.8792329552,-135639.09395678146,-22450.96738382623,610550.9380356594
278,15.097617617358717,79.57432898416059,25.687420886319387,-60610.241411747076,305204.23698931397,-247532.61140011682,-1291667.3160545067,-591373.6049332443,21141.6881709833,-1320987.034726765,-230248.35620210326,1548296.7751063188,-152961.05743867953,-8301.611198932864,272225.73002100084
279,14.701626711816534,77.48661662281714,28.56244946946022,84742.93910432991,200683.34601162456,-89830.39461745745,-1759878.0869488677,-687114.0385010475,134949.6387891992,-1713045.1176921185,-158010.7914826019,2066651.7996732173,-51542.10626869584,-3513.235161382157,668535.3156302941
280,15.12094800037207,79.69719225875582,28.562404720019085,-61254.57163924046,396862.9622207616,-154273.5254330427,-1723722.912282128,-669841.8638597955,8963.978261984565,-1699306.2190118653,-148023.12880560115,2028664.2129659448,-67074.86448060509,1895.006791812278,316730.6336439643
281,15.3766656337549,77.48560643597922,19.645828944051374,-140097.12819789382,-146136.04428366714,-357806.05808739754,-792861.416977398,-355587.41848580784,176986.35200223688,-966915.2308606633,-452870.6435925534,775746.6438842581,-210989.5259744888,-2207.0739597028864,512900.7281855038
282,15.755573022509406,79.44937297691814,19.645801992597633,-140746.43100281598,237301.2169998258,-588050.2555070237,-704466.8422677545,-297128.5130596559,98638.9638672732,-767076.3314983478,-563680.5537872886,839261.4157756225,-466038.2106712862,-7158.77508514161,172297.0475735456
283,15.37672690591651,77.48565953485576,22.604146201503816,-117180.59985542612,-53400.07400493829,-416340.8607472071,-1101275.6817287295,-651274.1942043275,156295.0421187203,-1336820.7014079585,-474887.8399067721,1224787.0067071596,-192654.03729561303,-46161.05541444396,548411.4220005157
284,15.7556182000319,79.44942825992003,22.604102952392836,-101082.11852054081,278335.44574795244,-409338.836260946,-1016779.9827611792,-578167.8824451211,40947.72216857261,-1129416.1676838163,-362709.1716867814,1260039.8303370643,-254148.78309168416,-5982.796211742589,221139.00585616194
285,15.376786639330692,77.48571830303693,25.562460855050638,-46513.781985632326,109252.84879334744,-304661.2271007632,-1468792.7607766099,-695429.1041116236,136752.03201801487,-1565284.6933186196,-363137.6625107213,1686500.1955362926,-141012.82313923282,-23016.029653173922,616841.6147940732
286,15.755659447002131,79.4494898257867,25.562414953367526,-63436.50375419765,340768.0822202398,-249435.36249993643,-1366119.0244694825,-636581.2103514317,21718.256961608717,-1392985.7569473528,-232023.8629014496,1652905.8358149081,-156900.52588544152,-8788.300846556529,272053.74244073476
287,15.353156850309013,77.3630412068934,28.52078020242231,88371.35325914616,260955.57521297468,-77742.47765059231,-1908302.0777809035,-765904.3650834212,140959.01656136592,-1845581.811753647,-151948.57158249698,2269114.8341576727,-52890.176125166596,-3853.476496485804,677035.8422711499
288,15.779375968837519,79.57228599646747,28.52073115478062,-63596.36877754054,439501.9643220196,-153987.10453144062,-1825405.3823560115,-721149.6435578638,7660.95909504713,-1794942.5714245595,-146921.36605975014,2163782.428497348,-69135.3217490086,1343.3848175827968,320420.362504423
289,15.858089702772647,77.39117827928393,19.354162661236384,-276081.19671642105,-102120.82593358473,-534064.250668669,-1706483.592531755,-1036255.6571613685,99479.95235632833,-2179202.349570794,-552281.5817520733,1819217.6580041917,-214048.85184877954,-1971.6930823177593,513463.8364389986
290,16.255383637624774,79.35127795046286,19.354134077828995,-118161.17978561125,761729.3348058141,-635622.1357370203,-1471744.8872323106,-880011.621248544,51053.00095484818,-1532910.9694918166,-523285.67885577836,2064142.6676307763,-483756.16671176243,-6807.978525912099,171236.4782121502
291,15.858154299599317,77.39123627202096,22.395812270306315,-237843.44962089194,194257.1886843454,-576506.5990595289,-2436890.3797782515,-1757754.1829613757,81247.90259259724,-3058992.7054665308,-536195.8338635155,2975095.67933397,-197735.28192952438,-47752.09488392778,551358.5273771544
292,16.255431352391575,79.35133843697673,22.395766064729862,-81408.10377400019,879734.1207967758,-450066.1063196722,-2173980.5685064234,-1532768.5028525093,-9776.211512277825,-2391253.2799228155,-313082.2461907536,3052595.436816672,-261973.21633226651,-7157.309749946894,214417.38972519754
293,15.858217918978719,77.39130066122665,25.4374595864904,-118957.03535077258,617644.534674866,-336366.17932952207,-3308645.7775861463,-1863232.6939092255,76396.99420316913,-3559055.1504712305,-349153.5781481109,4070530.0486139124,-145743.4512689033,-24286.927306215202,617949.2701943384
294,16.25547535629528,79.35140599116838,25.437410556549583,-24115.504237558518,1059383.4937714327,-202121.41348470934,-2963004.082092077,-1653489.7967588361,-17706.473784039976,-2953292.64831003,-144021.16631855955,3930460.3906777557,-161745.2437008397,-10243.139920789909,267400.32198937057
295,15.833442600072095,77.26885827126708,28.47911192455232,71503.06066831757,987381.1545258625,24053.66180214373,-4346205.189385484,-2022418.6119415015,116422.73092072767,-4242537.426692377,-56417.27878636173,5381892.582475062,-56398.300551548506,-6707.80537979266,672456.1984139965
296,16.280343350691485,79.47397879778532,28.479059430472205,35180.638686059334,1344113.4048006642,6124.72523526178,-3897303.1293850504,-1819282.567944165,670.3658348035895,-3663593.5239150776,10817.785766394061,5038194.506870667,-72778.24105385983,-663.6768910419114,316771.1190009355
297,16.178230371158403,77.32415685221969,19.06249650494671,-264037.2998649914,-73783.15504554272,-506709.22162121005,-1652296.4354588727,-1002924.390414275,108989.97405983032,-2088828.8006818334,-537636.4714572624,1781935.5956073524,-212650.68243345176,-3100.5148823290638,505792.7007721941
298,16.587774503871096,79.28177360772477,19.06246735539205,-104897.44242155878,840833.4426889538,-629343.89441986,-1536524.708791076,-938703.1463778262,49113.844008204615,-1583363.0232636922,-509281.1536012371,2199236.282712464,-488912.5810478977,-5258.281622026866,170850.8122456588
299,16.17829774190207,77.32421829338351,22.18747927301357,-227384.25871339426,227658.19810419294,-560240.7188686178,-2379636.158377289,-1739497.3975927655,94229.95363713386,-2974107.691555422,-532591.0397704734,2946731.9518480757,-203056.98808497176,-47768.06671985529,559150.2752986609
300,16.587824400568458,79.28183777089535,22.187431294952372,-66402.86587775347,988317.61202077,-449341.38690832735,-2292172.4339438775,-1663178.168648171,-9343.852427950593,-2513300.992713329,-302792.5938393905,3288666.945787408,-271095.4747891897,-6753.285401547173,215481.74308513143
301,16.178364745185164,77.32428719980784,25.312459069999207,-108147.47682207232,661722.6028742073,-323090.5140378078,-3254517.179106595,-1855928.4534162157,86413.82643801977,-3477957.769280052,-344544.04840997356,4052986.4297043514,-149361.35404783473,-23746.06350675846,626776.1251506289
302,16.587870858943855,79.28191012706972,25.31240789132362,-2635.9066954028094,1195569.1195268275,-184226.1381912307,-3151629.919299404,-1802199.461679588,-18606.856814309675,-3120119.3764607883,-122669.69566960313,4251496.146770585,-162734.8164374547,-8621.2091205197,274924.9490710956
303,16.152826821199138,77.2020045971235,28.437444122817155,87678.43296722748,1043568.3205687804,40286.45914785657,-4273503.739301108,-2008755.2890977066,122189.75398047805,-4134179.466647764,-45044.38871389618,5350757.068045524,-55330.45883613826,-4290.322274894013,689028.1986036641
304,16.613506559434743,79.40433255148685,28.43738926110271,67558.96147382993,1529526.405009189,42679.662159981846,-4185213.3532779524,-1993532.741945571,660.6588789791844,-3896861.5658091586,46773.49516086728,5489853.099291292,-70900.4809605192,1744.5768313493365,329544.27114894846
305,16.501439458747946,77.2565432905018,18.77083025717966,-263276.914355859,-48907.17000630598,-498732.05818563234,-1694934.5344433524,-1052468.3544305658,110032.16415840072,-2137764.5682425126,-531427.0686323106,1858275.4943270262,-210928.13789851416,-5856.495634881984,493717.15556120366
306,16.91709655090508,79.21286126204647,18.77080042059969,-102742.64754117792,845466.248369469,-619998.1799399982,-1516088.8722164799,-937885.9205708988,53375.09119747075,-1560621.8625267278,-503578.3929399129,2186925.6763549335,-488664.46813375,-5079.4865105720455,166313.75661353444
307,16.501509685893097,77.25660812744218,21.979146275342465,-225545.8380876843,274771.40761362616,-562450.7500542155,-2468539.4111617557,-1841036.4433735579,97364.08127031624,-3083477.6541922134,-533795.3274316859,3104047.8010956254,-208283.2223116716,-49482.278435790315,557428.4662883271
308,16.9171486066193,79.21292902502614,21.979096553252106,-65127.256314034574,1010786.7043722868,-450002.0674401721,-2285298.8431611774,-1682593.5933707296,-2366.1426592159173,-2507369.2792645968,-306784.6436573915,3309811.3035400677,-281566.51281626604,-7944.333495239943,209915.32188978823
309,16.50158015030772,77.25668177042513,25.1874585289903,-99701.47976767659,744425.2994110213,-314883.9292589937,-3399532.802416204,-1975783.0824187198,89017.77164582617,-3619907.3923198823,-337723.6460153709,4287470.928719604,-154517.93926780045,-25420.245925571417,624677.3040167887
310,16.91719760228484,79.21300635401212,25.18740522016259,469.3295945265563,1229075.553013533,-179154.72605049826,-3166361.6229922483,-1833779.3619374926,-14058.74430542406,-3130390.1711124443,-121113.77035471896,4301894.098024724,-166692.6404894913,-9368.501292631781,272905.65978229453
311,16.475663371481915,77.13448518588622,28.395776279680398,106759.09707610909,1164365.7563175852,65005.52223430958,-4497393.497421148,-2147741.817505977,124374.97352174224,-4327822.830842131,-23786.17212034777,5687739.37859048,-58105.51455105795,-6242.0371113470765,686096.0494939947
312,16.943217700687356,79.33535280467892,28.39571907096062,69521.78016229329,1570457.2974718225,49199.15974552516,-4218277.982423424,-2024836.6043056096,2463.3427326039396,-3919992.8539982876,51085.702286971005,5558085.389090957,-73625.21197577476,85.32803290212159,327778.8327713085
313,16.82115634480415,77.18756218064448,18.479164233852053,-264879.5423574937,-16736.076364470267,-484122.9310318159,-1694445.098020674,-1080530.8251633015,113246.66695728007,-2134389.942272901,-523073.21495144896,1891724.6074705704,-210008.60797387455,-8658.129393335264,482632.12765007076
314,17.24903235892527,79.1412441982356,18.479133606173765,-102061.12397168047,878900.3670514923,-610391.9903879894,-1516011.5097421359,-967069.536665186,54005.92834692924,-1564490.0983303955,-491480.3727640624,2222417.7237862805,-486290.9586326638,-5206.722821662631,161551.86373265844
315,16.82122955078829,77.18763038215756,21.77081307609876,-229122.19128478397,326987.98236272926,-557700.0261268894,-2503378.9809138,-1903728.614245823,99597.80664737342,-3125307.340288139,-531739.968202223,3197213.073441418,-212886.86823837826,-50947.72274041625,556970.389921233
316,17.249086602599103,79.14131560976526,21.77076153834844,-67010.53397412365,1070589.4277425455,-449349.2924898648,-2317131.188943408,-1742724.1118249274,-1195.7833187341332,-2545864.764062693,-304436.3573518411,3404530.7226930913,-290433.09844702587,-8730.980178142307,207070.04662296266
317,16.82130355420929,77.18770889863045,25.062458043151217,-102390.93431897621,826289.0359539747,-305153.9005780022,-3470404.516628513,-2054335.8875456296,90122.52425920303,-3683217.0029548067,-331400.2514143395,4433361.4554261435,-159432.2502326958,-26324.732939288988,626134.0016324534
318,17.249138257227496,79.14139811585446,25.06240253133802,-1235.3064785948955,1310034.9250250517,-169862.17008982785,-3235167.2579319677,-1908045.104680746,-15221.230575682845,-3192985.8819406973,-112355.4180236282,4444278.748420956,-170098.87427855676,-9530.270174626105,273940.63936824223
319,16.79462663388373,77.06568198182612,28.35410871567384,111189.59678383401,1281948.0499776541,87623.60077891868,-4613225.7150648795,-2236992.2562005417,123731.1103150345,-4412912.335927544,-4818.071733818117,5898491.6552017685,-59899.00476358173,-6734.41812973031,689208.2277674193
320,17.275924366219684,79.26358496993872,28.354049080562966,69339.01142375171,1679404.1612224153,67127.24513256294,-4333778.847171501,-2108167.5538212867,-6.259790898242602,-4011989.516997052,67555.45140012728,5760304.483375655,-74727.26609156383,-238.34443619904684,331210.3773109886
321,17.143490333281665,77.11589505487632,18.187497939626915,-260710.80176926637,460.6054746498412,-465864.24051517283,-1661381.9165892545,-1083743.89128822,122476.26724626796,-2091752.675676371,-516445.0154441315,1882083.2543107131,-211241.43429132737,-10944.408184767304,472151.4200336836
322,17.577471584050752,79.0682399868054,18.187466574793163,-94082.6537464215,924201.2738649172,-601307.8358526814,-1542616.0545169767,-1017125.6581181902,55604.2412233717,-1593496.096965965,-478008.37743574666,2300315.258667526,-484192.9040567804,-5577.640477801089,155190.86830505473
323,17.143566714673916,77.1159667110888,21.562480157117392,-224746.09404603165,354716.83278387884,-549291.8327918479,-2496239.208523275,-1924742.9325797337,108000.52499904357,-3113023.3398897504,-531199.123838267,3224901.369674016,-217193.21865539378,-51856.52294131927,558254.7377946025
324,17.577528063607303,79.06831510792777,21.562426823243957,-58355.61930267821,1142435.6632242573,-449388.44245382503,-2397535.5139275966,-1842800.1668534821,1440.3928500416491,-2636919.9436903545,-299863.2196489253,3571474.764807034,-298101.65856568527,-9017.244027717585,207084.3046074838
325,17.143644372910558,77.11605029418352,24.93745759316526,-96869.26722774055,867633.1380560319,-297839.37980058923,-3480457.1514964616,-2087488.4711967513,97444.54274821971,-3683643.936826482,-330500.4476499696,4487068.875504155,-164149.98637188916,-26483.35880652387,631050.8024223642
326,17.577582476216822,79.06840292700788,24.937399889880556,12063.040744418453,1405766.140667337,-158394.49773235054,-3372062.182871718,-2025941.3856015466,-14346.352351403097,-3321507.9634919604,-99860.78911104283,4680803.4362824075,-172759.11732303203,-9120.138143384902,277864.6727000824
327,17.116589330994525,76.99411203756713,28.31244090959225,122187.1767592046,1338314.9886187834,100779.35094276944,-4636324.024607457,-2270849.363656179,128338.91653994538,-4414545.982649934,3776.0052632468305,5972051.493707444,-60685.89305269749,-5821.989046986438,698757.0997728746
328,17.60475243334672,79.19051146935682,28.312378874142574,89283.79108697647,1810697.3800597684,92095.41426255752,-4551767.0726057105,-2244493.933383499,845.2125633406312,-4196836.058897343,90875.14067858535,6098037.50362806,-74293.0197768547,575.286143221473,339765.5341674038
329,17.45974468247442,77.04567893560068,17.89583159244594,-257731.95473848848,55165.88686491951,-461141.4627361348,-1738166.4409104574,-1186617.8951743941,123683.9650730572,-2185474.4616963826,-511338.84650809964,2033105.777594779,-214719.66023939307,-11503.240330776467,457429.9648686402
330,17.911989993108442,78.99378396426823,17.895799483931093,-94156.34787982411,903441.5917863697,-588167.7293938647,-1443170.69242196,-972242.1960884202,65692.81422619491,-1492884.791375931,-473042.19507513696,2187044.500963748,-484542.23248140665,-6554.031758077339,144084.3179780253
331,17.45982439887569,77.04575412576506,21.35414722835994,-211302.94831219802,473062.709988783,-546750.5759354505,-2669406.6678752466,-2124990.679800444,105793.1395349651,-3316910.7100338647,-518029.57304348244,3549949.4688184806,-220961.20537934592,-54867.55057908118,548712.9792934706
332,17.912048803311702,78.99386302997543,21.354092001647135,-58046.58304982004,1137284.614180651,-442449.5958447056,-2289013.1632180386,-1781853.5906062336,12786.3742324735,-2511847.6529471916,-303940.19782660704,3452576.2860599244,-307534.83651852014,-11271.822855573508,199332.58238234467
333,17.459905762605253,77.04584287557287,24.812457146768462,-67254.61250747135,1059367.6263069382,-272828.5609217272,-3749872.2224386227,-2315637.776759867,95987.79634181646,-3931047.835704846,-301728.73371107574,4952061.022293662,-170420.87950682765,-29692.14700642331,620779.5353660816
334,17.91210608266208,78.99395640765061,24.812397127216837,13734.086283006705,1411943.0136068156,-151402.37224616297,-3242034.1841931324,-1968337.250563351,-6396.069956229407,-3174650.779738663,-100636.58880939835,4549562.096191723,-178694.14680082572,-11737.843167632824,270013.0995748332
335,17.43171264183859,76.92417500176744,28.270773082263407,176361.15023763926,1625893.2515719836,161689.41725478065,-5059885.582282654,-2540681.5166237466,128142.90742666658,-4751554.085683089,62115.18450561855,6653382.7202418735,-66486.65485252153,-10518.205578280962,682036.3076415777
336,17.940420016327177,79.11580583039415,28.270708520222925,85701.98468622024,1813845.4070474042,92656.23171806266,-4374098.61139181,-2167291.5861668834,3835.939225214978,-4005103.9367721314,88235.33683142994,5909072.223392385,-80206.32726411396,-3650.3955311840255,329492.72595066455
337,18.095466464780515,76.89171565881601,17.604165056178697,-92457.15589804406,-72936.9047460389,-252939.92874878377,-521591.4610821563,-218675.66956201426,220851.21966827795,-604456.1211725995,-371945.77429441933,558067.9060741519,-226675.02098035908,-12943.539356384736,461341.45923616394
338,18.57204493760494,78.83409164877256,17.604129715696487,-143152.0882766163,159703.19328476666,-593079.2254841994,-450703.1979054299,-163559.3621950738,100567.19232813989,-627282.2972208533,-466032.67947021226,516786.85621501657,-502540.7860622591,-9280.389108463094,130082.43763549282
339,18.09555211844421,76.89179859428383,21.145813299548692,-51420.478847306935,3767.346961380419,-370474.3016442122,-777240.5397642046,-452817.4091099892,200199.82602083927,-878792.8469372618,-462480.0938831209,923145.5072902439,-234412.0622165633,-56657.70258492311,548521.0859122402
340,18.57210773908177,78.83417917055849,21.145753402678,-104537.7062815203,212843.58677493015,-436439.86243145843,-700260.2905543543,-382629.1563403669,48884.6842447846,-800335.5043073257,-385592.38498622784,857793.9073555048,-309269.0662050003,-9059.294902591517,208196.91047878083
341,18.095639248873315,76.8918965128598,24.68745565792639,19855.670228468174,143966.59576731874,-286260.2199459933,-1060010.261287325,-503030.95026773814,168503.18963815112,-1054639.3031365932,-360462.15913075214,1292663.5083171395,-178212.17476767875,-30242.275826909074,629217.2183737258
342,18.572169565856267,78.83428228085235,24.68739097824932,-59886.47061501481,276394.3137941697,-263926.1965064077,-974319.1285008132,-442320.3003395501,17688.79387690694,-990705.0219325674,-240312.33305447985,1183599.0016597947,-178255.6807539231,-9973.805046958172,287650.9884404293
343,18.06593070621542,76.77059565356093,28.229104387945124,172049.77188828765,315421.93123577634,-44681.79923545125,-1419740.8262904054,-583103.8942563387,155083.8498822138,-1253102.419136716,-122169.2581807206,1818061.581206049,-66210.23515159998,-6822.907771259411,707915.1993421697
344,18.602008270601733,78.95578330464089,28.229034817249122,-92107.50923743287,368451.96803243476,-191327.19039909926,-1394794.450487785,-526141.4448462575,-15130.24457645111,-1384091.5829376762,-168498.01691154757,1637606.8682451267,-76695.15423691396,-484.2990421295439,355308.8285959851
345,19.062822622849755,76.65114044062636,17.312498047162684,-107136.47854167833,-58025.534652364855,-267773.78096166573,-556229.3648791371,-250646.50711215442,240716.21697229802,-639353.6983832491,-405116.14476665104,611534.0489941912,-252733.9225357691,-7881.421230131276,481915.4185680922
346,19.545468633888472,78.59202775707757,17.312457444596873,-166282.67264850187,188459.04201470118,-642590.530373635,-486832.92960270494,-197048.6130932522,114999.39089237896,-687057.3035505229,-505166.854428704,571809.9969717914,-549010.5804516712,-12874.77228743716,116061.90363462387
347,19.062917039004887,76.65123645671076,20.937478764147528,-66471.25817574594,29786.87395939298,-387826.4164783647,-832337.0891820563,-502881.6307941713,209116.87175020578,-943425.6272922709,-485470.9268174728,1004385.7534150262,-249442.1797609515,-59252.28450202586,551793.0487389171
348,19.54553748997848,78.59212898750663,20.93741150210624,-114643.4154841124,244596.0443215193,-447512.1847282572,-766502.887114145,-438312.3158827153,50427.22579612231,-877599.7581607791,-394742.14518194733,954782.3474518765,-310979.85221268836,-7911.892641942079,216114.74591039863
349,19.063012311779627,76.65134817210682,24.562452922549074,10835.17098603538,177501.16214213514,-295394.639796901,-1130889.12544213,-549716.1860043447,174158.34445034454,-1124923.361040428,-373751.8190906191,1391616.873462316,-187635.87853265012,-31676.823591598575,637211.2584608165
350,19.54560564651567,78.5922463491464,24.562381290193574,-69402.23989776878,312713.938808529,-268463.0836273023,-1061671.675068001,-495938.1017499347,18265.333951103537,-1081154.8427252974,-245005.90283175203,1301009.3608405073,-179777.07662370693,-10988.445932321923,297948.01756517316
351,19.032932066529373,76.53015351804514,28.187434123256764,176914.95601684047,361978.82015614625,-35063.23253793748,-1510725.6268290845,-637396.8755199002,163683.8807146169,-1329014.5486806992,-119997.97176308004,1952843.0640788288,-69554.55268646206,-7464.839729307631,722105.25973536
352,19.5758290512372,78.71366784409861,28.187357161153727,-102924.47066686224,414443.18389978417,-196386.6904175988,-1520194.511414769,-588434.3311162144,-15550.804215440823,-1508686.1720456476,-173325.36323883847,1797143.558099809,-77035.65383483957,-773.3556211768253,373280.32590756833
353,20.02715790145195,76.41136665133574,17.0208313054228,-118920.04749273461,-35656.84698528542,-286193.5393683338,-604038.038110581,-283188.6497552938,256684.1660862868,-682872.9775195885,-437333.3868280093,679435.930501244,-276576.2273743383,1801.0915245512303,503330.3333820472
354,20.521912459654217,78.34916268812997,17.020785573734212,-186856.65255844893,213719.35305651542,-698796.4663170943,-506822.06161087565,-209245.27999878468,124068.8902256645,-745085.4681478549,-530509.0141378546,603660.7164666816,-605770.9072427475,-12275.040568187691,96512.32313396316
355,20.027261364098567,76.41147737993035,20.72914407406795,-83223.79415166027,69949.36048417362,-407627.80762946454,-905941.1790239406,-571440.8412520689,218900.49925631442,-1028100.9063434127,-510963.7179554734,1118162.3830019347,-265790.94297769805,-59543.41696922112,558508.5141509641
356,20.521988223287863,78.34927919834065,20.729069126127897,-121970.22250706275,275853.4166926758,-459922.91378003464,-806156.4984795453,-475100.81786807376,50646.48954605892,-924320.6964951647,-402668.7571686684,1020949.7340694116,-318810.7014945308,-5720.839067400504,215833.83363033007
357,20.02736531332832,76.41160407420536,24.437449825728542,-1268.656801478719,230864.43293879513,-303484.0733745071,-1229573.8572784313,-617416.933599535,179444.5089957173,-1221694.0567484722,-386474.3700825401,1534280.129593821,-196679.801680728,-31832.746484847066,644653.0520082291
358,20.522063140671168,78.34941208926193,24.437370897445426,-73939.57836512908,345735.96277877135,-270698.0023536162,-1113649.0090601568,-531412.9290373332,18603.99854124006,-1131465.291359749,-246932.07535127047,1379495.7487710458,-182271.37445921972,-11209.193431914911,301617.04949876666
359,19.996536298823113,76.2906167227663,28.145763466643896,179132.636361052,437572.99927214975,-20361.247031833933,-1642697.6827654606,-716926.2780414985,172155.6563362814,-1439461.021984862,-114313.35470131948,2150118.7652875492,-72434.3859521337,-7190.076440663815,733166.8339797463
360,20.553049522469447,78.47065490426272,28.145678807408494,-108820.67860817086,453400.2641982237,-200849.0636409643,-1594870.064417217,-628506.6436994817,-16869.83425374001,-1579558.2832100268,-176555.72087811911,1899844.5260372339,-79040.13902309316,-965.3060340318787,383158.5515865858
361,20.818053155184586,76.2042024460227,16.72916529105993,-230887.58624601114,82446.99793069903,-365114.2802664103,-1010292.6160884545,-677412.6965655829,236669.475918322,-1204457.6868485548,-542018.7300534686,1232921.5483203013,-289763.3202324061,7922.994771335655,515350.75582010974
362,21.34300925491356,78.13398516055891,16.72911536577828,-219277.12628940295,538382.7465499165,-746188.8584942298,-850159.4700263032,-554105.2948196365,125217.161966555,-1029770.6505112392,-632374.3672300421,1235061.779507565,-646774.5801363357,-10110.850690543595,82382.16310876564
363,20.8181646402515,76.20432605471639,20.520809925466274,-217685.42843523697,351120.2520075303,-478327.37678333785,-1580091.4418362135,-1228561.5057493725,192872.34630121005,-1907368.9239609633,-565470.9888191688,2127947.359569086,-277669.8128286925,-60597.38938234273,564383.6483855938
364,21.343091647146906,78.13411531351203,20.52072833769879,-178612.00449541988,677824.2260122206,-480912.80496267276,-1403837.271310317,-1051419.5324809588,42683.51004266152,-1607308.7436555675,-406624.21054168796,2032232.3707513842,-330431.1829871559,-5005.774833975852,209729.676926236
365,20.818276715987903,76.20446641737003,24.3124475802908,-139605.61560198033,675936.0949913082,-306234.2541785216,-2186811.5002271864,-1302649.775873461,156985.70428382844,-2255441.2716375757,-400637.1770615494,2886174.6739099314,-204795.8136512289,-32598.740851392646,649903.813320074
366,21.343173093778116,78.1342626670733,24.312362203338353,-143023.87889635298,834881.5044980854,-239635.98454594807,-1969067.2190960902,-1135167.1841426373,13674.535884195135,-1986767.9495864143,-227115.181288371,2666104.7719305707,-185547.2290184225,-11942.362936061598,303267.97722585883
367,20.785567437531242,76.08399236603447,28.10409388483003,71787.23222665043,1054730.2237897909,62670.810423655086,-2915981.672246689,-1458777.868036937,163512.55874607005,-2662521.604183615,-65390.62987245779,3917100.5004961686,-76002.66738708876,-8097.420274399965,738410.440225455
368,21.376053047686167,78.2550181245871,28.10400244643851,-157231.02897548996,1081520.3755168729,-110303.01624679705,-2720899.494080079,-1279388.553138793,-11716.191837034643,-2608012.0992463375,-109762.12745651336,3531760.5569974356,-81359.4823318871,-2025.3826583166633,389438.8337429097
369,21.45061021189154,76.02564033653341,16.437499336449875,-228895.83326468288,107970.76361946328,-356593.7567549862,-1006908.8253065057,-680987.3886722048,246681.3446509491,-1184728.413797628,-544859.9425445402,1252069.5299419619,-296518.6002046321,10893.81101680715,520797.43983014283
370,21.99365718644424,77.95050198467317,16.43744641149051,-220879.22488111627,611228.1075908022,-764707.6243941513,-897380.0055543239,-613439.4720185106,130542.71729169076,-1083910.0331445457,-639672.2481326223,1349223.539592702,-671003.4675715874,-7023.4915237067535,76623.93420492539
371,21.45072887790414,76.02577473224797,20.312476787784227,-214220.66183797843,387752.4066732648,-479859.3172430977,-1579239.701205491,-1246649.7669219556,203181.57585400142,-1896139.0826171206,-573715.1751664897,2163526.685375799,-288591.71737038594,-60932.72548710042,573431.5242739703
372,21.993745571711422,77.95064350757477,20.312389964806837,-178253.77955916204,774818.1336557698,-486693.4096460995,-1494246.8414072874,-1162218.4590760712,46018.69091999805,-1708001.635251502,-408385.6640193204,2226258.2437213305,-342097.7733408087,-3671.630907144568,208435.20759081267
373,21.450848488232744,76.02592734598906,24.187446228467984,-133252.01859900443,722130.450503102,-303997.24055632274,-2187235.6498618145,-1321760.8230936127,164027.4554836785,-2239174.998164246,-403538.06262825005,2927594.2521402705,-212587.0331141073,-32986.02142082415,658293.9893356296
374,21.993833208177243,77.95080370064257,24.187355594198944,-137167.5213478679,951011.5813737528,-227430.98630381178,-2105384.9729014346,-1251777.9615256588,16006.830063869838,-2108308.5262032254,-217716.8424430001,2912438.442368298,-186167.2449439692,-10824.642687089772,314695.7583874209
375,21.417015409252937,75.90577206305237,28.062424926320226,89235.19205630009,1112468.634177459,77649.97003321763,-2907037.900765386,-1475456.359299627,169942.56270850322,-2623934.535981116,-56110.69273419904,3959399.024982292,-77566.46000192624,-7046.27359392042,753291.5074943774
376,22.02784922675569,78.07126337192504,28.062327996026028,-146830.17502047948,1236695.6023062523,-86308.87190156057,-2922717.1794463084,-1413411.471167314,-9247.024901875458,-2772008.5889026457,-90491.05007836573,3866056.194365222,-79361.52169910785,-612.2790204005435,407740.6226192708
377,22.083214756758803,75.84724747906273,16.145833198020966,-236218.3276646512,158699.94575887354,-355990.0940733172,-1063484.720567971,-750982.2377214896,253197.91062558972,-1245603.2309220259,-554318.1446606899,1366412.8996036206,-304350.34563176235,14270.132189600012,519602.7939657823
378,22.64425691580998,77.76685010717544,16.145777171307117,-226437.19129622937,631707.3046510963,-781481.987626065,-888093.5262563154,-615787.1005598592,136748.99573811446,-1085118.9113980485,-646918.7091015301,1355825.7462283806,-694345.5124786694,-6520.630748816338,65827.58332526618
379,22.083340896295848,75.8473929840817,20.10414347996992,-217937.56616174604,475729.22059243754,-486253.48663714295,-1680752.5857578448,-1370340.6504831323,208116.80130480594,-2014957.1769484547,-580959.403615167,2367454.74835717,-298272.00978849904,-62350.71085457691,572533.0463106746
380,22.644351470951705,77.767003386429,20.104051322060634,-181117.88093478704,805284.731936933,-493652.6709157215,-1488565.5920045774,-1174192.0808678514,51047.90397209591,-1700952.8972237364,-416355.8850555147,2247822.9623656753,-356447.8327687335,-4052.0412353437027,198514.9714204724
381,22.083468256594962,75.84755845847359,24.062444652788336,-130576.27580704074,847098.1357464525,-295330.81820116733,-2330045.208157133,-1451147.6844129686,167442.39437472008,-2369131.332984332,-399562.66551071365,3189885.04023329,-220880.18356422827,-34616.9106676184,655602.0207916098
382,22.644445687083174,77.76717701688824,24.062348668941958,-135017.1804129791,984925.827027255,-223977.84640821727,-2101087.3841678333,-1265137.8040866686,19006.542187328087,-2095243.7238123717,-216916.96269888786,2938091.4867173173,-189936.19460517875,-12087.930853025953,314507.8680740851
383,22.048517622476346,75.7277438027651,28.020755715357847,108883.8051909116,1289099.2295429935,113423.68862411185,-3112343.1014031456,-1624816.372729357,174726.91575511065,-2779938.7525168327,-29768.552633588322,4321114.028508437,-81690.02595913238,-8762.702021345436,750363.3953996246
384,22.679592321944863,77.88732028653119,28.020653224047685,-147511.4996180953,1272411.473866813,-85036.45831554115,-2915974.3111417326,-1422489.5898157074,-7945.18923272193,-2755360.325288411,-90734.27167282454,3885958.112894413,-82335.07168054675,-2936.6380127341,411093.0785852941
385,22.865758728687776,75.61048448894084,15.854167364386958,-173402.72594856186,58431.32746466201,-292459.0345266902,-690950.8474475907,-364769.19687822915,281409.49164961994,-759463.0567744761,-479570.9358243191,831603.559588205,-314614.34616106236,19899.658436749967,528112.747578637
386,23.456737085478576,77.52113412673425,15.854106704998003,-253809.34867528648,332809.25064623455,-814012.802763104,-565729.8322491113,-273034.56620022096,136296.80374896072,-875891.2375171348,-595533.4606968043,736411.7974217837,-726795.1232823194,-5941.154023252244,55215.24060072114
387,22.865894413073704,75.61064436732735,19.89580989195423,-152811.66050671932,217640.51892762448,-455870.2475333398,-1051465.9355786776,-736614.5359443966,228136.0723327517,-1204046.286142146,-567862.9482113547,1380867.845241066,-311075.603728773,-63597.755003583545,575739.4595848909
388,23.45683964276836,77.52130275663305,19.8957105929559,-190599.3208561788,432158.09914108913,-510559.30597742123,-930160.7648192658,-616219.4939722945,44038.82785265197,-1091342.7547697392,-439809.79521233606,1262152.0222895644,-366363.01668299816,-2171.56405240462,200652.63874801336
389,22.866031226131547,75.61082573081305,23.93744280237004,-78353.59156765146,426679.5609331684,-328747.82279340783,-1422882.6747367168,-791087.7405829817,177069.30913247156,-1421392.4787517725,-419964.60580276826,1860935.2311266495,-230359.14635474613,-35690.09479656081,659033.9843999124
390,23.45694232261717,77.52149304992699,23.937339987191233,-138475.89186283512,524089.5836600482,-276501.60281260044,-1296281.8026921484,-683550.3984903803,7378.020234561444,-1325886.1923526512,-251520.61165681374,1686518.8929940774,-190373.15371599852,-11724.884045622344,326926.15426538454
391,22.829218195868744,75.49158498929147,27.979086385444738,131778.71854593253,717884.0493263556,21922.715123563306,-1897656.0473823042,-920083.0352228425,172424.69431723337,-1641478.2824720547,-91757.98410843455,2604821.7495763404,-84805.79081972165,-8255.147002365662,759551.636598333
392,23.493967528609577,77.64109200864422,27.97897681182313,-194310.4456616706,682429.9407483784,-204816.37944124616,-1870439.5245624385,-803669.2590221923,-32370.223550217717,-1853876.821509236,-179556.8296847172,2316736.766839414,-80831.1739852603,-2374.9624944893603,432211.15065412124
393,23.813211879393087,75.31087438933602,15.562501293699695,-182230.39669528938,83944.79119014877,-295957.73758165026,-725879.5051097365,-385702.3439412493,295560.2971980317,-788307.5334211673,-493916.5477367029,887980.7380710794,-330168.23854178935,29810.569202970033,548001.2671540701
394,24.416128536455222,77.2178312806326,15.562434754950225,-276129.78837687965,380293.8086317224,-858084.6157885958,-610968.6905805643,-310284.2397604283,146944.41823731424,-931493.7408875788,-637862.2328703956,815435.3782242208,-771865.4688019123,-6603.6720462005405,43694.47906417442
395,23.813359320643873,75.31105259970424,19.687476248264623,-163307.47081263934,250961.70414804877,-471485.2541810558,-1092778.598523487,-775875.3931256495,234559.07419779908,-1249361.4976144887,-586745.6977333953,1452276.1745022375,-323811.00426356855,-65482.94147385218,579049.9044216739
396,24.416241085881357,77.2180189463452,19.68736824225209,-204209.20937702266,487088.80158335564,-522251.52980536537,-1002503.185265847,-685954.6411334219,47882.255420216075,-1173665.0054531256,-453027.4936216845,1387320.561475778,-373932.52240407513,-611.5339781513329,205166.59961307814
397,23.81350747533666,75.3112532094012,23.812440382014543,-84106.0963290752,465687.2488232416,-337140.6740774879,-1465292.5222294861,-827712.4018728421,180832.67970446695,-1460793.3521803692,-430726.1311259103,1935959.961722958,-240043.53799516504,-37109.77082078813,662792.4702902419
398,24.416354065540155,77.21822895531876,23.812329523373823,-147767.08281070978,584520.750781115,-275706.46047550015,-1388016.789696861,-752879.0116432492,10803.428548471767,-1416088.213469331,-254887.6149369073,1832023.0359011432,-190463.85612951318,-12163.83185414675,339706.23564730986
399,23.775958699671463,75.19226056812701,27.937416171872655,141171.13143185922,769705.9525003888,33984.84628355203,-1944043.166639679,-963067.6854046485,179252.4768880953,-1669635.6398867804,-86652.01328841693,2701149.583390997,-88217.59308158144,-8789.034628802436,767801.1855698037
400,24.454134537631997,77.33761502343731,27.93729829417548,-204742.89779765278,758017.0850957753,-203209.89535180802,-2001367.8072473453,-884437.5102552925,-29503.29234560166,-1977021.7554924306,-181572.31829889934,2508658.365737645,-79358.47171216212,-2355.6423228160315,455738.51935257117
401,24.760689079382203,75.01133916161172,15.270834946383856,-194051.2410917135,122746.29833327589,-306803.02082795,-786405.0136216666,-426794.0371761148,306490.09654301725,-840888.1985497061,-517515.499372376,980295.7343356946,-344880.4421323728,39825.3472035543,566607.3102980861
402,25.37549638841281,76.91445513874314,15.270762450175544,-296897.1193101582,409481.0973659477,-907533.4367929813,-635345.3134235097,-322542.45308350027,153786.87453889273,-982386.0584208164,-667690.3973909765,855126.9970746014,-823182.8433745683,-5687.940935968578,27050.262439748854
403,24.760848470781625,75.01153674018514,19.479141900891662,-180770.18421471328,308079.46563019685,-488849.15119002364,-1171319.1706659049,-853327.0495941339,239787.07447301972,-1340547.476233442,-607213.0733893085,1586220.6798482102,-336018.9660810453,-65870.91920798113,580174.0062945508
404,25.37561952996968,76.91466274450143,19.479025059025513,-214304.0825818621,522103.7802623747,-532064.6567778855,-1036548.7020641502,-719214.5767026745,50108.31361628539,-1211951.639135688,-463614.08879252337,1451300.7688308386,-382306.7908127414,1762.3225245166218,203006.3019423074
405,24.761008291044206,75.01175733031651,23.687437194211874,-97464.60025829144,535682.2025845421,-342838.8724788482,-1558543.8757227114,-902554.8635024963,182976.8585649582,-1553325.824748252,-439836.8780226887,2088541.4326183426,-247879.23341981447,-37409.016258887925,663520.6077539177
406,25.375743284336526,76.91489314151849,23.687318254918484,-152104.74236057556,617542.1529934062,-275860.1092159345,-1424138.4837341192,-784344.1809358745,13828.928812220864,-1449640.8972656082,-258057.59062905007,1897275.7893115538,-191812.05171781217,-12495.552368795084,344522.85451258684
407,24.722726813431727,74.89302272029606,27.895745226759466,143316.56506420282,865566.156235712,52729.025941131695,-2062957.8241020506,-1052074.1603343217,185716.54105102888,-1765987.9295963119,-77917.75182552094,2905517.428662878,-91105.14449516383,-8758.369310931272,771258.8280241512
408,25.41427658335935,77.03405744818373,27.89561901780031,-211119.1361301064,792337.8064570648,-207158.72872841585,-2050203.7015533785,-919433.9668150478,-27783.370262675053,-2024003.2399484806,-187019.36556276056,2585082.547109783,-79980.10071655884,-2833.408209609911,469855.640477175
409,25.537101311630103,74.7551819021177,14.97916912849032,-298898.5289093902,421839.49086777883,-368513.9316409364,-1313138.5434225572,-1012339.2706162002,276176.6197567906,-1494139.1307888003,-609016.4065295963,1857582.5676358487,-353622.69029112096,45851.642273891135,577631.9933277915
410,26.181549841884074,76.64841471600107,14.979091927326758,-302716.39574729354,945874.8730314227,-924798.5655226493,-1076869.1151275064,-841911.6573880991,150607.2848037664,-1345848.6074871146,-741920.9140631022,1806129.4333116976,-861638.2841408146,-6023.293689298656,18086.536397261083
411,25.537271190554932,74.7553959978714,19.270807913520986,-300217.5108857442,865173.8297482568,-525905.3947639379,-2018670.2590772856,-1811361.7360693675,201450.69117391296,-2434475.495255637,-623704.7492852847,3097231.168639496,-343385.5221725342,-67948.49314085343,580108.4154684313
412,26.181682682659595,76.64863968479199,19.27068364595663,-254360.63916219387,1182117.3959209882,-518138.7444909457,-1786090.5977303986,-1565034.7194386804,38611.51028227966,-2072882.5357951503,-437173.1571111056,2919673.7051741052,-392714.3950457071,1722.736451892396,196896.80215184888
413,25.537441649383595,74.75563422917743,23.56243482848376,-213669.81114127138,1320913.407201879,-286657.92961948796,-2723046.3414982012,-1871324.8282043885,151009.90633054863,-2766875.212102025,-404153.4901103822,3991614.3686535265,-254552.6486229406,-38287.671218208336,661786.4298121438
414,26.18181651300404,76.64888841592857,23.562308943367213,-212577.1269666528,1392633.1970892306,-196477.9736496196,-2467466.7635616907,-1640887.9700683567,5551.235485579833,-2473688.2917431253,-206517.1098795608,3663783.498095643,-193586.07713906976,-13164.998721196785,347962.1325247518
415,25.49731715578149,74.6375330378565,27.854075377353077,76350.89569562819,1904799.1352131972,223539.91818702943,-3590723.4330327567,-2090760.9558913046,169762.0607079957,-3156604.7282599853,41049.24526085703,5320245.432094984,-94643.34827009164,-9590.421012239143,769903.1012332791
416,26.22221137269349,76.76745147076059,27.85394201486567,-243643.59746856504,1763614.0090414728,-47638.575260307814,-3404649.581909626,-1830081.6581016502,-24212.16078088359,-3219612.0395837245,-70817.60770004231,4762761.483596367,-80959.36592911955,-3851.324825627873,480134.55178170564
417,26.157270870729974,74.53746022430126,14.687503339092489,-296631.8543146242,451405.5374186726,-354481.9668720977,-1308412.7816478033,-999244.3462164461,285338.7774333279,-1461900.6136087598,-607330.1985110556,1869522.528351766,-358221.1145373641,48717.08358147687,583077.5355871776
418,26.819466683690436,76.42465191280012,14.687422931504793,-298981.9059923692,1049703.6596924062,-932959.4463443672,-1139095.5030740057,-914261.2391378795,154206.8675292542,-1401673.452154856,-744509.7419089293,1963945.5014194553,-883329.679841349,-2432.8265587524174,16565.227685544207
419,26.1574500094378,74.53768794632337,19.062474928991865,-297156.4019783357,899240.9083865259,-523159.4082198157,-2002800.81575622,-1804160.0707217716,209970.34864151754,-2397956.9999485416,-628849.2468820787,3105731.3450189945,-351070.2485916689,-68457.4176215148,584816.6544735817
420,26.819607985875678,76.42489115885789,19.06234499321712,-249370.96072869754,1316054.1209347658,-514111.56663760945,-1887540.669756326,-1699977.053172483,43997.74333861566,-2179460.689823717,-434786.60380817787,3166818.8872003537,-403115.01424376934,2624.302038699795,197013.52013018384
421,26.15763011606711,74.53794156485667,23.43743343361576,-208442.90597732738,1352721.0075082607,-284657.12726456067,-2686426.5065548625,-1864029.1127736901,156592.39384363088,-2715034.8488547504,-406511.42443496257,3981167.2475560848,-261044.8148996287,-38875.4427344337,662960.3059467179
422,26.819751014040445,76.42515573424849,23.437302030223105,-200906.18301383674,1542518.15691993,-174926.6796647315,-2602684.518989717,-1778096.9477641152,10080.499131973498,-2588482.6515720603,-192540.83841948764,3947708.784232908,-192771.31821557358,-12124.439618412114,360507.93038056616
423,26.116405093840502,74.42023178797893,27.812406263631885,91492.07917794923,1934961.7638738847,233313.43498877424,-3521211.7145043206,-2076329.824311609,175283.5288539089,-3066506.589272498,45845.65672144512,5280428.210591661,-96626.99302576033,-8769.069811319097,776985.0937450503
424,26.861263348827418,76.54335558656996,27.81226725025866,-226376.05620733625,1957710.5058962265,-13465.781997652259,-3597728.198256945,-1986878.3698853038,-19379.913845713683,-3367119.2687495705,-46080.291557569275,5131068.22799838,-78471.74373648157,-2747.0074140488523,499631.86670449295
425,26.77749850834696,74.31990454159339,14.395837252057301,-300394.95236880245,537488.6739824,-346985.12370256026,-1380735.267680849,-1082666.1200861244,290413.9670065263,-1528560.8985005023,-610247.0124583767,2028916.5088699162,-366085.55961020035,52791.31627199288,578641.6523669004
426,27.457325467775547,76.20072366729632,14.395753515768462,-305462.0049698913,1066194.6496723872,-944426.5867041196,-1127850.9412559667,-899824.9958080844,158929.81416639872,-1388800.1594399454,-754114.9003820138,1959221.1178203337,-904829.9198435582,-9152.516923557101,15279.486610699307
427,26.777687168052967,74.32014615719486,18.85414155176574,-295142.10862468346,1029959.6576432766,-518911.832669941,-2115585.487415271,-1949601.9089042018,212306.61402003563,-2521490.4429352568,-625801.8129049597,3363197.9721888695,-357755.97144547995,-70499.81102432346,577857.5334866336
428,27.457475341705877,76.20097751895236,18.854005973564874,-253583.51825138985,1337592.7660956508,-517043.92503182066,-1867193.1603869817,-1688080.5380942128,51119.78145434279,-2148212.6745875063,-444792.59542768326,3159970.5928276293,-415789.0718562384,1526.7121763414536,189109.26981711507
429,26.777877018886667,74.32041547230979,23.312431627761775,-198826.9132526263,1516587.7182865734,-265430.8899331193,-2823540.535270876,-2011243.4821380053,158250.4630582232,-2834072.3690896826,-392504.94719987566,4278907.231390387,-267369.09698062064,-40419.56004849931,653844.0242977098
430,27.45762791022275,76.20125816934176,23.31229475254707,-198836.59361321345,1557808.9495928264,-171317.5206788014,-2563951.9760585357,-1766724.324321204,15533.557416285914,-2540979.237051105,-194631.07288161284,3923265.145233529,-194543.60732344343,-13338.830012185115,362805.9403695419
431,26.735558881388826,74.20311821598413,27.770736758670285,121246.58547732176,2156251.9662470464,280169.5797860314,-3710008.74307041,-2246548.356460289,178933.35974976636,-3198022.7950146324,81633.51410643898,5674057.412418594,-100089.77542651074,-10059.247071435955,769450.2755689395
432,27.50025074657797,76.3190741571816,27.77059214159727,-229299.17914941313,1961037.6228215646,-17210.052242908045,-3534997.109603341,-1966331.771627465,-15670.298452201549,-3302965.214787324,-53202.07633970833,5070695.682556275,-80112.69105295737,-4825.97419773753,507072.37291611487
433,27.543727937601066,74.0347289950155,14.10417147959785,-255539.59285507232,266896.8182858944,-299969.4062170128,-890999.7734049878,-506897.8841104483,317241.8813813003,-928516.4219473363,-535200.3570196019,1175104.5981807476,-376209.0858034481,60716.184897428124,582149.3383704644
434,28.252872907385818,75.90474358590582,14.104082655482733,-364328.9909550287,564608.882802418,-998538.6914054314,-708371.5927791143,-384569.5539252138,153799.3906639598,-1088301.8632778607,-740645.3081724612,1030688.3718922795,-933876.1283052764,-16607.9873123698,14834.217052296395
435,27.543928534486632,74.03498824960806,18.645807815933193,-261370.09545220077,504080.5595249649,-521927.1194300498,-1306563.2741106015,-1016165.2641520294,225147.33513288485,-1508460.9767185391,-639296.8255151693,1868541.1468764227,-367411.6928930633,-72160.72421111594,572179.2012349404
436,28.253033780948968,75.90501609250254,18.645664857493795,-290204.70401047164,712846.0387884999,-562237.6747964248,-1152109.3716040389,-865884.6911527313,42164.47744191353,-1364320.6587620326,-495544.4366816984,1720268.7554253347,-420679.83837527945,3449.9792711297573,196261.6657591177
437,27.54412988791846,74.03527600539952,23.187429485592443,-187740.33117087136,763115.1628970455,-357585.5754169383,-1693840.9408954866,-1066366.6685921196,160928.87137699747,-1710477.3349765155,-454472.728540076,2382739.3198258276,-274368.05657734326,-41544.848973691696,647983.1461606654
438,28.253198178661012,75.90531564154578,23.18728587938098,-221842.93502025833,817968.3857889369,-269308.0721466271,-1560640.212725462,-935507.4459864137,3411.48022081203,-1600572.574963354,-259647.20917046582,2187037.162755871,-192836.1396579946,-13296.993517655606,377826.4515964579
439,27.49998990021576,73.91867052475348,27.729067139855005,83116.81442988047,1171938.559165904,98967.92105473072,-2215543.667888327,-1244981.536878925,170121.29397363693,-1885286.27018634,-48335.55688652439,3287645.121723381,-103051.44007181979,-9686.827925031213,769068.557986961
440,28.297663859795918,76.02247326337725,27.72891556434142,-306685.8796604119,1036128.7064335009,-204675.2755952663,-2241366.158623248,-1090311.6840824406,-41250.880074913024,-2224836.419527128,-191700.44413119525,2941304.414836145,-77913.11670976291,-4414.456920154788,530376.2506992326
441,28.470620398560996,73.67653143414249,13.812505351903386,-265473.87148371676,302811.99468954495,-302711.2174076158,-931042.3682617677,-518474.10050083627,328234.7658015677,-959068.9170855965,-542019.9410504496,1235715.7639342584,-392774.35522335616,74743.21381807185,597112.9500059419
442,29.191448371660748,75.5421152578594,13.812410151138986,-387588.4834207031,627326.1178487631,-1034402.7200840402,-762995.1241643858,-423210.2463335677,165548.25944289484,-1136668.8762062497,-788321.263006605,1130325.0535568749,-977303.5265586603,-28565.570848695395,16860.725169328085
443,28.470835350111905,73.6768127090923,18.437473805561137,-274352.44125276234,540380.2541798162,-533714.4479719347,-1336488.985962111,-1045079.4753119352,225281.71153389703,-1542092.597919704,-651268.5687286122,1925674.5316034353,-375869.9353049218,-76067.33292594443,561383.6216421718
444,29.191622835939658,75.5424102980288,18.437322096445815,-300778.769630737,778605.7300795147,-562864.0957469126,-1226642.6805021295,-942949.8931897342,47381.65819527781,-1443607.376630354,-503667.860169253,1862238.1015014718,-419560.68095423235,3455.670174542593,209783.93742889902
445,28.471050068628166,73.67712171470485,23.062426619453493,-194428.63111405776,796030.136044868,-362532.5670784287,-1708737.5111573087,-1088914.7052652042,161475.39864524227,-1725105.3613550845,-460324.7765055158,2424499.0757129816,-281274.99717119016,-43102.428907520254,639496.3458151997
446,29.19180110784483,75.5427311079767,23.06227538493683,-228216.41177753732,884730.7361982287,-263712.1679241977,-1639598.1398418525,-1007116.5581728026,9761.967848332915,-1675506.114369909,-262654.88261871535,2330963.1534851193,-190380.63817639175,-14022.076976094342,394590.98947756505
447,28.426192084426766,73.56081191246864,27.687396569143054,92224.0923258723,1209017.910786296,109233.26361561526,-2217980.174954046,-1272699.8807046262,174629.0196726415,-1876851.5573212062,-43897.48763299949,3331224.3116819877,-106239.13302853414,-10376.804465027517,765112.2600670016
448,29.23700945974691,75.6596308632624,27.68723705430156,-314324.40552679234,1115854.200934614,-199971.72122476314,-2346304.9458220857,-1173554.5357982246,-35001.73581409672,-2321795.5185914035,-194733.64673692518,3118087.2395113865,-75630.00128564393,-4204.691053551029,557481.6879872426
449,29.397541900907072,73.31840805588797,13.520838538115404,-276481.5375730754,358891.3043432669,-312957.43849678576,-1002687.080604445,-553846.8557779595,334065.72667323786,-1017152.1917993764,-557137.299453991,1343741.8195267725,-408535.91205937613,86653.74809713355,609520.65114237
450,30.12999615925822,75.17941603384777,13.520737200604696,-408597.97894503764,654863.5672131344,-1078655.171547596,-789867.9997446489,-424685.2515554658,174433.30105209711,-1177271.3941707856,-823352.2218512245,1168234.0327425105,-1029469.9185764831,-43161.56176833572,20520.238096486755
451,29.39777084587873,73.31871188794128,18.229138609697948,-294052.35279512475,612001.8638902617,-544121.5019483046,-1406395.889145884,-1124581.7856988572,224234.07753609575,-1626745.5175587586,-662762.4320618955,2063335.9587674853,-383326.118151884,-78869.35129448582,545741.5624465861
452,30.13018476762735,75.1797337582416,18.2289783702812,-306011.1163043205,807284.521109099,-562267.6190195258,-1250687.6695166556,-968615.0787024791,50400.16083527686,-1466768.3812845158,-507884.56610673363,1913658.7331765022,-417303.3026314988,4258.25118193112,218539.36274097854
453,29.397998965766206,73.31904197497182,22.937422658160088,-207739.4432016298,872608.0812185082,-361636.08850830246,-1779876.676057936,-1160623.161323102,161034.77390616667,-1797355.876593375,-463068.8945810054,2563657.320682956,-286067.81724275043,-43627.60578462576,629194.9359363096
454,30.13037700349865,75.18007557729878,22.937264045258352,-228480.9677058984,906068.9402486235,-261787.68963281432,-1651015.2066097409,-1026545.0330750347,15934.947407019843,-1683235.1414029093,-266772.8245203602,2365808.2488331804,-188979.1068035668,-14877.063000955819,404432.2368325497
455,29.352426575120266,73.20303707663535,27.645725016693028,95986.12858049117,1306527.617286814,129807.95011767861,-2300384.2655062336,-1359762.1038961126,178889.5988177789,-1942018.323687757,-33644.474141217404,3507984.49381396,-108366.37124938573,-10383.102020867329,758807.7392637643
456,30.176324792118077,75.29670820772549,27.645557763528505,-316975.3382088029,1130333.0848858887,-205118.75903111516,-2354135.4432570096,-1194753.9282486888,-29976.76984858306,-2331704.0963751655,-203692.36890797756,3143635.452929114,-75066.2662153961,-4527.156589662223,576959.819065386
457,30.15644138666304,73.01426121961406,13.229172177879942,-364220.92703983816,922756.97927703,-338114.80430287553,-1680987.0502996724,-1315752.1812126297,291266.0648380358,-1769905.037873906,-627906.4974133387,2618232.783221561,-415776.3019389527,90392.3288163673,616022.0719971574
458,30.917860522128823,74.8635546869188,13.229066318384794,-386481.11391368386,1456711.7867204854,-1049392.4421616413,-1357831.6728137438,-1109636.9988441935,169625.47764225723,-1614453.6885707963,-861133.1626581012,2496425.0818740567,-1069368.4304548008,-51570.66232201693,27506.875914135697
459,30.1566819943739,73.01458363892293,18.020803866808173,-382039.01261318184,1506546.3075945103,-520645.6529678786,-2392690.664306092,-2361723.33932235,177094.54843720287,-2862415.7099851514,-628415.9913827269,4094693.3433813285,-386677.22326305904,-83741.39059090795,530842.5227111786
460,30.91806170731444,74.86389133187558,18.02063670300347,-324941.7419566427,1750083.81361122,-495466.9784911276,-2129040.516352077,-2066438.0893225784,32965.663584237234,-2466116.1792868297,-443899.53241666406,3839690.8048669435,-418016.79657736636,1280.3894561825946,224455.2690981686
461,30.156922199913012,73.01493192798877,22.812419689518137,-285496.96194755123,2005680.4931971128,-232901.5754143498,-3055730.4463389735,-2377898.4961677,124615.38081198986,-3088796.191235032,-373016.73278097657,4949094.87985122,-290653.4783932342,-44602.659550640696,618319.4113802542
462,30.91826657319519,74.86425165022325,22.812254869416574,-276613.568529682,1956735.703333368,-130592.55053795746,-2798921.023497665,-2105544.783641677,4745.197376465546,-2800107.7304598307,-187035.37108975445,4536672.685815314,-188383.97256736853,-15628.534631947223,413285.05390810955
463,30.109550400951736,72.8996757443412,27.60405470800698,83880.30875166273,2735411.8813505075,387391.64886747417,-3928114.759976256,-2658986.2859782698,157777.0056199172,-3370554.8576099104,150205.23344411238,6427033.463135442,-111225.3258299468,-10865.999040612465,749883.4824432549
464,30.966036470580967,74.98016886702909,27.60388093343192,-330901.6063293483,2400233.8025475214,16820.61119575263,-3800695.2166820024,-2334156.498120646,-28776.613932829372,-3588741.134843496,-50322.50675095108,5725216.449008373,-74677.43364840836,-4944.810108151657,593108.3864871537
465,30.761803242308982,72.75823245587111,12.937505875722058,-359532.9547471362,939817.6001708691,-323537.3113048347,-1670734.6039684738,-1274375.5093230256,292092.6087441792,-1727822.7927524287,-614571.6285320199,2599141.755403346,-413538.3119895288,84468.99588769111,616791.1730762522
466,31.54055719219656,74.60038862749414,12.937397230858922,-376006.54289979907,1579932.779384721,-1047462.9427419746,-1439526.1839691768,-1186110.0798639804,173223.3794051915,-1669567.9362722638,-861567.884562408,2687599.11457762,-1088559.472993452,-49332.80199836295,40427.0156172204
467,30.762053404261408,72.7585693332641,17.812470346970425,-380136.8230857406,1517500.2413969352,-514037.05698352464,-2336802.0246540764,-2317582.3470531567,184077.67562841927,-2783119.80848277,-630795.329494035,4037241.4993044753,-391268.5539013606,-85887.34088626907,521402.8726184118
468,31.540768823391918,74.6007398748461,17.812298115481557,-311639.6343609649,1901826.238856823,-478498.0314091835,-2221589.000176376,-2211982.630928937,37957.48530056085,-2561851.84635796,-431711.59680485906,4105252.016249494,-420686.5765956491,365.6584448736827,231925.08982739586
469,30.76230453179983,72.75893328659012,22.687417946231946,-281741.65816411795,2000245.1049323117,-233228.9839795176,-2969616.279869164,-2332885.5701670474,129478.73304864297,-2994022.640394944,-377029.98341834097,4856327.08660196,-295881.20625821926,-45704.56630727168,609663.7329718282
470,31.540984881194188,74.60111605936696,22.6872483091799,-258192.59997003525,2119351.1567657976,-103378.53930530138,-2910073.903155631,-2248471.4489521957,11648.647074787665,-2890688.068523671,-171499.7091207784,4819967.795134911,-186980.014866482,-15179.559679463206,427592.3344060915
471,30.7138593260188,72.64413764889115,27.56238535115017,95153.82604007551,2708127.2575776163,386386.00090133725,-3788990.527243698,-2603731.72634314,162344.0034221183,-3230253.8435130254,146097.1537143387,6273823.774317717,-113612.46688853341,-10473.083132313657,746260.3501999357
472,31.58984872491368,74.71660178690718,27.56220652683066,-306380.000133015,2601065.866062503,55428.18543960736,-3951699.205440967,-2500081.711367284,-22053.139353677434,-3699746.889444241,-25281.97381577872,6075142.914629115,-72397.05918058618,-4034.8586805040864,612930.1295050457
473,31.372960264219792,72.4998616763637,12.64583905484688,-361812.6701018439,995665.2713535114,-316130.75708456675,-1732663.7690392972,-1331025.9819814253,283582.4964835466,-1791357.5157079212,-603391.6578020412,2712471.0176770636,-402888.8003828735,68422.24532954722,605776.3875458433
474,32.15746044625665,74.33956752574757,12.645727482605345,-381118.2943987752,1579952.2873685067,-1059030.6146897217,-1468274.8830207284,-1199888.9298105135,172499.59613235982,-1699369.1902455657,-874090.6776908557,2713263.2462164317,-1099178.259948534,-55776.719070841085,56863.771081547784
475,31.373219394398767,72.50021204162678,17.60413626069488,-384688.7939701062,1596592.69420591,-509634.87409982254,-2392058.6026908564,-2410803.3886517067,187567.01713466845,-2853669.0446781716,-633383.7024484613,4189321.7732626144,-396811.21325730986,-88579.15393696024,504891.53248847555
476,32.15768184255597,74.33993216539419,17.603959189934574,-316381.8871797614,1919548.357087265,-477405.3012374777,-2228332.6231338014,-2236899.847362484,44118.224469989225,-2574462.5877875187,-439130.4553724147,4139354.2118299566,-422922.7003639444,-79.48555025567163,234894.6793944227
477,31.37348161448608,72.50059174631774,22.562415655977322,-281082.93900805316,2085400.6636954225,-223428.76861659798,-3028711.6214842023,-2422159.419012298,131479.96902694352,-3056512.9489767826,-373628.7986966897,5011030.703744241,-299840.7125187534,-46810.686408718575,597487.2085446287
478,32.157909182880346,74.34032408748752,22.562241475351783,-260232.98153435136,2129963.3847420015,-103586.8762100999,-2907684.875815553,-2273064.4126599133,19645.414117100874,-2894941.8040027386,-180963.59497719698,4842048.925977486,-187736.22277945024,-15989.888573447153,435855.47479131015
479,31.324687424798007,72.38596389627097,27.520715510678492,108800.63471009443,2809202.00671534,408353.84599334036,-3857824.649592583,-2708747.8866431266,165906.08283070158,-3290407.1533195544,158147.8195126056,6458615.821225722,-116016.63161634003,-10949.237129305908,737785.1441872504
480,32.207142798332356,74.45567110545004,27.520531858757305,-312844.0872744159,2596396.814677453,50594.32390645961,-3937729.9026706195,-2524917.1212214627,-15952.389638036586,-3702229.9061943316,-37841.088454341596,6074218.045958168,-71450.30509270164,-4350.929619289656,627497.4126701084
481,31.823639383369123,72.30602384370295,12.354172718264632,-140032.950494105,3004682.969594376,-196831.8680402023,-3635191.55387513,-3714414.618779904,170341.42948944916,-3907078.5185098806,-337989.27287367126,6912885.942443622,-398515.202261239,55902.87813169358,598147.084550947
482,32.625338873518956,74.13826809043599,12.354060096441014,42729.192093004705,4170110.8843925865,-761793.8646185792,-3032263.6848356845,-3327142.626757459,111151.41391537205,-3126137.0873394166,-394022.1503755715,6971205.4495819975,-1109164.222433717,-41971.95981998768,63157.85494327658
483,31.823905620632967,72.30638410881755,17.39580263386514,16414.551292090677,4606313.283620736,-214406.65153456433,-5098232.632237254,-6291615.212925284,78916.43318083501,-6146842.495016118,-151055.2110157153,10706218.889410095,-393364.7273784758,-97871.38833028256,498418.0124475443
484,32.625567917282595,74.13864286160421,17.395622200359995,144332.39062403142,4963815.1264899345,-120032.79364641407,-4568581.702523303,-5635001.4158631135,-28020.51413201078,-5215367.94614091,68301.26018257908,10135181.409425877,-429939.413359067,-13311.22002270744,241214.54491720715
485,31.824177439121765,72.30677706597503,22.43741429373943,280112.27012374694,5855408.098356621,411586.85329538584,-6533280.154026157,-6255131.366183487,47319.324386443965,-6326279.088880173,301746.53154975106,12571639.779106174,-304181.94115718897,-48147.85759790385,584462.3172056179
486,32.62580496279358,74.13904829805112,22.437236564335297,250845.28438634425,5529544.56763211,477277.4742318189,-5983273.6531455945,-5621565.177737034,-37266.59945355368,-5689808.00637234,409230.65224620514,11538244.680376405,-188727.3090558104,-15840.00585885696,442668.48151752586
487,31.774316951903586,72.19262789610774,27.479046800795366,900605.8614288272,7472469.274266692,1418370.191195807,-8409890.83587227,-6790367.07311341,122200.07397777661,-6909213.923688461,1098847.7539591598,15601811.496620629,-119222.97206656101,-12200.39550315368,726210.6143664637
488,32.67612263961212,74.25394146094888,27.47885943704874,368186.5397347538,6641876.467315409,924839.3984770402,-7864860.908106044,-6051226.839220284,-30660.141208836467,-6793120.727631593,751514.415800653,13976508.717358146,-71564.53993115613,-4950.318882408114,635942.4886386676
489,32.12244068344611,72.17298679469847,12.062506593645267,-144819.2730920366,2903891.5231531775,-168403.93756816245,-3472799.673099583,-3501656.3294068393,181268.76545894766,-3673377.1886129533,-337751.8433274959,6601797.344433427,-393483.8443232912,39926.87078506332,592763.5666096024
490,32.93559194751637,74.00022030962668,12.062394757711697,97396.09931606008,4391702.366269695,-710051.0592376883,-3128930.217552543,-3445128.3777305023,107155.2058131137,-3165351.3488566466,-336351.1439486529,7280749.899153367,-1112564.497363593,-34361.28586708462,77334.91548139467
491,32.122712487555425,72.17335383902048,17.187470136618913,-2389.6976525483187,4465951.77689446,-209172.94870876055,-4874764.498497779,-6044358.968843983,95563.24258462845,-5870410.334066003,-176133.35931944524,10300932.823918601,-395530.7225433384,-98792.36589941815,493935.51348966477
492,32.935826613291226,74.00060218958033,17.187288007167997,208273.20466256724,5274797.053517974,-75161.41905283742,-4712986.688741038,-5932054.968005305,-23806.6398489796,-5379508.402471392,123348.682729079,10664068.558870014,-442621.1799174769,-17609.463312567714,240789.46186509752
493,32.12299245192041,72.17375772155901,22.312414017196854,250363.31994726998,5680064.173725645,386503.51283565373,-6253891.1406900035,-6040558.888213369,59151.91978401259,-6063251.2645353945,262033.55278872984,12118148.718255235,-309223.3697648804,-49125.16098280998,577372.9607642167
494,32.93607166378734,74.0010188224712,22.312233824722696,325408.7860144356,5878818.588603983,547162.6700421028,-6190017.338043805,-5940091.655385624,-34592.10617318807,-5869526.452729539,476288.2677196175,12144628.22967044,-188900.61504473753,-14955.241397566573,449663.28706905316
495,32.07242388724999,72.05993224514086,27.4373788533849,854889.8339866259,7214680.785681338,1363471.9513409527,-8011148.877307107,-6523894.644222668,128325.29836638345,-6569971.243867903,1039426.9884845787,14963586.826392243,-121457.06575645866,-11603.759261804256,724842.3020582546
496,32.98711261137124,74.11560946799017,27.437189036367055,465970.80831498257,7092992.719184024,1028837.0020299044,-8176027.640848324,-6418759.814305587,-26821.962910543378,-7013809.515060548,844340.8309550354,14757269.213634424,-70761.76258271273,-4363.518186802945,644453.2622166984
497,32.42411704641719,72.03872454045582,11.770840382157742,-123001.71633991587,2994461.5011366713,-137335.62039743352,-3513371.5316066006,-3573201.809729256,178517.84961869603,-3701872.4014419997,-308525.7586747494,6744522.324516072,-386815.46347803297,24687.7084748906,574220.4501554933
498,33.24297064782992,73.8633989331381,11.770728917311903,84175.18096043193,4278076.966082252,-700904.6781438412,-3054652.5397820026,-3343481.9056923045,108561.96536417713,-3081780.5188202593,-344021.7504559535,7087149.738175057,-1103628.5643703518,-29452.29383938122,86516.4912980512
499,32.4243943134576,72.03909794568263,16.97913748541729,28280.463259649463,4618630.692259803,-177948.66339524044,-4954272.9154627295,-6222689.758355817,100165.55660494421,-5975038.626481201,-148194.54371545702,10592195.662320869,-396437.65757333994,-101719.20189310129,486404.64153833064
500,33.243210570230865,73.8637875049735,16.978953813599333,192799.6234369052,5194171.525139541,-85647.66598280775,-4607749.62187093,-5837039.572468962,-11297.167679144533,-5275280.754690612,98500.11076103522,10478104.126523215,-456328.3033827301,-21226.526421279734,238458.5744900862
501,32.42468248294957,72.03951281037851,22.187413599383678,290051.12207305967,5877058.140286635,424937.0937774002,-6363891.864997426,-6248523.1689162655,62062.1270830354,-6179768.481634911,297008.73773757525,12474806.100034429,-313467.7180158864,-50734.95289922489,566169.7986931182
502,33.24346368460072,73.86421528138634,22.187231043776816,309323.90219158586,5792454.765828987,534420.928697363,-6064581.278656733,-5876057.328680604,-25297.292031350495,-5773980.232923101,451640.45713914454,11958539.372501891,-190182.03906467964,-15044.771448524942,453179.40735070047
503,32.37376534674573,71.92585788566662,27.39571077210167,914130.5648691512,7476739.602989313,1423573.198005591,-8180132.168201628,-6760084.732628466,129903.25782944624,-6703054.148217102,1093576.0819139013,15423921.432167254,-123770.40382035331,-12287.91145184587,717605.8502978429
504,33.294868557271904,73.97865662742085,27.39551859278763,435732.52705415897,6962963.009662712,1000111.017477337,-8003952.35227196,-6330369.570128438,-20836.946321795203,-6892668.934368258,807464.0195300381,14484011.469032425,-71080.94954658307,-4918.679211725918,650654.8120061676
505,32.72209123423105,71.90386185452726,11.47917444050759,-121291.34116030578,3033986.603015408,-110138.67551577301,-3460763.3163769795,-3567345.7604903514,172709.67217594502,-3642751.8699223036,-288514.3356115244,6733822.791873155,-379794.0839600077,11483.155195886351,552349.5361770225
506,33.552333657688344,73.72338253082656,11.479063045723816,84729.6448492324,4286262.721053564,-675750.3377068699,-3016672.0541123133,-3341574.513603157,99735.06835796975,-3052546.16799295,-320984.794321983,7068772.990510861,-1087593.6041615745,-22786.710047810957,90542.39240301399
507,32.722373972323545,71.90424130181758,16.77080463994992,26363.21842085058,4690256.480262103,-155185.24981983704,-4919377.892716285,-6257698.724026051,95388.11790007011,-5949945.909616849,-134727.7365677201,10646108.095047686,-397643.6273849154,-105399.84376194426,478747.89393582573
508,33.55257865560688,73.7237776543866,16.77061941695154,188821.2197602489,5258421.960294979,-76852.88970584748,-4574840.452771359,-5873081.201919651,-14221.028582958523,-5261537.359401507,103730.9255475463,10528196.724203344,-468274.99253241834,-25915.775233589986,239753.0388630929
509,32.722670363935556,71.90466704497736,22.062413261854672,284415.77969309455,5967195.326835234,441333.7920058251,-6326544.338363704,-6314215.349909267,55089.70795773102,-6167248.902371772,308378.84705722454,12551814.953848694,-317955.10912458086,-52043.58485202448,556161.6384226779
510,33.552839972532794,73.72421654660958,22.062228344280562,302773.4647175076,5870281.999885802,548453.6370425115,-6033978.768635421,-5940505.75067064,-30592.184275652,-5769223.611324766,459243.75746153196,12031488.955509061,-191506.82187319788,-14901.356781904062,457644.62168561545
511,32.671049211364036,71.79134463835936,27.354043010513497,912292.9716279916,7587785.911477734,1444477.4521305887,-8139207.403793963,-6827696.357691253,120434.32170040735,-6673570.898038967,1110697.7606361334,15507429.47263915,-126243.3516215209,-12610.242073480309,711686.7964471815
512,33.60496418646183,73.83834656978888,27.353848444052847,424140.17265840527,7051033.023083017,1015590.1463727904,-7974510.160659701,-6395764.52736838,-27212.555494687633,-6881582.589161298,815350.2453370669,14556995.68593844,-71007.77594014285,-5041.805110869227,657706.1798368972
513,33.02205734548185,71.76582134869807,11.187508286543876,-126843.56053200387,2965406.163959191,-96911.95312518452,-3344705.933407319,-3486769.9095225967,178885.8718418044,-3527787.073642756,-291222.8541632225,6560660.578107977,-375202.10114101815,244.60462655634373,527278.636605368
514,33.857986472975874,73.58274711974282,11.18739693356454,110483.51556748128,4362904.715491676,-642974.0912875414,-3035878.0428022007,-3422329.2403031047,97030.29497116663,-3080420.585988611,-284125.80117470695,7194960.526934931,-1070576.943161387,-15034.873841004437,87551.22547966466
515,33.02234571865066,71.76620678271958,16.56247208215179,15994.262922967784,4617260.456647425,-149927.77949523902,-4805388.549715873,-6154973.744646886,106307.60886697775,-5825158.485350022,-149079.1450929326,10457564.57051811,-399095.92998043617,-108822.91249335921,470336.7366095637
516,33.85823641361294,73.58314876567013,16.562285385474482,220281.00870803138,5409241.042016579,-55479.81476303213,-4642556.145324382,-6044617.828678759,-7832.9614387656575,-5358671.013617014,127086.39949371948,10805626.850084864,-478250.13965805154,-30995.30572143284,244572.7979004582
517,33.022650409161635,71.76664336435397,21.937412979054713,268198.4544303606,5878273.478567272,427694.1750232794,-6184298.234103556,-6239370.770040108,63489.915924417895,-6055702.995256212,284210.6023516428,12345658.500925476,-322940.1823863856,-53446.268843940044,546479.4738847963
518,33.85850596877468,73.58359864184801,21.937225796756742,340815.440210768,6048504.786395905,583725.8331777856,-6133970.105690011,-6139723.758733579,-25890.02977314312,-5880170.18164525,489131.7757738008,12364084.46565591,-192961.17882551366,-14874.272122771243,462301.75840122835
519,32.97068165082839,71.65349370232876,27.3123750415584,889637.0316923235,7457740.487131561,1416040.876729737,-7942183.357689183,-6729527.150779611,124739.93146747157,-6526640.558578818,1077667.3078349417,15212391.646297496,-128842.91646382508,-12815.722743566092,706898.8965289835
520,33.91099345681601,73.69757731021008,27.31217817990233,472160.43266275595,7280409.587710253,1068242.1747670572,-8134456.044829426,-6622213.295587732,-22478.793814982888,-7017691.474529848,857434.5598140063,14981069.109855909,-70758.4576162775,-5025.501958231958,665241.8570895076
521,33.319204738436206,71.62913158638241,10.895842062801801,-85554.24361971335,3141441.449180508,-59434.642645586166,-3392534.9059782894,-3647935.46159954,177831.97768631985,-3584103.905457689,-250805.26717769023,6831361.735550586,-374595.0315456906,-2518.1644713348232,501650.2837367499
522,34.166457832120706,73.44076134062465,10.895730692566593,83133.54231573455,4159968.904209842,-646515.1419053848,-2862488.309493663,-3259967.0514690373,101754.18908349266,-2934849.4431250924,-301508.6217885971,6832945.36953388,-1054270.8413871673,-5017.741461577019,80870.95442396385
523,33.319498898213084,71.62952307859598,16.35413938552919,80007.86487486283,4913871.280442236,-94751.83055076562,-4948073.140336647,-6469753.524182683,107443.33629319519,-6004694.640814191,-87215.7969046914,10991037.752485214,-398441.43060987117,-114363.62272306753,460008.3914770365
524,34.16671270904039,73.4411697616235,16.353951188149935,187706.67835593014,5217012.556582921,-76306.30313701252,-4432088.81035253,-5805448.276490708,6348.330657093181,-5131275.652041623,85959.26005427145,10373729.323789192,-487348.30834291276,-33692.75445154164,247202.25281729235
525,33.31981186915732,71.6299703748475,21.812412588882452,349446.4871284135,6248617.802335808,501857.1159727599,-6380690.601074425,-6584065.130273871,64851.803594285964,-6239447.9411844555,358830.3791656474,12980538.96745579,-326904.0399121327,-54807.224644854425,534872.0129928329
526,34.16699055852815,73.4416305820601,21.81222313270405,305710.91262474936,5843681.049906721,550964.3409846416,-5866118.972394057,-5925295.990517115,-14893.804788591997,-5641082.133729318,443168.149954036,11898270.287291393,-194814.36394971696,-15291.82165547951,465330.99938694155
527,33.26714328674119,71.5171623032761,27.27070695991876,1006946.7730250456,7958906.379420735,1532580.2465972037,-8249129.344931389,-7131501.333020404,125191.04408887957,-6742316.96689829,1188329.7673574889,16052420.59858379,-130746.03251676024,-13260.899873328659,699139.5647244635
528,34.2201937194592,73.55528912184235,27.270507786199403,413391.43572502374,6994194.28980443,1005287.5035474299,-7763394.782613725,-6360248.038961818,-15926.62113100252,-6719949.816850302,788212.217580998,14344610.828346185,-71141.0042646278,-5452.476767478135,672500.4711116392
529,33.76227304650872,71.41848140173364,10.604176043622832,-382461.8113717618,1112643.0479898218,-220031.77161798888,-1562522.503808394,-1371527.0037822162,255235.63294947083,-1640507.4478227133,-537767.1011887119,2688424.014011496,-365582.61817263626,-19346.491315213425,465360.21784082183
530,34.6264869311668,73.22211429443472,10.604062222020707,-350377.55025149015,1625070.859956815,-956897.3416413395,-1367915.592838705,-1229105.3962793825,124545.526856837,-1635372.2668435005,-739837.4780558567,2693005.7129633427,-1026433.4486577426,-17197.48478146473,80137.45076836435
531,33.76257536954198,71.41888184917048,16.145806043929873,-416959.6876519971,1818189.4902727888,-445050.1120594846,-2290632.5810293835,-2541142.979707706,181620.42970277704,-2791429.135749556,-609958.6510909765,4357567.477401839,-410696.90681054525,-107338.80784540421,428836.24829457654
532,34.6267486837759,73.22253271788762,16.145614833017095,-343715.4929740381,2106056.7600100692,-483667.12050115154,-2145519.0879023415,-2368608.5081991265,51137.06706630821,-2560857.907933656,-456249.51556693664,4295781.5700354725,-488062.1675862274,-18963.398349977604,241607.88149333792
533,33.76289849832955,71.4193419537093,21.68741161526827,-325329.6550785105,2348341.207285305,-194174.89933988056,-2921567.742448636,-2622950.969580669,114595.78727454909,-3024345.0368369883,-365543.1649482192,5218724.854652121,-332033.2452961042,-56498.84218526411,523240.31752994267
534,34.62703703520461,73.22300655871858,21.687219011847766,-286013.000130377,2359363.987344905,-73124.70368575573,-2835255.953503937,-2473653.235176163,17339.657614606876,-2882174.137768867,-180228.694829239,5062629.116126875,-195742.96819959907,-16571.556267197564,473953.3022183667
535,33.709179614036444,71.307045893538,27.229038574238743,96730.7069253847,3142933.7222552826,464303.34847098927,-3730263.001904092,-2930430.0680642286,137764.1405413813,-3193551.2791895284,196157.85589646793,6701361.20094472,-133325.40051689508,-13002.622372377302,693049.9806782397
536,34.681309934379925,73.3361779326766,27.2288360534806,-366577.8641269527,2856670.9034395297,86907.2469673839,-3873071.730098367,-2741848.2911174716,-21702.846575989162,-3688063.050976916,-38663.52055346961,6303726.857810346,-70319.95477224873,-4997.845351379902,686058.6218340264
537,34.35974143440483,71.1298719804406,10.312509626540944,-392606.5515995122,1109698.4117604538,-224979.6061642837,-1502148.119297474,-1414826.8757994827,258679.0809483357,-1623055.6939204873,-557208.061958765,2672376.0098759104,-369773.98932281346,-22318.548374641738,422901.88941892807
538,35.22959367703237,72.93080329612116,10.312391792830432,-346309.5891206425,1650504.988556677,-955687.2010330578,-1353669.1009469999,-1317114.7645322185,127881.9127388493,-1685176.93416025,-717632.3411733819,2751317.4737366084,-1010894.9742345223,-10146.957210310804,62507.67430025404
539,34.36005477248081,71.13028509185247,15.937472388439005,-423879.1994960841,1819058.262562024,-447573.46380729985,-2254739.3116819267,-2561636.9829840353,187215.62072135916,-2782794.9797402937,-619637.9924068782,4350038.571405813,-418099.74309049884,-112369.6582900036,402914.3556045583
540,35.229864541229695,72.9312354128557,15.937276786992125,-338102.643061792,2147878.0640582587,-475857.2193658706,-2171083.2647089222,-2456936.1930646147,58085.37018217672,-2616708.8351361495,-454734.3584570452,4405361.395223792,-480513.52781973185,-18708.33349476094,259656.96270453176
541,34.360390123708996,71.13076021665292,21.5624098274402,-328482.9174377704,2335956.0289719114,-198934.3612482096,-2874199.489441426,-2633814.023249409,119021.84125857586,-3000746.135883089,-375592.1667977254,5184877.052966746,-338168.44991367706,-58225.08475900796,505006.50761991134
542,35.23016545532881,72.93172424640966,21.56221336283392,-279270.7666361064,2406117.8201041697,-66893.13234370656,-2861119.315835537,-2554845.686637128,23651.693323400497,-2925462.191570814,-182544.56003742854,5167960.672732599,-195312.6253782556,-17554.128017477953,486685.8046666016
543,34.30633052184181,71.01864698857096,27.18736916195298,101293.23452042998,3116016.4131298545,460043.6065546366,-3661815.445489114,-2940795.8914638855,141478.57728226195,-3151743.0785936844,187004.6755065905,6642091.657292016,-136712.76034945142,-13752.213134716154,681617.0388120462
544,35.284802139669665,73.04474079267433,27.187162477859907,-361154.47677128564,2911797.4273192706,94794.64590735582,-3911846.2928130636,-2835609.5949247843,-13984.1733739978,-3739290.623846442,-43385.31978357049,6428113.540085357,-69625.15222158603,-4745.770549009975,703599.9645979343
545,34.94883998083187,70.84548723041009,10.020842994326728,-380531.0642751648,1214260.2399762645,-215399.97646244877,-1490723.5606949094,-1530070.3884774365,267613.63391263783,-1635153.8497949548,-564823.7717118304,2818306.8207454383,-385679.5317709143,-15230.303738272181,398789.88225502364
546,35.84106829533891,72.63526417699829,10.020722046941152,-346566.70696089655,1575779.749369325,-970528.1451097317,-1237311.8141994725,-1260184.3323769865,134555.5142037372,-1623051.2525476716,-704515.5993588559,2586251.7492052256,-1019556.0039803553,630.7294271702724,47838.889733816526
547,34.94916503295034,70.84591426569445,15.729138340833048,-400439.40828994336,1996469.5020040842,-424222.8473786933,-2301617.410502379,-2751677.3510003337,191092.29863785708,-2871111.452530273,-597863.5469071246,4640782.245772845,-424120.7002797652,-115967.81604271471,378133.4745908367
548,35.84134921212969,72.63571157122372,15.72893824034762,-333459.9777202995,2063833.936915692,-478639.9607219772,-2046021.5671084465,-2355557.6150128604,66242.24209878988,-2491082.7487526885,-459724.2219107678,4202540.969136871,-475360.34921420773,-16594.98184668506,273709.04971135414
549,34.9495127405783,70.84640429341012,21.437407587077175,-294920.94749195105,2536892.7269293964,-162837.63273741375,-2944249.3919748142,-2815297.5388488336,122328.09843869408,-3070763.289839907,-347203.5654332262,5497101.001973163,-342925.78953353845,-58764.73079025787,488866.00890078716
550,35.841662808514215,72.6362156030284,21.43720715719294,-270894.7993821695,2308834.8863962097,-77481.40839940135,-2697859.4437166643,-2443988.981083273,30082.916311184003,-2767865.7005050955,-192727.0375695905,4921051.416689325,-193670.08649152107,-18842.571147086896,499052.4736214706
551,34.89406627037985,70.73500200827944,27.145699293175106,158969.95226524002,3380130.606836003,521185.9576347035,-3773372.102222501,-3154822.3690232313,144188.5880635692,-3224748.6499384223,235805.11205318366,7049230.054621188,-138240.4027362453,-13026.27863120101,672889.4943662076
552,35.89770971998694,72.74854904478973,27.145488428620567,-362551.11508599075,2772119.2703433307,66128.1094246658,-3686567.1374067604,-2702846.691616044,-7674.912154079945,-3541490.950732864,-70973.33771231407,6088160.5531271845,-69495.29161007689,-4900.539760862799,721321.1885688906
553,35.82120739528691,70.39674258062318,9.729177296384101,-347085.24869871925,260862.82918243602,-249715.04069334926,-548538.9724466072,-298801.816724446,301835.70817825955,-706296.0091900429,-383152.95953613415,753511.5085165446,-408935.6564410154,-9248.031348904953,378071.7862480975
554,36.74689246523629,72.16957920753634,9.729050244926443,-368694.3899320425,404843.5108520024,-1091699.8143645804,-446785.54979827965,-160122.47859202794,117695.00023306826,-1116649.9278975425,-569902.7055722672,631001.9400251894,-1042431.6350266556,5509.157225484599,23559.849405691944
555,35.82155046548593,70.3971918735071,15.520804295760065,-354442.080908439,437786.3733519239,-555039.7246402478,-812814.951194475,-704973.7777562734,200848.63136587033,-1039107.756729115,-659857.4498160678,1227269.77434842,-444728.07559160603,-113200.83294781498,337060.6741391268
556,36.74719020032761,72.17005032532042,15.520596846971738,-274799.64277018665,552475.366317824,-605166.8578619123,-755638.4380433034,-563519.0505856008,38843.45669823169,-982042.6398118947,-493835.7451384,1148387.2506360202,-463878.28001766873,-7591.928073970806,289013.54339848814
557,35.82191505027368,70.39770110155506,21.312404941356572,-230119.21081205166,604249.1472406283,-431996.735637077,-1026835.4942748655,-753785.8272183461,113048.3577003135,-1132886.8881922844,-466022.351353631,1541042.4403374149,-352493.24818518455,-60361.959104701236,464361.1626112319
558,36.74752123280011,72.17057399740109,21.31219884482018,-143750.79428931698,621531.0263879056,-293663.4241140709,-1007545.91616722,-646816.0202652945,1668.0329328291928,-1049535.091158409,-248557.18574015432,1482209.0848830808,-188509.97117018065,-20127.633365739308,522796.70006375655
559,35.76439256774712,70.28737430180111,27.10402921158026,134902.88897264085,994617.6768506024,78913.34451255054,-1333119.2492126264,-964468.236002098,119479.11231367158,-1077531.0376802117,-15283.850692604576,2301248.7987086102,-142788.23267866942,-13073.53007330399,654472.1461481537
560,36.805675152956454,72.28186569166952,27.103812398104115,-313362.42320837517,760339.1985662011,-299204.4856545233,-1573607.031943075,-817024.723608102,-48683.95878486399,-1653126.0795676175,-262234.9861186367,2063133.3553895573,-68654.8329814436,-4267.230464910478,747885.737591055
561,36.993569162582894,69.77516752658943,9.437511697145585,-366884.2790809995,266806.3645215367,-260442.14420753065,-518239.72211604577,-291730.68574985565,320045.4279432964,-715288.1125099269,-375458.2237108863,730226.2774538195,-443479.46286467975,2508.9431968874137,367148.7747066732
562,37.9303381149188,71.5422166679335,9.43737620956012,-393223.47096039064,426537.6795166176,-1130362.8623228886,-433274.78447858867,-179146.6284452145,146507.21842622873,-1165134.4964926685,-572996.1595748562,641082.0023008629,-1085812.2732543692,-1505.9826324673866,14689.309422922279
563,36.99393654123517,69.77564780201406,15.312470068085691,-375636.4327247959,431180.09724530706,-579364.7214555043,-767224.6102286697,-714765.170220217,206169.39283875524,-1035981.6612303953,-677281.2518344721,1189441.8561298735,-468622.1124841594,-115090.49179973347,294406.8553416959
564,37.9306597256327,71.54271908273752,15.312252827475128,-267708.9207062359,579646.647921666,-595907.1048310924,-763755.0398291963,-610730.9726431923,47758.26088852036,-1000410.6975805014,-485132.1133388323,1201573.4333036724,-447548.2381880583,-2056.6268313340934,317728.5916708561
565,36.99432291026507,69.77618100640669,21.187401086444382,-235661.23216120544,587780.213887543,-443471.174270918,-973256.1582876442,-754873.9446581227,113502.89726483905,-1107143.162005491,-470852.97884638916,1486643.9483072993,-365095.4581565721,-61808.01165976124,431256.25713510334
566,37.9310128810276,71.54326675581667,21.187187990881622,-132675.0267528901,641407.188026128,-287969.4508534935,-1015572.4602541096,-686101.4307938855,6611.052987001062,-1062635.5322923355,-242471.40851449425,1525869.651226574,-180494.21109762022,-20003.234944347576,554445.8435711956
567,36.936126608052554,69.66623546632457,27.06235761003156,152635.5784376661,970977.548902046,80017.26410170953,-1259961.6782481594,-963156.2631239257,120333.73596306572,-1020811.8084303623,-9312.83535859005,2233755.035230374,-148002.93665174927,-13989.114955407786,628687.702624422
568,37.989879159066,71.65421627275403,27.062133556501777,-308522.1832723022,777793.7672166448,-302842.8530881536,-1583100.1240776253,-862991.9133258256,-38493.92225730971,-1668663.539287878,-271682.3339323391,2106774.6040764065,-66784.46231576978,-1869.2173141181393,785171.7217164111
569,38.16049825557302,69.1566876447388,9.14584513072039,-378758.66267899785,293055.10211810394,-274732.88165196194,-504294.31323238247,-307531.5155443916,334663.718552067,-722521.3117637921,-384202.7267315512,746287.5962824868,-473021.8424206275,9747.014634190235,363186.10550078633
570,39.11921075398342,70.91175072724081,9.14570210027039,-402107.8887660025,407324.7533872734,-1177904.7164535658,-385789.87779121904,-150801.3166064253,170435.01099604866,-1216962.4657086125,-541037.5708982523,585312.1847745699,-1140364.7969126562,-18922.446370510825,22049.238729620447
571,38.160889449787945,69.15719899762892,15.104134126669251,-393578.28555654455,464567.3150982256,-600289.0402193529,-749501.8609413503,-772493.2653465385,212033.9527214305,-1073859.014081762,-685985.262348515,1230544.2657526045,-488286.49183329334,-113892.5817344022,265922.76100962196
572,39.119557531789646,70.91228384470257,15.103907307089045,-244737.2079190942,562820.2836977417,-591827.2986659454,-710513.5387426956,-587678.7060225164,55141.10225016182,-950785.8684003897,-467769.64739397913,1144811.2929070715,-440700.31935117126,2420.5141844182363,335771.6591422962
573,38.16129806082535,69.15775663822234,21.06239535266021,-244896.7325806257,618434.7790271766,-448920.8858256069,-958877.8738636111,-807191.4143904744,115364.4758205638,-1126330.315914992,-472456.1452825275,1523403.6218184633,-374523.2498058581,-61826.60632187292,411594.06702387065
574,39.11993334257411,70.91285604452807,21.06217529876215,-96049.68935911855,612654.8935551365,-282110.37964860525,-950764.8984429997,-659776.0538979734,9389.798670093123,-991721.1747482875,-225801.14450161264,1452017.143797313,-172929.0419883636,-21038.80085761428,580095.5165095169
575,38.10174925516085,69.0485794336922,27.0206840951258,165567.74888974146,1010822.3525890753,91707.46732572204,-1242777.7250876124,-1023151.5257250682,121448.53363872861,-1020766.7879767802,2429.4551010083405,2286434.901680311,-149978.39611211687,-13389.154622858605,616783.5179360067
576,39.18019069302629,71.0230754638815,27.02045310073236,-275331.3322951193,727997.7635483119,-311480.6523750757,-1494877.2373599443,-831968.7150487085,-30812.138850589243,-1579327.5013921624,-276407.01363989845,1996920.2939101777,-66150.68166047153,-1489.8515896148601,815871.2157688255
577,39.30026785933349,68.51542414470316,8.854179822838955,-397693.69971802307,312312.5300550198,-280115.44142357993,-471814.1587729219,-318133.61973423616,323697.57114864385,-709993.5829868149,-388077.098877452,732574.0707776834,-486701.46870558534,8558.06699504772,353697.99098136637
578,40.30255663080898,70.24597163791962,8.854029727848461,-419868.93342781195,423716.1658564806,-1212238.5631283347,-352021.79389776796,-165076.39627847954,179125.5231787185,-1255867.373300686,-530125.1494611711,577601.1920621913,-1180859.3129032042,-30540.14550499588,28966.527295308868
579,39.30068224869963,68.51596443040941,14.895799864084227,-428057.6713135662,484561.83739024017,-623426.7104949248,-701512.2589324279,-811655.618846363,190162.0176252254,-1110709.5318685703,-676604.8909622811,1220391.8784126008,-505410.16282725893,-115010.39727772656,236598.06012384125
580,40.30292950936608,70.24653325725322,14.895563684866326,-262189.57944814663,589515.1494261487,-594682.079003021,-680717.2325060354,-623865.6369088915,43733.07615243903,-970857.6184382511,-451022.9414619497,1154524.0508751816,-439699.04795944906,5656.356068618035,347593.44750322314
581,39.30111374002822,68.5165463496048,20.937391488233633,-285581.3038369075,633041.7468574395,-464877.7571184531,-908046.8500063547,-844404.1537651789,92366.65938502327,-1149366.02083141,-468176.71731785877,1500125.424051347,-387006.3766215998,-62472.158758064776,388489.03599689814
582,40.30332921298162,70.24713001249019,20.937164423794176,-116775.38925777312,634463.5857755597,-281909.8726565525,-926250.2323788123,-693720.4955599773,-7016.092683815037,-1007023.6528274338,-211591.32390255755,1454393.3005912243,-166425.34435045457,-20952.01449854098,606243.0930295051
583,39.23886071071237,68.40892002794905,26.979012437595028,129498.81565930683,1020658.2796160489,87102.95918772381,-1169906.3644091242,-1057525.3714899346,93740.9852287178,-1016981.9862007557,12962.00708844182,2241280.033575395,-155058.86208391056,-13436.617105726356,597787.3183821219
584,40.366330581628176,70.35583595079468,26.97877463288038,-316449.0739934228,737598.4364493738,-323700.2127172998,-1456404.3453048493,-865011.3871509403,-45291.955446121305,-1590874.9161911064,-281824.329993344,1970148.3959231023,-64854.32256467245,-243.74057455955375,846798.6658659778
585,40.4346636063516,67.8391203990844,8.562514964657773,-397005.0038952072,292116.1048252379,-275640.3825501555,-421119.8234058259,-285936.15646774735,327983.6847114934,-700417.7036979466,-345289.65991638,665178.081994202,-493865.42545318714,-816.4679458609656,344763.0303966851
586,41.458589341194816,69.55713615246006,8.562358747263504,-423457.7714229825,438352.345062602,-1233315.1834662538,-331384.2687962032,-195325.7384107743,201998.5587567476,-1289148.290380991,-514942.11019060103,585669.7907449579,-1205375.3367255053,-37367.77235192503,33831.90816946176
587,40.43510068413575,67.83968718994777,14.687467430839007,-420852.56757954916,447555.68787896616,-639718.8484302906,-620412.5735783074,-772905.6920915897,194622.01959719503,-1070404.8996909128,-659179.1405130394,1116568.3120730787,-521005.3755399883,-115699.88599228923,203137.73655761045
588,41.45898806369392,69.55772304606123,14.687222678441987,-257295.7992542354,612079.4918752387,-596371.6877548699,-659944.444102314,-674023.0373090224,58201.67559547658,-986552.2447317874,-443659.0219405972,1188623.271538518,-441740.8904313026,8378.263855191368,354282.38901291817
589,40.4355556858674,67.84029309066194,20.81238932482025,-266693.3138014482,584043.6277075151,-479061.3653326038,-809565.9420428501,-809682.6977458334,94946.9005520498,-1082793.6737458156,-457361.0079657483,1378443.630285027,-401738.66226070997,-63900.01066452831,359140.4046458738
590,41.45941245714517,69.55834348357692,20.812155633423178,-101832.8755215735,657092.9006916375,-276327.7083084802,-912615.615613486,-740905.5125846636,-158.11710806056007,-1009513.1424621729,-202226.29783694114,1490671.7571606976,-161735.12848515925,-19935.25723264069,629326.4579098655
591,40.371970327943686,67.73346828759104,26.937342037200164,171268.2921326361,951512.3892272576,82591.86223824741,-1037695.7123612618,-1016153.4781308587,94249.23798860423,-911844.565162983,32623.218354276596,2084593.890406848,-162137.76702878153,-14236.361120544063,571324.2313074358
592,41.52378721862699,69.66628451305422,26.937097930105423,-305683.4555658952,755451.0309643679,-323538.38794077863,-1441636.5589683764,-922341.9101560699,-34072.29678001152,-1590654.2638342436,-287242.2014329232,2004125.6527248607,-63531.548840066585,2277.8248959818357,876097.065229876
593,41.56395004575744,67.16644768921077,8.270848374520723,-403256.45584056125,317192.6433556606,-280287.31599090644,-394545.97866175196,-315705.17886308394,330244.916066549,-693487.7650784603,-354191.00779426785,681327.6443969214,-502875.64719169063,-6633.619902915786,329523.5545976305
594,42.6197258048125,68.86466312799573,8.270686926246555,-412335.8812845995,402330.5995124611,-1259319.4122533058,-278945.7205929653,-153583.55447542446,218086.91508726176,-1316484.882551908,-467058.640575144,514218.8291016081,-1231929.2468620818,-36897.145073567866,36067.43412422595
595,41.56440842539357,67.16703849940703,14.479132576395626,-420693.8821280209,473663.4868851351,-649226.0921607581,-586208.6088622503,-830719.2527998959,197716.42063608635,-1110351.6274106274,-638346.4502912574,1152441.5902982405,-528143.3068471971,-114759.93686096968,183275.93828383653
596,42.6201492404701,68.86527265355043,14.478879939131186,-225638.53848391253,567221.2522292582,-598465.6911735898,-577854.4458620066,-606884.6051207533,69769.61813050363,-909376.5470270432,-417110.20123527735,1069603.7708340767,-446187.54674561723,10417.544495790122,361919.18760011124
597,41.5648865914179,67.16766765298084,20.687385125717697,-261676.0779032279,607174.5052826216,-484329.75759930373,-776029.0392868844,-868844.8875531293,97705.81332463787,-1104272.1709541646,-444526.4174511218,1409967.2581853764,-409361.8029122762,-64748.68390350821,349323.43841527635
598,42.62059851178798,68.86591579806186,20.68714499679874,-49971.97547049509,604774.6169884227,-271659.4571458789,-814795.6014477315,-676422.0469049693,3525.520092564878,-899082.0358017659,-176277.0652322734,1358502.285406088,-156766.20775040443,-20780.04353399353,649901.216356713
599,41.49933061437454,67.06209853332128,26.895669705126284,197453.95617032208,979389.1949920998,92165.01637054878,-997115.6722272031,-1087456.7195908276,94862.21316385794,-916931.9116364374,56544.51273250211,2129395.5664369054,-163781.55529834089,-13389.095466035567,568895.474923778
600,42.686985284878226,68.97263704307332,26.895419557859583,-252604.0202358523,671793.7746344451,-332121.11926129356,-1310323.9880004153,-850761.215986822,-26245.310442434376,-1451538.7950904923,-283707.1233064068,1822314.5535341976,-62639.83334509586,3090.6720580008237,905026.8009813871
601,42.93537672093765,66.27748694367294,7.979183779242415,-292994.66962192766,56898.5205448442,-244051.6578575981,-147831.96361805315,202529.8124793869,317305.35016997065,-670396.7910961851,30992.07600285177,159256.90815865196,-501935.96921806666,-12829.49270310058,310333.4148358097
602,44.04381175413352,67.94204456105223,7.979016165061718,-293458.1073286786,77295.33389425365,-1263686.0852452165,-84943.9932561905,304118.5382476752,204991.83636125838,-1373599.6374916895,-253155.5824011605,146906.36121320864,-1250397.1964232922,-44903.05690752179,37668.149131077625
603,42.93585987164903,66.27810261877826,14.27080046886321,-212850.2310092195,60991.54286614133,-634439.8171281867,-173614.0317993167,-25175.002156709943,176934.0229997014,-700657.3926908659,-244207.75948007108,158566.6468996723,-537033.5786729552,-113895.4494032069,148566.33614275054
604,44.04426467145085,67.94267730511011,14.270538802858512,37747.76910468181,211853.8322419249,-563938.603343039,-229968.94745366153,100119.89695195941,47159.93057310554,-586830.4890532915,-101560.7991844656,374054.2862413246,-451046.3115150945,12097.280001722937,362538.816668026
605,42.936365205509226,66.27875619325772,20.562383754579294,45106.69340323612,122339.64118478875,-494344.4975220341,-226248.8426390957,-109438.17917415232,74310.82766423572,-515737.57040899317,-145306.5853042419,334145.99277922575,-421804.85552998306,-65571.3942858621,328272.22812354483
606,44.044743956456244,67.9433440793595,20.56213611709277,339217.10995120293,244882.65273043182,-234575.91293431597,-344738.0005948945,-8372.902941617062,-23862.26735252515,-237418.95679545734,-53234.90963694801,640177.7161797241,-155211.10759479692,-21690.58574889443,663241.8142090533
607,42.86754158945051,66.17531017637134,26.854000124576185,525308.5846095842,375764.2441654865,48935.10812277475,-287928.7524025907,-288508.8925447089,61059.69968907243,-134834.31710625847,266143.9664493555,818698.2875547488,-170627.44438250072,-13124.66476988447,548993.7060277779
608,44.11444782995394,68.04798054256432,26.85374284108025,143268.84038932837,223527.6271001531,-336807.761784318,-714674.7866458909,-158566.66939549043,-56113.89591784989,-614315.4132493798,-259692.90292519444,903997.0218797375,-63129.368046688665,3754.2071421922246,927294.6398812995
609,44.57526811295702,65.15540877571785,7.687519608262979,-318427.4159976824,48791.803043345266,-234810.86589237006,-125086.11451226559,233731.72032742787,308627.4094567811,-674558.5544116606,-16113.032554868008,186225.10811982135,-499354.53858034627,-32862.38825248495,298173.3976496057
610,45.70451897459619,66.80610494581754,7.687345883811316,-308602.2072135271,87896.43431549938,-1275326.6175449954,-85665.91413203208,293403.55164192093,227831.76976460512,-1389329.7213618988,-258476.29520555894,151773.62612443455,-1260507.4247700707,-45681.75415478446,39322.60776847218
611,44.575778534083994,65.15604882286654,14.062469827805833,-241462.45954261662,54167.17600409489,-646536.2349002709,-146457.17495725708,19910.677502714843,167398.84538987445,-713110.4483281407,-238083.67745725994,117362.60734660782,-546885.5594357165,-111964.55787836306,103595.22157127813
612,45.70500443011564,66.80675913250147,14.062198992049344,18123.241334561753,239234.63584434544,-568275.925822337,-240865.48797273386,91570.97551533625,61591.8529613933,-592700.8441789456,-113955.70788750015,395738.50342301594,-453790.88512356905,15988.949787066045,372202.4341805107
613,44.576314806406046,65.15672719729635,20.43738358296596,29522.16205465923,115728.70756209224,-509055.6056856478,-196615.121995147,-72283.16496508366,65808.39002910264,-521120.66558446956,-128570.91258921556,285886.84210478875,-436031.34020520735,-66784.96997369747,295138.447536074
614,45.70551778829263,66.80744898312037,20.43712806958496,327248.77595036547,279894.0405522764,-233058.06495075504,-365303.1399950986,-15249.857320726689,-20709.805291901743,-236752.3889943582,-58828.23729971606,669665.3778459613,-152447.13221870724,-18444.102656314124,686107.2774123114
615,44.50621716188615,65.05416767399984,26.812331381208516,548911.2368722681,358758.8454577484,49529.34511667598,-225818.81637273927,-252666.67789459258,52440.098429573736,-99464.98198114634,305318.0849710079,751346.3244568312,-178643.00170191837,-12902.876858480042,518871.71511624637
616,45.77655222095347,66.91123780033072,26.812066528531215,135573.3372447315,248734.10934619285,-339204.0095611303,-722990.7209890819,-177620.32776775685,-45668.33393150142,-619716.9942947319,-260449.89070716477,925270.3220316903,-60101.51082149944,9696.364110108752,962226.4752831117
617,46.212799210529994,64.03541633585692,7.395851705301031,-351698.2815229127,58519.589972845366,-250633.0267427575,-114585.16817840046,238164.36229316285,301889.9454504015,-687160.6547558983,-49668.105269994776,193017.04173306815,-509283.3430372308,-47034.511173772175,276403.6325177246
618,47.367571674336574,65.6680616165377,7.395674236989328,-312549.5486270947,89600.47833935602,-1301833.5609172296,-82771.74434494718,310994.19754564925,243786.81441479764,-1426879.5695957118,-255965.30140113228,158062.2397918761,-1284476.2498541896,-37965.20400863917,35419.20853650686
619,46.21333346103415,64.03607507558365,13.854133289711754,-270904.2246880116,72375.46566859382,-653935.7952785093,-145200.9351616246,24647.850558239687,159921.18183080514,-718884.964354139,-260533.4541534192,126953.86420963104,-550423.555220957,-105568.75090335743,83783.77552068206
620,47.368085694387446,65.66873139508287,13.853855236922808,9811.861057405913,245580.8961993039,-577081.1631061274,-233552.628699476,133516.1249653012,72989.31540897474,-618743.6576301596,-98318.42448180678,395373.6762625491,-466738.60621922417,15543.14553219934,372296.15868134587
621,46.21389909172879,64.03677499938055,20.312378201876083,5178.117307669119,134355.37946509797,-516296.597041438,-203029.8429263119,-73359.2481550735,57342.37708350557,-527014.3360571611,-143266.48235799812,293517.7181464884,-438452.64180220437,-69062.99141884164,292749.9016256837
622,47.36863155863462,65.66944075709674,20.31211569360896,332981.3622136573,291866.50653402327,-226625.48319025105,-359862.8035612368,26158.26524328548,-21151.183166192277,-227971.46034848999,-47913.55566521616,674107.4015711357,-150502.81968430808,-21969.207934127076,694804.1168794939
623,46.14223261883268,63.93536177114924,26.770657964198996,557862.7900087263,370820.24014697614,52767.099896165164,-210872.5000583531,-261875.6987518038,43283.5398937078,-101874.52033484318,336519.13342732826,746805.5169593825,-178423.04510630376,-13707.915133238816,527108.2022561771
624,47.44129008996659,65.77211786964048,26.770386440917903,150640.76658012887,242229.46516787063,-339686.108179085,-692359.0060869072,-141969.74767588894,-37598.325561645644,-566896.2282992938,-275191.96804571827,895272.3199139264,-62038.33818381697,8133.280533765869,977800.3621756476
625,47.66398840605429,62.9746946481941,7.250018473273825,-116235.49155241395,-95282.75420620557,-122655.99520221552,-89794.6691724481,2083.616507000538,280883.3618281454,-413741.31773798325,-96621.04747722672,176188.12425437488,-512328.64703161514,-52509.01055189235,256060.62303645562
626,48.874133853526,64.56659563155624,7.249837380790746,-93448.19391125574,-23398.617404144024,-1188365.8355206414,-39683.998129675456,102519.66741496562,222780.9282563585,-1241577.6846051363,-58146.70417888635,-5488.258052017586,-1300885.4082125584,-34188.593841943475,34128.91565975171
627,47.664541539411154,62.975364955084736,13.749965486229378,-95979.15309688992,-23365.241008221376,-514335.0243303356,-153466.46186215177,-350177.0661600941,135853.38067470558,-700921.1309235414,-200912.1276714382,268153.84015953273,-554976.7184260838,-99027.54435679963,58311.22163166966
628,48.87467100700621,64.5672745839518,13.74968158967635,140391.00277550344,157497.2649933541,-453414.2775038937,-234140.5738227389,-207622.29787661327,72235.09901731096,-517296.1442760265,-67468.39657752938,429238.5311185196,-472747.77268158726,17958.56489283218,378933.03437046637
629,47.665129576365175,62.976077378237655,20.249875729322632,19203.09701967278,128254.52258155818,-446914.6325268683,-264876.69081643573,-432848.85771777265,42062.27407902077,-690962.3358449239,-105127.35740447567,496632.68032376235,-442057.8901641823,-70002.79537441031,282924.37858617713
630,48.87524262721359,64.56799466790983,20.249607704335137,289384.5604319488,274606.9459015047,-170164.47691329927,-421585.44040032494,-303128.3839284087,-11434.310293574275,-400622.89499286516,42585.71531646299,751864.2090965566,-147640.59199281922,-21476.92750296866,708465.2285677746
631,47.5900225702993,62.87722119177013,26.74982147955247,460851.7896914696,449198.6810251992,73953.25587622006,-299420.9635964608,-634666.775465453,23171.83229721078,-430818.12301222584,376388.456349867,1038433.3932552474,-180755.2120762484,-14228.927822516049,523586.17047216895
632,48.95138526735954,64.66813451495119,26.749544511009805,-34977.43651905899,294336.3874875174,-345951.0304327317,-784954.1031435928,-482210.12243067136,-31271.989507509792,-896164.0748098308,-218126.89985267303,1027698.8951982304,-60697.10125354222,9874.972564490194,996960.8327547901
633,48.95651934212418,61.95287587212497,7.250020001840171,-108850.57858861302,-101888.11566679082,-115309.39289689294,-63569.71012767625,56433.6850179569,276527.27897020295,-411843.6448183473,-78791.73542098622,164587.29308703676,-512125.5926570296,-54700.53564798368,258552.5393047233
634,50.1965244347314,63.52207759229742,7.249835362118143,-95504.97899022374,-30663.357197501406,-1197615.9861374297,-19984.150381774474,84029.35493412474,238484.38948897016,-1253105.3766781713,-46404.204495637074,-24274.741151346483,-1313490.974159974,-47697.280004707434,35080.11403426903
635,48.95708699522221,61.95355213489903,13.749967291803623,-79141.49391368663,-46624.03954114404,-519841.9236772833,-112135.79629384053,-270990.1411029897,127812.68271097088,-652049.7966830994,-167330.0893888724,173772.42893985784,-557921.1103566047,-95740.18286289359,37300.29015093485
636,50.19707997567304,63.52275990317685,13.749678884204,148234.7075461047,156920.61703382846,-451983.1690904649,-215202.09760922013,-230868.1419430466,79879.69745759007,-529702.2714526213,-42005.60567162183,424880.0326137113,-472022.97217885905,19842.244305086388,381743.1357386077
637,48.95769074949991,61.95426876695898,20.24987680077536,48600.61044390668,96559.6264832996,-451076.3789328725,-212390.75424174755,-359765.64160370396,36331.57596921363,-635359.3807273154,-68655.73551966142,398098.9742413106,-446297.209832847,-69415.65646247014,266447.88342099515
638,50.19767020675718,63.52348234417884,20.249604905640304,297251.8909421935,274939.40063673037,-169521.91630945692,-399824.11350682506,-321482.74101894855,-8790.624310098221,-405178.07376751525,65703.73836941422,742143.7106675681,-147404.9353771778,-20086.646616481597,712865.0756033587
639,48.880731719486356,61.85683462047983,26.749822282581878,516450.6570560042,394186.16942451324,74866.00634412759,-212388.71878858437,-556223.9489666568,18845.74322867345,-359154.2393131895,443894.4422645943,900762.6298732401,-184735.68272016928,-14538.922366297687,505937.3241888728
640,50.275696040983036,63.62220529715127,26.749541277639068,-28633.818880064762,280745.9200807965,-351097.9462590652,-743016.9298780477,-514591.9193870934,-19548.64721389409,-888090.5092172761,-212647.14067065998,1001751.8048296022,-59497.44974728804,11567.690519405338,1005974.0281432155
641,50.24007289607479,60.93983191865118,7.250018488114681,-102485.57722857484,-110731.70451797565,-129030.01653396127,-51196.11106669259,54712.03674652293,272803.68900791975,-407783.29410470003,-91834.2768386945,157370.27266288266,-524228.25443409086,-44887.54190108005,256753.83156313686
642,51.527880797007,62.468770189442786,7.249832090692097,-85573.34717103581,-48709.43111589283,-1225421.7174342296,-6107.933151874002,156296.46279367717,249338.66303510361,-1296647.998951185,-57422.43629707173,-5634.060472900788,-1339863.7063003539,-48676.11543751599,37489.2915595263
643,50.240652498783945,60.94051095482587,13.749964437083422,-66942.00253719083,-56362.95321248987,-520579.55405000725,-95167.279923824,-285928.7589675829,119702.6221324396,-664629.7337982,-142915.98725364447,163661.21125215673,-553608.1904718583,-93066.50749286526,49339.198242818384
644,51.52845225663555,62.46945211522171,13.749672913597596,171708.81485175923,147624.46255911508,-452045.0157644801,-192034.2190859458,-115329.07423092214,83274.0883265384,-477209.94535901694,-31193.489082645574,375691.6960880568,-474394.8574373089,20997.092888637853,384812.76105391764
645,50.241270180561905,60.941229626201086,20.249873914884873,63425.944020519666,81663.61009310372,-450213.6810795182,-191500.9376679322,-377888.729563761,30381.01533367693,-651888.2433260125,-37679.79358234861,384443.9099424664,-439833.9158985289,-71805.4770197297,284857.99251545
646,51.52905937615363,62.47017445065841,20.249598937981155,336146.60950382607,267067.98838380934,-160402.82550797123,-368554.9662632533,-210672.14717658368,-9471.405239680571,-295202.6991550635,44059.50551949427,693954.9660152333,-143763.48831359352,-21259.366974045697,718212.429654048
647,50.161336419653786,60.84631355247036,26.749819550056444,550293.7472019785,364490.3776332341,76455.35281628168,-168793.28349268882,-586569.2314538334,14326.39340063102,-392828.14862278453,498505.93924384256,885561.6870304364,-179622.01386024442,-15925.381631271212,534341.8264630791
648,51.6100886924925,62.566380723671955,26.74953543713964,21581.68585690779,250062.3515920628,-348749.56382965256,-681187.7357785747,-400032.85441569827,-10671.577366545109,-756840.2861097367,-220984.70123624324,900719.4609652985,-58505.06325365814,11138.912818336994,1017537.6753701634
649,52.062839366555345,59.30352028471775,7.3958552529546076,129703.34070961675,-123832.61668918235,10864.257824349974,-43449.162408052456,698728.3444694115,265115.3617258818,-806718.7068706744,126040.81643135234,697412.872284106,-512398.19712764386,-20935.168439185938,286255.8228173454
650,53.42138176205012,60.770964187760946,7.39566706060656,160415.46535861475,-170674.99169251372,-1123180.6395422232,-31757.147362097545,709624.1286027743,251578.0927273213,-1534760.4709041277,110904.8162312072,290415.48879679834,-1342458.602684401,-81471.44628058693,42368.70070388864
651,52.06342972763729,59.30419440592255,13.854137977087364,233808.77592032167,-77935.95702221949,-381279.1726588841,-108068.63552693573,696491.2268713542,122549.19628175709,-964654.6495319298,255812.72592061068,483435.5698505368,-543154.0189944544,-90694.52446586807,64173.443740495015
652,53.42196999055058,60.77163641898123,13.853843830492355,539703.3119805059,136872.20773342662,-299191.7202847094,-236335.74302366082,721412.5892534523,104679.67281733966,-870935.0801932341,489347.5195158285,758971.360106629,-476295.41666087107,18961.0680784249,354657.88478345337
653,52.06406002074761,59.30490554520789,20.31238148688388,397087.2869354749,102381.69950859254,-337566.9164809607,-224263.8069600304,541102.005668872,46019.66204498492,-725935.0406236729,283591.40824507165,604245.7023417079,-437607.78881978313,-69019.76950747185,296232.50440214237
654,53.42259435571826,60.77234777934453,20.312103906224596,769654.477828368,366036.72305545956,-12352.632238564423,-439422.42915741634,572490.4023008244,22901.691443104377,-491270.08736815763,472341.4423772367,1142267.213636184,-151019.95342658038,-23964.473010370635,690823.1090106973
655,51.9797174655103,59.21382640809988,26.770660444803323,901197.1591373341,405615.65908518154,170150.60569345765,-166860.16735584495,379565.3059811034,18812.998296553476,-122483.01087472853,632320.6994426834,967125.7353480185,-179634.62371645184,-13961.549296356689,540349.9387174239
656,53.50806164026948,60.86470038160363,26.77037345319391,472456.4284751473,398421.65324258816,-218782.76371224807,-734418.9274224977,405719.107796446,15426.349652827083,-585167.3025844361,14303.222493523619,1222959.3980963998,-63492.10458010652,6699.319356824915,993992.4603789125
657,54.46017669193556,57.01319298665634,7.687527143018513,76164.57492164441,-76161.14063750807,48081.41276856878,-111909.9909498271,727238.0408018236,224902.57203976638,-806618.7030786779,125705.51323104308,728998.0369003401,-489737.9231591604,-5132.059930107743,317148.497066745
658,55.84165948199621,58.45939837469869,7.68733890710215,88880.93751701538,-145601.1541615512,-1102877.3143145964,-82108.49293247028,694217.4226104519,261433.6567044266,-1512893.8908945099,112479.70581600841,240816.65411936925,-1318973.6154105605,-92170.4441218033,45667.11921600755
659,54.46077049473987,57.01384861406498,14.062481588267186,79987.96279066306,-1894.5372978829837,-393722.2796528235,-222200.26371111287,737695.2406555703,62565.5959808541,-993348.7548381882,74295.80453410056,603424.096144044,-535734.0553212203,-95798.78611758772,72564.62628449578
660,55.842259141839996,58.46004504675094,14.062187438687019,377435.30470584426,208791.53208520298,-314431.26683749916,-342352.3087324893,713922.6670657824,89904.85654621605,-872953.5170503927,310084.26747572416,834664.8195282165,-472849.9431312544,22610.589090259626,349267.0585611953
661,54.461407854910576,57.014538719756295,20.437393362263908,182556.52886437048,196332.11688327885,-368285.3019945617,-366730.49772683607,584704.4888005756,-10600.833114465075,-774469.4182712922,37219.1290803377,747853.6329440422,-441708.39124128036,-68136.00080309717,288408.305413659
662,55.84289665272787,58.46073002770222,20.437115141836628,555019.5779537265,471083.44077076565,-41181.67848897321,-584795.8226340684,576669.3669851022,-2884.2597145955797,-526555.8466304111,275528.4145625584,1235948.7723033722,-153346.42444105796,-17149.675791102836,695865.8717811777
663,54.37563947587837,56.92476934071151,26.81233939626513,709823.5169152026,513507.5826614797,152451.13705861854,-293230.73076403904,427625.3003307602,-27926.64267956285,-155445.92058018764,507212.59303263045,1024015.5641828576,-183962.04297844178,-13272.369668417728,525829.7264658725
664,55.92981197367555,58.551731561501406,26.8120512974429,261363.2654901324,521916.01201944856,-241628.21619082204,-864902.9572001307,399713.94701648294,9828.428192268417,-670560.5507707088,-111724.69349705733,1323936.305586525,-57089.465344400036,13670.518801687778,1009910.0575283747
665,56.86003624153122,54.720980508560864,7.979189082251148,23306.14323151859,-28808.36631280931,12029.933614201038,-177134.28960294495,721673.2821750137,181188.8763319935,-807578.0472693737,100468.46471838509,713637.2930838988,-489357.33109774406,8176.782646509894,302886.04568293376
666,58.259387265986526,56.149685378714544,7.979006025463589,20659.25425621398,-108830.90523137775,-1136268.4333753178,-139763.8566904933,663299.526946314,257393.5589683625,-1517210.0261347857,75332.7887996773,217437.15298462653,-1332343.8462149068,-92879.05510482057,36384.6714814942
667,56.86062049761855,54.72160299772015,14.270808115066567,-19178.460619877653,97122.58666567584,-396464.64748125564,-343482.56614375283,752102.9039053934,3571.923217932664,-986604.1003469483,-76891.88022465905,744975.4591361496,-527431.0709140309,-95430.77224353426,131474.58759808785
668,58.259983571322756,56.15029222048656,14.270519563026843,202595.7092218044,262699.2329566165,-358437.500587517,-429727.9122900401,707928.5351018013,73840.23298252065,-905227.763927807,125582.12330271931,886503.0822159913,-495125.34584238776,18004.201829526955,320696.9058656019
669,56.86125454162911,54.72226184705693,20.5623886161128,30179.312400260475,319467.6957714476,-369892.6004203891,-523794.8503049129,605903.3646532457,-70991.87727792552,-784928.2710339238,-176384.13138254583,941066.8101677884,-425622.2799677466,-66932.25032360009,343311.868217121
670,58.2606234797687,56.15093992601477,20.562113689426056,311444.6559855024,546013.4843912345,-76450.9655899361,-704514.5284235204,585011.3724715118,-29776.241206359504,-601089.4559327406,73188.91828615664,1308907.7124333845,-160430.98514347413,-23748.340616853464,659381.293680907
671,56.77436849525208,54.6335601084318,26.854002818195656,563139.0253882054,652109.3475405801,151094.67316531754,-443878.26243710495,451047.53200558346,-77019.05713904765,-159534.65714846062,322253.8619879645,1203623.8412545994,-173319.5791227087,-13833.847306947153,582937.186735435
672,58.348660861680855,56.24081533351559,26.85371784658349,5810.224065146671,605559.9125783027,-273224.57634372346,-964412.227531121,402038.7252146521,2773.8799367677375,-820383.9320908182,-220963.56445392242,1379493.0568444664,-63933.642758570815,3088.4679931196083,961843.9955104673
673,58.474096949046015,53.10126025522212,8.270851562584266,213189.99106823394,-702027.9187243929,-14035.679071210587,-7108.222134168643,-172366.9513932266,170452.29830143487,-743930.5036565431,-71347.97100823108,312404.86793740455,-496093.6667055959,-892.0172564449807,312788.79593085975
674,59.9340011286196,54.46683031873792,8.270673381310068,205674.07098630775,-537568.792637036,-1120120.3568283932,94946.00074679767,-118465.97689547173,214815.9647230759,-1181227.2284209242,-517742.266153503,246954.41609530654,-1341864.3478124458,-79796.39202363219,35222.10283935695
675,58.4746693497317,53.1018538412621,14.479135680547238,293269.7675377616,-686483.4197467022,-379405.31966913,48621.271037910876,-672756.8827295648,-9613.361443596452,-1223675.8094661674,147352.48693831507,303704.3506497816,-525794.847831544,-98121.03798657403,174101.49391685618
676,59.934587905914675,54.46740420245729,14.478853316324814,416130.4717065226,-388582.2160539243,-358955.3643404794,-3754.716359111932,-544906.0710645688,48905.9239649186,-919615.8678056903,165693.76397931477,422514.9951384943,-503623.93301219883,17394.30291022666,319872.8221342674
677,58.47529327747824,53.10248390939852,20.687384356670435,351819.6481501644,-500081.82531412883,-397246.9251572543,70523.40854101277,-764478.9520321178,-86081.86914960084,-1214904.477720961,222337.87061987232,447057.5047798697,-415727.4228136245,-66139.74846638028,372143.77705062233
678,59.93522112184368,54.46801844854049,20.687114067285112,463674.04148739995,-203063.90631487503,-138195.01280861654,-100744.17270528793,-623658.643554238,-41896.49631599015,-803335.5941830911,422995.703546883,502755.01300011645,-159536.15724184344,-20888.988927802195,655826.0736863109
679,58.384614921848936,53.017703539943746,26.895666508873248,801558.828513785,-321352.11185427126,28160.849856240908,292853.89310304774,-979172.0342710696,-96464.215855162,-1154994.891060481,570100.0000055549,1093262.457570681,-166515.16254779746,-14297.262751372238,614343.7947867061
680,60.0270393158324,54.55391836023736,26.895386001603455,40559.948653555264,-281555.3590762294,-420045.9261027439,-222608.15394387863,-843429.2060543163,-10525.589068571026,-1217288.1886233287,10787.211700370402,545459.6403975404,-59906.22575411938,4559.816429649792,954675.4741805892
681,59.33263771186785,52.12247441233808,8.562519004665456,212257.85114865308,-630433.0415265069,-8417.06348892764,-33435.10522629274,-46013.951454096255,174905.31618410294,-634346.4526244164,-103785.9159985434,311540.11475617875,-495292.91713054536,10878.564384283547,339085.4308143403
682,60.835232566829006,53.44240439501106,8.56234291127799,196601.7487494939,-601374.5476796645,-1125717.0138883675,98869.8171508171,-121158.0854820094,220229.48206721686,-1192673.1304969543,-577518.321652354,239701.6393307705,-1339793.734770087,-99601.7368243379,37446.552564505284
683,59.3332004945331,52.12304964666973,14.687470822417328,287295.62091217685,-618038.5376521202,-382935.030942069,12611.412486371224,-475147.51574833976,-11629.045231345568,-989965.5161977471,-11971.838682706042,288259.407198441,-525944.0961722507,-99195.46226851667,188428.63195001532
684,60.835810763377324,53.44295775021172,14.687192623642238,412743.4858341509,-452331.38746096945,-367052.31338012364,1611.5987794438925,-559659.8730903148,49666.2685152563,-971856.1554672022,146912.77614323486,418303.16431702464,-497221.5804885831,17076.57819785846,315197.0793317151
685,59.33381160710313,52.123657664528665,20.812387699124837,350317.7701980967,-430028.952972296,-389894.05125441577,29957.7271204815,-573924.0004712087,-84162.85787634083,-985260.8450182315,133902.9388012173,381752.6721883991,-414492.5403923635,-65113.49757176132,376875.5481238574
686,60.83643295303793,53.443547321160935,20.812121427889345,459376.52060028294,-273729.60870324494,-154493.23491954413,-76561.04218695288,-635620.8731960877,-39115.99171751726,-857747.021890031,414186.81466448616,474713.88420303905,-163887.38433727899,-20305.783684127495,640312.1194474411
687,59.2404544343846,52.04171039213323,26.937337644737262,807751.6130101802,-247985.80543172546,41732.30648323661,249474.78779388568,-767001.3544039942,-91548.0184113497,-894394.0497540089,508432.6287810824,987459.5350346179,-167826.03423581575,-15201.594430905907,607085.6427206973
688,60.930910469372684,53.526572472762254,26.937060857879935,37250.405016497825,-385411.44919861294,-440519.6121715609,-167453.5784912867,-873469.9973424085,-2074.2753581463603,-1297368.880859876,16196.134825094136,492492.08968110575,-61519.4054562976,3566.5883900629706,931177.5244529347
689,60.20041423199188,51.13518303772243,8.85418429460831,219323.22524323256,-655978.4047845689,-22734.734071560408,-49489.26847917615,-34162.85485332092,175308.84293224872,-659744.7926941346,-114638.69119495353,314993.5702761911,-502223.56091529375,31939.072705982784,354299.4855917296
690,61.7272256497455,52.426479776871254,8.854010760443003,193443.36329194176,-592743.5118059397,-1133702.6976469257,85162.33827887042,-54190.344752867466,227581.2145867303,-1179453.1294471258,-591746.8331344086,238197.11642061092,-1342887.5022934517,-110338.3948998111,36305.09148578954
691,60.200965531691224,51.13573870862356,14.89580270897195,291480.6618944035,-649949.5909286778,-387568.06349243654,10849.870418130344,-463239.5620559615,-17914.40614495749,-1000220.5142627205,-38615.537269137305,292799.0590051468,-520380.9400549244,-98999.33460279088,217435.44088292978
692,61.72779385057857,52.42701089558822,14.89552950714966,408576.9812109539,-411822.02781801147,-363705.892751834,-15869.090888907718,-457315.78175436234,51974.48356027776,-846182.1755794213,63347.71987273009,415883.51634779957,-488832.83732546703,17109.101973891586,315412.99856847746
693,60.20156231754475,51.13632347986056,20.93738824271391,358601.4515436772,-470689.40112314495,-391111.3083497901,38069.047490638775,-561954.6458003052,-86641.6354260547,-994985.1967050933,101519.45891546518,390266.47986037005,-405464.79199572676,-62866.89268132288,404278.79320126376
694,61.72840313911393,52.42757498932658,20.937126651591907,452035.5048221507,-232088.38245601952,-152102.49862784316,-89834.06396207039,-534730.683269526,-33664.088617823385,-734961.8372421259,333583.82706449035,469222.63391592365,-165442.2886774582,-20559.272454798516,627089.9237939108
695,60.1066797418136,51.05614543710827,26.9790062553423,813726.882234714,-323267.91208368767,28999.55443135515,275623.5177117028,-762507.6815890656,-90288.76407635323,-944504.2523114954,472280.15130629606,991682.6255875808,-161582.24253359385,-13453.876714484748,632171.3548571786
696,61.824383973678216,52.508787737849126,26.978733909581248,39207.728327499906,-341971.51038721175,-431607.44189963513,-171580.278088833,-765240.3193842553,8274.605978780004,-1163809.5069809575,4591.120452628373,424847.1625689823,-62091.06739342195,2632.0705483947404,915441.6301882773
697,61.23209745465439,49.86762668218731,9.145851000781697,166326.65834455157,-243281.7798939452,6689.5288930962415,-133154.28732165694,370189.0589277087,155518.19457244175,-563417.1905008885,192868.36661084992,300283.2312337413,-497732.9989515537,43978.467554520976,369222.2380021893
698,62.79866403087739,51.11070749129242,9.145682633600318,121655.54977234095,-314765.277328167,-1106787.66661212,-16281.701012735399,273482.81014852,237882.67325070236,-1231880.8685697024,-236868.81622969644,168852.29063145237,-1310516.5175758617,-109697.41444748643,33080.54109005639
699,61.232630472539256,49.86815655720991,15.104138631549834,190963.8261822729,-140562.94580612914,-351998.7101018979,-163775.18458049203,174282.44917569164,-30614.19053840861,-455038.6327577726,-120210.85922285785,273651.6622548763,-514914.65975014865,-96069.20080499101,240874.30364652572
700,62.7992159422154,51.11120906779363,15.103873307078945,297763.4017286738,4466.147900987011,-346079.3909677795,-179292.31801647748,83891.84860462484,62581.36090855656,-381605.3069091213,-45588.99634324643,383344.4619142489,-484486.723194186,16379.312737839182,303805.22812796367
701,61.23320898833878,49.86871365493539,21.062393157029298,244002.51629956515,82469.61064330096,-329415.88670212997,-224608.3986320754,53026.91082349829,-92120.20384642307,-344765.69340415124,-75120.15567187389,416942.08931676124,-400412.26540699607,-61459.70621923299,420906.8295741826
702,62.79980842781917,51.111742723994425,21.06213827986332,336160.6781796599,255023.6887380293,-106893.82963231747,-322086.00988530286,-7090.581113885655,-21616.20881460615,-111728.53294383007,-24386.659224577626,620405.7294537794,-170197.20437391344,-20611.488115450724,607547.7694734451
703,61.13582671234774,49.791524988095276,27.0206788242337,746216.2931820586,334022.6840394306,135254.06183455762,-61367.19506565865,-99283.63477259521,-100261.14077601863,74068.47647738198,374315.5477414172,767109.0148372476,-158921.850664675,-12674.595694259764,642296.5232875745
704,62.89826086391176,51.18991453506461,27.020413049791923,-18729.342768876202,241698.09875854515,-333036.39627905365,-454921.727538616,-207266.438721628,17561.436923946116,-472782.92307390337,-255002.4379489626,617717.7207334811,-64381.707731170936,1158.7702913027524,888654.1269201193
705,62.447564013572716,48.29569894220312,9.437518836414627,157035.02260450387,-218931.77413840962,21746.1117388102,-144754.72743106273,387282.1480672395,132796.49391146607,-557557.622555868,206305.38886999222,311101.5938907801,-473339.84407499596,43340.79553236202,372159.0656035315
706,64.0296704336026,49.519195019845164,9.43735822695631,130269.24202029117,-302224.23306691705,-1056510.9016477792,-30566.674353140836,258481.4880005513,226869.0798891148,-1175657.9827887702,-225642.47891369535,172834.5690080596,-1248793.081219444,-93238.83582645498,28458.241943436024
707,62.4480709183927,48.29619540112278,15.312476647527454,168697.68563936796,-94383.46349686051,-339512.9266323856,-182961.89320648057,222593.61617167335,-41272.576517387155,-476731.57190091023,-84552.90559619747,296085.77300722944,-504651.6362626818,-97885.14234420378,263102.95457128185
708,64.03019852208975,49.51966009179207,15.31222198854063,277691.1751818294,12675.198602401415,-350261.33495615935,-177126.81272566188,87075.57767545253,61256.26171635992,-386317.60872985644,-40326.9676937781,366749.6152517062,-484031.4680267226,14150.340225431408,291087.9149916701
709,62.4486262459899,48.29671966023951,21.187400931737102,215451.9161176657,129708.00874718852,-323707.75271285715,-245185.77606370533,103175.4625621505,-101079.88263868737,-351165.6443649002,-75652.77171542568,448270.58823232295,-398383.9833392034,-61039.73211740033,431293.1786329766
710,64.03076985787389,49.52015811899282,21.18715474067431,314862.31726164155,268398.2471794929,-113640.46470615594,-315523.08610377606,-1911.1191642602107,-21272.270412974274,-116665.139034949,-22005.018502498075,608290.2572724256,-174921.83637861256,-18267.981343584106,593182.5546254588
711,62.35025350580749,48.22072619961462,27.062354409681344,712391.6055937399,377757.78877041006,133927.9567991514,-80774.42636025288,-43322.79949577105,-104896.30019377574,103431.60638651568,375489.0039073688,745156.7408694171,-159653.7213247772,-12730.835942107744,643710.6885535675
712,64.13017675662311,49.59707392324091,27.062097328783413,-30296.677559731805,247349.9993399289,-329494.07032427756,-425440.2166580816,-205978.4902076581,23618.156447015215,-452891.449769,-251420.77788385385,591871.4791087734,-63891.740406462355,2057.1363834047193,866305.3271017061
713,63.665132454827315,46.72144627502281,9.729183085926055,141465.0014582588,-189874.08142818895,9812.235850359597,-147253.9868163255,380106.85090520204,114836.53634220378,-534609.5190558967,193033.8974225479,302978.77751377824,-453864.11431747396,33638.29122394434,369621.3963305803
714,65.25857056613239,47.93000197332984,9.729031524292727,118068.66209965761,-258105.744233653,-1029691.0218357828,-43734.09166385986,247499.07244865486,216526.2021058497,-1140745.8800624774,-186545.39519703135,157563.1712897312,-1207360.4313103464,-74390.88694257532,23050.582627954158
715,63.66561102591141,46.721906906122655,15.520808516420406,163660.47581503852,-57563.41270691325,-325209.24662386975,-194412.36314143185,239357.6085511875,-51242.4685402451,-470790.65534224117,-71610.16109704123,323288.6329235379,-491278.11042989255,-95541.11844394785,299133.66449614405
716,65.259071168079,47.93042961087665,15.520565917955675,244758.4701775526,34525.14638866851,-359779.4159644516,-178815.18055237038,104913.9517616094,62728.09990691886,-404186.3472565601,-23382.66010052804,347073.20795885765,-488041.2684981241,11477.85935641576,270009.66571897577
717,63.66614046847944,46.72239656080069,21.312402754738407,208570.88594697378,164512.31378260834,-310332.52632832446,-256395.47865763376,123545.43584521812,-111016.70712801085,-345868.5602077857,-69931.28430426872,478550.51791331195,-387519.64806051855,-59144.733086535605,462592.79037863517
718,65.25961835710014,47.930890273462936,21.31216648563184,273393.72794207884,291037.71079587936,-119961.94905372878,-315954.8618804833,20893.6258109768,-19968.884158455374,-121123.65956875871,-33861.562814985664,599454.7120679739,-179689.57833194395,-19511.484631826617,563628.6520680641
719,63.56703767890791,46.647306431113954,27.104024487357393,695618.6122368777,400799.53077553853,133112.69706790044,-87726.1424230316,-21532.229844274123,-110622.6759411151,107163.60752950444,385541.72863459995,736825.5039162124,-153875.40507031,-11912.125948534844,669827.2023205768
720,65.35971345893469,48.006839097478114,27.103777494304182,-63456.342370577244,268214.06095119455,-324236.3079419467,-408162.65538452665,-181411.96284224055,30260.406367938285,-422292.52216429386,-271535.73152217176,574349.6643251362,-67025.54975310335,-2348.291978608852,823120.4472002138
721,64.54332470781983,45.541238436719,10.020847502223589,158046.36745683663,-1071379.3900534483,-96060.08971102454,-47780.079634085356,-273603.09325938905,102652.40918347146,-1143207.7446840685,-77212.56209453153,211027.1944709642,-447472.2368515596,24409.959310628485,386340.00022179465
722,66.16990539180057,46.70435146935381,10.020702696751284,191363.34700459798,-897140.4557820088,-1062830.68254847,104001.48120136053,-313587.9222004417,166408.13820676637,-1329421.4331430008,-656043.0818546646,216856.72367178477,-1185820.4159463989,-61666.366374349986,21878.53377079624
723,64.54378165020933,45.54167208157035,15.729140341459239,279106.6198955986,-1240076.7847829694,-439837.04403014213,103371.95492293088,-815286.3165079013,-76814.61184816265,-1749233.399554587,14235.41166212459,334190.77897495043,-479876.2893471244,-95927.88911979398,328119.46023727447
724,66.17038363159654,46.704751247928506,15.72890740636138,387174.9851663258,-956414.5577937148,-447473.3294735752,126292.74524083071,-825655.460465239,9247.070068659854,-1571787.4248934945,143782.45865776806,411292.06413476274,-484659.9689640571,8203.204981075985,261625.3542232913
725,64.54428845810816,45.542133866782656,21.437403623468562,393792.3675561959,-1246345.7408791215,-492193.1809935848,254245.5403725363,-913339.7878136216,-142577.1003628134,-1865222.164047929,-35160.48156515915,555636.091296577,-377698.08784268086,-57689.67253480129,484174.18302587286
726,66.17090873803042,46.70518167954013,21.437175883229855,459756.5652719163,-952106.3403753295,-282123.644841713,170790.20504046843,-903201.751526122,-68436.56654401633,-1585468.2573984112,240932.91960499683,570061.9178482887,-181312.34153191966,-18741.24927270274,544464.409558031
727,64.44309460994467,45.46985925653175,27.145693324407322,809213.7231133485,-1391183.7999057202,-183527.76998633042,605297.0416955653,-1119349.5022112925,-138428.343483631,-2129422.8032941846,214899.85687250824,1149025.099642973,-147980.07093578795,-11796.52315041098,686923.842756422
728,66.27305629595332,46.778263209526884,27.145454982849643,73602.93199272588,-1292692.755439137,-585105.0214946163,246822.14414275048,-1146316.1860533454,-14963.10639202987,-2154798.108255862,-4386.088950374515,354989.35226520826,-67823.41850805255,-2578.8463508564064,795711.1718826111
729,65.0987128366392,44.73235613759267,10.312513822648707,157614.89778709767,-967339.6434237396,-89284.41904499091,-66726.49264205381,-178311.3739778597,106306.31418089429,-1003942.657599375,-106042.83874336611,210976.33166110824,-443425.1625129507,26258.30322627748,404660.66196968814
730,66.74710479366183,45.864965942417015,10.312372444949998,177029.25002747137,-941334.6367502284,-1062733.2271631055,100072.02514424974,-306782.55354278587,167585.0631080229,-1339353.0935298682,-690214.953980576,202529.43362458138,-1173608.9824409806,-66529.11902487105,23048.834075956627
731,65.09915473883498,44.7327719845051,15.937473978232916,271649.12993847206,-1113633.4526700205,-426700.9882539681,63404.34774172061,-656610.1393932969,-73832.52513676998,-1511328.0867854513,-57161.89187420534,299804.6676741399,-476952.119990529,-95498.38805537912,341164.4357764396
732,66.74756740764022,45.86534755976401,15.9372473495031,369842.72395420587,-1004304.8876685982,-452537.68226995907,119483.0917214101,-819551.2826697757,10629.725695160207,-1598581.9448186364,121651.27919619017,389930.8196380947,-472714.63462670596,8350.275500594184,263479.6264666242
733,65.09964290789245,44.73321305782937,21.562405898305972,385226.634631881,-1101988.75810046,-467324.4062516558,197178.58640782558,-754158.3637929922,-136908.12355200926,-1606852.0166846488,-73738.53378669369,496504.0207511074,-373769.16372924653,-57399.64994634282,492797.40518548497
734,66.74807401886576,45.86575610884161,21.56218440671797,438041.54928605,-1018390.2064246392,-299278.42864351574,175706.66372790793,-894911.647057714,-64663.406011590676,-1629095.0813780432,207990.55039692618,541477.4451990122,-181817.81845783698,-17932.297807703686,534249.182063421
735,64.99706912075521,44.66282617960856,27.187363584484494,800225.1416530213,-1207553.9021615847,-150807.75998120566,524730.7612793825,-939756.5230618655,-131216.12907876103,-1815888.773488121,190542.9109031127,1067209.342095239,-147083.89473642645,-12870.579973862545,686910.8868197345
736,66.85156847651989,45.93691117200969,27.187131490267152,52615.63237673725,-1397195.3233620687,-606110.2205705165,271150.3216671028,-1148837.3067225146,-9423.291470851163,-2237014.9191242876,-35643.15590056561,321968.1634690053,-68234.92625758075,-1962.8085791419726,776851.6341909165
737,65.65805629875642,43.91861141161357,10.604179243708137,150830.91828833986,-980744.0763393568,-103206.28750873118,-79564.35330425529,-166519.70049497465,109129.66503586347,-1014265.15932161,-125516.69975061198,206662.41351247404,-444837.0079746279,35629.3420247514,416055.089990658
738,67.3203474524873,45.030441156265894,10.604041362477126,173278.3032482883,-899895.2891051961,-1054134.9675684576,84787.40859002943,-245678.72147947692,170653.09652333878,-1259152.8673029111,-720624.2495604889,199025.16343803483,-1163960.982072032,-69883.59919177285,22010.66293952335
739,65.6584827745782,43.91900951226566,16.14580620233375,259464.19890000805,-1133012.1501852367,-431550.1687844007,57627.03203475886,-636451.2520704867,-73166.1231006038,-1509061.2480043953,-80632.95825714884,284596.0861919145,-470341.28945365304,-94540.1029731684,356952.55957068095
740,67.32079440619353,45.03080444088056,16.145586104505274,362783.65450315404,-924549.1610755024,-439035.80437540996,96474.44817150406,-722167.0562623492,14050.824936931209,-1447808.1705220228,73237.81857791918,373769.04099634534,-461766.0338259662,8248.713034182487,264021.5990304156
741,65.65895196243832,43.919429764164654,21.687406823042622,372069.19299328176,-1134617.3364359536,-470539.76008991397,195036.71925360276,-731352.6469722792,-134206.57032241265,-1610043.174328535,-99418.02996135369,476373.3007573025,-365695.9319844238,-55406.63678334161,507451.8900259022
742,67.32128211440065,45.03119136691949,21.687191769799792,427942.2810232242,-929421.1396428632,-286889.9465138102,148234.08046191078,-795860.4810233992,-58447.627091240225,-1470719.5370447899,181466.8490358688,500883.882875472,-181850.0771662083,-18153.024727059666,521712.5333961695
743,65.555492546227,43.85032274036191,27.22903257731053,773522.1199870589,-1275058.3684614832,-168873.80444723903,529321.2133946952,-921559.8128558318,-126433.55291068472,-1858506.8540558347,156057.70331397557,1032039.097820196,-142413.82669985836,-11783.849261874193,695530.9254280862
744,67.42562834674946,45.10102782302247,27.228806949986605,55318.7481696615,-1281707.5099764308,-580070.1509510551,239192.4404462995,-1038890.7993233076,-1802.581078107665,-2045271.9357770798,-28382.68864035288,267195.71165960806,-69237.6002151891,-2366.87575144688,757923.9328403813
745,66.28233122830893,42.959452165450074,10.895845095353398,165956.4618876181,-531868.39413461,-50771.384640797914,-124931.75637626082,122030.34112338573,98187.83075950915,-588938.2493239443,-39569.636093979214,211824.5685301338,-442740.0546056435,41554.84673818066,425594.52870313067
746,67.96860152365315,44.03469288025889,10.895712212428268,166254.6214818766,-572974.8671500115,-999086.1807927003,21801.89850505456,-7457.3001660959035,173103.5997580758,-1024501.0734629467,-573279.2825185987,191973.9295207101,-1136791.7541886359,-67251.18809029262,20582.311469579032
747,66.28273879861241,42.95983025445211,16.354140138777524,263509.87187971076,-543509.2620014206,-351213.5438630275,-61176.73126559416,-169620.64032194755,-82424.39837485093,-652103.9173873931,-255400.38397151537,276291.36737417075,-465938.05894260306,-91987.72493065872,371499.73602728255
748,67.96902933970516,44.03503500472713,16.353928341765183,346029.99811548775,-438813.2175985998,-376836.8433180106,-15754.92559701034,-319325.57931311155,15057.793162662607,-728652.8987489667,-88087.94198970805,347120.7779375523,-452950.02839189436,8343.769647738984,260968.8415913807
749,66.28318650437488,42.960227953039904,21.81240941970975,376068.0582292052,-440874.100479586,-349472.5471552996,-7413.953429108094,-268687.5185170321,-139737.38353797238,-676598.4219474674,-142048.7197526227,404368.55229440914,-359946.3263812621,-54361.63072009905,517067.70466140646
750,67.96949542928084,44.035398319837874,21.81220221292424,413743.67629922286,-331285.4800564416,-191507.54823413276,-28045.33437163487,-392783.42844490573,-55526.70846477256,-663384.3438366598,135421.6558556992,418913.335989609,-182139.10027950787,-17972.67812989533,509835.47025374405
751,66.1782092155773,42.893387345308106,27.2707029484935,813602.4303348822,-402971.44357874524,4533.925497723627,237575.85690529624,-417358.9595281549,-132878.25292267607,-675687.9346984687,178414.0657257164,912438.7812266126,-139136.87680088961,-11479.000580375183,699102.2572008674
752,68.0753211120724,44.10292620374843,27.27048529339121,92179.37905412342,-527754.2575685128,-424220.1180769025,-1383.2112413886766,-605459.8148502532,-546.9426833573638,-1083657.6663352721,92173.83930325849,131688.8304407221,-70151.35092962519,-2501.5257318171352,737174.1564419365
753,66.98352774269327,41.83658366710549,11.187511661509525,157197.62037993976,-485318.0507122758,-46107.34126512869,-134377.27795449484,153348.74843443124,92753.52273824479,-567346.1703882227,-8783.50088167588,201901.89967243376,-432596.73934418405,42206.03200887738,430205.98232119915
754,68.67987788017824,42.89601562305156,11.187385115645183,162629.4960208697,-562118.5939972302,-966208.3042271428,11524.325550861005,-467.3974723154626,169414.9046538192,-991096.32925512,-562279.2791905132,187678.20624213,-1095716.5125500867,-56648.61868604528,19045.368764240597
755,66.9839125076452,41.836938914566325,16.5624748926554,248544.6444775749,-480509.68065442063,-340863.51451830566,-74863.87622997421,-109843.02249033838,-80987.0768974123,-554544.8110922488,-282658.62094418466,264374.88134128205,-458408.65407884575,-92129.61868875365,386812.2548975718
756,68.68028306146012,42.89633417421581,16.5622728802361,332094.0731206479,-432196.87410288723,-376202.5002834183,-15625.192954322267,-300026.82440578827,17058.005827074052,-705529.9713088877,-104096.20696255937,333320.8770057895,-446351.54337273334,6509.641548331489,256489.43124254313
757,66.98433579544574,41.83731206484785,21.937413308789523,358049.3153575341,-378558.5399906537,-336724.95949868497,-24426.272889636624,-207825.03122249423,-137334.99102346585,-579713.7881865881,-162046.2091331358,384525.81318791973,-354901.56488407677,-53841.59684771884,523849.24186711013
758,68.68072502039382,42.896672101641855,21.93721508782993,400118.68179125205,-330722.98597555514,-195274.0440673454,-22783.754283670092,-373971.60709780734,-51823.98184075537,-645513.9023234064,114860.83933771243,404774.71473404585,-182378.85584498456,-17063.682120739846,499580.93249942956
759,66.87870665192645,41.77143724538916,27.31237484396903,783832.9162225391,-335013.42215244763,10104.61799836898,211916.52795434493,-349140.6742299244,-127972.94336929679,-561763.8219474395,152140.5228436007,868547.4111722992,-137460.23062629183,-11751.688495206134,697652.0701380298
760,68.78715931972094,42.963188744260066,27.31216637202897,89412.95545391002,-540001.4239973647,-420736.8775397744,18413.100820552412,-586352.3173466986,4468.927221335131,-1069985.3547282987,86095.89887500824,112564.10977006165,-70342.32337940726,-2249.6873540637243,715276.7850356726
761,67.6848731386133,40.71380794606304,11.479176867749578,147140.47501396475,-461701.377858699,-55711.95816628689,-136462.82368087774,163752.40296225715,88352.62007643237,-555231.4666372725,-5044.422349991144,190003.02797624277,-423919.65521128464,38662.467097398585,432544.64057965076
762,69.39100522399525,41.75724514700331,11.479057043353935,154059.3412612007,-514642.6371663731,-938709.5792813037,1665.7118437929448,17614.859831215796,166511.70768356902,-964175.093140378,-514012.23424325057,178894.45219715178,-1062321.9659513724,-47176.445451153166,17757.643203954052
763,67.6852346724936,40.71414002492368,16.770807353138963,238594.90077833063,-455993.6604937179,-334872.26424956083,-80460.96736148327,-82085.44110052969,-80624.88728034247,-513125.6252853265,-295577.9608158581,256432.56213623675,-449357.3155544599,-89584.11170005887,405979.4432368546
764,69.39138699206553,41.75754013541624,16.77061554421538,313155.7770005177,-384670.8593797844,-372048.66569891025,-24514.104661860612,-253515.96225452353,20823.955274688684,-631963.8621943998,-127094.58687948754,315494.70099571056,-440671.82590273605,5660.876699655026,247141.6532972886
765,67.68563305624794,40.714488693544155,22.06241499400705,346488.0203717525,-361747.34208926675,-327991.7947836818,-27568.690133188233,-180405.02516792656,-135675.11141733942,-540427.718806559,-175655.89932530138,372832.5016306642,-345089.8767951123,-51821.31410295125,537224.2110698707
766,69.3918042193057,41.75785272077372,22.0622261150095,376673.58210624394,-280396.5668833062,-191584.5567185745,-31811.66414275815,-326016.80662782287,-46882.70796240457,-568196.6674453637,92319.26002040844,380569.86592931853,-183163.38304488492,-17048.7159960335,481440.6220146768
767,67.57937042216122,40.64959133530829,27.35404470718602,756781.1310422528,-333747.8457514661,3989.651918856369,207636.679344447,-321166.1557059549,-123668.13133662047,-538234.6134020337,127894.61612875083,837362.9344829256,-132353.8548960606,-10810.056057090182,704192.4036020781
768,69.49882776429723,41.823346873996655,27.353845776908045,78745.82963341994,-479366.13571380253,-403676.9172600874,13718.370977981265,-530980.5875419198,10635.989651817159,-974132.913439,78825.14159669571,91010.54850183406,-72224.1167680989,-3591.5097821240643,683987.5856959883
769,68.27286567230489,39.73198741034003,11.770842041083668,108397.08945614987,-851946.022146361,-122948.66454228907,-125787.03447725887,-41228.50432843055,80760.75719791991,-869413.0426263809,-148348.77615469223,151264.2215485732,-419962.01853244845,35457.910321754134,441736.7248536874
770,70.00135345533336,40.73782243877535,11.770728176986058,145982.59851600972,-812939.1676135474,-955694.3734336926,31051.619898079534,-159781.86404272338,144891.76442084782,-1075115.5589508389,-712366.5532983923,164831.16971800043,-1034591.4505566689,-39608.3113824672,16590.959415423622
771,68.27320669993179,39.73229957750693,16.979140188827152,223142.52513441077,-1001504.7527131644,-409336.5972887001,-1711.6732508592256,-410924.88660753,-95025.00741154261,-1213309.619155196,-214896.71787523077,240507.51216297262,-440550.67387000716,-87917.85642560554,420811.39647426666
772,70.00171395377201,40.738097040452345,16.978957681126907,318442.7476308973,-849804.7119374734,-429870.8950982322,57898.79259221978,-550785.0074193121,-5303.452091211193,-1230575.9871392664,-54089.84694143771,323432.9746758961,-431451.98203524796,4326.706993806751,244020.5695338794
773,68.27358218938784,39.7326267334495,22.18741665141766,351277.8768651821,-1046189.7263729093,-435517.56870868977,131528.66052805117,-509319.03673384857,-150457.74473042687,-1335666.2729271888,-214560.9953964678,419797.85010723973,-335583.2840449648,-50511.75306468843,546398.760080828
774,70.00210790252466,40.73838721104432,22.18723644976027,395488.3203733236,-891220.6185594886,-291146.0014449285,121630.969949439,-625895.3051128291,-70776.28575156347,-1287821.8539506681,57352.042655052974,443591.5116645221,-183390.26584311272,-16763.323267557513,466366.50909047195
775,68.16590217396146,39.670059991038556,27.39571426500499,719337.2661357536,-1217861.392825455,-173463.60111355194,431507.6950236958,-670704.2714094486,-135716.9871195692,-1593369.2794208257,26899.99942357482,894481.552193997,-127278.71639326581,-10757.770674908128,707456.3434646563
776,70.11050779591493,40.801511050747095,27.39552415231395,85279.65602796158,-1258008.8321274125,-544545.784645681,234216.9760911495,-844403.5972649216,-12202.540301560439,-1836524.5633972608,-86156.03605736622,205405.63870949452,-73541.10373153881,-3745.228460168995,658141.5163717137
777,68.75868367698386,38.872320199194846,12.062507977310295,103736.303981186,-766187.7099941185,-119748.76831148133,-136083.26831731285,13346.429808109024,81073.25701867964,-787956.6532483554,-141675.6458455469,147432.1247694888,-415875.527359501,35041.50494555776,451001.8375831612
778,70.49974461082272,39.85654830768568,12.062398836024032,135245.18291084885,-813474.7578483322,-938905.0211660222,21250.426553850153,-147629.43388525167,144593.0649564385,-1051484.1497660049,-720022.1574104648,154371.71107296497,-1009403.9746942078,-34326.0884095959,15816.926225932391
779,68.75900647340859,38.87261552319298,17.187473511582375,212821.11075038867,-896769.8129342202,-393528.8025646492,-22747.662251215177,-318180.2500508735,-93762.09306235709,-1053784.4617969177,-251331.78664238122,227638.7436908179,-434490.83487959014,-87230.38917986472,430051.29593279643
780,70.50008648479496,39.85680579138852,17.18729892679302,302469.9673348463,-850389.6594555753,-427063.77290953754,49274.754522754054,-527881.4301009277,-5413.2938666439195,-1208407.4950120877,-72726.99386247406,306151.0238442953,-418165.24030383246,4008.4593554030785,249347.40729918872
781,68.75936100494573,38.872923901873214,22.31241890254051,337121.9460875391,-921500.3347348586,-410286.48268955806,97194.67371036112,-416765.99894740246,-144802.86096687595,-1154934.8093819192,-230226.57251130816,390496.5105563496,-328263.69443359756,-49793.25656689556,551771.70517434
782,70.50045917282644,39.857076947872734,22.31224624944716,374315.8743492669,-903167.3404280094,-297718.1707786949,119887.12227056547,-601744.2998259362,-67501.38730669541,-1276751.3242387355,31331.803203920233,418849.8841773775,-182551.16424938873,-15924.07946894009,457821.2485940306
783,68.65087674406261,38.81169047190044,27.437384567879263,697426.3239548936,-1056937.15157708,-147325.7167924492,376567.6062872629,-566094.3597644159,-128508.21605397893,-1368352.356543135,18876.695435863523,842639.1166926359,-124395.39315236881,-10864.288283019125,707254.6343595026
784,70.60962600419666,39.91883321310339,27.43720206253592,70440.3629060929,-1285844.6185032828,-547460.6693784918,240739.25593718264,-822675.219609294,-8272.959571129475,-1838932.9744154434,-108834.02838942516,184902.07782918646,-73308.78984411966,-2733.4552328788627,640492.6173115368
785,69.24331278380734,38.0155682477227,12.354173097724187,90253.51526541385,-768153.1699428412,-135717.45191278902,-149125.81854413386,29405.475909973804,79110.58985771383,-796038.0332851515,-152866.78731037665,135287.71400531172,-415048.74677804037,37269.66711331599,452126.0033995627
786,70.99932444013689,38.972357109579576,12.354068772606304,128613.62131219008,-743991.4115623555,-914807.9525592909,-380.5271490484905,-96475.51050256014,143521.6837354044,-973927.8266998928,-704452.6104325397,148194.69432297588,-983895.270008029,-31174.858415644776,11986.420750881089
787,69.24361696919351,38.015846797300554,17.39580570519572,192942.60789384053,-899350.1072643314,-394121.7967899563,-30668.460152805732,-290258.6405731886,-93089.52777474758,-1035146.3717973686,-272937.76054170565,207554.8361786273,-424225.41824544885,-85600.99696857785,436912.29389192036
788,70.99964727047973,38.9725972154476,17.39563928196106,287735.5141411267,-740097.5576487402,-408837.90845412895,22366.86048665614,-437984.2018162841,-3676.1838392742425,-1042923.428748879,-106839.38795161522,288562.8647387523,-405252.5682352189,3191.9545375261023,251888.78885350312
789,69.24395074271007,38.01613662950108,22.437420116789344,312532.68283795274,-925704.2002037255,-408191.778589106,86857.21251435383,-389051.13114835153,-139695.00595338552,-1134269.3511495423,-247786.95006932493,360693.0052639885,-317198.09456651815,-47975.740682476106,557402.5309262056
790,70.99999858765807,38.97284984966309,22.437255162836642,352826.23480156134,-772845.0535159876,-279552.19016104704,84513.11998762586,-509876.931460289,-61173.090597885945,-1093661.4830005895,12797.625365028429,381292.84876008757,-183039.66235534384,-16422.673691634194,441886.60601763695
791,69.13451389137661,37.95660150842766,27.479053890987093,654119.5308074947,-1083446.232243959,-161327.4428676094,363479.95298904116,-541413.489799633,-121865.85115964303,-1372804.3248972476,-7345.876328972119,789496.0569221459,-119401.80064875846,-10362.813881629112,706375.3283087743
792,71.11008103264321,39.03287461068317,27.478879138107843,64280.05410848546,-1107301.0309891277,-508582.02749946644,191933.00291764454,-718045.9495097128,-2109.242194798773,-1601052.1708902414,-96060.22036787203,145509.3868780059,-75363.11418032751,-3440.6328196002105,615789.8831589883
793,69.85088814296182,36.85748526403672,12.645838559657,90432.54283377933,-180093.38209875333,-61289.45207252454,-178751.18967629917,306179.1185588285,60331.867273664735,-487027.34430703364,99577.98870146966,236499.0642680653,-404233.6830274673,30973.710161895466,444607.99443416344
794,71.63040650514931,37.77015220077558,12.64574190043663,101307.44635290705,-289069.63011037407,-818752.8028764528,-65212.06479670873,121610.31630270641,145566.95852002292,-870470.6190401749,-265088.55845994776,129044.19086620327,-925213.474848985,-13788.945493749807,9535.462414298867
795,69.85116654484015,36.857742649474936,17.604140031820517,145604.70661666195,-89450.10563232837,-276625.03187365964,-160708.50715194628,169408.36559917213,-94033.7581733482,-376578.82426208584,-120017.08680358267,276125.48017634253,-412873.5553077982,-84108.97411640018,442022.45700592035
796,71.63070293446239,37.770370334975254,17.603985125220277,208589.38814719868,-74367.43599295303,-326098.6801966375,-105832.00696127336,-42341.37936123876,10908.432420687888,-333109.98974104936,-103551.55689251318,244784.81859117062,-393582.0780983193,1305.696613196455,253267.660904313
797,69.8514746498023,36.8580107141902,22.56242384059235,233676.13565102895,62925.48816685751,-243984.68134177884,-159300.43839813155,75098.2155774508,-131170.93624196408,-281428.3827461034,-32403.985858308377,366449.3110805192,-307402.9033506996,-47500.87235418541,557596.3978256405
798,71.6310275796769,37.77060137728513,22.562269176895093,244930.5279645502,65025.53047792981,-158508.41826804102,-132800.32006024342,-104114.51127605853,-41405.161075010314,-217328.18395269595,53057.89703602062,315717.92709111434,-183520.526876168,-15990.766067497198,429741.53062131617
799,69.74054656203107,36.80121374407311,27.52072549767142,610478.1999347031,190729.83068279564,73195.38448048744,-1736.46410080101,-26192.947362563613,-115921.25755957288,44623.42533367035,195329.01596227518,634450.9738020406,-115156.07412050792,-10297.55260216957,702915.7172554287
800,71.74255599845984,37.827849043989055,27.520561168558345,13602.847640273276,-24989.832753035167,-302162.9862733992,-114826.51524915214,-272104.49676879117,12571.656135773197,-474108.7791391334,-40574.56638596365,201133.37413893573,-75384.20454903823,-3070.5457179792766,593819.5083808312
801,70.59316327674449,35.37600993193505,12.937504791331325,69029.73732608875,-149805.0060572039,-56260.81783740889,-170926.510977801,300409.824224122,37427.73464251962,-453481.675877676,67716.08723138535,248729.5020777667,-370056.5771443851,11353.11195972646,424919.4027808974
802,72.38123689665305,36.271994710193624,12.937418200372582,96693.00206274074,-241583.11383106778,-744585.4311718262,-75191.67651183755,109433.59537794546,122512.86143056791,-788137.9438509498,-225456.00055942097,124118.40147021749,-834377.7440321583,-4283.283002098805,27429.126998758966
803,70.59340873709829,35.3762413006115,17.81247559101557,117008.54632829888,-35584.20684424592,-257493.5438818803,-159858.96364660872,192182.6674483443,-90889.60826916798,-368454.903624675,-88867.93746338818,281253.63669023593,-390125.82906562387,-85834.47965556302,446388.2783908284
804,72.38150000669994,36.272187446909584,17.812335005328507,183089.5237595944,-55524.61495681162,-326371.12163214304,-98067.00738340915,-30462.279711967054,10521.565395680553,-329755.2436437707,-88021.58240539013,218970.61321980058,-387453.80208819394,-3713.805318398499,246104.82924153592
805,70.5936863445419,35.37648441484339,22.687429521701457,200333.06140234545,115123.65325420856,-230398.550370082,-165060.01586249427,103037.18555735814,-124399.9512950212,-273801.12002414896,-12647.000620751796,371506.284931373,-295611.949420719,-48117.117918163,555227.3207230151
806,72.38179359763316,36.27239434936542,22.687287200797783,221479.23875112276,77793.97777386781,-163742.52801178605,-124373.16688547061,-89648.23433442843,-37855.14442077255,-207672.42305641272,49594.27423831299,293608.8373313043,-186095.25481620483,-15693.597537042393,413645.9804281355
807,70.48219733186991,35.32070755173712,27.562399297992904,554280.832895951,246315.007517019,69262.1804754477,-19499.352855855675,7649.236496144621,-109053.66773474733,45812.723274096374,245088.05312884,578957.2444854812,-112002.06191459762,-11571.231114843464,693761.9658301977
808,72.49382978583574,36.32857774853608,27.562247563926714,7924.126966040072,-14083.250422604608,-289448.49574474356,-98416.05710824612,-253388.6132663839,14539.50243924533,-443417.83687760925,-37234.59301386397,185044.81069016524,-75392.62087864928,-3631.9312369118584,564625.189628799
809,71.3383234690445,33.88898968056114,13.22917033633495,47019.8891434198,-96742.31847366068,-58186.97256785174,-147696.10405887937,282781.6619778339,28870.654157219255,-398365.7675999159,46983.13385435737,243473.23184746597,-331096.8011687573,-7218.606471812379,418586.8211386113
810,73.12917885752151,34.7793786256689,13.229094733107202,81387.61076459497,-174213.44644944245,-686381.2882081002,-63288.458759037676,81516.04028186142,114154.95466251428,-717907.5022659273,-168828.73886536824,107529.1172383478,-767510.472976004,-585.1111589614874,52934.66169151916
811,71.33853797840968,33.88919573993524,18.0208092924967,103894.52907620094,8466.314727742152,-238909.22700760973,-153208.29240991018,197329.16601271744,-86718.86747425051,-348118.26419601805,-65388.161387994995,286958.0423803463,-364229.54009797197,-83213.38155346482,461776.1440966916
812,73.129409940032,34.77954844650428,18.02068291837137,158433.2226121957,-40231.47899167619,-335008.7186340513,-83570.32409179378,-22883.914776163896,12852.04560912669,-336861.0894254063,-69615.3473705544,189669.4617824288,-391761.84609979915,-7701.083605058407,225046.64547116344
813,71.33878623907867,33.88941484577022,22.812433048848753,185993.11471561436,148469.5163712192,-215459.20897090496,-160457.24075023417,112732.37872288641,-117974.09541647029,-260697.64066938986,5791.297211353211,373909.76557396527,-278820.7128219712,-45704.6403077893,563918.3972664431
814,73.1296736878653,34.77973233751254,22.812302777282625,198038.93058769612,87975.02790395275,-168175.7044559065,-110298.56677243706,-74506.35178518711,-33989.329299910336,-198629.76282480636,49936.2817830912,266531.73507745744,-189770.07627271756,-14694.120181490849,385320.1566065704
815,71.22709780965633,33.83396595917109,27.604070941380613,517390.2983286921,270099.98255854315,63313.06726845252,-22097.041406700482,20489.73374768529,-103429.45026991636,39836.35970473184,268651.25869813265,542315.7297528234,-105134.13378145634,-10077.5320954122,695293.3858914427
816,73.24185769087973,34.83554590413124,27.603931673257808,2541.132557552095,-3186.141749318318,-275207.39289689023,-78956.25098843999,-232908.48353662135,16802.64879614462,-410431.96215635363,-32136.207428163812,166715.767495861,-77377.31492711134,-4544.167071999996,520845.9834072349
817,71.7725460354188,33.00930097758309,13.520835794783098,-517053.46316023235,-3357717.4442924154,-666125.1779863623,-140884.72683928467,-785624.6921525896,33551.57966707434,-3575540.9170539416,-557664.4679699969,-407690.7004150744,-319282.46719310863,-7357.177333079876,437635.67853934446
818,73.57956870219088,33.865855931693005,13.52076653132317,-233709.4804687692,-2408100.094678257,-1063684.752155169,79523.66364267493,-691131.0100466365,64697.08726154666,-2703934.0855583176,-773281.5334438971,-228278.70829998076,-753514.3135416118,2876.4911723061355,80252.20292302941
819,71.77274348916002,33.009492255837614,18.229142148871645,-602695.3309288413,-4559496.862901935,-1080892.9601652813,206607.72484429556,-1681070.351447801,-106931.74185518302,-5244063.772362214,-701492.7924806335,-297528.5891532103,-335021.0119765954,-84275.00229198221,482779.62045435497
820,73.57978115659618,33.866012729699605,18.22902402956855,-259520.6713531043,-3433188.9758707555,-938012.696631726,287306.8147956572,-1472317.4290229206,-49260.570677345095,-4130322.3013980575,-415463.09965642734,-84936.94280110141,-391073.64384861087,-16029.455565961967,218234.46020155668
821,71.77297340412736,33.00969617966061,22.937434335575876,-668794.5495971328,-5598479.295388157,-1397098.3767278374,650757.8342900735,-1881251.1121880515,-148673.52851493558,-6371911.363478286,-1017073.4780057013,-275387.3802291393,-263400.14768424537,-43947.98735746933,567305.9877742829
822,73.58002557414073,33.86618197923098,22.93731151882537,-331844.6353303677,-4336289.180331732,-1054278.1401297508,583902.2676821176,-1651842.7448293427,-92993.1491353406,-5077314.388518617,-634140.1458223198,-10957.421450915679,-193164.55339978985,-15472.100937912193,356420.4002313269
823,71.66025824451806,32.95634805594755,27.645739857771346,-732458.9105420785,-7142401.501397896,-1621829.3902960585,1263757.6510529388,-2206962.8768258155,-125137.99560089942,-8097129.492415806,-1249639.865709067,-149920.44411115715,-101679.74521128011,-13899.262038781711,679513.8142529209
824,73.69320263451098,33.919867991757485,27.645608358925738,-770937.9353003345,-5598191.7005131515,-1503430.5114725607,968585.7562087151,-1949625.6371412685,-37344.4668249776,-6515098.725828825,-1070982.516715608,-286478.90474161506,-83601.87964154944,-8612.805487091993,476475.2356182273
825,71.90391665786804,32.7200280367549,13.812501786243756,-430179.0228132803,-2937839.0685790293,-597271.5646078828,-149261.2500762601,-616259.0520155971,33374.26011320868,-3097211.98790527,-503032.13766294863,-365045.53043197497,-317521.837852003,-13256.359179212584,448737.8737556757
826,73.72432461170253,33.548344396838516,13.81243273708921,-301632.52119716414,-2679456.440355933,-1129002.9806657752,67933.71842277309,-720246.6593191837,62943.80851246717,-2965196.5998501834,-848126.3813593339,-296768.96100935567,-758645.2957173564,-2482.745452886535,78926.75787317005
827,71.90410872449124,32.72021394903299,18.437474522283257,-479168.4230167597,-3921272.4577761544,-960455.1126041997,135094.61730856998,-1364270.5490186303,-104017.30260165261,-4455981.443294363,-600539.7962210422,-304374.75388170703,-336112.93216986896,-81518.48944010198,490651.377310992
828,73.72453073871634,33.54849653155486,18.43735840969244,-344993.5368015887,-3747582.7656995216,-995888.5948080865,274755.34842789464,-1542934.5632452178,-51158.51023844011,-4451883.66775596,-477687.47729638533,-158893.75225685272,-377013.43249280925,-14064.288925369741,226290.34802619793
829,71.90433045392732,32.720410812392366,23.062434444494578,-507040.5009988749,-4749156.204153138,-1211400.5882979198,505425.1605385893,-1538256.11483868,-141172.6104837685,-5361632.443165153,-872056.7685044223,-233908.08178035673,-258684.2387273878,-41732.943151038,581503.9858670203
830,73.72476613937272,33.5486592620962,23.062314322540455,-441631.3653621627,-4705713.962109579,-1141292.75800087,585190.5579622665,-1723580.8032928936,-92268.4755821733,-5454471.150251253,-721667.6440602085,-112499.29116115469,-190221.18804521143,-13506.987429590728,358154.3352853685
831,71.7907708006204,32.66882075927911,27.687407594023455,-490446.62874841806,-5915432.354584564,-1334364.0988878126,1017655.161751444,-1795110.2128627247,-118370.32800417955,-6673671.220350893,-1008069.3227788629,-58502.53909103829,-96655.86700976567,-9887.879059140258,702242.6771840423
832,73.83877081738605,33.600574242374456,27.687278855867504,-919645.1729541827,-6110690.647039132,-1630203.8909377893,996136.4345586859,-2056170.5100990068,-36678.081860637634,-7048412.263843182,-1197981.9223726664,-414145.52471525845,-78564.26873698794,-4258.850600615369,481131.49051938223
833,72.0394266267638,32.42234081427104,14.10416766659657,-463175.18456762773,-3081439.512538297,-633503.3347058581,-160782.34413155916,-642480.8701509878,31857.031966734445,-3247739.829488019,-535211.9501212506,-395166.2522025143,-314577.32285160985,-9845.748401173307,459994.925441138
834,73.86494094502189,33.23924634636769,14.104098532633301,-280280.078849708,-2580734.5102726463,-1112894.2929037597,59021.86520411203,-655352.4839302844,59711.89117791621,-2833036.949013571,-864935.9168233861,-275936.0161891581,-755027.2033131374,-5547.715881528406,81987.63121145491
835,72.03961316811355,32.42252137920649,18.64580684211924,-518960.76558855525,-4063275.933125614,-991132.4323995478,133374.21274093565,-1383343.8538587906,-104482.54803691244,-4596227.199533091,-636656.1431256131,-340485.7884550128,-330213.6056238154,-81100.15276563319,492301.9560729596
836,73.86514096436659,33.239393909001066,18.645692676882362,-304536.13486375613,-3531611.7989454004,-944214.2946856495,249727.29863385254,-1424585.6825878406,-51404.13427898538,-4173407.315069018,-451700.2463165698,-155254.6671092177,-364238.6056442289,-12386.499703114288,229593.60668887018
837,72.03982674638489,32.42271118124999,23.187434515923034,-554227.9838285368,-4891490.962980298,-1242445.9627974958,502615.98711235716,-1550455.607189324,-138648.0695347454,-5497790.265774669,-907315.6463001118,-283058.9975315482,-251905.97769434066,-41626.76530255473,581033.6989624446
838,73.86536765836462,33.23955039846612,23.187316959083795,-387370.8180029517,-4398364.714132447,-1074147.443809038,535488.1915965995,-1585431.365465515,-89555.80757066187,-5079272.751335891,-675343.8093122006,-105266.41529634564,-189821.12155664028,-14282.347456923302,350545.331603086
839,71.92593994754128,32.37182742776727,27.72907526778885,-559986.001635464,-6109736.885040208,-1384217.3181361784,1020795.0486816855,-1821166.9362047093,-115110.16778070696,-6867695.665317755,-1058707.218194764,-127537.32129933048,-95086.12084173448,-11797.94501462794,694470.6556522751
840,73.97968283580245,33.29074637450365,27.72894914996765,-831179.3632077532,-5657295.976142335,-1522613.964855927,911684.3858973366,-1896213.41330157,-33627.78196726597,-6519013.2481641965,-1106163.065482674,-385912.99055914336,-79704.9277070797,-5184.230556524777,469623.12106972124
841,72.23699771027502,31.97328686190097,14.395833551557875,-51747.8799264814,-1081161.272684553,-256528.28450996912,-128354.90205739389,-42508.94549613002,26135.106649371235,-1098732.6646318072,-259054.34519506598,-31650.427294130757,-309092.6190791171,-8734.224573749081,468816.11070905894
842,74.07011713799419,32.77305389407627,14.395765927044955,20962.909637292672,-1052788.5190562403,-815414.2085406356,10397.125146241215,-191235.11784439863,69465.2405723179,-1160736.894604369,-713223.7247296486,26720.80137443427,-745363.9025838702,-9054.062848578522,81950.8678867755
843,72.23717628691676,31.973460641597523,18.854140024306858,22881.863750498393,-1362034.571882998,-458669.5025607381,-15568.1446987271,-346941.7313271062,-100012.48710363607,-1481370.5987389437,-361617.8712041739,45166.259249880284,-329903.7089342645,-78325.10902518863,492554.33509815874
844,74.07030851976006,32.773195464943164,18.854029367242454,120292.7856845578,-1314451.0524498196,-510243.96726885415,76410.7774661613,-535855.2133235494,-38790.67621097617,-1583823.597227801,-254971.5016989504,134392.86489263488,-355994.8735982625,-8393.987514237757,226768.89590337797
845,72.23737968766129,31.97364199439043,23.312435404193895,118369.20804791618,-1545172.7918311656,-508297.45126268786,118312.61106087653,-455294.2482263331,-126530.3177760386,-1719116.0525201736,-387145.7305952784,171160.7480695149,-245384.16441104605,-40585.02674009794,586569.5675453634
846,74.07052434514866,32.77334443388361,23.3123215426805,162297.0334906457,-1557976.816638539,-458912.81488958653,182156.0103585463,-621272.5535445849,-73284.13169277311,-1847138.086945091,-228836.21420060715,221381.7031082193,-188018.86905518695,-13820.67583616133,346393.0190173893
847,72.12300795945814,31.923821575007146,27.77074347690237,326005.40099651966,-1872502.733705779,-386149.27365232096,378247.9158405662,-593907.4837565727,-107812.30962813513,-2123269.0650201654,-258284.19331281344,448906.6519713989,-90697.50950684056,-9878.060108413543,703277.342302767
848,74.1853045794228,32.82346225016682,27.770621239010644,-95861.9049515319,-2072844.416066528,-678875.2718572568,344919.883160529,-831128.973817568,-20777.83030798032,-2499154.7640140676,-374991.37767693744,26564.548815687558,-77783.73411199743,-3532.046492502054,465422.91821241705
849,72.500432497593,31.36429744632881,14.687499934946917,-49142.771310130134,-1031405.7029364043,-253936.81876516266,-131957.0547150362,-16675.845494690773,28162.34923845221,-1049031.7333855014,-257737.49887493867,-27716.06075125709,-308619.96651513706,-2521.6059563461413,477162.54951484967
850,74.33605100739796,32.158336251183826,14.68743535105034,17966.717850964516,-1050395.768382013,-804685.8195059515,7996.979445085177,-171501.24220293426,69382.42487719204,-1139815.8725340464,-721115.1141696952,23816.11666674253,-731041.1030095285,-5642.277535993854,81551.83705149547
851,72.50060054766615,31.364462888278666,19.062473526256404,24524.123052788083,-1279649.844602713,-441479.6529869284,-17728.031284148856,-308501.68868684117,-96908.03124583272,-1382537.7917505195,-359563.9812158967,45496.39842956279,-319219.49524310895,-77377.3149361745,500141.7976396022
852,74.33623134235687,32.15847050208068,19.062367727057,112620.37019434583,-1291863.3103447817,-506001.1856037872,79083.50697016614,-510384.1108924781,-39015.851522593555,-1544794.9373816708,-267599.53079844115,127150.34242588835,-351742.8066562135,-9460.798915538759,226007.79249734728
853,72.50079178840866,31.364634449027797,23.437437040423077,117659.93962734443,-1447489.694803672,-486357.69564273953,106053.1573576813,-414041.6490713601,-121390.50323909322,-1603171.833967042,-378163.0656786473,165147.4488266218,-238015.46200651443,-39840.421926795505,590278.262899061
854,74.33643445646891,32.158610860722355,23.437327841518183,152553.42629399168,-1528640.2531289319,-453972.6291227087,179807.4237028226,-596566.0557018149,-70595.36566471252,-1803638.6255599512,-235757.4279587017,209336.5975610035,-186834.22771333347,-13367.835788185597,338751.58071697765
855,72.38625264926672,31.315162952962613,27.812412656172704,320492.5584352425,-1747005.1407672963,-363551.91574438364,353847.5495452619,-546000.4575156228,-102752.66886913513,-1976303.8192667933,-247143.8451369796,433383.16632733523,-87644.33987817673,-9561.634394819808,703993.5032118899
856,74.45135909427233,32.2083627077691,27.812295367764136,-98453.07953390176,-2034529.6023038244,-667625.248987254,340715.15388091013,-803487.9578452664,-18795.18010969158,-2444833.7336144187,-375742.48322967574,19968.286019115912,-77391.0692654296,-2981.6621623046303,453348.59243066655
857,72.76267133906724,30.758195251328114,14.979166222541764,-55845.630548706744,-1020621.5316798151,-259343.49757555875,-135613.17038152032,-3439.0800215243553,27195.128959638918,-1039321.5861878652,-262674.6875431835,-33814.386073032445,-303909.01714838203,355.03706563739354,482608.0973251659
858,74.60318072226104,31.540731223082545,14.979104618463246,20713.752626470174,-990685.5678557125,-782594.1145986202,2485.9763952443036,-142946.06261111615,67044.93848232874,-1064432.1032863637,-714492.5328824515,26358.706340952143,-713842.1576425489,-4675.679801197329,83033.47176978148
859,72.76282891454633,30.758352432609442,19.270806866350938,13868.037633002969,-1251186.243161341,-436336.1850181221,-21617.838650796046,-287833.5857446643,-93148.27185579087,-1344365.3084602796,-362759.5085223696,33470.4264361898,-308988.35239895666,-75934.43118333266,506376.1547106602
860,74.60334997452992,31.540858198540032,19.270705894629508,112026.60640777333,-1199533.4645728117,-490453.47850398277,72064.21218175358,-457619.4819490722,-37043.0249347072,-1425411.260719847,-276903.90838504024,124354.83243586599,-349450.4826709573,-10292.724991580973,219513.30855574773
861,72.7630085732267,30.758514623652395,23.562438428409955,102662.93749161443,-1414085.068748646,-478876.52980622527,96954.26092145071,-392714.44275792746,-116282.89577716921,-1558718.817209879,-377870.9935929003,146291.1497395218,-230342.35437283275,-38966.29775320398,591313.6055317479
862,74.60354088528894,31.540990290235566,23.56233386861615,151904.97615248285,-1408972.1639786074,-431680.07984083064,161968.83222892514,-542347.1496380661,-66436.52549495209,-1658468.1254399745,-231040.85197861414,200761.7097516341,-187287.36882254857,-13580.833290126371,325556.439553779
863,72.64815296346745,30.709753145858755,27.854081570289406,293694.39754991815,-1714462.9393114974,-363202.3552755855,338460.20870392065,-524092.2400701549,-97845.99974505222,-1931707.7333984524,-252284.40175939724,400021.2381206847,-85129.93964769285,-9987.539665208013,699452.5980964841
864,74.71875973956935,31.590015580080323,27.85396921864227,-85232.80570591096,-1869755.4279962543,-628264.4224594784,311524.9259022193,-739360.3064071129,-15861.36776364922,-2249683.113548104,-352746.8578020802,19177.315188540637,-78734.12103360551,-3815.144597010591,434339.84922006493
865,73.01484842809283,30.15466182288789,15.270832410280423,-60146.41058174058,-982992.3037674797,-258355.4073655336,-142092.93352913723,14911.37789323019,22142.286476725865,-1004811.4908214007,-259671.04252656217,-37011.588366790624,-296307.6791258019,561.7805389872443,488490.78699627577
866,74.86499478974898,30.914131659128028,15.270773885242335,16861.426767992903,-962676.4659066298,-764349.9123473581,-4906.142737554028,-125116.01449032682,60599.17944926454,-1023628.7472366097,-708288.6343716036,21752.43012221775,-693216.1341254114,-4545.242573715062,88681.66225573048
867,73.01499576303542,30.154811019145836,19.47914068965223,8655.489173427399,-1191081.6687439785,-425558.03560516913,-35624.239202110635,-255243.73347951728,-92753.5850691682,-1271301.0366916824,-364567.6685911304,27884.49010709334,-300107.73957317066,-74068.3795597913,514386.21306645696
868,74.86515300533786,30.91425165741638,19.479044588818322,104649.17331905576,-1158721.5657758936,-485282.31496235967,62339.62736993315,-423741.10818724846,-39229.77034012962,-1364280.970698961,-290590.46917585406,115516.73245561743,-348140.0756662352,-10855.48075788542,213444.0300223819
869,73.01516437027108,30.15496439361286,23.687439989341996,97462.3118480008,-1343461.5633196416,-463163.7596041171,73893.07630300093,-359247.87201613234,-115418.70979439707,-1472072.1124160187,-372993.4685602384,135902.56990050027,-223131.8419418335,-37972.63648693094,594258.5958939567
870,74.86533212154724,30.91437588397079,23.68734008880076,145686.30079327512,-1354357.0680240022,-422358.6274774722,143647.3996781389,-508696.7819594954,-67674.53683444578,-1584548.1487025646,-235366.7130650776,188885.46705944158,-187266.04134659885,-13291.448028361217,315380.38276178134
871,72.89969587871495,30.107636275936517,27.895750374158656,283650.40818552155,-1620867.8611653154,-347802.0436631848,301091.4207162634,-484179.4590519646,-97275.98825672819,-1815207.131859527,-246580.62587372793,376768.2610902747,-82130.22460246581,-9980.514337418383,698957.3169558824
872,74.98114217250371,30.961952199043974,27.895643003338904,-79960.00456634886,-1789509.9492014674,-606489.1749636385,283924.9366278244,-698613.1439650176,-18831.24062119809,-2143744.012520113,-344717.98249369883,12502.866282356286,-78667.1727925358,-3900.01306232321,419568.5309762168
873,73.2617821518457,29.542163871790937,15.562499041331607,-55654.273891105026,-896900.9540711448,-246363.94797614342,-140294.53365548092,40780.40845742657,20108.921748558063,-922477.4594469289,-244402.71457095488,-32039.001920509723,-286451.70834045473,-441.8184500787118,495181.88525730476
874,75.11667446936136,30.29007123049061,15.562443618702805,10308.834677563922,-946498.777857771,-747099.5492039364,-5292.017453719501,-113520.13593418353,56855.555466001206,-998231.9488109832,-699810.0084520087,14752.464878848434,-671751.3482989299,-3573.514605185564,97842.14079288696
875,73.26191951096696,29.542305320986326,19.687474522139464,10958.49583562283,-1072132.3562584515,-403735.68071915576,-46124.151208494724,-206837.39870229413,-87433.86916326656,-1135052.7509082686,-358513.69425389724,28656.904020182265,-292027.61777511745,-71994.79868948572,524972.5457871185
876,75.11682205852335,30.29018474543296,19.68738315695148,91478.17817454878,-1138311.536017999,-485626.8971937343,60016.572114731855,-400013.98295261833,-36574.36806858123,-1329263.2237359073,-304417.8668248722,101220.83552359532,-348261.02000717085,-11257.720114990136,208701.3285356128
877,73.26207740103222,29.54245030625772,23.812441769744037,98331.93742616766,-1203748.4219169652,-433919.3322483642,53131.62342769668,-309616.70193248487,-109789.59005704052,-1312952.5281130662,-357092.06819374795,130708.77956765163,-216145.1675045243,-36776.021875101884,599424.3117274535
878,75.11698991768226,30.290301551501805,23.812346343097225,130625.06879640231,-1324769.1496622153,-418897.7327351939,136923.11378325516,-485888.3458841286,-64620.05772875214,-1542079.066269565,-241695.05875262615,170732.31142118393,-186077.72807026736,-12239.052010436832,309511.3678168726
879,73.14630201194733,29.49583682595972,27.93741961317176,281947.2701570192,-1439590.0786021196,-313873.68774238497,264813.5691409638,-426162.0864683291,-92031.95379884922,-1609007.3824364468,-224933.27802194838,362424.16427091,-78892.31845338692,-9260.425542954186,702151.793564916
880,75.23308588366162,30.337148238727572,27.937317052146234,-89423.75683503161,-1754033.1451551637,-596394.8357857746,275089.23063356703,-674207.5557828518,-17095.701458808497,-2093365.3967304686,-345224.2137143309,-1262.1273311691582,-77198.69210863474,-2939.0419911190907,409585.89306285826
881,73.50992928545764,28.92678565634303,15.854165657278385,-58258.72976634832,-854392.2069572908,-245475.9665170392,-132736.47461398743,54519.716743542,23898.20394024152,-881169.0522445443,-241318.21640795498,-35639.63458817947,-279996.6175502428,915.9274152098428,502531.26713554055
882,75.36714021450625,29.668890160807585,15.85411371274856,10915.690459260397,-892611.6734450308,-729505.6823803573,747.2171099909535,-104109.80338955659,58836.8707838753,-944047.0564492942,-682778.6685174847,15624.059600651546,-662623.8435253259,-1761.342307940337,103578.2638917879
883,73.51005729725735,28.926919647637828,19.89580816542373,5551.238964730554,-1021116.9417997202,-393694.7309150755,-50464.82653540075,-184203.7630236539,-83022.05910888144,-1075818.8816824849,-355756.5403531149,22314.988285534262,-284164.03661154275,-69188.5472726059,533541.6939110907
884,75.3672778294871,29.668997621810465,19.895721434239018,88881.13920808374,-1072139.3960017902,-477914.2828048275,56532.3347501043,-363899.1834079731,-34010.42590524169,-1245812.6658925249,-312736.18063794094,97376.30693193237,-350544.22139491374,-11193.406891120016,199206.6707081437
885,73.51020480727942,28.92705654043747,23.93744334170943,89662.76906508458,-1148539.031686692,-421557.53403278964,46838.87031431597,-289370.60195254115,-104921.21053742671,-1249726.2020553383,-350235.5416861475,119527.94708708832,-209307.71778032577,-35678.18995658737,600766.6738284356
886,75.36743487480199,29.669107263778415,23.937352247140115,128083.57485582301,-1240577.295009903,-402482.4413177036,128693.84503957769,-450554.68239576404,-61317.93441406516,-1442434.6537479165,-237297.75506817727,164756.24734430984,-185692.52061463142,-11711.925290521429,297739.90865468286
887,73.39427460360817,28.880797809537697,27.979088625133716,264477.59040808247,-1376956.9891758373,-305948.0150308425,251076.78561322886,-403834.70118700137,-87614.93156451745,-1536970.1743134772,-221670.2620675842,340213.02258246375,-76322.16380554721,-9070.195860572743,699282.26551391
888,75.4836653278426,29.715584675550293,27.978990757954826,-80858.75463210436,-1640851.8864395812,-567698.2346429974,259697.90508896532,-632153.7780016947,-15075.249845697655,-1961552.4650680763,-328789.7821820769,933.3715354708692,-77976.30885893237,-3127.3591506323364,392148.938370052
889,73.69057899780967,28.470660353346503,16.145831790803182,-416817.27131553553,-2499630.39210561,-585812.9877359909,-184267.06882818308,-278313.91434817197,29579.412567090196,-2554158.978290228,-564783.8856005823,-383317.78726632387,-280430.9475431402,5253.672042733099,513909.2539406731
890,75.55463799317204,29.195310958509737,16.145782074126828,-256565.84133807116,-2171027.122183749,-991535.0429249234,23931.180770730356,-339821.6182253247,47518.584494964394,-2262552.1753292372,-903071.892915227,-253503.93820227863,-665167.6031595328,131.4330543839613,109050.59378616567
891,73.69070030008344,28.47078859530464,20.10414157499589,-433134.1280032609,-3088950.041660331,-809234.1620543014,3836.107286624876,-797092.8837372543,-88580.14867161648,-3340184.394112983,-601653.9177239856,-389480.01988092513,-274158.7594211613,-68025.72708873906,540973.4454521704
892,75.5547682175925,29.195413701290086,20.10405811002273,-253120.212076305,-2760221.7962246174,-810846.0726088276,147093.16668963118,-875764.3185260068,-50269.10811052909,-3100879.1202123603,-512616.99910631287,-210691.96159107808,-347807.27887725324,-13633.84822669489,195941.1948215467
893,73.69083964811477,28.470918926563854,24.06244427983563,-435853.52353636397,-3625993.076782823,-964921.343466128,247315.43081089627,-962215.3784207714,-113482.61035430139,-3948922.3874165667,-755495.0082598001,-322350.54810894805,-203534.11397204414,-35080.84096682137,599773.8213170613
894,75.55491656480704,29.19551752270888,24.062356520614323,-298345.371774922,-3332044.0076164883,-856736.724740997,328441.7877718199,-1036529.6920127618,-76639.31893595857,-3732071.4225386316,-587761.6710287713,-167293.01056500297,-185908.54897517152,-12347.638554102681,284363.38115036325
895,73.57447366265863,28.425744726866967,28.020756736976704,-417265.90958859667,-4442735.512094705,-1035572.9087993474,604496.616756532,-1163240.3409100268,-92714.35033656102,-4870242.791280622,-823940.6423477927,-201390.89685423076,-75822.4042691787,-11105.523299657492,689009.3808860364
896,75.67156651542899,29.2408987411077,28.020662485862232,-623110.6491036633,-4212883.156005738,-1169662.8631830416,589936.7672791063,-1285704.7673185503,-29310.75855821287,-4755171.7512678,-865128.3168968227,-385356.6001278222,-80046.68025162125,-4824.51067191857,373399.8451489477
897,73.80715572531909,28.16506064640909,16.43749790239005,-383532.560920804,-2325346.4606858944,-558108.0061954986,-188052.76971092125,-232178.09582673566,28736.75286216341,-2372160.755395001,-543607.9449112689,-351218.32749592507,-278297.681661247,5995.639910451231,529267.2552281672
898,75.67574389340263,28.878060825823987,16.437448647672632,-278656.805790074,-2240471.5668837046,-1011352.4289388661,16060.365989811147,-332136.77579008293,45384.83260910578,-2324829.321137885,-929806.004762543,-275845.4757122159,-665494.9912213031,-1726.2197742472993,113918.37740327555
899,73.80727244944731,28.165184634747206,20.312474359719108,-390798.29051662405,-2850244.5733729005,-760963.66386414,-13734.628201408055,-708306.2987154041,-87797.47127588159,-3068299.5776324477,-577547.1847520237,-356159.765369192,-270606.9292613669,-65579.16612552498,548075.5217062372
900,75.67586908937358,28.878160032738872,20.312392690207393,-275373.3318863517,-2815727.0944517935,-815252.6693079936,138494.43938332095,-873663.9880040996,-51233.8532759716,-3147903.6281227004,-524233.6483329553,-234215.81919048494,-337392.6636023023,-11334.070489591297,200911.93233815883
901,73.80740566578426,28.165309754830716,24.187444700593996,-383198.1134806456,-3316880.3929621377,-895885.172001873,208020.59914473406,-862737.3861721192,-109624.2029519517,-3601318.9599692635,-704928.8782297398,-289715.84024565225,-197775.9263902998,-32603.57697367214,609097.247552387
902,75.67601086830872,28.87825938541204,24.187359181452777,-325777.93888865307,-3383300.459900282,-868742.5436641145,320752.03996910586,-1033157.2893114357,-75217.7489864861,-3775580.896276937,-604428.108457138,-197811.9377189739,-183279.07086511215,-11006.841447391293,284934.92166375834
903,73.6907506548106,28.120858787854086,28.06242456263449,-343876.36947245325,-4015648.071758576,-937023.5713566339,536393.9075799816,-1043449.1936375025,-89154.34100291284,-4394658.9225430135,-743237.9222504558,-158651.16779419553,-71695.77666560616,-8174.742807482433,701437.2635622754
904,75.79293737978885,28.922908356112636,28.062332718606083,-654916.5669939045,-4279999.0117674265,-1186456.0241528135,584476.3349136565,-1288504.6382351741,-28331.968581777608,-4816632.73923469,-886015.9922458755,-418722.87143358064,-76651.66948686384,-2165.050542331776,375529.8297705243
905,73.9238054664564,27.859488762134312,16.729163916312984,-406606.32878890156,-2400787.9311143644,-579913.6393030358,-204639.12679210198,-238451.1105670592,26568.38602980741,-2450991.672452692,-564571.2248659024,-371745.0018877068,-277351.67416252696,6819.831999373221,537743.2379416579
906,75.7967767586184,28.56078288877927,16.729114938880542,-256287.380756747,-2112789.110994377,-985975.344536352,2206.5378946366777,-285248.8433863967,42031.93257837057,-2180957.484783925,-920334.6006509924,-253759.7508525576,-660438.4576627973,-4268.192613743309,113221.80138507325
907,73.92391757591557,27.85960857809939,20.520807110660858,-416425.123131861,-2915245.3880999438,-774551.5732398934,-22044.26220970494,-711342.6160651576,-87175.4201146048,-3130854.741238489,-593185.3288577283,-382182.01437548146,-266095.9172790383,-65465.64420107476,544441.3394163874
908,75.79689693449059,28.560878570313466,20.520727250909346,-241217.42393854493,-2611641.4349416243,-767016.1325132651,118808.60304105104,-796529.4872704074,-50540.80925329955,-2911277.920148976,-500645.2269268795,-207951.84431757708,-328710.69271864736,-10972.398865760975,197764.3666852362
909,73.9240448333591,27.859728563526343,24.312445075794134,-412230.0739146435,-3370172.9256092436,-907794.1704233314,197039.1715252697,-862040.8018596137,-106868.92700957828,-3649477.9950600388,-718565.4082209748,-322153.7666662046,-193555.6306067561,-32923.96128267988,604722.3158599539
910,75.79703231564295,28.560973579647875,24.312361784113907,-282593.4075628762,-3115238.374460468,-810087.2440024002,284537.39507240924,-941989.5523237302,-72232.6330385969,-3469901.7774975966,-563050.1531640346,-174967.09536411182,-183752.5189558031,-12499.406240503284,273994.8031047378
911,73.8071099480578,27.816004317325493,28.10409232415929,-386789.14871652145,-4091928.964594486,-959298.610890352,526079.1545017429,-1049610.0122493654,-86218.6236002848,-4467340.751118354,-765740.5757655671,-204935.39731743923,-72001.82973284402,-10584.812295749245,689837.4457567204
912,75.91422643325693,28.604886786571058,28.10400287608075,-585981.7379862526,-3904628.623182317,-1097541.048758523,525311.3174919676,-1180076.8802412981,-25929.190680787266,-4396625.402924891,-810617.7016127902,-380908.3053894155,-78751.62257597473,-4342.030419858708,360789.1333232992
913,74.0929418561347,27.3989695862264,17.020830042805525,-61761.222075101905,-731183.4467390704,-249427.42669602047,-160097.76643223365,95414.86206390413,18396.74100841963,-785110.3594143096,-231866.29615870237,-25395.43993718023,-273155.15430888603,6030.554275719529,541314.446644117
914,75.97243272047615,28.082685119925394,17.02078273696729,-2216.4031478238467,-822162.0215905772,-715300.6361986415,-24976.38676621308,-41839.9126531085,47261.691744326985,-836677.1564668606,-704836.4378034661,1834.533333284104,-645569.1484012955,-5225.0215960402,114125.33552687077
915,74.09304738913066,27.399084290979957,20.729140800032223,-5093.981723616249,-847623.6350005573,-360335.4455468737,-82804.95431026469,-112407.50698717753,-82326.22632591348,-883448.13461113,-346561.27257799986,16956.344918082264,-263553.70261361054,-62789.19883110264,546970.1476034911
916,75.97254581266668,28.082776475647297,20.7290641303783,74532.1097963163,-930207.1066900141,-435274.17796056625,24695.242244879413,-285777.00179637555,-38527.31323248491,-1060809.3276326584,-310045.19090750976,79905.34368590437,-324238.86182831303,-7929.507856351315,196354.84667835128
917,74.09316724313621,27.399198292701403,24.43744624395385,73935.01628900014,-921109.4725232595,-371285.02644390025,-7801.607010162164,-208444.7086812397,-96777.22701023448,-992584.5795342263,-321239.5411399523,95364.63799601942,-188262.34839334962,-31377.271991873076,610041.6514341319
918,75.9726732489082,28.08286639757188,24.437366187781613,107202.966321235,-1055926.79582593,-365471.4013719931,82273.49487129292,-364549.5745513873,-58369.63787727744,-1214870.3563290047,-230418.0611046007,131093.1865569172,-181446.71987208127,-11173.406627032356,272886.3083198107
919,73.97581785942606,27.35656692719396,28.145760578448847,233557.3250065344,-1075147.4673933203,-252268.20383712562,164739.75468506498,-305368.8755668862,-79329.10030547256,-1188386.3147751559,-188071.3424366155,282599.31098785985,-68038.75251508925,-7970.644639538539,700032.9308989274
920,76.09026707689769,28.125676130511398,28.14567466047853,-75810.83048690751,-1369915.6023081446,-502107.2165935504,192307.09308257245,-528114.2612928445,-15391.086111054723,-1637512.2007391038,-291503.9332337537,-18817.515415745394,-76121.3981707433,-2393.690124406946,359395.13088314596
921,74.31782535991798,26.774713277159666,17.312496839094496,-62278.66164602623,-672575.05643417,-241134.28361133477,-159574.42349945306,111472.88999979633,17216.290851679183,-737235.9889143821,-216166.03902370538,-22585.973753442977,-268748.73399099964,5850.677484147959,539277.6487875462
922,76.199451969757,27.452557519057724,17.312452555827768,-6199.144930720737,-793581.819819358,-693876.5540859434,-28245.39530418958,-26750.94863354444,44329.08020346903,-800661.8153310956,-690773.4007747321,-2222.3027301940615,-623974.5111770374,-2921.61235021049,117374.98151637055
923,74.3179224601695,26.77482182768398,20.93747488091137,-5698.58286437529,-758268.2072960886,-342514.61954524356,-86952.60885140784,-85164.12383450495,-77150.8477053427,-788000.4140167441,-335580.4575803104,17099.461891347306,-255872.65935555333,-60504.01356903383,552821.5021609237
924,76.19955617483973,27.452643868874624,20.937402581174297,65280.079485286784,-890912.0881766992,-433275.65969387913,23128.308532217,-263295.0018422326,-36063.328885519244,-1010957.9120867572,-317956.41691907734,70006.66062054304,-326695.14109501604,-8635.060379244524,190902.9605832778
925,74.31803348217036,26.774929040803265,24.562448146221428,70788.86880652647,-820667.2264689103,-350382.98889831454,-17742.94564706494,-180272.45159742894,-91765.58131955683,-884088.3465490262,-306535.72986801027,90362.72985633805,-183044.4473564287,-30632.472215182606,611452.1118621313
926,76.1996743507353,27.452728054323476,24.56237216301562,97934.36445117817,-1006079.7534636153,-356610.4281818344,76964.69631096754,-344619.12812610203,-55375.40354699344,-1156760.2778574196,-227976.8422663199,119981.30292946803,-180281.2055898461,-10421.562046889514,266135.58339495474
927,74.20054219255117,26.732658158798678,28.18742977653441,225872.32038364437,-950224.9732151149,-231487.91138750938,144588.088745154,-273193.7623574321,-74573.21280833648,-1052421.4620548058,-172482.07177004742,269062.9696058737,-66194.26650919447,-7554.127087326243,700057.1539375043
928,76.31739274688849,27.495165517718558,28.18734832934745,-77243.76968084418,-1307709.2282604042,-485429.4096161715,183923.64975258074,-503663.78912497946,-13963.778220342578,-1564062.9637663923,-283358.0301348336,-22961.413656195255,-75404.68593771454,-1881.5359288446707,348856.80495871534
929,74.54272764331394,26.150463476378675,17.6041636419517,-66182.77343526333,-630196.6037046287,-239940.59795649798,-153849.43030537377,121994.2587742612,19308.451155242372,-702168.2359433073,-207893.77710743295,-26257.962045649958,-264831.2706242573,5869.409068852217,536759.9956293711
930,76.42645306666249,26.822423555780652,17.604122574288393,-6706.16066871793,-736715.844823641,-673561.3673031481,-25898.327356772064,-19368.517348358473,44635.01872191018,-742416.0126888603,-671838.8489058428,-2728.5112008037163,-611512.1669981943,-1441.7469707975688,118501.31643553337
931,74.54281682121625,26.150565952963337,21.145808765711028,-10893.481041700696,-701031.4899036045,-330740.06245721865,-91222.83811588367,-66228.01841692658,-72660.6943119353,-727286.7770756456,-328349.16232403496,12970.90599715661,-249277.9922261661,-57563.48223046883,556672.2667852141
932,76.42654882361391,26.82250512276398,21.14574073092972,61369.88571855432,-823082.0967504883,-426165.2689060749,18679.684644633413,-232255.98709703574,-33590.91936521158,-930129.4914150375,-322948.20911439037,65200.2205914195,-329927.9749606376,-8564.302298754408,181378.1477785455
933,74.54291938156784,26.150666643210823,24.68744982960226,62341.33420761835,-756744.8821509156,-337161.1367340183,-23647.102006231788,-163647.7203899101,-86834.06943019494,-815972.8531134096,-296124.2323881093,80532.40082420329,-178031.48853138875,-29745.04578333563,609422.1989869274
934,76.42665812894899,26.82258377834035,24.687377832122884,94297.9282335531,-921943.6300421968,-340402.5910435364,69354.773709155,-316237.60934491706,-51972.998758129,-1062349.2842055382,-219596.23437808687,113897.22573144487,-180134.66605520307,-9917.28115630702,253962.82328531408
935,74.42528869343913,26.108757348255086,28.229098751582562,210044.41004370045,-876036.2925618376,-221885.29912325167,131062.92812568531,-254756.81678747188,-70137.72168133425,-972305.723531536,-164962.55009254237,249391.0919826889,-64897.64100192197,-7356.808267500595,695349.2808770551
936,76.54449922127364,26.864648366711577,28.22902168932987,-70280.46691437633,-1197609.315167279,-457686.7481464504,169684.7569922515,-468141.48859561037,-12238.089603858367,-1440253.8199959681,-264823.67870296456,-20499.031529172447,-76313.56078873576,-2017.6733979103292,331979.6620849373
937,74.7061499390644,25.687885203217153,17.895829857330632,-368902.68108395825,-1980579.4516504295,-525859.6225401363,-216798.6720604994,-90772.94840668768,24800.630177001847,-2014290.890698466,-527873.6069964494,-333177.25757960737,-264855.112127939,7835.014211560275,543064.4931803663
938,76.59606424906463,26.3421480247324,17.8957908300633,-233195.57756162292,-1778677.6695264075,-893199.0262939313,-23876.182590497345,-154833.0624344165,35177.984415765706,-1805169.1073764407,-869256.7789586207,-230646.3870469009,-610813.6346025236,-1423.6002455214868,121599.11660174474
939,74.7062334323206,25.687982831137628,21.354142336554858,-357881.2918123152,-2306074.8918852177,-651946.3651384423,-83857.98520540456,-479768.28642586106,-74912.16204191542,-2440003.804777894,-536741.6326243206,-339157.1114337588,-241461.38125746528,-56397.1780483406,557013.0333842923
940,76.59615375735208,26.342225731034194,21.354077283978626,-206014.78229633393,-2115896.825320547,-680484.4838862211,63377.14623356279,-569487.1084293476,-45871.07026531714,-2315338.4246892785,-496134.9079387673,-190922.75887505588,-327708.88664853503,-10353.10903285321,174886.78623469413
941,74.70632940357854,25.688078159605492,24.812450844762157,-340628.8061334739,-2623323.014973388,-745463.7689542611,85518.9325282745,-630312.4113744614,-91633.77900551762,-2816499.98491872,-601787.2873712564,-291128.31777114596,-173991.06452436338,-29557.04888921674,605218.3814083852
942,76.5962559897299,26.34229984822076,24.812381908983493,-228361.090969234,-2481843.4677851866,-677154.59523606,189417.50210181932,-721453.9179319424,-63139.23467527531,-2744728.5835722964,-480900.2583795527,-161730.31203863217,-181116.96057145222,-11083.030146894553,238482.7626034193
943,74.58830566781319,25.647269939082875,28.270766812689118,-301670.1812497967,-3142277.2087881523,-762077.0757078836,343356.0669538317,-784506.4955185384,-72978.49794518799,-3408202.4055317724,-609752.3807285262,-188069.67948553292,-65552.56585700193,-9525.305034524497,682788.2077764564
944,76.7144768995064,26.383254104880674,28.270693118750792,-470878.9099312071,-3083293.4991337974,-897411.9525638272,379209.45159683644,-923298.651673991,-23480.908412856188,-3461700.4076739023,-659459.8353262072,-330424.11862871994,-78606.05886675423,-3836.254859369253,312745.8752212218
945,74.8111872859219,25.378129474665744,18.18749591440709,-338597.1983116114,-1815974.0051473335,-499085.94747756014,-220661.639345594,-56381.190261614836,21892.539035728205,-1850278.1881210075,-501583.2814659789,-301795.6813495184,-262671.0150376891,7813.145905265889,560026.9928130135
946,76.70519061387014,26.020580741880387,18.187457306616103,-250343.6439123092,-1815438.4056896493,-906423.09186032,-34962.95542101921,-139826.53102567582,31981.558301813595,-1837021.5547266328,-887525.8961408403,-247657.69059480575,-609727.1973994247,-3757.542788011494,127248.16204288522
947,74.81126687277255,25.37822338055629,21.562475223263228,-321544.3183225984,-2095826.3950732942,-607625.2946675582,-94043.19729388243,-417209.04189916037,-74304.12720919095,-2211188.9806203796,-510458.0899517252,-303348.9374913465,-236406.0946808321,-54229.21221355038,560535.8011571646
948,76.70527586831201,26.02065539963786,21.562411781178,-220270.76003561885,-2132619.551486741,-675164.62600059,53922.383353504185,-562995.388723789,-46735.67515976817,-2325379.40706613,-496730.514223859,-205945.01623296126,-315850.66689123475,-7762.115649823573,181478.04017712036
949,74.81135797858799,25.37831436003956,24.93745130327996,-297063.0838349787,-2355218.253984817,-686521.4280537087,57190.211588855906,-556420.0432286314,-87833.84307157202,-2524121.7171664173,-556916.0233817325,-257765.02532535515,-168826.30119104456,-26712.852873810385,615190.4226584156
950,76.70537283879187,26.02072596970814,24.937384414869157,-245946.7771601915,-2488697.802351794,-679234.7697888258,179289.168561384,-713731.3997432527,-61302.97995661233,-2745272.4500198066,-486057.14479203016,-182549.75448897292,-178575.6711094499,-9515.471257344172,240101.5312644351
951,74.69307379374122,25.338240287578312,28.312434567854513,-242777.3496414626,-2783143.057035728,-679918.5614531649,293974.94778598717,-694586.4714737483,-69649.35245063851,-3016557.638177314,-541346.4661500965,-147934.86380294466,-61243.451197787675,-6004.90605707136,696263.417529717
952,76.82384408510623,26.06093866536321,28.312363110475925,-488809.1522579725,-3092278.014677975,-899952.9652467988,369129.7406099025,-918017.3354252331,-22573.49941361188,-3464680.2850612467,-665619.1384587961,-350740.7086627025,-74515.31995061146,-595.2269235042148,317379.9677175025
953,74.917274952671,25.065430078304157,18.479161803446825,-343084.59668973,-1818244.0084155144,-500057.0694818155,-231142.4738915403,-52474.399601196536,15104.935790767373,-1855428.1680604408,-500945.78659311426,-305011.7199335042,-259332.66854794763,6590.254063695744,573055.6251494831
954,76.81326713835875,25.70195699663468,18.479123287284636,-239053.68829700295,-1742880.9090239012,-885419.26720614,-45320.47842558928,-107352.17158788834,24056.968846666357,-1757281.4639073564,-873543.3756497257,-236529.02496996315,-598914.6736864857,-6889.717656381291,128959.58844437207
955,74.91735051158915,25.06552030950382,21.770808125819993,-326086.82601331244,-2079032.0008395198,-602615.3379684705,-95429.96954787437,-412407.34651326045,-73234.39200890758,-2192999.9471235294,-506883.8983352045,-307850.3193625696,-232168.3405462429,-55005.0157731544,551056.3141656748
956,76.81334812118259,25.702028612271103,21.77074625530475,-202511.136209735,-2016527.023452893,-642019.836115458,48168.777523332734,-530651.1002684715,-46776.386931524365,-2198018.4795826776,-474143.7978006833,-188895.71839472506,-306469.29958343017,-7833.83293473084,178507.03462948668
957,74.91743695106604,25.06560697419459,25.06245171166943,-301163.1869458842,-2314545.82066693,-676862.1844067816,47496.00493499717,-542507.6641360419,-85115.08778300966,-2478156.3733264767,-549859.6215706253,-264555.1971224932,-165509.16047903182,-26076.493438622492,614269.7808435097
958,76.81344007127477,25.7020957656131,25.062386818191403,-224777.1887712329,-2337905.2600981314,-645846.4673454838,162916.48682592524,-668066.5789749813,-59265.91247989826,-2577576.1019993713,-462494.3119659268,-168458.5022495493,-178867.19945477953,-10440.651031514748,231277.98258032944
959,74.7990236590067,25.025899125995803,28.354102267928845,-251503.7996973305,-2734986.909159088,-671445.4802900467,281060.95875288785,-681465.2780749392,-67024.78470076135,-2962824.7898057667,-534760.056915968,-160351.34242473042,-61220.13645409944,-6995.107742593537,689044.7288420987
960,76.93203060146058,25.741935133093634,28.354032981352624,-452995.65365917346,-2885393.9540846027,-850053.9201293961,342481.84874322015,-863534.3438710534,-21161.85906819016,-3237934.4356068876,-623929.0751979883,-326580.0170682948,-75070.59702750444,-1474.3027040077118,306735.1405678132
961,75.02040669097937,24.755038682411868,18.624994873751664,-181707.37254448707,-919872.7687047202,-388283.9867491695,-12426.844065387411,-157231.93022608818,18459.383851877297,-962961.1904942612,-347933.5301925063,-178969.40731160893,-251716.1379727216,1369.2176033723615,558872.9758876581
962,76.92033965584682,25.379704425985825,18.624957570186943,-127265.20142358172,-1040133.1666522045,-804184.3040677905,179980.17835436304,-311044.64668267197,47481.845515964866,-1281519.1141404847,-597215.3022450414,-92848.25575805065,-583051.9659761023,-8667.036107315134,125465.91935383745
963,75.02047851941755,24.755126310672782,21.874975310443162,-226160.58688731765,-1396644.642448303,-577983.7894874164,95040.13548450869,-491564.03470532893,-46293.62328265864,-1630144.895658245,-388429.39645673125,-182214.72670806127,-233515.7751531129,-53347.54617840345,546876.2166283241
964,76.92041664195885,25.379773927246834,21.874915493299113,-147489.16960858245,-1503845.2338571933,-665866.8477527099,247820.986007638,-638682.5152576248,-11595.06902908617,-1875019.2650510566,-382572.5505131146,-59609.435654313515,-307778.8297902285,-5330.592471463074,171853.21436950553
965,75.02056142976994,24.755210045739187,25.124952531225496,-247212.47025908082,-1882068.7239139506,-663103.2160482946,159118.3026961502,-578003.9805486844,-58483.77399342063,-2121086.1933407146,-484529.00928861904,-186769.20759199178,-163755.9748492753,-25926.211072397717,612349.8841685182
966,76.92050473947492,25.379838764849218,25.124889612827953,-195719.69980918668,-2002879.7710849482,-661582.8026860051,279232.104311723,-699558.2933831341,-29913.936573707615,-2329607.736146441,-432907.2913369868,-97667.2460967127,-178043.99964284137,-9444.198327955175,229424.4409353749
967,74.90189828282152,24.716240677682883,28.3749365828515,-226354.78784168942,-2507808.67971037,-653130.0597104158,293677.8143275215,-668100.9241596862,-55224.6771462172,-2750807.9194151405,-503619.5848397857,-132866.02300754836,-59244.76908703513,-5407.814747937698,692791.3300869684
968,77.03933768565706,25.418934713887,28.374869464155775,-433709.8940246905,-2686844.60627127,-836256.8718432297,360285.28767301515,-845770.598859291,-7198.940801863912,-3057592.050219677,-597541.0038521142,-301678.31806739647,-74846.3593393097,-1176.0238106482332,301154.4076552791
969,75.12255319122721,24.44102410659807,18.624995566685143,-169574.66402679431,-835475.1275374631,-359169.5371164901,-19469.267834118906,-123839.68234440932,18421.59630193758,-866053.1326996774,-332009.42910710006,-166156.7668739695,-245601.88088758013,350.54315332449494,534549.3855539886
970,77.02443763577318,25.059754431911777,18.62496068450642,-124043.99878063978,-995454.3468874099,-774416.0315424097,170530.24016547058,-291786.06888788735,45765.474989209855,-1222266.1486502646,-579929.1671752674,-91719.06138492745,-561535.9563655618,-4983.057409272129,127081.92203292606
971,75.12262170455314,24.441110048028214,21.87497647854118,-207240.28353371652,-1252868.3309862227,-545016.1072815878,74982.16456529766,-438963.00400797545,-41858.86897163972,-1464776.494256764,-365667.2629391406,-174680.96460562205,-232543.28790778242,-50627.67758580421,555327.0937968297
972,77.02451107262291,25.05982279671605,21.874919085640013,-149937.77131212474,-1455165.0346701823,-666510.4622762951,238609.1970477444,-614045.9148036465,-8765.72951887251,-1816021.8611707096,-386906.9683777394,-68684.43871015328,-319624.9196233116,-5789.396498459087,167391.36202585924
973,75.1227020398867,24.441192215194746,25.12495378242782,-224978.2546805168,-1715122.888278471,-623903.1302847078,137067.60934720447,-530905.6237846075,-56277.4075841348,-1937360.3181455622,-453752.46285155596,-172891.49224657667,-162895.48277785385,-25138.459176496133,613711.7602925097
974,77.02459643057593,25.05988637812573,25.12489273741304,-197062.7497186436,-1946602.0690526408,-650778.6597003976,268690.37577181094,-685068.4979511836,-28450.64499986198,-2268514.8125979113,-423886.4864069988,-102042.17946677265,-177754.5460736903,-7582.292499121925,230099.3513720886
975,75.00391454096452,24.40259234065607,28.37493778953809,-197083.4682815774,-2294496.4391914294,-606933.9400102845,263859.0571465823,-617972.5846434273,-52915.100471214275,-2520313.558827741,-464328.3373945541,-113871.95126099605,-58262.00891241114,-3957.6003622618064,695794.8465765276
976,77.14354882666147,25.098610086830202,28.374872727804945,-433086.89155301196,-2634587.523060143,-822500.792952392,348475.1906749301,-829382.6307086396,-6888.084812098469,-2997496.0386949293,-588498.9670766897,-304180.2017939269,-73676.03821007391,406.39512971398943,299488.71168551664
977,75.22471862075301,24.127015824015064,18.624996440300823,-170577.1106968904,-806810.8517412862,-351005.4699976741,-16380.955443847794,-111187.8335699042,22036.62112126813,-832670.464665127,-329310.1592811907,-166412.80848953285,-242417.1788132215,-1910.0680535415952,503802.0791334811
978,77.12851740026238,24.73979882632122,18.624964072282463,-111309.58328345392,-902531.5730330849,-743032.0618409514,159605.2011168996,-269408.73609878035,47515.52482663962,-1127913.5977151105,-548670.7018146589,-80288.91862771995,-548742.4876121065,-3609.6486508222474,120381.88531932785
979,75.2247841026564,24.127099905609917,21.874977543982556,-206617.6396574437,-1191376.3557188301,-531090.9906948984,61345.552163778004,-415721.05662109796,-38103.027969959956,-1393363.359532241,-355165.04278010223,-180556.58375882937,-233031.35829269662,-49387.88553982802,555203.4083281924
980,77.12858747774162,24.739866129785923,21.87492255603638,-135295.83797698285,-1333826.5154451127,-647785.0604155931,218501.30327391854,-561053.8442006492,-5904.949773615232,-1671485.709279202,-379358.7152053007,-66062.98935318635,-331626.1874205792,-6995.792246055323,155705.86797212975
981,75.22486184380556,24.12718057043089,25.12495496967246,-227259.4394811995,-1657768.1705979756,-611764.7679187404,126591.32689691045,-517083.80186635815,-54014.16723982564,-1875908.253291479,-442644.6976253805,-178239.42708105576,-163941.0970485967,-26484.234124059716,604468.2928362474
982,77.1286701007666,24.73992844155642,25.124895784802113,-176902.29846389347,-1795825.685565009,-617229.5553640311,247366.68042601502,-641041.6911764953,-26687.867827685543,-2101576.993623251,-397563.89298169577,-90816.65278798781,-180414.94960591668,-8024.647806950802,220762.53857076235
983,75.10595240175309,24.088950945060684,28.37493895110437,-204239.101901458,-2241072.3906880124,-599354.7908966554,250090.11774091807,-607203.0093586203,-50872.86112026396,-2463057.51750175,-456960.54852982244,-124648.21745455376,-59512.86003203223,-5305.413205959298,685150.3034056437
984,77.24773972645247,24.778279072702592,28.374875900955175,-399844.86847853154,-2441227.392770035,-773831.3725277768,320884.64955526235,-778163.7771321759,-6400.641686750968,-2784847.4578812793,-548264.1286397196,-281792.0472553429,-75582.23903124331,-706.7093310482181,286771.64862423454
985,75.32396261962721,23.815359912458028,18.770829997152966,-318366.57197555533,-1546339.0947854277,-447504.7899537926,-210357.61290199697,16201.633919759794,15832.856517724027,-1581679.2536232811,-448218.0630626622,-282313.14002883155,-242274.59772973976,149.04780341402503,505874.3315028761
986,77.23155360649334,24.416233523253197,18.77079909524062,-216425.83703785803,-1474179.0517235396,-792489.1646271065,-48002.25449555743,-42458.97199456102,21167.667624666712,-1478535.1016813968,-790860.3195371553,-213698.6321699512,-541817.5696352898,-647.476509927992,131575.36695085693
987,75.32402525566732,23.815441152511788,21.979144610373833,-290585.4048557015,-1664443.4100963662,-532270.4510898753,-136155.98111664766,-283404.4602913841,-55755.833052313355,-1745938.9934124066,-468003.27038289176,-273357.0022466448,-227996.60480885298,-48835.08055959899,558360.9149696579
988,77.23162039277472,24.416298993415467,21.979091598012154,-181822.7173245038,-1671646.0616339268,-611768.7378568933,12833.887801118186,-393448.6619337493,-34290.48956272143,-1801736.5508326613,-486078.8210407027,-177422.14494195938,-334912.2523703036,-9850.8020803589,151613.19723757604
989,75.3240996492781,23.81551919722399,25.18745572458416,-260541.66533196715,-1853713.0763674935,-582323.0912893827,-13953.056867651989,-422759.3472288606,-74324.72966634324,-1982160.3191375583,-475461.0856912541,-238956.42816003104,-161708.82171539826,-25186.175984121106,605308.0980482985
990,77.23169942230517,24.416359073298906,25.187398440886753,-188099.80396761943,-1913600.0061677485,-564521.1600039564,103307.97094420182,-547820.6413414851,-51413.06917154936,-2111379.724522515,-401775.97281511145,-153065.27280169752,-181026.2280510546,-8294.576843858114,213675.3705988268
991,75.20494983368818,23.778031322643358,28.3957732447524,-203510.14500149927,-2182252.30442454,-560799.3893821773,184672.60555874108,-553138.1587353243,-58743.94941433373,-2364724.450425084,-439211.724522076,-142625.66386105726,-59960.17809024662,-6220.6347488944675,676598.7275489373
992,77.35100257782396,24.453963250719454,28.39571224376683,-382477.63300469914,-2370998.063321836,-724842.5506572418,255506.21317967266,-723629.2333494358,-19733.73530489967,-2667498.48422919,-523052.1300533718,-287767.63270121574,-75148.07374479313,-298.98203284417974,279816.3737876973
993,75.42218127921164,23.500100723349924,19.062496319941307,-299152.79919115163,-1436743.7449641835,-435718.8253848804,-206571.62931464455,28830.82918621051,15850.250583793339,-1474027.0825732648,-435436.80595951603,-262151.48100743385,-239652.85867896967,-1520.585848062012,519864.14990627463
994,77.33164996743677,24.095013750850242,19.062465742523766,-220787.46867219848,-1467138.065846537,-794406.2891157968,-47405.0095567571,-41457.67187024384,19378.535525094456,-1471385.7442407298,-792721.6854237162,-218224.3939700866,-543052.6905411351,-717.6360994242316,139756.7569940547
995,75.42224112636549,23.500178313834414,22.187477458661043,-270849.3619679073,-1538255.119436023,-506042.7265858734,-140900.01651403314,-250654.7626434772,-53947.964460193136,-1612544.888657194,-450607.2976881283,-251995.0216444814,-225770.56236420042,-46173.40986272402,562838.921915749
996,77.3317135810154,24.09507663210135,22.187425917019084,-183064.31143469384,-1641169.7840319264,-598954.5773451042,5542.444029442985,-381826.78848208446,-33302.06117845994,-1766100.8509201794,-477818.58082856593,-179269.24106297918,-327788.9943944911,-7932.285947134872,151667.43445686603
997,75.42231144018778,23.50025259222663,25.312456069259582,-238004.68062147303,-1700036.1925545284,-546778.1654050958,-25630.208239271597,-385429.88958357763,-71793.20320518396,-1818294.9879079305,-447600.49395787227,-218923.55671529486,-156724.42411525903,-22921.69290456583,609192.6214533424
998,77.33178826920451,24.095133574183304,25.31240063909792,-189985.82302352216,-1869157.6692637224,-553084.7372509621,95516.44415668643,-532986.7579521812,-50434.755570847316,-2060800.6900619261,-394659.05536045716,-156768.48411582326,-177428.18004045033,-6847.01492243719,215354.07641491632
999,75.3030400512618,23.463133702243464,28.43744092829681,-174824.22457867296,-1979169.8019710544,-514376.88201625296,161570.05718719136,-507717.1916946016,-56119.959145400455,-2147547.7132561747,-399574.75740033697,-121248.43790946792,-56589.25944149886,-3585.775563038503,682338.116393808
1000,77.45120427022322,24.132362490342327,28.437381936351755,-379825.61387164035,-2312071.625519599,-710033.4637142144,245547.70756795193,-708768.7134759079,-18958.63506635633,-2603024.071228173,-511797.40998296277,-287109.2218943203,-72388.03776478748,2017.99657207874,280039.08333656454
1001,75.52041871848513,23.18484701203824,19.354162492693966,-300014.92638308316,-1410112.8133137708,-441934.4955156922,-212065.4397671101,33879.92478316853,19476.45495341633,-1450591.4697542994,-441523.1457254988,-259947.61973274773,-242176.44163792106,-1011.0646654431262,529326.9545787779
1002,77.43172756909688,23.773788185003205,19.354132408066874,-211069.753806006,-1397321.4010093529,-787411.4454435739,-48988.86606212941,-26929.176637263954,20854.45069690199,-1400448.5164475208,-787136.3612741473,-208217.7225372636,-550961.3027383857,-1512.9139197054901,139214.9695797113
1003,75.5204759367264,23.184921220662616,22.39581022087825,-271083.73395037,-1504026.441612079,-497375.7626634316,-146468.2580525136,-240265.0619662715,-52435.34635426336,-1576702.9105482525,-444780.4465507441,-251002.5811268839,-223901.6073988401,-44767.13274352839,559110.9266232981
1004,77.43178823006579,23.773848556297143,22.39576013642889,-166987.9887444015,-1533377.3367564334,-570080.343438748,-2727.183203477215,-352017.47818030417,-32461.830070639386,-1648412.083328919,-458245.15577955754,-163788.42983110674,-321027.8245470158,-7007.82373899379,146801.59449687946
1005,75.52054226637682,23.184991782882953,25.437456365068027,-238656.01854353514,-1650237.8678727162,-534030.7180786972,-32794.45484008785,-374338.2681225858,-69539.01575350125,-1765900.1003394872,-436371.7431132757,-220652.7610421848,-153110.9369085203,-22374.74710768332,604169.0372243343
1006,77.43185867191391,23.773902423841562,25.437402753909787,-171555.35043800832,-1735002.1004996994,-521564.8477481301,83237.0877334283,-495792.48082484753,-49121.57856804081,-1914015.924239317,-371915.77826028335,-142190.59618623715,-175374.61416605016,-7041.255001481534,208837.02509979036
1007,75.40115170004549,23.14824271995831,28.479108546593416,-178119.90222298028,-1916364.8364537954,-501535.81110902457,150021.32602726787,-495454.6538284237,-53602.36185670658,-2081104.7928694077,-387578.26395670883,-127337.49295968366,-56281.13554837992,-3772.236561829644,674015.401228907
1008,77.55138530663235,23.81075555529672,28.47905154308082,-348906.3547267022,-2131027.1512219734,-666305.9103764127,224484.93435874174,-664229.8608747235,-17724.089337363857,-2407453.629136456,-474413.3869450907,-264372.40024354076,-73122.24503453815,1624.573820229576,268680.2731403485
1009,75.61576184225798,22.871977957539595,19.645828295645586,-294406.9437534215,-1346134.9863042624,-441593.6553704515,-221872.21802451872,48520.39070506554,23368.88827686524,-1393885.893636153,-439658.43033488607,-248591.26145709725,-247965.23502348101,724.307662732066,540775.7193261287
1010,77.53071396568733,23.448963151647007,19.645798780247308,-210547.2520175137,-1360883.4428138197,-791170.9693169482,-57324.12797648292,-7232.013500912087,23653.374240357956,-1363796.9382792793,-792091.2279761783,-206713.4978928242,-561402.0619380188,-2442.4513074431693,135910.4343397239
1011,75.61581649262482,22.87204901289195,22.604143191894565,-261833.72465884918,-1425438.9979508745,-478820.7691949612,-154068.19962771417,-218066.7423246119,-52292.24255161704,-1494473.712785332,-432669.3470250352,-238950.431994318,-220441.68144504115,-42464.15448244508,557362.9696901451
1012,77.53077175499418,23.449021011859106,22.60409457562755,-159406.28930878223,-1460401.116037659,-547374.3159540094,-14309.047571694291,-328883.68036752025,-33072.20611291846,-1566934.0803573942,-443816.87682842166,-156430.76411463524,-311767.12473394116,-5070.78389092408,147588.15953989842
1013,75.61587895613033,22.872115926054615,25.562456659655666,-227741.2837546778,-1546028.578137371,-509752.65622624476,-45890.232957050095,-349185.47928360186,-68050.52002153578,-1655560.9970269124,-416943.73400726845,-211017.7870841117,-148819.2077706911,-20826.667194849826,603339.5351456678
1014,77.53083801761717,23.44907189583137,25.56240487837536,-163010.1911873318,-1642970.9532211996,-499366.8680189262,69363.15009000078,-468605.932821825,-48850.93227657293,-1811910.0627864874,-356520.89792679396,-136917.05171417652,-172352.95536154407,-6372.558361361147,205724.59709320497
1015,75.4962567678522,22.836110698953355,28.520775894824546,-164263.7561380958,-1778503.4648828052,-470958.8154724457,128118.44233159868,-464616.09971442044,-51870.71863662645,-1933185.8855673706,-360972.87002769473,-119567.28089828086,-54522.75415473616,-2136.6890161796973,672656.6259913619
1016,77.65058816479846,23.485175333097114,28.520720898203322,-330905.66696302337,-2005696.5513858732,-636003.1053805253,203739.776127597,-631951.1922143423,-17761.741867220302,-2270081.4825811,-449120.8135226738,-253403.0276256477,-72254.80025807203,2875.748333744642,263101.62421124993
1017,75.7100326737506,22.55551502114817,19.937494196968704,-279406.77158102585,-1246881.9298692076,-432359.2623469218,-228727.75703284916,68860.55891745214,26002.216921269486,-1304324.4198687007,-426795.9474125674,-227527.59651588675,-254812.4585149483,2988.4572688110347,556048.1107189714
1018,77.62678760870708,23.1265172719093,19.93746510574272,-216708.50203577394,-1356647.6248865721,-800681.0536877979,-67178.55347963692,14271.203548184634,25322.195391700352,-1361034.9618611122,-801253.773019501,-211748.4457295296,-570153.960538706,-3934.49221930627,131843.6554771849
1019,75.71008465858192,22.55558305437364,22.812475896941503,-242004.66720453493,-1308354.8578746573,-450354.9311592995,-154906.57552454132,-191211.66023717844,-51794.9569562815,-1372348.0359747359,-411389.8807523501,-216976.5395114055,-214919.01213100675,-39593.676175164954,556423.2734062049
1020,77.62684253791947,23.12657255399234,22.812428673007002,-158480.88157505932,-1424169.298050181,-528740.2020184785,-21480.89623991187,-318297.10541334556,-33933.579926447004,-1526475.8600609116,-429573.0121932632,-155341.5093895448,-299036.26577241655,-2265.6986495326864,153896.95276314032
1021,75.7101433515571,22.555646347307746,25.687456968156315,-205956.35474152878,-1397002.127698426,-475585.38062582223,-54928.32039824169,-316284.06203047733,-65286.06187159872,-1499113.9627073677,-388791.278130022,-190638.6222283869,-143848.82110963948,-18020.645548659297,607408.7083068136
1022,77.62690475153036,23.12662058842915,25.687406963333103,-163691.6139529629,-1596359.380664828,-486961.83375667036,62148.286015244164,-455451.7864267342,-47815.25792177098,-1760512.0551729985,-347451.92902365926,-139048.84417780282,-168881.97815955995,-4984.906310209118,205893.33692339424
1023,75.5904047809493,22.520011787512914,28.562443491520327,-136666.68256237876,-1585100.040448671,-426816.4849840789,109289.01915363855,-424033.3337320427,-49165.11571032036,-1728683.947001829,-322238.28029379394,-97660.98069950493,-51063.63074695789,1615.2847901960777,678327.9776143727
1024,77.74676361312954,23.162347693128847,28.562390427731245,-326405.8535106584,-1943475.9208592044,-620634.3514643267,193842.74794462262,-617261.1813458366,-17066.233359704143,-2202943.970412902,-436634.9593564208,-250937.19606486804,-69661.17911603746,5871.996824749946,263492.88184117596
1025,75.80432259982736,22.239057817954286,20.229159818755065,-280086.19194383395,-1224714.1158463033,-432389.82835379575,-242948.9598977969,82806.91868333488,23995.4741798176,-1292163.477630295,-423833.8293372314,-221192.82917640603,-260234.86929737954,3917.477765375702,570593.7827164473
1026,77.72284282067415,22.80406628067864,20.229130840120515,-207746.84111434928,-1293038.2063523822,-785858.7674649002,-79501.35286039421,48528.90423169409,21954.634913197744,-1303661.2312354166,-781608.1829658159,-201374.40073039837,-569669.214533652,-7460.382584940604,123822.29776289302
1027,75.80437170778889,22.239122868843445,23.02080857828821,-240141.4109302129,-1273118.5968613084,-438605.3288544281,-154719.98302387714,-187296.86510257664,-50496.30267484901,-1337117.8820557315,-400025.16348841495,-214722.29110180342,-209906.1877432271,-38961.65973978982,542435.6521388269
1028,77.72289474295832,22.80411883346143,23.02076273548953,-142969.68367959125,-1323090.0855171047,-496085.1999967046,-26648.78727571006,-297402.15291338274,-34433.60019331464,-1419943.8301589964,-402562.4548590708,-139638.68417533347,-286180.93915911857,-1087.19192120008,154007.60382403532
1029,75.80442681132928,22.2391825600156,25.81245721217413,-203477.28845488542,-1335909.5666492346,-460338.73580639774,-61285.50188568284,-304175.7994299001,-62485.64926412401,-1436045.5921067805,-374687.1529905476,-188992.84581318844,-140351.6760693366,-16256.922497748601,603993.3670980382
1030,77.72295307126971,22.80416415131157,25.812408976424777,-147291.63547976105,-1473835.5865728143,-458522.13705602445,50897.794124695225,-422249.04386395885,-46461.48585464081,-1627185.3674732037,-326535.7361172299,-125928.25551816628,-167821.84240855597,-5655.6345528641505,197332.45015906743
1031,75.6845743677874,22.2039195239718,28.604111034492586,-135867.00647932652,-1511332.8777535409,-410766.60041696555,100150.53312741834,-412587.49026994104,-46589.355223715334,-1653088.6804363653,-306143.23218410637,-98734.5720293613,-50477.27462744304,2728.3291466737496,668717.0489424049
1032,77.84291843213902,22.83951424927859,28.604059860785412,-298418.6154215661,-1779610.4050917919,-581198.7801807318,174972.47191711704,-577480.1341810417,-16104.041832812472,-2026744.502754452,-402450.8956454519,-230032.40229418542,-70325.46192815044,5987.155638520559,252542.18565947574
1033,75.89574617846218,21.925018431279952,20.37499257951284,-123133.65507872647,-413604.47822452575,-308515.0418273378,-71798.14303878327,-15672.2603021823,20334.7923180413,-431315.9500373609,-310251.7773640477,-103685.4477291815,-262195.63952247263,487.9706085079016,556079.1715325792
1034,77.81775972817422,22.478027129676924,20.37496454396862,-89636.93436591982,-641359.4531413327,-682325.4794616586,90707.13800842788,-137931.8797672441,37071.32778772388,-811942.5796757003,-526654.303657055,-74724.98363615552,-563451.0985933212,-11338.809973039526,110545.89597882202
1035,75.89579255480075,21.925081512913813,23.124975476886384,-144323.3208210243,-687307.6238823668,-400517.2596027241,-4481.271056524287,-257863.47651914356,-33356.3039537766,-839586.2593076878,-255145.79018819547,-137416.15481023182,-207905.68019788683,-35060.46001319241,537314.0082786926
1036,77.81780878887879,22.478077829606875,23.124931414395476,-88398.49608364362,-886610.4693414401,-502198.43603883835,123576.9409904791,-395588.1172458911,-10268.806292072692,-1143614.8917358688,-281539.4904139597,-52053.01931409352,-281003.8947390214,1619.5593547827461,160442.3990859039
1037,75.8958449720169,21.925138778660102,25.87495780004608,-152529.01485475534,-969044.3238769778,-440106.52335357503,27321.007071592634,-332131.1366415703,-43309.489997036086,-1129174.396024678,-297821.5099652602,-134683.9560953699,-138235.76078788232,-14068.711564324058,599747.8715661305
1038,77.81786413754088,22.47812144172095,25.874911331173216,-121501.2621193389,-1201489.2265532177,-468635.9284040406,138494.61069524588,-450222.38927174464,-24938.275880931375,-1425626.7524280464,-291569.5940109319,-74430.07063761933,-166631.3459052171,-5313.5351286077275,193677.97710877637
1039,75.77577148817689,21.890623542083226,28.62494518660678,-110325.90275960995,-1310014.579414169,-389372.3636732727,115163.26812957082,-404027.4986525511,-37599.88264278694,-1468774.6350892854,-271294.6442265482,-69643.56653121834,-46946.718352145326,7538.48448347491,670290.5623716835
1040,77.93804496963492,22.512719870026196,28.624895858443054,-281306.3012797006,-1614278.898033346,-568955.348690456,188169.0610198693,-564526.7032451953,-5700.830884101743,-1879110.8377993207,-378094.1804644748,-207335.52973970748,-70284.88613842065,7112.271242906503,247775.21119887993
1041,75.98605034420358,21.60739570052469,20.37499294789373,-111403.6570579939,-343153.53604704345,-282104.27066717524,-75241.4849286471,10310.134840578894,19005.045640567514,-368179.1619168101,-280573.87736334326,-87908.4244920592,-259529.8987590331,25.180346433986237,529124.8797548234
1042,77.90979170585534,22.154400424985603,20.374966721798856,-86336.38239219406,-601175.2866195502,-649112.7404883867,79083.69107668755,-121026.99159282695,33044.281036451444,-757152.2299093177,-505405.88150205166,-74066.29808876158,-541889.2058248771,-10621.696672034044,109050.4147440745
1043,75.98609427173372,21.607457661776674,23.124976278927477,-125453.67153783672,-568336.7873637683,-371883.2362335665,-13710.719095272652,-216361.69804391463,-28348.952497200356,-708964.3728396823,-234920.01854568574,-121789.30374980337,-207395.5629066733,-28445.31285957252,542847.458683318
1044,77.90983821593338,22.154450210671467,23.12493430833864,-90404.94255378179,-842036.1217731305,-499970.4797391761,112603.2375107282,-373096.56201412063,-9101.552343894236,-1089560.8472623145,-283628.2192710503,-59222.477532723366,-289884.0311324559,-404.5256736733548,158442.21715885054
1045,75.98614477112396,21.607513677752213,25.874958740142787,-131195.574566247,-827977.8151114903,-405176.2458193344,16906.449714221464,-295076.62262139644,-40302.72459322708,-979578.8229548458,-267515.5385199811,-117255.2740222445,-136327.52471471296,-9163.667201852182,599398.9107650237
1046,77.90989145815978,22.154493069290766,25.874913982947024,-121740.8152179528,-1143885.537338913,-457040.32917648373,126586.02208654756,-437899.2323032962,-24486.107364948748,-1365550.109420706,-279667.7388661029,-77448.8334465394,-166356.38474991737,-5409.888187549787,194899.26577804823
1047,75.86596147137244,21.573372533806566,28.624946229391053,-82258.27951260144,-1130795.389436692,-347749.53131646244,101007.70748560624,-369922.61624717864,-35701.519430388165,-1283350.5000104238,-232416.43092218527,-45036.269333146825,-42277.51003710318,14745.4481063524,672315.1586052158
1048,78.03017823651548,22.18871529917877,28.624898597997703,-278507.4508403749,-1555996.8829206883,-554626.086680715,174602.55637719345,-550616.4336432086,-6378.413153472399,-1815629.219701441,-366600.1667179114,-206901.03402242583,-70155.44445227069,7670.428739097433,246213.8370121472
1049,76.06710840648863,21.32932200530597,20.374993345767034,-155312.25108445488,-474192.3224752221,-313902.8345468276,-86060.95333264011,-21821.977337782584,19606.45123272594,-497406.8140821674,-315676.17997069715,-130324.41405364,-274905.38095731597,-16430.588947941513,425658.9474420266
1050,78.0110706908648,21.791225683400416,20.37496913950128,-45156.54093432382,-326577.06991301687,-565108.0003332664,23323.224501796605,-12295.90916247082,32739.148837255314,-567945.6861203995,-327570.93723501463,-41324.98782519293,-526044.4222929697,-22070.81271501287,69696.04269011345
1051,76.06715026901864,21.32938278954214,23.124976888144527,-188729.85501080687,-735749.9495728299,-415830.69095777255,-32771.0591326667,-261641.21125813617,-21628.65864870666,-884658.8088070713,-269222.7118469087,-186428.97488742927,-222656.50589311038,-41320.547673509,450378.89734602196
1052,78.01111444769582,21.791274422199702,23.124937428531794,-35290.936453895876,-440777.9830206786,-411661.27104370453,41751.51179348974,-188307.49217346386,-2849.84766744785,-616512.5586625084,-241793.77164296608,-29423.860212804426,-304916.5994679923,-15196.791278033355,112291.23332743005
1053,76.06719910667137,21.329437752754508,25.874959499546396,-218077.70073449437,-1056522.2982148838,-466627.01995723485,-1568.1258597143656,-349329.11415263946,-34566.87782695242,-1219022.5869121836,-314156.6232121462,-208047.80878228345,-155834.70564815786,-27352.97972188833,491954.5398224264
1054,78.0111653815566,21.79131644818024,25.874916943685744,-45484.622462264844,-601996.8544922557,-334502.7719369172,43914.3306486065,-249599.0828036357,-19085.914785341083,-752527.7308758218,-195111.4693113183,-34345.04870429762,-180302.9477695129,-21428.070130459528,145260.85999040844
1055,75.94575049363537,21.30061451459711,28.624947115361618,-227179.63415865577,-1561489.0978904364,-461283.5439374074,81196.17249448647,-460632.5012053823,-30396.40777925241,-1731772.1559378053,-325231.2001226793,-192948.919926014,-67356.53369959461,-9658.152208383717,535383.353366175
1056,78.13271376667134,21.82021887521093,28.624901630065374,-159863.4999466711,-820770.2245589775,-380942.76550775836,68401.8454514992,-336883.54506833246,-4326.972066041585,-1007156.0503168956,-219301.62737821354,-135118.81231829795,-88197.35473678618,-11953.814625485093,184396.6183590596
1057,76.52675664926086,18.92330201875113,21.104160977621785,-58702.91592165346,89542.68159906086,-145948.3092974748,-142562.05156572204,242385.1673066253,-1709.8246128335713,-321003.9968328298,-79644.25171843606,285539.7049311986,-250884.15113819996,-17179.90617062163,411027.64347759326
1058,78.49209655965318,19.2939681872693,21.104143285987917,-27105.461029850798,-37205.73702655457,-359505.28220581514,-98107.16135264063,184549.64726754124,11840.57977537268,-449822.07861919096,-77364.63500634368,103370.2333633142,-434977.0743677594,-10586.797132288775,152412.7601885807
1059,76.52678582918651,18.923350659515176,23.645813767818705,-72858.86884164577,248246.67411111578,-132753.23919027342,-164610.17981387218,182455.76410250633,-51145.39375395659,-208448.9694002493,-134833.67432695266,385917.20980639855,-211599.47916856455,-30373.298795652478,438164.0282520995
1060,78.49212657478779,19.294007570985073,23.645784661001024,-36181.7721298209,114271.59504592382,-174576.42447425172,-113923.24999811046,92178.01177409393,-20781.623166534027,-202607.56293010263,-91814.86139414422,197935.822766098,-263823.9593309259,-3639.3748223291436,197065.84272538603
1061,76.52682027325483,18.92339458081075,26.18746615790574,-88771.05539668805,394636.7454335061,-95036.55100968695,-182822.1197677915,132201.95884379596,-57010.31892951286,-155489.01471450934,-124803.58506981024,491121.73881145054,-146164.1459319851,-15073.99383347635,479264.36233905156
1062,78.49216217912546,19.294041043841602,26.187434303607137,-82013.87909108464,226109.11572625587,-94058.38118095422,-123277.81732288197,31828.993604025483,-26783.381595143528,-131680.34552062096,-91766.71662631424,273483.91760115215,-148028.63562560282,-4820.875779267428,241200.876093776
1063,76.40402144277934,18.900263825060478,28.729122448697126,-23652.583348295477,560813.9788513465,23490.69300676408,-145022.59264686928,102238.45171956971,-25345.7214827143,-57686.05348445414,4720.237435550269,613617.9045587191,-55958.984294068374,6784.427908961176,527827.3327903044
1064,78.61503189762648,19.317233862376114,28.729088020183752,-174756.5444338448,279022.22478192125,-121901.24238105796,-102553.06461385013,-28889.953295075506,9836.584972523258,-197026.98050439663,-123892.59898304232,303284.01745445747,-60587.65635654243,5461.888866190604,281052.94162479544
1065,77.37568663082192,14.343715688141017,22.562495009466275,-61347.212658491844,58180.55478673192,-140446.71491249354,-80985.8522650436,173675.1114023767,-6250.407613055539,-248339.00774486086,-76554.56977878901,181280.20473939634,-200190.03180432488,-29525.86430218742,295187.6831213286
1066,79.34218292027816,14.708249278620809,22.56248584154856,-26210.783895471825,5522.92328261715,-251038.53134703077,-63545.89554857403,138399.0106041638,1982.3934447436707,-314122.59760230593,-51461.1029483291,93857.30859074951,-302888.800612545,-11333.322326713118,163030.73351754862
1067,77.37569840655577,14.34374474060009,24.687485503126002,-57985.588201649065,174658.39717437595,-118574.9775629526,-101293.665152567,129675.76381549014,-36150.22348897927,-167747.07132966386,-94281.75510350546,260126.65784294356,-171477.07745859132,-32585.048370454093,321749.0142657681
1068,79.34219491564656,14.708273539750135,24.687470664471192,-20368.469162043424,117561.65775128573,-131463.32735802553,-79978.47412103116,70248.92726933442,-16705.369727016936,-150075.83234893548,-55037.54573433718,170843.23931448942,-196104.94496958898,-8104.845547106923,191742.74656274915
1069,77.37315157232904,14.343295786966472,26.812475966759685,-53211.64987340321,287741.6056648098,-82016.34447370197,-119405.19626864025,92130.68668096699,-37710.969355386405,-108550.05751619725,-87216.55313428561,348280.22196818754,-121786.21453659385,-18363.34854262346,355792.00793850055
1070,79.3447698550624,14.708767986791525,26.81245950807119,-40191.73306688062,198724.5925125428,-76529.84912597036,-91639.08879406437,25114.806078835805,-19786.22076396224,-86755.57864632807,-64007.59342371772,232766.18238973763,-120030.04017786299,-9019.474523191928,218152.61363889446
1071,77.25025996052402,14.320532473082666,28.937468738785146,-14466.369650548644,400343.29522426776,-1028.6779933857906,-97149.30731985468,64699.70733030976,-15693.830699811395,-36154.030789454,-11193.682189540055,432195.9605593276,-51100.27149022863,-456.09578399642396,386572.1198147833
1072,79.4676908930133,14.73156639787426,28.937450730394993,-86262.37972381749,242468.54967333702,-82572.50922906629,-78362.34166973343,-15188.16390966586,4299.142464268612,-104020.81041330728,-83261.65068441215,260916.12181817275,-52956.864556225955,1192.8937714826184,246031.36343547693
1073,78.22409795907288,9.767214998209171,24.020828757754156,-47603.65464462075,54455.91642607532,-126860.19048718084,-51063.05158734823,105492.21577723131,-7848.259422363116,-176964.24263612184,-60914.19361820617,117870.50754860174,-159361.2921520292,-24956.779200587418,210771.4322497957
1074,80.19279555494393,10.119448211519458,24.020824732960254,-22240.443557660998,25466.354043682324,-171223.8615048611,-38540.63484889859,87193.8326870347,-4308.755419357325,-204836.22129747312,-36525.370343563474,73363.64062219679,-212068.33374615398,-9511.61607808202,137142.34667435332
1075,78.22410152475526,9.767230675860652,25.72915549854405,-39678.308558870274,138754.26756232092,-98927.95043113132,-64260.64136118091,69544.68791417462,-24657.91043243227,-118569.05653857497,-60341.456489835815,179058.52160073014,-133615.83970504778,-24668.2675439767,231994.4716554539
1076,80.19279901263323,10.119461731599035,25.729149300486803,-14543.184602787733,104572.37899913186,-93393.0510430985,-49127.01393936863,38843.950346386264,-14667.958185286614,-101116.89359039847,-32184.027772070407,129937.06471571448,-145449.2339323986,-7597.471871682446,156894.61625411594
1077,78.20614711081993,9.764113697437349,27.437482397937536,-27343.613749454453,213141.24876807045,-64925.049483379946,-72280.86878197429,45849.664659690454,-22453.514280490093,-76128.39120354415,-44421.96423010362,241422.9409688839,-95798.56340423448,-13177.757185509823,253851.16346644776
1078,80.21076117763448,10.122602893397492,27.437475612015646,-22241.866218162773,158018.75118075492,-58007.09791829219,-57480.297938892254,9037.46580449836,-13613.290282990829,-63244.332966836126,-34443.11220986303,175457.23222099914,-93836.72684361556,-7213.141328216861,172168.93032917735
1079,78.0831076006132,9.74210911023269,29.145810687546163,-8947.953921521723,276796.9785398929,-20181.544631303346,-59911.32489439603,30486.242043780938,-6851.455752732379,-23503.8236336709,-20804.886224679,291976.1898454175,-44462.74747977672,787.3864968908586,273437.50648021564
1080,80.33380909698931,10.144625779008036,29.145803467586433,-35095.54626393757,188110.36299546112,-50778.44265570089,-48700.00332038404,-8892.753826784989,2126.4376430567204,-51125.34540003689,-45246.44051097978,198608.15998683934,-46101.33021474275,1994.6619973787547,188195.47891502565
1081,78.669944515081,7.193255494550327,24.89582917895111,-55433.41081578984,-18135.236136341176,-143588.3520411465,-28087.252848805587,94065.88770528366,-5533.892543950834,-194440.34785483152,-62788.4267310521,40071.775592606034,-127426.12234271193,-23045.213656697615,166770.4920339342
1082,80.65192659003638,7.446418647749402,24.895827455938605,-26944.47593908196,-11598.154506280905,-158553.74598475493,-15871.291269686768,73827.7874441065,-7916.070524957835,-189246.25904153436,-32951.444283008736,25101.326894425278,-152613.96655226214,-8283.107734591167,111314.14835587314
1083,78.66994527776978,7.1932651740566165,26.354157316414508,-38303.783909813195,55170.067671673765,-116248.48531259174,-28957.704934549634,69350.24866722497,-13294.558117938062,-140875.5201658244,-46213.65924384396,87706.97785893716,-107845.4523131554,-20726.367977888058,189513.48896243636
1084,80.65192709233476,7.446427285618471,26.354154878810974,-15942.48585095135,37360.57448124236,-116904.25229726716,-17482.797818275663,42808.8076454883,-13504.089847583979,-128671.71299350378,-21161.26397841332,54346.81330494102,-116993.59018040735,-8848.130906876138,119213.09896832486
1085,78.63638232076921,7.189101061606683,27.81248574143186,-17020.306838548568,117231.9953784883,-80938.70453378577,-26667.1295220355,43375.22263801836,-11983.614559082165,-90579.36135766211,-21943.917045719005,131796.26240953512,-76624.02757668009,-11789.936194072594,207510.21779439808
1086,80.68549125329709,7.450606601595688,27.812483172249955,-8984.064321508555,71441.74007270308,-84178.0276080131,-19986.367440235943,12976.96739074801,-13786.213042157877,-87190.40795716332,-12215.372826890034,77685.4289272348,-82801.80963386923,-8386.63055562297,123092.99697966508
1087,78.51250908447022,7.173284357281766,29.27081510163803,1744.3341822276125,162327.75415393268,-45250.050833377325,-18147.81274956785,16033.979622249917,-6185.576957235841,-46966.23802294759,124.60275533920303,165663.6727703915,-40842.704674618486,-380.44363180489034,219642.54897203264
1088,80.8093659290283,7.466434893202339,29.270812651596184,-288.36828324860835,97644.268077913,-52178.411238561726,-15889.967422213847,-8912.989342088651,-8370.409593724125,-54352.32475564678,-998.25996006475,100528.0732718142,-43726.52677242309,19.91304548130843,132607.72256956692
1089,78.7198680045186,6.572299828873431,25.187496062451675,-46061.339081780025,22578.002593777863,-132123.77581944922,-26380.801443146484,82944.04029586757,-4173.058727547994,-168562.06864890148,-51734.07012888474,64689.02647033483,-122454.22753491004,-21179.80377565328,165400.9985225505
1090,80.71293294088863,6.738696259031491,25.187494861243994,-28389.427494574684,-9529.729744412656,-150837.85601711975,-16773.52297049026,72171.87268065746,-6633.046120635684,-181183.67196097976,-34289.855527905296,26716.514232777943,-140665.51132412016,-6681.299796818514,115103.32805294618
1091,78.7198684578083,6.572308336518317,26.562491076649884,-31575.97563374131,86505.5985875813,-104924.67805354619,-27145.38504410824,59429.75634761522,-10101.300357804099,-121933.42220042052,-37432.90560278232,109371.27270349668,-101612.60256481158,-18536.737845136628,184877.18058511615
1092,80.71293311738727,6.738703988425249,26.56248941631278,-16785.99472242198,42337.4838376131,-110985.78899833903,-17160.449734739865,41828.92785374433,-11068.985265920877,-122062.62037228722,-21405.498890721294,58033.81937986062,-109096.41850670666,-6387.943476511552,122111.29571991338
1093,78.680941688282,6.5690656016774005,27.93748663157132,-13136.57190949902,143200.36801329814,-72308.2520722085,-25819.617291955794,38181.43958474142,-7940.03931217913,-79062.43983962841,-17241.42216151731,154059.40603273644,-72069.8364666843,-9561.001862250314,203704.17584612092
1094,80.75186042046714,6.741960232078468,27.937484953860864,-8184.895702641574,81410.98779208613,-77341.06791670105,-19391.917631299813,14400.861567271317,-10763.820640867352,-79804.72008554026,-11357.274331879647,87047.01859016338,-75989.57391082223,-4479.520876317624,127987.66658141825
1095,78.55637550052762,6.558671218239338,29.312483058327658,4276.9196823048405,186802.08696404484,-37646.26821738706,-19004.349733181094,16516.62348521636,-2624.7680957909965,-38891.613571254406,2339.53856691834,189984.81343329867,-35990.688137567566,3302.2059903082336,220035.83444238326
1096,80.87642748272133,6.752365011961375,29.312481606901752,2106.8502944622196,111646.63069672423,-43716.86864893593,-15748.955304915868,-4011.934483621682,-5775.241425634281,-44664.93654678941,771.8401884554734,113929.70870058445,-37696.63393447683,4390.619909293442,139604.59507168128
1097,78.77508276382719,5.911075405155209,25.479163214968985,-42098.251858476084,27577.28531860256,-123094.01534757113,-21601.770178011386,68627.69045122141,-3874.8142806085098,-149832.45344329538,-46537.86806993963,58755.339625790395,-114375.60367712438,-19726.221888754633,153018.92614418437
1098,80.76864842215662,6.071242441318299,25.479162324155475,-25349.038180935284,1229.8487912003911,-136395.20759668836,-14848.9073734261,61200.95493607766,-6458.328398212278,-159677.8261938491,-30132.715381531372,29296.144588957217,-129123.66437142013,-5931.910992538453,112878.40123197867
1099,78.77508298561457,5.911082812324978,26.770825093678468,-29572.588290108004,88066.23997793235,-102769.9099982979,-23140.844998293644,50169.8781553172,-7934.118297947951,-115211.58828739752,-33933.94031340924,104869.27029033317,-99710.92666307285,-17404.99273001011,173941.39903565386
1100,80.76864837305547,6.071249342661153,26.77082391074662,-15980.306664132582,49040.94465611222,-105781.913739349,-15184.291709576211,36812.750997328134,-9973.641977813497,-114510.40803767822,-19322.520773762266,61111.65306407114,-105426.98482713063,-6260.327620407347,120103.47254522827
1101,78.73095398921481,5.90755178067306,28.062487708982406,-12593.309320403074,139936.46009556894,-70065.04366697602,-21789.87501742724,32312.35479604136,-5734.200690679583,-75022.58417341863,-15621.672866514797,147922.3641481232,-70076.45654871991,-8692.804488951348,191234.38897593765
1102,80.81277730849982,6.074792322509443,28.062486577567793,-7312.382060895907,86672.51395306933,-72727.56383631931,-17338.573910425523,13303.28156243927,-9575.458177211842,-74834.2830133429,-9639.612948252949,91106.46401744997,-72868.69773082933,-3871.688902381982,126415.28065277211
1103,78.6063562727903,5.897546103962334,29.354151174951397,3583.1977781458263,180502.75203597726,-37177.528599568526,-16746.10973158337,13491.118062028105,-1557.2104923773463,-38017.24428634114,2014.1610838739527,182911.50441702158,-35401.32681078801,3756.201311477221,207200.22589110292
1104,80.9373752348167,6.084807263320037,29.35415028777213,3493.5774470426186,115995.41017693093,-40178.54514997161,-14665.2952265106,-2642.88750494608,-5414.526049609388,-40966.88149885167,2377.954292278359,117899.36968057527,-36489.197384181905,4959.3159511091535,137646.25931632527
1105,78.81287285459588,5.421936507352616,25.77082993901233,-70503.35244051393,-81420.70978455407,-163416.67901340956,-21201.233478580398,89078.64168335315,-2879.9254192082553,-221025.47003766973,-77080.06382656247,-17235.207374245296,-112403.23911729803,-18262.053148129675,147686.65619196475
1106,80.8078235074731,5.563405396933675,25.770829275343072,-50589.327564973275,-87888.40893019922,-167408.83035934498,-12406.536382760109,81017.5033629945,-6576.848116085386,-217902.4439709385,-59472.965750016134,-28511.157133562843,-124460.19033744263,-5593.45414556572,112804.71596118114
1107,78.81287296387654,5.421942999038123,26.97915904663172,-49051.87175903291,9717.031553714754,-128829.84457456841,-22592.42373846081,65569.48186076224,-6246.620997427183,-155004.02414209998,-54966.156525731676,41805.49588794508,-99161.53543579075,-16075.05347322103,168763.78824929404
1108,80.80782334137798,5.5634115675741285,26.979158207862458,-32825.28648625208,-11035.325174587775,-125182.96798210868,-13134.736766168175,51897.39528879068,-9691.027000281569,-145417.05507972016,-37932.03878331598,14305.514220087578,-103813.3722446606,-6316.5859244542235,119011.29937707103
1109,78.76351759468713,5.418464845322618,28.18748845374797,-24447.415736448365,88000.48038440009,-82324.28887815072,-20824.583290531984,38318.80855673912,-4361.679030341081,-90548.17345183426,-28088.667764077305,99865.61698571258,-68350.86644925938,-7934.177611446814,182478.60807367868
1110,80.85717838553587,5.566900343807034,28.187487705344896,-16118.424493926279,52434.81755029877,-79827.36882416764,-15969.403231102218,19146.053532365422,-9176.827823616322,-83263.23666790067,-19305.176049293503,59057.436949399045,-70715.98434013009,-3741.421923495975,124094.66169237229
1111,78.63883309742351,5.409627245523472,29.395818692253453,-3335.865530814357,148048.3576175392,-43631.171441643084,-17419.37656444373,14219.778448730105,-1066.9527141416393,-44681.51694378571,-5306.922025414701,151069.75961428217,-34994.56199242069,3905.044151449412,197206.94333777967
1112,80.98186253519452,5.575746237266449,29.395818189892506,-589.6286225557051,98211.60186974684,-42612.88419915135,-14587.371465764569,-1656.100549410073,-5579.532748078236,-43432.04007790779,-1884.1552208848168,100325.28434683244,-35797.0876175772,4945.1329098545775,135040.22191765363
1113,78.8339310332887,5.095533773372537,26.062496552791103,-65354.84643002134,-55882.1852677439,-166333.70964271046,-20178.69981829213,84902.45950535985,-2166.0503551878132,-212800.0776433641,-70719.82664699989,-4050.837050111651,-117517.0086241941,-17245.89295824394,152489.3425685836
1114,80.82976592076209,5.22453438946277,26.062496020076242,-51882.11698123501,-81679.5312753385,-174580.25122446794,-12184.59376508494,82946.81401178672,-6131.093010221891,-223201.75015503052,-59016.7573552081,-25923.391970802873,-127992.81696684526,-5877.95090011933,118278.73613579485
1115,78.83393108322551,5.0955395469738445,27.187492363029968,-44088.62513348604,25290.243189077984,-123262.95900614918,-20732.15632810611,61325.38993946932,-5286.096721910114,-145349.81040505663,-48765.7002102289,52054.16966472828,-96686.9672665121,-14145.010991482472,168783.19761668946
1116,80.82976570041947,5.224539934180582,27.187491728291256,-32265.15225734198,-6075.946432427383,-122162.37426524577,-12067.79151438724,51744.54703096161,-9431.16527397074,-142066.6028239866,-36355.83885711472,17918.96872608618,-100337.3205362167,-5502.903742497442,121469.04640719162
1117,78.77935752685632,5.092017030684333,28.312488846425406,-21042.91827925972,97184.76152016108,-77045.32995688924,-18741.550424480094,34803.77212713253,-3276.869154845263,-83742.08919822819,-23873.818196582295,106712.4206788225,-65253.177702092,-6270.9284895056335,180194.04556456968
1118,80.88433892896167,5.228071938010437,28.31248832209221,-15105.42182619949,56831.37109265766,-75972.56837601127,-15141.219934738492,18680.624279057698,-8643.548676454177,-79227.59668356707,-17802.313318548466,62783.29089256244,-67420.22513624262,-2758.395946434924,125755.22842619574
1119,78.65461783305561,5.083958220773347,29.437486101263612,-1305.4861360322102,153204.7196160855,-40766.50210252192,-16355.498600934954,12849.083426337507,-432.62709056637823,-41624.621041889564,-2996.5767207731337,155753.92914019414,-33458.13685310909,5140.107933079378,194790.9508767717
1120,81.00907838952942,5.236138200385211,29.437485813600734,457.805081688497,102666.82914756279,-40022.056363840275,-14240.776563347334,-843.1321546725044,-5369.3870591098585,-40773.819529005224,-737.5873633186544,104613.98475773487,-34251.35319982639,5778.513475775447,136691.73403400474
1121,78.85506724217196,4.769135924800406,26.354163064352655,-65655.11513470775,-50961.11410767347,-175667.42066447966,-19680.906783228806,90343.08159478748,-1676.3275470400272,-223461.42342129425,-70240.26273357579,1418.036248009141,-121136.80250470445,-16060.354612201492,157436.02196402033
1122,80.85163036202135,4.885658288157003,26.35416265820311,-49778.34272106649,-64695.43949874312,-175406.97551181406,-11788.054132239426,84318.13851265678,-6147.321499510051,-220916.7218918836,-54747.33004737446,-14216.70579236565,-129750.13865155098,-6129.308756283779,122497.28870867907
1123,78.85506722569411,4.769141070664389,27.39582567082919,-42450.51166900587,26647.516490891147,-120189.08341474202,-19040.24548756907,59854.80121424065,-4317.487337010384,-141551.2006181296,-46377.815239282354,51936.937264555265,-93458.22098561935,-13005.665182824541,164533.68296959501
1124,80.8516300852132,4.885663265481715,27.39582522518319,-29395.52092521037,5752.061401151535,-114800.30609351059,-10981.097736826212,48438.24979174419,-9272.61792593401,-132107.4089868167,-32404.379421981383,26068.022791228646,-96362.00511806109,-5305.665622728699,120325.4894703835
1125,78.7952733703096,4.765672105291002,28.437489249970163,-19576.7590221215,98320.10772630805,-73980.81240531683,-17001.879434299197,32665.53101853656,-2211.8159422287094,-79979.21137676376,-21886.35700366805,106628.10467930156,-62780.65398183766,-5329.077393105898,175075.73465553153
1126,80.91142351809805,4.889140647051294,28.437488923698822,-12778.34792805686,65369.78826611905,-70661.37834253846,-14422.17453331132,16900.65745210636,-8166.70795830435,-73414.36617015056,-14924.7733532205,70269.20151889483,-64698.72893285841,-2334.684593827754,124866.88629100751
1127,78.67048812417076,4.758392864425023,29.4791535122872,-525.0263825827642,152445.99174790314,-39360.648450403074,-15736.135681004189,11828.90658864724,143.8438429232348,-40119.46481727318,-2079.898548412279,154759.68028060274,-33017.71831181619,5328.429381360558,188294.51534367815
1128,81.03620856191199,4.896426544411701,29.479153411020217,1969.0862569026212,108497.16971603305,-37161.79825595284,-13755.667142656792,-363.1646280958369,-5144.017541587135,-37858.5194526046,917.6819479693739,110245.29522161807,-33634.22563454558,5799.4029106008,134882.96604828487
1129,78.88055998700858,4.279201998964023,26.645829569738336,-34419.6400465028,53825.01640467517,-129582.11261068177,-16792.06300850518,56269.84068916878,-1663.2754345879653,-145549.4930076995,-36926.654491799774,72299.41124698987,-119727.5179533523,-15081.58875178031,153009.36950692083
1130,80.87815710052351,4.377003490228322,26.645829340231405,-24064.76383903578,26407.55816337034,-131944.36262557417,-11942.624764548773,55331.169898132255,-6038.369832369362,-149400.22189577605,-26505.482558464806,46304.13615300123,-125401.82824791604,-6304.476629980489,120719.9641050424
1131,78.8753570133828,4.278968173914045,27.604159603950123,-21266.067506184336,96217.11800524622,-89588.17842960132,-15918.18570251185,34595.3698500444,-2979.6919842627026,-95820.6631544652,-23350.59739959513,104534.13262352093,-89532.92073233769,-11544.798504438466,157697.5850506653
1132,80.88335949926898,4.377246413440934,27.60415938669374,-12739.051432846602,66655.58242325712,-88261.23635187742,-11390.223969839786,28909.454396228997,-8203.048797592503,-93936.35057010356,-14143.017983945852,73734.66319258255,-91693.17670939249,-4650.995524238301,119935.37774469118
1133,78.81033061061208,4.275796498367873,28.56249002958499,-7852.67149082628,136676.15584460404,-58537.50912531667,-14179.562402235468,19441.605325683006,-935.8746060942092,-60459.00065887155,-9213.31706543892,139958.2929527716,-59969.28901414801,-3734.393934480182,169986.36665071908
1134,80.94838538960042,4.380425428535667,28.562489934365328,-3563.6167365723704,99657.01226720466,-57086.43670967943,-13861.325445328688,9427.839232401746,-7307.450159917681,-58431.511337213655,-4715.538762546894,102154.00892071336,-61471.654810115404,-1231.828027947616,125728.07716405168
1135,78.69068355901692,4.269925315277466,29.520821044993284,5040.96495803279,168992.6217161541,-33039.09537423927,-13581.134723145571,6933.150177087753,851.7470914673318,-33323.010470988374,3977.4334626722034,170340.06830826378,-31961.054484142136,6414.267318306053,183109.76672888733
1136,81.06803214510265,4.386302333685283,29.520821162122786,6314.073358714733,125259.71609637227,-31552.470038588028,-12928.474464124816,-695.3713652424284,-4604.7435405725255,-32136.808866204803,5509.155120777251,126648.97316192655,-32362.52400475908,6706.940289165563,136003.73447443117
1137,78.91092676060893,3.616371358914734,26.937496659970805,-32578.954276644425,46516.02405408869,-122082.9674442095,-13059.595223570957,52695.109324365185,-1678.4898201074666,-137235.69930025307,-34306.5272992789,63396.32893276668,-114048.8944112063,-14335.763322694538,138525.75017466093
1138,80.90882939109457,3.707930626097502,26.937496574227097,-23959.833772023976,23229.440041831454,-122427.94045657435,-9040.12910764199,53770.18413138382,-6919.627243019158,-140248.22730066488,-25575.13105985567,42665.0241737537,-116551.18715557951,-6329.128055016665,113707.67839456111
1139,78.89531797402329,3.6156600077042946,27.81249365499977,-19228.44189991396,92593.39143822966,-85217.60552536297,-12578.229010181534,30926.318335016127,-1749.118958518499,-90444.95393968743,-20587.32921826319,99179.62717090336,-86036.20849660986,-10188.636440967604,147138.89387488307
1140,80.92443748550467,3.7086498205755056,27.812493622587983,-12212.051195959117,66903.08221653246,-83666.94184534973,-10100.744848546672,27926.582760090703,-7759.364442324172,-89129.66553175081,-13260.364120582435,73414.11882755681,-87258.06081476039,-4321.117081624541,116851.22311035621
1141,78.82507903387706,3.612444231805691,28.687491176705436,-6555.467683275587,131275.1601700113,-55648.87263901926,-11768.08968492728,16017.090424623962,108.51974643825085,-57035.97539972775,-7510.290845243678,133617.0860926878,-57643.98520867103,-2529.0909597500695,159951.7796597349
1142,80.99467585012496,3.7118718435413958,28.687491266772984,-2641.5200523718413,100276.40527406792,-53292.56938327414,-12350.831077084817,9668.667096410607,-6926.281058662389,-54638.76224660731,-3454.766826408453,102435.84491143767,-58403.16801186639,-331.91466542331864,124072.81776155638
1143,78.71581856016705,3.6074395793076817,29.56248920210958,5773.267880009764,162306.44528522162,-32172.261570401446,-12026.042413142093,5292.594439262451,1138.2823675213983,-32373.54391630243,4918.215459413815,163362.7800517185,-31394.123378451695,7278.205735527754,173873.1704346364
1144,81.10393596089511,3.7168813705536246,29.562489481347583,7237.8204646100785,126489.55319336633,-29908.79929919466,-12456.550310175075,135.31748924145586,-4277.732880455253,-30405.64100826106,6445.303345476755,127778.91202156608,-31367.445670462253,7518.090194122125,135513.0338614812
1145,78.9411050612776,2.9597881459934205,27.229163680420594,-30384.913990635425,42960.8232529475,-117161.7673849779,-10483.472278835718,49713.73747145731,-1220.1757879844963,-131369.79504685866,-31578.787630275016,58362.724554467844,-107991.56781234816,-12706.214606284122,128565.8553203422
1146,80.93969022267972,3.032610562849596,27.22916370226718,-22163.031473354713,26933.380121534006,-113252.89339665577,-7155.879748917276,50214.81363339388,-6995.028730786783,-129570.68153902964,-23184.536829080065,44272.67361963325,-108433.08743368229,-6050.888231138616,107966.79468022857
1147,78.91507975331862,2.9588919978932915,28.020827615170262,-16818.463047781304,88073.78039341379,-80187.92803660515,-9892.084989549405,27855.12749118306,-721.3325646834757,-84690.40660157244,-17692.821881518877,93450.61779211866,-80833.8998602045,-8200.547584958986,137153.88888616292
1148,80.9657148204659,3.033513121594298,28.02082772087634,-10371.756976498069,68721.43588103347,-76758.052727189,-9096.773532420879,25507.548482890663,-7080.417200412533,-81522.67232685408,-11171.01219751232,74285.31070171279,-81343.23894325238,-3593.993145231114,112288.62889149677
1149,78.83961118066014,2.9561691555305654,28.812492240255686,-4444.782540054643,125679.86016491795,-52006.39365110267,-9839.134523611761,13305.661024419413,1078.6276986304483,-53065.077910828564,-5095.435496051752,127389.19738064092,-54471.012710140756,-734.1253862014433,150154.40970230126
1150,81.04118282843208,3.0362411504988445,28.81249246410714,-991.3887458771896,101035.75703396209,-48979.16494984299,-11361.515158718328,9423.752802556717,-6220.533342630173,-50194.90095158125,-1691.0982898205264,102951.20257964372,-54990.40812614063,770.4183978565795,120976.07564776929
1151,78.74072444784949,2.9525191846551038,29.604157279176786,7255.47996388677,155419.49997260026,-30757.491622897425,-10505.016157105203,4170.431263933235,1499.83804425904,-30930.889446809397,6599.847881768423,156248.52987863042,-30552.860081576342,8507.053635531825,163871.90439696156
1152,81.1400692110283,3.0398952892477893,29.60415766131579,8529.724373220975,126453.29766599063,-28350.44162278327,-12453.881114153392,878.9743893142333,-3699.2442772704226,-28718.672141311614,7586.901743106175,127764.35081463374,-30504.632259071408,8323.019261664858,132948.72307053057
1153,78.96316592842851,2.1425104795597276,27.52083056261435,-18463.670736929747,64288.051505464435,-92178.9143452167,-7522.9990389853665,33616.56574041409,-683.8945656912246,-99104.51803177927,-19078.833056965745,71828.81751206303,-96704.40247193753,-10204.832691667825,113757.57461610943
1154,80.96269391788412,2.184098757920858,27.520830671031806,-12679.55757320418,49646.49292721864,-88710.07707089081,-6730.411238616799,36042.949187875776,-5586.528610265426,-97709.36591535411,-13366.99099595919,59333.21519443694,-95213.34190882948,-4820.807527531591,99125.38855839084
1155,78.92671524670462,2.1417873709423354,28.229161996505,-7949.100066622108,99199.76789773832,-64818.66639740967,-6518.066276148889,16559.527210346783,128.62636673761952,-66484.17464188901,-8322.50906833859,101238.68514393413,-72571.90491537991,-4521.245562125826,125910.13384143687
1156,80.99914395024336,2.184826750035029,28.229162196967412,-3411.6631208786202,82721.41047077934,-62451.73533728272,-9587.185938700979,17127.363048080235,-5410.070797323831,-64745.05511286236,-4266.73204026019,85869.79916574057,-72526.85631928498,-1288.8056026613576,108471.30468569568
1157,78.84600456701244,2.140126953140059,28.937493489812425,1344.6307398021454,126784.18420039065,-44094.41831144633,-6669.674177469724,7038.706281544752,1932.489288517292,-44490.515442123644,1107.2996549187872,127417.6124159513,-50039.49121646779,2648.753928233873,139543.69839556003
1158,81.07985414597725,2.186491252663333,28.937493790577104,3593.9736775521305,107183.71071612122,-42135.46519581687,-11714.24670500955,6511.853628643198,-5152.569866940202,-42891.33238522459,2712.640522208914,108820.91106087214,-50306.87872534399,3338.319617944038,119124.76371365553
1159,78.75748435567836,2.138254922715236,29.645825296146967,10139.579509546624,147638.89004187938,-28461.763503239104,-7543.975846104177,2324.56188939826,1881.363218006166,-28594.578668358627,9831.849668231507,148079.43504831404,-29289.27270860411,10871.263819496538,151891.73924634003
1160,81.16837408442392,2.1883667363934296,29.645825714941484,11100.960851158532,125891.54822311048,-26506.42049120974,-13198.405327657905,1150.4582031821333,-3135.0808300963777,-26766.0025513882,9848.00205486879,127404.08907957873,-29139.768523550927,10194.31423457963,130183.15046521527
1161,78.96976931562521,1.1488075459654177,27.81249787267729,-10820.313974395056,59253.63054866212,-72198.26027049692,-524.191401250307,21108.270304238973,-1835.091070054305,-75550.95802644381,-10782.738479425694,62568.75280963963,-77871.48888713318,-4674.115734577893,94953.10916171812
1162,80.98518086937949,1.1781261719347436,27.812497982093625,-6618.056188288992,50696.85098783493,-70084.83665112073,-8732.967267305828,24039.76863126097,-2147.445120670904,-74696.92094434245,-7891.156672782456,56582.035765550136,-75721.06918668175,-1531.0965927485493,88920.76496787125
1163,78.92289916441362,1.1481274037815592,28.437496330051076,-405.43564460855123,93543.9018859184,-51155.569366061885,1164.0759543725837,7394.493458641565,-692.8538778750741,-51543.501282002515,-407.8695990886849,93934.26775633915,-60307.56991936702,1926.6091890323346,112439.09797660718
1164,81.03205064123475,1.1788097778564042,28.437496503309493,2647.0982402634654,83331.2181261933,-50208.886348591055,-13230.628152352972,9775.158386243353,-2256.251612637589,-50952.44291662031,541.9799275657459,86179.89300692029,-59779.542303704475,2631.817914954283,104468.82809063442
1165,78.84478241059938,1.1469923865331,29.062494964996226,7613.293498597057,119131.40287798466,-35519.11982930331,720.8514949075291,793.3305757285553,1528.6020521177738,-35577.031447202615,7662.3739377556285,119140.23405672537,-43272.9737034292,8152.957961747437,127733.2175214719
1166,81.11016717775551,1.1799477257582893,29.062495199489163,8849.500990407723,106824.76317566603,-35205.32386545684,-15631.052507506014,2579.7348708188197,-3074.1556137153407,-35435.06349736917,6582.671141280118,109321.33265670591,-43473.57378238162,6901.853407670312,117805.84139834414
1167,78.7666655222796,1.1458573240805658,29.687493798636545,13391.583867162528,135027.13969860005,-25999.37674221689,-1738.9392028178165,220.12949652042232,1879.912997390463,-26089.45973737904,13456.579630988645,135052.226929936,-27909.53364780183,14011.458291474768,137727.85662790225
1168,81.18828379648936,1.1810853333512537,29.68749409884627,14013.84465930835,121620.37318489983,-25075.3890155567,-16139.77540877197,717.5690714452702,-2430.197173504729,-25226.461042724863,11788.689779103765,123996.60009227252,-27810.53588172997,12100.169758431315,126435.46192049334
1169,78.96864106733716,0.15841019995657124,28.104165187176417,-370.8978317285764,63282.41657239774,-46327.79665299018,9918.907531127614,3861.7414956977163,-4500.715445716659,-46977.20868599507,-1320.2965821673952,64881.22735584145,-56071.1925012736,1849.7297837358467,84464.44001282613
1170,81.01539936146371,0.16884820030605274,28.104165257967566,4628.854420372099,62187.73196852417,-44414.35192109509,-17790.604627018358,5464.029278952288,4431.999369918304,-45298.23389026881,310.8845250945479,67389.58383297546,-53522.51838045935,3330.369579857671,88178.67226932262
1171,78.91135235433488,0.15816384072798512,28.645830653429407,8782.751250877784,91682.63144755879,-28312.761469115016,12836.49658538932,-5792.753229834508,-4833.896477110778,-29078.153280005754,7265.204913202654,93965.56959612458,-44313.48510706319,7128.59866367003,102590.5471551712
1172,81.07268788097814,0.16909671845314572,28.645830753787884,13398.75537579766,89661.57848106547,-27474.325293826594,-23484.834640233577,-3962.590814700721,5052.513017798196,-28101.110096467484,7156.217057265725,96530.90160223834,-42520.274823054,6730.88912867262,106521.92111035757
1173,78.84364817812309,0.157765771073819,29.1874964735308,14316.753937347694,113325.78338645125,-18145.565293819196,13413.81255049873,-10198.157362218593,-4162.175167174755,-19234.48449693871,12773.006948591386,115958.44957832701,-33108.9143168808,11108.925678455382,117897.40405615236
1174,81.14039200642164,0.1694966328642772,29.187496597087925,18278.44007879668,109939.71052838252,-17905.780972275912,-26742.058948435388,-8342.56099522773,4671.754619440207,-18721.21800725837,11228.598104783989,117804.98953737767,-31925.847411949184,9631.184817817157,121418.46873010232
1175,78.77594392974581,0.1573676871603971,29.729162392759687,16227.740450523856,129480.01258722029,-16178.01911413204,9906.82561775326,-8259.93696191676,-2423.0700155943377,-16752.06364319657,15457.219212614245,130824.57835419444,-23692.230711642227,14034.654666857285,129741.14854899075
1176,81.20809612485948,0.16989636973702288,29.729162539003507,19987.17746304065,124484.35414128896,-15365.10849627934,-25874.350078866755,-7336.4581062811085,2847.572468513802,-15820.703735119445,13971.999539014352,130955.12730415526,-22380.045576302076,13050.670364945103,131923.68950315332
1177,78.93848384863061,-0.8217089972265539,28.3958321517504,-524.613966599065,40588.54749730055,-33526.91326818828,18673.86408188448,-606.1265949592542,-6535.650567269634,-34902.07130231513,-6470.491180292582,47909.58274512093,-44374.044835564055,-2917.3585586200657,57721.36213135443
1178,81.03715174007718,-0.8505497540049137,28.395832190444114,4497.746148230548,42549.36574838008,-31723.153838726408,-22811.358013780307,-552.9780778217491,8003.342663151089,-33686.21108599471,-4397.4433826814775,53407.61252656042,-42147.01945417799,-1918.0647223583453,62023.01365046795
1179,78.88119932457923,-0.8209793470481992,28.854165043064146,4760.071375865391,56149.428946164066,-20817.585178540638,21981.318453830503,-4659.499520992034,-9121.799101044324,-23817.318824929942,-1026.6031654102012,64935.83713382893,-38248.47472979731,211.58957352491691,69283.31478729134
1180,81.09443633156442,-0.851278234862465,28.854165091003438,10196.399453429804,58175.06565616273,-19473.736542467504,-27348.095383862386,-4459.648291405328,10292.377364093049,-22947.628789473885,514.0673065192832,71331.29005007961,-36216.626491732735,318.7126219943056,74071.60316265617
1181,78.82391483616148,-0.8202498419543575,29.3124977515134,7575.044546749279,69978.41311711549,-14080.136699439874,23871.43388599084,-6716.41603031718,-10804.917006092384,-18672.541521845393,3037.563845104587,79108.29864116572,-32685.188958226547,2485.857962959761,79788.17342478427
1182,81.15172076765596,-0.8520067417871601,29.31249780333296,13311.927385716423,71585.96356260648,-13017.96504000852,-30455.938733354335,-6471.108517903794,11580.898129481935,-17739.07115962914,3895.6784820297316,85723.31858591383,-30991.619276089983,2044.872731109833,84566.45742867052
1183,78.76663032124227,-0.8195203381451626,29.77083051148168,7001.40433544949,84213.21719710653,-13560.377279283097,23834.740807344166,-5530.70245174025,-8082.365580469601,-16441.393062718827,2576.075364099216,91519.56195189251,-26072.711162732558,1215.6693448326655,90698.36652302192
1184,81.20900512489128,-0.8527353903349641,29.77083056493854,12786.71696362195,84196.44354939078,-12489.102839075382,-31474.43166689203,-5668.320233955936,8471.770773259936,-15275.663092427954,3048.6796085278365,96721.04115783752,-24840.571244488354,1054.3306015806627,94249.60083963771
1185,78.87921633530019,-1.8108842977492428,28.68749913147465,-4141.847332696539,16202.281117002964,-32797.234590968365,16736.632712823517,2015.6674752405108,-6010.268727589357,-34657.96693499236,-11719.025396781293,25640.191525111713,-38474.67431461191,-7826.160825840989,32833.28290701189
1186,81.05051920983541,-1.860732418040725,28.687499142401155,-1159.05697116816,20911.739646664013,-30599.540945133118,-18000.21923438307,368.8444619728877,7037.543271841461,-32620.584406937654,-9376.009139109185,31149.735276409567,-37346.132952867076,-6804.8921986201985,35544.562366055085
1187,78.83235371899721,-1.809808150524747,29.0624987549709,-1321.4328490654761,23768.347185555278,-24137.80424936528,19067.935950688647,507.6159271115264,-8394.004805103697,-27909.098804220917,-8048.700449019604,34266.90934036504,-35221.0051265843,-5847.00906659516,38411.92564934587
1188,81.09738194396881,-1.8618080233723373,29.0624987650809,2039.6905740234279,29251.946735808066,-21634.827145185584,-20546.064721707095,-1252.395850478604,9179.238126340317,-25490.624406612056,-5625.364883228896,40772.799454486856,-34012.74935715248,-4999.18585998765,41414.31899548229
1189,78.78549113135973,-1.8087320259105992,29.437498426818006,-19.15288767123093,30773.313343609676,-18706.18207871353,20879.994491551894,-247.33955607589124,-9799.408898091904,-24417.098335819992,-5219.544185379091,41684.62089842401,-32308.138392762867,-4657.331351605967,43610.881299570094
1190,81.14424452682698,-1.86288352659102,29.43749843441208,3576.731883219877,36698.246429364684,-16306.904589406067,-22510.215561863966,-2038.1616148028872,10326.25928761179,-21818.498035392804,-2954.42758429007,48740.999342861374,-31098.482161138407,-3943.0811964668787,46662.59676548534
1191,78.73862849832584,-1.8076560624406457,29.812498139497073,-1372.8428297708288,37005.11042006947,-16308.796838584443,22929.691210447534,-595.0910935454713,-7307.72392534121,-21033.302380055997,-7566.529850584326,47923.3029823545,-27404.101219206543,-8363.424027091962,48644.57998023572
1192,81.19110703663358,-1.8639591910794142,29.812498143661212,2190.936140487751,42930.49242882031,-14394.789448876983,-24483.400545945453,-2221.765057066581,7686.704587425565,-18644.580259262726,-5443.906232416805,54815.1256121106,-26436.166188257168,-7524.335747854171,51330.802923341595
1193,78.82016299032053,-2.799038539905998,28.97916597249126,-4136.3842873405765,9077.809356955862,-30906.589473494598,10392.874826862875,510.2878583221937,-4556.403031069846,-31790.95781030238,-9027.889212439084,14853.682618862153,-34219.25426796538,-6279.393410447274,21415.78676537619
1194,81.06367200212554,-2.8719354126198544,28.97916597520319,-2772.3380493438235,13355.188769395505,-28056.791260489248,-10766.7829667956,-1668.0506536155833,5257.804136034237,-29112.395742272704,-7422.242882065915,19060.69808390105,-33822.837586890346,-6652.136263938676,20756.751911938758
1195,78.78372363419352,-2.7979087665044733,29.270832210554797,-2204.677343386743,13705.416981755825,-23546.027011750044,11621.290782347714,-684.7665918675895,-5770.435183979079,-25149.17794586165,-6983.559383726006,20087.4499562067,-30630.81601305873,-5681.953953001234,23908.61068011802
1196,81.1001112360803,-2.873064889132527,29.27083221281904,-840.1202095071694,18408.36726161903,-20679.403294435757,-12003.496519892355,-2817.6988954748113,6317.412325441113,-22532.600924595055,-5368.456269372282,24789.900951643434,-30062.62564091988,-6047.26355014048,23508.85493086906
1197,78.7472844225769,-2.796779014755114,29.562498732896906,-1642.8585292783919,17073.96138342269,-19173.660048721886,12877.080225434554,-1075.8686858341227,-6144.70042796265,-21373.861481877968,-6334.3155934981605,23965.61988079854,-27265.707383116438,-6085.113519145661,26127.56777476885
1198,81.13655045120541,-2.8741942609977134,29.562498734202226,-369.4396804349126,22066.484240377275,-16749.743828032555,-13188.798044818348,-3004.0448793575906,6523.464587217879,-19100.84031335471,-4778.757001627426,28826.898046891954,-26827.880306552695,-6406.436246658004,25844.950565869818
1199,78.71084525376497,-2.795649415548567,29.854165287022155,-2971.4197465089355,18647.355022418185,-17112.25088294332,14598.575938110367,-1172.2240332416,-4398.181407237158,-18698.243813961282,-8953.744695342926,26215.672902270147,-22918.69247783516,-9148.384583174311,27733.300742425952
1200,81.1729897497741,-2.8753237827007436,29.854165286965117,-1888.876249100601,23913.348607428787,-15518.329448247274,-14691.23162611049,-2635.7030714466227,4639.395814808478,-17065.243339220135,-7395.2011543469125,30966.587403647965,-22960.674708168077,-9428.181248308045,27352.727403904584
1201,78.742952368428,-3.7750488361285495,29.2708325612539,-3806.166837804805,4457.004866863221,-26695.954945906567,5707.168138272133,-962.8313753613864,-2777.459803102594,-27030.7270702062,-6518.1178287101175,7503.727982068167,-31852.664537634235,-5633.464722547202,12025.773464331893
1202,81.0575187702902,-3.893718965296202,29.270832563957438,-2773.844183817765,7959.171209778057,-22911.489207883464,-5609.305081309117,-3232.25538001589,3288.819545918525,-23613.742701787283,-5009.024767949004,10896.605287813112,-30703.045420438095,-5640.0615491532235,11211.077829010912
1203,78.71694326337027,-3.773767877394247,29.47916589079867,-2438.631627922031,7296.416638954988,-20467.037267297397,6518.762960045016,-1744.946812920915,-3498.6595288257904,-21132.3695991173,-5356.7611620534435,10879.878504906304,-28592.75857605094,-5689.731331229545,12900.275962207277
1204,81.08352775597206,-3.8949996307029036,29.479165893969796,-1530.8504822867426,11076.332652936806,-17011.46235699043,-6352.583138488238,-3900.0364742343063,3853.593143504753,-18125.962358327753,-3886.351265686136,14546.333437673524,-27241.39838584498,-5619.120079072732,12535.836442079855
1205,78.69093429260893,-3.772487054531667,29.68749899080743,-2237.751978614588,8882.489552495748,-17584.81406354265,7398.087395703829,-1692.3442345769483,-3605.6073594686222,-18389.76241420351,-5450.990228404621,12900.676152946642,-25345.173118817584,-6234.467550289704,13789.068017248037
1206,81.10953673214614,-3.896280181099094,29.687498994144253,-1552.4024865068513,12843.067579881696,-14927.276816553278,-7126.842480979866,-3553.5139728285294,3836.785143615347,-16052.062730415197,-4081.0555909988516,16496.50659823561,-24262.262432379135,-6151.190163094547,13671.492244665309
1207,78.66492533971353,-3.7712062409453098,29.895832109759358,-3217.935868149994,9356.912632692407,-17298.967612121323,8555.163811216466,-1011.7524823116256,-2561.9927627136585,-17761.40034608024,-7222.154069820647,13823.563568321973,-21753.086171953775,-7662.3526263641415,14656.722525553203
1208,81.13554581563695,-3.897560989295313,29.89583211292483,-2866.287887741406,13453.092807574727,-15831.710429447325,-8100.617235797551,-2360.62443517222,2750.6060323014876,-16410.767261638943,-5943.335057881465,17109.196809906403,-21408.65124956311,-7658.120902983069,14510.221874173578
1209,78.646693376559,-4.7602817320614825,29.562499429317032,-2757.3629927534876,1911.3561681699975,-17737.078114604,2795.215936953136,-1953.6810546691318,-792.8771871960015,-17947.405173648298,-4063.9304004164915,3428.2506348773004,-27926.98812815816,-5390.677378611161,5229.613752314511
1210,81.0329513878491,-4.904715732337794,29.56249942981681,-1685.2221499009975,4936.693641922352,-13139.974938860443,-2627.505870924716,-4363.218157234375,1236.522909975359,-14169.790981136974,-2595.5503098674794,6876.837844165373,-27835.97198918084,-5225.767380868809,5467.343707719318
1211,78.6310968887231,-4.7593376872385615,29.68749933931659,-1650.1111645943367,4070.220498746734,-13259.53593838164,3365.34040703525,-2471.3413203419595,-1374.246911569887,-13675.717042994178,-3202.490223943554,6038.780662708492,-25320.832116332975,-5334.371788464283,5920.590286324249
1212,81.04854775561988,-4.905659686461569,29.687499339753366,-777.251722780381,7253.299179282418,-9258.034765346654,-3084.815978520462,-4668.698725831125,1619.5139816758333,-10553.239657090087,-1825.3262005950203,9596.578548840489,-25250.132703737196,-5195.275580660848,6178.156195810014
1213,78.61550052908757,-4.758393645895155,29.812499257377226,-1714.1984192851555,4987.256913097811,-12988.675290712035,4001.900205894661,-2076.919064628671,-1535.0757003658678,-13332.967144177817,-3556.806157979377,7174.156505257814,-22898.33081788639,-5462.9742277787145,6666.891136437742
1214,81.06414411999273,-4.9066036437281815,29.812499257710574,-1168.6976085001247,8219.591519584495,-10081.377617476302,-3599.6378450662623,-3861.881069261679,1705.781153034208,-10964.355655319256,-2374.7464217690417,10308.618370696373,-22843.33842285101,-5341.503562726778,6936.20436527083
1215,78.59990417410204,-4.757449482214619,29.93749918285069,-2770.681858461538,4906.120511533159,-16123.988760119417,4761.616147148378,-984.4031273220322,-1083.2896274650757,-16229.759099397881,-5021.228666914209,7262.437659264289,-20648.797081372668,-5822.038497664307,7411.04842344225
1216,81.07974060467731,-4.907547603185972,29.937499183074035,-2659.068667038767,8119.503232293703,-14696.939912832266,-4216.3638594394215,-2126.3682320219227,1311.566760587168,-14966.664850539944,-4085.364401420195,9815.523904382815,-20597.185684767523,-5711.095383050861,7687.11923337719
1217,78.54988826080796,-5.756193768890421,29.854166312173714,3418.761234030522,6583.047064878739,10550.00597996293,1375.93836997844,-8107.406880770365,632.904343484158,-355.98507536882295,3985.517259886206,16922.282094354807,-23776.190558152994,-4818.466549476911,2427.3118428532853
1218,81.00892962341257,-5.9050331422642826,29.854166312097178,4375.6284289183695,8632.663259533674,14907.292870057016,-1141.1527617153283,-11144.980784272004,-1035.1366546830802,-310.80080210168154,4877.283525946523,23349.101834664223,-23802.20147527843,-4788.238680935184,2504.3834083545726
1219,78.54468938828656,-5.75587913043724,29.895832786176612,4107.519227999917,8103.320136647478,12601.809213844626,1581.990023473618,-7911.426394621987,-16.75285442189535,1510.7233869978838,4659.673575811133,18642.251615683002,-22524.366176131116,-4634.313973751485,2709.9912580766413
1220,81.01412837260051,-5.905347753596081,29.895832786058925,4822.37830403722,10017.600314068965,16062.5777563296,-1266.4284027606425,-10322.755275503689,-472.3945947034393,1737.6295258986954,5361.0002705979305,23803.926577939157,-22541.97942660912,-4605.639386836126,2791.6598701524085
1221,78.53949064113588,-5.7555644923788485,29.937499511257368,2557.0265856596266,7347.80531162258,5778.453715292215,1808.5051409548346,-5969.298796846567,-306.11304907251946,127.76044324704186,2732.492564198041,12823.032605129336,-21316.34768257536,-4461.381856857628,3008.545881054149
1222,81.01932712137727,-5.905662490270187,29.937499511103635,2963.155358239006,9070.015857333627,8083.2079780209815,-1413.431690728317,-7606.193750705769,-34.20926238367555,537.9250943509949,3302.983211212007,16275.470888030606,-21327.437415004613,-4434.264390625374,3096.4438961441438
1223,78.53429189429473,-5.755249729671078,29.979166237375303,-1041.1916736955607,4510.965129482991,-9162.481470883149,2049.739493225037,-2412.839658070166,-125.34241724770291,-9581.76244155434,-1667.2095855358973,5556.264011994519,-20154.744341452693,-4298.709144499426,3321.7687248847947
1224,81.02452599480262,-5.905977102243275,29.979166237188423,-994.6981270920032,5997.865375774038,-8214.743411915142,-1576.7347223241152,-3107.6716566440164,166.53417613056735,-8867.852114578505,-1304.2457850914923,6960.5217364368855,-20163.186083188273,-4273.658612787375,3413.946791695009
