element_id,centroid_x_m,centroid_y_m,centroid_z_m,sigma_xx_pa,sigma_yy_pa,sigma_zz_pa,tau_xy_pa,tau_yz_pa,tau_xz_pa,principal_min_pa,principal_mid_pa,principal_max_pa,affine_principal_min_pa,affine_principal_mid_pa,affine_principal_max_pa
1,0.31790801606252006,78.76415951504836,29.854166367828455,-3687.6397489911506,-125236.06116454415,-82898.28954133125,228018.0495996367,-324579.0091478891,1616726.2702529985,-1754664.2749592224,-33512.74166747695,1576355.0261718328,-35836.51352361584,-8729.303006645952,152161.67605753764
2,0.3487013438240486,81.22750716306884,29.854166372014518,6828.718828981553,-81987.57266188119,-50858.06394331473,-233758.00631233232,-203366.10082926942,-1630005.8587451465,-1710858.6942514032,-23757.795710964187,1608599.5721861527,-35783.161667472115,-8318.400772216151,155417.32805902508
3,0.31784290578944246,78.75895161898885,29.895832810246024,-7264.145563936196,-127547.71940216207,-101541.1632397318,229747.13263236414,-228007.49747206827,1165538.8654277099,-1309488.4583979305,-39004.16107621713,1112139.591268317,-33083.524687717225,-13900.187027963651,153342.9710648229
4,0.34876648470059624,81.23271505936394,29.895832813796396,12368.876155549882,-75049.00376111052,-33285.75049699911,-235442.84554748362,-139680.6377257139,-1174259.606507668,-1244885.417877126,-19175.13486016859,1168094.674634735,-32489.809904792313,-13219.328970986422,156400.22206881345
5,0.3177777945392544,78.75374360825688,29.937499501873905,-6797.161221323597,-126651.8864980455,-102754.79893041133,231621.49301712372,-136703.5375191381,705796.6260534506,-854189.8602772849,-42448.50868320902,660434.5223107134,-29394.761786733325,-17706.43153547921,154196.39856949128
6,0.3488316233693709,81.23792294543522,29.93749950519403,13466.993361742778,-73336.13753059579,-32040.52204279493,-237323.10018831893,-80810.31293654133,-710503.451380655,-790453.7084577102,-20270.00578665908,718814.0480327215,-28867.68800897368,-17132.511789578442,157177.44995254144
7,0.3177126818227397,78.74853560714435,29.979166193853473,-2281.417835872904,-122432.82661783736,-86319.39196484939,233667.42430463366,-47783.51665165483,237941.1740646518,-419425.83444030076,-56760.13503444191,265152.33305618295,-25223.62529799663,-20791.698378220583,154967.16321708902
8,0.3488966346284374,81.24313094700801,29.979166196896927,9783.730027271049,-77082.3229598407,-48353.086890992185,-239408.58217051296,-24212.787289716394,-238679.59386658133,-380440.1882213891,-38376.88888652917,303165.39728435635,-24875.361760703443,-20479.839211001246,157810.7062361731
9,0.9849637221404748,78.79228186832461,29.56249948765537,-2761.4442974802914,-139374.6009848975,-117724.103474675,312938.32883605355,-131001.91768144125,749097.3842559586,-933461.6111274275,-42375.617886672524,715977.0802570471,-53104.55277815033,-10433.752585017057,206829.7045458216
10,1.014845392904408,81.18271854047923,29.562499525425565,21160.602011296793,-52987.178756580535,-35637.99054416873,-326672.3555805743,-30183.667069626717,-740007.1260302303,-830213.7391570747,-27801.618622520527,790550.7904901428,-50962.07985609828,-8798.974737389684,209216.82323129853
11,0.9847684834610435,78.77665802327033,29.687499260195416,-2612.117208052223,-134241.8919333532,-132912.38559448422,322517.7515651324,-92805.27291388837,552677.6616976968,-758666.8147195438,-52848.03912305042,541748.4591067045,-42775.16655152211,-13471.809299324052,213710.80857505582
12,1.0150409166712486,81.19834236941563,29.687499303406028,32308.25638590011,-35469.89572444315,-9940.5544548444,-335850.5850467852,-8816.521839725501,-544022.0519055563,-636458.418503231,-20512.812127281155,643869.0368371246,-42168.34506496402,-13045.056362024281,215576.50418731716
13,0.9845732257073767,78.76103410947808,29.81249904117495,804.7437226369257,-130018.72328575898,-128346.26448417112,331424.75183857116,-62529.56591561199,342055.0816174617,-581339.6065292084,-66708.20471885352,390487.56720076874,-36029.08893231386,-17554.72746730138,218783.95524883267
14,1.0152364103530411,81.21396602197733,29.812499087702093,34753.25891488137,-30879.54001811025,-11208.473324856925,-344793.0840196068,5488.358604537705,-334639.2509121556,-471818.01074738253,-26209.55112093408,490692.80744023074,-35602.32043146735,-17213.379475511327,220299.99078545428
15,0.9843779479851873,78.74541037075083,29.93749882638087,8126.424376906751,-125610.39255903516,-102307.72636963202,340529.15786321525,-34562.79661534849,119153.64765891436,-437679.666488757,-83038.27594969604,300926.2478866926,-31126.328789269446,-22450.767226927972,222784.94052693358
16,1.0154317475767982,81.22958987942606,29.93749887790425,28901.456540103936,-38269.05546487587,-38536.52978792488,-354382.90058897936,16928.22921367051,-113471.66290664473,-373301.1089423038,-48238.4797713664,373635.4600009734,-31040.631178332427,-21015.97020378986,224136.67836364795
17,1.6484568493451857,78.8204599193793,29.270832409422198,10827.906043782335,-179104.1302099522,-153635.5969936118,405617.3043360853,-119858.18968495337,575263.1211548952,-852387.0307054932,-57385.92903204655,587861.138577758,-53908.6661855973,-4348.039501661554,301983.58739827713
18,1.6845544657079998,81.13787404926194,29.270832483265856,40562.47448382293,-31178.378460446,-29454.953580884852,-443036.3339802231,18000.001020034222,-595198.661660697,-728611.9324836282,-47803.89876482959,756344.97369095,-70535.37426245914,-7737.158652351289,273806.64793428936
19,1.6480337841413468,78.79442159376265,29.479165430882865,8258.006232400097,-160872.0134899735,-171536.9887236586,426905.546245539,-86650.1417595501,441981.56205257436,-750587.9840251469,-79420.32012945281,505857.3081733677,-44190.828149356326,-8505.559461983186,310631.76053204807
20,1.6849779073464957,81.16391239940732,29.47916552056385,55006.40157705398,1320.9872615169024,7308.868101712376,-456788.51133200986,33604.05929780299,-437275.23334496777,-586044.6081571773,-29122.26743103971,678803.1325285003,-54497.25750467025,-11101.614303562395,283007.96862811066
21,1.6476108079381864,78.76838341867412,29.687498215075614,12682.365927179962,-152651.3373134945,-161777.204253996,443353.23300568917,-69466.34407495339,281256.2148809106,-641556.7206980026,-95885.95102463907,435696.49608233117,-38345.0901402793,-10862.326204046005,318514.42367986275
22,1.685401329687962,81.1899504582386,29.687498336604346,57519.12103068284,7486.948603881991,5786.521284441392,-471107.2823968559,42497.185838662175,-267302.1947751107,-491653.334407299,-30144.47955465001,592590.4048809552,-46046.26665752475,-12974.624370522892,291024.0146359822
23,1.6471878467655086,78.74234547912252,29.895831007617055,21844.43614856113,-151896.71514768875,-127057.36566425145,459542.5554054767,-54255.73711692851,103789.84148769977,-559795.2182292216,-103906.26211597276,406591.8356818153,-32738.409461940853,-15925.080339358561,326885.8276926066
24,1.6858248305081713,81.21598851424218,29.895831173126226,48822.4976467171,-7395.359175219413,-31777.403834595225,-488252.47409337055,48077.74095056349,-88567.90467202067,-469905.9423750021,-47225.78115253529,526781.4581644398,-40789.054795541895,-17530.351397088827,298182.4242217742
25,2.1384505853970843,78.8477677305859,28.979165736060068,-84330.50705835786,-466728.1554552317,-262525.5590085588,929775.9018959289,-216244.25215258164,915164.0810156082,-1665378.1598022855,-146442.8782798893,998236.816560026,-35601.943043916894,2972.794463905786,368667.95574967493
26,2.194333512417704,81.09181772428875,28.97916572550808,3888.085369660037,-43530.50992730863,-34140.34733666017,-1039600.2580453166,47728.811555865774,-1016285.3517546314,-1447507.0650974116,-86444.05723573091,1460168.3504388337,-86508.7512388635,-10314.543660535697,300565.25071035133
27,2.137506553090212,78.81132197074243,29.270831503914298,-84457.67991083895,-385253.81718538253,-319335.7583113952,1017085.5950521406,-171817.74053332262,739456.3028383709,-1582081.0297759771,-178660.2143813006,971693.9887496615,-33091.425590722334,-414.44177212062544,408066.6173489409
28,2.195277817758113,81.12826373691894,29.270831494564597,40041.32144814954,49809.30440400688,51499.89365082651,-1074872.4285146715,93270.53702385187,-745431.8729258172,-1220549.4873213859,-36353.02308458105,1398253.02990895,-66352.79741300223,-14956.622772715104,319078.7430198039
29,2.136563061969944,78.77487656833469,29.562497457077555,-73117.38191665415,-349968.4267546983,-298600.4020017724,1066020.9015449684,-161315.9222967082,478166.4946437212,-1455450.8571744128,-186099.11734926837,919863.7638505563,-30008.701296812935,217.28076306375868,424640.0066373545
30,2.196222184652023,81.1647092758562,29.562497555104716,46168.32464929768,63740.22089649927,59296.39918284451,-1106567.578678943,123583.9203249449,-451246.1205822222,-1101663.0609276535,-26106.5684815616,1296974.5741378563,-55308.69711975031,-11611.595044322123,332610.3784187711
31,2.1356197426671915,78.73843131227731,29.854163395531124,-57532.900758276985,-354734.66019023105,-230514.15160902217,1105807.4318410738,-152541.75700775988,182213.45408710954,-1370268.8823973509,-183334.79168043964,910821.9615202603,-25442.349629414857,-2581.2077681108776,442239.1115965082
32,2.1971665721956155,81.20115456200054,29.85416364695046,26381.713444839912,22197.5377511298,-15282.05357752637,-1143687.769378833,144862.33984463755,-142270.18776535918,-1119403.809071982,-49146.42262173109,1201847.4293121563,-44934.828400862134,-14547.171536659684,349020.6673263918
33,2.465635307249673,78.8739711252495,28.687499150147246,-73091.1853175261,-489464.5260380069,-263138.74353272666,784989.4160949563,-184453.68976638094,579939.6080621133,-1340129.324120146,-166465.5903913841,680900.4596232713,-8569.38361949543,6369.422050683433,418530.9301251037
34,2.5334913690799494,81.0447836661038,28.687498782067493,-1537.4171963547524,-3903.063097918617,-84955.57436257205,-1144780.9708726346,54374.00331110511,-864567.7065732826,-1426118.6573344409,-107786.11605981235,1443508.718737408,-81743.41362999663,-2533.6173281381552,321043.15586858557
35,2.4641703598508142,78.82711892077594,29.0624981458925,-68016.26204892281,-389458.8376967619,-323357.7504523843,949889.0550667469,-161072.30422418303,536579.1296737584,-1404483.7955849124,-201068.75767457392,824719.7030614178,-18121.074968426812,12240.413793421665,499244.5266225679
36,2.534956639492051,81.091636598903,29.06249775956615,41681.38005093425,97361.7625379162,12098.915958537234,-1219944.366344619,98369.87669803812,-655611.3054902934,-1285369.8643988539,-50814.334512632326,1487326.257458874,-58506.79080838925,-9514.421404564438,358085.3420143238
37,2.4627063364823654,78.78026689991785,29.437496918608822,-49904.4032139236,-330803.3619358191,-293070.8346070099,1015791.2512309218,-153231.26155292898,360737.50947451993,-1336461.8850933793,-199220.96525761895,861904.250594246,-20021.325971336555,18058.080351845103,530392.254764443
38,2.5364219803583,81.13848907125876,29.437496787548152,49451.14969392617,103798.09920673042,33306.45105494855,-1262231.0340234465,132517.1768130398,-395130.63574859896,-1216002.3922698246,-35577.375338025864,1438135.4675634555,-46973.73267908649,-4618.074459246201,373433.61191549385
39,2.4612425736396237,78.73341496781859,29.81249559356014,-34935.06660339991,-325969.31843847974,-237041.56001362478,1052157.0668680903,-139027.13947226456,147968.09442903346,-1281700.0955798458,-198338.31886550022,882092.4693898424,-24425.39476612922,19515.600018987723,551490.461043769
40,2.5378874895983445,81.18534118263292,29.812495836576186,31192.643523747887,52763.60339806882,-29910.633836190682,-1296136.9330870775,154408.4846267454,-112125.07762415393,-1254903.485384039,-54738.01445372723,1363687.1129233923,-33907.18183242329,-3682.344974410836,394131.9184244513
41,2.7967272539684336,78.90010732038417,28.395832781250228,-73587.57769299681,-536547.2554733378,-328628.9552654617,453261.5896047488,-192519.88332823737,254108.03222362816,-956929.9553344512,-214050.1359668189,232216.30286947376,31837.609602956174,37826.31828041376,553990.0642059882
42,2.8687434526074425,80.99781755732528,28.39583159986486,1555.2929391006728,51029.43389543589,-134945.96367289388,-1057632.5962854254,45246.96210114656,-637058.945198638,-1214988.5725591658,-125117.25957773093,1257744.5952985396,-73097.32434406795,4725.553892401711,352140.9936952306
43,2.79474154225319,78.84285072847919,28.85416493182084,-67072.39942734674,-457905.1213281467,-375936.1946882232,736561.4900734368,-187481.30241667127,342245.0702131606,-1185173.1896152312,-245216.44313924664,529475.917310761,7500.88123784328,50494.73929928665,669162.0094937617
44,2.870729758547521,81.05507556449032,28.854163664900184,41830.38016662576,137806.77456311317,-48647.96733723302,-1190901.2685891895,71852.03416200132,-517103.1775632702,-1198557.1440315363,-71545.25946454606,1401091.5908885882,-45662.45660762747,-2507.4798937665237,387292.98543437454
45,2.7927569127592733,78.7855940178527,29.312496390110077,-40784.86763863438,-384418.7060886632,-317701.83953306364,841446.6742013704,-155785.6978624468,253706.28692468765,-1165246.0851541932,-234210.6715865958,656551.3434804277,1457.39501050706,57570.48350514875,714627.2097449233
46,2.8727160425873612,81.11233321605947,29.31249557994916,50398.886318422075,136079.21239488665,-22001.568259753934,-1249553.0360003617,90307.84025342742,-314240.39977836673,-1180689.7974292752,-55203.78822564011,1400370.1161084701,-30069.39303477481,5839.433067508089,406381.77580943657
47,2.7907727163266776,78.72833736420246,29.77082760866867,-24877.151648448133,-362733.6513671815,-264070.1236195799,881611.9530860458,-101802.60949925744,114667.06238709434,-1118340.94273419,-237764.05890078135,704424.0749997618,-12448.061694904784,58879.617324892766,732552.5351712077
48,2.874702793962624,81.1695904321924,29.770827499543635,39476.807998388715,90156.10728870369,-58202.6650531552,-1267086.0218285117,93179.72908885982,-73752.5065079575,-1202661.341422311,-68036.77374765291,1342128.3654039013,-20668.39888675366,21747.074743786598,430795.95427901065
49,3.1242938636286826,78.91387757355963,28.104166878526915,-103429.70662028354,-600450.4605191308,-410406.0300210166,-62186.21244453856,-227328.9010278518,-48180.262316881235,-761178.593119727,-259227.8985158637,-93879.70552484001,38459.953753250215,56009.5565429159,601637.8546244379
50,3.207364995379263,80.95905367286173,28.104164481083778,-10761.654301473438,44043.70071410737,-210899.46392542517,-900508.8600002752,5854.864515651464,-431243.68830430537,-1008740.3762151833,-166434.06271577568,997557.0214181677,-79497.24890977326,19394.26262286194,354548.4622122332
51,3.121983161608656,78.85663382387403,28.645831705029053,-92647.61970030746,-586898.4399365142,-449226.96037663287,282667.6036588891,-237733.1970919857,119554.63336417965,-879567.0969731265,-285181.38952609245,35975.466485764104,15730.396815186952,65412.45523885291,761481.956862224
52,3.2096773559168597,81.01629999664087,28.64582897254884,21810.079928560477,132648.09887894167,-139057.51307028343,-1068289.4568149308,9729.935196055652,-381103.5633108255,-1073174.686243303,-113876.45866725233,1202451.810647774,-46996.32728659193,20386.31902176778,392963.26184857974
53,3.1192178145278158,78.78898311007025,29.18749605484955,-62414.72199008874,-529894.5559040194,-370074.8164583232,431495.23586945795,-167494.0786383551,128447.89974087752,-874167.3474002664,-283964.6794197003,195747.9324675354,3420.088187012949,73099.27812714646,829748.1205538725
54,3.2124449444346674,81.08395263661424,29.187493902342826,38174.416674616026,151865.77853143847,-97559.55265793859,-1155372.9067717346,508.1120169600572,-237344.50935626493,-1091699.723357616,-87441.62925974913,1271621.995165481,-27936.214183407228,34062.46731051913,416956.84412489133
55,3.116453167720689,78.72133224908977,29.729160006898244,-45152.19186139578,-498497.68063918874,-310622.0532206218,486692.15778655815,-57382.799772233506,72907.74802161069,-823687.7787410334,-297294.4049284821,266710.2579483092,-10644.987856231483,73661.56881469888,846593.2524232254
56,3.2152129996730463,81.1516047844442,29.729158864629248,41556.60477084104,136181.56445051875,-88929.91455184031,-1164298.2345870954,-23579.358604682937,-40221.932763053635,-1078467.9700881995,-86939.69176844913,1254215.9165261681,-18912.624307671987,56763.208675476504,437551.80839133484
57,3.4547745034331876,78.9150397377353,27.812500708204098,-142069.1146735008,-636053.6714103849,-458786.6407296213,-477318.9756437707,-252521.34232716993,-196014.7805146672,-1087279.6196945792,-300542.6499924117,150912.8428734845,10676.482530699685,51304.073183423156,550274.5159477168
58,3.5429152718721135,80.92873380830403,27.8124971354875,-59474.03083403548,-13421.355290353677,-294771.20006109023,-809628.1163088954,-47731.23589839664,-303114.57436421857,-945685.3700946107,-225063.79476139985,803082.5786705312,-101242.10314008479,22129.222018852295,324208.79368186544
59,3.4527255546640734,78.86821160814777,28.437498817693303,-135123.86036003614,-694792.4633187889,-501190.47323969123,-187217.3553964448,-285156.52523998363,-36458.903706587495,-937095.6692587989,-323108.5076934153,-70902.61996630231,3787.475619485537,45089.132358073715,716289.2982251509
60,3.544968199910237,80.97556599309334,28.43749447477275,-11564.341316078884,67366.10879710561,-232128.21855998924,-965095.1675816141,-67431.80876527561,-283675.603887409,-1019368.9477184275,-168791.04972300722,1011833.5463624725,-63295.27089039241,30393.50340943942,358478.0632963475
61,3.4493102630852817,78.79016296558316,29.062495968217014,-106646.66831363527,-679585.5447304274,-430169.24337976996,-29808.70152455871,-203327.1079250421,31664.77442680378,-793564.8355018937,-324514.08660638874,-98322.53431555035,-15160.594497441507,58059.886213663434,820189.4583752045
62,3.5483870437065512,81.05361799845416,29.062492100413508,14845.979610358274,113967.54723125813,-171006.47340212011,-1082858.9762006328,-98247.68831191925,-182096.08021627727,-1064228.0387977865,-128663.3671054506,1150698.459342733,-37862.82794200678,45510.52272197107,388775.12275918084
63,3.445895257112725,78.71211384700504,29.68749255871822,-86638.48028848792,-653726.5115795647,-358939.36717904534,44650.5573403651,-65479.09260244493,39518.60688987197,-672233.3791994818,-348248.75718866475,-78822.22265895149,-20608.0578204601,61748.254207159036,852070.1618590895
64,3.551806244906656,81.13166948106937,29.687489851470914,33480.73166195296,136419.14323923807,-116969.58349662996,-1102055.139450734,-136008.35782135924,-18472.382488368345,-1030940.9984836951,-109952.09923627233,1193823.3891245287,-24196.080818455084,67420.41632820769,406104.76618627773
65,3.7850109526254707,78.90841280601228,27.520834399753962,-183663.58157882048,-673250.3083082316,-491994.1499006774,-740383.9224007623,-276704.6706972887,-235745.2972385114,-1359668.886368859,-341691.9747141516,352452.8212952812,-15314.467808841324,50632.66755480224,531615.0077525575
66,3.878708822394694,80.90620394102739,27.520829830407852,-76433.5914796315,-57531.88057487216,-352529.7725020566,-784303.990567306,-93651.16139678925,-231084.19624784117,-942082.9075844351,-270571.1845072132,726158.847535088,-121050.51627217946,16419.23758281226,312424.2019355496
67,3.7833219605781365,78.87199699054956,28.229165868105625,-183162.78741067188,-781116.2626370017,-542732.0415286189,-545396.3532881249,-338154.90419168037,-111351.78176256709,-1271051.1851743697,-385608.35109927,149648.44469734724,-5228.291727781537,20744.416831477258,655541.1557592887
68,3.8804047243106736,80.94262542852881,28.22916000367499,-34305.48364671192,-19147.406865456484,-302144.04964507814,-903262.1220997341,-136278.10542488142,-216361.94485511564,-1017323.4235915353,-217534.40021171776,879260.8836460063,-77999.12945800333,28067.69231847039,338817.2383980592
69,3.7795501903289805,78.79135907378334,28.93749601120357,-151130.47461094812,-802192.5200685661,-484001.5892056825,-414922.10207604134,-271640.04193815443,-22996.21873757089,-1108940.3845770457,-398605.09923321416,70220.89992506309,-30120.24414280192,36210.7394728408,774403.3878809155
70,3.8841819761448644,81.02326838439785,28.937490323747532,-13796.615909625816,27376.08770366432,-230603.10902078424,-1029830.9125484148,-174894.47509055774,-143707.67201486533,-1082706.7281099497,-171618.3317919234,1037301.4226751272,-48178.865090596315,44263.510756409196,370653.6915348902
71,3.7753875597254294,78.7029176642206,29.645825443433704,-129920.44531642416,-794655.0450702555,-402830.75512143713,-331919.7571126423,-132049.71864310687,19577.445349041183,-955936.0086099345,-390432.6006936393,18962.36379545697,-29541.645318481824,44392.38646147923,828230.9420003527
72,3.888349928092123,81.11171343640652,29.64582088023772,14955.560356067457,71365.10161399344,-146292.13919990882,-1064152.9378182497,-210597.48450633994,-5668.711357118144,-1046963.2580986464,-137819.95944501352,1124811.7403138122,-27420.419731987262,65818.0164026596,391817.3778418296
73,4.111680379143079,78.89206648940929,27.229168271602358,-210816.37880164417,-695010.2053871343,-506023.8073762308,-894446.7738578129,-293932.38275552576,-224818.25079144377,-1515234.4846504736,-370334.1324681991,473718.22555366316,-35935.25924447876,50605.13803793753,536201.7817189049
74,4.217860328076463,80.88923277391787,27.229162760254166,-100370.95514765431,-81906.5691443284,-403801.59673719545,-819336.329817328,-136331.39544798178,-196005.36576718095,-1003019.5491827046,-312827.9809049361,729768.4090584628,-139767.07823507377,10659.357818267501,306007.3920478582
75,4.1103189395109245,78.86606490388203,28.020832589119074,-209470.34429899568,-828164.9159075721,-564748.8533041591,-790548.3760751871,-380433.34737525234,-133325.1369070988,-1526371.8611006802,-419398.2790177303,343386.02660768374,-11963.20626023353,8994.595628657022,633518.7829941255
76,4.219231860464078,80.91524169963407,28.020825241970744,-73682.91824211793,-87515.54679371956,-363092.72747164493,-918395.4970192348,-203330.50640963952,-180411.17179605702,-1099116.492948323,-263195.6013574473,838020.901798288,-92326.8713691775,20010.200074691602,324518.4738903782
77,4.106321162861356,78.79065409230408,28.812496045295987,-178243.05263159954,-870675.1157238103,-512581.6850072503,-716524.2286073403,-338575.5274864789,-47425.6077490874,-1427943.3027713336,-430937.6272650071,297381.07667368074,-32623.846049954253,20649.089506393375,753216.9558988647
78,4.223237315501053,80.9906593584626,28.81248850229321,-45624.17089686039,-52330.363427088305,-282162.86209744704,-1048934.7378457007,-248367.6269335153,-124638.89106306598,-1176123.2696284158,-209997.11408270526,1006002.9872897252,-57911.456916531366,35959.67754594208,356177.4854811054
79,4.101053703977138,78.69183934787821,29.604158702589917,-158863.54030896357,-887464.3029895646,-431445.21780698793,-649951.64208924,-217244.85879607292,9610.61579021273,-1306737.9439471331,-414329.50256411097,243294.3854057281,-30712.84593555602,32167.603335043874,824600.9883971924
80,4.228511671723991,81.0894794810153,29.604152104435418,-11058.667574041696,-2241.0538949305846,-175666.39934700253,-1101215.1482060445,-281000.2111717166,234.7747595889335,-1148954.7520295728,-165517.82407067931,1125506.4552842772,-30814.501302811695,56566.5656912996,382132.4820430245
81,4.4413661601690695,78.87349301322665,26.937501851493277,-225646.30835744907,-705010.1185119115,-510101.22179328755,-980942.282067282,-307672.8886502868,-190762.51538043295,-1594582.499021683,-392254.816078012,546079.6664370464,-52962.283768678455,48623.3694134986,549162.8042527022
82,4.55378529413461,80.870327494698,26.93749547251879,-116693.9238814729,-88427.39384169299,-442161.4061323432,-886601.9989986,-174588.55065319515,-174743.94960339903,-1084292.2717090913,-347147.33254888764,784156.8804024701,-156988.8438721101,6852.772911045556,302526.84071605175
83,4.440494964958624,78.85789771094444,27.812499472593665,-219426.35444047314,-849929.1061081972,-574235.3946301482,-952511.5651033571,-411787.2070440664,-126828.03960935042,-1688629.1970048693,-443128.54041407193,488166.88224012306,-24137.14719056166,8005.197265364814,635732.1757474486
84,4.55467025034594,80.88593173351947,27.81249073204277,-101869.02279869921,-132114.03722690645,-410997.64268641494,-985110.3503847431,-267132.7183421258,-161066.90944082433,-1216778.98219531,-300706.5340851223,872504.8135684122,-105295.66991880185,13121.223612940094,319579.0281471433
85,4.436547857212237,78.78770104249902,28.687495998521904,-188152.218321571,-903229.3276890774,-521889.11112684093,-945481.6719792146,-393469.1798995522,-50932.1259777563,-1666652.4954243007,-446137.1189467493,499518.9572335605,-30237.681292270623,9857.27206252401,750045.6718079089
86,4.5586276252122095,80.95613725246032,28.687486654132893,-70998.24171211112,-118170.86908455046,-326759.99808266223,-1129058.3825519378,-323953.28622534074,-117013.6292591912,-1323269.3783187703,-242726.68715008354,1050066.95658953,-65484.44261365437,27178.653518579897,350513.989925366
87,4.430403505056462,78.67850292918997,29.562491713091323,-173546.26815040255,-946302.4040207159,-446558.98308645026,-915680.9916345943,-300494.39592666674,7710.580839949053,-1606672.9276471413,-427343.03737152944,467608.3097611013,-27452.56566598903,23176.75330482155,832774.9806424608
88,4.564780665674835,81.0653430872114,29.562483033237516,-34583.497982074645,-75754.27021796574,-203622.64276521865,-1206141.8686067064,-356753.535246368,2635.8450375505363,-1319970.3380223636,-191316.18266385375,1197326.1097209584,-32478.311999319285,46081.98675079344,381430.3142132189
89,4.767933988545026,78.85514406912709,26.645835351845125,-254611.72500857562,-744311.0347588299,-533631.4793443481,-1091918.4083596456,-345893.5967879546,-166067.17310417801,-1735104.674235722,-423843.82912005286,626394.2642440207,-68255.59966185167,43341.79274917305,551388.7450798453
90,4.8928272014412055,80.85119761929437,26.64582814059706,-122460.4425262544,-74264.36184251722,-455497.77789650095,-902421.3384360785,-195310.0861139301,-139030.32316687482,-1089048.7939310903,-369053.31918868126,805879.5308544987,-173540.1824976635,2146.5475093388686,290430.0141135815
91,4.767650879534848,78.84994995134348,27.604166282551176,-244250.1813133557,-901724.9671753948,-607386.7300247145,-1126836.6142934388,-471747.27714056516,-121173.64372283478,-1904651.6107476805,-479567.3720925314,630857.1043267476,-40518.08245122253,5695.9152515815495,630400.8639545519
92,4.8931281809414715,80.8564026530291,27.60415616208713,-114772.84016550289,-143809.3501076717,-434371.839579334,-1006907.3212035284,-305769.33363810804,-134479.15951524724,-1255887.739680058,-325869.70745924884,888803.4172867985,-121606.54874465957,5170.1765613936395,309879.93372760375
93,4.763608754789501,78.78497895238557,28.562495866285264,-212164.0511047499,-962138.298219632,-546428.2862614789,-1189642.110724239,-476440.09206324746,-52114.54005607584,-1958410.4291284122,-470909.7055594457,708589.499101997,-35070.56173735398,-3423.675783638401,727795.4277065021
94,4.89718358588963,80.92138498660543,28.562484692902785,-83366.69633703632,-150871.26492743305,-352687.265129979,-1160545.1962249216,-374532.93261689093,-105345.1743934568,-1392252.7374014822,-263643.950648897,1068971.461655931,-75845.58576473682,16254.870585575025,338902.5836062295
95,4.756100477798583,78.66543077646195,29.520824671207286,-204588.41520823992,-1035960.9613520758,-472584.8233278957,-1212228.2754536022,-411302.57623559516,7608.715938179362,-1975492.8169993884,-451431.30046699534,713789.9175781722,-32556.75580680746,7339.720548562687,807583.7108814976
96,4.904702603452921,81.0409433545037,29.520813812948493,-47609.4944134198,-121286.66582542803,-220734.54536046876,-1255661.9248265342,-408659.11044282385,6216.476431136475,-1412602.1593650137,-207706.96833200945,1230678.4220977062,-37225.58171781897,32702.955998525595,370484.3364679081
97,5.257372905878325,78.82141461634257,26.354168812854006,-58507.98656636293,-381716.50991216087,-300027.666222748,-568839.3873717275,-140317.5534063246,34798.66338602511,-827475.5320670207,-302498.11542754504,389721.484793294,-87440.60472774369,44582.34055298025,600466.7117459333
98,5.400973435768453,80.81623869342548,26.354160017479654,-64662.660515572716,-59788.236249138616,-386919.0008295523,-495789.6266699375,-82866.2911281686,-2231.3478190653873,-577280.2242611444,-371640.9150100711,437551.2416769518,-208996.7676995508,-27.54551979048629,299661.2990717897
99,5.257385963209777,78.82142234736123,27.395832475065763,-16654.837441423573,-452467.9599284591,-353093.5880044664,-615100.160740932,-211482.80273330575,16882.580521063042,-933944.26255545,-330078.21100765,441806.08818875055,-54707.25118901046,7958.824564440602,661242.5799739829
100,5.400983539795773,80.81624542721846,27.395819943263284,-28076.59975487487,-97014.71979468563,-338522.2535981716,-554124.3290569417,-145996.74655742422,-37525.55114774097,-670951.8478706806,-291729.7013712646,499067.9760942131,-136981.9271765025,2202.6048823034753,318013.2262361685
101,5.253103502895318,78.76168870710818,28.43749534486102,40058.23968664954,-470498.8860036571,-317700.9224342961,-673537.2156902414,-225951.41964595625,33865.81358155899,-978630.2573258334,-303882.53307667875,534371.2216512087,-38493.78582867339,-7470.34647475609,744081.0653909387
102,5.405283339519062,80.87599435072339,28.437481217274346,-7081.6860541728765,-110725.02561952973,-282071.59739575477,-646142.7101267558,-193076.76089295524,-48795.27809688898,-770648.7516000815,-229078.13175042803,599848.5742810521,-81970.66242167239,9429.054889530405,346692.10798911715
103,5.244134966284558,78.63701929545343,29.47915752286238,51275.612523085074,-517489.51843373466,-288565.7854216696,-707692.6733473343,-218544.0219931003,39733.93396123807,-1030519.4729416703,-282871.4756452876,558611.2572546386,-28381.30526968379,-778.9322790356733,825912.8061823865
104,5.414265438871511,81.00067772372473,29.479143254401485,7340.4132778466155,-103622.41903266203,-191563.26315812822,-710738.1163637833,-223887.89947857772,15183.131702714749,-801164.9972476531,-182022.26720373245,695341.9955384418,-37812.086319075155,21012.290906004175,377967.35221295664
105,5.919038030739373,78.77169024700365,26.062501826437785,-63374.64586054877,-418846.5228911017,-340812.8106811184,-643202.1047054922,-161145.16526527825,59833.694324454744,-923344.0666120432,-352660.280586703,452970.36776597716,-108675.36350700901,56941.86598590316,685484.9088511476
106,6.06886897931842,80.76606551278037,26.062490697735292,-80671.09746408029,-56377.14639242377,-464291.54115082213,-575992.9613811979,-102839.38299694342,7138.511385140558,-667246.2919240127,-448010.86842271395,513917.37533940026,-261718.4131052145,1701.1636897165308,323697.1770219811
107,5.919054780525141,78.77170083502321,27.187498535542556,-31546.521581996363,-480342.50062485656,-385494.8671244673,-721933.709022005,-253990.85566760617,38281.39785399379,-1062361.0243948537,-371626.4622916144,536603.597355148,-72456.27318290251,8134.844445172286,700584.2206711895
108,6.068881240922589,80.76607512477742,27.187482486248992,-44035.591420458804,-103136.21296640023,-387565.11302549264,-654723.1704638897,-193919.6983925928,-39179.694930287034,-798427.1291594075,-329747.48496362503,593437.6967106808,-156578.89354312693,-301.285611945888,325039.5267296692
109,5.914971132278609,78.71717785187572,28.312494383534233,32648.926591135343,-483990.39041309064,-334111.49625831324,-823484.7376919321,-282074.92572788015,47509.194998156105,-1139502.281275349,-325818.87047912064,679868.1916742009,-47950.70019939336,-10757.544208009858,762473.0438020385
110,6.072987148427139,80.82061911247882,28.312476129208363,-22599.082764253802,-125414.66603845012,-315509.8150604991,-775763.2982843199,-254262.6787384545,-53050.208150216444,-932710.2409041135,-252394.64729289192,721581.3243338024,-90051.97666169835,2175.703107126325,352440.2389677918
111,5.905615682501375,78.59253933667904,29.437489694619643,50385.56128719941,-533627.632502158,-287852.0785251896,-894702.93275711,-291926.27627255575,52883.1154313169,-1228699.4525371254,-287324.34263925767,744929.6454362351,-27828.469900271237,-11442.321693142978,838274.8621146346
112,6.0823599209965185,80.94527711997554,29.43747075884224,-8721.595689546612,-127317.55420323645,-214177.73623206685,-867432.6663156446,-294601.0936608509,11932.095705965421,-994272.4044878605,-199949.14577469655,844004.6641377073,-39834.35172079087,9118.440476841175,384553.07711428683
113,6.580705650783052,78.72198564342642,25.77083501089982,-64469.88703207135,-448997.53284264106,-384692.7706979612,-743070.8422168052,-184341.82501516578,59804.03129563224,-1042843.6488296184,-394123.47082376445,538806.9290807089,-125476.11566470777,77238.30614454308,757502.8175236954
114,6.736763168457447,80.7158730734444,25.770821232088508,-89376.24888489011,-45182.41687483045,-543899.1319718224,-654654.5623726463,-117266.14896600865,6166.30157416065,-751721.5054350611,-521405.2243338145,594668.9320373327,-318415.40727962676,6208.549500669308,342518.8001180646
115,6.58072534436481,78.72199990257016,26.979164609744576,-47778.583933968825,-505869.98878464237,-427583.94830628403,-839820.0693656114,-310231.7310955442,53953.06082280138,-1208186.0656604874,-417772.96360557247,644726.5082411647,-87902.8957440276,6675.661216909742,742644.6526457933
116,6.736777349864847,80.71588639362217,26.97914460836636,-53093.94646322454,-94558.11246112963,-429064.0861646343,-747710.2267439653,-239743.6313169254,-42255.465340294904,-908499.6449669732,-359517.9359681627,691301.4358461474,-175750.35585689073,123.5747158058182,329671.19535432535
117,6.576889084719009,78.67268549836267,28.18749327621113,22582.573516396253,-491327.42236658704,-354970.76460642635,-979931.3134702983,-350977.4417770647,58989.2424905404,-1310785.97832153,-350181.3956430378,837251.7605079503,-56611.03109407509,-11694.993753063824,782512.468098008
118,6.740640664651038,80.76522895393825,28.187470584700172,-31039.85054351351,-118987.14496309176,-339436.30413983535,-898168.6886547753,-310568.7673590101,-56592.165794320346,-1071516.8407912562,-268223.6950570403,850277.2362018559,-99095.8277137366,-2110.537310123018,352981.6644284453
119,6.567147019038975,78.54808085572344,29.39582167710602,48325.82710165845,-538458.2351659036,-286189.3338528741,-1092357.7323870538,-377855.99792013847,67062.23703985097,-1436285.001155841,-292321.53753072553,952284.7967694473,-28948.47776163749,-17165.175444984183,849320.6620238307
120,6.750404030798383,80.8898599344209,29.395797743530498,-17310.055978048502,-124813.69846050523,-231556.54244433707,-1017798.3934541702,-361997.8656749667,7333.198589924369,-1163866.9646054755,-211838.43085046904,1002025.0985730538,-44522.936024356124,1289.7559572757948,383606.593898827
121,7.069690833240633,78.68219950641286,25.47916883788338,-362612.4514912255,-916897.1743258662,-760705.9411324967,-1690967.9253253532,-611339.6319926656,-135429.16167275392,-2528967.8994236686,-632733.6175083033,1121485.9499823838,-132943.65447809844,89149.79078758783,782996.2288518115
122,7.244428373791582,80.6745073686599,25.479153098914946,-189038.6498087718,63364.311130835325,-765123.0447702566,-1436521.9476305747,-429722.07469930424,-133401.03527051708,-1674171.46869201,-620138.2246119851,1403512.3098558022,-353785.3570362408,11044.612597857991,354476.84140107135
123,7.069712740799379,78.68221703767219,26.770830916104664,-374085.08708079206,-1019172.9989663912,-833395.9044685016,-1952011.5635965199,-930471.8875626251,-89729.91859737007,-2961051.4201075155,-682578.3461717293,1416975.7757635603,-98239.17958600688,4895.58347734977,773426.3036410657
124,7.244444218637908,80.67452401610407,26.770807732340298,-173709.30294239783,-55928.86680607265,-657078.2679511587,-1682125.4161717987,-739182.1293689527,-151910.19962968948,-2080327.286379856,-457463.38685243495,1651074.235532662,-195162.08564144874,-1497.6668739380411,322755.07614560105
125,7.065880245797575,78.63813240784027,28.062492553699293,-290904.6118203462,-957559.1027565668,-666636.73478874,-2335906.829134132,-1034029.2354929228,-43863.36913363089,-3246510.5315227043,-574253.5809529031,1905663.6631099547,-63891.908215705356,-14710.872112701702,789561.9293872968
126,7.248307907566017,80.71864329291961,28.062466310610517,-139755.2021595096,-95373.88818767662,-495541.95382461895,-2047672.032466415,-888434.892975396,-131994.7596048427,-2440305.983435535,-340395.9577193021,2050030.8969830319,-109068.38158880729,-6349.822469219534,344899.6561382988
127,7.05497286185986,78.51362968680692,29.35415421372301,-238252.7268349689,-1026528.9549643887,-488452.2688452054,-2660424.19185364,-1104056.055108718,37081.63949852877,-3544741.5528017627,-478202.6499292315,2269710.2520864313,-32588.553401576468,-22495.718578834494,847303.4107406838
128,7.259239945427037,80.84317870958645,29.35412626255279,-107309.94060448233,-91427.752448316,-300565.13375018944,-2340787.754114794,-986294.0192912191,-14152.859338970511,-2660558.7202220582,-261134.82036021387,2422390.713779285,-50878.74402141341,-4516.714461816237,375228.3742350135
129,7.395334105853822,78.65154211387294,25.187502619854747,-342810.5342220813,-858103.9498173167,-721365.8015637202,-1698596.541732989,-605709.2068310651,-114007.29854202419,-2482620.240223186,-609790.5327941548,1170130.4874142224,-134549.80799518366,91993.5933155267,776633.4761998793
130,7.582522215976755,80.64275808500659,25.187485872252946,-186931.38343345132,118898.5827501466,-781480.6316909223,-1560831.3890848057,-481729.5438690237,-138054.27649188344,-1786610.9157238498,-627665.5862874235,1564763.0696370462,-366288.5895725819,14984.133032688937,357935.4524738236
131,7.3953580263654635,78.65156212648188,26.562497914680147,-357218.53024644125,-965803.1167568386,-817708.3981585124,-1966190.8535683984,-955124.6123583759,-63417.35691379026,-2938546.194544953,-682780.7066633196,1480596.8560464794,-103722.33611676817,6569.396336169376,802333.850344342
132,7.582539658091323,80.64277723070359,26.56247266337608,-174921.73792541886,-3053.9327809635724,-685658.4753612448,-1838694.2804890568,-843824.931056658,-151891.2801087996,-2249390.4484912213,-471731.8899221775,1857488.1923457715,-208832.772888374,1514.8349314813518,333702.4218573743
133,7.391723730365347,78.61269122418808,27.937492263947902,-267933.09499721974,-882328.3857850011,-646929.4981988701,-2364034.7869468178,-1069252.5618639325,-22519.610931823594,-3228197.6710004685,-566798.5520800729,1997805.2440994496,-66424.60889010379,-13215.528596823779,813033.9965740152
134,7.586209069453405,80.68168824828697,27.937463601717724,-139625.2618028807,-38733.10229535244,-504436.44442470965,-2259956.3267842964,-1015072.5521716349,-133395.4274781901,-2662080.670121515,-340982.9160576673,2320268.777656239,-112364.24115497251,-4390.423157607386,356079.8505833513
135,7.38004024458994,78.48825940662535,29.312486857302638,-205150.37238118227,-926755.3527371078,-455371.1525924552,-2713695.0771550746,-1147600.8607836654,51030.13027302209,-3535348.5324906395,-454181.55395502865,2402253.2087349226,-29302.03385450628,-19202.371979394695,873123.1968744234
136,7.597920342545457,80.80615807644189,29.312456144893666,-102719.6253001443,-25233.520597895003,-301381.80198761536,-2625184.433895134,-1138189.4679455105,-17898.471198338495,-2949543.874999262,-256678.53315250238,2776887.4602661096,-49311.4620675334,-2016.2428273068347,391904.6504141253
137,7.72409280510609,78.62064098307147,24.895836312271015,-350693.8899193714,-855540.4176750672,-722559.2160980072,-1805802.2423001998,-659553.7949224352,-110477.46075182599,-2602376.9714831053,-610330.3989723055,1283913.8467629654,-134098.844688107,91765.12985547302,770191.8972726504
138,7.917499991941003,80.61125271669538,24.895818424652933,-181995.54588886554,148999.46795698613,-776345.6492508656,-1598306.0385356727,-506074.37321596814,-125365.9524949012,-1808649.0409777514,-627363.8789764357,1626671.1927714422,-372825.1127760189,15379.437134830407,354010.8684665031
139,7.724118912658479,78.62066341931379,26.35416492342175,-369372.1543059235,-970687.738690598,-841900.5877928426,-2102361.2475376567,-1052209.2638640627,-58507.70015284186,-3112388.4194053225,-702826.6825087932,1633254.6211247523,-109244.25782947899,3737.1412376434114,808180.7831643668
140,7.917519052020748,80.6112743216052,26.35413754344407,-171720.70380987867,33016.059526704776,-691198.4334777715,-1897465.8399485105,-894348.2678316212,-140275.54630566665,-2303669.135939693,-478697.89857799525,1952463.956756743,-222220.2481356395,879.7477583329321,331081.07858528954
141,7.720877305997805,78.58699030055509,27.812491962108634,-273273.48420445673,-866146.615923499,-662706.8424239492,-2542324.301498274,-1182734.935964461,-15767.57058608789,-3430042.1468444895,-582264.5200769088,2210179.7243694933,-72266.28979053593,-15490.516686401452,820639.0006384181
142,7.9207996116792785,80.64499349575527,27.81246086530017,-135912.24144725024,4191.036002954468,-499332.0368104052,-2343672.44156745,-1073510.5455465259,-124838.59595865774,-2737383.9855691916,-339288.69584070693,2445619.4391551972,-120573.24900186727,-6111.030556968174,352782.2161591748
143,7.708807330416349,78.46259913432661,29.270819449664092,-201238.29383434152,-897104.2955991968,-448739.97500389506,-2962582.085842183,-1281968.0114537084,59501.2470174289,-3794313.013079708,-453181.67757465725,2700412.1262169313,-32283.829328491305,-21400.47842336984,872934.0605291512
144,7.932900790109194,80.76942858307414,29.27078597211974,-97344.07558863511,23010.632165654388,-299024.5836709982,-2744881.09725366,-1206783.6312830907,-18273.01308205891,-3061212.56841186,-252660.24664803146,2940514.7879659124,-54299.958985698206,-4489.419086685451,387264.1674299614
145,8.049535301095876,78.58798872113215,24.604170206056985,-357004.65346741315,-830204.3558093552,-712756.5166693788,-1867687.1640859598,-700025.2440256488,-98016.77199060812,-2658694.073786668,-606541.5811000366,1365270.1289405574,-133516.3897183083,90898.85473736386,770248.6969586886
146,8.25537855608706,80.57735279118528,24.60415108784582,-184788.05346554896,189145.78671125165,-780472.4846128409,-1657090.2489083668,-549580.2099063465,-118424.79628182271,-1862042.8928799906,-628841.8471384402,1714769.988651292,-378925.7681477553,15301.470689437796,353586.19909344724
147,8.049563752536224,78.58801359523089,26.14583168831069,-378324.3530124221,-942900.1069663333,-848247.5372821761,-2192962.7362321005,-1130600.856054118,-49977.42184993512,-3215578.377909389,-710697.8846144911,1756804.265262948,-111631.13889101498,685.5708710133396,814617.6160659504
148,8.255399257992542,80.57737693351834,26.145802061709567,-176411.192666727,81462.74956063178,-700858.2610047275,-1989047.1678135456,-971893.1495675289,-135796.5686425215,-2402094.0454311753,-482833.6526197979,2089120.99394015,-230498.21220265806,762.8841648448789,332416.95857337466
149,8.046650003934865,78.55954525426786,27.687491684306018,-277432.50897255994,-816328.9838957097,-666535.5484534178,-2663274.559104427,-1271974.3249773355,-7794.60632452511,-3550250.677630773,-588836.8819395184,2378790.518248604,-76583.30832229597,-17053.822824213246,833119.5577183303
150,8.258355793857175,80.60589756453041,27.687458061045817,-140446.0747351559,64856.33228180677,-497769.4678633361,-2469120.3865786805,-1160259.5927045816,-122005.89254167512,-2861100.2398134177,-336706.7853264089,2624447.8148231413,-126954.62016643993,-6562.253009676629,355004.12233362
151,8.03380497210315,78.43523506299724,29.22915228474956,-194315.62484973425,-823839.9279768945,-430796.9144481622,-3138832.546325518,-1386902.3180853887,67258.60142859914,-3950257.8846688806,-441954.4586715069,2943259.8760655965,-33205.68602317389,-21698.60381499345,882182.9410739155
152,8.271235313552635,80.73025793479982,29.22911594458227,-98789.23895809142,97047.04480511577,-295703.28051021555,-2920803.0843234784,-1309451.600884919,-22131.473895984494,-3230212.487863896,-245964.5725461935,3178731.5857468983,-56875.224624689276,-4807.1790683631925,390785.3150713089
153,8.377880224499341,78.55296162524536,24.31250382658421,-351176.0430273685,-802548.4050070422,-694157.4138221014,-1893126.2406060167,-725523.449867445,-77609.04207148372,-2666495.0471930653,-599819.8279577715,1418433.0132943254,-133445.80330985953,89741.89898118474,775463.5352313259
154,8.589938830964005,80.54168242013802,24.312483503942293,-183471.55044795107,227998.5602060026,-789276.9578094891,-1746257.4207436962,-605909.8354422287,-115322.37512396312,-1949036.9896453875,-631628.4111077541,1835915.452701704,-385160.78781728505,15317.41696585673,354629.0464165086
155,8.377911174618731,78.55298902871357,25.93749870101493,-372038.0321217576,-907742.2843620311,-840536.8189983374,-2245614.011891508,-1185920.5667834184,-34708.56400359905,-3261090.2563992348,-711079.0672988411,1851852.1882159489,-112380.12246466364,-2403.5439054938497,824086.5124335188
156,8.58996120912727,80.54170918649706,25.937466818027918,-176502.428873481,124312.87754249791,-715674.6487675324,-2122245.429639875,-1074481.321521485,-134206.76598599984,-2551889.9632696016,-487873.9100153247,2271899.6731864107,-236003.65953861596,1237.649166272245,337798.11992003827
157,8.375455008895859,78.52971300648072,27.562491412033154,-266368.4105922062,-763996.6582350382,-660954.3780090197,-2736719.3967720233,-1332590.2009877877,5287.881269685065,-3605847.0430984935,-589923.6794178246,2504451.275680054,-79218.50296833899,-17637.502731890345,850659.4968324152
158,8.592464173366885,80.56504416656341,27.56245526286623,-138758.72144463577,118540.97387581223,-500186.15246480977,-2647142.0393224237,-1275606.4013001125,-120361.24961459449,-3046437.7998692007,-335470.49575393106,2861504.395589498,-131006.24954948577,-5675.480713551987,362747.9374004367
159,8.362223779544152,78.40544642056116,29.187484862002268,-171839.7441657423,-751204.8115184222,-407717.4630570895,-3251620.206027595,-1456326.8447975353,78933.49769930603,-4027354.0494081825,-427230.7864017644,3123822.8170686923,-32076.550583786022,-20083.30840548967,901053.1027942558
160,8.60573333731904,80.6893677802972,29.187445658129207,-93589.65995142737,162202.20027849154,-294787.93100540305,-3168286.6612121323,-1446771.0718478044,-25025.44779753814,-3480303.9173213355,-240876.21506492916,3495004.7417079257,-56976.149860713056,-3153.380072690267,402268.4133459595
161,8.706226958656261,78.51795409323259,24.02083741888967,-360097.64113983465,-801088.662221445,-699479.2528984734,-1985149.4809027808,-787395.8085870054,-69417.03122214355,-2776008.419692006,-606939.8227744177,1522282.6862066702,-135227.31447225073,87407.86348880238,775175.932606274
162,8.92449680075625,80.50599287809223,24.02081588239616,-179906.54883909927,253706.2100401372,-786598.168014587,-1764501.7604071146,-632282.6869185964,-101512.71194528736,-1958116.0147808492,-632918.6209264824,1878236.1288937826,-393238.6080517577,13624.181983384711,348604.7163194411
163,8.706260529086535,78.5179841315293,25.729165687280336,-381641.76047190116,-898867.132634601,-857037.4854358287,-2383117.023468364,-1298395.121577727,-30007.317158930957,-3435897.9546853374,-724109.8342574561,2022461.4104004628,-113957.00049348635,-7046.241396768042,825011.018406647
164,8.924520893428374,80.5060223887704,25.72913151220734,-172511.58792456097,159210.44033967095,-714814.8187383641,-2172613.1413994175,-1128912.1510313065,-123882.76186962577,-2601469.493921252,-488765.813283044,2362119.340881042,-243017.54326039331,-356.12970363517985,335158.72141161875
165,8.704310794831407,78.4998957184128,27.437491110805933,-269140.7144671645,-731422.4877108262,-673023.8238998312,-2919733.101559968,-1457061.0509719737,9839.95363790946,-3809074.6060788687,-600654.2322036775,2736141.812204724,-83233.3454394646,-20423.011524033634,856030.6049470122
166,8.92652185838021,80.52417664778896,27.437452401958236,-133191.2518020809,165512.3817484833,-491509.70632386033,-2719648.304015758,-1333642.0850335553,-111904.02951661513,-3109006.220451484,-331178.5606078742,2980996.2046819003,-137754.55194206268,-7180.647252995198,360508.18242898304
167,8.690693833284353,78.37567534103071,29.145817406592272,-162443.03987099123,-699262.0593113612,-395898.36715964513,-3512440.558018393,-1602224.563094487,86770.6340626449,-4289146.028364745,-421233.44470082724,3452776.006723575,-34952.367338689095,-22002.280561876036,902235.5168566814
168,8.940180602065846,80.64846137332816,29.145775287891684,-87168.10081252741,217386.45661871482,-291307.2322841835,-3277533.813829878,-1513992.5340779815,-25545.098351444132,-3578761.7973819957,-235648.3872061491,3653321.3081101486,-61795.49142711804,-5014.325909559425,399190.96104919416
169,9.031235219643724,78.48123679979531,23.7291712634139,-367276.96996597806,-775154.5925962708,-691723.1758658735,-2028315.9598003589,-829854.1133528467,-55078.33588797359,-2816139.2414381197,-607407.7595347512,1589392.2625447488,-137286.75327249998,84774.74706569006,776570.2575829322
170,9.261925033129184,80.46787268230074,23.729148472282596,-182893.95160546651,296663.2385284478,-789921.4700952771,-1807072.8156714395,-677399.8743571701,-93482.8563503673,-1997090.8347726464,-633916.1521902932,1954854.8037906433,-400758.01084060187,12494.45118414137,344695.586640222
171,9.031271529953676,78.48126957250501,25.52083244181976,-389310.66179950524,-859365.021061503,-857878.2733510582,-2467265.042860073,-1383758.148525935,-21518.886072652447,-3530967.592481924,-728124.7158403825,2152538.352110239,-114959.93842784739,-11109.815803390533,829952.1355176269
172,9.261950899220814,80.467905088157,25.520795900274727,-176491.72733124392,213310.18526793446,-719612.2344546271,-2257931.7113963766,-1212354.9188663543,-120377.16713530164,-2695436.31749333,-488478.35528006905,2501120.8962554634,-248522.2268580319,-1177.4740664457627,336036.1911181747
173,9.029812212218582,78.46837080699923,27.312490824784973,-272860.8637163254,-667063.7803592805,-672668.4097622216,-3039673.5002156165,-1551041.2671846824,15670.917831579058,-3924635.7130691456,-602892.1097459841,2914934.768977302,-85759.6426571619,-22144.74094366567,866736.2356981484
174,9.263466083483758,80.48087684384517,27.312449483762254,-136434.8501943827,235645.51147316422,-485354.72375943133,-2838351.9314546064,-1424571.3830212837,-109421.08118462873,-3224081.9709844515,-325063.5442494765,3163001.4527532784,-142476.2315730151,-7304.866583134966,363967.1698635941
175,9.015421597782822,78.34424184001497,29.104150215003905,-153045.17849017694,-606881.016333939,-373554.75087835756,-3689812.9867414846,-1711627.6180153773,93015.59481733381,-4438773.054051755,-405528.880316121,3710820.988665402,-35753.15477322661,-22056.851340470555,912289.9571193814
176,9.27790235848261,80.60507783858974,29.104105079896772,-88299.56281279553,304789.395846622,-285705.51761289826,-3452019.126702056,-1622338.771843017,-30014.878509025406,-3743455.1029945356,-226552.66555295093,3900792.083968414,-64013.72363501999,-4895.796651481796,404283.31908312545
177,9.35911588254488,78.44210782954893,23.43750487207804,-361702.272608266,-747383.839928546,-673984.2701104914,-2033191.1975844605,-853598.0814603415,-33575.71987060694,-2804492.849195069,-603757.4259820047,1625179.8925297705,-139731.81611210565,81822.4088026883,780238.2815876724
178,9.59601293462482,80.42802294759434,23.43748087342847,-180493.84615998427,340788.8751723096,-796400.2052194349,-1883103.3631081197,-736957.1841783185,-88514.64547932899,-2070933.9103871216,-635152.1531339989,2069980.8873140104,-407657.2453301132,11850.387821515244,341731.7765731422
179,9.359155082787636,78.44214347675282,25.31249946783316,-381685.53569878376,-818066.2944191599,-846472.4616126748,-2507736.8590180324,-1438659.2798125455,-5641.697548372992,-3562196.403956012,-726961.0823495621,2242933.194574954,-115831.49988335978,-14617.836855554382,838861.8578127322
180,9.596040649083612,80.42805836236032,25.312460576023035,-174618.37974962953,264068.38995294017,-730686.4025312825,-2388508.096118051,-1324058.5842632223,-118663.18371218945,-2843779.2020276636,-490239.63339344366,2692782.4430931355,-253245.33269539825,-1140.066852536335,340206.7479679909
181,9.358267072144624,78.4344258316193,27.187490548567656,-261331.99675137288,-607067.655753128,-663966.6375255104,-3107387.866688769,-1610301.978308442,27766.28071380694,-3971325.7831281987,-601425.6093351138,3040385.102433301,-87070.51464051359,-22574.154957427436,883509.8885285624
182,9.5969891490103,80.43585680146867,27.187446589147424,-131821.511461485,299651.966867893,-483317.60472118633,-3014179.450205346,-1548712.8289312748,-107290.56084185117,-3405527.994889935,-320397.476704287,3410438.322279444,-145414.82696282348,-6156.595027505552,372612.3067688125
183,9.343491063931076,78.31034618105062,29.062482785895305,-128164.12551502098,-525215.733217358,-347657.4751416375,-3794288.8773971964,-1778755.4959597704,103726.48713298145,-4502870.917957087,-387843.8733650033,3889677.4574480737,-34369.309987768705,-20198.4844868117,931801.3881101958
184,9.611814771333036,80.56001703258246,29.062434631617986,-80662.74347562366,383569.5439453464,-281911.26279848843,-3707565.656827078,-1772424.78878463,-32744.596029164317,-3999271.3520133793,-218641.06533586184,4238907.955020476,-63537.27248750066,-3044.070347110781,417185.08742630575
185,9.686998811814032,78.40299833938157,23.14583847042111,-370034.39463003207,-741648.9691031778,-678766.1962117637,-2110593.5367250154,-918653.9711291324,-23557.6575705466,-2899357.1001831996,-612755.0700747428,1721662.6103129685,-143658.83269053552,78099.40304978391,778080.3123757358
186,9.930098476067712,80.3881539645944,23.145813270390477,-176898.36227968885,367036.3894772711,-791515.0391161626,-1883137.3805581343,-760161.5525071432,-73501.24119263089,-2062122.8759604832,-635674.949378538,2096420.8134204415,-415678.4307340046,9930.1728727965,332465.6099925853
187,9.687041039086305,78.40303699095016,25.104166480444256,-389354.40460251586,-799499.6493912623,-859776.7646457083,-2642751.353514557,-1560578.6400280045,-124.07361090261807,-3734566.204625324,-738316.5436978543,2424251.9296836914,-118039.8925763908,-19036.693628641966,839464.6645240532
188,9.93012812038777,80.38819252415584,25.10412521679138,-170036.22760838337,300724.07733101083,-727541.9254907052,-2425157.4814793197,-1375515.2677094676,-108200.10713822587,-2879444.411413093,-490058.8332833029,2772649.1689283177,-260514.52581764548,-2843.639552639966,336352.5792202279
189,9.686772959613023,78.40049506064217,27.062490248342186,-261878.7541136927,-559409.6907515338,-671613.754123407,-3299106.8744167783,-1745268.3675485402,32146.79819028118,-4179400.223325251,-608514.9585802188,3295012.982916837,-90027.91722844812,-24983.26096591513,888935.1229782577
190,9.930461654343528,80.39082349661666,27.06244363563557,-124951.8649392762,347089.76278488315,-472442.8074643849,-3069147.426449374,-1603629.896044112,-98423.2347523122,-3450496.1541018276,-314938.91687454033,3515130.16135759,-151414.13651960265,-7390.503931769513,371559.93522492214
191,9.671612040558626,78.27646722955366,29.02081533795827,-114256.93521353978,-453338.2430900138,-330531.79559419537,-4070718.817425722,-1939211.1070317132,110509.2016287587,-4774042.568420556,-376343.99468517,4252259.589207978,-36916.6381459531,-22305.169338090273,932561.9352155268
192,9.94567657285202,80.51494085178403,29.020764106190942,-74863.43539455981,438144.0842795012,-278475.3775493802,-3801793.552613959,-1836503.4610921722,-33037.350887332526,-4083938.0754828933,-213704.02703641762,4382447.373854872,-67665.05454169828,-4901.977538827467,415783.3652207404
193,10.011522208386566,78.36222150262005,22.85417232756052,-377200.49272007693,-711192.247766051,-669782.1552021625,-2136765.376504546,-960321.7913204595,-7889.593477925881,-2921202.9914709907,-614945.6448786592,1777973.74066136,-148215.03877683228,74160.23820397473,776751.4431802907
194,10.267023715918347,80.34581900538652,22.854145907304584,-179432.83614418484,414630.97903889784,-791160.301709638,-1909652.412502946,-804307.411347197,-63851.4600778061,-2084118.4779996078,-634919.4156657764,2163075.7348504597,-423021.4402118359,8528.460953029577,324376.60727602587
195,10.011567619291586,78.36226327207854,24.8958332720082,-396290.03235088126,-751735.6776339223,-857474.8038839428,-2718448.9330919143,-1648010.540281938,8166.105504485845,-3819883.0537335463,-740816.1434848511,2555198.6833496518,-120315.90879685995,-22556.103176488326,843118.7816095506
196,10.267055406985165,80.34586087707211,24.895789577400713,-173523.45401547925,361585.2937422544,-730135.664369704,-2500890.0797010986,-1460914.0649410123,-104591.3545805645,-2963840.6760011488,-488593.6119602181,2910360.463318438,-267018.50884832715,-3637.8521426237476,336160.8730823655
197,10.011611203028654,78.36231127174686,26.937490039581856,-286114.62794228375,-488582.28623361484,-671638.3847349993,-3430623.7774531106,-1849728.9275457906,32744.90877300377,-4317975.707624266,-611995.2773501079,3483635.686063477,-92183.76085599535,-26412.644866197214,898828.2048413564
198,10.267082488741643,80.34591040264604,26.93744056918832,-109938.63740516198,426776.3795798264,-462196.55909813475,-3184273.404132763,-1701886.3529666434,-92983.30742859172,-3553091.8829030534,-304414.6127727342,3712147.678752317,-156291.2128573732,-8174.360731093891,373729.2545265386
199,9.995678096426026,78.23838522863524,28.979148235940784,-130123.19180995393,-352779.35706113884,-313645.89440645813,-4263316.1920659235,-2063217.4725923275,108625.48951174322,-4954560.08868372,-364007.12776155287,4522018.773167722,-37902.548729230584,-23768.41441135311,939219.2029422411
200,10.283074045392912,80.46993519127545,28.979093694280134,-55873.09778580678,538134.6093707413,-263887.60721768776,-3977911.6126362346,-1953121.1292075156,-32288.146388680383,-4237029.8299362855,-197542.99346638902,4652946.727769921,-68957.12718985084,-5137.688542114033,422014.20590729587
201,10.338887421080203,78.31899765646415,22.562505937288968,-372031.69386963843,-681337.617476461,-650217.1028285015,-2123192.2222467954,-978659.0067719066,15559.923033809991,-2888888.425514587,-613414.0003779812,1798716.0117179672,-153948.39752210816,70470.59716071044,776588.1137413699
202,10.600587042962209,80.30179666573787,22.562478385654792,-175556.86698658144,466070.2232685781,-792772.3404053949,-1970946.2293543802,-863590.9039955268,-56027.70492297696,-2140052.5046965783,-634140.731277162,2271934.2518503414,-429969.12174142175,7645.270870671835,316299.9978269992
203,10.338936235427122,78.31904271139182,24.687500337556536,-387663.149852111,-706627.6855808626,-843211.3634432569,-2746078.037482811,-1697427.468481677,24104.086428636212,-3835278.9220615393,-738719.3183864937,2636496.0415718025,-122831.47411441455,-24905.2655059355,850467.655618238
204,10.600620922674235,80.30184197914245,24.687454254281185,-170020.22710190274,420660.3252840695,-739374.9665870229,-2626455.9415899054,-1579224.1054945614,-101727.66492892924,-3107455.596020605,-489603.8013223397,3108324.5289380886,-273421.676013669,-3620.311539995019,338800.3668556153
205,10.338983226609754,78.31909516917202,26.812489910626613,-275218.15770666715,-425659.3781896642,-658345.088362604,-3505940.3400947116,-1916753.1163132417,45364.01397240674,-4373888.7089445125,-608154.7381184576,3622820.822804033,-94960.42585806233,-27326.059363629596,910274.5134740162
206,10.600650060272427,80.30189616077763,26.812437472535866,-103687.4612121541,497867.74336109567,-463309.2368923449,-3376213.2192648747,-1845947.709885777,-92855.79986402532,-3756577.8751564105,-300183.5863663114,3987632.5067793187,-159211.10967699782,-7925.8203152655315,381435.6982473853
207,10.322665712878546,78.19522384503078,28.937480966748637,-111120.89071447452,-269925.7263275381,-292942.7336360361,-4376195.8024564795,-2141505.805467943,115358.61192074139,-5035803.345321492,-348903.87029879563,4710717.864942239,-37161.26120973841,-23877.873384911687,953040.2272722286
208,10.61703058286533,80.42587611237046,28.937422996469124,-45139.48698890617,628015.4443495837,-252921.843045582,-4257831.606812527,-2125075.9477822524,-32337.28303249613,-4516571.222850115,-185265.4459604866,5031790.783125697,-67942.52611905774,-4051.019622395837,435002.07796599576
209,10.663160463483017,78.27623088364453,22.270839469307692,-383363.1611023451,-670365.9178234763,-657794.5947211165,-2219935.7367115337,-1062743.2234285283,24560.299976384424,-3009054.3283587852,-625819.4559666959,1923350.110678543,-161681.49482150798,68182.80047552516,768255.7754283069
210,10.937241691289406,80.25731702568778,22.270810845278543,-169169.18942252483,495002.5406809685,-776432.0712467199,-1912739.0715216526,-858050.4269351651,-33874.502822905844,-2060204.5316117299,-631959.4075812573,2241565.219204711,-438956.29177002364,5681.76903660281,300529.3256273628
211,10.663212894318944,78.27627936296105,24.479167377216477,-395257.3407496323,-669397.7167400488,-860390.8838615754,-2924422.9598467993,-1863890.9566001452,25502.619050638656,-4062710.814519016,-748878.8281298905,2886543.701297649,-127086.14522178358,-28523.63224661725,844964.2781203232
212,10.937277930047308,80.25736599548135,24.47911887430161,-161006.38192009067,463362.07423300855,-726114.4769064891,-2595853.0688352273,-1590458.981211267,-86028.93272747789,-3057334.510143903,-486478.9850228821,3120054.710573213,-283604.6882957339,-6075.615871750423,330794.83911725343
213,10.663263384064606,78.2763365054022,26.687489757496653,-273706.91202236933,-345952.2851852904,-661900.7971246175,-3776345.0194986532,-2118106.79848412,46807.630700380774,-4668569.031712629,-608663.7364305399,3995672.7738108896,-100504.41559538919,-31536.09357711895,903993.1860992627
214,10.937309233978858,80.25742512354617,26.687434273891185,-92853.2229025974,552642.9157532055,-449090.77870727825,-3368975.601254829,-1868188.4041010882,-83403.96743591451,-3726500.879281114,-292388.2989162356,4029588.09234068,-166362.1550445895,-11185.559759668744,375419.7401028265
215,10.646175302501963,78.15257736862101,28.895813662737837,-96991.81461378912,-149559.12543312315,-273527.8991431269,-4771974.510573833,-2386959.818368175,116496.46647666377,-5430281.202463581,-331417.6102681501,5241619.973541692,-42685.00714308948,-29696.438788749594,938144.0500704893
216,10.954465320800566,80.38130331898768,28.895752175401014,-35205.04208589374,693717.1481423784,-239895.29962566006,-4261790.239584564,-2143934.123334195,-29255.437461724552,-4491554.826229144,-174686.61178600174,5084858.244445972,-74457.82388138642,-8483.99458302548,426566.02029558737
217,11.148695424566043,78.20592504216229,21.979173184294588,-156038.35690017632,-356887.5307162665,-340368.55881147244,-1084714.3582381043,-414169.1187440007,187136.67047059315,-1379544.2903409714,-441246.5704955853,967496.4144086414,-171582.56936669518,69165.12136512388,784423.7372533166
218,11.441339737069002,80.18438373616743,21.979141811786487,-156336.41762083548,178308.78685072478,-681814.2039579351,-973832.8041841808,-336085.81632811954,69415.81334052487,-1057734.3865832936,-654104.0030294809,1051996.554884729,-462846.81902140204,4193.587785804904,290575.65408352343
219,11.148752672996451,78.20597898025473,24.270833994005585,-132615.6617346112,-362466.549929516,-501983.9669646764,-1430284.8936833548,-783124.9137517343,167036.75788362834,-1858160.752886407,-557191.3099739109,1418285.8842315143,-134777.67801254496,-32463.916219470648,853778.2490117624
220,11.441379001424556,80.18443861971336,24.2707811751534,-123521.80283491517,164548.55380787904,-573109.1591473096,-1323447.7594650763,-686447.9661176611,2054.5187476538867,-1547022.9690831485,-469236.876069392,1484177.436978195,-286546.9702460521,-4851.320932606546,339280.5150090455
221,11.148807549082138,78.20604278393203,26.56248929674826,-51318.715007195555,-212567.04951899318,-425761.25313767756,-1838863.1383801464,-896727.1000234287,153291.67054664769,-2156869.5656644213,-474425.277493902,1941647.8254944573,-105844.47155012502,-33098.30939085052,916979.1063071627
222,11.441413044631126,80.18450480015264,26.562429082049782,-72453.6805539102,209773.54264136052,-373034.99232652795,-1712281.6086087276,-820743.3586133169,-21320.323980541674,-1880728.0520941445,-297806.6350982268,1942819.5569532942,-166458.83302891997,-9666.843143840379,393645.7553792513
223,11.13056321016739,78.08245485617473,28.854146306452503,98091.82821631899,-96030.46925259114,-159871.58866337023,-2307161.9797534114,-1039803.6041056485,162835.2348753786,-2494090.116242176,-238313.38334080658,2574593.2698833398,-40657.37831683452,-27770.10067090317,964830.0050278052
224,11.459731545843258,80.3082261453054,28.85407946988452,-74957.77316600985,263992.7839170438,-288672.38762991247,-2218818.0398324453,-983292.1252654855,-24728.711282543096,-2369357.957340978,-234487.4617498019,2504208.042211902,-72321.464178949,-6642.902492392188,448976.3986446458
225,11.804774517286809,78.10676626967366,21.6875066821707,-162651.9132079871,-355941.79781916196,-358860.5698607591,-1140497.4582165258,-462865.3380881915,205360.3848693151,-1444907.0198230976,-473728.85615970485,1041181.595094894,-186433.8339809062,76667.25272663121,825529.0052555387
226,12.103598628574922,80.08431067846911,21.68747116825523,-171289.78594845714,212005.28918902375,-735501.2478155203,-1045524.5958838616,-391373.71638932155,80687.92933230574,-1143524.7166340894,-700975.753790152,1149714.725849288,-505702.1860951264,3822.734600998521,290137.4791503688
227,11.804837635440606,78.10682830421267,24.062500640462208,-141363.27334411704,-334921.87527477846,-519397.6990676121,-1519088.0218564707,-863476.4956222287,178199.61739630302,-1961417.2821585585,-579771.318257618,1545505.7527296687,-143176.29155546613,-38947.46181203387,864812.6656154365
228,12.103641609500677,80.08437408060925,24.062441698748152,-131870.8538934334,202432.22374516242,-591636.1423852005,-1438553.2039169727,-783511.3878283584,1240.642913135336,-1687037.094729789,-477496.9702207017,1643459.2924170191,-288459.35377428506,-4549.125331201353,344648.46671805566
229,11.80489794886366,78.10690106915207,26.437488460203454,-53231.836598398244,-167529.47700812254,-431825.1576698377,-1964221.6283522581,-979339.2434021807,161435.97087792112,-2280818.6632912704,-485179.09251044027,2113411.284525352,-111444.33994398541,-34811.48460243322,932625.4723227156
230,12.103679030867589,80.08444955646573,26.437421898812246,-78110.9587731988,255417.46987008257,-382293.0054203725,-1870807.0862382974,-923081.9272691485,-21559.45911890905,-2051518.504705269,-303283.49590026453,2149815.5062820446,-167932.70965352276,-10441.562107975229,406315.25429391686
231,11.78627208443741,77.98337949443999,28.81247835359265,108925.15076854314,-36956.19409279879,-145014.07995957305,-2467821.0232966286,-1137044.655921986,172982.9049026848,-2640219.1081343703,-232028.38340100014,2799202.368251542,-41044.79872239559,-28933.228949219887,983480.5296437002
232,12.122386603363376,80.20812328698298,28.812404399225613,-79695.9277685035,318508.613548012,-294818.081264305,-2435182.813711876,-1103269.3317294726,-26434.2108533201,-2594170.2520399443,-237551.536364233,2775716.39291938,-72170.90648567269,-6916.411299721754,468216.06711854256
233,12.460856637328794,78.00762676378987,21.39584032524091,-170114.0030278135,-349283.85049356485,-383199.3664220028,-1224953.7269163588,-519442.97802811424,214071.80996684573,-1540233.4115438957,-504130.74187903013,1141766.9334795447,-198661.9330514643,85789.08223112384,862300.4538533813
234,12.765854480401021,79.9842186038656,21.395800745645158,-182709.0330508934,241748.1783497751,-790716.1486742207,-1097565.3162093773,-427810.3939105177,87878.86485260921,-1206879.03111303,-746873.3188812721,1222075.346618963,-554182.5532203361,5462.949564361657,285018.71359664836
235,12.46092536090525,78.00769781606087,23.854167207970292,-155908.17538408487,-305815.598005289,-543670.5812881406,-1639065.393604585,-969456.0494087848,188629.69709085065,-2107754.0192058315,-607937.4908246951,1710297.155353012,-153629.30883373247,-43619.475783985254,877407.797644797
236,12.765901345087372,79.9842913421138,23.854102005562357,-136744.68638691408,239579.83223286064,-606050.9137796997,-1519397.0168086416,-857923.7931401002,2144.615562080606,-1783936.6689415565,-484373.4116219759,1765094.312629779,-293884.7324732913,-3632.318775149956,344223.7515076041
237,12.460991432165649,78.00778029137575,26.312487466754277,-61358.3550298986,-115798.94710428012,-440910.5675417668,-2131810.2246358767,-1091037.4104062072,167621.0523777471,-2456199.1673542187,-497875.99655862444,2336007.294236897,-117268.76646030441,-35817.29325027352,943364.0895861108
238,12.765942412245941,79.98437687563643,26.312414397986355,-80795.86226928432,298050.674514933,-388005.56865820574,-1985432.9022509092,-1000362.472612103,-19937.264070650566,-2170838.0848216116,-307498.0381905836,2307585.366599638,-171660.70403053059,-11274.849231210575,411193.7578292289
239,12.44198470677571,77.88432828642982,28.770810273264974,113945.42340571697,32612.70407069147,-129652.6572300247,-2689041.967357101,-1271646.0098632914,182689.8794201011,-2854359.5965598063,-226326.9198339417,3097591.986640131,-41694.96591364573,-29932.106265976312,995503.852980184
240,12.78503896221765,80.10800122402682,28.77072897348154,-82477.19032996117,366581.2517684824,-300150.4152722993,-2591184.8275312465,-1193094.043423112,-27995.45923794769,-2753798.6967337746,-240038.87764935257,2977791.2205493487,-74581.336465505,-7933.941109123427,478372.61030083057
241,12.945484026793208,77.93131464404445,21.10417438291041,-438445.58308273903,-532851.8897736977,-750504.832862381,-2647126.958489733,-1529492.1328915476,62857.785634965345,-3556784.1884786407,-726632.9882221498,2561614.8709819727,-207521.55194414812,88591.43716562145,876672.0670211355
242,13.268992059481688,79.90493186348695,21.104132379723413,-196264.73898863664,842453.9703084289,-944322.6071896934,-2289641.178304636,-1278028.7822088504,-8716.810207130477,-2499036.222640987,-733206.8826272361,2934109.7293983223,-583147.2696193239,8429.054486018042,283805.49784062355
243,12.945557342493892,77.93139286064984,23.64583387499376,-430004.5939358058,-307227.60486474755,-931222.4959294291,-3638510.7144463616,-2654377.5132539985,44635.2032421322,-4946318.4674940165,-798397.723806755,4076261.4965707897,-158213.9460304082,-46165.73360754414,887212.6893550302
244,13.269042435882795,79.90501211612924,23.645764145436747,-172978.68108782114,874421.7530246242,-782235.8329609437,-3249113.0621299925,-2306344.346673483,-98859.09859068974,-3856573.2440015306,-476055.37179198425,4251835.854769373,-305907.6746299538,-5133.371499901854,333742.86252041475
245,12.94562857162115,77.93148357813838,26.187486938136686,-271879.65060588205,208394.60532654027,-641514.2897969505,-4828307.1837181635,-2968531.84127557,51946.89868686578,-5735483.261702106,-585975.135928948,5616459.062554762,-121651.1125530876,-37627.962865807116,947043.1642768928
246,13.26908691711077,79.90510635911758,26.1874088268836,-94308.62821839156,1049589.9923165545,-437607.9573805273,-4321627.775747451,-2633871.768431564,-99036.25114421108,-4721992.872140144,-254612.59493756577,5494278.873795344,-177874.09219581593,-13647.245397103143,407015.91864960094
247,12.925469536907446,77.80822620045514,28.729142877863172,-31217.544721494545,578012.1149740185,-128777.68738062851,-6187342.894312906,-3383482.7748938706,130252.0538698548,-6739930.432418029,-215967.44002341724,7373914.755313342,-45659.28122627029,-34519.77147524804,987757.4748086049
248,13.289343281378741,80.02855374422116,28.729055810403835,-20369.400497793453,1304508.760671703,-179341.22893705638,-5557390.790340096,-3020416.60768237,-48074.51124670194,-5760917.616803963,-102447.14958055696,6968162.897621374,-79410.65137822689,-10731.424354230698,477312.32172311435
249,13.26791234502677,77.87634229936144,20.81250822070202,-414742.4124168969,-469029.7107041329,-698141.0085089012,-2564935.853002091,-1471319.4258483846,85400.99623547257,-3398372.8772982485,-701527.8752562364,2517987.620924553,-211465.19296366497,86855.7853930246,869685.6485832707
250,13.603755154804308,79.84793779090595,20.81246555880395,-179057.05721226463,954267.9611092813,-936168.0848857908,-2390350.482636889,-1357397.3055192137,-7091.395601196156,-2571869.9914512923,-719516.3526632127,3130429.163125732,-592976.2112242451,12499.554687075666,280124.2531225639
251,13.267989552109801,77.87642553092323,23.437501164695508,-406282.59017782804,-238503.47442160122,-891356.1148050727,-3551725.274555367,-2620987.0627748827,69209.16561026989,-4796792.652781586,-785203.2459372577,4045853.7193143433,-163619.39205181427,-44005.98287320764,904890.3684197522
252,13.60380863357031,79.84802328472885,23.43742888507636,-155825.2709920369,1011352.6466780533,-787763.7941409588,-3424370.1931238635,-2499347.706561098,-96320.5766967417,-4049276.1307874704,-467415.413119182,4584455.125451708,-319271.64158874936,-3755.982718929718,336058.7898632483
253,13.268065263956627,77.8765228980495,26.062486933302527,-248720.07723240484,292326.7011692015,-609816.8135839679,-4750395.283285237,-2954694.13149812,71230.20247558963,-5600177.544217331,-572505.271780371,5606472.62635053,-125456.59497690535,-36914.494140920666,961675.2392630808
254,13.603856210407104,79.84812452169531,26.0624054464611,-69965.77148032613,1214089.4848155922,-422069.7043270071,-4599280.998872282,-2871299.3580790265,-99996.3937116771,-4998830.9875116525,-231479.83956769624,5952364.836087609,-178549.15980780518,-11321.739910379094,418979.8202023627
255,13.247139496291894,77.75339891672724,28.68747570258511,1326.9323591552093,686358.175688582,-95572.72382932974,-6091104.836966991,-3359451.1830662666,140813.09053701742,-6570335.929256285,-192048.54294519656,7354496.856419889,-43566.30976424445,-31106.941120213734,1011891.1890112318
256,13.624886093670598,79.97145297173465,28.687384711836664,16284.588576272305,1522859.258914576,-140253.75523010973,-5978617.949109436,-3311750.0587197193,-47818.52325643251,-6150158.6883295225,-62675.84403343234,7611724.624623695,-75870.87237211243,-7279.604941631874,497745.8800831345
257,13.590353650519557,77.8214472575598,20.520841939635453,-417442.39119364874,-427836.53488988325,-693989.658907989,-2676910.223374515,-1567998.1482349015,87188.6475413441,-3523353.880308714,-699220.3265799138,2683305.621897106,-216095.40371408308,84480.45969859493,852274.0223320739
258,13.938504841390838,79.79086674354869,20.52079845118263,-171606.4150883397,970079.3871259306,-908004.5015506995,-2311460.687772744,-1317572.078349244,11501.327307641854,-2461339.359882821,-712116.3999135242,3063924.2302832357,-596713.7624591804,13592.774780345098,268195.827132338
259,13.590434932561287,77.8215354113257,23.229168438101127,-404392.1574265906,-161615.08088283625,-900912.3730213172,-3745104.587441322,-2831222.930696105,70372.85055855963,-5043539.919017378,-786671.6142822554,4363291.92196889,-168734.78893125354,-45318.35300805099,902419.7486673272
260,13.938561486462259,79.79095744144448,23.229093604841093,-147648.55406430358,1047279.3492801853,-771961.8889893736,-3344398.948235907,-2469931.222192019,-77246.36992093602,-3938544.643853006,-468732.7679687924,4534946.318048307,-335576.7443751233,-5635.848105846909,326342.11519690143
261,13.590515174616115,77.82163968533244,25.937486893780374,-233963.259778189,433006.14863706206,-599833.4435062156,-5047435.965695636,-3215291.703243994,73070.52029279838,-5916923.531845166,-559936.482333383,6076069.459531207,-131581.20141936652,-40269.76618879202,955045.1824963975
262,13.9386123011542,79.79106593805315,25.937402001766188,-59626.136158412904,1262545.1681700698,-403668.20874398306,-4528112.448367269,-2857828.3665742753,-87451.00378799619,-4898288.332476555,-224793.89053678894,5922333.046281018,-185095.37536905805,-13554.073120744035,413478.3755768377
263,13.568824311525884,77.69865888379574,28.645808463359472,35637.0531585986,897738.2906696203,-55034.3214366195,-6545715.61702782,-3680449.6006608624,142247.31583576405,-7002663.073172178,-154769.79440701613,8035773.889970795,-49052.79430507593,-35972.8941172848,997407.9028242766
264,13.96041420510729,79.91426614159795,28.64571352375783,22952.774259520986,1578916.4956022082,-127291.73404112738,-5900115.960452701,-3286250.6806669305,-42886.57132635781,-6038238.833301695,-54987.65498129827,7567804.024103597,-82285.89961658124,-11226.223663394292,490764.884813954
265,14.072910892235846,77.73298769611962,20.229175912826587,-203327.83400074672,-260793.63167320323,-356122.0070925055,-1305769.2245982366,-599576.468564679,238948.4092679106,-1599577.9760055142,-509524.2404323776,1288858.7436714363,-217175.2627587824,83349.26635767856,854046.1110354253
266,14.439513595947073,79.69908568696582,20.22912943698063,-208949.8102929446,370455.3075289867,-823807.3507876757,-1167982.953707981,-505705.3549174407,103148.83675261632,-1269236.4917297845,-774849.227013444,1381783.865191595,-608716.4502838564,12370.632126996017,259581.62707421154
267,14.072997606013981,77.7330831752471,23.020835408183213,-190842.4039124012,-165615.81968426937,-550563.6480064117,-1809462.7391916122,-1167424.137623041,215020.276031981,-2288454.5804271204,-640129.9371727236,2021562.6459967615,-178638.7292769617,-47991.79858387383,906997.5324048708
268,14.439574204496168,79.69918426671772,23.02075582576304,-171094.72012974383,409279.576428315,-641442.5302113914,-1679191.5759689962,-1047178.7511291454,14650.2666874582,-1966844.8653936037,-512485.18975490227,2076072.3812356852,-340915.32997576066,-3587.9899790228133,335242.03484986513
269,14.073083472392703,77.73319692000744,25.812486632390055,-100669.27829281302,94190.45847164291,-433221.5598517486,-2413633.393982165,-1338544.9372667747,187456.96919550613,-2723786.423328738,-513868.7675670696,2797954.811222889,-138483.46660580198,-41032.08546625667,966549.8571885331
270,14.439629225167055,79.69930272642048,25.81239647855567,-113695.2487914153,506282.7471369579,-387171.0973643081,-2261084.437974153,-1234298.5195640181,-18459.70360742227,-2446605.4577410817,-306917.52428798156,2758939.383010298,-186128.89591573767,-11727.145774117116,429882.53596586187
271,14.05024462344743,77.61043354496712,28.604141233227427,104717.17139828675,334242.1743943203,-73848.7675841672,-3103213.8645878322,-1574308.6064905834,192722.649412315,-3201481.0588754667,-192738.0917541659,3759329.728838072,-48289.21810052723,-32645.91596004159,1024049.6091057837
272,14.46258787100279,79.82230573026875,28.604040317101198,-120383.0969485204,634606.0109933926,-284549.15629159793,-3021826.098523509,-1475862.6604899177,-37026.74029576212,-3162381.1514899884,-223147.02732269774,3615201.93656596,-79659.1377024787,-8684.214874372852,514764.67439931567
273,14.724810944489725,77.60930282656231,19.93750969212766,-209767.0181839099,-244416.5534329805,-364481.3082402769,-1358899.1374537298,-658334.9760583037,250021.74490226584,-1660698.5157014017,-530088.7898742263,1372122.4257184607,-223066.32763818567,86500.11415212878,876386.3491953718
274,15.09755486740372,79.57425571027336,19.937458551293993,-220665.32503184746,410057.8968139627,-864293.9171682239,-1241069.7247602094,-577779.9458537772,111042.27841461368,-1364252.5762161156,-803776.6514456026,1493127.8822756098,-638371.8881735549,10074.190965211681,260260.5011007742
275,14.724904389067426,77.60940868889183,22.81250246660045,-199131.65643146267,-126047.6025129452,-562954.2496638412,-1890175.1046638715,-1252529.0429360024,223818.17795541626,-2384429.2207581233,-657355.0391458112,2153650.7512956862,-185890.7246848758,-54531.5361282819,910092.177480714
276,15.097620273870486,79.5743651785676,22.812416051163144,-178300.4356048875,458526.0245951128,-654350.2596148027,-1793048.9439161178,-1158983.750007872,16445.154962627214,-2107789.1515990347,-519118.08894318953,2252782.569917648,-341263.99606402114,-3573.5707945484196,343063.9186858379
277,14.724997190298852,77.6095347404487,25.6874860424161,-102545.55793656608,148682.09514252917,-436019.07166209706,-2522213.0440471964,-1423700.0888543306,196029.71132152635,-2831136.2141772397,-523127.5896238186,2964381.269344924,-145081.39826805465,-41866.744456920605,979641.3057574951
278,15.097680483933546,79.5744963247345,25.68738885807636,-118653.67439846747,568897.5747772789,-392170.0813122942,-2415994.6828379626,-1349966.3166516712,-15358.573580637727,-2611720.0958194816,-312204.94948009274,2981998.8643660927,-188614.2364703067,-12121.054415548748,442067.19218564266
279,14.701781038977863,77.48685581656427,28.562473436325607,116445.37065032149,405047.82523812784,-56907.48096086967,-3242507.2374681924,-1674658.9045324044,203354.57479131274,-3325252.767621853,-186125.60750749154,3975964.090056924,-50013.06585493723,-32684.703549469094,1041895.651474849
280,15.121027528338214,79.69744079699092,28.562364609908837,-124487.14123913622,711273.6463166646,-284943.05762607313,-3239881.483076102,-1613801.891748586,-36030.873562466644,-3385442.0272540296,-223761.26000284075,3911046.734708326,-79100.24139127726,-8332.002391646296,536049.0785121319
281,15.376714608299704,77.48563739910477,19.64584348738501,-217184.0932511669,-223071.2690178455,-379791.2735245917,-1438652.8299149228,-729028.1829882622,254898.09147562116,-1752106.843363251,-551142.1565385854,1483202.3641082328,-227130.7392019556,88732.31330424652,898140.1895791522
282,15.755592454891813,79.44940684908399,19.64578790767309,-229954.2719633209,436762.06857062504,-909740.0504626393,-1285553.007306874,-622285.9494161973,114980.90950118075,-1429853.841315887,-834201.8091009061,1561123.3965614582,-676736.6672876014,8476.413300121912,257359.55064016135
283,15.37681462275275,77.48575437364988,22.604169309811223,-213437.04005723598,-78333.74973726766,-580895.6824145869,-2007502.3653943595,-1374866.202721281,232431.1838001164,-2531499.1713199737,-679469.7427912523,2338302.4419021364,-195098.8002632489,-59803.37148356998,912722.5530322215
284,15.755662763294684,79.44952784439307,22.604075962919946,-182742.43106375655,498816.58132437774,-663191.9096204492,-1863951.7862401695,-1238470.2353987847,19482.85838924495,-2197105.8051970997,-524237.3625294161,2374225.4083666885,-343607.4279466278,-3197.2180285644954,345363.4801828533
285,15.376914749064213,77.48589332778565,25.562485197697328,-109669.23876213365,218985.3173507779,-440447.1538103472,-2685035.1165338135,-1549753.6430057397,202141.364568199,-3001962.2499707104,-532678.4679113028,3203509.6426603105,-151010.8818566301,-42363.02003170742,987257.8936354921
286,15.755728402389384,79.4496723063019,25.56238085613407,-121638.74532732565,618198.1285368169,-395055.8156478434,-2514487.8470610874,-1428857.620094236,-10608.822137712668,-2713963.207633754,-317491.6255117417,3132958.4007071424,-192834.53154366257,-12804.360188667199,446820.32428608416
287,15.353322116725415,77.3633017908955,28.520805413696056,124112.42857185748,499246.85879963264,-36997.02809616263,-3460893.905611909,-1827465.7610177041,213323.63762716323,-3533741.7900343253,-177905.7262600171,4298009.775569671,-51656.51381684141,-32865.410250720764,1053357.4177174252
288,15.779463836982128,79.57255656448575,28.52068849909849,-128348.02018132905,767450.9882370338,-287284.03052147484,-3376777.019712636,-1705517.988948108,-34982.79362147565,-3525040.80964866,-226325.28382707725,4103185.031009968,-81109.39094003549,-8925.124533299731,548204.0416259775
289,15.858139597888808,77.39121044406929,19.35417759654384,-445445.5816254444,-159310.0928190345,-722760.6134421076,-3073394.385731676,-2091643.0840831252,103627.3799482983,-4019587.3330724593,-731030.165159332,3423101.210345205,-232302.20210175123,85762.65388931295,905061.8261282411
290,16.255403776150363,79.35131338869965,19.354119551701775,-187126.6932248529,1341078.5930263777,-1020485.7213616751,-2658108.101353303,-1795623.3344410572,21258.07359297066,-2913951.1638029814,-747955.8257055623,3795373.167948395,-699317.3343441559,9300.326064911507,259795.516299212
291,15.858244952200117,77.39133597795941,22.395836168149284,-418559.8584864256,345266.39322660456,-919899.6790717249,-4403345.328892301,-3698466.243885016,82520.12395960055,-5873114.868243757,-791922.8621766852,5671844.586088898,-195842.1081175211,-63458.47007658701,917878.1933022607
292,16.255478339613738,79.35144342419898,22.395737905401845,-151442.56143582036,1542407.7715875278,-788944.9652534751,-3938692.6036618305,-3253562.4314499153,-82564.25295433807,-4698453.460009261,-441120.82921970886,5741594.534127204,-353457.80775210605,-5975.999849883307,338886.96142758615
293,15.858351600544982,77.39148568633516,25.437484788937745,-218944.07815127476,1136667.3232571506,-536981.1349535687,-5998258.572673145,-4142337.160747161,78256.65472322806,-6879564.183440314,-507010.439761117,7767316.733353736,-155362.70484810192,-43901.29911035737,988130.5774979374
294,16.255548847108063,79.35159923893664,25.437374937208364,-53085.87254528783,1886679.7858481884,-354974.6981428488,-5391232.851067955,-3688714.9192183907,-93044.49895992348,-5795880.03546042,-170526.89638827322,7445026.147008744,-198805.46694937377,-14761.183553084624,443779.4180611503
295,15.833616021393404,77.26913459007675,28.479138057735703,122088.57243082195,1824452.7459541804,133871.7157376099,-7849836.068303028,-4767008.307438321,153729.59516569678,-8174419.417382047,-5583.995571309348,10260416.44707597,-56257.64202676641,-36818.87710135767,1045025.7959768948
296,16.28043776324913,79.47426613474613,28.47901483904975,43484.68114462437,2354586.271761695,-25366.473771878984,-7110358.891855987,-4243477.20417261,-56824.44498516665,-7200642.63528795,42839.0438312179,9530508.070591172,-85574.98426367258,-11433.422979362123,548606.205140092
297,16.178279696470934,77.32418810524454,19.062511467856147,-420727.5316172382,-106728.85733781316,-666429.9008307855,-2953650.71163277,-2003911.8852168908,123746.67878611814,-3817689.668137907,-703744.8885185344,3327548.266870604,-232260.87622272558,78353.66751207616,896356.2664092388
298,16.587794334419335,79.28180832071283,19.062452960093328,-163177.12657564343,1468187.5052641747,-1004831.5744402239,-2754184.584153214,-1893899.0464000427,20505.741620810815,-2987972.3078417545,-722731.792664179,4010882.9047542415,-705242.7163825824,11504.67952237152,260046.2058446386
299,16.17838940849391,77.3243194343532,22.187503622528634,-396350.0116815849,399644.0782252789,-875680.3234504295,-4267265.665849757,-3622003.938974373,107343.42299024889,-5665935.0333197275,-779050.9239654698,5572599.700378463,-201180.40067910723,-62389.2178600259,930343.4473925009
300,16.587872444767896,79.28194448255641,22.187402682251033,-124812.75973981945,1719417.8251377756,-785290.5609760265,-4120613.6464745165,-3493452.24272658,-79716.84648880089,-4908462.856778741,-422056.3736273689,6139833.73482804,-366383.7815487675,-5593.373869294424,340830.11837113777
301,16.17850168121496,77.32447770654035,25.312484915012206,-199259.57443922886,1201011.9019000987,-506138.6163943439,-5855711.6010924,-4083875.842381177,98007.9650868209,-6678233.878981188,-497281.72902084177,7671129.319068555,-159787.15495013577,-43374.939384474514,999875.413287533
302,16.587947165952617,79.28210932378656,25.31237139893432,-15897.285159985186,2110823.44738386,-325808.5927483535,-5690212.54136358,-3981537.391636721,-92507.18559783079,-6090700.553414651,-135580.36711991616,7995398.490010086,-199585.92403499427,-12364.019650662514,455528.1706147003
303,16.153005731195773,77.20229113459872,28.437470943530965,148642.91833521868,1903422.768344425,161198.43987626937,-7660055.415878773,-4684540.384558838,165127.76013836125,-7913913.153722465,10941.503062607815,10116235.777215771,-55010.68676026412,-33138.45301985887,1068499.9737311872
304,16.613605466224314,79.40463078835822,28.437343461411476,98041.00947244512,2659436.0042599733,34749.11766645522,-7576999.98914439,-4605071.898032196,-55265.991263085794,-7617997.737002043,100971.94356288745,10309251.924838033,-81885.14293929427,-8054.946206020282,568730.1576219745
305,16.501488163287426,77.25657373397992,18.770845301530613,-417235.5036139049,-64582.371315363445,-653127.9840748289,-3007828.0893844515,-2082324.7663962545,127044.83574654842,-3881950.387054175,-695406.8739366601,3442411.4019867377,-231612.05674437925,69208.8659175094,878980.8625055624
306,16.91711603034751,79.21289525234967,18.77078605259076,-159021.38357232348,1464367.6811751935,-982791.3998709966,-2697573.403698716,-1873314.8068018295,30947.429935030596,-2921794.281753069,-713429.5689236843,3957778.7484086263,-702304.9921714781,10998.083159385722,255320.51234442176
307,16.50160234618184,77.25671068196998,21.979171050061378,-390663.47076663957,473056.27630939125,-872728.2838537568,-4393216.2816604,-3797889.073493634,113742.99055409842,-5837853.872428646,-777247.6493362638,5824766.043453905,-205692.4958744262,-63536.49781996438,929935.3419002938
308,16.917197628727685,79.21303731237813,21.979067485836293,-121616.36719506013,1744236.2454068908,-778339.3223745018,-4077438.3284658547,-3499763.8240535553,-64603.808140504734,-4860807.284023383,-427513.185966009,6132601.025826722,-381274.7223300576,-7080.415784523721,334472.7329089397
309,16.501720345936207,77.25687783773843,25.187484972868283,-184016.02871703316,1331005.4712322115,-490516.8662014341,-6071300.986327027,-4308180.268600822,103571.07986441946,-6913217.176908273,-485228.35273932153,8054918.10596134,-165361.73240681595,-45467.92994025771,996444.8615933978
310,16.917276689777847,79.21321140064762,25.187367832082796,-10961.27922870894,2150637.756354399,-314759.10770809266,-5674309.870066909,-4014074.885106022,-81578.86979985198,-6070494.182719669,-135140.31378651445,8030551.865923781,-204649.04181407177,-13163.794903511889,454726.04039721255
311,16.475847854395596,77.13478215214046,28.39580374107789,181245.94389658154,2095993.0413715218,200667.3408341551,-8003419.667403468,-4960093.124300051,169112.819410238,-8240161.491725488,43996.15458711761,10674071.663240625,-58417.08995336705,-35655.712778761765,1063912.9442005402
312,16.943321116856616,79.33566190541923,28.39567203492004,98931.23002604395,2706509.4977139807,43731.46786309674,-7581636.513147725,-4636328.966385151,-49964.357251472924,-7613579.833012458,103305.44688026665,10359446.581735313,-85383.96666403314,-10172.874801427064,569335.0814033432
313,16.821204315374473,77.18759177931587,18.479179367757286,-417634.070028686,-7439.696370314457,-626820.0949620198,-2987334.2444295217,-2115630.9483990846,133491.602960802,-3849890.5509727076,-682718.1844824017,3480714.8740940886,-231882.50810820627,60398.60561577057,862100.5269107408
314,17.249051498562228,79.14127749992278,18.4791192149889,-157634.86544057273,1511400.9695438636,-961976.7751984607,-2678917.0204818454,-1910156.1487638527,33874.24304456408,-2908367.4400020866,-693353.2020320018,3993509.9709389177,-695879.0122524244,9733.760951062419,249907.83153997676
315,16.821323152100778,77.18773421136996,21.770838286743967,-394165.99060064065,557559.0007610884,-855443.4494408463,-4423757.522585292,-3889706.161193862,117442.76043822512,-5878864.803769691,-769026.7753154485,5955841.139804739,-209771.34886267668,-64946.698838130294,930452.6777034164
316,17.249136619703712,79.14142546277895,21.770732027696102,-124313.71851257572,1835088.6869296911,-771361.8108891287,-4104322.1880169567,-3588593.410413263,-61332.76867272234,-4901717.803770282,-422054.04190607584,6263185.003204346,-393804.16528762406,-8333.681763975042,331711.33646278793
317,16.82144698134527,77.18791041396057,25.06248509576045,-188467.7918903067,1460042.822763392,-470057.7062028441,-6154444.563246175,-4437951.338420197,105004.09577500101,-6995540.99227795,-473015.0809925493,8270073.39794074,-170849.74054519538,-46551.562519091174,998291.6905779792
318,17.24922021791952,79.14160907591383,25.062364265973233,-14751.045951308217,2274766.802060508,-297745.44792507635,-5755662.982824682,-4137706.973442647,-82698.99383414417,-6154793.330938829,-121708.65967827049,8238772.298801223,-208949.37885875098,-13160.526176747713,457924.975002478
319,16.79481671702824,77.065989324097,28.35413681893488,187263.750571176,2282014.739696518,237040.25338650227,-8153016.958636172,-5116009.7076595975,166238.44884998535,-8357613.3395373365,73504.63203398445,10990427.45115755,-60768.1707683847,-36150.88226599175,1067904.380892693
320,17.27603247505278,79.26390513556565,28.35400081487717,95622.33999708889,2873288.2382620475,71937.00162186881,-7733695.514129715,-4783345.035251059,-54395.002578135296,-7746329.021388131,127200.03452501979,10659976.56674412,-86374.84033351213,-10498.42658476772,576821.7535800814
321,17.14353748259942,77.11592380746755,18.187513167779503,-408254.7612669602,22137.325978049135,-593869.481936958,-2909939.821748032,-2102162.459979653,150759.26537790755,-3747713.4009011528,-673253.9830965307,3440980.466771815,-235455.8373689679,53241.99384691111,845361.4507043187
322,17.57749033690337,79.06827248950293,18.18745217625949,-144040.17027948092,1576630.1237969536,-943925.0209218874,-2707633.5845474154,-1988837.0026368762,38435.58627428011,-2944929.020128811,-671358.4838611151,4104952.4365855106,-690031.4828793566,7964.000526700449,241559.6836709559
323,17.143661278452676,77.1160718072323,21.562505830723442,-383832.87737677014,598226.7630930594,-830898.6914270747,-4379774.117851446,-3896702.0235536075,133184.07416302772,-5815680.922802048,-763938.8695388834,5963114.986630147,-213798.34203714298,-65870.25676017819,932578.4287138735
324,17.57757904316613,79.0684263873755,21.56239690725262,-109386.73959186161,1943995.867424063,-768597.7065224716,-4216581.206628987,-3759900.819024232,-54756.09539447047,-5045920.444807325,-414010.87265907513,6525942.738776131,-404529.10269963706,-9112.582352778023,332666.56962495996
325,17.143791103272715,77.11625731872415,24.937485282335842,-178718.43784035236,1515370.1297183132,-452855.89569110755,-6128712.536185431,-4469380.558048549,119312.48348819237,-6954628.193872577,-470975.7867457834,8309399.776805213,-176435.44515293586,-46672.47269553672,1005005.1052948426
326,17.57766733072629,79.06861967608346,24.93736078866431,7237.979383377708,2421766.6186495423,-279344.83248264925,-5956881.10201955,-4356174.900511035,-78851.94503265247,-6367877.620142375,-103155.89664913967,8620693.282341786,-212248.9670521895,-12410.244865978715,464752.413416544
327,17.11678517622766,76.99442995097317,28.31246967392399,204187.44777855475,2356594.481656713,256780.8863681936,-8136426.66332134,-5145743.58914994,174989.30937895004,-8311469.462882117,83894.07115852818,11045138.207527053,-62019.42354154171,-34763.126520636935,1080953.173880246
328,17.60486531775423,79.1908426377908,28.31232941861648,127057.4920971021,3075238.38883124,110725.44649897132,-8066103.021594321,-5050760.535581871,-51202.75254373901,-8058583.2634518,161416.42420601338,11210188.166673098,-85091.37879305123,-9393.877364673976,590917.3069999208
329,17.459790782175475,77.0457066621837,17.89584679858669,-400468.75664714945,115778.03165476059,-587221.3519266486,-3028381.1455648965,-2276878.4015844907,152405.13231412874,-3898367.1054650494,-666063.364715666,3692518.3932616785,-242550.84531944885,52757.03941497424,823568.4473728442
330,17.912008313659964,78.993815624507,17.895785028439064,-142612.50209701626,1533372.0899170123,-912668.1772434211,-2517859.2041376503,-1881092.2020935332,58132.754881709974,-2736840.362604276,-662924.7949681147,3877856.568148966,-687520.8415244207,5928.756056288598,228119.07892089884
331,17.459919773625174,77.04586029595727,21.354173295952574,-358573.81256959634,793831.5571817702,-824781.587537838,-4654088.937368581,-4263207.671184178,129308.0607834485,-6170985.487370058,-738987.1590598664,6520448.803504259,-215675.15536648466,-69573.83107310382,919666.0003109444
332,17.912100747773973,78.99397579871588,21.354061621800245,-106240.90868783777,1925860.1751727269,-744490.4559208038,-3998941.5095210746,-3599027.755283522,-32322.950087856192,-4770271.158373803,-418393.4568357351,6263793.425773621,-417513.0649418753,-12070.278244103112,323589.36653994187
333,17.460055650511727,77.04605520648953,24.812485409152803,-126519.89281977189,1833567.9307327708,-411366.7154730435,-6561361.295942952,-4915384.38250076,117348.64773921848,-7398311.82985574,-421226.2371305846,9115219.389426282,-182619.0544184011,-50651.62316193517,991177.1585505537
334,17.912193899106004,78.994179105991,24.812357123326752,11412.765443760902,2417413.9130293597,-260727.24508337327,-5688408.616026932,-4191890.167374561,-61802.759761592286,-6046351.402146283,-104813.46560939413,8319264.301145423,-220073.36537961176,-15640.817034385269,456611.0989329959
335,17.431914123373847,76.92450330150521,28.270802425176097,298097.14298510936,2836981.4476258196,357098.91618441977,-8826774.324258368,-5705108.114115624,174469.059494583,-8920996.662333222,180871.2189363861,12232302.950192181,-68973.0808499151,-40928.716940495615,1057328.3404980982
336,17.94053784426123,79.11614834033162,28.270657796195657,120275.13335153053,3060514.647446721,112213.68291520327,-7700325.315089973,-4832895.758854908,-43581.35350952858,-7643147.360410543,153755.58984009174,10782395.234283905,-93270.09682852593,-14811.421105862293,580547.5425143273
337,18.095514027665864,76.89174611213761,17.604181132567692,-132403.88509037788,-88361.73219934442,-187051.11314712794,-893758.2376252232,-419807.5736089685,338191.5684335616,-1008365.8936217183,-421537.972190478,1022087.1353753458,-249438.39986038642,51179.03960669069,821246.224319958
338,18.572064885044554,78.8341263346404,17.604114174713796,-224809.9022151931,281822.46284988197,-871771.6420915092,-777800.5009561388,-325821.75276996015,134951.43932063485,-973201.4391482524,-754135.5295393863,912577.8872308187,-708350.6499663717,902.2370915213874,205995.28054699785
339,18.095652486051076,76.89191259618136,21.14584074452761,-92947.27359525012,18874.59851964435,-439629.71792710305,-1335135.2907366036,-878601.5734916251,313377.96713567065,-1544855.818834645,-622297.83637093,1653451.2622028654,-238104.20203921065,-70403.85225014051,914263.3375655072
340,18.57216394726842,78.8343005014846,21.145721508469663,-176003.24890864175,361051.99235370517,-660189.9824876905,-1212120.0562852875,-755845.9125675792,51714.37866966913,-1441009.0089776716,-551632.2468100275,1517500.016745072,-418190.2994484784,-7053.158710973047,337108.83436143195
341,18.095797846909164,76.89212384809208,24.687485276888545,-313.21115644423116,246601.36593460286,-370890.3246979531,-1824259.6000470098,-1025216.4699858644,263633.22584382497,-1902233.348534022,-507050.2176020741,2284681.396216302,-193428.03220555664,-52103.06490662306,1000995.1696201444
342,18.572265035948874,78.8345210012987,24.687349161582567,-103603.80466809357,468009.8351737648,-392075.65376449295,-1691822.9224773222,-912911.6569184121,1923.3622925948912,-1803615.6537767479,-325456.23310920823,2101402.2636271343,-218097.68331505242,-13171.142294754156,485174.6336497142
343,18.06614469893293,76.77094669049633,28.22913506644768,255061.6984379346,536185.2854095857,16973.702005869243,-2413078.677447673,-1273526.55866484,238846.93927484058,-2261402.112205042,-128219.05495391476,3197841.8530123485,-69171.6606577011,-35331.84622536099,1094768.9242238963
344,18.602137045968846,78.95614994937098,28.228981773559145,-167665.01326295212,591971.6383682825,-343003.27823524806,-2443081.338678816,-1153470.1832769075,-59298.36317976194,-2563450.3114909804,-263950.2404941583,2908703.898855222,-87336.33298497774,-10431.097237450922,620933.5238134275
345,19.06287418879467,76.65117716306081,17.312515687457246,-152603.59604459358,-66252.38834941864,-199256.32364123722,-938384.3359161804,-473098.2870093218,364281.3705724473,-1054801.4501467838,-464682.8307463473,1101371.9728578816,-278077.85723055,64108.02915511392,850793.1607645608
346,19.545492041071775,78.59206889797474,17.312440030382447,-258307.17282670748,323075.5152084924,-937855.5581827427,-826853.7639204258,-384670.2273661104,157271.86347973748,-1061655.5115873336,-805317.86001111,993886.1557974864,-767957.6886679204,-4464.700469957757,187872.474144388
347,19.063026666255105,76.65136543171282,20.93750837289804,-116774.4810782079,57505.36821550058,-464389.2160588549,-1406761.704069471,-958988.9721764222,325875.1735476266,-1636602.3409125123,-656886.3542297984,1769830.3662207488,-257230.94810422836,-75201.50483156194,912141.8994904235
348,19.545601249664312,78.59226582009761,20.93737693622582,-190048.51357996935,405484.61828326597,-675422.7899557403,-1305049.479945185,-850666.2071173462,56825.90657576622,-1558834.0445285523,-564817.8717959534,1663665.2310720617,-417039.73658624204,-5366.195497492692,352188.14523893106
349,19.063185447250575,76.65160083039143,24.562484483480297,-12947.864317611122,294613.7828417124,-383683.5594459795,-1914506.3801515691,-1101295.8899461117,272515.518067969,-1997845.57462001,-526978.1196742555,2422806.053372388,-204966.94880300088,-54152.894132832516,1009734.9049790665
350,19.545713493329554,78.59251105384816,24.56233658475717,-115033.10263781622,518782.24240558536,-398924.5507827734,-1812972.039772352,-1006855.6077324343,6763.6914961012735,-1936408.83350623,-334944.24383424973,2276177.666325475,-217668.55143306626,-14757.357014139505,506335.89959405176
351,19.03316589571943,76.53054052288863,28.187466699268736,265850.4472731964,600216.1656414028,31707.895414988074,-2524879.0524799805,-1362853.4422077592,252409.25556127392,-2358822.3806161233,-126320.45408728516,3382917.343032996,-73928.90692942128,-36071.87137685777,1114472.506327799
352,19.57597486009159,78.71407124725457,28.187300603890733,-182673.48423270846,653234.2145179191,-353445.4895594568,-2617693.27161988,-1265137.0658863503,-55869.45795727578,-2748120.594711729,-276193.9162354956,3141429.7516729776,-86333.78471079307,-10647.22117553322,654480.499976604
353,20.027213256255365,76.41140901411485,17.020850117970717,-167277.54135339003,-32891.980490653776,-216543.16671697708,-1004088.0744152525,-526895.3103131631,387167.13207613927,-1115047.23282765,-505294.11866354354,1203628.6629301724,-305268.5679985683,81857.88688572955,886055.7631680057
354,20.521938994911075,78.34920988782386,17.02076634610122,-287250.2339150248,357970.57624654437,-1013504.4712575066,-848087.850955114,-403687.0223387182,173007.8836392557,-1131809.623031518,-844445.315799673,1033470.8099052035,-844854.4574331127,-1889.7165301845062,160230.94855341816
355,20.027380011226743,76.41162135395103,20.72917534309293,-142405.36884839553,118204.39160475013,-491661.85565482726,-1508222.4756864405,-1072793.5780738536,339972.46142791567,-1762610.98443538,-694654.7046737686,1941402.8562106765,-277777.5549406863,-75124.11784774376,917225.7296263583
356,20.522059639994566,78.34943171129646,20.729031485347637,-199243.08122939395,448549.6710664885,-690968.6467058618,-1352002.1361778455,-907024.4815803461,60741.610842618524,-1618680.2962740823,-576417.0310632274,1753435.2704685424,-425276.08052953985,-1750.0313886051624,354269.40957968973
357,20.027553043538017,76.41188240920113,24.437482798830843,-29834.899524125343,374020.55250650714,-395154.169281471,-2050254.0150135357,-1217400.8077057826,280324.9268449247,-2140487.9369427855,-545927.3478689055,2635446.7685126015,-215253.5361420015,-54120.71732353632,1018456.5438955348
358,20.522183715332762,78.34970334621833,24.437322788541877,-118152.72858411769,562957.4595623786,-401517.62690247525,-1872861.551991311,-1061117.7089982415,11542.982855208393,-1995954.4145615126,-339871.68531792867,2379113.2039552266,-219193.3977606703,-15297.002365884417,516748.3459328488
359,19.996790248157044,76.29104028954914,28.14579738456419,273116.93118169863,710448.2546224642,54118.46203637151,-2704599.4283394483,-1503251.600542409,265365.9167856894,-2518955.9716112767,-119357.92035393203,3675997.5398057434,-77285.46533535003,-35240.32453861382,1131577.4861781676
360,20.55321303525039,78.47109593815748,28.145618227796213,-188878.0776283726,701788.6500472408,-362412.4956942577,-2704670.9650808554,-1326535.4340865095,-53330.396773791974,-2834762.817440438,-285475.8991799459,3270736.793344993,-87935.4981269856,-10802.711540291475,675935.3784802199
361,20.818110919725132,76.20424811194414,16.72918495481032,-341416.8619461119,142810.4911146887,-350406.835457556,-1661999.3673492577,-1228859.3209955685,343953.07634129387,-2008582.2725800034,-674041.1822039356,2133610.2484949604,-321949.67331656127,91388.81291107959,907565.2259004854
362,21.343037843063637,78.13403628845066,16.72909486614457,-337374.5424317604,868396.9587445161,-1091324.8354816218,-1402626.1567495873,-1020915.3626748135,168657.08799726353,-1726071.748824662,-913149.9374881086,2078919.2671439052,-899493.0186177379,2341.7944763901396,141286.375317689
363,20.81829014491162,76.20448107021657,20.52084252292552,-354411.88888112135,557509.7674702472,-622343.8859685343,-2599143.525159223,-2296267.5963861407,284933.17252815684,-3306131.006129761,-786505.9098154993,3673390.908565853,-289686.281112924,-76214.84551926593,923950.3457944989
364,21.34316928851847,78.13427985079994,20.52068829840064,-293533.82904993754,1085656.9777494373,-741637.3698378173,-2317374.237587925,-1984531.9315238912,40062.91299233543,-2837122.1202337504,-583118.3872028913,3470726.2862983234,-439517.3450396929,-375.0534979314675,347519.3524492801
365,20.81847645354,76.20476518458972,24.312481768825933,-247150.5387722191,1085983.4439438758,-415190.9346835391,-3604566.131461482,-2566136.3169154576,229945.0396090849,-3963565.0984391556,-575948.8073252097,4963155.876252484,-223684.54344806768,-55124.02321109365,1024154.1303232021
366,21.343304639937035,78.13457571613553,24.31231132617575,-236847.18925404514,1342751.441913105,-369759.9419333716,-3260090.67511693,-2251938.311631003,-5542.38481756343,-3516849.119455028,-321205.50614639884,4574198.936327115,-222093.48279279,-16142.237063703627,523180.1443098034
367,20.785838457171636,76.08444601815128,28.10412895450351,106129.50790646509,1699394.8019853197,179657.78852403437,-4772664.631787191,-3028041.447621069,236890.570787737,-4674535.7645143885,-54756.04980704791,6714473.912737258,-81719.93151276292,-36130.01591523036,1139736.2958162045
368,21.37623223232952,78.2554910413693,28.103938552681946,-280948.2014164662,1692867.314034192,-230131.69367222843,-4531657.521811417,-2658246.6456523146,-53084.33865763924,-4659475.727598853,-196805.41436771062,6038068.56091206,-90045.82054856031,-11958.962317759791,691224.5880437638
369,21.450669079152902,76.02568728879159,16.437519605812174,-335200.7636485594,181639.1991940837,-331014.17546264414,-1640879.6722485404,-1222352.4940207647,359949.5043471311,-1955987.506510748,-674772.7666948203,2146184.5332884486,-330487.21198962774,93843.53311283294,916257.3090676336
370,21.993686735791695,77.95055476538259,16.437425248044413,-337667.75636541704,975930.719979337,-1113461.0011530477,-1466346.1471577184,-1116252.9914196834,178148.5610508339,-1804571.063222852,-919930.1584594821,2249303.184143206,-930601.9730450604,7314.5121803393695,133079.576962859
371,21.450859316635704,76.02593709120775,20.312510542613953,-345214.6820166561,610344.9818508686,-614893.0671401501,-2572708.9528920976,-2303335.809385456,302630.1104347415,-3254127.999864505,-794405.2740199431,3698770.5065785097,-302285.3942737452,-74838.41855138539,936542.442641499
372,21.993827776268212,77.95081598056045,20.312348394841244,-291038.0032099322,1230455.3064092558,-747533.2870487911,-2441841.9302929454,-2169035.424497588,48042.628318475385,-2991599.3229990173,-585390.5450295022,3768873.884179052,-454509.40022795735,2070.07216428488,345863.02828412363
373,21.45105783984616,76.02624160297933,24.18748160265235,-234405.63654920756,1148439.323176973,-406962.0910561112,-3570535.3782910774,-2572993.2435666635,243035.62563778058,-3899703.1442699684,-578529.9074738557,4985304.647315478,-232828.17633139322,-55672.15033709886,1033882.970201813
374,21.993973643491383,77.95113308739823,24.18730279549898,-225824.0994396042,1515983.1854683382,-351008.358017483,-3450947.9177446566,-2455984.5522797448,1155.066724365034,-3704484.3273165314,-309658.9578328274,4953294.0131606115,-221822.7300047643,-14403.195276800294,540826.2214321205
375,21.417300706789636,75.90624977358655,28.06246113820132,136107.89718013693,1773414.1714400705,201653.56072546204,-4711318.746787431,-3024281.215710276,248497.83371021715,-4566491.493759794,-42351.765620637045,6720018.888726103,-84087.9385233373,-34639.825262279475,1160258.0140793
376,22.028041564000425,78.07176148539848,28.062261720356588,-264439.6783708872,1921847.546275188,-195054.01325982274,-4819426.384135493,-2902473.064656795,-46206.60370561283,-4915796.782343778,-172674.43796622215,6550825.074954476,-86476.9014512104,-10189.112618580706,719869.1273688439
377,22.083274540305563,75.84729561448074,16.14585393066043,-344270.7782655868,257464.02293986443,-328466.04297447193,-1717938.0013004956,-1332624.7972935908,368620.1167050672,-2043251.5192617038,-689145.2207483931,2317123.9417099026,-340790.8002776858,98153.05581493051,913864.2407237171
378,22.64428726902705,77.7669044513174,16.145755181232303,-343926.5309543418,1000582.7509656623,-1131295.666277234,-1438503.2322283476,-1109210.8465648287,189249.33162643964,-1784255.7952895265,-930921.3220451829,2240537.671068796,-960305.3010369354,7951.154966396339,118409.26351969915
379,22.083476165146774,75.84756254703724,20.10417816071995,-347920.36221607495,741198.35588558,-620087.7662616622,-2712936.1152283666,-2505992.582077682,310500.03457670205,-3434734.70196399,-802799.019797216,4010723.949169048,-312030.8839370923,-74883.29963667919,935518.0838150912
380,22.644438104322905,77.76718368962116,20.104008026397523,-292704.4637983008,1268851.418551934,-752002.2666698733,-2410396.2158011124,-2167714.807149408,59478.93654180127,-2950580.448283718,-596770.2917151222,3771495.4280825993,-473501.8584909109,2224.9394851358365,332708.06400803116
381,22.08368718037456,75.84788823658013,24.06248093942337,-227668.00655132177,1333896.1644588634,-392243.3300247882,-3769037.2386821974,-2796176.4857343337,249326.38766056174,-4100351.7662532395,-572427.3204563621,5386763.914592357,-241484.5745134387,-57489.12490791121,1029783.1126581333
382,22.644595058059476,77.76752277898157,24.06229370596615,-219373.50133175752,1556703.4346591772,-343250.28086981503,-3412603.7687789267,-2454997.5858566365,9912.945277340843,-3648426.6938168313,-310074.71745236433,4952581.063726801,-225850.2335076575,-15797.099375896556,543076.3590815028
383,22.048817295700747,75.72824574969574,28.020792776700432,169458.4915985092,2034333.0039285193,254542.8159276076,-5000320.673828448,-3292988.0670398623,256340.78656793572,-4810496.043444622,-5541.906605207498,7274372.2615044685,-88717.61228910241,-36562.129282527785,1158103.723541329
384,22.67979803991787,77.88784377809868,28.020584321040616,-263395.69001606014,1959955.3262636987,-194282.7835243335,-4766545.0732756695,-2888865.094196995,-40367.047942716265,-4845462.947818716,-177054.03479985896,6524793.83534188,-89735.1724936951,-13146.34232205668,729430.8333407519
385,22.86582086769969,75.61053563226127,15.854188994754354,-243346.08413395847,111855.46396208642,-207911.61656495734,-1105136.1957358832,-647576.9548840141,417267.9538424073,-1199375.31780411,-553951.2462696711,1413924.3273369516,-350515.2407496517,107158.59105155323,923329.8997590225
386,23.456769404651766,77.52119209409977,15.854083469229717,-381271.7372882454,530881.8793468872,-1158567.2391206338,-910086.2533081275,-501768.159314321,193647.31842859474,-1302444.7397125089,-917471.1647164737,1210958.8073669903,-1001435.3206696582,9548.580327165699,102916.94625123288
387,22.86603702990546,75.6108246313616,19.895846056012804,-241738.70064481266,342770.13672953914,-539762.2972173447,-1682060.9023581597,-1321499.8901130108,348088.81384725735,-1985633.2830528792,-763069.6218882415,2309972.0438085026,-327797.95383326913,-74535.1464185273,938059.2153956068
388,23.4569329189753,77.52149479163975,19.895665177309304,-298436.2307083125,678352.4473694443,-751221.8752398135,-1497032.3883294994,-1123325.5637860459,56469.38583725947,-1835086.3486734806,-625865.4949427202,2089646.1850375182,-485744.0216585821,5867.1656350309495,335981.933118899
389,22.866263231908384,75.6111761193983,23.937480480416347,-143229.52485764527,663824.6706050439,-421366.9501542289,-2279891.0002422146,-1488312.4255436573,270373.64800692495,-2399176.8081516214,-585711.9887422682,3084116.992487059,-252073.7432885588,-58936.09954409267,1033511.3754235639
390,23.457104069005297,77.5218607592359,23.937282564042405,-210733.5913453942,822777.8216777211,-404393.52454781067,-2092018.9001427249,-1302380.0297690239,-797.5979705327127,-2247477.081314348,-348094.94799156586,2803222.7350904294,-225168.6159385732,-14924.737679261474,562487.0399226216
391,22.829536733047444,75.49211762283821,27.979124754778837,208166.03036693635,1117366.5187111022,116701.80702504903,-3002755.594803916,-1827910.6665290147,255891.2446010801,-2770231.086319554,-85274.21622750495,4297739.658650149,-92722.34492349326,-35646.80186499192,1171792.01276747
392,23.494191218676054,77.64164794717308,27.978904936132693,-318565.4296434368,1026352.0588490304,-371273.2339467121,-3045986.592052929,-1611477.5113504454,-73892.40852621979,-3201375.1400436265,-298216.1298137676,3836104.6651162766,-86848.835759735,-12407.818252376883,762690.2696742015
393,23.81327802290187,75.31093058203864,15.562524182368026,-253748.01406829702,148737.7361677077,-205405.32122269188,-1147771.3142148536,-677028.9787275061,436129.86575669295,-1231446.4961242995,-569048.9886550625,1490079.8856560807,-367688.2915670792,124183.73504653678,951068.7073345438
394,24.416163860307524,77.21789480134797,15.562409939011648,-411957.1742007308,598330.0897023568,-1214635.8054806425,-971110.1053812647,-561830.3005040514,210231.7192193814,-1382578.5201765357,-970571.5956134646,1324887.2258109841,-1058752.6857079063,9761.883622602878,86868.63191949477
395,23.81351203600113,75.31124756880928,19.687514292528473,-255271.8904111212,389150.9356775749,-557036.0135621496,-1728150.3109256965,-1374941.1570938043,358293.77584194037,-2036905.4950281107,-787882.3614196859,2401630.8881521006,-341778.0956806855,-76175.80098046624,939197.4155785895
396,24.416343122347246,77.2182264172328,19.687320246030286,-317150.5125889368,755943.9330569501,-765616.685040528,-1593883.7964436882,-1234832.9067537326,65952.49321141648,-1953224.6807225742,-646213.9589094879,2272615.375059547,-493873.75051518047,8418.459949346827,343621.38368920353
397,23.81375641069757,75.31162988875246,23.812479746295633,-148531.4884515771,715468.9143273168,-430619.06223586097,-2321501.92544391,-1537798.4339979328,277644.79520579026,-2438057.4162963447,-600154.7584896084,3174530.5384258316,-262538.35280973936,-60526.395324212885,1037318.9537854786
398,24.416531457742597,77.2186237689825,23.812269254065964,-222026.11342946044,907705.1744820529,-402453.6484539603,-2213432.3413859564,-1417124.6304029718,8680.201891138071,-2374303.288155586,-356739.7736097271,3014268.4743639436,-223442.58653132166,-15158.681091335131,583295.4666336918
399,23.77630105781147,75.19283109268522,27.937456136314022,227707.76892944096,1183356.2260216367,134104.23919229544,-3040955.176432563,-1885685.1214361375,267389.21179123415,-2786261.876904774,-78799.99101092984,4410230.102059077,-96871.10112518011,-36317.71792423392,1184148.0355605832
400,24.454380564782642,77.33820980237698,27.937223023361735,-332980.51931256644,1129466.9813586688,-370585.0403437134,-3220709.3748180238,-1748883.6788762982,-65204.677510667025,-3377359.34407746,-307054.9606526908,4110315.726432539,-83594.01156799169,-12300.555052061709,800508.3833064539
401,24.760759245831345,75.01140045154393,15.270858766777216,-268706.72492049745,204598.1528346771,-215771.2005884205,-1229956.4580095967,-740990.9038118133,450636.0835551812,-1304008.6270717205,-598257.3820864407,1622386.2364839206,-383111.5040956794,139127.54093838832,977544.2585921966
402,25.375534556772724,76.91452442009529,15.270735854342453,-439856.50633191544,636945.1640763251,-1278532.8029930918,-998964.4303806019,-578966.6712260226,221696.6278610409,-1445467.61589944,-1010202.4469942375,1374225.917644996,-1125408.7149768397,12981.685998108323,62133.78621098937
403,24.761011231092784,75.01174660307807,19.479181199067007,-279456.8016373148,470566.8107007644,-579002.3986969858,-1832477.7841416767,-1495690.3002142794,366340.81766316027,-2166223.593159433,-816641.7160724776,2594972.9195983754,-354958.7505751887,-75739.13412858229,938190.8644758108
404,25.375730320625966,76.91488590859625,19.47897397552295,-330070.1149282557,802071.3345969787,-776835.0961847863,-1630386.357176586,-1279782.5660461313,73354.24635089895,-1995173.1548288318,-663002.4313521485,2353341.7096649185,-503677.575129894,11949.402219588681,341366.58757604385
405,24.761274217887472,75.0121604953377,23.68747752981698,-165453.94160460256,813642.1322896832,-437273.57542550046,-2443611.755316758,-1658855.6731770167,281965.87590043625,-2568524.838897194,-613493.3967496216,3392932.8509063954,-269801.8059516825,-60323.285735641475,1038442.1341514401
406,25.375936483748234,76.91531528266243,23.687254559357456,-225092.55341034947,949305.6359750325,-401634.4384249931,-2247289.9276836887,-1459022.9772295128,17903.039833945648,-2404376.411448207,-364635.80423494545,3091590.8598228414,-224075.53240921526,-15495.23513593887,592332.016666481
407,24.72309319844327,74.89363135143836,27.895786054017773,235853.69185105583,1315551.7106376921,160676.11305799024,-3194699.6462724693,-2033648.419989321,277888.55026568286,-2921425.460843426,-68703.22405218634,4702210.200442351,-99527.14807279063,-35936.49888440356,1192458.1272641395
408,25.414545387704603,77.03469126375016,27.89553976195976,-339861.54750785703,1168321.587587728,-377811.27845241193,-3266024.4774199314,-1794948.3799963642,-57804.32354993803,-3423106.2525247503,-319975.5034534475,4193730.5176056577,-83479.13235888096,-12947.321993182908,824880.6243795668
409,25.53717398755305,74.75524605150625,14.979193586102973,-428630.7816381274,638796.5315791166,-323445.5706526515,-2033795.4774211133,-1713566.5351703053,394532.076111268,-2361917.343762187,-752665.9541996189,3001303.477250144,-394036.2220840568,146583.17615691797,994235.4076908233
410,26.181589782021774,76.64848771664101,14.979064129455926,-450319.8300695633,1440667.9258873144,-1310179.4171135074,-1670883.356360567,-1444310.379345155,210709.71520164976,-2133199.95487952,-1048405.4090245627,2861774.042608325,-1173869.823625924,13908.113612204263,48856.775793857836
411,25.53744156060658,74.75561661252436,19.2708482035906,-463786.43726697395,1296156.8792711198,-658531.2315164283,-3122734.1803215295,-3158869.321059777,296790.1851339195,-3996520.8156476454,-855625.2354317926,5025985.261567158,-359304.424759276,-78817.72052385638,936961.5542797667
412,26.181800443534126,76.64887474552847,19.270630216511893,-398318.8751808003,1796040.2142963365,-776682.3734885665,-2768554.7681901935,-2751807.5869435687,48639.248217425265,-3453170.9952616408,-631516.6782735914,4705726.639162201,-516609.19452894846,11405.671694172224,334205.6774637599
413,25.537721417155428,74.75605810641565,23.562476014735957,-346714.96544080635,1993066.2673035776,-373478.6930275818,-4223709.858474012,-3438997.765869583,221325.01807014705,-4624133.238768205,-579449.3353533922,6476455.182956787,-275485.71767979005,-61215.83489736367,1035675.9114910301
414,26.182023093437973,76.64933264436532,23.562242532360944,-331177.66561010294,2118419.5700753927,-303129.24508569227,-3838471.6281019207,-3034587.318580898,-2902.6106677573243,-4145536.470816096,-311075.8078226374,5940724.938018331,-225587.3623523188,-15973.422814435622,599167.2196989226
415,25.49770369838096,74.63817257880349,27.854116959230744,126767.94008927268,2874285.594030049,405091.45561643003,-5535075.983475679,-4020874.839397695,240483.36648790314,-5289518.2722141165,82853.94800792179,8612809.313941946,-103398.32814025652,-36782.67848370011,1192967.4799283487
416,26.222500004985566,76.76811789813425,27.853859538162148,-412844.4636773397,2617430.521828456,-152665.4719996662,-5336508.165763543,-3531395.744007436,-60129.63269073362,-5460168.002357373,-175933.54729837095,7688022.135807196,-83906.16552214634,-14079.80825648347,843379.1026519462
417,26.15734459544003,74.53752517729984,14.687528240118349,-422322.8002817826,681847.8718699311,-298112.98674692604,-2013107.7632786115,-1678909.0520781474,408423.5353040243,-2291944.0921656364,-746371.0540531293,2999727.231059987,-399497.4721905357,147664.34885249866,1000748.2951828784
418,26.81950723849893,76.42472624101772,14.687394605353303,-442648.41533623135,1589066.5836447666,-1316101.41390716,-1755072.4999671336,-1553811.0207310505,216587.39740568784,-2212507.608644007,-1046736.0347704842,3089560.3978158687,-1199566.7100010184,19974.124146926802,45408.440066015624
419,26.157625777596834,74.53791544228633,19.062516139662172,-455164.8131777571,1341630.6603678153,-645145.3532803569,-3078180.83015501,-3120472.776690797,311169.2068728229,-3905251.6116887312,-858785.5523810211,5005357.657979453,-366531.96272751974,-78014.14627319487,942682.4827048696
420,26.819730696149172,76.42513381814418,19.06229018890317,-389178.32202682784,1989041.0994516723,-768436.8116303626,-2904970.0566048045,-2964165.32682734,59175.66790264865,-3611379.113326598,-628525.4909188173,5071330.570039896,-529896.1468454539,12564.79840563735,334237.0640030474
421,26.157920821806886,74.53838080464828,23.43747556174643,-335572.19575523015,2029385.3310745095,-365847.7216448941,-4140571.172562966,-3397494.5691766413,232394.82177203277,-4508156.393196507,-581498.9124416158,6417620.719312508,-282105.9639913319,-62044.828364852765,1035855.9679171781
422,26.819968206828715,76.42561617064872,23.437233846074253,-312414.0413669542,2333642.00794712,-271935.4004535517,-4020654.7706776955,-3262650.8653918607,7163.680866048127,-4319315.171988582,-294972.81420786463,6363580.552323058,-224200.5485973734,-14244.56849370722,616795.2023702904
423,26.116808283793333,74.42089567044759,27.812448717516354,153050.04241716664,2901656.2816863535,417958.64681886084,-5392594.535633851,-3959408.5031528072,251003.59643848988,-5109398.944657145,88304.06546800562,8493759.850111522,-105958.53146108997,-35778.38340341049,1203160.4090726417
424,26.861568323359496,76.54404739123888,27.81218256442063,-387644.4780471163,2892598.035463961,-104257.44701994688,-5600498.918484891,-3803114.5619078944,-49632.12782133226,-5687813.053349559,-146718.89607002272,8235228.059816478,-80149.07393927689,-12841.068025007935,871620.7988755626
425,26.777573150446056,74.31997037281255,14.39586243337735,-426123.6496004482,806303.3356976291,-286880.79668518377,-2110934.7349362583,-1803334.5844859863,414575.28175320715,-2384525.4797960888,-750824.7258069764,3228649.095015062,-409707.30745983456,151794.94463309075,992012.9447843669
426,27.457366566481024,76.20079941201757,14.39572445205685,-449788.9682667701,1606062.280052575,-1325146.67790879,-1727071.7779459795,-1518678.9943848155,224312.1784463017,-2172226.388365852,-1058837.7776305366,3062190.7998734033,-1225052.5303008147,12954.303334170965,41089.72796110612
427,26.77786826448823,74.3203805458541,18.85418337680255,-449504.2415529094,1528971.3744477367,-635132.6666341196,-3230896.800987713,-3346807.762676329,315224.81239938067,-4087094.5336976885,-852802.852518437,5384231.852476833,-371620.90068931517,-79471.78350931461,932790.4065093517
428,27.457602896999106,76.20122783236692,18.853949569669016,-392671.2867959095,2012131.8206768092,-767151.6607882605,-2856057.036905088,-2920612.1543863486,72877.63628800462,-3532941.954876216,-642792.73981842,5028043.567787276,-546289.9005295472,11113.35009924733,323476.7683176256
429,26.77817858773992,74.3208700700607,23.312474345572117,-319172.9891662928,2262476.064512756,-336806.28648443427,-4325080.44524744,-3640138.224194728,236655.59958786445,-4690016.990960002,-562583.4187473411,6859097.198569374,-287568.2261983283,-63762.81645514626,1023768.4054987191
430,27.457855721273305,76.20173480313822,23.312224527768542,-306266.5296730121,2345049.6940583833,-264512.5268501489,-3937153.9410089143,-3216881.199048984,19316.981005821905,-4212636.6238870965,-300096.5380137271,6287003.799436048,-226094.25479561102,-15531.713940600344,621180.1258752476
431,26.735978733815053,74.20380642345297,27.77077972193381,199473.2208293362,3213975.8339591133,483834.1214509377,-5649100.303028559,-4252235.110514794,257759.70849533274,-5317702.719231042,136020.23623421753,9078965.65923621,-109380.35425316665,-37117.62055875331,1196067.7056036466
432,27.500572205828576,76.31979129690986,27.770504970040676,-389659.1575534919,2881624.105361325,-110502.42697860592,-5472499.913568,-3735496.9733566907,-40223.60210401663,-5548583.732572406,-160860.17644598015,8090906.429847619,-81691.97740201301,-15448.610133643691,885314.7192586669
433,27.543805333380877,74.03479806269209,14.104197395794014,-353307.2256068712,416127.36224734894,-195787.55347142785,-1354833.410438382,-851510.3057894333,458478.94476025226,-1401597.531025513,-612446.0564409517,1881076.1706355144,-418934.86996195465,163011.05924074037,992124.6891301814
434,28.252916086166923,75.90482341401265,14.104052436889855,-530142.9477424934,854728.7875568642,-1382466.6621025614,-1081908.1372958575,-667484.1105656126,220453.91586377265,-1576148.9145305632,-1088753.3708203854,1607021.4630627572,-1259570.5777341798,5963.438379598363,37313.721510195566
435,27.54411795134108,74.03523353926566,18.645850783885045,-389048.6368985071,754204.8601699375,-604617.4914956898,-1988774.8439856644,-1724285.8512288306,339345.5936247205,-2367394.6760837315,-847083.1770216458,2975016.584881118,-382292.16525233485,-80201.20896866213,921831.8037716125
436,28.253168933198204,75.90527852268468,18.645606577428843,-435983.58776176744,1072393.7887794503,-807235.8846588585,-1760129.3194563924,-1489417.5034711917,65469.4996126206,-2180804.798013788,-706330.7322125154,2716309.8465851285,-551455.4271508176,14384.473897165324,332611.794112387
437,27.544446295923017,74.03575116505911,23.187473234536355,-290517.2359697494,1133805.3499816505,-446937.38613492344,-2586532.412130988,-1898262.9659586677,244910.1062427477,-2757146.0708796633,-625819.2739593951,3779316.072716037,-294089.338938112,-65430.42756497031,1015280.5599764863
438,28.253440678002878,75.90581414667646,23.187213479697355,-322520.3304587536,1230634.7830381598,-388063.21436929924,-2394302.824841786,-1683288.1759573203,6416.768467171573,-2584084.3516417933,-372266.6517331975,3476402.2415850977,-223472.56262868538,-15240.49068900573,642767.491679261
439,27.500431411322516,73.91938925412155,27.729111049268926,158865.5100121522,1737321.0875666372,224670.77075753454,-3342696.2849236378,-2322256.8772909697,246198.62897320953,-3052315.7671568305,-25953.051477527457,5199126.186970683,-112831.77782558222,-36478.80951054541,1197527.265533321
440,28.29800715535621,76.02322249359945,27.72882571527014,-480505.19486921537,1500307.987440503,-376157.7128615505,-3476058.8487811224,-2054732.4175358717,-75879.0589205284,-3672208.5926243793,-336690.1319329587,4652543.804267076,-78398.12700736675,-15010.06128873325,919623.7927639006
441,28.47070267731261,73.67660643133341,13.812532335901558,-365083.6326051603,466203.4365495654,-193828.27340407408,-1403961.5072715583,-864997.0268772149,472172.8072659177,-1434764.7683667613,-616147.7258659519,1958204.0247730436,-436979.8843216407,184957.29415325166,1009589.4649062189
442,29.191495054872572,75.5422017625678,13.81237846098174,-560949.8832031075,941533.3299128147,-1424268.933445211,-1155016.0543315152,-726723.5347453712,237349.6190146831,-1642228.5224400822,-1148260.5926022632,1746803.6283068417,-1312152.468240587,-9760.516602343401,40345.42923645647
443,28.471036332158956,73.67707348577636,18.43751823414021,-405628.31544376287,802898.7837818534,-616707.856725303,-2018826.5378136197,-1758013.86545107,340722.3574529454,-2399278.304694365,-862238.5909236805,3042079.5072308322,-389225.08611004037,-86043.64008755636,902309.1360117698
444,29.19176824717144,75.5426890793253,18.43726158020444,-449978.3150228442,1163095.6162425103,-806081.9888455158,-1858077.251622418,-1606637.513177411,76267.42375429571,-2291104.1881491723,-720143.9287440252,2918283.4292673473,-547708.6960670932,13908.66428965471,352238.07799117244
445,28.47138562025551,73.67762318064797,23.06247161071177,-296421.5926789198,1174721.7512113617,-451107.8454064976,-2590890.364514136,-1922118.9332344395,248025.57175709895,-2759371.2819110523,-633560.486397401,3820124.081434397,-300288.35971093713,-67390.37056596746,1002940.3915557603
446,29.19206211744657,75.54325663177525,23.062200563341236,-329870.9311799032,1322403.0317071297,-380079.2652340279,-2495306.091142183,-1796705.8988445988,19767.11901650695,-2686706.0692078564,-381627.23902080336,3680786.1435218584,-219450.58811804064,-16068.386042119198,667804.0632202716
447,28.426660702593523,73.56156799041081,27.687441645355214,178504.927541469,1779670.4222084049,238634.9493255755,-3322173.9092210415,-2351190.429380131,254948.3046752946,-3017980.7640858823,-20405.42777895554,5235196.490940288,-116376.6000673921,-37390.573313068904,1194383.603865029
448,29.23737957109033,75.66041811129291,27.68714423287201,-491250.803435917,1606651.7765846648,-370873.2552758936,-3610370.8336445843,-2190509.593893887,-62337.4051352651,-3807886.572671718,-347907.72899966245,4900322.019544233,-74749.8449255076,-14638.130014953898,960353.7207350694
449,29.39762928133189,73.3184894302794,13.520866143320221,-378427.8254404812,544435.0104469694,-204256.95126427096,-1499750.221178841,-918085.8996452239,479050.61067658634,-1512354.2932812548,-632413.7419794432,2106518.2690029154,-452840.36662085075,201605.24297261026,1024240.3058914735
450,30.130046382132434,75.17950984121437,13.520703825948152,-587911.2746077063,975868.2261620625,-1478168.1268892898,-1186420.1367361206,-726495.2276356118,250741.20193259418,-1685844.9874060028,-1195500.6667442115,1791134.4788152813,-1377275.3757427263,-31299.8786991415,47410.26312046316
451,29.397983296701607,73.31898853423517,18.22918371926725,-432482.48050451203,902425.183143181,-629527.903806617,-2108953.789036086,-1876979.918225026,340224.9243450256,-2515662.6045307377,-879459.0962935233,3235536.499656312,-395141.2609750768,-90854.89751067177,877152.339504764
452,30.130340561921997,75.18002927155817,18.22891506203943,-455809.81776437856,1198578.3772666086,-803295.9921578595,-1880837.3933247852,-1636433.3153011827,84121.6479903127,-2310051.2838130123,-728370.6856452345,2977894.536802618,-543060.4828597003,14371.453382216398,364555.9200726288
453,29.39835356370039,73.31956973687524,22.937468034916364,-312607.50020825455,1279604.3258098736,-448507.581447584,-2680879.95494506,-2034132.3734691988,249220.59796152724,-2858777.6355798338,-638869.500669188,4016136.3804030577,-303341.8637328239,-67602.33868605531,989901.839720983
454,30.1306566024246,75.1806280829037,22.93718616448567,-327527.97684997885,1346758.5569321532,-377078.78124731075,-2495884.311347554,-1816376.6410482675,32925.471178727574,-2679854.6992556425,-391218.7378038812,3713225.2358943867,-217547.3948379346,-17346.15304653486,682583.710765552
455,29.352922259096175,73.20383025031053,27.645770400821142,189107.7843076369,1910302.3103595125,266658.13327995175,-3424209.8474921775,-2491075.7288916693,262996.0686562909,-3109965.975936713,-8838.933263316872,5484873.137147134,-117830.71919650788,-37025.227143112534,1190800.7225281536
456,30.17672195432536,75.29753313832526,27.645461313179645,-493069.9420187862,1617359.5731768245,-379205.3608958048,-3600034.478599509,-2210683.7813297594,-50313.005511977615,-3800913.055721626,-365427.5359614016,4911424.861945257,-73682.12645808386,-15077.28937075032,990174.1695079415
457,30.156532207715145,73.0143466005324,13.229200126838213,-509166.5684417809,1347196.5130681351,-255883.93996236386,-2492566.611877897,-2121374.1958214445,407006.3772601361,-2680029.2055424782,-755725.9093256627,4017901.11953213,-460033.6079294233,205257.08546920685,1031469.2078465603
458,30.9179131543372,74.8636536415315,13.229031897912943,-557889.0893534481,2137695.835773145,-1440755.3836670183,-2015993.0252146376,-1810040.8089882508,237026.4341980383,-2458627.9056410245,-1184228.438329561,3781907.7067232626,-1425214.5380376903,-44447.72545284676,59119.97141021438
459,30.156902990832414,73.01487166648772,18.02084949243569,-567926.6709809293,2188841.646569466,-621838.6617273068,-3551833.1471339543,-3920167.932239971,261102.7492816305,-4513557.288940665,-851751.0814219738,6364384.684223867,-394063.0382295021,-99569.15231100545,854987.7043514936
460,30.918225763670222,74.8641994081153,18.020571373154848,-491714.1283291227,2573174.7057694644,-728010.7204855662,-3161595.1941581215,-3451953.4910307694,51056.7904767509,-3938748.5242788927,-648148.5545073036,5940346.935740976,-542951.0686597205,8795.474270036535,374334.04249696276
461,30.15729208284176,73.01547988738376,22.81246544907825,-438265.4946462044,2919826.0247078463,-285458.4597486721,-4556334.376942741,-4168970.4980278867,184872.99800321637,-5001386.251019738,-538435.777256743,7735924.098589451,-306349.9373542383,-68616.22448658344,975328.4583040313
462,30.918561707573062,74.86482557387805,22.812174642111785,-414711.48707843386,2878940.89034456,-208561.74538601935,-4177892.6855252087,-3709218.3335440867,8155.363425171991,-4530744.45525192,-306439.41030355147,7092851.5234355815,-216876.2877407242,-18127.148737353156,695925.2616872436
463,30.110068513198502,72.90049858042661,27.604100413573118,153191.72175939404,3968854.160837714,623259.1656333423,-5825380.376615311,-4861062.390235666,220089.79693509534,-5517977.1206071945,218647.17415939996,10044634.994678244,-120648.42516174422,-37369.652063476045,1182090.2216248675
464,30.966456881436656,74.98102480828463,27.60378161864981,-542356.9426432333,3446229.487362562,-73610.63186932541,-5727356.4550920585,-4282953.985353094,-56348.01971905758,-5905249.388245894,-184632.83694325923,8920144.138039157,-72767.57586687944,-15409.554450139014,1015150.155825526
465,30.761895937841732,72.7583197042346,12.937534048807612,-499404.771556198,1369438.651826961,-231336.66137439583,-2464741.7242486915,-2045884.934814811,408580.49643558625,-2597845.4978664927,-731935.8984376754,3968478.6152005335,-454278.1073882979,193221.71526946893,1029174.3920546074
466,31.540611008972565,74.60049015159426,12.93736249315427,-540380.9923945491,2308293.183370672,-1431887.6484621745,-2126129.9447962577,-1921720.5163846565,242280.32932887162,-2535057.4113089796,-1178530.1286826856,4049612.0825056154,-1445399.5657761479,-45100.70276989543,80704.85890792483
467,30.7622802750088,72.75886449826986,17.81251655408802,-561542.6016485386,2199240.709796288,-605263.6824438623,-3454419.7465541195,-3824738.6577656935,273282.33019637706,-4362440.967700208,-852756.1079870122,6247631.501391109,-397660.7995144721,-102514.74050436587,840520.8247009364
468,31.540938696260156,74.60105575493083,17.812231765068265,-471089.8979499941,2786219.1249176604,-702847.4324256091,-3282826.791952116,-3672550.067932459,60359.18817272333,-4078780.205777811,-631884.2657049207,6322946.266024787,-545962.7345947686,6929.962157941381,384396.5670621275
469,30.762686264284827,72.75949583923449,22.687464325844054,-429359.9610469141,2902890.501351705,-281327.0579760845,-4411349.415991367,-4067106.078363307,194764.35674454152,-4826697.176265867,-542669.8964688219,7561570.555063395,-311052.6288048417,-70076.89113064329,962422.1591437359
470,31.541292112789947,74.60170526809604,22.687166685251363,-387137.5873401781,3107804.314881388,-170430.72172759392,-4323745.67622778,-3939337.994201634,21072.171529955962,-4669640.541322767,-288505.4814620952,7508382.028598483,-215540.31207118402,-17344.552969164975,715297.9684492013
471,30.71439569747831,72.6449834559932,27.56243164463959,173848.71261285862,3915383.6608986836,620756.3502579115,-5596911.4379946655,-4732993.184321616,229575.84356737987,-5272910.084971458,212758.6659254001,9770140.142815512,-123528.82984398787,-36937.5102939438,1178307.926868794
472,31.59028801511739,74.71748142781625,27.562105365165724,-508130.86321263923,3724309.079801978,-20074.0352042967,-5928171.562853257,-4562098.344610486,-43282.89788950159,-6082688.416939516,-156312.68030788982,9435105.278632443,-69738.79747001361,-14378.521439417109,1042747.5116611689
473,31.373055073285638,72.49995155778953,12.64586735969517,-501028.9213483932,1444692.344325443,-222242.43817979877,-2542586.354824515,-2126119.712663019,395933.90567320824,-2681134.8150132196,-716796.6330002056,4119352.432810678,-436563.7760572588,165730.13149593206,1009313.4758928111
474,32.157515684793125,74.33967213421893,12.64569220121699,-545490.1139469795,2298616.0963010727,-1443259.3206381565,-2158172.4840332125,-1934685.9251334756,241485.14793747527,-2568615.481764985,-1191504.4522231598,4069986.5957040815,-1453515.9119525622,-58642.41308541302,107319.95985908166
475,31.373452072170824,72.50051451096519,17.60418271257364,-566137.7297319325,2304967.885556868,-597038.7581413311,-3521150.806793155,-3957609.4258729257,279623.3071554599,-4456473.662008285,-857240.670022075,6455505.7297139615,-402997.21130910324,-106108.2627511668,817415.748191013
476,32.15785735868195,74.34025565865369,17.603891591230237,-476486.68033081375,2802193.6521330536,-699619.0165668245,-3279107.0234197807,-3693839.4943267824,71495.96402535385,-4079585.16135527,-643778.7444659462,6349451.861056632,-548637.0504027344,6181.524395918197,388353.0104873144
477,31.373875179281743,72.5011689790551,22.56246225066495,-426842.0157804254,3015458.0449424507,-266148.912949082,-4482213.095997903,-4202756.321298279,199785.48663403327,-4914889.713285335,-539856.6090447942,7777213.43854307,-313507.82156448043,-71052.18172025813,946203.8787326247
478,32.158228307677085,74.34092821779119,22.562158182809444,-388713.25281695486,3113603.9701293292,-170535.80504029617,-4303701.233882797,-3962286.7845675536,35807.566788435935,-4658772.693919326,-305061.7095497376,7518189.31574114,-217053.74204515124,-18312.11361891798,726583.9664465401
479,31.325242146404392,72.38683270885615,27.520761999669492,195396.8706144482,4045854.242900583,649234.0648181154,-5678778.836145643,-4899827.663703614,236926.3850434126,-5365881.689235651,225870.0497600713,10030496.817808725,-125818.06502683565,-37344.39215145305,1169991.587598042
480,32.207600779249695,74.45657387821699,27.52042856333752,-517178.5688128779,3704595.7096017357,-28189.009773691185,-5887011.760068061,-4584804.788413625,-30874.380767092072,-6068467.789350947,-179240.89936284302,9406936.819728956,-68296.67948704408,-14764.094862544853,1064122.6496686833
481,31.823734054943298,72.30611340892425,12.354200787493152,-196650.04071386158,4293519.2309630895,-101620.17216070695,-5303535.512871179,-5828079.1058985535,221899.55726752646,-5972420.3543050615,-374465.0845413002,10342134.456934884,-433599.3979339974,143937.92385653756,997720.9638727028
482,32.625393980712204,74.13837288649803,12.354024880597539,56309.75764640281,6020592.21305602,-1047967.9027935723,-4424254.318072889,-5239979.731308366,145045.1575485795,-4847880.006493486,-501086.19879802485,10377900.273200365,-1460521.955875724,-35796.59591786745,110394.61287419384
483,31.824140892207176,72.30668924444271,17.395849141004277,-12668.13735700678,6598074.9991392745,-254559.814787925,-7451943.149643763,-10282695.641304426,112353.99607343628,-9863366.786369018,-201781.23860135875,16395995.071964718,-390458.5824375153,-122545.3707664195,812061.0885462934
484,32.62574639610715,74.13896953805738,17.395553930033362,174706.40315680252,7206847.978399816,-245567.87809436768,-6668236.262717989,-9236981.90336317,-41007.29038958544,-8439592.245078357,71533.09200033607,15504045.656540267,-558136.6578325046,-15689.42265993498,402275.0404227659
485,31.82457867415306,72.30736310531587,22.437461055484423,356408.106073976,8431866.716075275,576895.3341395643,-9601836.254790928,-10851162.319034208,67765.63962222195,-10527132.939894406,386366.69820135075,19505936.397981867,-317137.13154336833,-72102.8222522003,928551.87871935
486,32.62613228187945,74.13966183001843,22.43715210534401,328919.2360116786,8040938.751693247,610959.2697658329,-8784551.66228792,-9771672.78318399,-54842.301398842596,-9445414.026530486,510437.9380587053,17915793.345942542,-218559.8635186452,-17667.588138476727,736294.4324433166
487,31.774884940244302,72.1935128375267,27.479093434216196,1303055.7830198437,10717183.06024533,2058541.95376578,-12358342.020353151,-12277595.380076634,162379.54328706913,-11704641.100663725,1525287.0989012963,24258134.798793383,-129184.9149767477,-38854.320370246365,1156184.8178980835
488,32.67659469627987,74.25486102443384,27.478754565368682,428064.1333623221,9501071.11960138,1193826.9225221346,-11636193.745080099,-10939041.354235917,-58743.99066110611,-11454534.122071318,898008.1483151647,21679488.149242,-68156.54896280421,-15349.164558416138,1077150.508947821
489,32.12253303788446,72.17307307730489,12.062534198533694,-200029.02753747627,4149131.316153776,-56014.67846173351,-5054587.501016423,-5475847.273022954,239068.5077218222,-5587870.770259256,-371843.086050662,9852801.466464488,-427769.3513864551,114432.42765396475,989848.6894727716
490,32.93564514909458,74.00032198824205,12.062360255545842,135226.81302985502,6327894.64712779,-971414.780236498,-4554091.714619863,-5402521.053475734,139573.5915752805,-4895601.431643444,-418035.3994237605,10805343.510988357,-1461424.7986952737,-26929.532158314327,128988.10871630989
491,32.12294736641796,72.17365724465243,17.18751664031772,-35795.58412076603,6389510.433370206,-233849.18098612712,-7111512.317611055,-9841987.483465992,137515.31640292666,-9384389.250361226,-233439.5058210163,15737694.424445556,-391810.79373824655,-122405.1996826455,804894.9715430752
492,32.93600521987919,74.00092737076625,17.187219796972364,267097.4748271692,7645252.506143091,-180779.81309835054,-6862962.533511938,-9685971.532488238,-34160.630316996445,-8692925.088770177,151730.5265985774,16272764.730043512,-575341.1613526618,-22195.74660335757,400710.26218476426
493,32.123397456003595,72.17434704657629,22.31246105813984,315582.893576544,8167566.879033428,549002.7641375246,-9176014.629917914,-10443909.125888372,87275.91775047964,-10066704.035244996,331167.7988585897,18767688.773133904,-322582.6947566942,-73552.38811355695,917567.6345665875
494,32.93640326728194,74.00163597181636,22.312148842571297,435904.99390291097,8536297.793301314,708645.27831378,-9068699.463450195,-10291820.961979607,-49048.50549540745,-9750629.31581698,604612.758588547,18826864.622746438,-219747.92447810213,-16405.869198092285,744161.4875415019
495,32.07300040024118,72.06082692753475,27.437425737521835,1238479.258356693,10331385.756581016,1979931.0366494604,-11751859.62526617,-11764057.926396858,173489.19520117028,-11118397.355777297,1439796.1116549026,23228397.295709558,-132038.45012812864,-38329.578033360995,1153936.2305032276
496,32.9875938002076,74.11653918259216,27.43708330394317,565689.5985423443,10134082.430691052,1339440.4683789175,-12071488.478775673,-11573233.379190598,-51204.617817759594,-11848366.271016719,1024812.488400725,22862766.280228302,-67471.18011089604,-15004.481201806611,1087235.383178799
497,32.424207130425145,72.03880785381557,11.770867595364876,-167799.93000496365,4273783.746662404,-14502.01831126539,-5101057.071440244,-5565193.294906416,235221.60603341451,-5614409.8704284895,-331878.5416901467,10037770.210464817,-420124.44760460686,87965.80142060421,961882.2718210231
498,33.243022016177484,73.86349763079663,11.770694938125583,116898.15497495816,6152170.755053248,-953727.4622239855,-4436128.304871653,-5224317.340276831,142001.1528817766,-4746218.481665811,-428806.234810941,10490366.164280973,-1445613.7608420649,-21328.3718035164,141324.09264938385
499,32.42462877877776,72.03939969528989,16.979183894706587,8932.969347004313,6596661.27632872,-186203.57354685385,-7212351.980563108,-10096746.84467794,144735.06748350416,-9531572.624150766,-193047.35615096023,16144010.652430601,-390927.23627133894,-125177.21621181269,795991.658005915
500,33.243389182094,73.86411109277277,16.978885631277475,245899.8756690435,7515890.672470834,-189481.13625492342,-6696532.631138869,-9497126.622119376,-15058.009503596155,-8496913.999661846,117672.7579259983,15951550.653620798,-593391.4924099296,-26763.037539666002,396807.7038469913
501,32.42509123389604,72.04010546679174,22.18746081695823,371777.52897524275,8436468.13843424,603772.7467381964,-9320697.358623635,-10770982.113028912,93197.82185521002,-10257503.142156763,379296.0512936221,19290225.50501083,-326250.5173801224,-75333.3927584804,902407.7683365666
502,33.243799434246405,73.86483587099168,22.18714547654006,413095.1003668527,8399085.001601094,692910.4510835032,-8869544.37249105,-10149192.304460071,-33405.023183729914,-9572428.69146129,568246.3868849867,18509272.85762775,-221854.59285771573,-16189.772567285665,748518.4110508428
503,32.37435042833051,71.92676235252401,27.395757803810397,1321461.384706436,10688148.81688539,2061311.681807718,-11980713.53741728,-12161151.845369227,177320.25062047414,-11356378.191371394,1512851.447839296,23914448.626931652,-134268.25634418914,-39103.680415645766,1145609.4490667218
504,33.295358742599745,73.97959625320921,27.395411930666697,521573.9613138195,9933040.086987983,1298119.1960987598,-11800137.217243567,-11386908.237421125,-40392.61818311671,-11628013.230712237,969011.5729309287,22411734.902181864,-67628.04296889085,-15600.777394513374,1096556.6753978245
505,32.722178994981675,71.90394229197861,11.479201317671277,-163861.5688081123,4327639.045970232,23131.700790168718,-5013177.975021826,-5533000.354799242,226224.90047732758,-5505948.535788352,-304254.538343182,9997112.25208382,-411879.18139043084,65356.962343288375,928183.4290123062
506,33.5523833458073,73.72347841300049,11.479029501892096,118038.57858192641,6152396.37998154,-914536.8880143566,-4370891.913289582,-5199021.7462311825,128654.92118342273,-4683909.140986273,-396117.6934402582,10435924.904975642,-1420344.1802571095,-12623.480925772526,145701.9889129742
507,32.72260795137886,71.90454130236893,16.770850984438248,7827.237690530252,6690417.128762183,-147628.57465285598,-7147549.167011522,-10117687.373874366,136272.99880959047,-9466655.943485502,-171728.4147789808,16189000.150064345,-390880.80143613764,-129397.94496214464,786056.0797784667
508,33.55275732316249,73.72409970778243,16.770551305804904,240990.317358925,7597101.743530327,-172697.28201805055,-6634984.843514692,-9521055.600410722,-20599.132555664437,-8452137.952269316,127004.74408816214,15990527.987052353,-609188.6750951867,-33188.71597794993,397608.8261458257
509,32.723082760285905,71.90526283852654,22.06246068836206,363418.7463135412,8553730.211305482,629799.4094351612,-9250591.516568134,-10850948.80239937,81366.59964844557,-10228335.811086092,395762.84768398927,19379521.330456287,-330505.34037895186,-76875.71819756812,888459.9164027731
510,33.55317995035573,73.72484056738759,22.06214225120487,403516.86716212705,8500741.423245734,713932.8647800558,-8808772.998586241,-10228481.223275874,-42478.85375815333,-9554781.323389987,578820.7140399204,18594151.764537975,-224125.5731142935,-15791.954846931661,753903.4993708031
511,32.671642780704246,71.79225863295811,27.354090223214538,1316935.4701860992,10830161.65370276,2088076.0797425183,-11902072.23444515,-12252904.713646786,160984.98954846844,-11313772.473030025,1535058.9489900544,24013886.727671333,-136983.20301438041,-39560.053419790354,1138300.094025306
512,33.60546353172422,73.83929609406684,27.353740899637188,502705.2957670768,10045251.34461301,1318846.7408712353,-11737858.137736902,-11476336.21231867,-51655.730749035014,-11608397.148672514,977156.7503098145,22498043.779614024,-67540.07426692346,-15818.252281788566,1106222.5676416312
513,33.0221427698204,71.76589905314486,11.187534882738237,-170029.57405244815,4226645.6753433,41725.40191840171,-4834272.985591958,-5387302.864693637,235204.8227722334,-5312574.076640591,-308830.4403438359,9719746.020193685,-407223.36848503764,46176.30391509528,889574.6329024627
514,33.85803451529093,73.58284013603134,11.187363826362915,154818.52941450244,6249875.300393609,-865911.2412637095,-4388544.381269261,-5301386.786149437,124655.42709870564,-4712550.731028453,-344286.9851144108,10595620.304687265,-1394216.5361115658,-2085.254143566076,139505.69313713367
515,33.02257925093082,71.76650510988401,16.562518404284422,-4659.013682279503,6577213.136137828,-132201.2824728361,-6968987.312308354,-9917777.924661163,152774.71057555982,-9238034.796549957,-189969.016336264,15868356.65286893,-391393.2512025339,-133555.57199878313,774222.7651578278
516,33.85841509027763,73.58346918247176,16.562217403177854,286321.72654305515,7802212.614795013,-140624.80488240905,-6719323.3675968,-9764683.735554,-10721.964076432974,-8589246.91256797,161196.3170467817,16375960.131976847,-622385.8930459259,-40355.40114201061,403067.4655583385
517,33.02306649733842,71.76724229948421,21.937460652467948,340884.73755944567,8413419.061096236,614869.6507835377,-9028670.78277357,-10690548.908573661,95442.23920317377,-10025541.08628324,361442.20991925825,19033272.325803198,-335695.7244925369,-78646.8857309079,874555.4015859943
518,33.85885010554126,73.58422587678268,21.937139253917074,457658.39785364224,8746724.526214693,763193.554698172,-8938758.768879376,-10540714.906668909,-33838.713130058066,-9735210.708700644,619890.0653470017,19082897.122120153,-226657.86604375913,-15615.761182632586,759267.5445006689
519,32.97128383458352,71.6544172265262,27.31242247386227,1284411.4392343655,10627825.189762447,2045826.0339707052,-11596334.744927881,-12048183.51596401,169129.89389620922,-11057530.725854242,1486193.7242533376,23529399.664568417,-140102.64513048303,-40013.659253178295,1131949.1054464513
520,33.911501908046986,73.69853645910325,27.31206982475608,569050.0152449934,10359144.8837649,1391465.430009464,-11953489.509635204,-11855753.688064344,-42829.00361595827,-11844657.399942487,1031997.6734485931,23132320.055513244,-67481.1911794765,-16041.904731142244,1115792.292147535
521,33.31928764864583,71.62920650572843,10.895868312722039,-110411.22206177725,4472476.955397918,91704.75401772908,-4892968.31746221,-5609769.486844805,233072.57619398527,-5386149.365052731,-253577.79651974444,10093497.648926344,-408390.53823595255,41391.56621025826,851300.917342766
522,34.16650425475128,73.44085149892665,10.895697948036878,116836.89948522975,5949415.971683709,-865224.2208837108,-4129366.339919688,-5030536.179156948,131668.5264450677,-4469556.4471346885,-369098.1822073919,10039683.27962731,-1369095.5031631081,11125.672699148854,130575.35535188735
523,33.3197318455444,71.62981967132046,16.35418559829941,86991.56998136104,6990354.4558274755,-53676.02652404085,-7161598.433640808,-10388953.64213005,154765.17434074983,-9512961.545622883,-102304.8615596757,16638936.406467352,-388412.4166149536,-140935.90296447556,761110.2810932642
524,34.16689140277068,73.44148862259492,16.353883249944346,241388.82622521208,7515016.166972468,-162441.09334772546,-6403165.811030961,-9346197.561541691,10635.328047016967,-8197002.016418578,104588.0137521683,15686377.902516369,-634022.5243287911,-43574.860113271396,405818.79265143396
525,33.32023146624751,71.63057228123668,21.812460406205197,456214.2514968107,8931523.03553994,718707.2314132676,-9299376.699992148,-11249440.291644938,98999.13408110404,-10343680.43230378,466028.8513398889,19984096.099413905,-338861.35357975133,-79926.35660833694,859614.6893065099
526,34.167338858936475,73.44226103962333,21.81213605766209,408584.25277591846,8441036.521460678,721164.6826022689,-8535477.989203354,-10142013.555175802,-15843.765153497,-9319877.820776884,554899.5912575149,18335763.686358236,-229220.00111522822,-15765.269523758727,763481.5427006519
527,33.26775390948523,71.51809513122849,27.27075450064568,1449512.201675824,11325221.255998608,2206405.676049371,-12027087.310928788,-12740022.545644742,171292.4990568534,-11460910.034558084,1639504.892510922,24802544.275770955,-141613.90437749526,-40342.17896277535,1123322.6863063169
528,34.22071135188237,73.55625790218511,27.270398526542685,485753.5231765006,9938281.572962282,1303072.051090507,-11395051.38620068,-11360520.417314487,-31225.51001377832,-11326907.490384951,932670.2540024862,22121344.383611757,-67620.74626061067,-16274.31628043657,1127285.502524192
529,33.76235525443077,71.41855644430143,10.604202452796118,-521857.96663002047,1605259.4879262932,-102868.30543589854,-2251451.935744091,-2127250.9570572665,350587.56359062233,-2399755.9533896456,-636017.2504044111,4016306.4196544276,-389884.934149487,13284.897465263139,795136.0164780995
530,34.62653378241961,73.22220451387798,10.604029199203378,-492299.37013513315,2331777.3430678924,-1276058.8885759627,-1973925.6105340752,-1922909.3567519519,169147.2590933462,-2415455.343472028,-988641.3361754294,3967515.764004254,-1329267.8661561059,-10739.216294332324,134096.18290235408
531,33.762810680066416,71.41918081448766,16.14585249805057,-596187.2322447645,2602018.7705107224,-474912.9154528866,-3321914.977367129,-4067640.7098756763,266129.9015386134,-4273901.119967469,-808424.040338531,6613243.783119075,-409170.24120587594,-127184.3448342263,714067.4668728721
532,34.626930407641225,73.22285428667637,16.14554659809188,-505091.64371786546,3040106.612127397,-689074.3253582863,-3106869.7960326904,-3809704.6598393912,78953.10178674501,-3982746.4933684166,-654169.3534369286,6482856.489856591,-634821.3853737409,-20194.16374965753,392583.71331454284
533,33.76332559392584,71.41995183623055,21.68745979297029,-481234.26666624274,3360080.291546349,-204839.36825651035,-4269514.235529021,-4450857.488451003,174391.01243449413,-4818228.307540932,-521209.6426723381,8013444.606836868,-343908.4571414488,-82548.51228276934,843121.8327444601
534,34.62739372819836,73.22364537777105,21.687131217319568,-420219.86993761174,3414480.554750539,-120833.93566100206,-4137821.6886287224,-4213192.8644232005,33722.83039587804,-4593834.798575159,-304558.591940822,7771820.139667905,-230771.25576425667,-17709.620042151302,773875.108136334
535,33.70980370173464,71.30799363555047,27.229086431236063,185013.4076115922,4473975.866772676,721297.1811865979,-5426037.880398475,-5200794.1759619145,192134.57641861774,-5212184.795174357,278367.9819179972,10314103.268827226,-144701.64614048338,-40043.40693289844,1116182.8542802637
536,34.68184219083135,73.33716208372874,27.228725635140798,-596132.0198985159,4037148.9187539835,24462.61464230437,-5721277.074651683,-4882792.1407201905,-38900.57670749875,-6016051.562465399,-191998.31410751166,9673529.39007068,-66911.25238233658,-15819.323357833437,1145702.7332580695
537,34.35982457997378,71.1299498746723,10.312536533141113,-534640.2959101556,1596017.226743292,-111291.19662587828,-2156666.3822139674,-2180898.8877241793,352993.0371124391,-2367006.2135138535,-665835.3318511352,3982927.279572248,-393983.0439842898,8645.633757130629,731458.7194936657
538,35.22964270454484,72.93089594410216,10.312358065189375,-485350.98081439803,2359886.38609552,-1270419.234443396,-1945083.0191159283,-2045157.984648014,172376.1197090248,-2481456.184456777,-956419.34671242,4041991.702006924,-1303886.7297922345,-2282.3048286947705,109852.27399126382
539,34.360295418322366,71.13059068379908,15.937519329431442,-603935.9319701351,2597301.4190411707,-476343.85982074565,-3260376.3093264885,-4081090.4215827296,274765.9427364546,-4245514.818519578,-822210.2492452634,6584746.695015132,-417333.6910168736,-135289.69956925834,676670.6209037907
540,35.23005212226113,72.93156357915325,15.93720782693005,-496261.0357422896,3092462.9292237023,-677940.6954004022,-3133173.955294585,-3932298.7057923833,89778.17215132862,-4058498.313236526,-652540.0742680016,6629299.585585541,-624671.533926933,-19978.11048930921,416744.1353334439
541,34.36082881878574,71.13138325392651,21.56245844200375,-483942.4159834578,3334580.4853809997,-209705.57084746123,-4190062.0770199713,-4452349.428222938,182933.0713001945,-4771185.552239357,-536030.4023699763,7948148.4531594105,-350277.55552601675,-84902.3331464543,817834.4215393205
542,35.23053450068929,72.93237611774614,21.562124553144102,-409912.4447308426,3474513.9754325897,-112455.91276767792,-4163742.0036958344,-4335068.900253963,45131.464473171916,-4657781.165059001,-309992.0816558302,7919918.864648897,-229790.96542195987,-19218.830887402128,791501.8030894946
543,34.3069733268145,71.0196154793256,27.187417393908017,194202.07903167314,4424302.634546723,713594.7231550142,-5313911.2242619945,-5199301.012317619,200100.07267497975,-5142140.1979645705,264908.08560283616,10209331.549095143,-148740.6579856393,-41099.4773873118,1102362.0865553417
544,35.285354105785714,73.04574549505513,27.187050554114773,-589465.8001158999,4106050.222142619,34117.21236434928,-5764013.5753283575,-5030747.409866905,-24698.331770778877,-6096947.551729725,-204232.16351865238,9851881.349639446,-66364.57461151275,-15401.228433179216,1170532.2096896567
545,34.948923268946224,70.84556706209624,10.020869980481832,-515906.22886729916,1738579.0965037043,-98300.265264343,-2133212.4552387292,-2342796.3186730407,363809.7193983715,-2380509.46673431,-679929.2022072491,4184811.2713136254,-414587.5601686715,18912.931237091736,696782.4802085933
546,35.84111915134736,72.63535853714103,10.020687721369999,-483829.23592455976,2247620.426423865,-1285006.3841433912,-1771768.672600328,-1948961.799201991,181350.75681095672,-2372273.514170024,-939443.3723951515,3790501.692921088,-1311667.6882036626,10060.487564376435,91896.02365751548
547,34.94941045087753,70.8462260241983,15.729185423985149,-569263.121082515,2843952.8323218483,-443367.9371536914,-3317898.0802456737,-4362218.592732993,280225.3194727813,-4378439.20549973,-793148.3489832826,7002909.328568655,-422853.6906064726,-140977.9185841965,640861.3008394256
548,35.84154268066717,72.63604621149453,15.72886822629079,-487569.98719010386,2966811.2846073154,-678501.4648603508,-2944629.316723114,-3752278.389586849,102594.18883845827,-3848511.5695859096,-657752.5747664892,6307003.9769092575,-617631.705969183,-16996.002707834472,435337.4198493744
549,34.94996247616028,70.84703986377282,21.437456247467995,-435222.746061053,3614327.586342389,-159077.2196735494,-4280408.687365134,-4742009.285722383,189609.22608725136,-4893945.91558216,-498397.481452654,8412371.0176426,-354403.5093925063,-85464.06062681387,797012.9576261495
550,35.8420442665879,72.63688038482744,21.437116954976226,-395105.99648958235,3329870.550148399,-125084.64811425004,-3917696.0951996087,-4129940.9083804903,57047.62876505066,-4395090.249975138,-322193.62969719997,7526963.785216907,-227225.49634289523,-21132.093972984043,808695.0710119586
551,34.89472722268908,70.73599045258308,27.145747469583217,276706.41493985476,4787395.9123208495,796869.6467735565,-5463424.206237521,-5558500.98298079,206366.36446278152,-5291276.877887018,330943.8908295078,10821304.96109177,-149773.44041602605,-39688.8154627904,1094181.8142210434
552,35.89828161939681,72.74957413119986,27.14537462872188,-588450.6472325344,3900728.3086536396,-5438.0960042406805,-5425144.715012858,-4776905.241856453,-12226.676483589992,-5766129.8974936195,-241416.50041824786,9314385.963328734,-66287.07043525897,-15211.332719119557,1196792.6842514765
553,35.821293482005984,70.39682808433663,9.729205151169541,-463985.301286241,403298.4750336688,-126526.59884996148,-788034.2728433979,-490331.67261620116,418554.801404769,-950204.4864158097,-416375.80183213257,1179366.8631454092,-439283.99884911446,25643.78629213125,667419.0603598038
554,36.7469482655889,72.16967894754897,9.729014845807825,-508945.51911920524,593778.3246119352,-1434266.0293194463,-645280.5064361928,-294728.6075638027,162555.09108972026,-1482613.8709000726,-805492.5091093896,938673.1561827464,-1337850.068324386,15292.176068133287,59245.96875399936
555,35.82180614827111,70.3975169372518,15.520852515967736,-487149.44745196844,651352.4312731089,-589170.0420379795,-1187476.9241436026,-1113466.947330645,301708.1500659913,-1479151.999662119,-841671.2270716478,1895856.1685169272,-450920.552196827,-135573.15271657702,580410.2238988234
556,36.74739577797122,72.17039854676798,15.52052553250413,-391080.1315558153,809958.2918869292,-829713.0816222944,-1102802.297138761,-905686.4920238779,70475.67168130858,-1453711.3676175373,-687516.4942753264,1730392.9406016835,-601611.6772320494,-3429.639675828322,452905.4819792284
557,35.82238376980523,70.39835807337383,21.31245448182884,-310363.29747174017,880037.6536295319,-501224.6906713031,-1519318.8867535659,-1244819.3348317684,182684.84960244218,-1703938.6790986548,-602175.441614787,2374563.7861999306,-365089.86797479814,-88186.87946930189,762987.5569525652
558,36.74792393701822,72.17126056895106,21.31210731037606,-183220.19517681573,918254.9774818431,-402198.4413433791,-1489409.5237055111,-1079488.4367706936,22049.279363076963,-1592775.7378544665,-344068.91826085513,2269680.9970769705,-219448.29719639497,-23696.276044929873,840576.8356221335
559,35.76508181958657,70.2883924901675,27.10407812729619,298246.3155108128,1432412.9092230324,199428.36295933404,-1933835.151051928,-1670245.6642635697,174598.8104461328,-1673684.9868403664,69032.15468502579,3534740.4198485203,-155540.07696865092,-39672.0250087115,1071607.541234881
560,36.80627832620984,72.2829209611883,27.10369674806341,-464904.7248432105,1063102.9515018126,-497542.0476426422,-2374272.065918816,-1437201.3014831976,-67806.08306996246,-2623865.68916847,-428314.0707204994,3152835.93890493,-65891.63857262088,-14289.781949549,1234174.391864728
561,36.99366043832789,69.77526202208902,9.43754092358318,-488514.4654130179,410056.9767962728,-135358.88366786615,-741908.4042875074,-477896.9129417613,439989.95464468823,-944472.9702536105,-412799.5217452487,1143456.1197142478,-480789.898644685,43392.51806550156,652482.2406499936
562,37.93040124298755,71.54232456710722,9.437339231814802,-541705.2691404475,621544.7404849564,-1478726.1490181882,-622170.4237244827,-322185.8709209357,200465.59769636267,-1540889.4127157289,-807674.7306820478,949677.4657240976,-1389573.6217427608,20786.482670612782,31606.744867974096
563,36.99420762875822,69.77599296914129,15.312519904432005,-515986.9547574258,640756.8257278089,-619607.9713287469,-1118095.8646281685,-1119809.2181081811,308147.18799082004,-1457724.518459655,-873237.8346605632,1836124.2527618543,-479912.0568163604,-137980.9935309111,517597.24962421856
564,37.93088291336932,71.54308663942298,15.312179583298333,-382052.92449222656,845951.049885291,-815159.689974808,-1108638.580382156,-972032.4383131483,83156.67646506127,-1477553.4922472278,-675872.8116972502,1802164.7393627353,-578477.8029927803,4643.795184912495,490528.0672498606
565,36.99481839498514,69.77686801698916,21.187451737185018,-315951.68827011663,856105.445431658,-515407.819763174,-1438889.252160516,-1238885.7333826981,184463.61275704202,-1657559.7465776114,-610456.7185749318,2292762.4025509097,-379723.27558106004,-90517.3328345837,717252.7016171706
566,37.931444879182976,71.54398251060022,21.187094688359544,-167952.40180326795,945581.9245744536,-393977.4873752307,-1495578.6821697892,-1138144.439956074,30689.763256287006,-1610894.7332428596,-336818.37467682303,2331365.1433156375,-206594.83751591088,-24670.96588651258,884652.6902991313
567,36.936854364851406,69.66729299022992,27.062407438208474,330050.60090265516,1397937.6326866343,201410.04510261837,-1825126.4785256528,-1658545.7446734551,178599.71893603186,-1588299.566576775,82327.00649339476,3435370.8387752883,-162035.07885709289,-40991.655544428366,1040111.1744860057
568,37.99052398692912,71.65530976980388,27.062015601442624,-460143.57386396994,1085730.3938646112,-503309.90116966417,-2381646.871287461,-1508439.4476682527,-49739.560909319865,-2647253.7202452873,-445667.96728640323,3215198.6063626674,-63965.408887311794,-10263.43904825437,1288158.4116117172
569,38.16059331424337,69.15678912514356,9.145874847497149,-502514.51186684344,445360.25781453005,-151785.6021259275,-719508.1877736425,-500382.00525216915,457553.86269946396,-940413.8611344771,-433281.00863374025,1164755.0135899764,-514944.1226497803,54596.636120214665,644158.1799224864
570,39.1192798470216,70.91186501457867,9.145663158251132,-552819.149611759,592519.8749608512,-1537505.184120002,-552182.2010840942,-279583.9737177132,232427.99367873435,-1601985.2182957367,-761241.6121787975,865422.3717036243,-1458759.1471741851,564.2465105075551,36883.259690510946
571,38.1611741030675,69.15756205166207,15.10418416729883,-540077.7329255546,687106.9401609432,-646531.6710620831,-1089040.352484344,-1202008.5954267853,315397.34260611056,-1499588.338273223,-895229.4586140277,1895315.3330605556,-503060.3934297218,-134953.5841753976,475298.733364194
572,39.119797284844424,70.91266846220742,15.103830913187508,-350472.8640904036,820309.4176783334,-807870.1720835001,-1028257.3065491593,-929204.2453776788,94040.49377667175,-1396711.1204971937,-653105.0042226204,1711782.506224244,-569409.4853666265,11128.955689594983,512311.1293949893
573,38.16181862973723,69.15847137858822,21.062445521374286,-327401.97581508965,899578.8252693128,-522365.1307432321,-1415485.1520604256,-1318389.369166165,187963.2530735514,-1684875.267279093,-615910.2223831151,2350597.2083732006,-390028.7853328063,-90489.86938751432,692317.2847294377
574,39.12039376633581,70.91359865951502,21.062078720215446,-115987.63992212561,904463.1563397078,-385322.10044349625,-1398419.053261401,-1086916.7982576857,36287.247448583694,-1499618.1327040747,-313014.6776716295,2215786.226349789,-195646.70690982128,-27547.24349726886,918177.311937677
575,38.1025139306939,69.04967362526757,27.02073314791413,353043.50966292596,1453236.1785051993,217314.23193169726,-1798715.4837690871,-1754170.0925509795,182723.75436639058,-1600167.7656451415,101741.15837202189,3522020.5273729432,-163698.22759204367,-39773.438583956966,1031151.3806798208
576,39.180876487741074,71.02420456681979,27.020331348194823,-412939.58975963533,1015283.1606746064,-514918.16828172695,-2250250.1289994065,-1445643.3341200554,-35154.84848646536,-2507283.221467577,-452392.306514957,3047100.9306157785,-64559.8498548902,-9138.012048869767,1330902.7046697456
577,39.30036591740212,68.51553079237164,8.854210300574957,-526562.2137591898,471296.41657425725,-156572.17975820988,-671494.3760021016,-514551.5788019196,438367.53013255424,-914885.2962591082,-440757.31457028433,1143804.6338862502,-528688.2571281474,53943.55763451905,627968.4607799845
578,40.30263097367333,70.2460907199292,8.853989357348517,-576566.6692626353,613454.4773137048,-1578855.0586026693,-502156.03675234783,-299963.86518032535,241633.62380879876,-1650453.73693597,-743474.8294743414,851961.3158587115,-1508729.614004746,-16190.963015344709,45395.453544461634
579,39.30097924889044,68.51634246086786,14.895850784116625,-586514.2799170163,715486.0557525366,-674662.7665125912,-1017694.6411710684,-1255478.2750017375,280339.4242899213,-1539576.0283771642,-886518.2888288995,1880403.3265289932,-521563.85215055407,-134990.97705918452,432096.8400996523
580,40.30318529119923,70.24693222838644,14.895485000051726,-375472.1947317685,857064.8485052614,-809697.265894617,-980935.3390361951,-979486.1582568183,74842.98409223405,-1422700.8642406573,-627958.9630441987,1722555.2151637315,-567583.7143666957,16132.940676101507,525557.9822275506
581,39.301658416446365,68.51728559736456,20.937442033549413,-383627.1799814038,921010.2913140897,-542800.4155802943,-1340416.1604739588,-1372044.8587198616,150121.63061991578,-1716300.0268383224,-608173.1024355859,2319055.8250263003,-404059.66696046735,-91538.95300925162,661212.1977841321
582,40.303818015997415,70.24789656736777,20.937065471190195,-146696.98885263107,935649.7211204588,-384677.7556627656,-1358485.0854202327,-1136354.2282643605,8637.186619501093,-1522909.4856826602,-289878.67522803135,2217063.1375157526,-185763.28963376718,-28381.572960550417,952355.323839431
583,39.239661521196076,68.41004724869005,26.979061573988993,305102.83123936865,1466926.8601367984,210397.2493391524,-1693684.7220112148,-1804400.684012889,137062.9963853607,-1604358.6810503511,124683.8953625894,3462101.7264030804,-170025.9911111754,-39676.302836134084,1009990.9406856503
584,40.36705772791513,70.35699746642506,26.97865005618732,-475463.6015092449,1028047.0836733653,-532727.2766852982,-2190958.0487015187,-1494493.037357208,-60675.4284140875,-2528817.9819275383,-457559.3504329772,3006233.537839338,-63872.789033329536,-6750.701977756906,1374159.3330911724
585,40.43476404904014,67.83923091222626,8.56254641396973,-523874.33713592694,442799.95020155486,-147800.71319515634,-598754.2209909733,-465855.76846269664,441764.49672519224,-886936.5373838439,-388796.0321786098,1046857.469432926,-534949.9795548191,41751.93633901365,612844.5399659353
586,41.45866810080777,69.5572583099555,8.562317555737723,-581108.2835891789,630962.2647581572,-1602494.3981408125,-471173.75241915596,-343070.9482214317,271495.2137097764,-1693249.7455589056,-721412.5780027501,862021.9065898217,-1537170.8824850137,-26848.402883026894,50702.30197060865
587,40.435409067990825,67.84007772374783,14.687519825538516,-574538.9826388384,664486.4009998598,-691434.2554363695,-901312.490106663,-1189630.6082584988,286501.4084331439,-1455548.8232396275,-874068.8736191891,1728130.8597834683,-538032.8775478295,-133628.16518750426,383541.10412949865
588,41.45925873495501,69.5581331687259,14.6871426436409,-369467.43078923743,887698.4285343731,-809398.302578026,-947485.0847256581,-1051343.2446126603,95518.26147865265,-1443395.0739980985,-619039.9178807498,1771267.687045958,-569239.7584926549,20558.34848223044,532240.7826879077
589,40.43612375594995,67.84105404306237,20.812441054857803,-354959.8931373429,853728.7728552658,-558604.9520158722,-1199356.7032486415,-1307468.4367423437,155261.6858292214,-1604558.6532589048,-595715.6900880897,2140438.271049045,-421064.9825062811,-93422.54836635051,620428.9075496807
590,41.459928759341686,69.55913021966433,20.81205527343052,-127356.33138230426,967927.4383480424,-375900.21557463804,-1335273.184788726,-1207763.1600089576,19704.466443524358,-1529480.2731966032,-277844.80400196917,2271995.9685896733,-177810.49218892606,-27538.44530054776,982629.7586935047
591,40.37280695992213,67.73462549940045,26.93739209818353,370667.8545377893,1372864.689364823,205799.13741376152,-1505816.4332074374,-1724959.1703063983,141122.37135984318,-1448011.7418053194,162025.71885264575,3235317.7042690488,-179058.90853297652,-41107.93760908118,976842.9946283728
592,41.52455502475723,69.66747425919968,26.93697155444945,-464319.0133608692,1053120.3214032876,-532763.1711425188,-2166858.459156027,-1585271.0265300286,-41674.71841473251,-2536821.776836095,-468755.3512428186,3061615.264978813,-62697.27069235579,-2496.81251849023,1415615.6636080747
593,41.56405162397654,67.16656072333429,8.270879829070953,-531203.111803018,476559.69096153474,-154548.91983933843,-560099.8490734966,-507537.3525384225,441883.20827018877,-866644.1585822582,-412594.2848375015,1070046.1027389374,-543611.9353172237,34657.96784165188,586498.968793719
594,42.61980795188021,68.86478704294106,8.270644352137653,-565776.2350306676,578681.4708072409,-1634359.6069106723,-396562.8224698547,-280450.3282969646,291830.682517658,-1722988.5207418408,-654364.6487902338,755898.7983979757,-1570384.8843221904,-27782.373236759915,51817.94995430619
595,41.56472624031804,67.16743901649915,14.479184854789102,-572915.7722839953,702021.9841761569,-701932.8438371271,-851375.7299461571,-1272930.6279414555,290246.57535135205,-1503697.5022304335,-853329.6656353668,1784200.5359208353,-543583.148707015,-129534.6363524518,353858.02796452714
596,42.62043313833817,68.86569139380069,14.478797301996643,-325860.5730023062,824153.2700803981,-810321.9626203713,-829288.8203108013,-942914.0237679621,112172.31668444602,-1319776.7537096664,-584984.8541333848,1592732.342300771,-575978.0886723021,23603.859368997884,539707.9622439535
597,41.565475878389115,67.16844731058605,20.687436352075594,-347449.61825171404,888307.6242863167,-564254.1414233526,-1150899.3546993004,-1398280.844195754,160245.18567822865,-1636485.1459606478,-582692.160042953,2195781.1706148502,-428365.55299024173,-94116.21736103046,608801.3481492775
598,42.62114064475557,68.86671960264732,20.687041665238645,-54609.847782731405,895366.7007808348,-367778.0972624482,-1194263.8248712907,-1095484.196590255,26499.885003566334,-1358116.1460599394,-240544.81658114304,2071639.7183767376,-170936.2706001875,-29390.72044387302,1007821.2986595571
599,41.50020092745773,67.06328243422793,26.895718946790424,410107.6916019196,1413503.4252091493,219071.36998542657,-1449513.3447387638,-1840323.174985685,144805.13827835233,-1475923.2201165194,199940.1934298639,3318665.513483151,-180225.63346653452,-39586.44960615164,979931.4921089865
600,42.68779228671347,68.97385158415346,26.895289785142175,-389357.0426857679,938663.7133573521,-543098.9708583141,-1978566.0897584925,-1454823.1258413,-27324.66918051548,-2322421.3193342737,-461525.1350168591,2790154.1541644027,-63174.17699924163,-502.8478431482643,1454485.2150177667
601,42.93548044167037,66.27760336803132,7.97921618557792,-377806.79523521895,123163.614012084,-97455.65292088094,-217962.7355299187,244313.6081590991,423857.8080894033,-795913.2269912468,154283.0459321871,289531.3469150437,-538083.5960125285,27094.73149937083,557270.4259554968
602,44.04389886727222,67.94217083264486,7.978972805926696,-402442.6599716337,130089.44710372941,-1630997.5820859955,-128284.41437069266,383973.3021116453,273229.47477963316,-1774061.5863433639,-347909.1245854039,218619.91597486878,-1590737.018782638,-40191.03435725583,52475.41377171885
603,42.93618961783647,66.27851409368611,14.270854404439161,-275220.7660194012,136428.64500580917,-664570.9313517478,-277535.8896079228,-39049.576971041104,262979.53514906974,-806771.6904404792,-298750.29392402485,302158.93199916405,-550364.8307623653,-124965.06708142985,302852.40219541214
604,44.04456535222613,67.94310527222814,14.27045488395838,44315.58518052231,325320.7767910515,-751726.6173768772,-346214.3055959699,141240.2610685525,82421.5594888726,-791455.8896431051,-153025.71654060663,562391.3507784082,-582043.9214388371,26529.300090782646,537316.595434984
605,42.936980392411044,66.27955565855767,20.562436484973766,107430.15077482071,224045.38921654073,-558454.7978314023,-381881.0334090285,-149178.13912327812,128927.9469271744,-592424.5194834815,-220568.03158501376,586013.2932284544,-441177.5514787226,-95082.29240505934,579993.7912646588
606,44.045318162420685,67.94416557841845,20.562031365346137,510754.08996801166,393872.73779883864,-301690.19721125433,-537992.9430195467,3876.364269826501,-10502.871327228566,-301853.83241365093,-88764.3145369323,993554.7775061796,-167690.79455225478,-30765.977561099127,1024305.916373959
607,42.8684525938212,66.17652186094416,26.854050583079612,921166.6317261758,600778.1126076032,179173.09346758033,-453990.43487614143,-465852.9224084048,97090.04340403815,-151635.1804933021,497802.9018982528,1354950.116396408,-188793.34374888983,-39308.85002728653,955768.3952338978
608,44.11530314579113,68.04922037410543,26.853611235016018,205285.32377417327,332404.8408200136,-532964.2900316857,-1143061.0439416436,-265416.6309566136,-69381.25399466547,-995426.8806340802,-424411.35309272713,1424564.108289309,-64490.04232841012,845.7828302698687,1485630.3401112866
609,44.57537432480143,65.15552897709253,7.687553328449576,-411803.0731260835,112341.85347781793,-82210.16001456241,-186106.65378728532,288679.7952147236,406767.31226048496,-797655.5021200806,79446.36409468223,336537.7583625703,-531671.8264454732,1435.8928271858606,538092.9797979795
610,45.704611712507905,66.80623311619294,7.6873021191541095,-423983.65976396424,143113.94503503473,-1641338.669886817,-128076.44527148378,368094.5104460887,300210.27490838093,-1789130.590840011,-356745.6859431099,223667.8921673746,-1599015.2193624522,-42631.68402213104,52930.195846276605
611,44.5761216563109,65.15647121160663,14.062526121599545,-314700.85145852313,129091.34405153559,-675265.6357932552,-239851.45845518855,30339.098121028244,246313.82657947796,-820955.7278453133,-279920.43671365996,240001.02135873036,-557699.2043418387,-118589.48443980212,237527.3272285234
612,45.70532380459439,66.80719494305748,14.062114419049486,13949.826695605094,363057.9368268417,-755154.6549789996,-359300.98551081755,129548.67781655409,100284.58821475728,-797746.7887348542,-170795.86961982053,590395.7668981219,-584537.2394524349,32459.60869103823,548416.7404503498
613,44.5769593943271,65.15754614962519,20.43743866464631,84737.19753888813,218468.58163346845,-574474.8525287028,-341399.484152012,-87961.19004038422,115169.07204111319,-595391.8080884449,-193621.41197982169,517744.1467119202,-456182.80637763184,-96440.32423975668,533557.6369003315
614,45.70612813201139,66.80828611456754,20.43702254519637,489581.3013676505,444759.43345132476,-297850.30268950167,-565851.951824447,-6097.414021989737,-7348.2350222331415,-298303.14838231564,-98673.22859586097,1033466.8091076502,-162039.67339776954,-26168.25104692259,1054912.2018574497
615,44.50717473665178,65.05540658688909,26.812383949204637,958809.604535228,584419.103068576,182473.27404298505,-370278.29203500104,-403972.48473261273,85934.54731985411,-84238.54263756746,541316.1575837998,1268624.3667005566,-198787.7863853587,-39873.18696120996,916720.6178156205
616,45.77746233287316,66.91250015829795,26.81193372755328,186516.28501520958,371450.22967557405,-536303.8184173853,-1155220.3858312578,-294463.2797697419,-53775.59164053667,-1005479.0447735768,-427215.064275183,1454356.805322158,-60034.37223302653,9575.773179573747,1535832.2954589312
617,46.21290490001483,64.03553715646824,7.395884618926736,-457016.2120942473,125225.43928556656,-106362.61029634923,-170750.45000632998,294825.88011259184,392618.53039134864,-812683.3382517818,36065.88028192743,338464.07486482465,-541629.5293781179,-17197.180080348233,500126.58949733037
618,47.367667481871585,65.66818830810244,7.3956289196024,-430899.8935982614,143232.13181742164,-1676538.6706914068,-122451.28984723557,394258.61433751095,317575.6242516406,-1838489.0443471442,-355778.9734522678,230061.58532716532,-1630947.7031666874,-34248.5144510972,44993.66462143571
619,46.21368544285717,64.03650279363595,13.85418823935571,-354744.5674516823,156812.99173380694,-683692.3999336251,-238143.07960055972,37821.46052480046,232013.61743403957,-825854.1949374852,-309154.20129324746,253384.4205792322,-559829.7408880629,-104835.52072439925,207021.2746678577
620,47.368419439408044,65.66916922741143,13.853767155546354,-608.8016282181197,370729.62664848205,-768095.4607916514,-346721.6837559906,194343.52654780267,113197.39687881079,-838019.1860517225,-147342.44160064266,587386.9918809776,-604225.8963464443,31665.514488532808,544932.8039866933
621,46.21456771192001,64.0376061964383,20.312431624116886,50182.25506571494,249090.42124047014,-582696.1077197933,-351845.02840582386,-89494.38587364023,101259.84371837712,-600288.6891783483,-214170.50758976504,531035.7653545053,-456434.543811071,-98573.86499189811,532869.5931050718
622,47.36927284645905,65.67028592158762,20.312005809224992,492909.86014265066,462080.9949199429,-289731.2249348903,-556047.7883465455,62045.67463546472,-9521.757663404938,-298140.9561504179,-72250.84609148343,1035651.4323696045,-160982.08211920282,-31371.424802186728,1062033.8118132371
623,46.14323103181753,63.93661953982785,26.77070856666912,974793.6608822274,609578.4377675252,188586.6571164651,-354513.47958025837,-419450.899927859,73693.3621411101,-86435.49244640565,586675.2200038213,1272719.0282088025,-197060.71328080824,-40550.08116573101,936246.3351027719
624,47.4422495280947,65.77339389703246,26.77024878312796,200597.6695535749,366029.64181377616,-537009.7325316807,-1110950.8487562826,-230891.02347684515,-41781.806029214174,-923850.4234633122,-454148.0270077162,1407616.0293066984,-64987.582023200055,8157.83854469984,1553219.0760678384
625,47.6640947872842,62.97481729288087,7.250051406714302,-119488.13292298248,-98070.39229369504,76872.16490811792,-135170.48087710317,-51321.73843416561,368018.6091141374,-421179.4925889785,-110511.81823355723,391004.95051397616,-542280.7145133505,-24153.412496512814,468568.44588236045
626,48.874233871916985,64.56672206070179,7.249791001323125,-116291.23990389709,-22730.292343649082,-1511266.0250073336,-60362.03250676391,91615.03955871645,287705.2902461234,-1574928.9908110157,-84300.00339674676,8941.436952882254,-1652383.3465433505,-30361.896363376956,42198.71999532392
627,47.66490222699903,62.975797378988254,13.750020358812229,-86586.14334490606,-1804.0513031571463,-472831.3327424186,-243871.27080639495,-534667.1272819056,201405.3019075908,-823484.9620378831,-249895.71310523836,512159.14775263926,-563821.2367170095,-91049.23918182534,167834.53618797543
628,48.87501864123175,64.56771413693924,13.749591396026519,206491.64216350563,226693.02328015657,-579994.254713449,-337904.7377720237,-323036.76641612535,110307.46753422913,-693487.9908144344,-88232.25353837272,634910.6550830202,-613203.5161745842,35273.51679630469,551460.0854114047
629,47.66581900387388,62.97691665591476,20.24992886868965,84874.02483697454,211514.9455735928,-471457.52947944426,-431742.4010870046,-674489.9712764138,78496.53327223171,-914427.0215458748,-109753.75918541316,849112.2216624108,-458842.1353817107,-99817.66010213368,520509.67683548614
630,48.87591136746933,64.56884416138129,20.249495277946618,447703.2405001938,412923.5471575522,-196997.47377060988,-631202.3466913339,-470749.69275022164,1120.961239336661,-570310.7002660276,86291.36495132175,1147648.6492018425,-157650.30322931652,-30649.991527502858,1078304.5444156986
631,47.59105507921404,62.878489712313765,26.74987161635767,823646.8040859845,701290.7877994014,218534.10427807015,-479970.8220275052,-1049946.896662156,41057.536862404966,-667626.7020389681,688621.1481278103,1722477.250074614,-199707.8384549682,-41049.16108440422,935903.1356625854
632,48.95238719078607,64.66941666204536,26.749404001242258,-81022.40991230792,422193.7643029938,-546270.826736063,-1235851.2718961854,-802232.9767956376,-37296.80641629467,-1456467.3458561709,-355020.0065536371,1606387.8800644306,-63984.828952801654,10921.587502084434,1577958.0133188663
633,48.95662817889681,61.953002090332944,7.250054002273724,-108736.94479876399,-105725.28042927524,90508.52409551508,-99504.43379459405,27924.61487876899,359615.0773046934,-412557.4351951864,-78578.70255608507,367182.4366187474,-540488.0955259148,-25104.129330798783,473082.70316260104
634,50.19662987589578,63.52220544909541,7.249788602560881,-118674.98870617477,-32827.88273907156,-1521504.588838462,-33521.72259440698,67080.7837494626,306636.71906375035,-1588982.0479490939,-64846.70326790844,-19178.709066705665,-1667152.2076114146,-48540.75483760921,43697.74161235894
635,48.95745707412035,61.953989865505775,13.75002381632207,-63276.65544749738,-31160.432626721027,-477809.5046874967,-187299.76208806518,-413527.85963021073,189040.34874004,-731831.7138827373,-210561.49710904912,370146.6182300709,-564282.9617587279,-83885.84413310754,135041.10053651113
636,50.19744142198211,63.52320166252282,13.749588391353557,216664.8618094421,226278.84806544724,-576852.2436129809,-312105.18280032463,-355658.53344566637,119966.49814089664,-711710.8629179891,-53175.8505888014,630978.1797686992,-611341.8969186291,38334.09503458543,555174.6745786271
637,48.95839881089166,61.95511357583391,20.24993158176006,126372.84991347718,172313.42499738492,-475292.7311899777,-359908.62528879335,-555818.965162109,70648.2606822109,-811251.9195745129,-69309.08258562426,703954.5458810218,-462917.0909374573,-99167.06818887102,497344.3412467625
638,50.198363213636384,63.52433350750898,20.249492340331702,457078.75847624533,415929.46864555415,-195028.55514583716,-602071.4523394381,-498884.0175506424,4836.4756956186575,-577629.5192959288,117501.37897527806,1138107.8122966134,-156214.6340211478,-28288.938686235935,1085423.361196896
639,48.88179276890087,61.85810768512351,26.74987404224295,906285.2218460935,633815.7755919162,222724.9324157961,-361398.669258976,-917266.6953746099,37670.217819573445,-539384.3012278398,777961.1717481761,1524249.0593334695,-205037.87751353663,-42129.72482681015,912181.8485225157
640,50.27673357027216,63.62348721867748,26.74940053642535,-78991.77614215855,407733.04346363974,-553965.3746267384,-1179004.6976041405,-853178.1654339858,-18944.459419389434,-1450035.4723825387,-352821.5351448218,1577632.9002221029,-61544.312125885284,13347.018565162209,1592165.4602218415
641,50.240182196511604,60.939959167966585,7.250051909977201,-100292.86523714573,-117736.50105155897,72072.99075370067,-82929.76294682371,26266.6936669149,352751.6529644291,-400778.48838540766,-96225.40531320575,351047.5181636095,-554768.439429444,-11098.762357128116,467995.6976783722
642,51.527989547257405,62.46889690550896,7.249784005014737,-105311.87668626242,-57273.09117573715,-1560110.1791433243,-13994.372124574526,173236.3953586616,319405.1929564085,-1645864.1387409265,-60176.03184683129,-16654.976417566464,-1703987.9192912797,-50579.964186079706,46975.582672298806
643,50.24102898057573,60.940950210213835,13.750019845530137,-47276.751127352494,-42960.20679151444,-479507.0716864991,-164898.57329999222,-435475.04335756745,176384.0147330032,-754527.8013358321,-175475.36228195686,360259.1340124228,-558449.2570429333,-76348.30443112383,148086.03872262884
644,51.52882445478753,62.469892077139065,13.749579923592428,249228.30925994966,213948.7727788841,-578123.0544065193,-279769.2473365657,-179392.92987578167,123342.61107026189,-621783.1445057031,-45237.541212256,552074.7133502738,-616023.6169868042,39608.03315844001,558426.2948409608
645,50.24199309771261,60.94207518252221,20.249927395312056,145546.6644579893,155586.168914859,-474630.98329537874,-332846.2997093045,-584809.8309961508,62255.23528259501,-838925.2754342449,-27010.660997979554,692437.7865096941,-453608.67459383304,-101880.6165124516,524317.0877277046
646,51.52977283196205,62.471022161864724,20.24948365267803,512179.05435450014,407445.6528948913,-182793.04655875452,-558404.2748835371,-318655.7519079981,3459.5598782048555,-398776.39483541896,75531.34790942329,1060076.7076166326,-152660.85270350636,-30463.119522914152,1090827.5634994763
647,50.16242161017517,60.84758560938661,26.749869957921877,953940.2422682378,600211.8655619205,226421.43722452322,-304540.7433607166,-969028.4509790653,33532.11340822796,-592227.2966679748,853632.4385802748,1519168.4031423817,-197560.99508093263,-42927.75650829477,954865.3414446618
648,51.61115754325644,62.56765638239642,26.74939187935815,-9094.813387794682,370906.4921358174,-549970.5879971491,-1092320.5158411332,-657440.7965469905,-5180.231462805891,-1237659.505699689,-372031.1345543902,1421531.731004953,-61983.22271961399,13153.095742541922,1605450.0498627312
649,52.06295052330796,59.303649720893816,7.395890725728719,236934.15056290425,-129494.04909902284,281052.7900768907,-62476.3664400101,950120.385854742,348799.31214859703,-957622.8824787127,234065.998726232,1112049.7752932522,-541009.6432047895,23381.598435403812,516609.99675527425
650,53.42149553405688,60.771089972915505,7.395619790229571,249804.1967149369,-222453.08250134095,-1408234.8979432827,-41752.99181102816,970087.0789059179,323741.56598871975,-1993256.215726544,184357.63109912563,428014.8008977309,-1704879.569991437,-92549.00711802204,54894.02207898071
651,52.0638150758743,59.30463408444479,13.854197417893522,422922.79582875984,-65945.63087110335,-260285.7276327978,-166628.7396173522,1043845.6438334988,188936.8175255441,-1249412.718278117,460822.4732717863,885281.6823311892,-541754.5648644842,-69684.14484090096,164743.93503790832
652,53.42235651715609,60.77207187504504,13.853753123568854,810639.7623049729,194620.28618432386,-343493.8996612101,-331115.5887410929,1084735.7661768738,156455.34590430412,-1244452.9400063888,767316.3885889961,1138902.7002454798,-614696.78743534,37496.71067253011,521060.0306951786
653,52.06480123458219,59.30574608456112,20.312439640608392,702837.1432338809,202215.7506113568,-283935.45037483925,-367407.98868324974,895129.9355555797,91842.80866181308,-1020180.4872669498,578620.4642368306,1062677.466500518,-448806.99297580903,-98462.17835762385,536829.789996752
654,53.423333554985206,60.77318411651899,20.311991764449218,1206488.2770777333,552512.8715640615,54971.41722740294,-653571.4336577001,946134.9437315421,54227.880463639725,-778950.0134401568,824203.6028865894,1768718.9764227648,-159679.07229500567,-33438.08063515169,1059413.3247128837
655,51.98083111907005,59.215086254580015,26.7707157456501,1562016.5317527407,699368.238860188,395049.4457464941,-301780.389508833,654096.1328044481,44283.128520643324,-153709.92170429963,1126915.489899345,1683228.6481643775,-198159.10029415705,-40758.64706523953,956304.8374461781
656,53.509168930538856,60.86595559319199,26.770233203652868,724459.6157163123,608614.5134462392,-337461.41845017945,-1172888.6320560842,699567.1018341712,35064.12494098623,-992553.0239107264,50644.129938934195,1937521.604684164,-67016.85565687958,6702.665362661518,1578895.272219487
657,54.460289362623016,57.0133238859908,7.687565511056983,164883.12877384116,-63130.63221293881,341265.3452321229,-156696.24027097336,997906.8066872926,288512.35420165607,-961652.9727275876,231416.28450928078,1173254.5300113317,-516251.0762593248,45471.572381188664,574988.8640794624
658,55.84177821031548,58.45952195303775,7.6872935066684285,156497.10999732077,-186484.09350732493,-1377069.6482353392,-112086.27478611255,956536.7643427562,332433.2308517775,-1964597.6529210352,187682.4195202296,369858.601655462,-1671226.0247974612,-104478.33604286949,62313.370190005306
659,54.461162931430785,57.01428332203328,14.062546582379587,208148.15068686826,39907.1287512683,-273452.31006432796,-324579.7308719723,1110206.8379858567,95458.41717652055,-1292605.9588836147,221292.64826806652,1045916.2799893569,-529997.4154864971,-76696.9446211417,176154.4415281539
660,55.8426593154843,58.46046904991534,14.062101056910912,591162.4895541264,298034.7817700353,-357818.9582335535,-481627.92177357344,1080182.5310178243,127247.39779429392,-1243182.3852582304,515662.0912939475,1258898.6070548913,-604566.973118267,43588.25747511369,518404.0753202844
661,54.46216455596435,57.01536233641093,20.437457899857804,396077.44866276265,334742.72829895467,-326201.36860259855,-566116.1916980045,964031.2590838626,385.68385140475675,-1092943.8463070807,220031.8174744661,1277530.8371917335,-453599.2858821029,-97895.7841636908,521110.9875703006
662,55.843660563942365,58.46154064238372,20.43700840934175,909473.6948287429,706535.0052430013,20027.01013523736,-862872.1023256255,955041.4335511501,7713.089520527465,-819447.5273666593,537102.1418211976,1918381.0957524432,-158988.47306249104,-22580.70625153447,1073503.338905325
663,54.37677787157201,56.92599809825936,26.81240138813703,1284826.8653538376,854584.6815504314,371004.2884580789,-478422.84148209257,729458.9148642845,-30680.747036855177,-202759.8951835031,956059.1831822345,1757116.547363616,-205066.0332927401,-40976.00352207836,926207.1338398721
664,55.930956464961874,58.5529439614789,26.8119167712255,418754.772416409,791030.3187682527,-369934.33417179907,-1361300.5800247076,692602.1839318052,19122.277123620555,-1107015.9850358919,-140952.54084563328,2087819.2828943876,-54774.580957848135,16118.666086435009,1609306.3978082528
665,56.8601454245114,54.72110646432641,7.979224986269466,91883.13028402842,1696.1554187658185,287429.79851363954,-247378.06737628765,999095.6302384008,222773.03305302694,-969113.3282475399,196262.19306796993,1153860.2193960033,-517242.2824872345,62272.8092052455,553549.5434455118
666,58.25950578284903,56.14980095541235,7.97895922700118,64623.02919172658,-135920.62074346954,-1433005.4976434512,-192083.43209786745,922808.247346104,322211.8496542095,-1980936.8380862712,130990.61910350027,345643.12978757685,-1700087.5648602983,-105834.51863794697,51148.634886268126
667,56.86100973241009,54.722020220843326,14.270868465658186,69118.79686777829,179520.8583549013,-283726.5991835308,-495789.3795674079,1136400.7936184118,2264.9119516177207,-1288576.5003462217,16049.885701292498,1237439.6706840782,-525626.9905872648,-79956.99909023568,262955.2717347279
668,58.26038628851937,56.15069297347102,14.270429675625499,349547.3443255736,375612.3684497675,-423360.2031849299,-605459.4171434728,1078416.8589986505,95409.8031077239,-1289395.9567032983,251841.10745057158,1339354.358843138,-638711.133905056,36398.29513276821,479636.3157278534
669,56.86201158147783,54.72305122294299,20.562447927114924,178011.44168332173,512493.68996031384,-333061.69608528144,-790277.77521036,996915.2740935723,-96601.68769522838,-1111683.3988580643,-85705.73541086412,1554832.5698272826,-435738.37449021114,-95647.26780824608,600394.6437233582
670,58.26139596710428,56.15170792419238,20.562002544859354,563240.3708415146,814887.4558200581,-33382.24042554543,-1032874.175037086,971268.1555993736,-40905.008788364335,-915417.7862944737,231759.66192938943,2028403.710601111,-173175.87204665184,-31173.374403455622,1020895.3354929923
671,56.7755120671186,54.634736385583835,26.854059502386747,1074965.3948824299,1060404.102716872,369995.7607551165,-696308.8430952998,764313.4956032905,-109351.98169476405,-201959.34960790892,692878.133557018,2014446.474405309,-190580.90275632724,-40432.7073045294,1009506.224314067
672,58.349821833706365,56.24196380914738,26.853579036114414,41559.28623321993,911899.5946535979,-419084.6201574985,-1500086.1442760697,700625.3969336185,944.6864735455301,-1308482.2359856588,-319741.50780839776,2162598.004523376,-66075.55251962547,967.937833094982,1537057.474967382
673,58.47420413434195,53.10138314826044,8.2708855105421,346441.15380654344,-958268.3094695699,250355.36474646418,-32359.790750037275,-307414.3412996125,216625.93707702443,-1032235.2253150032,116908.44467507259,553854.989723368,-527800.9698027489,49315.38642585833,564138.8027215942
674,59.93411949795768,54.46694020549473,8.27062561248274,313556.26762390044,-747122.3758863126,-1417199.7324714886,117235.71136852502,-214059.64796607764,272020.1729673974,-1526746.9465899686,-685762.9851258353,361744.09098190395,-1722073.7023437303,-88212.37256764533,50916.32885829544
675,58.47505518794201,53.10225721684033,14.479192094974897,466751.5773730444,-962425.6357755405,-266940.1795579821,17892.22978154239,-1045721.048188707,-4324.3806924452765,-1716772.9355918802,459742.0784614415,494416.6191699603,-528545.3623721211,-89516.72376123062,327360.4591135828
676,59.934990017118494,54.46778683373403,14.478760912749916,616157.3733601847,-560950.1176562523,-426538.2118433736,-35182.04187788809,-833510.1753448033,73078.82825733843,-1330248.3914990665,322037.8016139828,636879.6337456419,-653595.2964254993,34484.32178338742,479868.1701270811
677,58.47604604147301,53.10324470868582,20.68743913704927,547070.2591375611,-695616.8123819843,-388654.5671040311,19479.498167863207,-1236772.062179146,-104354.06476863379,-1789667.5979672773,506392.8207993605,746073.6568194634,-426779.80117713485,-94558.85345162696,642772.2146479274
678,59.93599357136372,54.468751628569024,20.68699978338019,702156.7981484301,-275332.281333081,-132726.81077299625,-199414.31447002257,-991847.9380194696,-44076.07909957941,-1214643.260203389,645093.9007912717,863647.0654544706,-175371.9356647591,-27088.194722384076,1013794.6548859285
679,58.38575398697448,53.01883525857532,26.895718620707257,1288703.9831290129,-358535.11142092315,168931.5304990348,333857.34119530936,-1660189.2814204814,-126115.60211322545,-1785527.207697726,1098521.5348756476,1786106.0750292032,-181538.96363017906,-40693.43705181913,1057065.7604750346
680,60.02820183812536,54.55501366836616,26.895244250496358,-30758.101558535884,-374723.0558265591,-653502.9130076383,-450381.24309102737,-1399307.1398636464,-6439.397297448012,-1969933.043693964,-89855.5406496448,1000804.5139508757,-61012.50949314626,2603.0099513440364,1523323.585908623
681,59.33274619434151,52.1225985511082,8.562553686877072,347340.3839645172,-858064.4271460334,263070.1125527863,-68126.62036078091,-122381.73290031416,223603.1566209624,-872897.7530950564,80302.97672641218,544940.8457399141,-528368.3805215452,66855.54713960637,606610.0978432243
682,60.83535297567016,53.44251376333227,8.562295815226078,303263.7625776048,-837225.6293725857,-1425650.2057592832,121491.61122265723,-217927.90433831053,280825.2311304578,-1547771.2417956465,-765930.7315947341,354089.9008361171,-1721567.7477780245,-114198.50940120142,56332.2956418768
683,59.33358640897664,52.12344794720861,14.687528248487633,460208.68898186495,-865017.0946457451,-272930.2904562184,-29983.120096820756,-747096.9050896805,-6397.531864223553,-1373027.5680876537,234050.9779389149,461237.8940286405,-530224.5731446871,-94719.97336526954,349055.7332893321
684,60.83621412083137,53.443332639270324,14.68710187651517,612692.420484445,-652669.9919544924,-436810.84897983546,-30791.454809098508,-858298.3150249997,75210.2583625243,-1410150.1208663438,301408.60287693015,631953.0975395306,-643980.6684590982,34252.245688550225,475708.4778814379
685,59.33456111592334,52.124402703204886,20.812443519074893,547940.3558605115,-592650.3230586259,-379496.1286522212,-34947.21931480281,-932150.5591755604,-100402.67739731156,-1428667.9026494543,430328.346353273,574133.4604458452,-427395.11467434256,-93719.37258778705,648093.2029899926
686,60.83720404374088,53.444261011359245,20.81200933182298,696498.2117572657,-374335.08929208806,-154444.06446938514,-169073.14863638324,-1014515.9800100765,-38942.24870635594,-1296434.09911469,644997.0629948613,819156.0941156215,-180280.80032037437,-25815.41072702097,995832.4481592132
687,59.24158676272329,52.04281437523624,26.937390950196452,1304224.2276111515,-248685.26573806,190516.97851418878,275820.7628433881,-1307658.178108772,-116701.08286144515,-1361977.9111133579,1037024.3282868778,1571009.52321376,-184208.19020373488,-42802.9480957123,1043098.5735013371
688,60.93206901805707,53.527634992467206,26.93692163690435,-38846.93504519036,-517965.12038807245,-682877.4467005671,-373977.58970591397,-1452026.905460506,7774.756804916986,-2086006.2651588728,-88297.39604616664,934614.15907121,-61244.47530555311,447.7102005804482,1493371.8233449492
689,60.20052355766973,51.13530732520068,8.854218662528886,358390.60854301223,-895759.8319691545,246565.21205259924,-91866.80498463349,-106351.16113996218,225868.36657358814,-909671.3320076228,70522.805802322,548344.5148317573,-538898.9008377278,97202.22918094714,631598.2364639624
690,61.72734743811538,52.42658809286685,8.85396349296432,301251.4078553979,-825203.7463230495,-1439548.757273666,102939.10012478946,-119369.39210972689,292372.10393169883,-1513720.7502937957,-804617.04088339,354836.6954358683,-1730194.3048774013,-127769.60472719278,56596.97478413695
691,60.20135026771243,51.13613028214886,14.895859304975257,465880.46447207476,-912651.9382469602,-281989.8132727342,-33637.149810054325,-733283.544658983,-13978.158600704432,-1396217.9415719335,200713.48520273945,466743.16932157497,-525729.7783744765,-97854.2191523222,391295.0433002104
692,61.72819719124423,52.4273767465684,14.895438949578349,609369.2565948286,-595335.8699555389,-433640.40134069655,-55364.01986576653,-702909.5948283286,79222.97863059027,-1222103.1299055847,171998.92880254806,630497.18640163,-633660.1600958761,33968.580619706736,477636.015534514
693,60.202306662951,51.137050533345075,20.937443136317057,558904.4507101504,-649972.956031993,-383514.8785683244,-24517.25428721789,-918590.2580033734,-102638.72236467384,-1448608.0769285597,389587.9933440014,584436.6996943919,-417986.3420123021,-90775.244566807,686863.2272813267
694,61.72917079162832,52.428267496727386,20.93701510048537,688939.3730568478,-312500.7940220482,-151374.03984239144,-188164.03093462982,-852384.1717268015,-30583.460501053316,-1102417.3728098879,552881.1744317431,774600.7375705536,-182721.30605491408,-26561.25443428647,979304.8576621318
695,60.10780277746502,51.05721905798425,26.979058766621048,1313000.6069111438,-352040.84304564324,173814.9864820335,312992.2039848379,-1307323.3449024016,-112640.77906957074,-1433354.2663884785,996436.2690074955,1571692.7477285173,-176183.64651612416,-40063.47843791229,1076125.1306612114
696,61.825535722886144,52.50981554421053,26.97859557748285,-35612.87943355979,-452539.878052812,-670772.5542303274,-378241.07741411636,-1270754.9476881842,24127.247708391867,-1868565.2102146205,-108644.85411939897,818284.7526173204,-61758.018189031885,-1473.420524705117,1471955.2858561566
697,61.23220486816069,49.86774832692852,9.145885591568518,286735.05295644025,-308671.183736483,288993.5095919735,-200395.21993002135,496051.8094523848,195296.75484689622,-666099.8252084758,342754.31810317375,590402.8859172332,-536357.2028464283,113219.01205796155,659632.6734516316
698,62.798783949784415,51.11081189066991,9.145636758486106,203958.17528857532,-429473.27167824784,-1406661.8456465823,-32889.70428393839,368981.8247459487,305016.46110434283,-1580744.2517737574,-313116.2828417682,261683.59257927097,-1690799.6150681183,-125759.3017327771,53669.3575988294
699,61.23300868846151,49.86853588251867,15.104195884112272,332237.35907797876,-177235.23924938164,-234698.5025939982,-263775.8280992187,252426.10923684415,-37179.22488643796,-489955.24214193184,-61350.32613007756,471609.18550660845,-522919.27091853734,-95196.27982353258,426667.23487160867
700,62.799613686427094,51.11155977862486,15.103785582365745,462539.5821890157,3920.1193908226296,-410004.037396632,-276427.5717378237,134308.79486085038,89813.14970467307,-482183.3457378394,-54354.47144575442,592993.4813668001,-627130.0119026623,33301.492687134756,464164.8651858046
701,61.23394151874411,49.869414867637424,21.062449120694126,414046.37820738246,153995.46854848147,-296443.54567015095,-380420.31563363236,88415.30707779652,-116404.49051841236,-317800.2290703067,-117919.96684655735,707318.4970025772,-414112.93171804067,-89025.12465799821,708336.637295275
702,62.80056583340077,51.11240532723479,21.062030094679848,543451.8858966392,393913.740980894,-85515.29374577083,-509210.8817141652,13285.096472689167,-18632.63968772973,-86113.51803965733,-45875.338252314206,983839.1894237336,-188298.53730048175,-26512.415016997424,955790.2091936466
703,61.136932943070356,49.79255828381068,27.02073264739052,1246365.2775993387,595581.5912435302,331478.5783880269,-152382.24150524606,-182222.20687400652,-133487.5447165711,204136.54194298867,679858.3222513077,1289430.5830365992,-173400.5786476725,-39332.74757845038,1083997.8316180147
704,62.89939828862554,51.190896313013596,27.02027854164503,-93327.90184053834,388037.8427259959,-526861.9514735301,-773974.8955125436,-321429.2976387593,31805.754327875315,-788377.6598241524,-452423.0185002738,1008648.6677363534,-63540.61698759701,-4264.027253218392,1437254.5514989775
705,62.447666169364496,48.29581490821693,9.437553727807332,274033.444802923,-275087.2908677929,310557.9469250847,-216773.9580303547,525861.2531133383,164408.44049571166,-662199.5852426148,348550.07539696223,623153.6107058674,-510420.46111373807,111270.92569168232,672202.3306149851
706,64.02978539841044,49.51929260691936,9.437314909977891,217004.7269458356,-412555.16568645276,-1341716.9872647373,-53841.21362702917,351540.8269252654,291112.55776381947,-1509532.8187624263,-297483.29061949265,269748.6833765634,-1611572.8508548094,-102113.1951053782,47973.8286913416
707,62.44843616615741,48.296556036452124,15.312535114480184,300774.42763442936,-110993.79304006885,-217679.47643224764,-290501.31759516266,327208.7049293766,-52790.06561809723,-525754.0787003365,-14044.480311619127,511899.71717406844,-512901.79531618627,-100047.97097083401,461591.3574788827
708,64.0305846427004,49.519989529445596,15.312138853351753,436433.05156394554,18940.742850290968,-413674.73805575253,-276118.4237098363,140563.08932759307,88125.73774312437,-487740.8952272992,-44671.24934941233,574111.2009351954,-625192.9239666716,30648.297224057813,450356.00834637374
709,62.44933865452687,48.29738591571984,21.187458855781617,371223.6078445198,221523.68803587614,-289584.60177040275,-407112.05748375674,167905.11850826038,-129825.20849826325,-339952.34402372804,-108527.79949425976,751642.8376279811,-414424.51975703856,-89177.04086614374,719145.0932971996
710,64.0315094283689,49.520781920459655,21.187051681199346,513932.9328788874,418376.22236930416,-92566.0686838598,-502761.72711438494,21880.81154543555,-18179.274439842164,-93597.35147000646,-38586.53232020526,971926.9703545433,-193469.75818973116,-22410.322769629453,940035.5145878475
711,62.35133322499954,48.22170747842982,27.06241048600287,1197437.643800793,658243.2831488954,330703.1269254419,-175309.40521540627,-91887.08339930428,-139739.29493925744,270204.7292620048,653926.154129958,1262253.1704831668,-175902.80535170372,-39908.36707921921,1076318.2077635769
712,64.13129110575046,49.59799823845056,27.06196851240889,-113787.0420205619,402285.5174747221,-521920.1130676726,-731969.2184784707,-319548.28871773585,41548.3647600671,-754913.6864317115,-453586.77791323286,975078.8267314315,-60615.281803151185,-3588.4352078168654,1410054.396102346
713,63.665228109199695,46.72155522713321,9.72921626876904,252331.1620072045,-235728.7872796869,289770.58009657677,-220948.41003722398,522041.8470783414,139027.80901188913,-634271.4450464154,329167.8528328699,611476.5470376402,-488259.40187628125,96797.22702341048,669210.1204996961
714,65.25867965819624,47.93009139865081,9.72898939640297,200485.06544504125,-351620.6652711538,-1314264.6782799298,-72742.12490263849,341759.989284836,277474.0693915551,-1472316.4956324513,-243067.29594661618,249983.5134730259,-1564420.2834149478,-76734.7576175558,40713.27751378962
715,63.665960858467145,46.7222461972816,15.520864479624102,293525.5867074737,-57587.480874092595,-201872.68175893056,-307752.73624758143,354217.68069233245,-68219.46425518382,-519654.4997953749,-2920.4037231649904,556640.3275929904,-501042.347466661,-98966.7931138862,516962.4329148674
716,65.25944299875967,47.93073565802342,15.520484341251775,391546.39538173814,53069.05944005695,-429498.9869963995,-279927.1497998974,170490.53015028,89852.95324547694,-519101.27885776863,-15232.598139080525,549450.344822245,-633300.436504564,26577.058408411896,422696.3745283769
717,63.666828752768154,46.723024340172785,21.312458457968642,359098.1973627533,272821.4992317597,-273833.9624379285,-422449.56280530634,198660.06777697537,-144771.91302135578,-338527.7243438281,-98296.37991505496,794909.8384154676,-403806.0181435584,-86735.74663672688,763169.1585997222
718,65.26033581599992,47.93147218958228,21.31206497427636,454755.74124558165,454873.0860457412,-102285.61904812547,-504107.77674807544,59459.60910038122,-16625.41326691811,-118270.01554851672,-36032.00929283382,961645.2330845481,-201811.6678785562,-24005.350087957573,898986.845224598
719,63.56808532188912,46.648231401305026,27.104078538054956,1172588.9809264224,693622.1013480019,330363.4458931914,-182782.19120776898,-59593.806183058274,-147814.10170623875,284002.4157073503,661996.531369346,1250575.5810909192,-168875.18935525758,-38345.23668934157,1109656.444403152
720,65.36079876829876,48.00770219413495,27.103650789035104,-165250.056917404,435586.9989295644,-515709.23351565556,-704558.0405172972,-278000.0295775648,51848.011533846664,-710177.8266104348,-482920.06891418353,947725.6040211229,-64771.59398275082,-10718.811965442243,1348134.1886194143
721,64.54341698132374,45.54134379240105,10.020879516593862,271431.52017523925,-1512474.5601420985,141519.5014487246,-99551.14524214988,-470775.4420080476,128618.6296855458,-1639195.27064041,120063.35784564163,419608.3742766344,-483654.83153699007,85035.96176707873,693467.9350602123
722,66.17001129197973,46.704435876307485,10.020661383814986,299510.99869439803,-1276360.6624079342,-1366314.3354061712,123189.79750299362,-506494.36308547633,213398.22373554794,-1856704.6032998853,-815264.2344946445,328804.8386748223,-1541909.2123036338,-59252.43687180969,39595.222784166406
723,64.54412147134092,45.54199706724216,15.729194356797162,440660.18363144767,-1783864.8960304067,-365433.88544400176,82785.4143811314,-1321119.2329843373,-98187.32323309036,-2574238.4397271774,305790.8509264356,559808.9909577805,-489096.6986382095,-102906.96062509509,560957.4763760897
724,66.1707454875151,46.705040993989726,15.72882698075253,579283.9242698621,-1384071.9328626746,-552001.0445133361,130589.8287359402,-1302807.2188428107,20909.008891207788,-2340413.287265647,381738.18701665377,601886.0471428451,-630610.8463426456,21215.281652792073,413852.40909132187
725,64.54495856640607,45.54273360823503,21.43745746507265,591891.1302633488,-1787805.4139942904,-537899.1080242072,277734.78290227905,-1550237.985900782,-184399.50329714303,-2839061.640569938,241484.19378561078,863764.0550291779,-394593.3758763306,-84642.07545640478,793238.7696891814
726,66.17160845720919,46.70573233180563,21.437075702307304,690593.6774562206,-1349856.9451364004,-334700.51522322005,170797.51337274708,-1493847.7938809667,-79839.4782084537,-2422750.9279697835,548752.1663115827,880034.9787547997,-204788.283777342,-23022.04583987481,873544.5553315544
727,64.44411606215796,45.47074169876778,27.145745694093616,1294619.3740022874,-1901860.8435901667,-130466.93677796714,794513.2146456074,-1982530.8748996195,-184727.1843548893,-3259145.7599481777,668734.9495906859,1852702.4039916457,-161518.39818511714,-38188.79509324674,1131375.2676004441
728,66.27411628513823,46.77907913656987,27.145330139617645,-13598.109903522534,-1817942.9482718005,-897684.4130840194,226179.58026627652,-1960385.6452622851,-9224.932449380249,-3380228.962391847,-36296.904548148705,687300.3956806522,-65302.688996736404,-11225.838881892909,1310291.325729893
729,65.09880520967339,44.732461618651485,10.31254596542097,272621.1032082297,-1366419.6652947688,154329.13408201368,-125855.49304253042,-327743.35805174103,134977.74675712458,-1439474.1488127278,90154.1891271801,409850.5316810228,-478812.6206405671,89517.7521135691,722407.6735771059
730,66.74721085226089,45.86504938457318,10.312331882002708,280547.0370192752,-1343787.5571913547,-1368952.443056988,116536.96678331192,-498873.6675192116,217068.5655443986,-1881387.7426842654,-861209.115109645,310403.894564842,-1528943.5762972096,-66132.03611206537,42642.5528786608
731,65.09949036438641,44.7330902945201,15.937528007434775,431993.5186475972,-1605913.5663846468,-349777.81074502313,29500.178915368302,-1076579.5485246682,-93210.46642889634,-2224401.3386533493,224591.54647194786,476111.9336993287,-488560.80533176713,-104218.78236068788,580017.4996911115
732,66.74792501987122,45.86562921464315,15.937168689465903,556258.9463397125,-1458244.1925152934,-559961.6393798038,119392.11469136021,-1300032.288887514,24550.582501649216,-2388755.712255125,354550.50870652706,572258.3179932142,-614811.5197260249,21382.968378143833,417785.27735877736
733,65.10030168605662,44.73379597602502,21.56245981860828,582734.0880943924,-1583375.6622254301,-505390.8134472552,201658.1890825362,-1292159.1816325265,-175503.1565217763,-2446103.842264919,188014.74401833198,752056.7106682942,-392438.4013842547,-84664.2779819474,803956.4723661626
734,66.74876254902503,45.866287845302864,21.562086582620076,661255.8291277715,-1449688.7506667797,-359366.6969421251,177295.40990765957,-1488586.317517202,-72904.6489140784,-2493210.261522501,511282.25829110213,834128.384750265,-205194.40248014368,-22034.36909986161,861000.9047222438
735,64.99807160762101,44.663680745468945,27.18741621413606,1286957.0510297194,-1643541.4875866089,-83567.71790284128,686750.2643761936,-1680355.09211675,-173098.1954534197,-2775223.6139440383,625922.6477210952,1709148.8117632123,-161409.58755816834,-40085.52329691857,1126847.7562812706
736,66.85260984554657,45.937696308024506,27.187009489347425,-43825.57489683136,-1973686.2828318768,-929615.104341201,264246.71957527264,-1974076.3609945676,815.7770168083629,-3506330.1953853252,-70002.33483521252,629205.5681506287,-65435.6540117223,-10792.672749704574,1284140.909811988
737,65.65814848643677,43.91871637540903,10.604210997838404,264119.65763755573,-1390395.0890500192,137061.7147973209,-145891.34154922093,-313170.0230967739,141004.6185077181,-1459974.1669136086,65239.929036846275,405520.5212616208,-481712.6124392176,105343.57123392749,740616.2640794852
738,67.32045335631136,45.030523350673775,10.604001093455967,276835.67399907083,-1287523.9221523514,-1360744.736579734,95191.04540540914,-408436.39776729915,223369.0655306084,-1760069.078942996,-919199.1631283184,307835.2573382994,-1520661.7891575496,-70138.59790168134,41926.662966783995
739,65.65881360723769,43.91932042127634,16.14585933269458,415284.80535075726,-1640717.0761024386,-360119.47072944476,20964.649366622918,-1051776.3411901598,-91031.16253063163,-2232027.505121341,194577.26549421603,451898.4981459987,-482837.7403581837,-104866.84453390192,603412.0252915096
740,67.3211473103859,45.03107752010592,16.145508455846887,548736.170582373,-1346571.855623312,-542975.247322694,88001.80406667214,-1151073.5620189803,30739.044227028648,-2166911.797936625,272017.97294783813,554082.8926251539,-601104.9638543824,21147.164687331933,419734.7994362721
741,65.65959851198463,43.919994973813246,21.687459806071708,565038.2098100788,-1636863.8271323934,-513284.69669252704,200015.54807981435,-1263432.9943699236,-170588.04354983105,-2459641.126236124,153932.67854368524,720598.133677598,-384343.28033994854,-82131.08487750578,825231.6312053828
742,67.3219586558091,45.03170369196466,21.68709543059523,649916.4934060012,-1323716.0015073456,-342745.898445679,140373.0722762825,-1328931.0279776878,-62982.36574291784,-2251951.720081145,481417.73479160125,753988.5787425201,-205342.46045652448,-22699.925476866436,845015.4871332294
743,65.55647482709499,43.85114846875344,27.22908442209385,1250919.4988222294,-1748542.4720941747,-110004.17464242096,697608.8631827446,-1660061.732925742,-164719.44477605043,-2843957.278177122,577418.7202347069,1658911.4100280483,-155619.7565754029,-38393.679690370554,1137337.8146769016
744,67.42664996802122,45.101781747105704,27.228686905650868,-38072.25598791329,-1811970.4379110725,-894081.0806900486,223793.1092571311,-1790134.8306785424,13419.107645963906,-3211857.4741756953,-56257.074180300515,523990.7737669609,-66561.27744053214,-11588.746967035664,1258303.367807482
745,66.28242145115559,42.95955498821305,10.895876585653204,287212.82912931853,-740600.6219482941,211825.79622464464,-203112.83549518863,132717.21563589334,123379.71955358163,-802685.1129487848,174967.5978340256,386155.5185204278,-480709.3020160874,114818.93380911976,756916.5693630916
746,67.96870508152107,44.03477225737241,10.89567303010358,268620.78816721484,-815006.9253239441,-1288244.72924199,10819.623215047,-41881.44949156775,226240.5480289421,-1324085.3281462807,-811397.4765054572,300851.9382530184,-1488827.5146655259,-66229.40808693664,40773.02255847304
747,66.28306143409387,42.9601309669851,16.35419283035927,424401.4624580571,-780433.0416784326,-250126.02521019566,-134181.82033730054,-304642.9273088926,-109114.04578607234,-939714.6393878215,-114733.03576142911,448290.0707186796,-481678.1857942926,-101746.90666781309,625270.2356534501
748,67.96937375114524,44.03529644342997,16.35385297634779,529073.7051640196,-638722.7935411702,-457252.35244429915,-62787.622455421675,-508442.58651102084,28833.533205417578,-1065014.8849991602,-38367.47947849765,536480.9236562079,-589665.9081162949,21663.769872265995,416347.78951917955
749,66.28381623742965,42.96077158301593,21.81246214096288,577401.1781000679,-623380.862048504,-342995.83165485115,-74963.0977173616,-481531.4559320393,-184519.01062912724,-1003269.2059170328,966.3098830106394,613327.3804307359,-379954.90591954254,-81020.5707859263,838131.72411529
750,67.97015496592772,44.035886899120015,21.812108682997998,637093.3668778625,-450205.7790900399,-207043.55779812176,-102870.71445500784,-648483.4524368471,-63477.84635327307,-997175.3108675033,330263.8844303459,646755.4564268583,-205597.8037824017,-22802.95922876604,829714.7853233817
751,66.17916575281353,42.89417939533869,27.27075473353112,1320019.2895175652,-485178.86312348343,141416.01979631104,290922.5377741376,-777838.0448535517,-180487.71095374212,-1019047.2783824829,543086.3367716516,1452217.3878012244,-152128.35867919686,-38145.1469150397,1138389.7949017917
752,68.07631694588731,44.10364332751536,27.270368602473564,24473.555302933382,-719624.296844095,-669745.8595170822,-113064.93222276162,-1032712.8399431593,10395.914253228553,-1730795.3916835235,5186.805147157579,360711.98547812266,-67637.19776497503,-12090.365221421354,1229294.7934696046
753,66.98361397165962,41.83668259224851,11.187542842441943,275849.86514438933,-676594.2146667297,218401.901496227,-216596.98476036222,182122.43439715417,117274.04984460105,-765574.2473583,210805.16005359555,372426.6392785908,-471305.07375796884,116661.05991835463,766974.2042959852
754,68.6799772064689,42.89609078429512,11.187347655158385,264855.4241449218,-802785.5137402824,-1247094.0234104577,-4238.145215988269,-31124.936498337633,223494.5229610921,-1281344.3820854917,-800947.9921097732,297268.2611894467,-1437718.1486953287,-50866.150589325945,39048.4886261707
755,66.98422304025571,41.83722619456982,16.56252729302639,404644.9019643129,-692119.7679701541,-237468.79008463983,-152042.37443793175,-211800.80973349922,-106678.19257155158,-802566.4226677152,-157180.20435200055,434802.970929234,-475099.9189581829,-103462.58577187345,648847.3122544042
756,68.68061540666548,42.89658120436587,16.562200728158526,511798.16333260504,-630668.3216964168,-456292.85657334176,-62912.6840708312,-481805.31900453614,33348.49487181759,-1033580.9278361968,-61422.27364999953,519840.1865490428,-580900.8044008131,19334.45868872349,411757.69443551864
757,66.98494334756715,41.83782965209763,21.937466086811348,553182.456863936,-536870.6686899625,-327186.7902851637,-95449.68647504522,-383737.1758892148,-180736.01815640408,-854443.295726437,-45663.717280542754,589232.0108957896,-376625.5293076841,-81063.10910416853,845797.6192731598
758,68.68136273936896,42.89713298160167,21.937125306162606,619939.8677206896,-450504.4843682437,-212185.64103537958,-94456.66834279579,-622058.0512594427,-56699.95211802036,-972166.8234522163,301195.440720354,628221.1250489285,-205755.61511435,-21484.4999041902,816925.332853805
759,66.87963087463308,41.77218993478981,27.31242691796953,1280474.0145669512,-393041.8062125039,149494.1269742532,260336.38959256603,-665218.6649287747,-172543.92902571027,-847110.9032192663,492477.93832297815,1391559.3002249887,-151335.76701899298,-38773.677685467,1130430.9210463408
760,68.78812353672798,42.96386411780722,27.31205402931325,21154.591457834962,-740519.7721289151,-666002.2212744048,-79788.1602714211,-1006561.1728571069,19759.105813900376,-1711617.2613964137,6015.400318286507,320234.45913264225,-67393.57534841634,-11884.957174251766,1199020.1852554255
761,67.68495514617787,40.71390251636523,11.479206907086173,262316.60143203114,-646400.8608691539,202342.02473285454,-220265.0127060366,200601.42382128673,112455.5913727154,-748411.915526771,213633.898548727,353035.7822737761,-462833.318707567,111688.83007451703,771667.4357723393
762,69.39110016125026,41.75731571964663,11.479020735697539,253777.81137713164,-737182.3845395107,-1215723.2304521103,-18020.454326584884,-1439.9814491610637,221540.2670300878,-1248398.781934785,-737497.2938796427,286768.27219993767,-1398859.5264270063,-38091.183575286464,37660.98875430243
763,67.68553237714875,40.714413039518625,16.77085793464917,391747.86611044395,-660433.8517420797,-232861.20331811422,-159657.54496761493,-170482.10603217696,-105809.55164349703,-750363.8578871214,-176725.7712619987,425542.44019936974,-467448.10686053825,-101367.14607975922,678785.3497695266
764,69.39170647392683,41.75777211889625,16.77054538411954,487255.5964453348,-562553.2856548794,-452602.9859981874,-74938.87093016309,-410212.0119070226,40026.21887389302,-922101.4545141762,-104353.68094102514,498554.4602474693,-574970.6447561855,18053.291195156213,399457.8148199535
765,67.68621712618251,40.71497928535724,22.062466123590195,537994.995988549,-516996.2431255763,-318049.72332241305,-97433.19060638547,-342799.2811376663,-177928.10204843007,-800155.5303694448,-71247.46624673484,574352.0261567386,-366749.87111871596,-78753.92374444545,865138.0901383285
766,69.39241871295211,41.758285076581174,22.06213863307034,588649.0252500301,-378183.5101797269,-208156.96991067106,-105434.42157010164,-544924.8446653243,-48575.17973542747,-853342.0276171365,255435.75317785595,600214.8195989126,-207920.8565979004,-21904.127674334046,791630.7997897856
767,67.58026055513145,40.65030368457211,27.354095336516835,1244229.3570887474,-398005.10476582317,140311.18084877424,259288.29757500798,-623618.1326402554,-165437.82890420678,-815968.0767235821,452426.6365512156,1350076.8733440652,-145242.42674389816,-37275.73965015836,1137556.9954914544
768,69.49975838361863,41.8239797386364,27.35373630313276,7034.384479241155,-656068.1148181794,-642979.1841689496,-80895.27115477601,-915130.3506037936,30366.624613079366,-1565503.7851718357,-14178.098831323809,287668.9694952716,-70205.26765483074,-14218.186758725104,1153826.4137337916
769,68.27294490955299,39.732079116083455,11.770871248467753,204717.3822972714,-1229744.8915053566,105503.10578387661,-214676.51170230148,-126038.6931336463,104723.16372147304,-1269969.178301981,39276.5859253412,311168.1889524304,-461055.8635683453,108017.51027927245,787112.3872753715
770,70.0014451791128,40.73788964194696,11.770693014085001,240791.25111725606,-1183240.296253314,-1245964.732931564,18183.16527829055,-283238.3819754133,193988.71076078503,-1513743.930633292,-940587.859394334,265918.0119600042,-1366353.4073063442,-27426.741537366677,36375.08624756817
771,68.27349394662573,39.73256115481605,16.979189372307836,364786.7493111973,-1481368.7100443793,-343796.55473439343,-58858.66374536297,-721369.3015499548,-125428.53319267803,-1836496.644156874,-13692.030033854962,389810.1587231517,-459217.3027209611,-101060.5340205988,701783.34240545
772,70.00202240258034,40.73831649547854,16.97888957199309,491680.88598584925,-1258270.2646625086,-537158.7437552446,34959.14524103561,-906924.851154184,4282.239865924967,-1874097.2903925756,77629.09724612931,492720.07071454206,-563590.1601391666,15772.682253682993,396641.2287849025
773,68.27414567366246,39.73309459388103,22.18746653824514,538486.6218991514,-1546548.1927398928,-479006.79435751465,124901.67522331739,-928744.1239346829,-199508.01751481925,-2084006.7134460625,-37621.61459125443,634559.9628390609,-357301.06229028763,-77152.2339639969,878007.1162731629
774,70.00270126203243,40.73879496062188,22.187151396037805,609667.8822360083,-1291838.5161572262,-354932.24211372883,111683.12658166324,-1077522.8828871192,-82684.97404045383,-1999221.6535334643,297312.1960283715,664806.5814701454,-208804.06456294478,-21920.046101910913,771374.0748951206
775,68.16676161155468,39.67073779082897,27.395763871427192,1183294.57289944,-1719618.630115705,-122986.67819507857,586171.419483527,-1270827.0063661877,-184409.00753695783,-2472095.8771716603,357185.51445033203,1455599.627309984,-139063.8478251204,-37270.49530986871,1139815.191061446
776,70.11140706145424,40.80210677280183,27.39541765006754,6997.448941305978,-1816744.3665449235,-854128.4067338058,243989.58241823665,-1493556.1848868253,-3372.291329912721,-2917692.4980172315,-54072.12100328954,307889.29468309856,-72081.60342064498,-14441.153383112027,1117040.737137443
777,68.75876144754878,38.872410411632764,12.06253684158324,199275.09020804497,-1108239.3571571629,111184.93262330408,-229337.941305156,-40546.81435083288,106504.83922259012,-1147688.8217015197,46452.60373788402,303456.88363782206,-457150.3803420796,108844.63217368694,803006.5127221517
778,70.49983458301791,39.85661365194952,12.062364802939149,226588.29753007938,-1189189.6550077952,-1226049.8047883552,3392.7735610178106,-266627.59078719956,195974.5937769159,-1487480.7023452,-954451.6134300781,253281.15350920684,-1335706.8740014683,-19979.615724477324,36191.43068740445
779,68.75928531783394,38.87286833499724,17.18752206566412,351504.27735519776,-1333595.4998786224,-325055.8309448345,-86270.73526943302,-574574.2864409382,-123197.86423749391,-1602389.7474224954,-78175.47433220904,373418.1682864439,-455095.426195625,-102030.97003859654,715371.3466571103
780,70.50038627681738,39.8570156327517,17.187233109619008,470691.1077894087,-1265539.230790782,-535097.0115147798,22326.580283327206,-876997.1224446455,5741.3202426332755,-1850527.605870861,49549.944082064605,471032.52727264154,-546183.7074070933,15098.414164401363,404941.57030229823
781,68.75990652329804,38.87337302806594,22.31246834280121,520623.85413645493,-1369878.9375976247,-445901.02486148715,79788.7149275807,-774986.8433569804,-191095.2464938729,-1810401.8880425734,-76388.78765434948,591634.5673742659,-350633.03668966994,-76739.06444309217,884641.2021599534
782,70.50103434528185,39.8574646848403,22.31216399111702,581260.4107253252,-1316509.2262379027,-366019.931846864,110695.99933307277,-1044693.1671157941,-76725.11507454023,-1990012.1765514486,258632.35957637618,630111.0696156315,-208197.84268748527,-20971.05942024868,759981.0085738898
783,68.65170857090867,38.81233907655666,27.437433949401072,1155420.328146317,-1493843.032588889,-85641.84171379171,512917.3525486291,-1091036.5881185713,-173272.49094447872,-2130121.340938055,329529.2800639236,1376527.5147177686,-136319.25735899186,-37735.61212642826,1135357.9932581445
784,70.61049738087118,39.919398118894,27.437098864753786,-13471.798235312104,-1868689.92230635,-861223.580931098,259309.33512256917,-1465573.8624318053,4123.202497862415,-2930342.6287508053,-79488.50823295748,266445.8355110037,-72004.3587635302,-13154.373287286733,1090741.4258422519
785,69.24338905660579,38.01565666533995,12.35420116584051,180442.02258030203,-1117164.534980323,87678.69399618928,-250114.3889024308,-18220.871482725972,105334.05864642769,-1163706.4648607783,29751.169160052454,284911.47729689477,-457829.0075095531,113987.38615429179,805868.8536172312
786,70.99941254569515,38.97242035450974,12.354035490317049,218409.89134324196,-1090800.7459294708,-1196861.4319326458,-27495.857424509555,-187851.1950965516,196368.67021064373,-1351905.136213616,-964600.5375368936,247253.38723163487,-1305322.856043976,-14955.622967103069,30728.979164444892
787,69.24388694838065,38.016090425859836,17.395852825197565,323198.2457011712,-1346831.790271336,-331487.7493942202,-97825.30034744994,-535239.6256813298,-121450.57791571722,-1586832.1995658188,-113293.71495827913,345004.6205597128,-444960.21169759484,-101701.58791692149,726362.9280562548
788,70.99993784702258,38.97279688563631,17.395575139459936,451775.69452575955,-1106469.403963507,-512509.41789388005,-14946.368531524988,-734196.8164680307,9281.358529087347,-1601500.8528621877,-18051.57335583771,452349.2988863973,-530074.337962321,13584.57580444313,409659.25722761307
789,69.2444776988909,38.01656658667393,22.437468224781064,486263.32469252864,-1386313.1462131143,-447259.1560575215,66432.01446978218,-734970.4440968521,-183304.534067487,-1789325.3223798643,-107148.20498659373,549164.5497883499,-338135.64951972046,-74366.27159921077,894344.0784654787
790,71.00055472391774,38.97321709863033,22.4371749435111,553091.5585507615,-1127767.0821035893,-341733.70448866347,62013.33210596114,-890325.6121642075,-67111.52207329652,-1708066.4154185257,214502.96310165277,577154.2242753818,-209730.3843522988,-21966.141134395504,738479.2909264204
791,69.13531744766884,37.95722064603858,27.479102144287896,1094476.4397111586,-1546939.128234514,-107872.49950817943,498725.3483279951,-1056966.935638462,-162723.1154413305,-2147781.5292927446,286600.32765930897,1300846.013601901,-129688.3967114222,-36820.83913655863,1133709.5640163345
792,71.11092349373874,39.0334083918741,27.47877845996843,-19723.64617232728,-1612952.073780264,-806483.0012201747,193937.2872946735,-1284037.1027987148,14221.807268113464,-2566256.510910719,-62544.85409484418,189642.64383279707,-75014.83934797696,-14059.132531224206,1055395.9160165065
793,69.85095942097634,36.85756916926105,12.645865691068648,180508.9951915162,-238697.07001857442,190739.502159756,-280901.628503097,435938.2463178334,73097.0503517795,-608168.5079073472,247230.9345685563,493489.0006714889,-446077.59972000774,104256.59182754431,795152.9646628221
794,71.63048885577354,37.77021063285046,12.645710705665605,179123.99377135903,-412555.1580927592,-1066266.8109589892,-113509.63306198263,167343.70235194857,197331.49522364285,-1142855.3293158286,-378796.176513552,221953.5305489917,-1229094.95939189,6686.437750443289,29551.54243387634
795,69.85142032732294,36.85797194103002,17.604186009838347,254835.8208417807,-124688.04626986489,-166278.34813385963,-268274.55871056806,243252.12240207053,-130857.80606551401,-404198.9158316499,-110547.03693878031,478615.37920848624,-435865.91811150895,-100087.20438027235,736450.4387597889
796,71.63097651812872,37.770554404265695,17.603924726134533,338314.2850500315,-102527.7603719561,-396584.37700063986,-189273.6266843034,-69264.47247814486,25408.060771934728,-412510.0574229506,-159572.42225036304,411284.6273507493,-515727.13840530463,10649.061718037772,411878.8078606898
797,69.85197304847706,36.858414281999835,22.562471340384242,374454.3034688748,107009.87288451118,-207795.35369338657,-277872.13858881564,96049.27686118693,-179487.79316180496,-259824.38750662265,-66673.80976458875,600167.0199312107,-328227.5477419936,-73874.89836515409,895054.9074122591
798,71.63155410570207,37.770940566334154,22.562193080455266,400280.7110838984,138064.82235716732,-164466.75695768502,-246586.36604769138,-167335.21726626856,-44528.51333250963,-272682.896879342,94658.55570602472,551903.1176566979,-211743.2586586667,-21576.068276078528,720373.8474042934
799,69.74130987881007,36.80179437474049,27.520773474776654,1040600.2999800293,362605.48037649714,243234.35452280837,-30390.784309925315,-102590.6159720537,-162391.76076571541,156381.2122092638,417507.83889346774,1072551.0837766032,-124682.97751041705,-37058.579236975726,1124800.7574936443
800,71.74335684112357,37.82834211436443,27.520465209248965,-83885.98709549922,9631.827316510418,-498817.8571496505,-252184.44503804247,-462954.628785185,29917.936339221462,-788860.3986288721,-181936.77305095483,397725.15475118754,-75680.31310569405,-13896.383424881962,1020691.1057307117
801,70.59322535057501,35.37608638224109,12.937530604644946,148650.08013207797,-198331.81943295154,188047.05561391322,-268871.29557538696,433361.0608829521,39441.30967184326,-566437.9420486721,192923.27246407035,511879.98589764145,-406727.760541753,73478.89532158503,765108.6648523149
802,72.3813096873032,36.27204544239111,12.93739011800641,173159.1769048089,-345872.9346207392,-969633.8363952414,-128547.83810815676,150852.3538339774,165029.83310984017,-1034234.7253993946,-325485.93812357873,217373.06941180164,-1108045.4948274724,6947.909524450832,66948.43328513353
803,70.59363806264882,35.376450459802086,17.812520151514317,213401.89933072674,-43987.38082087132,-142156.89941103916,-266094.4548552927,284953.49109021056,-128078.68597532257,-393752.31283007655,-73075.78152203326,494085.71345092606,-408609.12755746883,-104628.26557180614,747826.8264201896
804,72.38174886018925,36.27235072977347,17.81227978804813,302657.26799251384,-73010.44672382309,-399594.4034653646,-177701.63443485115,-51242.77257931931,25326.961776352564,-407451.6393694279,-138227.54521206662,375731.6023848208,-509174.9105067866,3089.481696165511,403186.789462938
805,70.59414505480478,35.37685371927105,22.68747647617467,325211.18430690333,183018.09750110516,-189528.6423953963,-283147.65665486915,146108.04297964627,-170702.55809434073,-253062.251981327,-37384.06236018499,609146.953754124,-314964.8140589625,-75474.2303620598,890860.9590119724
806,72.38228018847727,36.27269839373656,22.687216557851585,366719.85744749825,157594.45062088285,-172962.03352094727,-232285.0449977942,-144879.97650932224,-38658.78355801697,-253674.8853045887,84869.88856646005,520157.27128556254,-217092.60082839313,-20472.850699577208,696680.6385622361
807,70.48290703255336,35.32123979958423,27.562447136030073,959162.8954843368,440015.75733780727,237568.47784805985,-51189.60100525826,-41815.08673753524,-152564.92101371684,195824.89286144768,447642.37341193244,993279.864396824,-121712.23109049426,-39182.50706135246,1105781.0671648346
808,72.4945767226324,36.32902141118236,27.562157748682576,-91700.89039415953,22834.643693126854,-481111.74393227516,-221551.13794383433,-435120.2671376832,34492.21987914282,-742681.3974147519,-177020.34940861637,369723.7561900603,-75988.68829696446,-14482.216894114508,975846.6751333992
809,71.33837464558837,33.88905771160288,13.229193593077103,114939.35406654846,-125058.14650280877,171766.58015982842,-233670.09442433945,420046.6908092674,26178.35090830334,-493395.4653073925,148878.23955151348,506165.0134794471,-360604.30156472715,40631.1690133746,755221.0806499678
810,73.1292409457654,34.77942039203656,13.229069424865958,150408.3533659698,-248793.3887616885,-899745.9774658416,-110369.15362755353,115276.876726671,154344.9655663633,-946390.9237273005,-244564.2393306474,192824.15019638778,-1024283.8160149676,10752.641851806084,102453.57714520356
811,71.33874148242599,33.88938360631917,18.020850525711978,195029.0189936597,22537.383815527763,-119106.5742483533,-256011.11860215515,298667.6124769763,-124701.66627685058,-363784.9076763361,-46497.11348454791,508741.8497217182,-376456.59161963384,-102454.52083469485,776826.4163415676
812,73.12963285472416,34.779690431144346,18.02063128156691,267559.872165822,-48986.458483428985,-416736.639752101,-155261.3485141603,-38414.613726631535,28145.9198885216,-420939.2000010443,-110423.7927430647,333199.7666744012,-518884.0640517466,-3645.6214012522796,372686.5808379966
813,71.33920370837593,33.88974899124662,22.812477321288036,304241.96909233055,232272.95430494717,-169710.69256955103,-273707.6648838891,164206.9524111532,-161739.26877935848,-238440.19703131166,-6716.018549824048,611960.4464088627,-294087.70456942916,-72508.35901790284,905336.6836452694
814,73.13011898359613,34.78000106942084,22.81223555876284,331601.34409628954,171873.67028646125,-182628.68266719766,-208015.5549379891,-121070.60229627737,-32232.904645754206,-237418.55689986932,80901.67532489182,477363.2132905306,-226543.33964236977,-19008.215039666593,652067.9887292278
815,71.22775226542987,33.83444921765968,27.604116404801683,906381.5087270917,471271.4617255183,228791.08145617286,-50750.238334417685,-19169.053411669345,-144353.86071790056,196244.07997025643,469846.9069141386,940353.065024388,-112702.26278799938,-36996.88287879641,1106871.438763532
816,73.2425492766631,34.835940619010266,27.60384593956896,-99899.85421989002,34166.762462766914,-461700.44299211976,-185353.1216586353,-403357.24461005675,39337.61492640553,-692869.5666387558,-170029.34780395107,335465.379693464,-80194.36438015959,-16157.648661430907,906606.5389294783
817,71.77259265447972,33.00936593233589,13.520857600934182,-748849.295022808,-5168262.995090827,-739275.7811358706,-291490.4995449572,-1422242.3876058839,50375.418035294926,-5600183.1898118425,-771993.6098476998,-284211.2715899664,-358337.70154972834,42511.509421487295,792649.6303357516
818,73.5796261772357,33.865893512029466,13.520742613624492,-333507.7438896769,-3700149.6623553056,-1471629.1557669274,59711.477527462244,-1206756.8469744548,93316.65738004544,-4230577.310749096,-949502.1748279923,-325207.07643482526,-1008792.032645385,17282.563489699827,142437.28065435283
819,71.77293453421208,33.00966959650294,18.229181229909056,-904720.8417385712,-7119628.008883344,-1392229.7767093545,175464.48540232133,-3070750.2852635714,-139541.8450707623,-8456240.045740953,-947255.8908433823,-13082.690746931667,-329259.0680901108,-110652.24868069634,813026.3945904858
820,73.57999088805474,33.86614357237301,18.22897394205333,-384878.15657161095,-5340768.535461969,-1325585.76220016,331813.14996011456,-2627356.903486091,-52616.24787277328,-6651752.24947419,-459800.3079066835,60320.10314713141,-519667.61425988225,-19466.36605516317,368123.23965424043
821,71.77336848819635,33.010011022162836,22.937476600822897,-1035170.0675061599,-8779844.986230237,-1982915.6088771163,860925.0085946665,-3630948.5058217454,-194885.2021902684,-10408926.563092351,-1288096.7353415275,-100907.36417963676,-273402.03921690484,-69347.0787565773,912996.6512576797
822,73.58044741888231,33.86643066040528,22.93724591946688,-504761.22237232444,-6753771.041209741,-1540095.8704604695,784701.5882743588,-3113549.703393886,-109674.91046896583,-8264782.135971699,-733258.0595123781,199412.0614415437,-232847.4073283503,-19633.55886423977,612123.9921460442
823,71.66088059784215,32.95680303704017,27.645783479903557,-1044839.6912926056,-11090635.681778312,-2379592.456559179,1871341.9267943923,-4429092.552709204,-167725.97613597792,-13175585.236079298,-1552074.523048578,212591.92949778392,-107077.11157799615,-41937.813354864615,1086304.2000060086
824,73.69386055654299,33.92023370990787,27.645524752511697,-1319051.0682397275,-8686939.79488164,-2365285.0942615224,1392956.7196001515,-3788630.7603359157,-34568.3469696079,-10627862.913440417,-1548711.1500172995,-194701.89392517103,-88756.96944606866,-20946.38744168879,843202.5361410296
825,71.90396597229483,32.72009576484953,13.8125239573356,-615912.1989802322,-4531518.180077661,-631874.3866865248,-299394.27563288226,-1142541.425150833,50227.356919289145,-4859546.95309496,-647252.2544551345,-272505.5581943238,-351490.82161069143,32780.84114177138,807348.4488525758
826,73.72438474602154,33.54838353000377,13.81240855291333,-437877.56779804896,-4129672.2518942584,-1571145.4908569667,35035.11093587322,-1273400.6597617366,92410.7019575005,-4656504.877975085,-1053808.1695731191,-428382.26300107344,-1018696.6749177562,10330.23185435762,137571.02568594433
827,71.90430074957891,32.720391740758075,18.43751350244376,-715059.9558592873,-6142252.068885974,-1216062.6666024253,79929.00620223107,-2523124.805326846,-135410.866506621,-7205271.055955989,-755310.0788633954,-112793.55652830165,-334755.9950300789,-108141.85831925896,820108.7515517025
828,73.72474099991484,33.548626806245714,18.437308488901376,-519328.5854141128,-5850892.135756738,-1417824.6365292666,302961.1027328767,-2774198.873092814,-54259.17559562982,-7194633.891435254,-575865.184567709,-17546.2816971546,-501403.5957680729,-18271.151818690818,378599.56095301715
829,71.90472201574043,32.72072214653776,23.06247635016024,-784652.9114205674,-7471869.761502604,-1704657.1910640313,653563.2408126685,-2999043.1756389746,-184289.19934615272,-8783822.948475156,-1042814.2282372301,-134542.68727481744,-270097.32601913164,-67111.62393808104,930654.7545555254
830,73.72518361529879,33.54890356889698,23.062249412436337,-678212.6704310894,-7356103.938132758,-1678614.2512992406,779489.102569875,-3271420.8273593513,-108419.00782253961,-8902485.974094642,-879785.7938451006,69340.90807665342,-229739.81473997192,-17715.72028995817,612410.975040766
831,71.79138397084685,32.66926775747814,27.687450917312372,-670217.134206262,-9205971.8178019,-1940156.2531419098,1506736.3450162983,-3635216.098082234,-157948.3483562813,-10886783.82665673,-1182139.2066561459,252577.82816280698,-101999.19851829621,-37348.04565994339,1114914.5607061344
832,73.83941824130349,33.60093122590656,27.687196287468012,-1554520.5442407827,-9516457.150625551,-2569265.779361894,1435689.2684765907,-4020897.9425703734,-33486.18563693077,-11524316.085237687,-1762262.0711009086,-353665.3178896302,-82904.29526447352,-15787.499108520258,845059.8578520804
833,72.03947846873615,32.422411068483946,14.104190141346672,-667500.603570557,-4767504.057930802,-682032.8236972069,-323167.85128489137,-1203997.6751919668,49665.13519036476,-5115998.392243709,-698472.2728446445,-302566.82011021377,-343332.6703635017,42754.010289684695,821772.6657265904
834,73.86500375016104,33.23928702335237,14.104073886430593,-404981.71973051457,-3987277.3542336826,-1548363.4347089357,22269.358580065007,-1175396.2722583658,88638.18839092164,-4462238.07624037,-1082164.0838589582,-396220.3485738049,-1015698.3141714388,6481.579938663449,143495.77958392704
835,72.03980587429817,32.422699348470815,18.645845616314457,-779487.1516804352,-6385226.9321951885,-1268158.8708341254,72513.85927832093,-2575245.629089315,-134926.53984140838,-7456876.761859553,-816906.7108761058,-159089.48197409094,-328082.62205029995,-108938.34873646474,823027.4551957836
836,73.86535182975018,33.239523638546345,18.645642851928525,-457510.9002528213,-5529956.843021904,-1343833.786757866,269032.1820911697,-2577064.26992948,-53859.411310111354,-6764522.156101436,-517192.5219483592,-49586.85198279886,-484239.34852394473,-15708.203189172162,384755.51271550497
837,72.04021444853919,32.42301868961108,23.187475962593403,-860587.00044783,-7718371.3358878335,-1758392.510726453,647212.599027739,-3041782.07787576,-180343.53679718688,-9030693.766738407,-1104103.60167674,-202553.47864696747,-261318.58932559373,-66702.8936154705,931562.4463988215
838,73.86578094735194,33.23979048471905,23.187252640950067,-594504.9378913287,-6893259.497986018,-1579370.5997368945,709267.113786881,-3025634.038344424,-104472.9994442232,-8310201.647000011,-800260.5944913914,43327.20587716323,-228996.99624798913,-18769.84765431191,602888.9811508859
839,71.9265435402395,32.372266097249856,27.72911817721015,-781221.1917618208,-9537550.62931919,-2022823.0618413116,1514403.797206371,-3706499.421604994,-152776.4406980868,-11231472.808381345,-1267317.8973876403,157195.82284665905,-99647.09353278132,-39827.01132761084,1105182.550459993
840,73.98032009203989,33.291094943348895,27.728867510225143,-1419086.9995621226,-8832943.136513755,-2408698.4563166024,1313444.7181167929,-3721684.134060927,-28593.77675571575,-10688327.50697425,-1620537.8158254693,-351863.2695927515,-84437.90595848509,-16534.053024588153,829302.1396647436
841,72.23704973389323,31.97335780224845,14.395855980104658,-33824.874209530826,-1668705.567680987,-114660.82012895128,-232087.26782594022,-147664.48717784908,35740.59297628824,-1713520.4424472689,-126791.23874820989,23120.419176010386,-328651.3314141952,45491.18569162493,830233.956253753
842,74.0701800604048,32.77309444018667,14.39574139878641,60060.68308212049,-1622226.146387757,-1104895.9197199903,-19233.516434381934,-364680.4552612901,100389.96903228066,-1811114.1828352492,-926191.6136389646,70244.41344858699,-1006545.1967759894,250.20584690941425,143703.26227317826
843,72.23736588450484,31.97363605497383,18.854178378694023,66087.44152055494,-2151109.121092991,-464373.370125867,-85378.13627240933,-694667.4687795538,-135189.57931510863,-2406801.0688652163,-245480.51756715542,102886.53673407019,-334699.64187735174,-102747.07441734467,821497.1412809205
844,74.07051595797003,32.77332203870112,18.853980323920737,206266.6915551707,-2060602.5111871057,-689960.4834103473,57737.542152896334,-975830.3317527785,-39949.40535730697,-2568108.317310754,-192494.48287633786,216306.49714480925,-474031.22460256994,-7845.758924679205,377675.98807538755
845,72.23775852142583,31.973942010075874,23.312476360360176,195854.1172103798,-2456523.1198420487,-631194.4118898741,122004.01778354157,-939183.2142892869,-168546.85947667717,-2854167.7842765227,-314654.4297131084,276958.7994680884,-253956.10717705963,-65821.33318863806,939675.0863550333
846,74.07092814247137,32.773576751588614,23.31225842323807,269990.9685332511,-2432581.0940147648,-634954.9449821943,217129.1563689654,-1184836.9570600009,-85115.71387421878,-3028406.8444396015,-121290.28827178765,352152.062247681,-227363.9266993822,-18554.763084267455,595264.5063831313
847,72.12359606112773,31.924247424065,27.770785958154505,607834.8022102999,-2911418.035192629,-472242.2406107628,558876.4770074364,-1262419.1635198477,-147164.60067213338,-3498431.440794845,-99204.1171647278,821810.0843664827,-94089.3382759664,-37386.728935317085,1117111.6962322611
848,74.18592540770202,32.82379799034702,27.770541201070227,-265428.56641845603,-3232020.1319278614,-1100208.6173133112,468897.1291784894,-1613634.73088887,-12500.626853486398,-4142894.6066144444,-459287.40521231404,4524.696167130939,-82411.41632472046,-14325.453242112693,820481.6431089262
849,72.50048219468484,31.36436708106752,14.687521884463122,-29426.59575147298,-1601587.5359453612,-110451.57884282479,-238105.46623793748,-107365.71154998898,41141.87416973621,-1643412.481831263,-127654.96036091133,29601.731652515802,-330272.5974480378,59168.225946673185,841979.6041804055
850,74.33611160606915,32.1583750752355,14.687411493955224,56466.28649072489,-1627989.4452924153,-1093985.2400424234,-23167.2469262726,-337211.6187129762,102997.35166102627,-1791419.3566222328,-941453.2571207116,67364.21489882984,-991191.533338642,6019.860151412413,142246.65086551648
851,72.50078296923117,31.364632773633645,19.06251114071086,69335.61814990628,-2035141.2224193625,-441597.8587147175,-86460.04768805213,-631589.797924977,-130129.3967038428,-2261761.256540365,-248996.3417935409,103354.13534973274,-320937.0849103471,-102407.70403159622,833319.7252442387
852,74.33643144650023,32.158591425534325,19.062320008011046,195975.45958021237,-2037050.3262637204,-686268.3784022128,63440.4555009799,-939705.004715675,-39366.92265734852,-2519442.702761137,-214380.5941500849,206480.05182550053,-469516.06954192737,-9992.748799953968,376086.236760023
853,72.50115645356644,31.364923072975753,23.43747734819123,196140.4313734403,-2318234.4643500005,-601416.3673565435,107056.02767199177,-869030.863661936,-160710.23018442397,-2681806.551986387,-309326.000973127,267622.1526264095,-245276.12660384906,-65136.50747873452,945578.4025917216
854,74.3368237232426,32.15883208296139,23.437266383912345,256420.57872619492,-2400941.861312514,-630058.1502133183,216673.4854609768,-1148708.0636776562,-80463.12484404106,-2973700.4539724975,-135419.7921983837,334540.8133712455,-226632.2741908043,-17912.658595391364,582966.2788534624
855,72.38681899747438,31.315571212952968,27.81245456475979,601049.5354823016,-2735185.316240831,-439945.3566824195,526822.5674798063,-1178416.71327037,-139171.66637036816,-3280792.555610191,-90425.94263120086,797137.3608004437,-90182.37953694504,-37194.583822176544,1116985.4655731083
856,74.4519576310979,32.208681566125485,27.81221744738453,-269130.8981591194,-3192146.6542025595,-1087443.657964588,468560.3310489001,-1573313.8298000656,-8484.24589649595,-4076766.0664003924,-463186.0324542105,-8769.111471663657,-82484.51964671073,-13456.65145640721,800156.803224093
857,72.76271865695905,30.758263375260825,14.979187610518174,-39800.74003258976,-1595643.6192006387,-120352.12153314124,-245266.34336205717,-88372.6344522642,41736.86591817316,-1637720.7054435858,-137973.85388878692,19898.078566003718,-325971.93066536175,66140.27292826798,849854.1830193754
858,74.60323883387592,31.54076819079803,14.979081320725667,61499.99981820048,-1543806.5676166601,-1067451.8091803316,-30786.979070665384,-291749.61562856106,101510.6853423269,-1682396.7087863653,-939989.8833601607,72628.21516773525,-972227.4780657131,7572.190557815034,143812.83243865165
859,72.76300399421451,30.758516548853713,19.2708435027825,53109.93644656986,-2003831.7381285164,-437333.48629997193,-92365.16697213819,-601643.1387235635,-123849.21418738003,-2215388.523449572,-257006.31406294744,84339.54953060155,-307495.85283525323,-100779.11934714873,844233.8099085027
860,74.60354239690852,31.540973285400426,19.27065928007236,196781.4723483001,-1902376.9001577336,-665666.9931162071,55494.25025872757,-852793.1569834731,-35731.93899735375,-2337841.552334956,-238111.50309735566,204690.6345066703,-468010.9631676258,-11430.046039945948,366360.51101373194
861,72.7633590997211,30.75879179440257,23.562477797781103,173555.66283887846,-2281667.200931952,-594126.8149408156,94974.51718428015,-837421.3407220831,-152750.99456054805,-2627002.2827659,-313659.04988784,238422.97961985093,-235693.7056186917,-63948.11408661333,948692.4834407729
862,74.60391542302426,31.541200368033714,23.562273790950147,257191.12733360892,-2225433.5739399884,-598474.2086098025,193253.75324583674,-1054177.0346010712,-73887.17949803693,-2750124.6657109773,-137489.60035384592,320897.610848642,-228342.31640088232,-18165.339588363997,562636.0099633937
863,72.6486977451401,30.710143943998556,27.854122601893323,560365.8764626244,-2705062.7421502937,-442531.83984057,507399.45101864554,-1146556.3231073052,-131330.78670006213,-3230839.3912505116,-102667.86905888635,746278.5547811579,-86600.09552112903,-37859.14224617676,1110825.6284915213
864,74.71933586657903,31.590317659454797,27.853893121976796,-247633.15079922788,-2951627.5859390325,-1030519.1031504439,429651.4515189323,-1458325.789067377,-3311.7417473213013,-3777652.5506281266,-432436.7996967929,-19690.4895637842,-84934.04970072891,-14385.923379725871,770275.6671237389
865,73.01489328100047,30.154728395341937,15.27085329953696,-47364.26522064069,-1547508.7404404706,-121435.15343145718,-256287.89507049904,-58954.70432082461,35032.23489726562,-1591955.077988295,-134609.8089166314,10256.727812357127,-317825.3459810627,68013.271552848,858255.4814304288
866,74.86505009926093,30.914166692486212,15.270751266971322,55459.35269807739,-1509610.996012325,-1047403.614253887,-42062.23231897322,-264740.0212767056,93156.34542367846,-1629927.5963743334,-937607.2646040132,65979.60341021256,-948498.3555068985,7600.207521449583,151101.22208425892
867,73.01516341198551,30.154969401842987,19.479176455221495,44213.55081644235,-1921525.78737058,-424141.8787608447,-113562.66840721214,-549194.6999617468,-124376.63848566242,-2111347.7685787673,-265661.7958834077,75555.44914719248,-296411.0681010596,-98018.31354856137,858018.4558305016
868,74.86533729633905,30.914360925099718,19.478999227086508,185678.80100941617,-1849398.3016723907,-660830.423003884,41846.51734102402,-800550.991300947,-39639.05394164961,-2252294.735663821,-264616.2277589242,192361.03975588694,-467926.52933651314,-12468.237783022869,356801.85384148697
869,73.01550084022008,30.15523041823283,23.687478551343247,165183.49502268038,-2185453.697486272,-573941.0006630862,61448.22866152081,-781770.1146450046,-153449.54326706316,-2502376.3875052743,-314032.71908139205,222197.90345998877,-226951.048841507,-62551.75287932317,953901.3316779747
870,74.8656915753664,30.914575017039606,23.687281533166665,247762.9888493237,-2153773.5789410304,-587143.033752607,167647.69104907877,-999923.7769223312,-77305.97245503915,-2645402.4024973833,-150789.0262359489,303037.80488901964,-229434.05207102065,-17761.990125658944,545945.9696624677
871,72.90021935067276,30.108010180917013,27.895790665945853,545484.6494228808,-2577645.700071477,-421448.7309578771,453502.0310530548,-1077579.0883844884,-132792.50614225614,-3061723.2937448863,-101731.74090732473,709845.2530457389,-82582.79454912267,-38126.52871786302,1109801.6013664454
872,74.98169557581677,30.962237874953495,27.895568885576242,-239518.4968612718,-2845355.8940906553,-1001427.2375412548,392260.0602403417,-1390708.8406692583,-9477.99290400583,-3626421.5288834153,-424433.7023448875,-35446.39726487875,-85480.96428892804,-14450.827417530327,745592.426401851
873,73.2618242232295,29.542228699805452,15.5625194255135,-40609.9982983839,-1422155.027271115,-105990.25295291469,-253168.90455987246,-12716.814410532928,33770.33146768079,-1467119.262518596,-116382.67353189793,14746.657528080748,-306956.0862401591,67289.37995634554,868482.4148345601
874,75.11672679752664,30.29010434252286,15.562421787431454,45790.49324255256,-1494299.830800017,-1028874.4584165139,-42639.60063588839,-247660.37438194477,89831.36159205678,-1601433.9820276718,-931849.1358648296,55899.32191852194,-923678.8215795518,9112.497273951361,163192.42746434052
875,73.26207943022192,29.54245782951037,19.687509494342528,48623.429083127994,-1743689.1679424737,-392609.94683931593,-127700.87437415642,-465283.8397881437,-116045.679777839,-1900987.7531395205,-264084.1523853747,77396.21982623384,-286465.7565617798,-94577.81928985262,875943.4969480905
876,75.1169981258545,30.290288432297032,19.68733915291745,166514.40256151953,-1829006.7269115231,-663733.3818061935,39116.7835161407,-766629.2559778668,-34613.878231476025,-2209437.772720924,-288607.9890185915,171820.05558331843,-469881.1904079155,-13297.049882952724,348686.67953637504
877,73.26239957050048,29.54270524506504,23.812479649302908,167741.75453887333,-1977020.570768992,-531934.3043665153,32993.50079325456,-692193.2212089228,-144828.77127803574,-2255303.675327328,-299866.82085833716,213957.37558903184,-218555.72163847316,-61128.50831972261,961627.989610948
878,75.11733436715248,30.290490206611185,23.812289407307972,225236.30103577673,-2122344.150126579,-584625.2915776588,159749.50146507463,-966742.1733744086,-71999.39686301957,-2593201.5326994425,-163975.28980913333,275443.6818401136,-228983.63618174277,-16285.066740420009,534938.3395152033
879,73.14680398072623,29.496194044166742,27.93745928387552,544570.5672653362,-2308482.0647543073,-370550.93240327184,401831.9358751481,-968869.6425996063,-124669.80136100386,-2741879.5820523985,-78399.25916229506,685816.4113224501,-78495.5317958529,-37487.519259779525,1113384.4450337212
880,75.23361681834669,30.337418255219745,27.937245019436773,-254351.27262369305,-2810393.743627662,-990533.5406668708,384031.2005420333,-1355878.185790326,-5951.188031272364,-3567564.8713029306,-430343.970287703,-57369.71532759181,-84120.6243239436,-13126.6213008128,727130.0390037724
881,73.50996825742722,28.926848392464994,15.854185251843942,-44839.9868952129,-1365821.421113254,-106091.87544222578,-242174.47556828757,15440.194248477148,42686.24675484488,-1409214.0142612117,-118907.04084790123,11367.771658420974,-301575.47594037006,69514.75013017141,884592.0821951411
882,75.36718932974361,29.668921198993665,15.85409275648956,47408.424692689034,-1418710.8472753926,-1009728.4438274389,-31785.996054616135,-229299.07455607192,96103.30307845955,-1521525.0942040123,-917489.6894420275,57983.917235897454,-917550.816361968,12688.992441843857,170138.92202584245
883,73.51020940893213,28.927066021976525,19.89584209250219,40638.65668824583,-1675023.0200587772,-379016.5519084331,-134209.66371318977,-430911.92999821244,-108761.90867661608,-1818992.8436035062,-262170.5575524298,67762.48587697322,-276318.93889722,-89639.3941126707,890984.5870102962
884,75.36744568940794,29.669095771574593,19.895678553397687,164154.39068869513,-1734437.21428119,-654207.6296838557,36001.33826239692,-708714.6196623938,-29972.29802958217,-2085549.3151760148,-307146.9933134161,168205.8552130799,-475073.86163633445,-13163.526208662523,333425.5559682167
885,73.51051265654223,28.927300254994126,23.93748026604987,154936.25479581795,-1903877.7189361274,-516481.85031259333,25568.05863663507,-660557.4436067565,-136885.38247169272,-2168386.903664521,-293828.4748929219,196792.0641045387,-210087.3409787388,-59659.64434791503,964929.1447137439
886,75.36776445244475,29.669285599402805,23.937296638567993,222712.04427917546,-2001610.083497119,-561811.3289890506,150877.98023224936,-906970.268278449,-66294.7670623791,-2443968.171554909,-163861.19417273765,267119.9975206529,-229906.83939196612,-15530.509082177838,515285.5054021107
887,73.39475516381398,28.881138330999022,27.979127373754757,518155.2458923659,-2228895.6959185023,-360915.40834723855,384488.09825592465,-933469.3561850211,-117548.3105339985,-2646060.3149861796,-77587.34636085735,651991.8029736615,-74853.29972606363,-37333.72289479158,1109601.9407321168
888,75.48417409635306,29.715839395577024,27.978920510675742,-240164.7592853229,-2649116.8661083383,-949622.1342041016,365850.7744734692,-1282836.5542460245,-2052.8356870797875,-3371197.8474957133,-409883.34981765813,-57822.562284391235,-85853.7396888295,-13249.736408515688,698316.3155722523
889,73.69061718019015,28.47072275660671,16.145851014496795,-616526.5677235033,-4030190.4213433387,-628974.4635007037,-371682.656369421,-643325.5730732661,61146.69901916774,-4183109.5054027257,-677411.8043841765,-415170.1427806451,-307695.04516890214,79596.8220374927,908341.5810611153
890,75.55468607953271,29.19534136708457,16.145761539045512,-378521.06678109925,-3488210.674827282,-1420330.8943912117,-30415.696446216265,-698335.6113603277,85940.40851344148,-3701955.0162584116,-1216490.5522368175,-368617.0675043619,-925956.9469642801,17785.64951046982,176764.7274392968
891,73.69084843196714,28.470931620597923,20.104174848321705,-670626.918813571,-5069245.238631518,-1032992.2830138293,-115179.83283610718,-1656790.8047799875,-111258.44929755297,-5666472.228313925,-684159.1677785534,-422233.04436644097,-259069.9253735707,-90754.87447225337,904445.9555729536
892,75.55493152616525,29.195508623628847,20.104015846243684,-389194.75356624473,-4502630.556594901,-1177323.1373156288,128565.75692364885,-1728698.2433570246,-50337.637914400475,-5240483.462061495,-514721.2528784609,-313943.73253681976,-472499.159933425,-19641.107237025295,330759.4893120831
893,73.69113827732355,28.471155177765155,24.062480483151194,-702206.8608023972,-5983539.149058398,-1388667.9033215386,288851.2916366499,-2070090.3996407676,-146912.02033384063,-6786341.719097152,-889820.3506156413,-398251.8434695421,-203056.97142274506,-58597.72746134335,964670.0662740463
894,75.55523610118523,29.195688782177996,24.062301848043692,-473118.70684651483,-5445098.0650673825,-1289664.1688198748,426083.93913131964,-2130020.114746304,-87320.23696519632,-6364808.022469172,-668838.7579988665,-174234.16026573456,-230947.45239705898,-16285.981796063772,495048.97708791867
895,73.57493900355587,28.426073324394466,28.020794777481846,-591446.0509577829,-7250883.783187863,-1543762.7022762168,928413.2482082606,-2580380.4491382004,-124007.61912643684,-8332099.947856636,-974417.9313717372,-79574.65719348755,-74151.73600388675,-40431.910397313244,1094887.4058669987
896,75.67205891286035,29.24114229711317,28.020593577783433,-1125505.7405438242,-6864753.511549471,-1928223.751323223,878395.7304854349,-2693725.9836381697,-23549.109118554083,-8140282.254682295,-1289751.8649455593,-488448.8837886653,-89178.72892630845,-15452.807838919454,668987.0003670318
897,73.80719545375956,28.16512448606174,16.437517298067597,-564405.4808965058,-3764163.5065326877,-581425.7545097144,-377542.3802495115,-566329.5162153109,61160.197877781,-3901178.4911758904,-629914.109544934,-378902.14121808327,-301422.5205164394,83083.91678630965,930667.1889953997
898,75.6757934284483,28.878092203581467,16.437427867374225,-414237.4055798068,-3613951.8476061206,-1453483.2207465009,-47178.50683206572,-699243.4006971938,84680.33960071419,-3820647.679047622,-1257524.9825300807,-403499.8123547277,-929801.523636531,14889.273931828287,182665.5275284602
899,73.80742018922409,28.165326998585524,20.312507439023754,-604512.7540414528,-4699263.172590267,-962269.436184118,-138802.66283036824,-1498398.847414654,-109658.56847708386,-5231911.415577342,-616664.9293653806,-417469.01787311723,-256459.19995326397,-88436.645688222,912753.3633567039
900,75.6760317042086,28.8782541230414,20.312350592734035,-426614.9713238572,-4612520.521259189,-1187770.1184266019,110828.46548158875,-1742860.6051123822,-50680.159797449945,-5344848.893266724,-531998.3015208617,-350058.4162220601,-458738.6537331565,-16974.04195309125,337145.7837855581
901,73.80769986335667,28.165542108397887,24.187480501159836,-618406.2210683776,-5498773.11261679,-1283870.0265131393,232210.00433537556,-1879792.8666554498,-141213.8852717974,-6220287.893954646,-806183.9740405204,-374577.49220314156,-196709.92509540942,-55234.22768724814,978069.1526567092
902,75.67632545024156,28.87842692278975,24.187305130091232,-519570.2187339518,-5551543.812575888,-1312819.2130139952,412287.7569149719,-2141047.373018213,-84873.31663359271,-6465164.881940601,-699382.7795629733,-219385.58282025778,-227891.74207521696,-14605.678450117117,494323.7712134534
903,73.69120650807122,28.121179914280425,28.06246219714834,-474382.67345770495,-6581365.644817921,-1389284.9716145545,825799.0599267766,-2340256.034710802,-118725.3901374889,-7555646.851138445,-852061.7094825883,-37324.729269149095,-69112.23580660626,-36592.39018722362,1112264.085391337
904,75.79341950610855,28.92314500270976,28.062264770062647,-1180844.4853691089,-7003205.54111585,-1962603.7873642284,872926.5658274711,-2719153.2072919956,-21780.2565045484,-8278863.6768299285,-1333726.3239573634,-534063.8130618962,-84898.9774770122,-11956.081206179735,669246.4697776232
905,73.92384679094403,27.859553950262402,16.72918349562738,-602604.6211747027,-3901891.694994556,-610997.8324801596,-411518.79159099085,-597634.1321125164,59836.352000083745,-4052335.1569308136,-663536.0355392959,-399622.9561793075,-296979.29749743995,89664.40762098676,941117.6225977021
906,75.79682775891055,28.56081520669972,16.729093765106253,-378666.98942799075,-3420282.5273005785,-1416555.232491898,-68470.54712537312,-624926.8944027667,80664.99842941535,-3599800.0866522766,-1248304.3163190926,-367400.34624909854,-925423.1844704684,10793.758179257271,182414.88346760513
907,73.9240648954204,27.859750205206243,20.5208399390775,-648851.8648942643,-4826408.700644986,-988839.204864113,-157763.47101605215,-1521326.5314509152,-107427.0287486072,-5363538.4727208,-654200.6112129377,-446360.68646962463,-251837.135664521,-89550.0943039718,908101.6037491144
908,75.7970588179884,28.560971780093237,20.52068528231743,-372118.0863653724,-4295416.646205922,-1115572.6337237933,83368.7280782922,-1605170.5416582802,-48915.27642798749,-4965527.561183011,-494600.8572146655,-322978.9478974106,-447250.8266434368,-16239.90492978455,332901.791557985
909,73.9243346222996,27.859956963621535,24.31248040555732,-668188.6462253992,-5609328.162102812,-1308527.812610636,211942.59779945144,-1895800.8216680023,-136838.90368690348,-6329656.100574944,-834218.2107382835,-422170.30962561996,-191698.11312036443,-55323.97550723004,973170.806194786
910,75.79734195039256,28.561137400519915,24.312308293448094,-450065.6191368251,-5130582.29998559,-1222389.9793262088,359492.4613539261,-1967668.5337242507,-80440.59157448316,-5966056.022671454,-631125.8579639168,-205856.01781325034,-228747.15198387692,-16601.97659804841,478287.1917692871
911,73.80755638259612,27.816317980151435,28.104129475029772,-547133.0964778427,-6734075.117682051,-1430435.4158247968,811376.5505222041,-2371672.4263477405,-114091.92705704903,-7711943.995031736,-894720.6045913525,-104979.03036160485,-69569.76809911014,-40088.116592915765,1096426.3103857902
912,75.91469834861192,28.605116593938565,28.103935818420883,-1070924.0728888852,-6414386.016417962,-1824894.2925244095,784315.5277175449,-2503335.6063643363,-17916.98590904591,-7593234.680436289,-1215263.6150975646,-501706.08629740664,-88203.20595362465,-14654.58923158505,647176.6896052139
913,74.09298241994054,27.39903419975053,17.02084944263905,-50648.14867010922,-1194532.153586897,-98845.49879126035,-291829.4719503467,72102.74056409663,40777.82156872534,-1270098.6615674472,-97839.12194220102,23911.982461382442,-286998.25989572797,91328.04760938241,941639.6317133453
914,75.97248255587078,28.08271686688898,17.020761765414683,28448.025209386076,-1332383.2110760096,-1001763.1094152329,-73890.24888382008,-139690.6329429902,85422.2704402934,-1384655.9685682154,-961865.5638385597,40823.237124918385,-909479.5559213997,7889.212484707639,182760.12051033898
915,74.09319061500723,27.39922257202041,20.729173123659,20667.57421554753,-1428716.920875739,-340199.333017194,-186411.38847580462,-314289.5916163263,-107224.5463177597,-1540647.4791341894,-265509.44910136616,57908.24855817041,-254436.5370688395,-83128.35932553356,911167.7039379333
916,75.97270295352911,28.08286665588549,20.729022956708604,142745.31068365427,-1537415.9739982663,-597310.6769139917,-12851.536656218936,-587021.8408933122,-35497.02997760747,-1819760.2987865075,-316855.2309748912,144634.18953279598,-442776.16170674644,-9176.02584272861,326498.79047461844
917,74.09344795672125,27.3994194896372,24.437481018280778,129956.50619577733,-1572030.151638426,-450111.9711978523,-58140.68959317771,-519377.58375782054,-127367.35099904414,-1780863.829184759,-269912.7808756621,158590.99341992039,-185949.44486105628,-53162.017726898586,981637.8856504073
918,75.97297288793801,28.083023709667426,24.43731380921129,191339.29941497179,-1739156.8428236519,-510724.32070124464,81967.98372966828,-762235.9839885142,-63772.758406413705,-2104790.966932978,-169853.29663699624,216102.39946005042,-226515.2059056579,-14872.558480612584,473823.07629442285
919,73.97624942262217,27.356869272320782,28.145797159950426,471479.3108677621,-1787957.498140326,-280606.464602227,256166.6142094658,-752695.553739438,-108369.72968411291,-2114297.175343214,-42765.3188448746,559977.8423132974,-64425.72506431771,-36576.514126796086,1111473.4646836878
920,76.0907228922092,28.125895697571835,28.145609108782555,-232403.3544794047,-2262669.6580412025,-859118.6810169653,271404.1907958207,-1100923.9376661547,-4478.436457895593,-2887465.7498046933,-369051.61268807866,-97674.33104480262,-85222.06104033488,-11969.584992863449,641463.9764580987
921,74.31786269367281,26.774775294144387,17.31251559955197,-51653.341737880895,-1108637.1979489985,-88590.94240753882,-292527.28011648037,100389.73922789979,42141.78353679591,-1194691.002965367,-80435.84995449283,26245.37082544133,-285093.9554071299,93942.06565952033,939454.1655775299
922,76.19949821338614,27.45258730186731,17.312432397997444,22726.386537956016,-1297235.1652859498,-977145.9679262564,-79538.38198031597,-117084.99392546446,84271.16223743562,-1337325.0884289304,-950107.9337554232,35778.2755101024,-885426.1795459521,12403.085114675761,185124.63255955477
923,74.31805782327459,26.774953980428904,20.93750634192775,20542.380137525324,-1292917.6066035859,-313100.16162859264,-191995.18998511974,-266558.7142902464,-98220.0235534881,-1392087.8378831148,-252590.3204897097,59202.77027817109,-244570.74007529241,-78230.12953209656,922925.091885166
924,76.1997048750309,27.452729060685986,20.937362741989286,129517.67575742188,-1485227.0513230206,-596413.2320601528,-13870.589623997797,-553598.0918289435,-30256.715212969204,-1751075.7121597412,-331893.6139007674,130846.71843475777,-448850.2587361407,-10297.893668184284,316228.71831007546
925,74.31830032815833,26.775139634659794,24.562482168000038,125865.26157429576,-1421194.4131977905,-420285.75356488803,-71319.32746796146,-468364.17942469,-119381.90738360766,-1613176.4304208616,-253824.40057318407,151385.92580566442,-180279.41769265058,-52185.975279809645,984635.2070314756
926,76.19995936868939,27.452876318411732,24.562321316945372,177666.50064977468,-1672810.121136709,-499124.25702147954,76285.64169142063,-731983.5854975857,-58333.9215564987,-2025010.572114977,-168868.12580874545,199610.82041530835,-226119.86259239446,-13682.365564088579,460798.0539280913
927,74.20095326419795,26.732945143291555,28.18746558343062,460540.756895636,-1602366.5872858604,-249319.7276937681,227944.4480179926,-691982.310574708,-100835.93317330215,-1906026.8309453386,-23877.068729511735,538758.3415908575,-62161.04995745304,-36264.27345118598,1111269.366800651
928,76.31782712519032,27.495371810331537,28.18728475736824,-234412.1147721734,-2182187.969555925,-837014.8272013935,263409.37943022203,-1063397.8543476616,-1426.0474982666212,-2788620.6837536152,-361677.4607283364,-103316.76704754007,-85041.24921492314,-11192.574041059726,621684.2833992281
929,74.54276180515862,26.150522802590483,17.604181576601125,-58122.436701565835,-1048680.7530885295,-88466.79684202824,-285256.5108895403,124037.52591303359,49384.6117751963,-1141648.8471795225,-74387.13730367114,20765.997851069333,-283951.2447198479,94483.63629015615,942018.4540760139
930,76.42649580291409,26.822451397129306,17.604103303178967,22452.193474284722,-1214757.9551399057,-954644.339479025,-74707.1138462494,-102019.92463547812,88703.02271685233,-1251398.1357027572,-931613.6302149296,36061.6647730408,-875931.3196398744,15852.91674219923,184489.76393313738
931,74.5429445633178,26.15069188555631,21.145839148803166,12688.423101944965,-1209919.588063051,-295648.6234887023,-199402.33171259367,-237268.854776261,-90085.65368698836,-1303025.597421649,-243121.13798484873,53266.94695668976,-236256.4663667433,-72034.13208158147,931463.8140811463
932,76.42668929718083,26.82258544862762,21.14570200717958,124892.44351212535,-1384794.967374429,-587811.7123460461,-18941.790087450856,-502856.53289875714,-25240.249066434302,-1628359.3829488403,-345141.20935292763,125786.35609341797,-456316.95145130955,-9884.505842531618,299479.8490103238
933,74.54317269643369,26.150866673600255,24.687482841440282,112868.68503109831,-1329979.4519836558,-402963.5807304001,-79152.57592001383,-441046.9669684247,-111163.58204599189,-1514399.9462962155,-241600.79874459247,135926.39735785135,-174883.34558959203,-50759.881266497265,983257.8301545866
934,76.42692884527357,26.82272321099843,24.687328260850208,173134.39686431998,-1548140.9298592608,-475812.6373261995,67607.69014564333,-682688.8086743674,-52269.51013694501,-1880743.6233320003,-161393.99349605193,191318.44650691285,-227554.98405082693,-12862.868871049004,439427.1504677368
935,74.42567975849944,26.10902914857256,28.22913350726831,435837.3436880812,-1499847.8547923197,-236285.68357064112,209602.26223077672,-660971.3038705508,-93700.05156707096,-1793392.1901792837,-14883.703485331223,507979.6989897345,-60482.23634846733,-36021.52136597511,1104974.5080922986
936,76.54491261935704,26.864841765400893,28.228959828763024,-222436.8210835795,-2020777.4127057795,-796409.0432029426,245885.73803842033,-1000266.1450789762,1947.5475055640388,-2600891.468352331,-338528.66123913886,-100203.14740083205,-87187.34102121224,-11258.989867655413,592590.5626613701
937,74.70618336025144,25.68794376715214,17.89584740599325,-554122.9121813059,-3310919.855991444,-534161.4030713888,-445361.09810684604,-357221.38385735155,69464.38090827409,-3421676.9808732127,-612205.2489185947,-365321.9414523277,-288659.1858499033,100776.23312184712,959463.9617000232
938,76.59610584007136,26.34217535832188,17.89577195973392,-347785.8606385158,-2960334.210738754,-1307061.6189211104,-112905.02809367704,-418211.2490582722,82177.53709206384,-3063143.990053235,-1220138.6470901682,-331899.05315497617,-881266.7621990563,17851.164842650407,187515.24192294726
939,74.70635735157302,25.68810527915351,21.354172045935407,-567403.5161539922,-3940727.3423334984,-812711.731700659,-256931.84123374522,-1145585.0753492096,-86607.1567264514,-4334912.190848777,-547946.5058575498,-437983.8934818213,-222828.2609923641,-72510.92620830862,933848.3891588645
940,76.5962897007271,26.342303282999943,21.354039156863955,-320717.18183856097,-3584030.961678675,-996586.022863703,969.4257926419324,-1243416.833110749,-39232.721972154635,-4084739.7795032323,-503323.5519260825,-313270.8349516253,-454899.2927925738,-15350.36262502803,290825.8694820127
941,74.70657411957951,25.688271151780175,24.812483086989705,-566333.7169754902,-4519432.718492697,-1078552.8996497556,46345.56435420718,-1495910.6782853613,-115264.51153057825,-5078833.058961768,-669159.1524266286,-416327.12372954714,-170749.2247222199,-50105.57163628459,978493.6104365868
942,76.59651715413948,26.342433292781084,24.81233323441504,-371136.1934184964,-4216224.166227333,-1031945.7604403844,223089.09426620553,-1595817.4283796845,-66950.81762759214,-4885528.999731202,-514131.8102882784,-219645.31006673473,-229994.66667893546,-14422.977743917632,414758.3209860917
943,74.58868266049282,25.647530931514964,28.270800756204444,-426646.27245817473,-5356005.517782149,-1143264.2480231365,542487.2398700577,-1895922.0350891317,-96698.39794968344,-6122773.231245483,-685587.9180669757,-117554.88895100015,-61718.67093902623,-39318.56893734785,1086529.9950312397
944,76.71487496047654,26.383438183291265,28.270632534950263,-900554.4693481771,-5235099.182336216,-1538367.5309489407,578986.4749375667,-2056154.4067745737,-15279.58975207906,-6203169.490022289,-1008630.7929213488,-462220.89968969696,-91100.92748205338,-13774.771422099717,561440.035472353
945,74.81122232820769,25.37818912936209,18.187513629895594,-504918.72027245816,-3050047.2799582933,-485784.8212117905,-452014.6779562503,-299058.2514393352,66048.445108047,-3158072.2781452215,-557459.909522231,-325218.63377509225,-280721.34017456346,103983.51955721935,984112.9209035338
946,76.70523359988444,26.020609078276244,18.187438118464826,-376309.5796361695,-3035176.7797662434,-1330308.1645047844,-136891.54057499216,-407098.329401093,79233.86667210958,-3132291.1800580407,-1251193.6904028829,-358309.6534462751,-883124.1651069833,13808.63984593195,194283.33301716234
947,74.8113904335433,25.37834494389851,21.562504723707466,-509310.8303923684,-3603743.5357667445,-747280.4319386254,-269967.91533722624,-1026104.2958393553,-85202.47967175831,-3957371.3472646154,-486107.4973228395,-416855.95351028506,-218346.1787827328,-71162.5808220008,936361.4697455369
948,76.70541105827591,26.020732287567647,21.562373789385568,-345881.78468103055,-3630924.796033204,-991261.843332434,-19355.68830350251,-1247796.4872949265,-39355.82424677632,-4127674.7355345646,-500380.4517100307,-340013.2368020695,-438710.72996873094,-12108.0328160055,299618.11393275304
949,74.81159864119235,25.37850361430852,24.937483090619942,-494907.9100344677,-4085221.541767114,-986734.7051092946,4755.5078767097675,-1345677.2212725957,-109625.84184076321,-4588332.031169724,-593755.5886634771,-384776.53707767563,-165310.8454613012,-45722.49749091678,993991.5125414953
950,76.70562933621605,26.02085630690572,24.937336328767678,-402510.72023078706,-4250319.9283732055,-1038940.7176854446,204463.26944528983,-1596160.1393309112,-63777.997924961084,-4914707.008321926,-525595.6795088112,-251468.67845869935,-227043.39438107872,-12212.094917788025,415402.6624523536
951,74.69344211921725,25.338494519375804,28.3124680167381,-329834.4262265202,-4775486.511882405,-1010410.6675311193,466171.6728785391,-1705238.3791856498,-91797.45783331445,-5464525.191281012,-579653.2919789045,-71553.12238012721,-56343.81005008495,-34435.72011505624,1106190.1629269219
952,76.82423262551016,26.06111703594004,28.31230342958757,-934506.8398294756,-5280180.232538367,-1550162.5735792797,565297.8968857523,-2063821.7446915442,-13720.23152485188,-6246098.303609619,-1031206.3075017818,-487545.03483572643,-85608.52385129474,-9359.312711270997,565533.1064817196
953,74.91731171303161,25.06549073698107,18.479179718998193,-513313.11813510075,-3068929.7855618815,-483424.38107517466,-476423.88397114683,-314829.5959272332,56711.46835240597,-3188135.4060469056,-550363.9152898089,-327167.96343544463,-270833.00109368924,106397.97630330821,999011.0693322112
954,76.81331168845335,25.70198636938185,18.47910352532346,-357997.8431225894,-2927373.428943428,-1299892.9927096935,-155684.69239498084,-361155.6281740306,67329.64266226116,-3011145.886120367,-1234208.1254374266,-339910.2532179171,-869635.7715484359,7801.301984788232,196559.9285992029
955,74.9174736562381,25.065640891397212,21.77083736195053,-519469.0115657774,-3594160.6682544057,-744714.3912716387,-275801.7995425365,-1026775.1599846943,-82024.24414827363,-3949722.763885158,-495879.350388132,-412741.9568185329,-215230.1056676556,-74395.35581970464,921839.1891587703
956,76.81348263448196,25.702104845342202,21.770708366805245,-316969.79231158446,-3450735.0517021273,-940938.9148862731,-26901.29635753316,-1189799.1875722844,-38268.39382006501,-3925536.7744527757,-470804.8601072609,-312302.1243399443,-426324.1607264692,-12619.681218607962,295221.36472783715
957,74.91767357712689,25.065792394479313,25.062482964383136,-503992.1104453234,-4038505.3921854855,-975862.160758587,-12149.257997673392,-1329956.290066356,-105346.08720749812,-4535994.657953005,-586395.5272089032,-395969.47822748637,-162063.02518086674,-44238.86847567717,994228.5230706024
958,76.81369207818554,25.70222307664988,25.062339252029403,-367825.2154263903,-4013437.8447973765,-986870.2363556096,180565.19949887495,-1509867.0154497833,-60573.3379055541,-4642681.199814182,-487636.2978778567,-237815.79888733622,-227931.9286946816,-13471.359000570339,401289.17079757294
959,74.79938334079408,25.026146546038504,28.354135139665175,-347323.51534820546,-4721931.396834323,-1001069.6136703028,447692.8375536838,-1690886.2252726655,-87639.87357598718,-5405046.131203873,-575538.8294882084,-89739.56516075082,-56957.727877310914,-35907.85679051163,1095923.6994383587
960,76.9324098700183,25.742107949577782,28.353974125353517,-876812.8065332838,-4955452.29378062,-1473232.5077619443,526287.440045235,-1955675.7224839744,-11282.912855847375,-5878072.565429518,-967445.2106746021,-459979.83197172795,-87014.8568063884,-10507.273139095792,548245.7947288579
961,75.02044223811049,24.75509800467488,18.62501248540931,-283837.0754461811,-1637397.9965413078,-368044.67469684593,-12506.784592122909,-401616.8522368425,51478.2420875266,-1753797.9323007045,-323058.3686203179,-212423.44576331222,-253506.86864951512,97302.73774376158,969182.884740073
962,76.9203826213186,25.379732970319477,18.624937998298186,-207516.15801494764,-1821004.9768631316,-1226664.779827016,315650.1907320585,-664842.3420690208,99443.44703797984,-2300788.506746795,-807230.7997519196,-147166.60820637987,-849584.4995890167,2598.5403928566943,189965.3626194597
963,75.02059818159685,24.75524397874202,21.875004077999655,-381636.91668929765,-2463405.7765459125,-766404.4498951553,164098.85471378124,-1100919.9960257688,-46125.264045334676,-3010996.3516713236,-436575.2291747224,-163875.56228431806,-225618.11377431927,-65847.36732583452,915975.6568545229
964,76.92054714562587,25.379847974818038,21.874878233180905,-253551.49243404897,-2610014.6271130494,-1039123.6316488034,425917.5150283317,-1346978.517014721,14010.405779961753,-3428598.9545714124,-437640.88013424,-36449.91649024773,-430161.781823108,-2924.775059285437,279337.7438728055
965,75.0207919243166,24.75539055142573,25.12498328685422,-432821.261052781,-3310014.365483819,-999164.6139362165,275548.46602648945,-1365036.9828538701,-65575.02119946814,-3957046.195160271,-569499.9906569559,-215454.05465558782,-160759.3763222854,-43886.071564272876,992115.4597911033
966,76.92074991689039,25.37996215597082,25.124842724718555,-337899.13992421026,-3450975.3721121983,-1056337.1834979241,473557.79427117907,-1551101.744364522,-15184.924606797365,-4257902.437351212,-514860.66449014423,-72448.59369297857,-227400.44919405278,-12080.359857634747,396216.93488971086
967,74.90224877562898,24.716481146064304,28.374968930824227,-313898.97820220096,-4356683.936549691,-992940.0375200945,508288.9157685408,-1656586.8893770133,-70144.89286525974,-5076986.454920014,-550629.3905571636,-35907.10679481071,-54296.67141871745,-33203.57481163295,1103021.9490241283
968,77.03970690104302,25.419101779755458,28.374811498914166,-853066.1232915106,-4638886.882549088,-1472586.40182399,595056.9332429391,-1917917.1275952286,11826.26754981504,-5604934.196509639,-945538.3425259423,-414066.8686290066,-87052.53461499789,-9986.880100696691,537926.7189891373
969,75.12258448799359,24.441079780483424,18.625012323833715,-265174.66689987987,-1503164.7166747365,-328213.9090265586,-23789.63234193298,-334486.5765007763,53620.44419688477,-1591778.4100052817,-311689.75531306345,-193085.12728282926,-253492.63847999493,95334.16239478994,932538.4391336462
970,77.02447597397251,25.059780363963,18.62494222569125,-203950.3319221893,-1758390.4150032762,-1187675.849923942,301432.71680254687,-630093.1884122217,98782.02270599874,-2211736.028377542,-791179.9059089349,-147100.6625629304,-822652.8352043667,9212.901645277272,191242.9652145286
971,75.1227348134439,24.441222813350322,21.875004540198816,-349763.4506212268,-2229346.1152832247,-709025.6573077906,131998.2619360615,-1000090.3092375374,-38307.83500279334,-2729692.277430755,-393304.95228874445,-165137.99349274152,-223444.75169089207,-57712.15722402339,933636.3568469347
972,77.02463447794395,25.059893267477047,21.874882922834207,-258560.49091067328,-2542854.877395412,-1042481.4068588156,413477.27497966174,-1308237.9573623368,19447.50478652602,-3344672.794243575,-441887.80457226693,-57336.17634905812,-449863.44104200497,-3228.2967168782334,270411.6161378232
973,75.12292419044284,24.4413666646991,25.12498406800633,-396755.788802899,-3044309.0314374506,-936123.401987743,241138.59729187863,-1271020.554132505,-61598.951155784525,-3652814.4986229287,-521902.6364524923,-202471.08715267247,-160551.54887499052,-42422.857958036104,994667.6894545308
974,77.02483266169781,25.06000507769033,25.124846669520466,-342282.75947196817,-3377160.21207295,-1042697.671563785,459315.40025295067,-1531591.8018236684,-11996.600756387606,-4178757.8033591826,-505207.7860366334,-78175.05371288735,-227829.01281478055,-9051.153743197532,394735.7642764527
975,75.0042551145234,24.40282557791479,28.374969659722733,-266575.7275223015,-4018774.3449862516,-919696.987026395,461954.26531446894,-1552207.6968188672,-66307.08519716082,-4698943.319945114,-491387.5515607234,-14716.188029110743,-53084.123180315764,-30909.950074215143,1107340.819433475
976,77.14390746502362,25.098771344843744,28.374815692668324,-855203.151262136,-4578582.379408078,-1455335.8047162371,579999.8195257518,-1898003.1239468055,12732.178581563983,-5534967.486947065,-939770.1391373597,-414383.7093020313,-85645.1505819752,-7779.266361070179,532472.5121983757
977,75.22474574288931,24.127068000166556,18.62501232822062,-268653.39961480984,-1465017.2635784755,-320945.1277738026,-17544.326102625877,-299806.3748665129,62514.14645631636,-1538824.5127402907,-323676.23269465263,-192115.04553214394,-257390.37479828027,89278.49787702996,890902.6915310351
978,77.12855125025601,24.739822213225565,18.624946881765705,-183271.79197869447,-1609972.963287764,-1143246.754970631,285572.7620529145,-580328.8334950379,104409.49734708194,-2048876.5747863313,-759448.6251928182,-128166.31025793913,-809657.4043321104,12368.144498689853,180313.84761146174
979,75.22489090429622,24.12720780446306,21.87500481890696,-349731.57575493306,-2137422.258887008,-685052.7195186939,109560.12546097941,-962219.4586015034,-31541.974066848918,-2619841.1770241284,-380564.14306505775,-171801.2340714487,-223867.07659806474,-51510.74054189226,937459.8372336794
980,77.12870402244278,24.73993315467657,21.874887426610012,-233953.02473469218,-2348385.8643195303,-1012547.9747412602,381984.7242677668,-1209607.9784180128,24800.367023630042,-3103046.451079142,-425378.43518518173,-66461.97753115879,-469864.5621784842,-4250.209467877132,250058.49543982244
981,75.22507584411964,24.12734904968108,25.12498471623047,-402854.57503239525,-2966702.2997696646,-919435.546003386,225824.6431880081,-1250722.9908922187,-57315.133091618394,-3569479.628608761,-511614.07126620883,-207898.72093047632,-162816.5392473067,-43857.10144469827,981508.0260807041
982,77.12889759121964,24.740042563871867,25.124850478899194,-309191.27882863715,-3137779.7614171333,-989269.5634044614,426616.3187376144,-1445020.7736679364,-8348.384707658133,-3903858.5852471385,-464181.687414598,-68200.33098849599,-232831.17413971183,-9406.002760816276,378269.82560449606
983,75.10628325275714,24.089177033729978,28.374970285687635,-281989.34307368787,-3955317.7641466726,-912945.2902055673,442210.6980030924,-1540100.4007955478,-62830.91793889991,-4632779.406270566,-486558.8746953373,-30914.116460024416,-54942.20968209628,-32582.89435813918,1091683.4451738386
984,77.24808799068475,24.77843465414129,28.374819726765743,-800620.842783857,-4272414.461007718,-1377271.1855988137,537967.4052558257,-1794745.0683640984,13791.516722637682,-5185782.857033924,-878187.7414530491,-386335.8909034165,-88740.074320654,-9278.530062654612,511184.39170040784
985,75.32398844768967,23.815410960113113,18.7708455862134,-481269.83274297154,-2650174.5388364526,-425153.9572918179,-444502.4221870798,-168320.20968193715,65224.082742801096,-2747772.571995864,-501326.5520741872,-307499.2048011896,-266905.13923877326,92767.22706262735,901367.6957518707
986,77.23158587921549,24.416256192284894,18.770782488505613,-326400.189024114,-2517184.189070717,-1183367.0956394128,-156628.04962721159,-231219.58053243926,69312.51461126891,-2565280.9270049487,-1154982.9541127752,-306687.5926165201,-804662.3194359906,19233.03179445181,196683.03625448118
987,75.32412900223707,23.81554617765162,21.97917133991338,-465139.5180342087,-2938845.0588960866,-630872.786959355,-343290.40552084375,-792521.3126775764,-52524.73494701711,-3227490.688128871,-458196.04714186327,-349170.62861891824,-211330.51438842624,-53574.9161553845,947703.0922044958
988,77.23173331022254,24.416364145488412,21.97905703838962,-285079.18433835224,-2917095.9921590327,-901267.0129668277,-79628.11995431152,-948403.5624528144,-16432.42912474309,-3295277.487311265,-526030.1783781582,-282134.52377478854,-476528.2656305623,-14242.939990549148,246656.9495414097
989,75.32430794122064,23.815683023396176,25.187484938589403,-444288.4969968292,-3330945.3456981936,-834343.5541177108,-107772.46197656711,-1106190.1230229533,-89127.59720841612,-3755843.4874387644,-473544.9772597925,-380188.9321141761,-160588.68123419912,-41420.49362229312,983175.0852790298
990,77.23192052641433,24.416469627032498,25.187353780333638,-312337.96585359774,-3366597.545133901,-866092.2565629852,90525.76838146515,-1292617.341174053,-47930.51295826976,-3915834.8694863096,-394122.97025684605,-235069.92780732803,-234617.0100917005,-9633.795497750689,366153.38026376197
991,75.2052720022821,23.778250798452945,28.395804038781954,-277135.04510420875,-3883650.7204896417,-835364.5428972158,299123.7690983343,-1442548.3366187406,-76562.7362649611,-4472941.908261343,-443074.6004689487,-80133.79976077598,-56386.53905371077,-34078.53322655526,1077672.4626627988
992,77.35134130796555,24.45411356701649,28.39565692304005,-767835.6869490844,-4182412.134425156,-1284373.520854771,397281.00135820446,-1697566.1734312517,-10184.835755224247,-4995406.547189597,-830769.2972322161,-408445.4978071987,-88570.5101925588,-8714.025050936689,498222.6635170976
993,75.42220861164216,23.50015278168425,19.06251209411534,-450281.66916151997,-2475626.1991042867,-401395.4466070379,-440022.86550105654,-142588.21329761302,67730.70401523517,-2574392.8661012403,-473251.9207827453,-279658.52798885776,-258792.82893190917,88185.58457635426,926673.6283005392
994,77.33168360477168,24.095037533297404,19.062448886202493,-334308.1739758452,-2518469.6726944507,-1188963.4426055043,-158631.2898921939,-235955.89338480236,68997.67886348002,-2568492.325768797,-1159058.4602871407,-314190.5032198635,-810706.6616861762,19015.036941604827,206993.00929797083
995,75.42234489025759,23.500282331726407,22.18750387587056,-433782.3665716355,-2738100.879224219,-591683.8958363049,-351311.1254823893,-731866.9524499439,-48538.64372938595,-3011442.7157766083,-433638.5899543579,-318485.8359011937,-211032.21144391623,-49365.86695804573,954717.1085213877
996,77.33182617136947,24.095141482456345,22.187391444969478,-288101.98352640553,-2881398.8652288327,-882134.1662942361,-95640.20204751907,-938575.997333272,-13068.08610717857,-3255927.353598833,-512897.3864410538,-282810.27500958735,-467223.7403410477,-10448.682378058415,245024.98146743368
997,75.4225162766512,23.500412921883193,25.312484747353036,-407560.13475172693,-3085021.9824543362,-780371.9571611618,-124390.87326847776,-1031247.4741811999,-85391.62976689053,-3486077.0962096537,-429476.1268887311,-357400.8512688415,-155373.76305981906,-38396.28774489677,988439.1835741648
998,77.33200546021396,24.09524160317662,25.312356486086216,-317296.63599128125,-3311391.568035428,-850542.7193318355,77205.45160743194,-1274745.9811732613,-46298.4005036741,-3853461.1130195456,-385757.3707693135,-240012.43956968546,-229882.73202173458,-7720.003701580863,367285.18284497154
999,75.30335435960134,23.463346925072607,28.43747115112296,-229968.0178917572,-3557050.8042056477,-760306.7213850436,263886.7139847934,-1345977.6365343758,-72642.62458276888,-4111800.165756884,-383530.8049856221,-51994.57273994585,-52182.27721498718,-30194.418895855964,1086763.0662812428
1000,77.45153450690918,24.132508045399852,28.437327440460468,-766723.6247613097,-4109136.3424278847,-1266367.5370456895,383971.9793218012,-1679465.22685016,-8827.614911864954,-4916628.845733069,-823155.937814888,-402442.7206869278,-84836.94357905188,-5391.53426271303,496365.1237037936
1001,75.52044762299359,23.184899906537417,19.354178292157453,-452268.67143886007,-2441574.4474474974,-402739.08938361495,-457053.4337252496,-142250.69719201815,78046.75107508672,-2548545.156990673,-482688.1405679157,-265348.91071138636,-258792.68878689985,92338.33022630983,945331.4414103706
1002,77.43176259565534,23.773813070832247,19.35411528774078,-318017.95013722253,-2411089.640029911,-1179302.9566146545,-162163.9488173897,-212114.85542819815,74884.73024216754,-2456812.4230104433,-1155649.8825479418,-295948.2412234024,-827402.7139704006,18527.271327169718,204395.49506171866
1003,75.52057985392523,23.185024222255795,22.395836270039965,-436982.5004162333,-2698611.104059415,-581691.8936228013,-365526.9990153813,-723802.6497456778,-44844.92381831293,-2974238.2583332458,-437443.63996530196,-305603.5997999022,-211319.17542709952,-47808.49943338025,948572.9192722874
1004,77.43190064334661,23.77391312031737,22.39572568855466,-261316.33120718366,-2709893.5292672506,-836996.5085462026,-109281.29178487594,-885157.5086047848,-10578.393954424217,-3065990.821599585,-488893.3396205193,-253322.20780053176,-458326.3797778347,-7846.845878201469,235977.8716754382
1005,75.52074376274658,23.18514860900203,25.437484446880283,-411187.71209333156,-3021167.9299504333,-765079.7535981566,-137221.04209787538,-1018198.0477507778,-81897.9458172943,-3420972.3062763084,-419113.13106004306,-357349.95830557175,-152038.52674488188,-37897.34374993321,980845.0822434505
1006,77.4320720728212,23.774007961992822,25.43735904673267,-286524.04272820277,-3096160.2253657496,-800815.6544575004,59416.92666058499,-1202035.374605741,-44429.04069274339,-3610842.132213801,-350544.1959286456,-222113.59440900676,-227313.89277115962,-8180.6911062736235,356543.8046260065
1007,75.4014583197735,23.148449734645865,28.479138121604585,-238705.22161151783,-3475710.567848526,-743118.8835617392,246713.4855664642,-1330251.5581438586,-68751.22311089344,-4027192.964764118,-372041.1925829545,-58300.51567470986,-52361.04331296907,-30265.775918567895,1074999.2027938103
1008,77.55170723378973,23.81089645178365,28.478997807615162,-715586.4027774053,-3818431.9884651303,-1197638.239827402,352748.9457320079,-1587597.8679114557,-6798.522850771629,-4592408.341447641,-766546.0255392526,-372702.2640830414,-86446.60527296385,-5866.001371838724,477682.507670512
1009,75.6157925317419,22.872031633822523,19.64584410005361,-443467.31370226084,-2341774.240088497,-391608.8908074283,-480829.21750575246,-124301.98888732583,88324.2237538453,-2461500.297558749,-475951.27697545453,-239398.87006398005,-263000.0683527208,100992.41033520682,966405.024514026
1010,77.53075046544632,23.44898919146925,19.645781376271255,-317459.92044174636,-2360049.417420925,-1186314.0691877361,-180596.8943640994,-183949.83423704494,83431.28751806777,-2401470.780784397,-1171904.5348224915,-290448.0914435188,-848111.2323806994,18292.442197811317,196820.82764772675
1011,75.61592074398868,22.872151091418324,22.60416889459482,-424716.79108723055,-2581480.888306588,-556794.0784738667,-380852.1683985755,-687785.1585500714,-44700.70767601423,-2851679.4742348064,-424862.61722267425,-286449.66641020286,-209535.9353520693,-45636.085573510536,943497.3992029842
1012,77.53088407359695,23.44908530622537,22.604060154544857,-249914.46968947974,-2599306.099527188,-802211.8129939331,-131188.27256100552,-848674.3377676914,-11316.463291350237,-2942639.6372542707,-471111.27144977765,-237681.47350655217,-445313.1618685634,-3887.4555348508234,235556.48858382954
1013,75.61607729390245,22.872269348520447,25.56248416170199,-394973.85845581704,-2859738.929446119,-730292.9474616834,-158883.58244114337,-970532.3216219197,-80757.6412458425,-3246726.0743509755,-392354.1059196041,-345925.5550930393,-147872.39384375975,-35959.58909705575,979825.6468129416
1014,77.5310476625429,23.449174995390113,25.562361642639782,-273559.82631724846,-2954796.497759686,-766922.3849304566,36747.51464312442,-1153005.9240334728,-45090.741859110065,-3450317.1940486995,-328424.62083445484,-216536.89412423706,-223290.6504847401,-7387.317353662482,350806.282385916
1015,75.49655596223506,22.836311689953906,28.520804832049812,-217418.09863338142,-3260498.642952667,-694673.7413574385,211955.13849344806,-1268132.3516882276,-67248.84369879655,-3789628.3154826285,-335173.3853718978,-47788.7820889601,-50419.85255513939,-27680.558602780708,1073529.5232286244
1016,77.6509018549785,23.485311684469828,28.520667944998834,-687326.7418647538,-3625410.3664093995,-1152261.9196340304,320933.52020605037,-1525931.227907398,-7824.040226462231,-4375171.83687549,-733045.1394488781,-356782.0515838143,-85580.91624869921,-4023.4682270175217,467305.21917055605
1017,75.71006538210514,22.555569411825015,19.937510021644968,-417713.3323339781,-2180925.214975511,-365499.64635333535,-497800.3797445407,-96225.75328931077,96302.08587870072,-2314181.465599051,-448527.7342024454,-201428.99386132904,-267084.53111803427,111652.76603624303,992122.9616220256
1018,77.62682585909516,23.126544598413698,19.937447277508813,-327478.0720904598,-2364640.8126907116,-1201744.9505956424,-204894.9266812414,-159228.12678446918,90364.2594980595,-2403719.4506014353,-1195532.567755826,-294611.8170195527,-865365.1455140499,17268.62730642888,187419.87942670175
1019,75.71018930202857,22.555684221652694,22.812501263052614,-393566.3188958869,-2396769.108220947,-517026.3967858978,-381273.638685638,-636913.2487355879,-43647.36610647947,-2655247.226002707,-395392.27551939554,-256722.32238062887,-205271.87333273684,-43795.42550990229,937516.6606429875
1020,77.62695495027592,23.126636630563343,22.812394258314136,-249566.05827701895,-2554065.6399420137,-773951.8300081203,-147265.69183401245,-840565.5901815812,-11959.871665816263,-2895787.4381719856,-448809.0553675275,-232987.03468764067,-426707.82264482486,890.4644907091216,243869.15447374608
1021,75.7103385787675,22.555796350945535,25.687483885711,-358847.18753536424,-2617425.8338068407,-678201.8179709485,-171561.9034036695,-901533.3870226445,-76778.99162928098,-2985211.697438772,-348477.99037959665,-320785.1514947832,-142700.82147306245,-32053.712345947337,986978.1025171479
1022,77.62711083061228,23.126721374774743,25.687364211554357,-276402.61364799214,-2894253.371345451,-749372.9322214004,24201.853912875184,-1136619.8177171145,-43604.31343535804,-3384521.4764230186,-318124.30606972607,-217383.1347220983,-218596.27188641074,-5494.461065039652,349917.91934435413
1023,75.59069662767065,22.520206793610335,28.562471785744968,-171590.83078323375,-2945834.1147695235,-622276.6069955095,183348.3122651568,-1179333.0251626703,-63203.761443153555,-3445924.274195811,-277155.6324120456,-16621.645940408194,-45922.40114775426,-22038.03467887097,1082467.6151245
1024,77.74706934926793,23.162479710914237,28.562338253813195,-682910.1190859297,-3544744.9702677876,-1133038.5758363705,307538.8859738888,-1506898.5554983662,-6675.63854179121,-4289762.265951244,-723332.9322641736,-347598.4669746709,-81958.16092187913,342.7599822137792,465671.49014834245
1025,75.80435769686277,22.239112929506827,20.22917574544927,-418968.9794807134,-2154814.664580473,-357205.22246946197,-533353.9642423722,-99269.76840869378,95491.43165061774,-2308083.390471859,-437907.0088486398,-184998.4672101515,-267548.59011310845,118167.87990594914,1011950.8421891835
1026,77.72288318004148,22.80409501191292,20.22911227108882,-311911.03338082856,-2265244.41270326,-1178591.2729293662,-231302.73471765412,-110369.35458625025,86583.29640044503,-2301132.2110558576,-1180570.4380035715,-274044.0699540249,-866633.5658741815,11490.088143015497,171942.47847640465
1027,75.80447681562299,22.239223137532356,23.020833561973955,-393722.0817290524,-2356706.431093734,-505615.8977180739,-384428.22615655157,-637056.4330980293,-40670.4760163454,-2619427.0562057616,-393311.6124284317,-243305.7419066684,-202696.07575935195,-46122.63097741212,912092.4932076004
1028,77.72300735565473,22.80418266264372,23.02072829035346,-223497.14582631574,-2391846.209864433,-722846.6958214466,-154950.80038272173,-800510.1734403032,-12490.44274054324,-2722541.356148604,-411766.9194834156,-203881.7758801759,-407930.5214853723,3026.9406292692893,244275.5848010275
1029,75.80461906912225,22.239329126143748,25.81248346294577,-357012.9114207381,-2532535.586756812,-658229.8653149947,-183629.7593797149,-884930.4298060751,-72607.39535170335,-2899654.3180088326,-341681.5511375455,-306442.49434616655,-139449.4859472464,-29224.16074836525,983765.1715351846
1030,77.7231557306658,22.804262671030113,25.812366652703485,-248512.22191727918,-2695043.584504676,-703976.5613786641,7671.467820634994,-1069891.9040018239,-41969.55025681852,-3160965.0138563174,-285149.4961962801,-201417.85774802143,-217429.67948457124,-6634.464667047003,336071.0666793375
1031,75.68485905057283,22.204108600306853,28.604138617870905,-173656.03216515377,-2844748.394317146,-599398.5545897847,170100.64470723033,-1163458.6002415495,-59171.834995836325,-3344494.409306906,-261513.66651047982,-11794.905254697413,-45652.78407352584,-20209.211987706727,1068188.6811149062
1032,77.8432164197396,22.839642038643106,28.604008396860657,-635855.9428080355,-3278420.298929823,-1070629.051730999,279654.1337505989,-1422944.9358136756,-5146.715072553388,-3993926.9590120222,-671752.9558530669,-319225.37860376935,-83335.42125199594,593.4362010590712,447403.58144170296
1033,75.89578096671138,21.925072190140135,20.375008174372937,-196561.20731745719,-838521.4531770305,-231568.32858214778,-116580.07427394355,-178852.1561794414,75251.04012677779,-899779.4773522092,-285811.0912625865,-81060.42046183973,-262544.44780456484,112264.58692267186,981256.3301697725
1034,77.81779934408176,22.47805562077503,20.374945930119623,-152667.4966546631,-1225975.0203454043,-1076175.0161081397,179948.76096533154,-400807.2833349635,103882.38189036051,-1588071.9446951365,-745236.1374560845,-121509.4509569865,-859235.4378035886,3894.4252256072723,148113.71380077567
1035,75.89589532666025,21.92517925783552,23.124999890227354,-262087.72625821078,-1372543.3519614313,-513333.08427449025,5495.29077495842,-702006.9117539779,-20200.97822321234,-1765982.9010365044,-264914.9151631571,-117066.34629447077,-208744.7195698079,-36659.797516279556,902132.6581653499
1036,77.81791861265671,22.47814012272259,23.124897440405185,-163052.1435275686,-1674777.379569453,-801506.212890825,232722.70261382783,-947747.5182989149,22096.74759647907,-2301894.2967257397,-278205.2577651799,-59236.18149692848,-401821.01794615854,11274.219355788879,251325.26874383524
1037,75.89603245253586,21.92528104122114,25.87498340610631,-289899.7235744026,-1907148.8602049467,-672744.4182190733,67768.79313055154,-910188.4710327336,-43355.29932652451,-2390411.6992024053,-325431.70557121164,-153949.5972248053,-138041.5529953601,-25840.79814595012,978743.1650835339
1038,77.81806137748819,22.478217027703135,25.87486957497107,-224628.21507380577,-2236958.4963495117,-767819.0944217943,255746.21260531188,-1106721.6753453491,-8040.213083925409,-2849451.2829350205,-318505.95772847673,-61448.565181615726,-216026.70707601827,-6313.270612522719,328799.3597280335
1039,75.77604859274359,21.890806624911736,28.624972113741066,-138824.1070528677,-2515132.0407645516,-585065.8594086048,232383.6354332325,-1136078.5590846355,-45144.97473136653,-3053393.7257173033,-235029.87770396084,49401.59619524201,-40242.11702483114,-12465.832645898776,1072069.6739286957
1040,77.93833462120935,22.512843321501826,28.624845148470367,-614542.347216036,-3010290.594590594,-1071390.3272841172,339173.15244332707,-1392449.6748881177,13045.000934457592,-3767417.461506926,-652636.7256729014,-276169.08191092015,-83221.14453688958,2346.1299800817756,437785.2227556056
1041,75.98608200338083,21.60744607385172,20.375007754728053,-178195.12884077313,-719170.2786077354,-196801.85906559875,-125024.44148426989,-127585.63875186502,73912.55703493845,-767965.1978607536,-261742.9876935096,-64459.080959843595,-265466.20408414316,108710.0965989379,937566.4322942148
1042,77.90982777703533,22.154427077560978,20.374948910183527,-148381.79873677623,-1164000.3888359212,-1030329.4221380535,158247.00165061431,-372752.4320781408,97566.33424759402,-1500904.3062179124,-719626.4617724052,-122180.84172043415,-830040.3150534874,5377.502595895458,145992.54868824666
1043,75.98619191762518,21.607551193341237,23.124999898368777,-229356.55602766515,-1170947.1441622279,-462793.73536397633,-9995.237849503374,-619518.8381887171,-10850.46621867127,-1530587.2565121932,-229355.33857368288,-103154.8404679933,-207246.5574110473,-22841.75344616062,915278.0862039828
1044,77.90994246191441,22.15450980377774,23.124901248053906,-167167.55008484417,-1610940.6901636547,-801082.9172203424,216379.2716281254,-912158.7466879712,24413.27008201677,-2222499.2096710987,-279811.6816518241,-76880.26614591887,-417544.8694538757,8879.846522777414,245856.24213734976
1045,75.98632558676482,21.607650733126277,25.874983707388303,-254528.3296814499,-1674846.1768561504,-615412.5820617224,50572.42409506016,-831477.9691782005,-38118.828244344106,-2131368.0194835546,-281449.7239374841,-131969.3451782837,-137132.96858868207,-17992.24753503063,979040.4781505734
1046,77.91008147901849,22.154585147699162,25.8748729238543,-226615.72953001334,-2155376.7454351466,-752050.06967526,238037.31218528986,-1088824.630363634,-7079.358072583238,-2765724.718150454,-306679.510834289,-61638.3156556782,-216108.4527945606,-6214.034210951642,328842.8064473559
1047,75.86623043257396,21.57354944111184,28.624972550213155,-92358.13537479128,-2220821.7213145234,-517257.7066246049,209795.25128225808,-1057701.1097067113,-41881.23808991895,-2738173.6974122077,-178952.51964193943,86688.65374022778,-32775.28033474304,-1144.1874280134632,1075489.6035474506
1048,78.03045918341083,22.188834407341727,28.624848660454845,-611640.7044700792,-2933670.6312604994,-1051177.684592977,320425.5389804895,-1373267.2616758957,12040.785249400555,-3684546.598625687,-644597.9295865349,-267344.4921113343,-82545.15274518462,3376.443375789874,432287.44390365167
1049,76.06713754881933,21.32936962054128,20.37500754217343,-264036.37437637884,-966895.9282926412,-266455.24864765804,-148956.20779667972,-204416.8722991127,74120.81761664111,-1042462.1593165016,-337761.4792578253,-117163.91274235149,-297435.1128371637,79546.73662858135,769307.5176282595
1050,78.01110312434017,21.791250460192515,20.374952260701157,-71922.91311203768,-651020.4809986025,-885971.0405457042,57098.54521957111,-131994.2718779928,94980.7559697216,-958853.6649487866,-592110.480716842,-57950.28899071592,-808903.3021344931,-14203.121210292427,84301.04900910055
1051,76.06724364405223,21.329472686524568,23.12499973515321,-350019.3865352244,-1488294.3276047353,-546192.8667714538,-46980.74725609658,-743003.0942266413,165.39955639584937,-1898074.1294134534,-351355.4659890168,-135076.9855089434,-233421.9623982126,-35675.1091111147,768876.7105522584
1052,78.0112127429064,21.791331184088246,23.124905369213934,-63543.34064823485,-868629.4200593366,-638741.6899021344,90407.21626051322,-493865.1800186659,32785.67578868651,-1267661.8006610165,-251377.537734741,-51875.11221394808,-442946.0243112196,-13729.438543420294,171133.67676964047
1053,76.0673742871182,21.32957033916826,25.874983813624738,-419721.2986081359,-2111454.850086281,-733108.1852902812,16558.87584485498,-981887.9505537509,-29181.32765532736,-2621892.072997664,-425269.6627988597,-217122.59818817512,-168791.92661445774,-42935.17594959493,811017.5055260136
1054,78.01134761235673,21.791404793556694,25.874876686247795,-83563.5270442518,-1158428.1707892073,-526326.8924634471,90212.02935817874,-635519.7062392583,-623.7153436706078,-1556111.4230596977,-160911.33092864952,-51295.836308559024,-238262.55227783613,-30777.28465413121,251287.6327405024
1055,75.9460126427805,21.300786193294396,28.624972852845975,-364213.99472145323,-3031397.604634979,-731401.1838121191,174550.06689640466,-1312434.7823519735,-33139.96961375292,-3632851.0277606295,-397693.851244833,-96467.90416308674,-69725.38272697265,-36630.605557605006,865262.4684564762
1056,78.13298512376049,21.820333302185162,28.624852561079365,-390739.81103035767,-1587240.7312272934,-731906.6037177398,131374.54677557366,-838266.6564574675,12517.448821188913,-2108823.0574011737,-400876.94807086635,-200187.1405033521,-109926.66712675239,-25937.024223219298,337549.9592411612
1057,76.52678084192837,18.9233424997498,21.104174141264,-58112.616526681195,190871.49898840382,55604.30160949776,-279911.57375712524,405763.8587084036,31924.558753202557,-419043.38844951615,11419.125445407111,595987.4470753295,-267254.90105093503,58956.887401103144,771871.0181069656
1058,78.4921220999679,19.29398945803824,21.104130086071038,-14828.384472519323,-56873.365556967474,-527558.0264408942,-202884.73764193058,293424.8265040148,55098.88700755473,-697415.4173323166,-110857.89878392393,209013.53964585962,-674803.4355247363,3024.829546743066,218785.82744271762
1059,76.52686216243914,18.92342540283816,23.645835221459215,-121378.08851505721,421462.44766869856,-25564.35147736258,-312849.415321045,338616.6203364987,-70947.04146274037,-303537.9482187703,-140473.58018896164,718531.536084011,-228506.4294400655,-18933.77277238879,767657.1906060055
1060,78.49220512055422,19.29405428715014,23.645759376785442,-51724.9653404775,190223.06769080987,-217570.18443966564,-228452.99370143513,158239.10434519008,-12848.110171990636,-296463.6898359137,-145732.68760128407,363124.2953478643,-385270.57529913215,7644.738071272678,300971.67900449404
1061,76.52696312991073,18.923503804477686,26.187489672986146,-184594.57912457862,647869.2248642747,-51282.61704618335,-332011.3050244883,266909.2431008077,-98694.18158747596,-300934.66905269993,-140613.54113178392,853540.238877996,-167600.6125551829,-18494.20747725789,800043.549227842
1062,78.49230880740538,19.294112169511415,26.187402323557365,-157242.30489846668,382657.23237379687,-96052.89644805029,-236540.1129662088,68288.60155841729,-36310.15031899319,-246906.42596250668,-105542.52418704609,481810.9811768326,-196075.677645294,264.50509489459813,389682.39114713285
1063,76.40423529280628,18.900404091364543,28.729147764521393,-16093.42716685927,953129.7583172882,165264.62621931633,-236318.1354928806,218083.28910850233,-51911.07634848,-70655.27547025615,109338.15517476012,1063618.077665241,-63027.99783200504,-5923.364167596348,849687.1010298359
1064,78.61525082434703,19.3173246579586,28.729048568434504,-443374.6392328563,439690.9765267385,-265577.3132273089,-177579.56717118114,-38721.74501821488,18783.121561548192,-478329.25630094635,-267326.215482663,476394.49585018284,-75193.99077467714,3695.61405967437,465985.20499004674
1065,77.3757039689573,14.343745336265481,22.56250570930236,-72107.306853216,141209.1903711853,30774.29415498695,-182821.23724635894,298231.0986079036,23959.249565612394,-304579.06139176665,-18458.819443546574,422914.0585082695,-198293.58630950996,24642.547600748956,588283.7008525629
1066,79.34220047824635,14.70826481240226,22.56247751894385,-16260.006844228014,14053.702242300016,-364758.8067737473,-148435.41428388783,215728.6594622916,40991.2889957638,-484284.1648605091,-69016.3793626314,186335.43284746518,-474702.20475819596,417.95756479167846,234949.76283927896
1067,77.37574828717285,14.343795419589442,24.687502995190243,-110311.16679615903,306856.89679006895,-33368.48046084664,-209993.8559434099,251879.37682515135,-53005.30232594006,-223976.64350868875,-125040.34976626965,512194.2428080215,-180451.2033127315,-30085.395927129557,586610.230022051
1068,79.34224553265715,14.708303937154716,24.6874551156107,-31963.823695120765,198483.19026997653,-155281.5972026427,-170686.50161335088,108645.76108997312,-7367.773934538651,-200779.22758551908,-98595.83945484909,310612.83641258127,-282569.972689194,-107.06878545939766,285941.7380631661
1069,77.37324200478012,14.343367101462096,26.8124958348331,-138821.61959576758,481104.46877088945,-48029.598086719576,-226409.97334972562,198313.09742005318,-76351.88825632607,-213846.80165668533,-114097.26128148765,622197.3140265752,-138842.47166575858,-26840.66256724648,606676.7312054546
1070,79.34486227883238,14.708811444379688,26.812439853327234,-102414.28627388155,332884.72683181305,-76687.84415564853,-178306.35079195516,39322.23952123889,-28105.15568856694,-168125.92986402498,-79214.0746613816,401122.60092768946,-155811.64092288486,-7109.272074060735,339188.3889497005
1071,77.25039355479869,14.320621473229483,28.937490565280367,-31579.25063929867,694166.7258841669,110066.17617643587,-154341.26823272876,155635.47651163128,-41658.193644923325,-63710.70231466127,71248.75148411731,765115.6022518481,-58928.911845460716,-18462.209235792023,626118.6842908647
1072,79.46782736366433,14.731619776899759,28.937426085831753,-295124.9017307811,371100.0741168123,-198590.41434676296,-124310.82823062726,-30703.5910281625,9203.976430054434,-317674.6148975826,-200188.38173117835,395247.75466802926,-67048.22402144676,-4469.189798483063,391003.33934335556
1073,78.22410907999614,9.767235222782396,24.020835736780775,-66371.21508713556,125911.26747409052,-13842.044087868067,-129131.15473324117,188058.00319200044,13184.23015599946,-205226.88429608682,-34661.952183710084,285586.84477888385,-153185.63632133804,17418.98228995558,427974.9249814285
1074,80.19280672768265,10.119457154956761,24.020819496022746,-17846.704131997954,46669.21022429095,-246482.13407371705,-102584.68017367054,126753.6459498359,24269.128010508128,-306411.4674784333,-55076.879166688435,143828.71866369765,-335805.76762079867,877.8341106480046,189504.25103100398
1075,78.22413050593443,9.767262127189829,25.72916653349304,-95930.35987965701,246163.944130031,-52056.15878818673,-142542.5980189301,148365.02354209812,-45568.79798137728,-148902.1998234257,-109513.08360221118,356592.70888782426,-136528.05116678544,-24668.41100674086,430982.52098674065
1076,80.19282828627426,10.119477712277655,25.729139810839396,-31028.38116705002,176452.89006091046,-106755.25528573545,-112316.84838968821,45532.263670115266,-12311.241087154742,-114567.88878472232,-78797.18023069677,232034.3226235442,-208629.9230060815,-1547.8723396910777,223658.90632575002
1077,78.20619728474097,9.7641557299389,27.437495073657693,-97465.86263235411,366406.4706502333,-42798.21190879427,-142127.73117360822,116686.3237833567,-59771.128853017515,-146591.53336758757,-68002.61898875746,440736.54846543004,-106850.95843631671,-23111.61448669915,442340.9513748351
1078,80.21081244838784,10.12262427426632,27.437463505535398,-88177.19129927024,258038.21481627034,-66635.80896428616,-112664.35286834952,-1645.2418186956515,-24062.255917391703,-130318.78301239437,-58006.138548153656,291550.1361132619,-121769.62089218256,-6655.868134195562,255633.05245035968
1079,78.08317992603905,9.742159597014506,29.145824608036182,-52381.29189450407,492466.3166563517,46412.09571890364,-89524.74055932334,91671.41834115928,-30421.172557927548,-69136.7260721852,29861.146466941238,525772.7000859953,-51640.185592279675,-16898.846961868647,454258.0324135822
1080,80.33388298772232,10.14465104093123,29.145788381583355,-184711.9579692638,283448.7098578199,-128500.23573318453,-65335.10788126129,-28283.75408889497,3501.039703136733,-193661.08672985635,-130418.76809623414,294316.37098146183,-61841.11379739251,-4137.731358967222,288375.2668701613
1081,78.66995212343451,7.193270892541429,24.895833978445992,-86267.94514621288,-64919.531130852156,-68923.3165123318,-101685.32953634314,144165.74546907673,26967.898471501405,-260592.37232532707,-55195.39419282373,95676.97372875392,-113392.5376794492,-3981.131873007331,326982.25207349146
1082,80.65193386750225,7.44642391322186,24.895823839823084,-28968.927750073126,-54796.833164621865,-237722.1071280199,-60887.466123150356,86016.17223390334,19591.68711905239,-278691.8045384339,-70124.91199451058,27328.848490229568,-237897.6053339805,-5345.967199293166,149141.64422819248
1083,78.66996363402677,7.19328711356882,26.354164535741162,-72048.01653469107,36973.048928229735,-80232.83516089461,-91087.45805350618,104479.36807059016,-1791.299233804948,-168590.54923466808,-77245.76813821676,130528.5146055289,-97391.48551270245,-35199.95858063487,348990.0074527755
1084,80.65194504111054,7.446436027542125,26.354148404289376,-12530.53382050721,11932.047477424494,-155738.44167469454,-53999.53691601513,20684.54298596544,2426.8057457670734,-158865.42744953072,-53561.87973123257,56090.37916298603,-162844.2102566879,-12452.400164179515,160388.76185749387
1085,78.63641293821317,7.1891290776337975,27.81249404937102,-29689.788445989936,123530.29006019636,-58081.41658431468,-66554.57089948536,62231.69171416837,-12342.553341219638,-79480.30149866079,-50701.02633985469,165940.4128684072,-72307.46640747247,-35358.5331506864,364053.98749662086
1086,80.68552177835284,7.450617549336195,27.81247472946727,-19566.687025459512,40123.024284007784,-121623.10905255454,-41065.922892582406,-35081.13826120882,-6973.612375906217,-131136.30362746032,-35301.74956469986,65371.281398153835,-104271.62837991171,-18057.84999029692,168616.73742458
1087,78.51255227161712,7.173316814538954,29.27082409495413,11062.037362422372,194850.3030650404,-17147.790390867485,-17190.028895526815,1250.668761740235,-9142.12581283017,-19916.890522460955,12216.670472308386,196464.7700867478,-40196.54968174841,-31565.26040872869,370068.5920591252
1088,80.80940903710203,7.4664473947566865,29.270802254528437,-35702.9875961846,55150.237654573604,-113972.91928881228,-3184.752213393349,-70145.00081774201,-7429.437581694659,-139904.25381045853,-35080.03704087628,80458.62162091154,-52361.31151513258,-14447.011745857368,185955.26210517663
1089,78.71987496892525,6.572314577540331,25.187500479263324,-72156.37110224814,31131.387636645937,-58917.35233572579,-89245.58183328783,138858.38247148303,25626.34608451939,-203815.61953248613,-44285.99330184703,148159.2770330051,-106715.42757928079,-2119.139897337107,321120.0744936116
1090,80.71293919161806,6.738700938572168,25.187491726268263,-34259.12076052744,-39712.207431641495,-224912.63568651924,-65187.52000509185,88584.04658305876,20101.34038836395,-268695.98629958724,-68406.60612763572,38218.62854853481,-217691.20110232208,-4155.746235946838,155126.77332440644
1091,78.71988480344358,6.572328631385183,26.562497622362528,-63576.50688249906,127544.78028748494,-67714.25130194947,-79265.64592944292,109836.79580666906,1067.988181994169,-136763.10237404238,-63953.21192383334,196970.33640091203,-91652.86436039137,-30621.71025416065,344263.6450134616
1092,80.71294850019478,6.738711611363299,26.562483806786634,-18239.928929259993,34030.40530419069,-147135.6035370973,-55199.1273239954,29323.861505634086,5332.786925606672,-153366.13849355027,-49183.16787621326,71204.17920759691,-150476.84781597042,-8404.43526713947,164953.94806294912
1093,78.68096862442857,6.569091093707497,27.93749416380262,-24847.024737933956,218679.31346684782,-40982.68190645754,-60368.34126879943,79123.53098420275,-6309.272423058295,-66667.74364562139,-34235.12458867907,253752.47505675687,-68588.81134107675,-29748.73528333913,364179.1283026667
1094,80.75188646964557,6.741969677273231,27.937477628177646,-24134.89102575921,74300.88560944021,-110912.73940524482,-41425.97469299139,-20095.384680179686,-2505.962303386524,-113659.41332750194,-38114.728425819536,91027.39693175766,-92191.32139520015,-10399.517677100264,177124.12954066286
1095,78.55641324174408,6.55870043010011,29.312491204588362,9878.61330394163,294726.04171622917,326.12451166466053,-17304.864856010085,31559.354795028503,-2942.393905256625,-3120.364451991654,8918.955147865508,299132.1888359616,-32781.46079890675,-23635.10360433229,378827.4896944405
1096,80.87646411872453,6.752375709928843,29.31247263926266,-32859.18001303427,101042.16979923788,-92998.14977671916,-3274.8865609371846,-47084.786488944395,-3066.906404660759,-104014.77681113449,-32707.70860765493,111907.32542827385,-41055.05845411066,-5834.0841005786615,199361.93117573648
1097,78.77508877465132,5.911089247237971,25.47916709979503,-67925.19599590849,42611.811079968655,-57214.9967348788,-76927.9981057587,120165.51704098491,25742.01717344203,-177843.31098888346,-40583.917510787614,135898.8468488524,-97988.52157484251,-2034.1502885300092,296058.6563800683
1098,80.76865368906707,6.071246570622753,25.47915962960649,-30144.071758331003,-21861.71058505361,-202231.65045547448,-58268.57654111417,73865.65143407702,19310.394129639208,-235904.90605504913,-58732.280053064555,40399.75330925459,-199773.70753189246,-3241.055364203239,151551.59439078427
1099,78.7750971231758,5.911101233089095,26.770830820846577,-61086.191544532005,136802.65872235908,-67568.49668866071,-69748.97726023903,98030.17399533113,5525.853843049416,-125762.07224726751,-58026.34362897238,191936.38636540627,-89017.72405317234,-27600.156008820384,326684.49899515
1100,80.76866148129527,6.07125597702233,26.770819049463007,-17490.36699618103,45063.92103684063,-139217.29682247632,-49041.3297913386,25864.813666141403,7425.536909927058,-144490.030272667,-40846.7258477852,73693.01333863547,-145524.80156807785,-7797.676310028431,160432.7165714615
1101,78.73097717148383,5.907574576879965,28.06249434101275,-25012.336093849408,219371.10228709434,-38297.19774568578,-51179.050725517845,72732.79061170836,-1770.8069508260005,-61876.91971708875,-29709.533974116745,247648.02213876473,-67204.79059275248,-27925.078789180166,343372.61647536955
1102,80.81279947591325,6.074800451604396,28.062480179205636,-23773.73079135023,84096.15925321574,-104838.7390090701,-35561.25438209096,-17491.38844075141,-134.3457769697158,-106594.55611023528,-34077.69861919998,96155.94418223065,-88115.77638992642,-9130.699146637686,172380.05298212514
1103,78.60638852723656,5.897571940656507,29.354158340339815,3464.6470220044575,286974.33556957316,-4094.8704416592227,-12317.748973686508,27997.865610506757,-738.5264080158307,-6782.82265750582,2953.5094271252874,290173.4253802989,-33288.57030034978,-22814.7192399266,356655.6191977958
1104,80.93740626863652,6.084816395658179,29.354142468934757,-26565.68079532448,112108.40422921942,-82317.40974531695,-335.93176123312264,-39549.245674415804,-2322.551365908755,-90140.86424470769,-26479.362130977355,119845.540064263,-39718.48760316724,-4989.5356905943445,192675.65976689965
1105,78.81287847051306,5.421949858214196,25.770833487719457,-115909.8396989811,-153537.66646960168,-114477.41034212026,-112719.74220527911,126379.4631280744,38502.4838982209,-322848.0321234789,-77110.10306575407,16033.218678529922,-94772.09685065631,-521.8787508484478,283959.52235966385
1106,80.80782830666192,5.563409242644896,25.77082686989685,-70783.9294967472,-173290.5540268728,-246349.59446522212,-81638.28926102843,97803.61973221785,27036.846166923504,-333088.88968247146,-134905.5396491277,-22429.6486572429,-192619.09067194158,-2280.2972132392056,151755.80261595
1107,78.8128858501658,5.421960189583884,26.97916420147977,-98789.96796299522,-23301.99936783,-108545.0045543297,-100602.26239575433,97110.57458795553,14907.720563404986,-218684.9583200106,-88852.30226414895,76900.28869900467,-87622.01570362192,-24559.678642198312,318996.854449986
1108,80.80783508668665,5.563417569479528,26.97915384650325,-46584.00942128074,-69873.19545532303,-167212.36705034168,-70387.13437523897,37868.13279891243,12727.070676142715,-190784.93425694312,-107271.11532550851,14386.477655506189,-143173.8103691269,-7816.522954797318,155764.65205494134
1109,78.7635383503768,5.418485799509943,28.18749443666161,-53865.89262959082,89802.16924905876,-64066.06355591031,-69319.67254209703,60306.616511423585,3297.1112001563492,-105394.02303746804,-55928.96058478145,133193.19668580717,-65591.16398144717,-26942.587040487644,327335.647105983
1110,80.85719794866041,5.566907570276421,28.18748195413717,-44584.75450348854,-3600.804594057401,-121110.60597629983,-47758.051535031635,-21635.741663742254,1927.0700127884138,-125632.50172972179,-73971.36836840538,30307.705024281368,-85382.46587873255,-9219.212859120484,165734.55884843576
1111,78.63886160605699,5.4096507304677495,29.395825155567312,-23106.44060026519,181348.22998434908,-29478.048397790822,-21673.57614501122,5784.239634772123,541.1819019498859,-29917.044218284245,-25091.897757343908,183772.68296192124,-33713.01538792622,-23374.65135436501,337248.48036177066
1112,80.98188961061733,5.57575428108176,29.39581119177823,-39065.580159001714,40735.94540590533,-91892.7825598302,-4392.08076728168,-51304.58096829002,-2846.6483263151813,-109661.98379932114,-38933.21687731018,58372.78336370475,-39220.66064407705,-5434.980021072132,184613.90995237735
1113,78.83393689230905,5.095547006712439,26.06249996460912,-106216.80837479996,-99375.99719778958,-116206.90050508121,-108379.65892427663,122221.52987048366,41309.94308611627,-291623.93449899065,-69601.02006875239,39425.24849007218,-97152.26386881928,1548.4050323753384,291096.37362654106
1114,80.82977087959327,5.22453823021458,26.062493678977756,-72302.82197069378,-160820.12474277796,-253654.2313681213,-84266.0648162776,101190.19694295146,30690.580559816484,-338588.5623464524,-130545.20225251722,-17643.41348262347,-196677.3180194205,-2301.0280764865192,158258.98403207288
1115,78.83394360042828,5.095556120066858,27.18749719558152,-90724.97089051935,13175.844429238292,-102852.97235505047,-93160.62679813057,95537.22412155451,15275.868060419894,-197151.04530096368,-81218.46822319998,97967.41470783224,-85644.54005933151,-22319.094219752402,319012.8034415449
1116,80.82977699773164,5.224545648180262,27.1874876116322,-45403.76433235248,-57439.09830534086,-160304.80297034016,-69254.34497058643,39914.589715705384,13330.565542032487,-184857.37236882956,-98117.74217247983,19827.448933275915,-136605.64494873583,-6468.24904109992,158902.07825710264
1117,78.77937700998201,5.092036910071698,28.312494427744173,-46478.05784924436,120681.87915801923,-54363.23448991,-61604.44166397299,60762.07557771153,4189.023782812508,-90389.77300655088,-45987.19362012762,156217.5534455434,-62238.621734164524,-24743.241519485047,323470.8514485032
1118,80.88435710824618,5.228078657124845,28.312482961862926,-43902.15772435572,8300.431498736783,-116022.75073272659,-45406.1542858562,-19087.245689786647,2122.532974423225,-119247.9823115895,-68982.51404751441,36606.019400758385,-80095.47138642613,-7647.433990309128,168373.70771092223
1119,78.65464408528993,5.083980242859289,29.43749211885637,-20442.2827044574,206543.6402365686,-24731.62205790774,-17968.05129205573,10452.046670592707,1046.776330451473,-26021.74798668589,-21024.099064176877,208415.58252506616,-31546.89115197287,-21345.086116606366,335402.2236672165
1120,81.00910307102174,5.236145604751381,29.43747933913802,-35027.309000119254,54747.93618080807,-84207.39594418701,-3517.132127350455,-45022.05809215133,-2971.011668569996,-97755.40757820407,-34853.44241841692,68122.0812331228,-36445.48512051271,-3980.860281023593,186932.08138997393
1121,78.855073390533,4.769148928008215,26.35416632644053,-105082.04891234252,-81325.38570330889,-124562.22404118493,-112226.9114090059,124230.96720812625,44678.04954827813,-292869.64504568087,-69399.20201383512,51299.18840267966,-99031.763165073,3068.9967853113117,299210.66307822015
1122,80.85163552002194,4.8856620920223435,26.35416034426929,-68260.1137895284,-129508.67012783507,-251053.7739132919,-83146.03727178888,103654.58619600374,31863.535637637615,-329542.2930102659,-114837.80361227489,-4442.4612081144805,-197051.18594639882,-3012.2631247960107,161501.5140459244
1123,78.85507936623057,4.7691569971547825,27.395830175910245,-89008.22933393024,20522.821285686725,-101490.50621633625,-90098.64903815577,93119.24349670995,15803.046817830216,-190937.4975704851,-79086.34708152809,100047.93038743339,-83361.00612904747,-21957.756614746995,308935.84354245523
1124,80.85164093153683,4.885668685613126,27.395821345195788,-40450.529997434474,-31803.87786900159,-147134.69156357864,-63784.90531058551,38334.052833990056,12494.809211710473,-167543.95205539325,-81912.22443365048,30067.077059029038,-129522.40265801952,-6653.027262028211,155528.15861413605
1125,78.79529160214261,4.765690900981017,28.437494425840345,-43667.21145973746,131269.7455021421,-49237.7229800575,-57382.85453480288,59284.0212508775,5253.741008023752,-83631.5096315288,-40975.17489343242,162971.49558730828,-60203.69554362595,-24333.788280184006,311807.7371805529
1126,80.91144034565278,4.889146875836088,28.437483944821818,-40277.78510236212,30409.685818019512,-108312.25987741436,-40580.55199694976,-17299.362698923967,1726.2758865948058,-110614.61640651253,-58154.00051240059,50588.25775715617,-76595.61966113487,-7780.8127495156905,164200.99720374215
1127,78.6705122072577,4.758413450676492,29.47915907515984,-21772.569358536406,212144.52700143933,-24632.75786125251,-16338.24832934771,10954.75288037882,1479.0080390749029,-26508.89994853771,-21523.71900328383,213771.81873347203,-32275.31844968326,-21985.199328256036,321878.9775380434
1128,81.03623095171503,4.896433342611023,29.479147443551287,-29076.965369489284,76704.8306515726,-74745.89013835773,-1587.4930781179705,-37614.726173402,-3130.0477211715133,-83786.01422857406,-28870.42943961074,85538.41881191042,-36226.4144129205,-4764.156822107208,179929.72252777603
1129,78.88056590642834,4.279214195737669,26.645832518925737,-58199.731191411855,108296.38442757101,-74065.11740181298,-68263.88656579035,94063.49004189327,31955.775353112916,-151095.7069630948,-33257.131815552,160384.374612993,-98407.5992606293,1876.2446786485293,293329.7152226996
1130,80.8781619320803,4.377007004529827,26.645827232521007,-29690.874347308076,20405.682222312607,-186105.00246775133,-53545.60763585922,66631.26943092416,22865.06291034943,-213547.86124544183,-44887.873485712604,63045.54013840768,-187036.03132566606,-3895.7752912418296,157080.38644727462
1131,78.87536804345582,4.278982904895076,27.60416361729804,-52292.933757951694,162261.6862513678,-61400.12055846297,-52338.99733577391,73420.356465552,10310.939306325725,-99190.55830770145,-45599.8890021234,193359.07924477797,-80531.67436569845,-20851.989305049236,294089.69831722195
1132,80.88336913236114,4.377251274504495,27.60415595325558,-16265.31980450928,79743.45127439057,-110109.13177144245,-38423.881795101,20965.74132485199,8463.497982791208,-114140.35501530579,-27138.663897407012,94648.01861115155,-121075.41525359944,-5584.901532364423,155863.68395052885
1133,78.81034673908081,4.275813613694357,28.562494632743316,-21537.004869953525,231203.58830957417,-25791.052787584456,-31683.079126280914,54960.535982894,3777.9913609021273,-42692.85925950342,-19328.634021901857,245897.0239334413,-57158.2618894488,-22321.3017946795,303604.4057724071
1134,80.94839996882433,4.380430922294609,28.562485554352154,-21897.662697799904,113027.8353876686,-83931.20209640206,-23347.423342674665,-14280.529933065694,541.1042310519788,-84982.75771548341,-25766.975622597078,117948.70393154713,-71883.21687513487,-6280.504520093195,164532.11041766455
1135,78.69070450999521,4.2699438363000235,29.52082594967326,-8643.199224364507,282727.4818078312,-10394.172287165144,-4020.9397456210622,21396.34227586697,1685.4925663447912,-12877.560807101514,-7765.004509550801,284332.6756129541,-31085.35672871859,-20167.795183607363,314895.96090149943
1136,81.06805123873885,4.386308309700523,29.520815960072085,-14079.721970112616,139825.24535884202,-55261.655875057215,4306.859621184456,-22568.329540481864,-2838.279692241781,-57962.56495353743,-14090.75192345852,142537.18439066823,-34060.378401134054,-3359.5258278127426,179787.48835768917
1137,78.91093189783952,3.6163822198127873,26.93749915202158,-56748.554681202775,100722.62702714244,-74102.06069051678,-59255.03666365552,86220.96887245718,28960.071514952568,-140916.17473133953,-35242.49765386723,146030.68404062965,-95186.92014961256,-2538.8905800923176,269493.4686207111
1138,80.90883342668425,3.7079336549685786,26.937494835926987,-29262.649427048887,18580.323509553047,-168770.4973169423,-47171.27402261967,64748.304737820334,19144.304778629474,-195514.15998443135,-41457.68754785381,57519.02429784701,-169243.37984064088,-4816.90659073487,146846.02940247336
1139,78.89532721328885,3.615672980179272,27.812497025503205,-47064.45119295751,162775.5048190037,-55996.17827548276,-44398.761876893725,65380.123531676494,11276.972891468815,-88514.37444098531,-39401.257783039364,187630.5075745881,-76655.72558767803,-19830.9705354356,275412.8984143627
1140,80.9244452991376,3.708653904582121,27.812490795008735,-17996.041075314002,79707.22922721133,-105580.18614525194,-34561.140655157855,19978.65532859437,7836.123085890253,-109247.1468816998,-26734.124680360594,92112.27356870571,-113016.40143336552,-5770.682909061824,150350.6385023893
1141,78.82509228211183,3.612459074479033,28.687495035704686,-23710.293659188872,225283.565156293,-28688.434788079874,-25332.903145216267,46561.85647795372,4136.4772110188305,-41555.45439961663,-21373.127671961007,235813.41878060196,-54414.74034742031,-22020.00512098154,285942.8660936649
1142,80.99468749178949,3.71187640855625,28.687487657418014,-17869.650503642602,115289.00877001812,-74277.15414702971,-19279.982452182612,-10719.611994606988,67.22301170195863,-74900.2122830603,-20567.011781160836,118609.42818356698,-67136.1731708689,-5418.182247058121,159870.68373144357
1143,78.71583551477673,3.6074554113433406,29.562493246397164,-10993.93565244798,273690.0018059345,-13947.686507568622,-1088.62519595563,18000.747759365928,1899.7070896509636,-15862.444594927349,-10204.591371997574,274815.4156128427,-30588.81558681678,-19494.7883650678,299275.5799521839
1144,81.10395102247766,3.7168863591829426,29.562485243852482,-10231.480311226158,142952.95474064653,-48343.28829495654,4767.7241619506885,-17958.780386219525,-2730.1505357304804,-50144.91798534377,-10262.52106588017,144785.62518568776,-32460.784222846894,-2096.7219213298326,175703.59508036778
1145,78.94110951731838,2.9597977057118667,27.229165777507976,-54169.30212501844,101125.43921271844,-76837.06031070517,-52798.7375310921,78762.43747853037,25852.180113685663,-132253.78749675892,-37279.83976082887,139652.7040345826,-90265.359119426,-5662.095029446174,252157.77474849843
1146,80.93969354944949,3.0326131539157215,27.229162284626813,-26658.650433167353,27849.16518089779,-151459.78939567454,-40629.39718291503,59797.69837954271,15101.003330941345,-174405.80597556618,-36029.3544166004,60165.88574422253,-152633.76130957183,-5924.691008043193,136620.2852609352
1147,78.91508739728854,2.958903260458975,28.020830400455953,-42648.63733961445,161938.4432346112,-52944.59200583582,-37487.09701535445,58388.39229575249,10441.65765308965,-79386.35972772387,-36157.34290659707,181888.91652348178,-71782.86738148832,-20328.97772401642,255311.8615018409
1148,80.96572099719381,3.0335164964490833,28.020825441549782,-17343.693057566958,84037.11004253392,-96499.61892429102,-29376.227583054104,17269.132737422653,5773.158537948466,-99075.96549294253,-23884.555592326407,93154.31914594481,-102720.10912767079,-6058.801906032381,140974.57364269043
1149,78.83962186312023,2.956181829614294,28.81249539236305,-24357.400704648368,220894.72085932095,-30958.367046616964,-20000.782186594777,38359.53873212022,3639.7545022558215,-39735.135159663056,-22761.91256995174,228076.00083767032,-51167.03711535213,-21801.808365424313,266517.6513129245
1150,81.04119183274332,3.0362448819540293,28.812489570850225,-13460.236229139155,119891.780816609,-63920.0427783231,-15217.217904458883,-7084.285420180939,-825.5806836888927,-64232.826682509825,-15121.710982455172,121866.03947411178,-62310.57695625975,-4736.519129123253,151026.54883412505
1151,78.74073787922565,2.952532497743825,29.604160514837346,-12017.205100088511,266157.0665396923,-16267.893322966163,1660.4605789287064,15375.94768579335,1835.8957213907634,-17643.656637076867,-11487.152691492925,267002.7774452074,-30119.94030935942,-18632.755044629765,280695.2766425336
1152,81.14008069005506,3.0398993924158164,29.604154308783794,-6305.9347072537785,147179.6080269481,-41444.99165578965,4568.024076635343,-12993.717211655034,-2511.3540344017,-42469.298517766176,-6317.271364249935,148215.2515459207,-31703.50585041678,-907.5219238775381,166538.92515302124
1153,78.9631694581104,2.1425183584403844,27.520832207055598,-39369.013121622884,135765.73904673528,-59317.01116109164,-35096.85291819412,56139.879105916225,16674.64588046647,-88311.45554299415,-29941.920163217696,155333.09047023265,-79532.032391693,-9685.016090937319,225949.35715761408
1154,80.9626962968926,2.18410083799375,27.52082964799182,-14455.99165346272,61075.26342726943,-113402.77904162725,-28846.78251920008,41710.9128752998,8266.126369928998,-124813.82221328479,-20064.557122323084,78094.87206778732,-127892.51269740045,-5397.065434659275,124333.26774299782
1155,78.92672100909331,2.1417965211399674,28.22916412387263,-30095.662381493712,185292.76865176464,-40887.800288367966,-21888.33207284034,40864.91880541903,6254.262017586555,-52757.13739481556,-27255.70002867928,194322.1434053978,-62589.8761371805,-19846.31188593853,234495.7424474978
1156,80.99914822434756,2.1848293762045796,28.229160570581925,-8981.114531218926,102731.00416257977,-76387.49351561561,-20905.642147625487,8312.15364913076,2458.1549647348043,-76951.03431392794,-12528.9452649944,106842.37569466761,-87758.63314837076,-3370.252189572714,134287.18822375144
1157,78.84601241221603,2.1401370598952694,28.937495838840487,-18990.44533997259,227985.7056598659,-29368.049344283907,-8201.74362385937,26289.937127154415,1863.346067741412,-32564.53362724164,-18706.545814058292,230898.29041690956,-46203.274694182335,-19189.932901050328,249253.10073812323
1158,81.07986027519215,2.186494136326551,28.93749173160075,-4708.390257651226,130301.70012870317,-50143.053660379126,-10290.554230291009,-6173.571238258485,-2110.964386850916,-50488.02805318396,-5341.510203418724,131279.7944672755,-54990.21094666848,-831.618704553998,145772.38774653996
1159,78.75749403719135,2.138265354156502,29.6458276242209,-9602.773301572,259538.79900867783,-17806.678533253857,8327.591227674668,12275.234198502973,1624.1708604436237,-18530.501659925245,-9682.030624905548,260341.87945868273,-28608.206886854085,-14937.048742173967,263725.67443230655
1160,81.16838180089178,2.1883699338059412,29.64582335253944,628.3763303632732,150875.89028006408,-33764.89671403271,3732.6767157459494,-8379.708579370272,-2412.6219108556206,-34288.61149020375,674.8202498835016,151353.16113671486,-29511.316182462164,3538.9356636389157,159444.4061713587
1161,78.96977164093207,1.1488133878743463,27.812499026827403,-29763.58902072764,127379.55227287243,-50270.110364097665,-17067.189822102788,32524.312670190448,6259.616480288312,-59025.65357196927,-28280.910059065416,134652.41651908177,-59025.07455937093,-13332.603812274525,189368.8555907117
1162,80.98518216928674,1.178127723638572,27.812497378720266,-6075.451176118098,62138.51707377752,-83744.3006175647,-24068.846774514346,27871.72954198838,4857.59159247704,-89926.2762966258,-11578.382630758782,73823.42420747929,-95288.39845611886,-30.2061391994921,110478.82003540166
1163,78.92290278661784,1.1481339827607264,28.437497723468613,-20082.59723264329,180133.12644745933,-37704.56573260154,-3616.334707037172,20892.786495678785,-53.936480610328665,-39694.54512271529,-20142.601361756366,182183.10996668632,-48759.692272290034,-16116.88680668535,213660.82547166725
1164,81.03205297117371,1.1788116876936425,28.437495552331384,1203.6993908773547,100933.00444035378,-56716.47866507122,-20158.65273449951,3006.2882752141436,1561.5137115309958,-56842.004343380126,-2634.9466990507185,104897.17620859072,-68743.10657756666,3732.5661266717357,124768.83418053029
1165,78.84478720095869,1.1469994707382996,29.06249638783131,-11136.017395862138,219019.8581262543,-29985.66877807327,8217.303391227077,12645.545465754823,-1182.1467467824884,-30757.863560290392,-11291.60742169553,219947.6429343046,-39423.43968824568,-12329.871429685136,233456.7960514975
1166,81.11017050821106,1.1799498258310188,29.062494001163618,6226.909485551092,126562.37423162896,-37206.269560574925,-12576.557165872406,-6405.368882438049,-1895.8686469610846,-37589.133970956434,5078.563654289402,128093.58447327212,-45567.6413552997,7234.262334496819,138352.66537307797
1167,78.76667130097906,1.145864478233662,29.68749508144504,-4040.0961608777143,241834.5787560311,-21586.91316344976,19863.30605678517,7424.014448491169,1009.645997067441,-21808.43044960559,-5623.933260171027,243639.93314148014,-27669.10299846204,-8203.976588186044,245854.40019438282
1168,81.18828795559347,1.1810876789932827,29.68749272988306,9681.495315335731,143442.48080911086,-27690.368482439146,-1661.1239383965622,-5699.704860368275,-2187.0375237496646,-28013.28058730504,9795.969491963971,143650.91873734843,-27339.068729425686,11308.573970904834,148964.22481184048
1169,78.968642201811,0.15841389956317725,28.104165837934087,-3437.2839989882195,146357.4888424989,-34365.81414572043,13065.09989886842,710.6801279925371,-6929.27048761183,-35913.41476731072,-3020.7491418503473,147488.55460695134,-35077.18008216961,237.41373957768008,176596.11635975144
1170,81.01539986867573,0.1688494276510871,28.104164996060604,5036.960638958373,67338.39206468785,-48910.842694294915,-29413.4279832227,7394.014039082883,6749.243204152043,-50890.77602109079,-4826.059996330087,79181.3460267722,-65168.241972086515,3164.5460332674606,101191.53416180889
1171,78.91135404639786,0.15816780237011924,28.645831328386517,6446.64502143929,186749.78238461632,-23096.302147928858,28027.01304220397,-2980.825007059199,-10587.583604428703,-26669.729959078915,5667.592182063299,191102.26303514233,-32470.544520947482,3256.125565461006,206432.33065535864
1172,81.07268883097159,0.16909816731841323,28.645830335822033,13249.452228864644,99687.70905094293,-27375.127655843735,-29392.782675848382,-8739.380066263022,5838.669823970485,-28392.47923203183,4477.53470173371,109476.97815426193,-49168.116747365006,7216.85211357162,117378.71702577465
1173,78.8436503579242,0.15776992485160557,29.187497037277,14170.730714724239,215760.266266618,-15179.59438097039,37719.423918558394,-5073.230247854067,-9176.142281119883,-17970.537455561967,9950.398015644383,222771.54204028944,-26938.308539219437,5878.82897566351,226313.87628890367
1174,81.14039337488056,0.1694982136319844,29.187496070573776,16702.959181423677,122220.23900226103,-16695.46431314316,-26037.246351918544,-14822.238500659487,4744.375462683025,-18390.027057753447,10681.135843992892,129936.62508430216,-35367.64531624599,10743.911517234712,131778.39177841204
1175,78.77594649514752,0.15737181875163106,29.729162753062,17104.92026490342,232039.755697936,-13002.240993061474,43268.63249157484,-3994.5101699911056,-3925.0063905112397,-13518.36003217219,9151.628613345512,240509.16638860473,-21051.83767110907,6341.561298751092,237326.12851079047
1176,81.20809781461543,0.1698981031050093,29.729161933234025,17255.681228096422,140146.64629028723,-15616.45849284446,-17983.873018388003,-12380.788490775096,2891.360345925928,-16661.949865206167,14716.678447285956,143731.14044345927,-23544.204444020663,14541.150400890569,144280.21872079352
1177,78.93848414491198,-0.8217071616202447,28.395832364277734,5998.654935805102,93418.36569204548,-31685.81686150319,29133.976204971394,-8721.48154302663,-9370.649561045644,-33918.97498488304,-1498.0096424804394,103148.1883937109,-35883.71839366834,2698.2714298749247,115170.51138679353
1178,81.0371518287077,-0.8505487271644181,28.395832158757944,3780.198531227652,50655.80889005997,-31885.784567506562,-34643.76180309123,252.40996291678684,9055.665112973771,-35235.264663546695,-11421.131021636505,69206.61853896423,-47566.47840960491,-5043.778572167607,78609.54542319453
1179,78.8811997399608,-0.8209774606686889,28.85416519443964,13213.688685770256,111087.76217229423,-20053.040294597704,37845.43639719123,-7310.746247830117,-11856.781807930372,-24056.305295404458,3489.042403573429,124815.6734552978,-33317.98937196304,4870.842440124035,132125.2817152599
1180,81.09443654656319,-0.8512770912240992,28.854165005201526,9438.273378503784,69643.72181968973,-18483.663121096655,-37109.595330355696,-6482.65909287562,10676.989566654409,-22717.237929186133,-5035.093871372162,88350.66387765521,-40594.62713810432,-2305.7591350719217,90073.90012489143
1181,78.82391536936802,-0.8202478922193075,29.312497794576544,18064.92932012979,127396.66159310119,-12783.684455862225,43117.80876568742,-7845.4318826614235,-12782.794238579107,-17920.400602024165,7377.139543757033,143221.1675156359,-29633.631426306867,6020.715417846005,144748.6765493821
1182,81.15172108939132,-0.8520055279199001,29.312497671817184,11559.453575310836,84748.64683075585,-12025.123196626817,-37705.61613758185,-8940.847077509843,12007.225995892644,-17733.592790093193,-148.52552340525514,102165.09552293835,-34693.83207422443,68.64434606244235,99859.90512372689
1183,78.76663093680007,-0.8195183851097823,29.770830410048305,17773.92908671457,140044.67172114845,-12855.352112466324,45609.42966032045,-6906.493738031127,-8851.594406564203,-15503.321333944008,4764.382159957689,155702.18786938305,-25312.38311629166,2830.0638139108232,154243.5213722535
1184,81.20900550799507,-0.8527341193690146,29.770830394530524,10476.482162453605,99762.50767017514,-12002.657805639385,-36336.0209147641,-7457.708324549583,8790.14289654052,-15367.462851941818,128.75886122926872,113475.03601770193,-26811.906906808556,-959.5248476162811,110180.87042336458
1185,78.87921639842212,-1.8108834353120986,28.687499162733992,-1322.2453600354565,33443.6254868744,-33427.052608251295,24776.704322219193,-2156.389898922343,-6380.622276828565,-34776.37372582736,-13152.331157843728,46623.03240225875,-38385.52351009592,-7191.226610526752,54910.099578228255
1186,81.0505191904991,-1.8607316563899676,28.687499168772096,-977.6483586492632,33144.26925331721,-30731.70659184135,-26848.841080435934,-1029.7151787234943,7767.510842270307,-33268.60349953148,-13466.082755493006,48169.60055785109,-38929.956411774525,-8063.678477012672,53540.3709977298
1187,78.83235377939057,-1.8098072630054112,29.06249874557809,2559.6783578784543,41054.82412530684,-24040.045548221184,27886.485908567818,-1979.813175705328,-8226.053597855747,-27109.425734302524,-9398.311731753562,56082.19440102024,-35424.690245650854,-5511.401039106391,61456.927839138036
1188,81.09738195019415,-1.8618072123552527,29.062498765075468,2824.7506806251895,43339.21725365726,-21439.51555757625,-29177.323776114215,-2923.26266763595,9533.673284055798,-25789.52646479894,-8702.503498952503,59216.48234045763,-35936.34913755685,-6046.490212485262,59800.99626756483
1189,78.7854912005722,-1.8087311101790058,29.437498370208996,4430.649635445012,48681.60673504587,-18463.212012105665,30104.88730034791,-2337.1310347811227,-9860.949825410251,-23627.279785246803,-6161.383711407729,64437.70785503976,-32891.37345139498,-4660.355120549304,66976.87761028222
1190,81.14424454508489,-1.8628826848147464,29.437498405095653,4409.748047209252,51777.82164870341,-15788.253251037579,-30846.121501734055,-3318.801006220803,10770.341595934045,-22295.982863777044,-5012.9906281593685,67708.28993681147,-33223.70708883207,-4861.901166837017,65046.15622856164
1191,78.73862857553722,-1.8076551267170555,29.812498029832515,3035.7384307710036,55089.82066619121,-16558.27510296579,32207.19562788324,-2279.940384554586,-7598.755232769685,-20902.461256082795,-8329.11617656218,70798.86142664138,-28315.535689259734,-8610.140604221584,71966.11648758121
1192,81.19110705113418,-1.8639583370689454,29.812498085173264,2885.2220280421207,58515.91977284294,-13741.422966975326,-32732.71822341253,-3175.021885652317,8045.569446389157,-19253.994837599945,-7189.857731822572,74103.57140333229,-28201.879908157174,-9119.334944046099,69722.92766341113
1193,78.82016303688852,-2.799038055286517,28.979165982360193,-3471.651283001779,17170.375051333336,-31009.20934093331,15925.654987848757,-1681.9318644240261,-5325.954446624459,-32043.06027299204,-11379.451637456226,26112.02633784651,-34543.92453678382,-6938.705506951604,34178.65262922367
1194,81.06367197879315,-2.871934932979414,28.97916598884214,-2237.020059994139,22723.620710635478,-28319.354005640263,-16011.448182934551,-4304.6499940433305,5851.552845665625,-29589.202423263316,-9486.387916818523,31242.836985082904,-34307.52115093046,-7692.415712382535,32405.7340356805
1195,78.78372367364311,-2.7979082620611875,29.270832204331576,-1082.2103022957754,22487.376623155767,-23308.60782699415,17222.503413122533,-2521.2891218593804,-6207.840793327342,-25025.708089747128,-8927.356573484212,32049.623157097172,-31016.603359136865,-6334.172591169463,36935.30443449308
1196,81.10011122043255,-2.8730643906635134,29.27083221033772,232.09176838528583,28550.59382682541,-20512.944555851038,-17306.907278257022,-4933.197755523637,6594.398880809466,-22431.949131587964,-6967.14194014268,37668.83211109032,-30667.496444925335,-6983.166290994733,35543.81821890689
1197,78.7472844606075,-2.796778495805705,29.562498709704236,-363.34818902112966,26305.24962758412,-18832.152091712873,18522.111893090747,-2364.151811458477,-6512.847211623685,-21238.82280440471,-7916.320636236958,36264.89278749177,-27742.84168552557,-6748.040153212522,39292.211367096956
1198,81.1365504365763,-2.874193749507183,29.562498714091944,944.3919759458313,32711.150580443264,-16335.038712542026,-18560.08445655087,-4549.232775097942,6757.46393178688,-18750.89781424763,-6018.890270597338,42090.29192869204,-27499.037963213865,-7377.323569089209,38061.51185066291
1199,78.71084529496281,-2.795648887316013,29.85416524653711,-1719.4118948376454,28263.72196850129,-16865.754232785723,20307.71044811702,-1846.676871951188,-4639.054476702521,-18729.932790377006,-10357.76718824798,38766.25581950293,-23267.629590112534,-10010.603782870347,41137.130484846
1200,81.17298973114994,-2.875323266522559,29.854165248983524,-607.7585333188363,34659.9018144361,-15096.798698557906,-20198.02488802081,-3660.1630434702583,4827.184974843841,-16755.953556886478,-8606.574414800494,44317.87255424635,-23534.157541439603,-10774.74867065389,39591.52578074242
1201,78.74295239727934,-3.7750485540435155,29.270832567754955,-3408.608103862246,9196.463029837443,-27149.314801738074,8827.572272728548,-3064.753189172805,-3361.163502040964,-27714.99617096794,-7827.922671344428,14181.458966549486,-32027.82139081289,-5929.62743602634,19538.15912035821
1202,81.05751875660273,-3.893718684748721,29.27083256969859,-2433.994230901687,14007.71783428247,-23059.542224114954,-8527.739502338054,-6100.014606374927,3698.1820457526064,-24305.01584929452,-6004.131879055783,18823.32910761614,-30901.99861741394,-6292.013093340287,18172.28684574081
1203,78.71694328854645,-3.7737675878565047,29.479165889823317,-1767.9527505206433,12423.367288292286,-20614.347365888218,9652.093237655885,-3381.6113142446666,-3801.8075261480567,-21428.370691648837,-6422.004206229779,17891.442069762044,-28823.588373549246,-6023.178335780047,20509.82075807531
1204,81.083527745746,-3.8949993429665484,29.4791658921987,-921.6047866383597,17545.764065610467,-16812.329659227576,-9308.33035314864,-6135.320684733323,4060.3572653209226,-18270.571936580032,-4662.8962126531615,22745.297768977725,-27436.714621247018,-6246.962941705758,19732.63706773994
1205,78.69093431688424,-3.772486759815086,29.687498981891608,-1436.2792042900337,14275.375484017823,-17574.52924505979,10562.52050946972,-2822.536332050014,-3789.1760971261497,-18427.87304996947,-6366.807074391438,20059.247159028906,-25575.176312668507,-6661.6495238015395,21442.30053167934
1206,81.10953672284023,-3.8962798884668883,29.68749898447829,-822.8297815661454,19580.624670444104,-14575.958674735084,-10121.919972331429,-5070.99197796407,3971.8866630043785,-15827.491391592052,-4721.649682104054,24730.97728783897,-24460.556268130218,-6803.665612353193,21012.790729928744
1207,78.6649253651379,-3.7712059443552715,29.89583209264448,-2433.0341019775515,14796.556028016308,-17358.917250261744,11781.197219484078,-1647.3510310224735,-2659.532076564607,-17824.842668390418,-8134.061947718452,20963.50929188587,-21958.924543199366,-8296.102400128779,22318.53429748356
1208,81.13554580535023,-3.8975606944687797,29.89583209526598,-2146.312406984175,20303.065422639986,-15535.300285172114,-11147.377657700428,-3113.5184055181076,2828.9481890739894,-16134.216399675879,-6526.3806479697005,25282.049778129272,-21579.901892027403,-8416.41981485697,21944.06502174449
1209,78.64669339612072,-4.760281576833605,29.56249943161922,-2487.574695165,4755.990005303254,-18058.86575619637,4532.651569326444,-4457.420566286159,-1247.9191405965635,-18908.451879924025,-4624.899480311736,7742.90091417764,-28016.594221701325,-5634.946953204722,9440.952356493446
1210,81.03295138041634,-4.904715575866565,29.56249943236518,-1505.139621728134,8828.8643219037,-13345.609783885406,-4177.064424376969,-7866.9839493143945,1473.558102772298,-15854.43381436399,-2882.26288365907,12714.81161431323,-27912.961095757033,-5442.879580879373,9772.418059474718
1211,78.63109690704793,-4.759337530289563,29.687499338797004,-1259.4901055947598,7068.6843686948905,-13351.294024413639,5103.294823126402,-4361.164392316101,-1640.8746909580589,-14272.827767084793,-3668.7098261242872,10399.437831895566,-25430.884496407274,-5610.667912477992,10173.155242601202
1212,81.04854774953317,-4.905659528222201,29.687499339445516,-447.66156217004163,11363.59707287641,-9154.117308581173,-4634.614849374675,-7301.213323928025,1732.9827479201588,-11492.723180576912,-1997.88679376825,15252.428176470356,-25339.973786077215,-5433.829846927979,10535.065450569693
1213,78.61550054692333,-4.758393487957832,29.812499253942462,-1267.8406948569805,8064.061878043229,-12987.365183672435,5748.939063960758,-3302.3311058549,-1685.854589725526,-13552.496385661005,-4004.9873846470655,11366.33976982188,-23024.69836802476,-5778.420051657074,10940.573876081044
1214,81.06414411446931,-4.9066034843996205,29.812499254465468,-765.2886164160136,12460.74856029085,-9839.389399933243,-5156.4526976625975,-5550.043716255502,1761.047431933399,-11175.222508769792,-2535.9600477720373,15567.253100483413,-22937.375141897683,-5609.25987764364,11325.339002825967
1215,78.59990419207341,-4.757449324046904,29.93749917648972,-2326.547555200106,7988.206755372861,-16156.59354033448,6526.263623022854,-1510.9497880248805,-1139.0526142255494,-16294.595111043436,-5474.92266027557,11274.58343115728,-20750.991850999046,-6173.042131510914,11708.821649365225
1216,81.0797405990464,-4.907547443568589,29.937499176855386,-2259.686960948894,12392.031899012472,-14507.7888670533,-5788.7708418055545,-2833.3739055818755,1330.7042777342156,-14849.22358199452,-4260.804770235572,14734.584423240372,-20695.71737147405,-6021.3014448367185,12091.326491973914
1217,78.54988827447107,-5.756193693454822,29.854166312562548,3516.628604653413,8405.651074809437,10087.23710939394,2247.1134668331492,-13593.663168411527,41.855172606363475,-4713.813354007483,3739.7194733210813,22983.610669543195,-23848.32189935785,-4881.221726068667,4884.608494780943
1218,81.00892961760137,-5.905033065270528,29.854166312504173,4385.357511480428,11012.731172305588,14450.77374026833,-1844.170538108044,-18318.43129100308,-1179.0716501173652,-6110.756688741436,4823.818161265414,31135.80095153037,-23861.193170803264,-4842.7829923134905,5003.401087379906
1219,78.54468940174324,-5.755879054968231,29.89583278595214,4305.878700319056,10034.327244602218,12497.802107156764,2446.474411056342,-11893.34185625341,-389.42045604265564,-1147.642856787967,4567.198384826929,23418.452524039065,-22598.07695417587,-4711.420931221159,5169.033521524945
1220,81.01412836698921,-5.905347676616245,29.895832785848445,4944.585929191886,12517.50861293018,16013.093636325306,-1963.8453542585469,-15510.2351388259,-624.2172458987542,-1864.070104819776,5436.942724811019,29902.315558456117,-22612.919431513026,-4677.549154095447,5289.4756873853985
1221,78.53949065448683,-5.755564416935063,29.937499510414625,2800.268066633561,9325.888258405723,5830.294418575428,2670.1826505989106,-8404.301964381319,-510.6206712249686,-1431.3069911877715,2806.9124779914573,16580.84525681103,-21387.75241647796,-4548.319335465551,5471.176019897884
1222,81.01932711586315,-5.905662413351842,29.937499510263116,3137.3784030133615,11624.407881922321,8219.318630797725,-2109.0101733506976,-10768.15332289886,-145.43137038098257,-1466.8972100075696,3495.67334304878,20952.328782692202,-21408.278570729184,-4519.4595297827445,5593.882230624913
1223,78.53429190763633,-5.75524965431625,29.979166235908295,-810.7248092043819,6471.235025438029,-9165.17309212895,2912.641091049033,-3290.989482055729,-187.37750157756116,-9847.645593168032,-1734.633238419865,8077.615955692597,-20239.933330153333,-4397.286164032351,5781.411342788428
1224,81.02452598928744,-5.90597702542557,29.97916623571243,-828.535710825688,8542.00775555599,-8113.961256888691,-2274.288299767201,-4225.19913292813,118.76084123312218,-9145.72298578926,-1270.1894907502474,10015.423264381112,-20244.251128829535,-4366.5173658204,5914.944010714048
