element_id,centroid_x_m,centroid_y_m,centroid_z_m,sigma_xx_pa,sigma_yy_pa,sigma_zz_pa,tau_xy_pa,tau_yz_pa,tau_xz_pa,principal_min_pa,principal_mid_pa,principal_max_pa,affine_principal_min_pa,affine_principal_mid_pa,affine_principal_max_pa
1,0.3179061352531706,78.76415930170819,29.854166360348756,-8325.957781811225,-93823.46802793248,-78819.24700589548,159957.49980536447,-230221.4983199972,1137038.532597787,-1247538.7618334442,-29225.278971179214,1095795.3679889846,-29949.266055801283,-9824.116124085776,104971.80358125572
2,0.34869951474810185,81.22750747590315,29.8541663608864,6413.093478397279,-54307.243664917696,-30491.663969268753,-162649.48310716514,-136816.98783441546,-1131636.051070119,-1183483.821302848,-14995.345910118922,1120093.3530571775,-29579.921347813182,-9107.000741970955,109088.6479949968
3,0.31784102524582314,78.75895141254999,29.895832812960503,-9782.75228864119,-94546.72190325148,-88188.88652340785,161286.31445382128,-162053.4341937956,820354.3177943685,-932623.0374634983,-32228.945845810464,772333.6225940081,-27830.003750706528,-13018.437370307358,105653.9893403793
4,0.3487646556940285,81.23271536535574,29.89583281246954,9763.42046251358,-50139.49838490313,-20817.152526499223,-163944.17349550704,-93763.23315769005,-815482.5087622622,-861925.2606603259,-12492.02131485028,813224.0515262873,-27369.808681417362,-12141.23848132931,109845.70494413754
5,0.31777591402492106,78.7537434056675,29.93749951545455,-8334.017141579254,-92934.34338939533,-84947.49931831226,162730.463589879,-97497.2671576727,497426.2354208178,-610003.5234953281,-33930.89861922478,457718.56226526614,-25288.589564123755,-15344.427531148825,106231.8525248109
6,0.3488297951325421,81.23792324765179,29.937499514041676,9871.121369976696,-49759.557072906806,-23095.941831175456,-165362.3162901072,-54002.3376488223,-493228.38060904096,-548177.3523657534,-14281.617084841957,499474.5919164897,-24972.263878301124,-14411.820596764506,110480.0879011116
7,0.3177108014910799,78.74853540555489,29.979166218478262,-3940.3178150275126,-88881.82890205065,-68853.39089534784,164304.53506372517,-34505.97768460179,168388.20911355456,-300328.6296235835,-44535.503711243524,183188.59572240096,-22706.208779167137,-16935.62318335075,106795.94010015677
8,0.348894808026462,81.24313124828437,29.97916621608861,6562.67710513623,-53270.220148771055,-37954.878200630956,-166913.87543190565,-15753.237889581485,-164885.571424045,-264657.6854784688,-29730.885303757314,209726.14953796027,-22625.513113577872,-15970.712691929843,111030.51528986072
9,0.9849609306519146,78.79228167790312,29.56249949957946,-9667.530333379444,-106955.42249927731,-104858.47364014594,219476.14098922856,-96938.21082038108,529248.8510693109,-674824.0605513079,-37642.149776992854,490984.783855498,-42971.524269401205,-10859.547597208093,140127.46125400587
10,1.0148427630176782,81.18271884463323,29.562499511797377,17128.725277135774,-30074.727312933544,-20603.22247550556,-225599.00152397953,-14270.216510324633,-508024.7390453722,-564396.6303684739,-17908.8779767733,548756.283833944,-40073.97060809319,-9595.587155925588,147826.7045466422
11,0.9847656741722219,78.77665786551916,29.68749932054776,-8684.583575680692,-103218.31756523359,-113326.93577329341,226676.16545595025,-69959.96628007146,391603.4318893401,-550888.2526884974,-44929.45749484477,370587.8732691344,-35721.287672480525,-13218.133194601716,145367.2514081638
12,1.0150382605719628,81.198342646102,29.68749933006841,24647.053803454237,-18609.82515816738,-4466.802950744684,-232721.86600376363,-902.2755938540342,-374214.8664921599,-433345.18360545766,-13847.197527101574,448762.8068271015,-33649.101828811996,-12188.699878925947,152977.16953792184
13,0.9845704014924457,78.7610339685176,29.81249914807714,-4910.470254952983,-99593.77003381745,-105700.44317617426,233550.74769064132,-48180.89255200246,243302.24778377233,-422980.2150447259,-54381.179528700544,267156.71110848174,-30490.29188758221,-16231.899163504158,149332.7483038581
14,1.015233738303307,81.21396628698105,29.812499154150697,25857.327409496167,-16466.51669935214,-8167.184236682524,-239632.23653549305,7657.458536284355,-230142.7117803627,-322125.2908259963,-19792.222575699034,343141.1398751569,-28706.818106034887,-15052.386648017708,156871.66494972672
15,0.9843751106301176,78.74541023278279,29.937498980187673,1873.3635633116173,-95523.7079761196,-81433.93463185517,240688.88714606006,-27667.521726771523,85596.01009210142,-317129.1606983311,-65262.39584720171,207307.27750086965,-26128.31587071355,-20050.063391869975,152566.20962524042
16,1.0154290697892079,81.22959014651076,29.937498983356416,21075.14523412471,-22938.050051357302,-30846.542401338036,-246886.60146961416,14323.691781775411,-76981.81503624743,-256690.19229866483,-38204.51271703112,262185.25779712526,-24458.40808873367,-18499.033622639727,160051.22021534847
17,1.6484526338248753,78.82045965202813,29.27083246863464,-6606.510515461974,-142778.36019655838,-135900.2876402358,287635.74434859736,-94055.86899520541,416729.9763691207,-635835.4215614002,-52384.888732981126,402935.15194212506,-51342.84217935076,-8259.687393308612,196488.168966808
18,1.6845508723102793,81.137874352988,29.270832511435756,34330.18742518736,-5122.98369142825,-12638.007947912476,-300297.4044889889,22468.401870408692,-399989.70376522426,-477421.7721829168,-29382.595728046843,523373.5636968103,-50657.05643670932,-9527.373781084369,197155.40188028108
19,1.6480296071497285,78.79442137905252,29.47916559378524,-6321.332049796834,-131167.9498677663,-145538.0268656859,302624.2823681685,-71294.60922083924,319163.68781411514,-559593.5040763702,-66773.79931772275,343339.99461084366,-41986.464784055715,-10448.70453287104,204263.49119758606
20,1.6849742558260976,81.1639126086201,29.47916563279026,44325.755988667486,17452.93875000789,11668.779436664594,-312910.935269166,32288.94284776374,-295366.90788245277,-384655.41687580664,-17840.73542442512,475943.62647557165,-39942.07560192102,-10917.035948399182,206017.24931579904
21,1.6476066181490312,78.76838321901135,29.687498488102786,-1246.6802445971807,-126178.80508109547,-133632.83586073207,315364.99480456236,-58688.33955324142,204278.63945264183,-479203.43278510997,-77487.26356392918,295632.3751626143,-35808.85088643141,-11765.105010133524,211725.03121708025
22,1.6853976390571082,81.18995062866873,29.68749852703056,45740.58201133463,20950.97018610451,7034.646432073755,-325241.59858640266,37027.097913122016,-180554.08859085906,-324888.12524398754,-21019.199851106147,419633.5237246067,-33866.51159344585,-11918.831921123181,213690.11600773293
23,1.647183623693933,78.74234527451006,29.895831396179716,7518.473875525295,-125896.3384506143,-101508.66851724,328546.88929297676,-46235.440973955934,76687.13022350731,-417069.91528232885,-81333.08310995591,278516.4652999557,-29667.437040357996,-15883.55937351322,219535.61655231426
24,1.685821120323672,81.21598868971392,29.895831437565302,38887.613475517464,8600.350747342418,-24370.06832329346,-339023.83305919153,38971.44672838239,-58030.52100964081,-316118.7633321736,-35753.56908580496,374990.2283175449,-29029.836012615182,-15955.301192785784,220530.59910054813
25,2.138444724618379,78.8477673762873,28.979165753869204,-83420.00995200832,-368166.6775072932,-231714.20895046013,678503.0131400314,-175257.3463063213,683077.7947818234,-1264083.6251833355,-124933.13202299338,705715.8607965676,-46709.196231214424,-5936.847114636941,233920.76330603083
26,2.1943291294495015,81.09181804298751,28.979165800457068,22178.036087767185,20101.370854907014,11528.62889990592,-682014.8357721467,58073.27398111551,-665241.3489534307,-905006.8154294931,-42346.41078428128,1001161.2620563544,-54666.15899531546,-9769.482697975523,224259.37576215522
27,2.137500933779914,78.81132163366327,29.270831665181923,-82678.36836484863,-321949.4354529636,-268296.3776410053,735119.5845359352,-148401.61907095058,542370.4979450896,-1195262.5317840306,-145388.38788780465,667726.7382130176,-40066.74711928832,-6464.351092179422,258354.32416139968
28,2.19527334305379,81.12826381402988,29.27083170117312,47195.68671979629,90275.81284736819,68375.07551580374,-719982.2075031182,91452.94412680862,-494242.9753922802,-767821.4147190202,-9913.51730648261,983581.5071084711,-43968.803396294315,-11389.247964946975,242401.79505998257
29,2.136557477671231,78.77487620145197,29.56249782512833,-74611.54705715834,-307645.858885256,-249697.07160549183,772423.7532692043,-143696.8345112303,352322.1992132514,-1108669.911386008,-150628.17229318802,627343.6061312897,-34289.35781441701,-4571.984799156158,272197.94305210566
30,2.1962176492978602,81.16470923707207,29.56249787706468,50325.66340098613,102536.64907412241,64031.033014860164,-751027.1591890157,110341.50290975368,-300665.61150695407,-702417.6665285383,-6404.128276917976,925715.1402954252,-37196.61246588625,-8759.04880148475,255522.26808347256
31,2.135614116078116,78.73843091307454,29.854163996533053,-61480.00339085205,-318980.0384332322,-189478.4695541034,805458.7360202203,-136262.55485560454,137204.40621404946,-1049122.5480723437,-146591.85723458487,625775.8939287406,-27169.77865650601,-6865.934159962465,289501.9506312181
32,2.1971619890911267,81.20115450435244,29.854164075059145,33704.01685763542,70381.99189318057,-1817.8557212882988,-783691.5103911941,119710.72683776097,-91858.09751066241,-732312.608260089,-27361.457131452127,861942.2184210686,-30291.097149434445,-10814.923082127107,270384.3265567718
33,2.4656276948583766,78.87397075519075,28.687498944187173,-72094.47368410236,-369800.83645652834,-212453.55433896175,608998.075868116,-142738.72071873743,472260.83994610823,-1054993.4856750693,-133132.3887003183,533777.0098957948,-37469.011888904744,-7744.958285213735,252645.90085280818
34,2.5334865754314944,81.04478397740137,28.687498932248836,24226.168521432795,49693.44117567992,-11807.856467328966,-718695.221151877,63976.390456939414,-543600.0019493204,-845243.2595510393,-50974.1390588246,958329.1518396478,-47435.55660484866,-3336.3168786196534,244108.0492819528
35,2.4641632484046356,78.82711839831768,29.06249811745797,-70291.95247299357,-321808.72447681916,-254219.12860444037,709900.1358131324,-134105.93171559062,410279.14723790763,-1085091.7933638962,-154771.53657233244,593543.5243819755,-35445.741306775475,-2391.7816720138035,299513.0827226524
36,2.534951654941995,81.09163647001344,29.062498095830442,55654.70967218009,138230.43462889869,52379.8169006526,-793907.7713630605,103329.47435628541,-420826.8547360969,-771660.6948853235,-14260.70880801327,1032186.364895068,-36838.7578708022,-4521.15800254901,282072.0232360489
37,2.4626993261398322,78.78026621472226,29.437497232410976,-61098.16019469891,-301891.3976708419,-237774.71868773422,757580.6731461564,-136665.008272719,275580.5662334534,-1048389.2574220127,-156453.87658994927,604078.857458687,-30902.515763868516,3455.6188400483366,322468.08832996804
38,2.5364168993019467,81.13848868404338,29.43749727075707,61272.39772832655,155806.96207622075,54693.00456205108,-837603.8228001478,126578.97842555036,-255255.10185513255,-743251.7508535621,-6772.122615311545,1021796.237835472,-30515.85511001286,-235.08175201201115,299929.75403548207
39,2.46123553781286,78.73341417453918,29.81249632421288,-50533.287364163196,-314635.60281174537,-192932.46790655603,785751.0207149533,-129501.43788917497,117464.06388684172,-1016431.191693185,-155901.84219555874,614231.6758062792,-27366.26926266598,5383.323941333869,345859.68393638136
40,2.5378822967613224,81.18534069553021,29.812496452510423,45883.69647079918,122627.19452209398,-6802.388955561444,-872014.259466008,134493.90225324954,-68403.04093930929,-791060.369689256,-25552.38979577764,978321.2615223653,-25005.980333357315,1975.425919257196,318696.5172372846
41,2.7967172346364007,78.90010685526354,28.395832136554525,-57726.78736122691,-347299.3445234198,-217088.71304471916,440938.99097524007,-119327.83233811217,279281.8178320908,-790015.1849565443,-146469.86999276435,314370.21001994255,-20723.695565967526,13022.206087428913,319952.19459531305
42,2.868738452855031,80.99781777049787,28.395831956568458,26964.091039606523,58529.33636017919,-39833.638816913546,-612861.2870096246,54494.73078227845,-368852.92745581624,-662311.9156700211,-61774.08662041628,769745.7908733095,-38380.895578092866,10572.306608798706,287758.93304927676
43,2.7947322352770176,78.84284974872818,28.854164484755906,-56682.82818355572,-319309.7013504761,-251656.43165800534,610757.6984640869,-124241.25320178403,293686.9656626747,-931856.367986283,-166723.05388049706,470930.4606747429,-23004.20838216802,22186.369703721597,382307.49624504545
44,2.870724401783469,81.05507504653228,28.854164298126776,56844.458982591466,145131.72875148698,13014.532704395613,-734800.782983475,88755.37735007677,-311550.8880036946,-678166.2840446418,-30620.088557144285,923777.0930402599,-28070.490806704507,10236.199124997325,331487.91352375236
45,2.79274777052267,78.78559260696863,29.312496452761998,-45558.06494574943,-298035.3554190319,-227897.89228548732,681460.1144611301,-117871.61077695659,210916.89896241747,-937077.7713885237,-166084.73326648594,531671.192004741,-18360.902057674066,29322.80127552959,414069.6303192333
46,2.872710520985113,81.11233218447725,29.31249639914866,63009.34391665897,163912.72855909297,14421.975399295658,-793386.7716426157,103244.52554092517,-190338.99914016784,-688393.9255027989,-23830.757156964733,953568.7305348113,-20090.161879938463,15651.349724660984,355299.30999512697
47,2.790763608786037,78.7283356707142,29.77082833648592,-37082.746542926594,-306438.76181527495,-196332.0113831496,704673.000345263,-91640.55140474554,100564.9573254882,-914466.1794642014,-171553.71609668064,546166.3758195308,-19891.787417383097,34511.74592223327,439223.11478566023
48,2.8746970476408586,81.16958911334227,29.770828481916965,52760.069837347335,140120.12144251866,-31521.177780004153,-819860.9159934184,97417.32407241238,-39234.08095254362,-726739.8355576659,-39325.70207493509,927424.5511324632,-17090.29301803461,24624.888900384543,376795.4306828039
49,3.124281002026734,78.91387678597133,28.10416562840723,-49060.57511043835,-306460.50645767094,-224312.23593576596,163297.2893156523,-104203.89247950415,98800.99887748995,-464828.11342536507,-153770.1310810543,38764.92700254414,-18385.1093235392,27169.665248800186,346752.13097701117
50,3.207359945569269,80.95905369030513,28.104165156168428,9566.018319977815,4353.410510114067,-89446.74220870846,-445969.57830146333,25731.391654558123,-205634.2117553107,-483036.55682942685,-92410.67862302446,499919.9220738349,-44419.83297603494,18915.998468490823,293739.7852025519
51,3.1219709831297022,78.85663196653977,28.645830593083407,-43653.9270827148,-303801.7354376099,-245071.97457923772,368230.715082415,-110074.5417330906,160392.7613139666,-647998.0324762573,-171881.56557771727,227351.96095441212,-21132.682526997884,40986.71647075994,429895.3967595716
52,3.2096717493630242,81.01629884864923,28.64583007991924,33917.36971397381,82549.2361543124,-53275.871724681114,-593053.6777679845,49327.26216413769,-200665.61428369884,-560687.2960556074,-69273.52742124141,693151.557620454,-31216.802348253204,23335.765288212035,348919.90814975253
53,3.1192058099768714,78.78898039789001,29.18749558814043,-30425.42446396745,-287939.1222446805,-213769.81671901862,463810.5952423523,-80111.7538083961,135496.2121829268,-685881.2501154735,-175192.82474482438,328939.7114326314,-16727.57542658523,49163.619756226784,473372.83082851477
54,3.212439082680703,81.08395056162522,29.187495275472575,42323.43069603013,109098.42278766638,-50729.46590034438,-671742.0745958724,46963.12759485457,-125387.26402027802,-603169.9340675083,-62237.88455157334,766100.2062024337,-20868.165598898082,30850.042068240542,380361.42785904784
55,3.1164412820737986,78.72132894148247,29.729160445415136,-23346.434603540532,-288086.00254454365,-192569.77450390515,486627.2249363578,-23824.49171988466,78078.57779438449,-669301.0052709237,-187476.39908144812,352775.1927003826,-18216.583291091032,55577.49748543843,496626.8347495595
56,3.215206770783836,81.15160208672664,29.729160457421514,40783.12074055444,105859.46169627248,-69705.6394093549,-695499.4582833202,23930.153650733522,-12830.657820596949,-623033.6674687061,-70426.1213135739,770396.7318097521,-16383.208966833883,42572.12675335948,399824.22765040386
57,3.454759096911784,78.91503850864349,27.812498875085257,-61986.83331919293,-286028.1807029152,-234223.00807244272,-63388.26950238054,-97403.40069936436,4416.503400859182,-368504.35457839735,-173681.5285290055,-40052.138987147955,-29193.61663881892,20552.683559632,324958.4469577675
58,3.542910143035771,80.92873353615994,27.812498111394063,-26830.852520901146,-60624.45986537264,-139521.24716568174,-326291.0059997606,-3180.486260356686,-99809.80981269282,-391111.2656647273,-130416.9329913993,294551.6391041711,-63194.609094718915,13422.978334448355,254877.51315967983
59,3.4527103793868,78.86820861799345,28.43749696763011,-47776.325277633834,-302943.802824056,-244143.41955266596,110867.48106265845,-101933.2506444178,64058.88931248822,-422817.8434322035,-168666.05458480903,-3379.6496373431964,-31001.938265230816,37666.0689558469,412427.9107933476
60,3.544962322905665,80.97556402882567,28.43749608890444,1563.3101927512134,-4671.201049359122,-114042.91761869381,-457839.68416442414,8783.76213494244,-117826.10798837882,-476093.74841358856,-111302.86002418556,470245.79996247246,-47103.80461371233,20863.379468042614,308275.4018253675
61,3.449295068391838,78.79015853813863,29.062494772085127,-33468.455996957106,-299035.7911678441,-215122.9784267097,212900.02045889403,-56596.35725629286,76683.80963168606,-449623.0357565584,-188065.2081956698,90061.01836071732,-27440.402828727947,49167.13147754227,472982.7784358987
62,3.54838084580049,81.05361456792193,29.06249412059986,13558.031380933457,27833.923897238994,-107439.94296429423,-552934.8221741865,-5315.998597384569,-75966.2683457319,-540046.1698049742,-103285.33975700643,577283.5218758588,-33694.527186114734,30293.70939868378,348369.97077858134
63,3.445880195451895,78.71210835010122,29.687492404422027,-25089.49226618438,-292485.33570729726,-195014.8691144397,242274.39531592224,17553.906577458038,59521.790948725386,-436479.772100135,-205226.6307386015,129116.7057508151,-23431.45691030656,57653.796618572356,499456.3374529579
64,3.551799559719753,81.13166496310951,29.687492185373422,21061.35686447925,46573.07490597201,-100439.13433426124,-586125.9007828295,-35539.650223733275,5362.06648286751,-553424.6947408828,-100640.10504434136,621260.0972214142,-24093.053047748843,42625.764394935555,367975.343005781
65,3.7849936026285333,78.90841112869532,27.52083209336454,-80911.77735121158,-300716.39152520365,-249173.9251331081,-197241.70440986706,-99848.26206026723,-24175.52456333593,-462349.9151788751,-206753.71739317497,38301.53856252687,-39727.546790963155,11979.317155505503,315279.44133996323
66,3.8787035373854573,80.90620329160632,27.520831066070528,-40501.34059263596,-90594.83254461108,-171984.2637876029,-274268.6363392778,-23554.594895931987,-45074.19771186173,-353570.13953711535,-160172.91334425192,210662.61595651731,-76733.53710802678,9628.814148255055,242324.4247504876
67,3.7833041036278345,78.87199280203309,28.22916334674507,-65386.834758301215,-334564.9414921655,-255988.00276784762,-73660.777291947,-107875.85787427459,18717.069407656334,-417365.7816092314,-202692.34337569855,-35881.65403338455,-39831.058931569045,25664.473878200177,384760.57656559086
68,3.880398506615611,80.94262248915715,28.229162100401478,-17472.427410923778,-69704.87744566673,-153472.53241990745,-367382.2061533944,-21701.795817653187,-63850.29657009481,-424959.40491431643,-142555.0339391536,326864.60157697205,-57356.89763515162,17373.978535826373,284563.037598511
69,3.7795318927906543,78.79135274696085,28.937494041433858,-49833.612148215725,-342916.217156652,-232158.52741287963,17239.7450100035,-60468.7671866426,44364.63145865255,-373110.9287697755,-212222.42881041174,-39574.99913756042,-38009.787020509466,39487.398862801434,453076.5208796116
70,3.8841753662240746,81.0232633415437,28.937493000265036,-8017.286095893523,-44867.45648306045,-142718.86014111908,-459735.2612318011,-36918.382274905445,-42120.3639534971,-495377.61895051925,-133928.09689640097,433702.1131268472,-41928.23210536741,28075.90332226816,327695.6920843514
71,3.7753692574809983,78.70290964317701,29.645824539164202,-39851.114168412925,-336497.08686339477,-209032.24677405984,52885.676278007115,20096.1834286743,48641.5487474167,-346668.6653650679,-221765.76157490688,-16946.02086589269,-28874.351162293995,51076.429651307226,488588.44249787927
72,3.8883427529792,81.11170672790384,29.645823997742543,5458.179285793753,-15316.424717919619,-119694.42000611927,-502553.30117627874,-62337.22778977699,16632.39210898021,-510381.0239308996,-121861.3431540943,502689.7016467488,-26628.180918139074,41870.15297712003,352667.5556891525
73,4.111661511847766,78.89206435587056,27.229165553581,-96073.18349377527,-317851.29866902565,-260768.48789041984,-274894.3669386452,-103089.75704893825,-25084.810217488943,-539202.3547069117,-228973.39697095955,93482.78162465044,-49363.15863806377,6153.14124796591,315951.0929452457
74,4.217854865204058,80.88923167818459,27.229164249816783,-55415.48227414118,-107309.07904814195,-199647.03640742396,-268713.6351178917,-40628.25162865684,-18426.956390240353,-362426.9863001691,-189030.73826472816,189086.12683519002,-89545.53417636617,5933.99838481101,234834.08963739895
75,4.110298736086142,78.86605947574805,28.02082946736521,-81465.11656775614,-366316.01553715445,-268555.5093810823,-199160.9730729341,-116271.7713634507,2710.7811492478986,-512551.6649921845,-235787.62475002583,32002.64825621749,-44637.049335159136,15271.591183757035,374930.4521619863
76,4.219225225143741,80.91523762824951,28.020827820308057,-40046.502645117114,-115398.94112438097,-185112.27885035335,-333980.29181794275,-47794.2127369372,-33271.127875329454,-427606.3111081309,-171440.22396476945,258488.81245304883,-67000.78363826989,11780.673373597072,266094.15531115007
77,4.106299937581015,78.79064572948491,28.81249333762969,-63134.989714135794,-383455.3545448616,-247191.83456806862,-136344.2160592431,-73383.58083858826,28047.29900926344,-451316.8344424068,-240751.13229367288,-1714.2120909862147,-42378.513934183444,30385.597029428835,445384.0315421632
78,4.223230183610038,80.99065243298415,28.812491843205972,-28343.046718046997,-102845.54811878978,-168596.0010862683,-416873.4734977961,-61817.368728852336,-22178.292120737937,-495386.48144737905,-158578.5075496962,354180.39307397,-48926.753125835414,22728.95566320883,307892.96960221406
79,4.101032167665695,78.69182853168361,29.604157011078346,-53176.81646564089,-383864.6734865935,-223543.54390817985,-105438.894898563,4004.9969167265435,42597.23634198572,-415943.4893306905,-229823.55970616406,-14817.984823559715,-30372.847614358103,44561.817375368715,489511.1546219998
80,4.22850393017921,81.08947018728392,29.60415604243715,-11871.769556886395,-72497.77881501394,-135564.12725243604,-467053.6600048319,-80014.96272261276,23602.028247105693,-514993.302816898,-139892.73974552646,434952.36693808815,-29270.36227974672,37755.93928414649,337521.7620624268
81,4.441346084789674,78.87349040772243,26.937498757115605,-106260.43172179126,-328987.05726973544,-269422.61111547006,-321673.3573838037,-106522.91636470899,-13671.13053956388,-586628.786647185,-247471.78853793448,129430.47507812268,-59174.06986065306,1975.1968678447781,320020.28243912326
82,4.55377965208402,80.87032593445929,26.937497194906605,-66340.78493664847,-113114.47605221323,-219623.75660306925,-287948.88830402587,-53493.00944017035,-3550.5582436878112,-389024.2687146659,-211930.11712612477,201875.3682488597,-101264.0130589445,3164.176752898721,229924.3523013903
83,4.4404726577569535,78.85789098500459,27.812495805137548,-91139.83859153246,-388259.2742078187,-278605.3222560255,-284662.2424217377,-123464.9002717161,1667.9252352074927,-596043.3026672112,-255404.2580884553,93443.12570028966,-49030.15850074186,7271.728602905094,376110.7938008503
84,4.554663113554819,80.88592643987958,27.81249377476878,-55439.46453069629,-143747.81436233508,-208909.7220753298,-339086.2086730977,-69462.89304805259,-16215.909794093723,-457555.1056507825,-195424.9004727288,244883.00515515017,-75916.95955285194,7192.681851226366,256186.17818636913
85,4.436523806036057,78.78769047109267,28.687492597309312,-70555.14301809111,-412240.65350852575,-256879.7832132279,-255696.92255593053,-85987.64083269156,22343.00725323486,-563109.5450081555,-253775.41409861585,77209.37936692659,-43882.6136781856,22536.669836752066,445763.46589872974
86,4.55861986864886,80.95612823737918,28.687490651937885,-44430.60130683197,-147004.38297466582,-188857.29012421978,-415770.148117877,-84553.29527088604,-10988.317469037713,-529400.2503278167,-178566.39994381662,327674.3758659157,-54403.197972315924,17272.005254403808,294206.8913279155
87,4.430378674359714,78.67848900245346,29.562489228809838,-62368.785401742134,-423678.98054759554,-234678.45155542705,-239553.12009087793,-17190.60940893925,40241.96586763363,-543082.0109285029,-241059.05238989164,63414.84581362979,-29675.430230049322,38454.842020050004,496329.26710295025
88,4.564772277600793,81.0653308807969,29.56248780663989,-27105.558867179167,-123236.19956797657,-148899.93001383866,-473542.1539773915,-95918.04539559463,28147.302331779418,-557957.7252097952,-155052.48750231107,413768.52426311193,-31012.826472278255,32920.04958387309,326564.2003372004
89,4.767913020206717,78.85514102101892,26.645831950914538,-123626.02570963488,-353538.4017359845,-285247.43084745755,-370783.69100163976,-120144.05418119361,-2043.2357769958248,-653271.5018708857,-269928.0859413569,160787.72951916576,-68316.09248642158,-2513.8046767162164,318354.27743550064
90,4.892821424427493,80.85119555734293,26.645830105427088,-71196.83072717057,-105767.30907402857,-229539.34297810128,-296482.4409679504,-61700.86252796252,13530.861960711733,-393419.03030520584,-227747.70133139042,214663.24885729578,-111893.37077290213,274.8008813910068,221466.47334078955
91,4.767626713076748,78.84994192976586,27.604162136647602,-108354.21384035045,-424362.7923798788,-298836.3172512839,-363520.4083934521,-141530.6072500434,4473.880578661023,-697149.0911386138,-279892.6037780328,145488.37144513335,-56035.69301408061,-597.2432264800219,373614.12116514164
92,4.893120490786354,80.85639603472767,27.6041596821939,-61554.783148181,-151070.13069802348,-223674.01844316733,-340373.9106468639,-84280.94883500945,-787.5286125637385,-466709.40572496713,-213134.17028237387,243544.64371796933,-85953.74550245544,2761.793374514886,248072.42547903003
93,4.763582041446243,78.78496607165145,28.562491835654342,-85753.18631961159,-455904.03291672317,-273012.1780360561,-366320.384328969,-107416.33220349567,20854.855482967705,-696803.5829521952,-270574.0799436239,152708.26562342857,-47960.216661814,12962.762466689268,436826.95800287096
94,4.897175114442003,80.92137363976144,28.562489374947816,-51955.483095023345,-168338.32028210105,-201328.10430157863,-410275.46550994605,-101721.14269967357,-1324.2187738784648,-542484.4236414494,-191884.762277417,312747.2782401633,-60026.03224173632,11603.919163316525,282904.6011626398
95,4.756072403230415,78.6654135212583,29.520821437559384,-81414.83697125484,-483790.31998822594,-251666.51442524712,-369892.44987358386,-44432.80269440271,40132.44949049927,-704366.0445310927,-259191.0121632981,146685.38530966325,-32803.702562963495,28798.406908954174,487349.53500100644
96,4.904693487514183,81.04092784605916,29.52081947117294,-34635.59326948156,-153926.41437667995,-156219.6324710382,-470328.1447662527,-107019.4245369565,32299.881119650785,-576824.5781302929,-164209.67583015072,396252.613843244,-32925.74002907598,27168.675053998104,315738.8487044937
97,5.257350254566063,78.82141019877562,26.354164937388095,-26033.93927794572,-190665.24280060796,-208541.17707908768,-205349.0454604153,-56703.93181634167,66929.9483720652,-330437.85327337397,-229834.61008281203,135032.1041985446,-84514.3223533507,-5129.464115308582,344581.7898927128
98,5.400967117119357,80.81623521538225,26.354162563707582,-27891.74313139733,-66310.57819027065,-214317.55134359878,-173118.29054829304,-34918.63182795743,59707.272547764325,-238176.52004327328,-210404.8497288209,140061.49710682742,-134789.2975296608,-2193.7693255191525,228335.12003063393
99,5.257358788381142,78.82141163123966,27.39582760655103,8016.681588704108,-220416.88469865534,-210563.9783792243,-218324.23382960056,-69140.90744744276,45754.39078265495,-361583.3990193084,-217020.07946501445,155639.29699514716,-62361.867353066205,-5284.608805017601,391096.32969441
100,5.400974797958861,80.81623603235423,27.395824390697072,-227.67457621636458,-88951.17159654651,-191603.52134910633,-195825.61183668455,-47540.45598819056,30229.273012380218,-251668.1774333681,-193312.13818970753,164197.9481012064,-96640.66250723934,-115.81971781008843,248978.58573331998
101,5.253072677539673,78.7616716363327,28.437490412368305,45137.05687311554,-230570.19968221913,-188875.76711579785,-236186.3530554334,-54414.69359027595,42225.63433039683,-370126.1896031765,-195647.2892471896,191464.5689254647,-49610.56149830632,6552.169432907405,447953.79253780097
102,5.405273598983216,80.875978680834,28.437487067300548,9646.628036947597,-102526.6763809341,-167470.2685558275,-233431.42288570444,-58594.57221450816,16468.831122136515,-296829.4131186573,-163787.31239951134,200266.40861835473,-64915.696101700385,6786.718996137515,278264.7739146182
103,5.244101960300997,78.63699633801235,29.47915322996389,51963.02416352759,-249934.69184333272,-175252.71619913133,-248896.1804260574,-31815.64435093798,44747.359161916764,-390236.9351273566,-183038.995305216,200051.5465536361,-31433.169957440667,22207.24104986555,499859.19871861354
104,5.414254984366963,81.00065639986146,29.479150324938175,19806.776697509875,-98778.58356299982,-129232.69290552607,-269313.76972275355,-60569.83626760854,33795.84654218585,-318968.30629371584,-136525.70054114048,247289.50706384028,-33957.11754778067,21276.300336319713,308305.1540916248
105,5.919012571508655,78.77168347250267,26.062497285088607,-29326.78863551528,-212272.9900631581,-242205.40245910076,-243442.58971941512,-64413.46023144563,81251.30716669657,-381239.24889006495,-268089.8113052289,165523.8790375197,-104427.0826258827,-5086.058957086879,393672.7169753271
106,6.068861655752784,80.76605970556119,26.062494142813613,-36799.50458100967,-66566.80273884899,-258642.68366104076,-211419.32909400936,-41329.71852136431,67209.43990202367,-284024.90896798286,-252085.0341536006,174100.95214068406,-167605.6494633616,-3501.522031973339,246100.81686272347
107,5.91902329220522,78.77168570324172,27.18749267430761,912.4689895110496,-238500.6933913954,-230981.0743987388,-271299.49131168204,-82828.03735831426,57124.64146024836,-423520.3514975242,-243098.41019009764,198049.4628869988,-72220.08321746852,-9930.769870914686,414520.72303249105
108,6.068870913346221,80.7660612957086,27.187488345270594,-9600.34110393945,-92981.48513286395,-216185.34541938195,-239422.91614189933,-63119.13412092392,32934.609607848906,-303654.0363291414,-217244.36206797854,202131.22674093457,-110113.88817778164,-2981.713572084633,250943.9202507301
109,5.9149345966170905,78.71715425423011,28.312488258633383,41023.603106339346,-245141.13432823902,-200005.24050375106,-309551.841638417,-71996.3679621891,49920.756731463654,-447861.961474444,-209688.2988726075,253427.48862140073,-53323.831870964845,-230.51575861128833,461156.01112154615
110,6.072975518431901,80.82059683024079,28.312483658006542,465.13803663209546,-111415.98518852823,-181874.97583850368,-285711.052243171,-77371.44150194869,17371.495596370663,-360400.93112145585,-177349.89471961037,244925.00285066638,-70643.03698951598,1899.9269671086456,274329.5650848274
111,5.905575884488165,78.59250773878995,29.437484019375532,50777.531837271235,-268835.0811751465,-179526.34254045552,-339146.63955584844,-54277.301231475205,51187.48713208003,-485076.30998031184,-189842.24629183213,277334.6643938131,-31605.970632093937,14265.50004375199,511254.41276978096
112,6.082347427726137,80.94524710064857,29.437479790228934,9680.800768633217,-112926.73119320729,-136770.45023059376,-330242.4824670713,-79364.08582310191,35080.77592784802,-393518.30020188715,-144713.5754238573,298215.4949705767,-35269.86919316357,15089.359258565579,301795.8911982523
113,6.580677039496807,78.72197640144367,25.770829755070547,-30611.957546016536,-230949.410141623,-278427.3058103856,-294630.2452855604,-72591.26642808552,81109.63398216541,-442926.551780868,-301723.2021747653,204661.0804576083,-120281.60699748406,-2470.939056283127,437458.95372275036
114,6.736754717756171,80.71586471516741,25.770825638680332,-40754.04646390165,-61255.299745256074,-306141.48114931287,-253078.2725325153,-45674.0404406977,65725.62281278499,-325458.0848392494,-296985.6441571343,214292.90163791296,-201696.11593250502,-3814.0364664077592,260068.63011725654
115,6.580689522521979,78.72197981928477,26.979157733742472,-7038.928527393575,-254849.21361707724,-255946.36914821362,-329832.90269501327,-102672.55298012719,65035.16528853201,-493484.60191147926,-270829.7824327172,246479.87305151206,-82804.75789527921,-12179.592821516972,439743.3401780855
116,6.736765303504998,80.71586749396009,26.979152024150395,-14425.190245912085,-87418.57341472057,-238162.93791458337,-285782.7817577647,-78972.13369704844,32003.607980113666,-352884.6885385966,-236281.429799639,249159.41676301957,-123016.74548722926,-4115.6210859526545,252108.22135644298
117,6.576846831251685,78.67265452953919,28.187486013953706,35399.70409537904,-255343.1907306983,-212791.50650639363,-385465.6309497114,-95525.01751213058,56685.01871570401,-528997.967269588,-224911.84813801365,321174.8222658887,-57428.06823294526,-3932.088893268875,475402.4732049225
118,6.7406269195762,80.76519908621731,28.187479926823485,-3872.953415657299,-106708.11626686016,-192567.16419878037,-343652.9353864713,-95977.635595449,16502.176215075848,-420230.5717952692,-186610.41770317743,303692.7556171489,-76729.69658428969,-1304.7766655998862,269268.23088750296
119,6.567100336086829,78.54803949559876,29.395814690043043,48860.56838255524,-280443.43429454596,-183171.53514040372,-433893.03750561003,-81691.15505396505,58378.637632655336,-582851.6604162164,-196515.65902747255,364612.9183912944,-32259.147995158823,9347.403230775584,522154.2213185163
120,6.750389221899597,80.88981991844064,29.39580889051411,4519.806132822952,-110516.64924935115,-141605.40870665404,-398410.6898119847,-99867.82695120324,34665.69723082247,-464459.4143852352,-149314.63439814997,366171.796960203,-37638.25793381685,10595.681930762494,293362.9659216131
121,7.069660116148297,78.68218898664237,25.47916305451213,-186840.38399345402,-463577.43918962433,-442304.96209282125,-677705.7479592654,-219924.9256321404,8252.533020330355,-1061981.194973626,-423176.3772664133,392434.7869641399,-126187.01178877006,-730.0083692579647,453304.5303718997
122,7.244419204234769,80.67449748723432,25.479158100335134,-108017.74115511465,-45270.81068184004,-402424.08966978424,-563710.0239318266,-144353.72819074432,14590.081700344042,-671667.6802223702,-386680.7141818031,502635.75289743417,-222276.58218547056,-2887.13871273059,266780.65958254226
123,7.069673953315956,78.68219353616054,26.770823254561265,-177293.4374320951,-519646.4931302633,-425200.317962389,-773247.2290775494,-302143.40214596945,17582.608105555413,-1207080.7963800628,-405096.13206052803,490036.6799158439,-92384.63778904174,-14051.807285713683,456423.58393352915
124,7.244430897382514,80.67450141509043,26.77081629456837,-92458.48017129576,-112143.83914098922,-331211.24449736055,-651751.3949180508,-234022.44943418828,-3213.8515004014794,-815520.0246170042,-299321.20529976964,579027.6661071285,-135753.3192881893,-5887.585296950296,247319.9170009446
125,7.065833870577014,78.63809585253286,28.062484451095187,-134317.92073495447,-517982.0071859675,-346745.7037545327,-923938.0120382969,-293946.82168336737,26017.55568454897,-1316995.69341591,-342543.4951367496,660493.5568772049,-62096.90076942803,-7167.988985964553,481144.5319719082
126,7.2482924431730265,80.71860742760404,28.06247703777402,-80695.45572325592,-151681.4001813343,-261677.44856254468,-793996.4698912958,-269874.18476508476,-5495.927427303084,-968559.3646772952,-239137.36896732706,713642.4291774875,-83258.82017474563,-4140.938859956682,261005.2592608617
127,7.054921037255879,78.51358060668079,29.354146272351024,-113611.27240719434,-567770.3157281136,-286007.52623889875,-1061641.612655645,-266099.0573578803,55043.98698755039,-1452245.8772791466,-301792.5086593963,786649.2715643361,-34237.09082466041,5360.491405358333,525176.2252003558
128,7.259223193425777,80.84313045230893,29.354139065987074,-67645.3005433661,-158908.9715091328,-182449.89492715552,-923038.4567058707,-276244.0290601229,33307.0641955312,-1073643.1185772112,-191309.27215217912,855948.2237497361,-40987.5304000438,7154.705804582364,283357.96446848556
129,7.395302494360515,78.65153146881221,25.18749652713934,-180233.95304265508,-441166.6630206517,-433114.5043452435,-695011.8125028629,-222160.23250565442,13383.950200069192,-1060960.9056485356,-417605.514199831,424051.29943981656,-125631.86351752143,-817.8033408907443,448622.78205545974
130,7.58251284345246,80.64274788666012,25.187491063011965,-109313.62562978016,-19919.98980753879,-414816.55417698907,-626093.3722284125,-165108.36639994365,9490.632419491541,-729223.9086015263,-394339.4050566772,579513.1440438954,-229184.73968715026,-1694.4951478492558,265847.1148132265
131,7.395317585112845,78.65153690371734,26.562489703197507,-172031.34481256717,-499152.00576116977,-429415.6879406562,-794550.4002565752,-318896.04366278904,27013.124240200617,-1216660.2477420475,-412935.18454144296,528996.3937690973,-98272.93644377164,-14003.922794551367,471570.76112878084
132,7.582525592068603,80.64275270881937,26.56248185272497,-95166.14774155327,-88939.86197309686,-348442.2312588863,-728320.1201875678,-273670.80231320317,-4271.055721156959,-894092.5364500905,-311339.92057968944,672884.2160562435,-144754.53582711864,-4900.550869452994,252568.68788067275
133,7.391674757935599,78.61265109283093,27.937483573898874,-125494.42534512907,-486718.9601898359,-344289.982392516,-952393.0012361913,-315499.89629698,34300.38336432041,-1326599.7729827026,-343329.2270214333,713425.6320766546,-64532.97730506317,-7197.09643727889,493687.44799095916
134,7.586192389479912,80.68164852099936,27.937475190061157,-82064.02802261035,-127666.31929621042,-267918.6375405937,-894608.8399870906,-315103.8294529959,-6432.343102380647,-1068077.7758022835,-242853.4098668974,833282.2008097663,-86414.93215143403,-3627.3678149226425,264595.0349626163
135,7.379984933765671,78.48820490554662,29.31247826724306,-98536.51316866491,-526302.5907790143,-274886.3623987663,-1103104.723888705,-290260.64836429135,60636.48440153733,-1465503.739479423,-293326.42826500384,859104.7013979818,-32806.57436740059,6103.642559097481,540188.7952091757
136,7.597902144101588,80.80610401727029,29.312470035530062,-68153.72498534231,-132460.51602969773,-182965.29776364836,-1053448.3999394611,-327169.85636725475,32462.13888422621,-1199858.8733786552,-191253.60930212965,1007532.9439020962,-40735.98184274506,8053.903394423194,288633.6569498023
137,7.72406034064912,78.62063007043025,24.895829872554028,-186207.30158460187,-444227.48364147905,-436516.18875759176,-753649.2864630001,-244907.48730821384,12753.427557520594,-1127428.6919377903,-420256.70999384765,480734.4279479652,-123766.5834735926,-1256.81957803622,444932.9594960088
138,7.917490424446359,80.61124212172528,24.895823865716707,-107132.54529474178,-642.0059987997665,-416123.81581880595,-655252.7967113442,-176926.00074184506,11632.028787209256,-750080.1291020507,-395842.42140488286,622024.1833945863,-233167.724559934,-1487.7102275693169,261250.40592430613
139,7.724076782551892,78.62063639652294,26.354156131387526,-180473.06392767705,-505894.9554297536,-446626.0451981007,-866344.4476175235,-358860.34692739544,28073.515725521076,-1305537.5474704544,-427977.36548300943,600520.8483979326,-103497.10824896037,-16213.414402010545,474566.9983953708
140,7.917504244977792,80.61124785876548,26.35414736553875,-93833.0440604839,-66533.09158081174,-355486.89746379125,-768700.2741848142,-296488.35621195036,-1622.4225474300101,-928943.5439614066,-317363.33014094253,730453.8409972622,-153255.06278156533,-5650.411138260412,249149.93408704078
141,7.720825717219532,78.58694642549733,27.81248268198574,-130720.85696544495,-484354.4491147868,-355624.4598140137,-1042882.7082137326,-360055.8368211422,37174.105746556255,-1425966.0595614465,-354773.9079234742,810040.2015906757,-69129.63916074458,-8970.913591354969,498305.6671234245
142,7.9207816816773695,80.64494981640333,27.812473311459424,-79129.05342828881,-100836.7749936194,-267896.1733696811,-947843.5083793845,-340195.48110720183,-4102.781852016789,-1111410.5846845345,-243173.6202979327,906722.2031908778,-91903.35735818301,-4878.434147955007,260476.47081759176
143,7.7087484654645895,78.46253890248937,29.270810222456355,-98648.90618196523,-519921.5206185968,-275336.02329759864,-1226218.1999898609,-337534.1660279681,64569.361100964496,-1589892.4865843672,-295949.02063166595,991935.0571178726,-34507.57913214504,4096.450637450602,542248.9424557954
144,7.932881079643595,80.7693685141792,29.27080095429406,-64706.23106553328,-102406.1486140757,-180216.83979815038,-1122174.48029526,-355105.81534952443,32343.103620713162,-1256773.5616768436,-188306.32562368226,1097750.6678227664,-43454.68131736091,6493.326131034686,282846.0710832665
145,8.049502073629471,78.58797749475289,24.604163423781596,-191410.66678214332,-438216.0938433773,-436646.1391427423,-792791.8720180296,-264487.1155910544,16414.08488072474,-1168050.1945298647,-422024.817722406,523802.1124840075,-122761.05560177834,-1652.4423655470537,444398.00092527224
146,8.255368760456165,80.5773417013947,24.604156810144154,-109005.01332490245,20788.885662889777,-421823.39454583626,-692207.2234554811,-196657.94593110602,12292.663229769196,-783415.1836058637,-399546.8967286213,672922.5581266363,-237641.66508120918,-1338.9879865702117,258844.4523479442
147,8.049519948860457,78.58798474655197,26.145822300720965,-186866.72851734055,-498076.5090271202,-455902.39905706455,-919445.0845151746,-394638.04073926137,30982.515245657316,-1365985.4376506705,-436858.4048222935,661998.2058714388,-106488.5158412711,-17928.328231814292,478298.95935326477
148,8.25538366591001,80.57734841773225,26.145812531864728,-96330.29176638892,-40793.49012092605,-363275.87283638644,-822091.5233756575,-329847.6543118988,-1335.642919868115,-981553.7936912876,-321998.2386780852,803152.3776456714,-158946.0369878269,-5765.712528146903,247821.00861009985
149,8.046595803604381,78.55949756157895,27.68748180587216,-134547.13114560983,-465813.13761854405,-362100.56952428725,-1110590.3004432674,-399507.99886235537,40689.15745547043,-1492716.6227127132,-362071.9348776939,892327.7193019659,-73029.43296732614,-10017.73123366855,505330.46366896795
150,8.258336525086058,80.60584974482524,27.687471363385463,-80468.41781814619,-68915.89806684008,-269534.1596065968,-1018411.1721481818,-376043.896011008,-3743.4283627685168,-1175284.7269936237,-243790.65538280137,1000156.9068848419,-96562.20611782731,-5367.492582576669,259400.78290087005
151,8.033742534281345,78.43516892072995,29.22914242802241,-96118.42650763858,-491852.6645254212,-270416.7280302333,-1320772.4811223187,-379392.9308073235,68401.84713734016,-1672561.9223633348,-293446.81405114674,1107620.9173511886,-35311.22395742956,3395.9018773773687,548948.3409380146
152,8.271213965261236,80.73019152078031,29.229132030659436,-65159.95198006138,-64289.04254069836,-177813.49435836056,-1214890.2886309274,-395417.8386002587,31094.98901206574,-1338621.0742805568,-185320.36865066737,1216678.9540521037,-45177.69847062433,6090.814762671732,281523.23968333064
153,8.377846276783057,78.5529500052457,24.312496689960085,-190531.68123156522,-428947.09606189036,-432592.90920128895,-817783.1670011084,-277916.9123827467,23311.387223504164,-1188081.715699024,-421764.3745238511,557774.4037281303,-122611.02996383849,-1925.8658085133002,446607.4799025022
154,8.58992879997688,80.54167083008383,24.31248949085601,-109366.95916771944,42327.5437129606,-428895.78411755036,-743070.9835829963,-220416.32912405915,11431.393999520962,-831056.0790872169,-403681.269560735,738802.1490756425,-242568.4930500871,-1128.3885856845725,257406.32333418715
155,8.37786566486136,78.55295824944065,25.937488694464427,-185707.6296514525,-484137.1301853135,-458222.9019564303,-958511.8816211842,-422418.6551458087,36399.18414932218,-1403100.634568618,-440992.91271066584,716025.8854860874,-108448.29940210424,-19183.51887466972,483927.1378436496
156,8.589944806692891,80.5416785920361,25.9374779183781,-97080.91111086168,-16997.536959605568,-372003.65498020203,-894333.483420906,-371618.2422277298,-2279.252945289552,-1055684.6635123282,-326460.56084156944,896063.1213032282,-163227.60344244953,-5307.349539076113,248928.0018369572
157,8.375398125216467,78.52966131624929,27.562480914643963,-130624.54176382435,-441927.9646508771,-363716.23532820324,-1161113.550456169,-430069.6886292459,45889.77073069184,-1534080.1358947228,-365572.471201184,963383.8653530022,-75921.68298102746,-10253.44566748727,515285.5005629252
158,8.592443498693376,80.56499212514004,27.562469394910597,-79604.21799026185,-39844.83004237884,-272116.639689965,-1112855.1726033867,-421258.4317781013,-4054.45068173126,-1265762.666088282,-244645.6279364551,1118842.6063021314,-100033.09025068757,-4985.305308119618,261588.7691419272
159,8.362157652999281,78.40537404974675,29.187474359866048,-85174.59982040824,-458031.9884743468,-262012.9489507164,-1392309.148446793,-411343.87425246043,73387.82954731554,-1724229.352308548,-287713.6225529811,1206723.437616057,-35105.20081798847,3991.8979594655693,560734.5179142628
160,8.605710249537179,80.6892948351218,29.187462827416553,-63306.301101078614,-29857.461673796402,-176338.5350920759,-1340425.190798012,-446564.31017948315,29917.45972727853,-1456214.4888393893,-182981.37766094616,1369693.5686333845,-45799.38834199697,6846.601176400193,284849.39882980834
161,8.706192387335523,78.51794206262417,24.0208299448942,-197289.10217814153,-432777.5623782344,-438677.6747172696,-871514.3874142704,-305518.2215795447,25544.07434627572,-1252249.5586530822,-428225.2227983028,611730.4421777396,-123885.4802223359,-2983.8180426665385,445471.10569925763
162,8.924486546082168,80.50598076720154,24.020822141026994,-107877.26364407616,60126.702786800626,-431678.55065564683,-764337.5120669527,-234219.88102092018,15039.371360871073,-846354.9514512133,-406689.19646376005,773615.0364020513,-248840.75544387178,-1928.3716097140023,251602.53193822602
163,8.706213353271336,78.51795137266973,25.729155074986316,-192706.68917440722,-483997.1203707401,-470137.6206927292,-1034235.44201023,-471082.4291816147,37822.50066031337,-1495198.16185831,-451165.14211688226,799521.8737373158,-111107.86058024155,-21339.922753099516,485035.40577282675
164,8.924503672931683,80.50598965515088,25.729143253921297,-95024.39602812337,6199.550673123653,-374606.3805280499,-932639.3746130103,-398009.77555064514,254.98549482252002,-1089623.4981497042,-328198.0089429386,954390.2812095929,-168386.4385645061,-5934.936668796496,245174.3968633521
165,8.704251228323454,78.49983990901745,27.43748000987284,-134278.58822215715,-429758.02434770594,-372447.8154331159,-1259134.069259,-482107.39415011834,47878.67832258282,-1638363.626751643,-374030.9238498806,1075910.1225985442,-79689.79735719306,-11695.235332981063,518946.7618929595
166,8.92649973244944,80.52412024670963,27.437467372488964,-75695.35338707306,-9572.2569022783,-269912.6841515745,-1164339.62709896,-448918.90643934236,-1769.384093092117,-1306693.8205873584,-242913.08488721104,1194426.6110336436,-104825.83709530141,-5825.289869208687,257888.19407173316
167,8.690623982206768,78.37559650220912,29.14580627609417,-82023.5002142363,-437559.50469764543,-259000.1422215765,-1528670.8766463578,-466195.49520984245,77074.15768285627,-1855514.9465066902,-286963.4161047214,1363895.2154779541,-37058.3374016541,2632.475895003416,563122.615400758
168,8.940155692686382,80.64838163707297,29.145793558161387,-59084.592697514956,5737.833835433572,-172967.27149760156,-1409666.9757264038,-477591.11624752166,29335.79861607091,-1512332.3231734177,-179061.62308473777,1465079.9158984725,-48664.97335117942,5715.644503229445,279949.64073580754
169,9.031200124906967,78.48122439001382,23.729163466805126,-203021.43430722744,-425474.51700682647,-439760.1731730778,-903317.2580048039,-327381.1821939666,30758.058053186756,-1286346.935289323,-431962.0663179362,650052.8771201276,-125455.57555018691,-3938.7650612177576,444933.9173736952
170,9.261914537205318,80.46786001857842,23.729155006472173,-109896.37368013736,84214.40718422816,-437340.0544160159,-795339.4385620796,-256249.11096691148,16755.68035507815,-874149.1219257864,-410392.83310308633,821519.9341169478,-255035.19539456206,-2428.6569639554755,247149.1406208949
171,9.031222735368164,78.48123483790694,25.52082122699278,-198434.75576504745,-469645.1620768608,-476075.29479624383,-1086991.7228651948,-512230.6491485246,41132.47016724027,-1554327.8067754582,-457401.87440320075,867574.4685405064,-113539.58235416195,-23002.357195549415,488279.75449248817
172,9.261932812625068,80.46787012709737,25.520808283682385,-97060.51084284534,36220.09663990527,-379634.1798941293,-985603.4838912848,-436295.45976160164,419.2357282442938,-1142294.5056157033,-330000.71382200683,1031820.6253406407,-172847.76280633893,-6082.212390252831,243567.50940572046
173,9.02974996298264,78.46831081362747,27.312479119636016,-137544.3635274482,-401865.1855089363,-376012.72202023305,-1330957.0428750108,-526332.2488082219,50676.49452466992,-1706626.9769624518,-378446.2085038072,1169650.914409641,-82628.37855660418,-12346.271725884868,525644.5654451019
174,9.263442409511557,80.48081589674243,27.312465287409374,-76347.51832184059,28823.292818979375,-268832.7700124195,-1235522.9958412056,-489284.1906390281,-1513.8935696335868,-1369940.4071673946,-241001.17992571802,1294584.5915778317,-108618.80224334162,-5828.017366336645,257554.41316608994
175,9.015347989074627,78.34415637033067,29.104138455814883,-77690.3118177697,-396522.6312360065,-250831.058014162,-1630477.8469739875,-512865.85233721783,80315.83986409228,-1940116.0427818834,-281230.52913218504,1496302.57084613,-37916.46069275676,2461.9307962260254,570175.651972068
176,9.277875486616535,80.60499098199699,29.104124457885078,-59086.218173597576,52985.299188677986,-169217.22222755163,-1507528.2729166104,-523681.9807571069,27447.168820661376,-1597320.7272516072,-174359.99586925935,1596362.5819083955,-50348.940980174186,5698.189118999386,279707.5898722925
177,9.359080315650218,78.44209501801228,23.437496742109474,-202116.26354627323,-414675.0986632914,-435563.1221901728,-919201.7348181364,-341367.4017197564,39025.02669263439,-1297065.422222494,-432700.47137706075,677411.4091998171,-127368.17454401385,-4735.084440710711,445736.46433172224
178,9.596002213047885,80.42800978315749,23.437487653589564,-109588.54066349549,109889.98407625203,-443466.5495354603,-842082.1767012074,-283270.2028250539,17192.53234815551,-917061.7635835159,-413719.291790476,887615.9492512883,-260919.96469261547,-2633.1220625749465,243409.783100067
179,9.359104656185117,78.44210669408143,25.31248763429436,-196443.63893083052,-451502.9969019358,-476219.7646724328,-1122273.7700496805,-542141.3066236175,47302.49136983807,-1586583.7390223448,-460301.9016293492,922719.2401464949,-115897.00489759922,-24197.0618728864,493722.092190234
180,9.596021675695454,80.42802119180821,25.312473573028203,-96671.52683558705,65401.04246244168,-386622.31450542377,-1059813.3932606047,-484735.9235667232,-271.82121008759634,-1218536.2552744825,-332515.4819009492,1133158.9382968624,-176953.44045136494,-5720.989787294124,244164.22980039538
181,9.358202066528163,78.43436148037094,27.187478222708858,-132902.6710438236,-371957.3568457194,-375323.8480918491,-1382608.3134862168,-558881.0205362479,55742.400205454775,-1747005.0186667638,-380004.8581623331,1246826.0008477052,-84791.0183341298,-12127.320605916057,535979.5352011264
182,9.596963857310568,80.43579124813617,27.187463196820534,-73874.39966910284,64708.366977794445,-268931.3883861315,-1333183.641176027,-541107.6084374238,-1561.11607412444,-1462227.9810075883,-239539.324280295,1423669.8842104436,-111489.93279889436,-5042.357024614871,260467.9635755216
183,9.343413566721143,78.31025376415863,29.06247037586339,-64888.15028447538,-354919.9125672015,-239918.0196637759,-1703742.6546446772,-546919.6198531257,84959.5952186479,-1990095.3728659032,-273025.0670956431,1603394.357446094,-37501.82931908006,3536.1427553265958,582587.8845399013
184,9.611785827182477,80.55992289376192,29.0624550922006,-55630.71908770931,96510.16163864863,-166071.00526828162,-1643281.1104555603,-583410.9626534457,25984.07742421906,-1722965.079715091,-170074.65932873375,1767848.1763264828,-50735.251316761736,6727.785045582849,284217.16228645225
185,9.686962882435518,78.40298515854026,23.14583002838906,-208555.05237385607,-415053.9141631529,-440957.15447448427,-967690.7225155835,-372189.74694678653,42755.213885497054,-1355364.327674097,-439609.8775242833,730408.0841868867,-130310.64303963253,-6145.969614673295,442893.9116363769
186,9.930087566402928,80.3881403266557,23.14582029855841,-108010.8844737916,129118.49017711563,-444948.0732518123,-855163.4618754563,-297146.3637535138,22084.766332267347,-924006.3551525954,-416108.66207516874,916274.549679276,-267589.42738061765,-3631.5843679249074,235505.15008309117
187,9.686989036282483,78.4029981498858,25.104154049453175,-202487.91868052457,-445423.5596701631,-486701.1344975751,-1200227.3533878871,-597653.3877840855,49313.214358830664,-1680708.1174691613,-469490.36204904254,1015585.8666699412,-119253.71314331915,-26281.95386828544,494392.712737698
188,9.93010826193467,80.3881531253436,25.104138837314693,-94321.70478130627,90336.73159757658,-388271.61879019893,-1093191.0778351892,-512420.0381826716,2716.9503779270467,-1247953.225989463,-333602.06222064275,1189298.696236177,-182524.06599846584,-6478.9004021957635,239753.39009512763
189,9.686705203007113,78.40042624455843,27.06247732142608,-135101.38565690923,-349989.65642935375,-381446.49158462574,-1490682.3622201213,-618370.3396904351,57744.171470340116,-1858455.7494937633,-386123.1633231613,1378041.3791460355,-88049.80529288418,-13168.061271238355,539986.8012213447
190,9.930434700615942,80.39075321999864,27.062461061366395,-69425.5648713525,95921.324230297,-265510.1846078116,-1378328.4259549114,-570148.2700224721,1116.6200021253567,-1497385.514464893,-236933.17776900576,1495304.2669850315,-115962.43600282601,-5639.896927104896,257429.4986918131
191,9.671530614133903,78.27636763563493,29.020802293100978,-58969.99442297412,-321452.47159335937,-233271.47663694585,-1855691.0166989963,-611371.3822912804,88166.03448122638,-2132106.1760724466,-268615.57613403484,1787027.809553202,-39325.38534383144,2291.872337422019,584582.732211144
192,9.94564546889533,80.51483918816506,29.020785669080855,-51644.4042893892,132983.33249656414,-162688.72599992808,-1709146.4825000563,-616054.256528719,25240.821034713692,-1776790.1086412948,-166000.86343276297,1861441.1742813047,-53388.5660327708,5591.184084946263,280225.1214672306
193,10.011486034598835,78.36220803182118,22.854163596180637,-214218.32963930158,-403551.74366820516,-440572.00682608027,-992074.1567855153,-395300.61127299693,49437.970248468904,-1380497.3245616676,-443495.7684364457,765651.0128645262,-133603.19423277836,-7437.304959005192,440311.78248494334
194,10.267012628569779,80.34580490669751,22.854153182700323,-109761.08128494998,157227.0694212809,-448472.6079259312,-879292.9484594672,-320444.57819003204,25212.57457600056,-944041.2405876286,-418479.55350619083,961514.1743042195,-273946.9126128667,-4322.885448487323,228469.7073333991
195,10.011514099122204,78.36222241900931,24.895820252791808,-207845.27957653176,-425202.3097196342,-491021.5454185311,-1251356.8153509772,-642042.9026320399,52850.60953872669,-1737223.7610257776,-474763.02206680406,1087917.6483778849,-122630.31364452589,-27916.944824483777,496817.32266697864
196,10.267034622549932,80.34581920014297,24.895803818432825,-96197.71821550367,125025.67305508908,-392534.31147386937,-1143821.4006712425,-554482.1137314092,3188.675309850384,-1298641.4749395414,-334724.14016469853,1269659.2584699562,-187782.055011006,-6745.570260366102,237667.7285317663
197,10.011540643616753,78.36223794853393,26.937476467942435,-147396.1900583831,-316184.6370763902,-384639.22226527473,-1572716.2685745177,-668974.1093368869,58750.95704182852,-1940729.683883614,-390562.7549022623,1483072.389385828,-90797.60064523465,-13692.275212015078,546334.9003400732
198,10.267053829731891,80.34583523155689,26.937458850590012,-62275.59754235359,139681.3453431735,-262214.038853424,-1450217.0558257005,-616354.1758643482,2434.6418662806414,-1557698.5133348096,-232620.36639078712,1605510.5886729923,-119877.65741036873,-5955.852203484464,256551.87086312735
199,9.995592645315565,78.23827831581478,28.979134510283906,-66126.11914490775,-272852.9207572588,-226175.15204600303,-1971041.062683962,-667430.0212000462,88498.95258825808,-2235500.0294655156,-263481.74181378196,1933827.5793311282,-40456.85655803886,1682.7979381375972,589785.0502009876
200,10.283040686475312,80.46982568199438,28.979116404135205,-42358.44470943552,187633.1910716961,-154914.56796515308,-1812464.961398249,-668127.2711851428,24953.082561801933,-1861121.3410654438,-157616.59295223764,2009098.1124147894,-54714.07304038109,5308.963137050364,280750.34008485894
201,10.338851081786206,78.31898392187351,22.562496923930276,-213357.7336244972,-389786.7457080177,-434502.27607180376,-998764.9763982493,-408341.0743115332,59766.85001126741,-1380107.1176173384,-444644.89811692946,787105.2603299496,-137504.12901932013,-8536.965932426067,438566.26342986035
202,10.600575828306665,80.30178220923389,22.562485873940613,-108559.22807148239,188289.5048789174,-451904.06155519234,-920029.3831256708,-349298.97456440574,27708.280681030188,-978904.356226253,-420376.30115636176,1027106.8726348574,-279965.485757543,-4715.138455069016,221637.80533162088
203,10.338881193271105,78.31899980939599,24.687486723260267,-205176.84453515225,-403368.9286965772,-489670.84419016103,-1281892.3067131715,-671460.511480906,59527.33519089253,-1763027.7042655176,-477109.4982745636,1141920.585118191,-126061.56932492617,-28994.83150077819,501445.0281018811
204,10.600599203963881,80.3017980857544,24.687469083243613,-94929.30753701967,159736.44055329787,-399106.34780350706,-1218541.10808236,-609072.1621941562,3233.6392204146277,-1375671.1746745342,-336856.37907282414,1378228.3389601295,-193047.28537190286,-6555.1316824063015,237668.31619343354
205,10.338909744202525,78.31901718093438,26.812475637769502,-142610.24077770585,-283087.48437647696,-381565.50931603543,-1630826.9223130005,-705753.5445630421,64180.183083666416,-1987421.183873444,-390595.87248674897,1570753.821889975,-93632.50811294207,-13982.92078899174,553873.5138489564
206,10.600619688276133,80.30181606252305,26.812456622986392,-59525.78779748936,179808.16095775802,-263218.6444615242,-1558914.5463651726,-679323.4888341826,1577.0987186841974,-1663449.4986914361,-231083.08139013505,1751596.3087803156,-122797.11298066811,-5713.27362933406,259026.77992731062
207,10.32257604899273,78.19510930803803,28.937466498487,-56387.169557426525,-228437.9015927475,-216342.94310686985,-2051947.5097583549,-709064.031839983,91614.95719731042,-2296362.5426080376,-255839.42703753134,2051033.9553885257,-40571.51114201292,1912.5398967431024,599162.9034902044
208,10.616994916188656,80.42575862288427,28.93744686539437,-36844.30870955171,237948.63940163594,-148643.74298047146,-1966085.7878836002,-739120.9530844331,24478.306313325655,-2003246.0959701322,-150895.29694746493,2206601.9806292094,-54849.142566029775,5808.717833295214,285622.2769499655
209,10.66312413213961,78.2762170074564,22.27083025355011,-221983.4265326757,-387577.3022925254,-440932.63776787865,-1055878.6660085097,-450029.89157507604,64366.618003893316,-1450184.390016068,-453646.1179672002,853337.141390189,-142430.77481464867,-10156.713722525672,431488.4345389797
210,10.937230415744477,80.25730226769676,22.270818558945056,-105754.44931689199,209159.1774603832,-448273.3932934246,-904187.5078339904,-353365.77424587915,37006.1834835354,-952438.0868801823,-421389.66280135006,1028959.0845315987,-287238.45541914395,-6030.6313854914615,209390.27894434464
211,10.663156430291881,78.27623448601788,24.479153216038995,-211831.27688086603,-388416.8377957478,-502242.3064461025,-1382020.1964279274,-748202.9074475922,60111.45039393816,-1884163.2491843067,-486435.4111531721,1268108.239214763,-130822.6971367581,-31527.30115045439,498361.2968096661
212,10.93725527799366,80.25731985424531,24.479134312878898,-90567.59583175585,187878.35196388653,-397377.7844784779,-1220729.2100000042,-624427.6949004345,8979.281197315775,-1368622.9150976324,-336846.6454335953,1405402.5321848807,-200573.15718473648,-8053.888933714769,230695.77870763553
213,10.663187044598839,78.27625383535079,26.68747481884696,-144416.89996200212,-246809.73042529286,-385919.96660339215,-1778854.093950477,-793348.9093685774,64935.92367495978,-2140625.006172058,-394080.3687899541,1757558.7779713252,-98426.94792206187,-16543.230275662503,550797.182553157
214,10.93727709449996,80.25733994170237,26.687454325888055,-53664.66688100087,214948.13896015193,-258289.26350170883,-1576546.5481559958,-699790.6275094146,4587.639971136417,-1667838.0812688074,-227206.44281579583,1798038.7326620454,-128031.10842224557,-7649.1944359930385,252694.01052057982
215,10.646081452640189,78.15245509439642,28.89579849196535,-51977.83064520546,-173338.65844517844,-208044.54950375314,-2264331.4051841795,-808645.368877874,92632.38709315176,-2498014.8385351202,-249063.81681352283,2313717.6167545062,-44445.9124312386,-1628.5262574706787,591664.646741605
216,10.954427237190654,80.38117753789292,28.89577724052004,-30292.012815821217,280842.65773954603,-141354.22666803517,-1993618.3254665786,-759056.6717967748,25059.82056465956,-2012320.553468539,-143927.81931422808,2265444.7910384564,-58839.75758910095,2912.9748367391358,277177.28088681557
217,11.148657925955685,78.205909390079,21.9791633880186,-93740.81378589716,-215616.99065412252,-298221.4084972846,-529091.5426694846,-182045.93439482982,136251.8064627489,-693136.3102648244,-359342.3021335122,444899.39946103265,-153109.99287833596,-10860.889499294608,442869.81849349424
218,11.441327626326473,80.18436697926609,21.979150269585556,-89476.28169397448,67552.12880286103,-417943.3433817134,-471482.58136052743,-143254.89746779593,80282.15021428373,-505180.28364159045,-430178.3294767991,495491.1168455627,-305563.54233924224,-7262.76074118688,203413.23606300508
219,11.14869309917801,78.20592944120054,24.27081885892531,-63545.44690485439,-212944.54083968405,-345332.42189180804,-693755.2883191884,-327416.1123242161,119521.14453787479,-891727.438048452,-385912.98009159847,655818.0085037039,-136595.73807625883,-33080.530008769034,505031.40499853756
220,11.441354336513784,80.18438737005305,24.270797778128298,-61008.3367546119,61688.21534007437,-341674.1705551195,-637530.0081052311,-279863.32988390344,42289.951739677184,-714327.7512640082,-321972.8721745427,695306.3314688937,-204403.47278277675,-7328.234840176317,233369.79550933736
221,11.148726271978953,78.2059517139574,26.56247332851912,-9176.203630514352,-140140.1322451064,-280112.5439222292,-889567.1902722162,-349504.5727942728,108007.83810482777,-1015582.974616711,-317368.3874508542,903522.482269715,-102374.92247817833,-16982.48845013406,560653.19396767
222,11.441377752485844,80.18441058336442,26.562450531878298,-29007.647246716835,79139.73850568153,-231566.3517384819,-821001.7168875292,-319434.2518568022,25631.707250509437,-864540.1769393135,-221234.32067301116,904340.2371328077,-129687.92356519878,-6657.567643807324,260483.69663061402
223,11.13046273491641,78.0823201295532,28.854130055568728,75892.06122465616,-88604.09314522386,-144586.66936287523,-1127589.26584235,-363550.13602874073,108390.7361109647,-1174599.3253671536,-187097.9726312371,1204398.5967149476,-43726.71361285159,-248.6391615605867,608769.1450466802
224,11.459689391210377,80.30808706832771,28.85410629647973,-32622.23487607661,109956.71470473174,-162130.48004709915,-1059737.2440347236,-358383.60553610214,20805.12115231804,-1082950.7125809249,-161351.1779718062,1159505.8903342872,-58263.42968458885,3948.2091789223614,287056.2839183357
225,11.804734524038757,78.10674717284,21.687495950928213,-98833.88805768176,-215575.03616321002,-316396.57253078214,-568927.3371367189,-206182.8391841841,147667.69929657422,-737086.9862097196,-384691.0021077624,490972.49156580784,-168527.51696524327,-9330.065620069428,468809.478448315
226,12.103584940066126,80.08429035056545,21.68748076314004,-99163.55873483303,89395.76775235726,-453954.745892012,-517769.04202384973,-169076.6756032245,86343.97970170266,-556225.3642573679,-462909.099062072,555411.9264449518,-336909.3089575636,-8226.012469745148,202317.299043716
227,11.804773173305259,78.10677112076833,24.062484126954203,-68533.01731675405,-198052.74371563896,-356913.7511558631,-753707.0110678057,-368039.8098830306,125427.16277833734,-955890.3208641979,-399869.97433319065,732260.7830091323,-144023.8100018975,-35181.214703626596,514200.27164683555
228,12.103613853750998,80.08431486291687,24.062460015968497,-66431.8014075542,86916.40177742044,-352899.72941187373,-708836.4648563316,-326230.0992610796,40427.85944229398,-792768.7910241053,-327980.85634702694,788334.5183291244,-208371.75990784337,-6882.668559910946,233853.62647353346
229,11.80480949063302,78.10679745127754,26.437471119737623,-10391.865561440782,-115215.93360618851,-285050.20409487234,-972212.0423493013,-390999.1796304088,112428.34637107835,-1093497.758882898,-324612.1785234719,1007451.9341438684,-106925.57054271358,-17666.200950483897,572634.803954523
230,12.103639169197447,80.08434232221684,26.437445254121904,-33281.55368051106,108526.89467430009,-236559.4582806552,-917756.3047543139,-367230.129763525,24113.621012574586,-961583.2426501013,-224133.24708287104,1024402.372446106,-132468.79792532226,-6912.014149715062,264205.6039978035
231,11.786162310116525,77.98322700258171,28.812460648647562,81804.16691103764,-54776.42520283848,-137082.6453179498,-1233575.2865870127,-411389.0758126077,114169.59648830033,-1267044.9050090879,-183651.8419192052,1340641.8433185425,-44300.91635730798,-642.4256926302119,622571.2758861064
232,12.122338659553218,80.20796587280955,28.81243355588566,-35678.81403098844,146267.89201202063,-163644.74820544678,-1189878.5410269233,-412497.72656567494,18822.702221059884,-1208768.4521822082,-161443.58579388278,1317156.3677516766,-59000.3078877102,3751.497804137399,293629.0851403696
233,12.460814096511829,78.00760433408794,21.395828738229902,-104806.99836526769,-212218.7153176031,-338310.1637125689,-624612.451945717,-234422.97043790686,152800.18669189906,-797439.1689907007,-409237.1415075888,551340.4331028498,-181898.0043951644,-5896.701538224115,490947.11570823373
234,12.765839256658309,79.98419472616129,21.39581141186504,-106635.1412242265,110104.87666317774,-492053.74396611773,-555716.2239736298,-187454.50877431015,88940.8544305078,-599542.5446570151,-493949.6368010565,604908.1729309051,-371136.49867482716,-8334.46707577608,198294.9601631671
235,12.460856088722213,78.00763276259754,23.85414944131354,-77198.05664592744,-181761.60441334994,-372557.37791183684,-830603.3725759336,-421058.6677194997,131114.36499038167,-1042314.936961811,-417403.033227335,828200.9312180317,-152920.296456649,-36659.183473479796,523732.65999341075
236,12.76587043901079,79.98422390014312,23.85412212863838,-69759.54208981214,112779.42103856069,-362759.0237766943,-764782.1807081527,-364796.09356833424,38937.12846921047,-852854.6229412864,-332892.33561560226,866007.813728943,-214227.4058441118,-6253.2317008652035,230805.50991410957
237,12.460895735265346,78.00766361336457,26.312468883812546,-15530.488915982298,-86194.5337564805,-291455.7834123405,-1077701.1497996866,-445509.19370603096,116157.15322019758,-1197623.8266528018,-333159.8326204675,1137602.853188466,-111835.56424586641,-18197.49508440245,581752.6041733401
238,12.765897785003142,79.98425607981842,26.312439785137197,-35648.45470453366,137842.53195631225,-240016.63434227929,-995009.3194950206,-406623.1446528953,23207.199292738427,-1036356.7542200702,-226014.76498312564,1124548.962112695,-136466.79386710003,-7331.8081992740945,263240.54695712996
239,12.44186545403035,77.88415722776367,28.770791224697426,83954.76157222922,-14828.185979767954,-129052.78152931665,-1372184.606458337,-474654.5155095316,120006.19324711482,-1393961.7518143828,-180374.1353839734,1514409.6812615008,-45122.88336760544,-1149.6840532018207,632151.4421494169
240,12.784984880429999,80.1078246382974,28.77076059605787,-37245.13349146329,181040.61378617166,-164681.29226920975,-1293120.3735836204,-457103.22365044535,16489.792203071855,-1306368.52395493,-160751.75282995784,1446234.4648103863,-61162.698004132355,2999.2245199346357,294610.4919907201
241,12.94544032960853,77.93129090054191,21.10416233819111,-260025.69301658293,-313568.51192050887,-521058.66089938034,-1360989.0674699293,-695582.2692217336,81975.0750368653,-1810681.9982656583,-533112.3154973591,1249141.447926545,-188003.1927374088,-3791.716404834555,496113.7610724563
242,13.268976124247473,79.90490632166075,21.104143570510587,-121062.83275640514,430874.5619907123,-562667.4059655977,-1172555.3051095898,-570468.539745617,44052.09280648394,-1226754.9628176007,-498509.09008217586,1472408.3761684862,-391634.13587253774,-7218.578094365541,194862.5233832242
243,12.945485113364823,77.93132299660576,23.645815268415987,-235195.4246597822,-192653.95926438493,-555186.1329240988,-1861101.1365673984,-1154356.776431228,65801.56154216528,-2422722.709045146,-524315.327438767,1964002.5196356468,-159982.24429135406,-38182.56628498076,529484.6445207394
244,13.269009383695977,79.90493936539929,23.645785483502017,-94007.2793013764,447739.79276795045,-432707.71598043985,-1656265.0762113493,-988804.0471865508,-6622.838080565997,-1834621.7471338762,-332867.13505518006,2088513.6796751907,-223740.89201978102,-7209.788870572419,222172.60333443322
245,12.945527763423613,77.93135773846238,26.1874674370812,-145818.50227930793,57030.59394288881,-383320.25710377673,-2462649.924932654,-1217591.1925069664,65830.83906131481,-2791184.626675691,-388798.5924710297,2707875.053706524,-116347.89746783525,-19431.159438990002,585229.5108046886
246,13.269038665949942,79.90497569187232,26.187435719514397,-50468.53092197483,522593.49027094396,-249349.06616182067,-2192908.2028095354,-1077818.9332392572,-10508.512832487988,-2252497.157869393,-201442.1964168322,2676715.247473374,-141628.72155189133,-8857.52792800971,257594.4558495239
247,12.925343185732373,77.80804128255356,28.729122828885203,-16869.1311749351,230833.81676604983,-130673.67391966369,-3172559.0176221593,-1289545.5251203864,102005.98801994887,-3291667.0190236764,-185663.93374779215,3560621.96444292,-48150.972584439136,-4017.09041538875,629113.4383630704
248,13.289284306480553,80.02836235487999,28.729089316026887,-12736.460769258236,663581.9386948436,-96085.17373580296,-2815485.3748638066,-1177318.0420879854,11775.873825625178,-2747311.409209294,-92025.45418779392,3394097.1675868696,-64794.2739528932,910.1232258838844,289360.2365373495
249,13.267868894440783,77.87631913372542,20.812496083311558,-249339.5314620313,-280352.84651876823,-498547.868633203,-1331903.500590263,-677790.8356988535,92105.27279030022,-1748804.4768971535,-521504.6676630129,1242068.8979461645,-189021.92317456848,-3018.213820516859,489635.7529397257
250,13.603739396717488,79.84791262322086,20.812476730539824,-112687.06949495105,496389.7986999452,-561595.067547096,-1236352.3902323777,-614528.3039883997,43422.742559981896,-1274085.0716184112,-492714.32974913256,1588907.0630254422,-398507.31748025457,-5082.8489192310735,191476.61429313087
251,13.267916100357297,77.87635388587051,23.43748206370451,-224529.7529317888,-154348.04742231796,-543205.8298404766,-1835398.313853087,-1155061.6011844305,77498.28965205725,-2372137.345365924,-521702.17179392197,1971755.8869652627,-165485.05383108198,-37889.77939253167,539796.101333036
252,13.60377454417312,79.84794846666149,23.43745075487663,-85459.75959338452,526933.4104404151,-438048.6688995626,-1763648.2529148716,-1086016.2836119835,-6530.25363815517,-1941872.432344581,-329992.38162949914,2275289.7959215483,-233218.88034784872,-6488.013678805111,223289.7971210807
253,13.2679613906964,77.87639179953104,26.062466762744055,-133801.89628124057,106850.41921043005,-370944.5723656359,-2447108.1430271617,-1228500.2877499226,74864.7185672444,-2748428.773307844,-383077.1438221138,2733609.8676935113,-119461.67914808696,-18838.426602903874,595520.44148891
254,13.603805631966232,79.84798815624913,26.062433228835687,-37725.94420708643,616454.785687706,-240764.31093805103,-2357479.354489487,-1189867.4943457348,-12096.083687139737,-2402302.138369873,-188888.90449084144,2929155.573403283,-143009.7232061748,-7380.820502394707,264373.25111634756
255,13.247008335335838,77.75320484462291,28.687454927901403,1430.651949720981,296273.48239572137,-112984.88708891123,-3154005.002379871,-1299808.3004831872,107035.1992731964,-3235343.519796215,-171735.69362746025,3591798.4606802063,-46847.77333231117,-1856.3494877818334,645437.2335507926
256,13.624823696915747,79.97125180115415,28.68741941256223,7233.356973321439,787763.5774742994,-73902.47945074193,-3059195.3398558153,-1307618.5603992736,11231.394338218555,-2954810.8996765944,-69450.65613012417,3745356.010803598,-63314.579250254574,3081.865052827214,300903.77987015684
257,13.590310544287444,77.82142465426755,20.520829716925498,-252851.80061659825,-258834.850798284,-496943.3250593662,-1402406.5650920335,-731628.6248765918,92831.70056402174,-1826572.1052847186,-520622.00487331994,1338564.13368379,-190433.67050125502,-3676.4733474007885,477574.73795114714
258,13.938489320600848,79.79084194890883,20.520809701373295,-109207.54650970551,510855.3333886596,-551110.0631799045,-1206832.788117734,-604913.480380017,51615.835882291445,-1231713.3352095108,-489391.3621316401,1571642.4210402,-402055.5206634107,-4550.373341078184,181869.81501986168
259,13.590360301545502,77.82146205406339,23.229148871645943,-225773.05544505254,-111655.82434697737,-552656.4032256686,-1954002.427716521,-1262539.2557295887,77710.15835020326,-2512432.069903796,-526154.0904484667,2148500.877334564,-171290.66680966818,-40138.65228644042,536599.022068003
260,13.93852640779451,79.79088061817936,23.22911601755925,-81827.73791342386,553135.0695990811,-435934.1413940272,-1739730.05911523,-1087706.6456258944,1624.618387493874,-1907047.1825171974,-332420.0296984169,2274840.402507244,-244487.21763376845,-8077.839284068609,215305.2058761241
261,13.590408274370631,77.82150330778542,25.937466091171963,-127429.66709743791,184545.9562317332,-367080.29762237094,-2624364.963908491,-1353253.7725194641,75526.97868270925,-2922996.3941529472,-378083.09968459385,2991115.485349464,-124930.20332554945,-21324.78338250953,591465.0083704967
262,13.938559381222714,79.79092384912992,25.937430703278388,-32025.150035817118,651578.499576795,-233469.51601818297,-2344023.464003831,-1199536.4096604015,-7271.27896511647,-2374385.1653830507,-184863.2042867926,2945332.2031926382,-148057.2814980199,-9054.387647815685,258683.36051136954
263,13.568688320769551,77.69845552416949,28.645787008912706,18404.72570635435,411589.90185633115,-90892.38147784132,-3419371.376958862,-1444163.2484868187,108031.9776853414,-3470310.6891060723,-151733.98765988887,3961146.9228508044,-50948.47458466562,-5326.694095351773,636785.11780866
264,13.960348307732652,79.91405504180136,28.645749454626547,12159.82140999625,829716.2108669619,-66326.85870495305,-3048034.301242859,-1313909.8420610682,12640.542134827258,-2925128.6297721537,-63185.91095381432,3763863.7142979736,-67616.10933369747,177.6114391477144,293459.97184971697
265,14.072866777508732,77.73296367556348,20.22916314567002,-129140.84033005744,-168054.1078223509,-333369.4153920666,-696334.1165945998,-284824.39323939104,166297.94966285638,-862238.5481430879,-419459.65674136777,651133.8413399807,-194714.25682084556,-4400.160189081722,482096.2344835241
266,14.439497360647339,79.69905919090675,20.229141370345605,-126004.19258148829,190080.2840835584,-526347.1642584064,-619430.0527200903,-234574.75673864761,93488.41369441968,-661324.6574674733,-519668.4197199262,718722.0044310633,-412991.270794086,-4973.163097995324,176303.22618497198
267,14.072919883816715,77.73300502328779,23.020814904946764,-102386.76254852918,-107025.69758009532,-395307.17876630486,-960831.9774460297,-535604.0824518934,146355.48136917877,-1179135.3344119915,-449625.91235373745,1024041.6078707998,-177901.69424738814,-41777.04145269773,540381.2157635123
268,14.439536817250092,79.69910214010366,23.02077934196359,-92761.25334354067,215809.32112110147,-394844.4144270034,-886794.4180781401,-472584.02287748933,41917.43518779466,-983487.9734863351,-356043.74435521965,1067735.371192112,-249014.1538287031,-7030.260910952013,219314.6427641959
269,14.072971175711736,77.7330509699362,25.8124648265333,-39606.182944038694,30864.056429896562,-297408.17568646587,-1277671.9857389242,-580340.1640911567,128572.55134108422,-1381405.1280192442,-350108.1572483624,1425362.983066999,-130124.12379261905,-21761.984903087003,600014.6921035151
270,14.439572159630348,79.69915035478188,25.812426584507083,-56625.55574991219,263856.85061427345,-244556.33045600928,-1188769.585110704,-531950.0455883042,21092.99465139364,-1219143.3006755393,-227978.7964017083,1409797.0614856002,-149932.9425413386,-7997.488871145515,267080.6934166329
271,14.050100952080108,77.61021541967996,28.604118721272975,78255.7491555796,155041.54638542898,-99554.56775006221,-1656232.0505839288,-632132.8481151129,128780.18342449941,-1624996.7726098108,-162608.62927660684,1921348.1296773644,-50437.691111297914,-3393.6880181108518,654610.9591646419
272,14.462516216496256,79.82207889379579,28.604078045067766,-58705.61640631115,344685.25028409186,-155609.5237328423,-1581028.3651696388,-601535.1442132606,9879.875877210581,-1564013.9554475602,-149814.97009284922,1844199.0356853483,-66587.64425152612,1751.7079056338796,306511.73685360607
273,14.724764360039053,77.60927535121122,19.937495982659588,-134158.83862360226,-158526.44892805448,-343048.475290301,-737043.3132323124,-317131.43969809,173868.3739737106,-905963.0230518393,-435674.89936409896,705904.1595739804,-203398.46469987294,-3689.949986283559,498565.9067402198
274,15.097536995161038,79.57422557961468,19.937471596207587,-134118.10290280505,217271.78949714563,-555168.5303885151,-669372.8449010961,-272248.80205143034,97566.96075933671,-720473.0001524481,-541675.2605117207,790133.4168699945,-436993.984852501,-6152.764516345938,175217.950206013
275,14.724821573604512,77.60932234351252,22.812480593447365,-107985.3868144115,-82588.31471536655,-404388.85503849224,-1020971.3445354798,-584351.2505787303,151054.28720154686,-1244867.8784162865,-460687.2239378252,1110592.545785841,-184580.8003635184,-44238.457714568984,544293.6540797423
276,15.09757926495849,79.57427448734865,22.812441238098742,-97772.27890240433,249452.15105668997,-402979.1532775288,-963123.8384717061,-532318.0874264789,41072.149883545986,-1069171.977036764,-359798.12966979784,1177670.8255833182,-251038.8523979184,-6564.81086995397,221774.81209603552
277,14.724876949537213,77.60937451968614,25.687462899009454,-41418.93336642208,65573.14707284728,-300825.4410062271,-1358198.4455556222,-628602.1952081369,133064.32075148443,-1456989.918416329,-356470.27697713097,1536788.9680936574,-135646.18004301193,-22450.699379008456,609810.9750892516
278,15.097617474681774,79.57432918443135,25.687420876625893,-60692.57359094531,305638.0042859579,-247467.86476111572,-1292137.7570591897,-591909.6156774178,20964.887872772702,-1321569.934456951,-230049.5413842862,1549097.0417751342,-152975.78528186178,-8299.100489507191,271773.86404078454
279,14.701626584109007,77.48661688025523,28.562449514900884,84673.56267659184,201387.57953961796,-89535.61488059346,-1760243.4824979887,-687864.246264115,134886.673138216,-1713330.3892413508,-157745.594266838,2067601.5108438055,-51560.00261719512,-3521.8613571212627,667750.676513949
280,15.12094784469856,79.6971925293714,28.56240471498529,-61315.91175098733,397302.2127265339,-154212.10242419335,-1724286.288319473,-670586.9206274113,8872.824828356896,-1699971.0170063777,-147902.7532239233,2029647.9687816538,-67077.7429777406,1875.1529344414105,316333.9318276015
281,15.376665570972143,77.48560648985585,19.6458289540989,-140123.0009487089,-145743.91624298127,-357647.6170447562,-793171.4445433957,-355741.471866501,176719.91703887616,-967135.3774085133,-452549.9074708465,776170.7506429134,-210942.2787403765,-2118.22992010354,512295.1183110365
282,15.755572942271876,79.44937303999545,19.645801980096,-140785.98362159304,237760.372865975,-588161.8543608298,-704783.3317257797,-297271.52333835355,98342.75734095575,-767478.4560913,-563501.1110672035,839792.1020420551,-466234.9362597425,-7148.053564398641,171729.0587432728
283,15.376726806632746,77.48565965839653,22.6041462249475,-117260.76333191045,-52884.917097966165,-416272.9217615196,-1101629.5093662136,-651695.6235058304,156059.6856103508,-1337221.1189912434,-474632.94383097056,1225435.4606308178,-192619.58440368273,-46151.37135720369,547719.2433207125
284,15.755618079428825,79.44942839448771,22.60410293812916,-101139.44861696682,278794.0837114616,-409357.5284477855,-1017157.8725390942,-578585.8323973143,40698.80134313059,-1129945.386133695,-362478.63742348045,1260721.1302038855,-254213.50914160564,-5967.663317446216,220659.18345663586
285,15.376786512497285,77.4857185021537,25.562460888296695,-46631.21968855922,109814.3993361312,-304550.9937898198,-1469098.9656949444,-695959.1543564631,136570.0265206963,-1565631.3722356341,-362922.1163068191,1687185.6744002055,-141020.29607802903,-23017.062991911083,616055.6805761254
286,15.755659298829753,79.44949003595855,25.562414944716586,-63515.07553444302,341151.7546249432,-249370.80293177004,-1366493.0135422428,-637107.1578803697,21548.289143986178,-1393498.3815730144,-231828.31740718448,1653592.5751389288,-156907.5768862758,-8786.154031973703,271615.4646771934
287,15.353156709712744,77.36304147728127,28.520780249335537,88301.46354501764,261643.50212765855,-77446.07386109977,-1908517.3290457523,-766662.7847247199,140887.86871497732,-1845748.8458388054,-151680.83233066465,2269928.569981047,-52910.62414985132,-3862.9920926091195,676200.0493893242
288,15.779375807494574,79.57228627885098,28.520731151244252,-63657.63087825131,439870.6309025228,-153935.99085727832,-1825827.772475251,-721885.4634279333,7576.4577572641265,-1795506.7493754139,-146813.70164780703,2164597.460190214,-69134.5603825415,1322.6665590631555,320040.3600226691
289,15.858089637559925,77.391178335038,19.35416267095094,-275909.2007735859,-101161.24903715745,-533858.3624652661,-1707187.851171927,-1036869.6428689937,99167.91682629986,-2179722.7547533247,-551794.5177649765,1820588.4602422912,-214004.63598781184,-1887.2675022898577,512843.4333654324
290,16.255383556228896,79.3512780154055,19.354134065343594,-118005.3113134471,762790.377206471,-635668.3105443929,-1472418.8048208074,-880583.7818063034,50726.94732888387,-1533553.0819947615,-522918.6806623423,2065588.5180057357,-483968.7021006503,-6797.850609283805,170686.41758381683
291,15.858154195335954,77.39123639965345,22.39581229387156,-237671.02312704973,195529.8961971783,-576370.5816356118,-2437674.070069362,-1758991.2387893416,80967.71133731835,-3059852.322259952,-535728.8382007015,2977069.4518951694,-197695.09380475266,-47744.40464611027,550640.139663012
292,16.255431229166973,79.35133857547189,22.39576605090129,-81282.86940846563,880766.4717715797,-450048.86935179634,-2174751.746818302,-1533921.8786486061,-10057.445710872853,-2392266.477720887,-312690.9128581219,3054392.123590328,-262028.56351748176,-7143.70609205326,213949.23601551834
293,15.858217784269328,77.39130086672502,25.437459620181155,-118778.68578366778,619011.697989655,-336123.7043402524,-3309290.5957061313,-1864681.7112501543,76184.68993375928,-3559714.078061008,-348717.27374396106,4072540.659670704,-145749.8344126765,-24287.720785082467,617133.8654105302
294,16.255475204181845,79.35140620725072,25.437410548835004,-24030.274414320942,1060226.5939148264,-202007.45461671642,-2963716.850976782,-1654835.181020332,-17897.704383176082,-2954269.8999067484,-143708.19053922486,3932166.955329762,-161745.67142125158,-10239.178365180856,266981.70827943727
295,15.833442449315976,77.2688585499021,28.479111972435323,71765.81386115254,988961.0237685161,24560.472600769746,-4346623.958625339,-2024314.7699794578,116329.84644785739,-4242843.353960966,-55919.50788433508,5384050.172075741,-56417.49110338363,-6714.096339920745,671595.6908460909
296,16.280343185024627,79.47397908761803,28.479059428284074,35272.801192053594,1344886.6120007941,6258.344451746263,-3897987.0256009563,-1821013.6195244663,576.5545879751818,-3664589.8193154586,11022.371292963931,5039985.205667089,-72771.89001108272,-681.9398110610202,316416.3736758873
297,16.178230305690334,77.3241569071528,19.06249651402774,-263869.2862560642,-72866.02035883539,-506494.03638590337,-1652926.0930884304,-1003476.067715225,108684.65794307143,-2089269.4624160726,-537152.4005305275,1783192.519945797,-212609.64316410967,-3021.13766588132,505175.61330133985
298,16.587774423266186,79.28177367170579,19.062467343030413,-104725.53633236623,841919.1390345156,-629372.8356383627,-1537182.4405419857,-939281.6428713442,48791.09280419078,-1583978.6104460745,-508896.513154347,2200695.8906642087,-489135.3329506677,-5247.605376313924,170321.9181590248
299,16.178297635013898,77.32421842169039,22.187479296323442,-227217.99835087708,228878.18213944032,-560091.9037675032,-2380309.159959969,-1740645.9151797686,93951.26026838856,-2974853.8117091116,-532120.3298524296,2948542.4215826,-203014.34025104952,-47761.69104347774,558406.8117355785
300,16.587824276494338,79.28183790988588,22.1874312814768,-66263.44336012134,989369.4446689986,-449313.3141990977,-2292900.6890795515,-1664364.008752015,-9623.575454036854,-2514294.4219847126,-302384.00365340814,3290471.112747901,-271148.21339595364,-6742.563238553147,215004.73123253547
301,16.178364605301372,77.32428740794975,25.312459103852188,-107981.31761828077,663015.663041094,-322850.88704252377,-3255007.026674267,-1857285.0373944256,86200.88690411876,-3478482.9120364636,-344113.87002143665,4054780.2404381894,-149369.50880689936,-23749.39181108102,625929.7924523398
302,16.58787070453791,79.28191034540346,25.31240788431826,-2541.624425895163,1196397.1926143023,-184110.61837726,-3152252.920428196,-1803587.3729192824,-18794.904323865194,-3121052.7803789144,-122352.5249659766,4253150.255156038,-162732.00292861546,-8619.21068120239,274503.04304360837
303,16.15282666324569,77.20200488010595,28.437444171296043,87918.09064633827,1045039.299847776,40773.200123433926,-4273708.3559493385,-2010535.5028353762,122094.3184406128,-4134313.488508639,-44567.54329645028,5352611.622422639,-55355.23057268942,-4300.031202004253,688125.8571634075
304,16.613506390884773,79.40433284501601,28.437389259991274,67653.69472072797,1530252.8251363093,42806.97667911148,-4185748.4548825743,-1995332.823795076,570.1914805459154,-3897782.781628515,46970.68216448528,5491525.59600018,-70894.32183099358,1723.2391359487947,329179.9853321907
305,16.50143939309461,77.25654334467143,18.77083026573059,-263099.62576942967,-47985.776101534706,-498513.3761036038,-1695528.6016259312,-1053014.5734541425,109727.50772065815,-2138170.178638553,-530936.2563291764,1859507.6569931614,-210886.82238661207,-5781.520295956929,493102.1773064858
306,16.917096471249707,79.21286132499908,18.770800408332846,-102575.85321224626,846493.8156068465,-620021.7659717817,-1516688.1311074789,-938428.4645396414,53057.68988589732,-1561191.8474992616,-503195.86938721105,2188283.91330929,-488887.5305473481,-5068.037564070973,165807.97651653382
307,16.501509576270468,77.2566082562933,21.979146298316163,-225366.66853990266,276002.13116856775,-562287.5872965009,-2469142.5889913873,-1842184.2623638033,97084.01749051943,-3084165.106357824,-533305.9969824069,3105818.978672395,-208236.2481384623,-49475.496355920455,556670.9197204902
308,16.91714848172251,79.21292916423438,21.97909654012712,-64993.190336629574,1011777.2565463712,-449968.2924570493,-2285935.1682016086,-1683725.472418621,-2640.6050845276063,-2508286.21599227,-306377.7122805725,3311479.7020255346,-281618.037010044,-7934.098904854584,209444.9522548909
309,16.50158000501289,77.25668198089124,25.187458562945586,-99525.10588218691,745710.5531196395,-314638.9614106084,-3399895.273838911,-1977144.2908122244,88802.38078484728,-3620336.1871853326,-337282.7423603567,4289165.415372536,-154523.9202151294,-25422.920924980714,623812.8458712294
310,16.9171974456013,79.21300657409931,25.18740521392618,555.4242945330334,1229819.741726863,-179045.53558425128,-3166846.7384222457,-1835111.8945894982,-14241.649481574435,-3131220.489449861,-120808.03219100813,4303358.152078013,-166685.55688497913,-9365.441247395467,272495.2746019991
311,16.475663205912465,77.13448547269468,28.39577632871168,107005.10396717995,1165811.3494983304,65490.32675084393,-4497396.550531489,-2149541.2697650953,124275.77368211163,-4327805.112890307,-23309.036444337307,5689420.929550999,-58129.02507833995,-6249.092551815673,685177.0353312586
312,16.94321752920923,79.33535310116615,28.39571907100932,69600.77249303262,1571065.2448638813,49306.621403530065,-4218614.351724091,-2026572.3033364506,2377.104479446155,-3920770.78612787,51259.063473099544,5559484.361415213,-73615.18461737293,65.70752794333104,327429.2822368174
313,16.82115627916069,77.1875622339418,18.479164241926107,-264698.5676208669,-15820.341513682855,-483901.6469969708,-1694992.4153158292,-1081054.8447537809,112941.03756444769,-2134750.7416293058,-522577.09165188967,1892907.2771496745,-209965.3219242107,-8586.981941530452,482017.5462767977
314,17.24903228036939,79.14124426012107,18.47913359402258,-101893.56315711443,879900.7435521143,-610408.1615469306,-1516567.2809708572,-967594.9063716086,53689.54678846779,-1565028.5355760278,-491089.9722341876,2223717.526658284,-486508.80834064324,-5195.084946632245,161064.47869954054
315,16.821229438448142,77.18763051130883,21.7708130987053,-228938.09672049273,328210.971085827,-557523.5681182678,-2503898.4945420953,-1904843.175132286,99314.45850154187,-3125918.2962295683,-531236.4813911729,3198904.083867808,-212836.60815424172,-50941.606925210544,556197.0380424024
316,17.24908647687089,79.14131574901353,21.770761525630597,-66877.01730753406,1071546.5730575083,-449307.23515995,-2317689.4244457576,-1743827.6414127254,-1468.4655160965733,-2546722.4919092194,-304024.11244239996,3406108.924941645,-290482.002386072,-8722.228127889432,206604.32003232845
317,16.821303403397053,77.18770911095831,25.062458077175467,-102212.84157437854,827542.9736540887,-304906.24118212494,-3470625.737118021,-2055663.0739471985,89901.98887684276,-3683534.440444547,-330953.03900676937,4434911.3703489015,-159436.88145314442,-26327.84640999721,625246.9887012837
318,17.249138098232276,79.14139833726338,25.062402525989775,-1153.2964518544031,1310715.273253689,-169756.93142078863,-3235521.1122464053,-1909348.106663695,-15402.549252099818,-3193726.042905481,-112055.42152789207,4445586.509814417,-170087.8693525963,-9527.145178112001,273536.09982400935
319,16.794626460448473,77.06568227177817,28.354108765246167,111431.5829019185,1283334.4752274468,88099.25056795409,-4613015.41670545,-2238758.9880713266,123624.95543574668,-4412733.068411078,-4347.907024994092,5899946.284133391,-59923.23090062819,-6740.829011378013,688264.4700671844
320,17.275924191717948,79.26358526868985,28.35404908193175,69406.93349614763,1679908.7334977665,67217.76712348225,-4333916.77417898,-2109875.737295541,-91.72472492558772,-4012635.7978908075,67709.45446209694,5761459.777546108,-74714.38855407402,-257.6679961614209,330867.2658395518
321,17.1434902677912,77.1158951072298,18.187497947293735,-260531.48797196092,1339.0460316697136,-465646.13814493065,-1661868.048346638,-1084232.0541852552,122171.32964106095,-2092063.108318795,-515951.4176436287,1883175.9458772019,-211195.83079452568,-10875.705224454921,471535.7393370026
322,17.577471506841306,79.06824004742698,18.187466562824113,-93908.23494491086,925184.0106616055,-601318.0096832435,-1543137.5239220646,-1017648.8044850839,55288.56120967323,-1594013.1078823076,-477606.8702334088,2301577.744149167,-484403.36731102713,-5566.115304014263,154718.88741104899
323,17.14356659952865,77.11596684040039,21.56248017934529,-224564.80832149225,355892.5118881953,-549108.2602235432,-2496658.465907662,-1925795.6493784087,107717.28505060668,-3113543.6109029464,-530691.9289055285,3226454.983151634,-217140.59430114116,-51851.871909872025,557462.4387938549
324,17.577527937100164,79.06831524694574,21.562426810986256,-58217.515321986226,1143366.1296413061,-449339.9174406421,-2398023.424494358,-1843901.409570303,1171.5432672408813,-2637735.4153592526,-299444.40238816274,3572988.5146260923,-298146.5778985177,-9011.117053370612,206619.886191348
325,17.143644216327786,77.11605050798946,24.937457627234355,-96698.87295321515,868814.7093220077,-297596.02640315524,-3480521.469999704,-2088746.587835008,97222.1242246178,-3683836.3051844006,-330057.1590464517,4488413.274196489,-164154.4272611332,-26488.237052064105,630135.2793070988
326,17.57758231491219,79.06840314921158,24.93739988551264,12144.37895828759,1406383.5849275547,-158294.67043541983,-3372283.433039196,-2027242.161605745,-14523.529351665049,-3322169.1629168005,-99566.42346946229,4681968.879836686,-172744.6908455115,-9118.24146696376,277459.79607161833
327,17.11658914923747,76.99411233003376,28.312440959709487,122411.94414467213,1339594.7519963977,101235.29359833905,-4635886.991165782,-2272535.4627192644,128228.96787617722,-4414194.830080663,4227.457696153364,5973209.362123918,-60713.1771814102,-5830.131791642257,697777.7310487989
328,17.60475225575837,79.19051176957905,28.312378876963333,89342.55010711803,1811095.2822214458,92167.63798719284,-4551694.345852762,-2246213.119616025,763.5852389405297,-4197357.286877372,91008.49386989372,6098954.263323234,-74278.93056103155,554.4062053996267,339419.0556958268
329,17.45974461743124,77.04567898674031,17.89583159974373,-257526.87077858654,56102.83533642031,-460915.1732476416,-1738641.2260526102,-1187122.430869639,123374.34739623654,-2185758.573809792,-510822.24376630405,2034241.6088862875,-214672.64840322002,-11429.928703000618,456822.626995557
330,17.911989917437804,78.99378402349762,17.89579947225268,-93992.04726159631,904343.3878792753,-588177.2125650359,-1443620.1849681225,-972700.7870429966,65379.66229442881,-1493345.9904101526,-472645.54351484287,2188165.6619776385,-484743.1642820977,-6540.681937985056,143637.60651756596
331,17.45982428100517,77.04575425496448,21.354147250152163,-211090.12339013125,474311.4302024322,-546545.4579083002,-2669771.7901890343,-2126085.748625298,105506.97919318613,-3317386.0147457044,-517487.94658682786,3551549.8102365313,-220902.90339175006,-54861.690162505925,547917.0151896449
332,17.91204867598733,78.99386316861737,21.354091989899956,-57920.42821313109,1138124.7728172033,-442394.5298815575,-2289394.1888974053,-1782843.101960965,12523.744777309617,-2512552.5986391776,-303529.48299235234,3453891.896354044,-307575.40178833285,-11263.821775018801,198886.44846337356
333,17.459905600212938,77.04584309035017,24.812457180810316,-67056.33673602372,1060588.6687665328,-272570.8336493694,-3749796.9919707137,-2316944.284069066,95762.74957690197,-3931139.5803182754,-301259.5597977633,4953360.638497179,-170419.35089412867,-29693.142363450526,619859.8052331328
334,17.912105918956982,78.99395663019523,24.81239712392912,13802.64097126486,1412452.5026840542,-151308.22105595114,-3242102.8534402084,-1969511.0153427483,-6567.6905607767285,-3175170.890014311,-100356.936282611,4550474.74889629,-178673.4755748079,-11731.874281832765,269632.1494361729
335,17.431712451614267,76.92417529600849,28.27077313286857,176609.50559223414,1627184.1220834835,162152.58955557813,-5059199.412376804,-2542454.029068775,128029.21034268345,-4751026.9783316385,62578.82686456852,6654394.368698366,-66505.51094123466,-10517.666473807196,681065.4026550008
336,17.940419835499092,79.11580613129487,28.270708524647883,85740.37323492346,1814095.8770347447,92705.06297637196,-4373818.869134791,-2168849.7111288025,3758.7325759832256,-4005445.502031318,88340.36248007066,5909646.452797289,-80183.30164197006,-3664.85298004796,329180.7473079931
337,18.095466396108744,76.8917157126111,17.60416506382566,-92561.35753300654,-72736.85448651822,-252817.86148114194,-521616.3850034416,-218635.69870479972,220564.81646892987,-604431.477530672,-371680.5065618284,557995.910591834,-226614.85883505616,-12868.831289802793,460696.8753045796
338,18.57204486074371,78.83409171027543,17.604129704788836,-143235.1780262075,159890.43834617935,-593167.2023085906,-450751.67110130494,-163519.02948579192,100274.81214118915,-627328.3789165234,-466037.4591939992,516853.89612190356,-502695.58846758446,-9265.780754411802,129618.60908474315
339,18.095551991579818,76.8917987272563,21.145813321394723,-51636.25945083941,4019.180499427108,-370404.1934047317,-777174.6304077226,-452901.37843768083,199924.1656385738,-878847.8057189268,-462229.2040580376,923055.7374208205,-234355.06848033206,-56649.77203081635,547681.459426241
340,18.57210760743738,78.83417931208447,21.145753392732992,-104654.99897711042,213007.90640812842,-436422.1202051123,-700251.507493301,-382735.16924216953,48654.18820814907,-800519.8858954004,-385370.8443038048,857821.5174251107,-309296.69706739765,-9046.918174265593,207751.14017800245
341,18.095639072268032,76.89189673057744,24.68745569239751,19561.16401171001,144192.71553092098,-286192.819459137,-1059765.6340168216,-503184.1141107284,168270.05164917672,-1054586.4032885395,-360274.591831406,1292422.0552034394,-178210.38415216838,-30246.279993893804,628241.915725426
342,18.572169395958703,78.83428250462313,24.687390978024563,-60004.1838170557,276462.28548735764,-263860.7273250799,-974185.3024428566,-442501.8490768649,17544.341296874267,-990765.232850581,-240139.43139483483,1183502.0385906375,-178228.45644135843,-9972.754385685623,287257.68117648154
343,18.06593049691576,76.77059594915379,28.22910443979008,171759.57342845976,315687.70649664174,-44483.98480024804,-1419245.369141018,-583423.5335031571,154959.96505963267,-1252780.4821786156,-121976.693455641,1817720.47075911,-66236.12695464269,-6829.218605777814,706861.2369383371
344,18.60200808249267,78.95578360423335,28.229034825647293,-92199.26546798405,368438.7591136689,-191314.124536571,-1394542.9407285727,-526477.5070065644,-15185.090240114094,-1384063.3865389868,-168437.46061113558,1637426.2162592364,-76673.33536815998,-505.1383934451653,354972.9405383605
345,19.062822545800216,76.65114050045209,17.31249805539764,-107238.40172582018,-57835.57200211487,-267653.5556817462,-556197.112083988,-250585.20448748898,240403.93735812,-639283.3123841541,-404832.3846445452,611388.1676190181,-252661.4187282145,-7801.702222723726,481204.98227867985
346,19.545468553121662,78.59202782355393,17.31245743513542,-166345.91048332996,188620.1298207187,-642656.8529720736,-486836.6490357784,-196998.13972179496,114702.4809759895,-687081.0816845476,-505121.429662763,571819.8777126258,-549129.2266622684,-12862.246935536925,115595.55646898817
347,19.062916895778955,76.65123659602938,20.93747878640889,-66688.19031824017,30010.796394747274,-387759.1618286298,-832164.4516906877,-502936.0069452389,208824.98082428516,-943407.234857597,-485203.51670027856,1004174.1958057528,-249384.68118805156,-59246.505640283394,550889.638106226
348,19.545537350500776,78.5921291333116,20.937411495688526,-114733.64330511254,244711.89569115452,-447472.04759823455,-766406.7818514792,-438404.44907261425,50209.66103773639,-877706.7678144667,-394500.1209780901,954713.0935803645,-310980.7791840838,-7898.556817849077,215692.77000266104
349,19.06301211082002,76.65134839230046,24.56245295779505,10536.440891236489,177676.5919680993,-295325.0390049355,-1130476.3254253967,-549828.7994331163,173910.4750546076,-1124741.0068373887,-373550.70503434644,1391179.7057261358,-187632.6531816645,-31681.687642264147,636159.7529781985
350,19.545605466213228,78.59224657207398,24.56238129537287,-69491.95919211721,312711.50101365,-268388.34237992007,-1061390.6050226104,-496096.144172074,18134.64252849885,-1081086.5686774421,-244828.63977838965,1300746.4078974444,-179733.8364544547,-10987.54176837182,297568.9457680612
351,19.032931825138252,76.53015381102412,28.18743417696654,176608.63126633823,362165.18151515326,-34875.26925428648,-1509985.96133858,-637668.3177004256,163541.23233997315,-1328506.3483392606,-119808.17016270332,1952213.0620291692,-69582.06837375638,-7471.492792516739,720962.4727363838
352,19.57582885112378,78.7136681363651,28.187357176248625,-102987.92053653084,414328.8108365679,-196376.9782526642,-1519716.2355082114,-588743.1559958506,-15591.6825503013,-1508466.372366089,-173272.96270787748,1796703.2471213392,-77006.10640265039,-794.0644271335568,372955.2449516662
353,20.027157815181383,76.41136671575802,17.020831313444617,-119014.33347555806,-35481.42939972475,-286066.4966982895,-603934.9629185112,-283097.5563870697,256350.37900642038,-682744.4292971608,-437024.356559016,679206.5262826046,-276496.65125561465,1880.2597459168724,502558.35034016665
354,20.521912374981383,78.34916275782393,17.020785566267257,-186902.8275418115,213837.5227483517,-698831.653705663,-506767.1007339484,-209170.8941510134,123772.79873879599,-745062.150404083,-530427.4475163231,603592.6394212833,-605865.2809478977,-12260.1084817709,96061.49384671716
355,20.027261202685448,76.4114775221003,20.729144096318755,-83433.25363221156,70140.93831867616,-407558.96827098954,-905642.0988006565,-571458.3463713309,218590.62215932374,-1027991.6646986954,-510670.8098492127,1117811.1909633833,-265731.2416038509,-59540.21978114009,557536.7975418785
356,20.52198807569736,78.34927934433074,20.729069124319807,-122034.49699537853,275904.38792241353,-459861.6361382529,-805959.9561320058,-475162.2436959829,50443.41988777394,-924338.7047329572,-402409.3146299785,1020756.2741517181,-318787.96729585325,-5706.7604250090935,215446.5371241641
357,20.027365084926288,76.41160429086865,24.437449861451753,-1561.1536342958861,230976.92119468134,-303411.3205092212,-1228963.0043530306,-617485.2692280546,179182.3055431284,-1221358.5543837624,-386256.62297717313,1533619.6244120994,-196674.5941855422,-31839.95614382936,643528.0589595775
358,20.522062948830378,78.34941230446414,24.437370909105656,-74000.60901194789,345645.7447430645,-270616.0453501156,-1113211.1219882788,-531532.4290816778,18489.97682924826,-1131259.703939547,-246754.0741812475,1379042.8685017955,-182209.72230529744,-11209.225963820618,301268.5313063656
359,19.996536021032654,76.29061700467435,28.145763521904254,178820.40871353072,437656.9024896314,-20187.050216642616,-1641668.2762863375,-717148.2706375158,171993.1959006762,-1438734.5479021673,-114128.83638713135,2149153.6452758177,-72462.47431075224,-7198.194484311783,731943.7822122405
360,20.553049308561267,78.47065517952905,28.14567883031406,-108856.0207517232,453163.8707048292,-200845.95876297046,-1594155.9131865886,-628767.3425878935,-16894.503712587182,-1579139.3108942888,-176514.78572256834,1899115.9878069928,-79000.01193279534,-986.5328390040119,382862.2876122248
361,20.81805306179077,76.20420251231812,16.729165298399124,-230834.43263858312,82761.15264900567,-364937.8483279548,-1010106.9358541617,-677374.1874748666,236320.37630209446,-1204249.8424500003,-541564.0168114465,1232802.730943914,-289679.6453893217,7997.409445022002,514535.48020181595
362,21.343009167816657,78.1339852308584,16.729115360394395,-219226.82281324224,538555.667137328,-746172.4877155059,-850039.9360297532,-554094.8426318454,124916.80123638645,-1029841.6527255574,-632011.9079543932,1235009.9172885302,-646852.2848684618,-10092.897339901234,81953.09901197442
363,20.81816446310193,76.20432619576371,20.520809947337984,-217694.3394123614,351425.77110299637,-478203.19367792155,-1579510.7045971195,-1228668.427419978,192553.40623016152,-1907021.2533477058,-565048.5150393129,2127598.0063997316,-277606.16510834807,-60596.06809497811,563357.5146896624
364,21.34309149290116,78.1341154557483,20.520728340597103,-178579.58720261892,677811.828208222,-480835.7178897221,-1403403.4658952707,-1051578.2750212292,42480.94884082991,-1607207.1787393116,-406304.2751100268,2031907.9769652197,-330387.8556972303,-4991.69858659181,209377.29991215037
365,20.818276462794106,76.20446662609787,24.31244761625625,-139660.79020412383,676028.7847859004,-306114.6442732013,-2185612.0197846876,-1302799.6810665394,156719.86591709347,-2254595.2294633687,-400330.46988138923,2885179.0496533336,-204788.7249559781,-32606.662946651435,648719.1784430102
366,21.34317289137749,78.13426287001217,24.312362221360967,-142997.48397316434,834549.3395894561,-239578.66313904966,-1968124.6990423887,-1135373.9995404175,13562.067021957648,-1986253.9644618132,-226947.26562651785,2665174.422565573,-185468.6886590431,-11941.046064536094,302953.28865152795
367,20.785567126313243,76.0839926322726,28.104093941294938,71711.05152446125,1054644.0833349733,62859.2861251437,-2913998.140404955,-1459136.823736293,163333.68932698184,-2661011.0374644822,-65183.32649127858,3915408.7849403378,-76029.50229980415,-8103.537310294115,737128.8018400485
368,21.376052820496703,78.2550183778864,28.104002476913337,-157209.93141669896,1080842.6872837308,-110370.12640824268,-2719369.8854049533,-1279781.7162120307,-11744.813784531596,-2607096.5815546107,-109798.38902453783,3530157.600037937,-81307.53100725668,-2044.0820922550547,389176.5327526756
369,21.450610113655515,76.02564040245599,16.43749934298246,-228839.3009184816,108239.39274472519,-356416.46169990784,-1006640.8504534133,-680896.4884327936,246322.46780599,-1184448.4025999554,-544395.6144733286,1251827.6471996205,-296431.62126433715,10961.538137174786,519952.29685330857
370,21.99365709859765,77.95050205335366,16.4374464080799,-220811.5786502577,611344.749334052,-764663.6868858571,-897184.0109830201,-613397.324626462,130245.32033573602,-1083919.2775166708,-639275.6773844179,1349064.4386990252,-671062.1029575856,-7002.141141408591,76205.909540419
371,21.450728687626157,76.02577486920495,20.312476809071164,-214230.94355807878,387977.1231680146,-479733.3189574702,-1578510.0553639277,-1246669.264387597,202852.56059704584,-1895671.0214946228,-573277.9331101697,2162961.815257257,-288525.0938936513,-60933.23797434237,572349.6616493688
372,21.993745412385792,77.95064364330545,20.312389972028182,-178206.15946090987,774698.9607259305,-486607.89967776125,-1493653.3853113793,-1162322.4837141547,45825.00601863113,-1707784.6026919128,-408055.8177286952,2225725.322007867,-342040.6354892477,-3660.6278194907172,208087.44749575166
373,21.450848213193954,76.02592754375614,24.187446264558655,-133313.27680357976,722099.9713387793,-303887.3894464056,-2185820.4870205014,-1321815.7672975583,163753.30662151438,-2238165.8139236323,-403231.6692973732,2926296.7883097995,-212580.3998267084,-32996.53788376888,657046.0963305029
374,21.993832996518943,77.95080388875466,24.187355618008652,-137128.57083271688,950511.6956367255,-227389.3559975649,-2104182.5578928883,-1251921.6754036162,15904.8750912316,-2107610.7863018685,-217566.0994899389,2911170.654598253,-186081.26981715017,-10826.951997940465,314380.9365970356
375,21.41701506791088,75.90577231078026,28.062424983775166,89134.88866949128,1112203.8273276694,77804.14642268876,-2904765.072965681,-1475704.133340427,169750.9073312415,-2622222.0865885685,-55929.0151308193,3957293.9641392366,-77599.17595277652,-7055.999580728377,751930.2209623335
376,22.02784898727364,78.07126360118205,28.062328033356263,-146806.78933864424,1235766.9758677615,-86414.87045534205,-2920794.432049414,-1413740.2733527103,-9266.477365953062,-2770825.4624228403,-90569.98214992533,3863940.760646541,-79310.14852546391,-635.600749991931,407465.799959645
377,22.083214653602212,75.8472475440086,16.145833203743774,-236141.79977549834,158936.7378001241,-355811.53939163353,-1063122.1043468877,-750845.3163802613,252827.85541733168,-1245240.4249760455,-553832.5258288656,1366056.3494379036,-304257.2088847134,14333.655526783612,518731.7932935487
378,22.644256827352585,77.76685017344614,16.145777170185017,-226358.81167879183,631750.8379506188,-781413.2073557558,-887827.5103473121,-615700.1399350218,136455.0217299105,-1085067.6670432352,-646500.5775709191,1355547.0635302248,-694378.3627819298,-6497.693938647625,65438.82766674961
379,22.08334069197486,75.84739311504876,20.10414350048662,-217928.11908965372,475870.6988037041,-486121.70133406087,-1679826.1497248479,-1370280.5947795433,207779.63105473656,-2014336.5812057387,-580495.6917409382,2366653.1513266666,-298197.9412782422,-62350.63619988537,571416.3821715035
380,22.644351306198406,77.76700351333746,20.10405133407967,-181058.60905410885,805055.5077498365,-493555.28244583635,-1487839.11404598,-1174218.7284367576,50864.932561243266,-1700623.1599108775,-416019.21695600887,2247083.9931167774,-356372.53135891416,-4039.8662872698796,198198.1520605101
381,22.083467958080714,75.84755864174491,24.06244468894886,-130622.4275465667,846910.9071308593,-295233.0406179838,-2328319.1920351693,-1451113.805348163,167162.54605163768,-2367894.6277405624,-399253.81346828374,3188203.880175154,-220867.328409113,-34625.4572344491,654322.3285866515
382,22.644445465322054,77.76717718601233,24.062348699136102,-134964.7258686475,984280.5046726953,-223946.10750907456,-2099689.8491456956,-1265196.5632474571,18916.076387130273,-2094390.4932078253,-216779.59604598282,2936539.7605487807,-189836.48219809285,-12087.62500362661,314225.64407598064
383,22.04851724869213,75.72774402703743,28.020755773779975,108779.4969309463,1288585.1825353247,113532.47076222414,-3109614.7411841853,-1624971.366690658,174523.63627314274,-2777915.0203027865,-29621.991599060446,4318434.16213034,-81716.77666021805,-8766.782413505096,748976.8408224166
384,22.679592068815452,77.88732048595396,28.02065326885129,-147476.4937817331,1271289.2552526454,-85166.94175542542,-2913780.869803683,-1422719.5077328756,-7953.559622311942,-2753967.5366476574,-90840.76154480947,3883454.117907954,-82271.07505792624,-2954.445342616286,410853.2845900246
385,22.865758617002925,75.61048455267071,15.854167369221512,-173448.86470744672,58518.048034268286,-292326.38589806546,-690593.529614164,-364551.6263638375,281012.01159352734,-759117.5232913129,-479192.52046712686,831052.841187196,-314512.6332650957,19956.69826399596,527186.4310154957
386,23.456736994630187,77.52113418972809,15.854106707521726,-253761.1633614261,332772.47778227145,-813910.8122119078,-565471.3825799958,-272873.5086949795,136010.0238979149,-875718.876301924,-595254.4854498229,736073.8639606842,-726781.0376257633,-5917.246566372679,54839.718308245305
387,22.86589418790132,75.61064448809547,19.89580991153839,-152968.1974797952,217651.48367534112,-455771.38117766974,-1050698.9455227065,-736433.6015009169,227767.98924710762,-1203574.558978969,-567461.5755567331,1379948.039553578,-310994.8575695578,-63598.8221509179,574560.6807232611
388,23.456839469164013,77.52130286912389,19.895710612168497,-190546.83044140882,431957.66329748795,-510416.1129038525,-929579.2130663897,-616140.4762608238,43876.95666130907,-1091010.9715970303,-439471.16368291853,1261476.855232176,-366267.1309037475,-2160.992826431145,200346.93938055387
389,22.866030894225425,75.61082589019975,23.937442838738882,-78579.83403663221,426485.1117770467,-328665.3995198653,-1421580.0642528005,-790943.1258464393,176762.65800489404,-1420518.4704544942,-419684.8648620118,1859443.2135370553,-230341.622161763,-35699.83514269594,657692.5587260781
390,23.456942085458454,77.52149318858304,23.937340026543282,-138393.49182004778,523644.528068812,-276405.08441478544,-1295256.085126753,-683513.1325797924,7310.058068010934,-1325163.832896644,-251336.1726804072,1685345.9574110298,-190265.21916243844,-11727.789362317531,326645.4703201115
391,22.829217776827768,75.49158517612223,27.979086445227328,131499.73841848868,717478.3644083581,22026.305941046943,-1895646.995755143,-920057.9934494826,172198.10021744223,-1640031.5659023803,-91603.20833358137,2602639.183003856,-84833.98373408351,-8260.955953631166,758091.3542466788
392,23.4939672548751,77.64109216136326,27.978976867097604,-194184.94652222365,681676.0680228951,-204839.1107674599,-1868836.1863783025,-803745.9917201615,-32350.393839734024,-1852704.3156007836,-179552.41548066,2314908.7418146553,-80765.96932622917,-2394.905873371386,431962.1472161141
393,23.813211754480125,75.3108744509869,15.562501297324769,-182269.98562442948,83979.97532173598,-295828.2076010788,-725407.8504908849,-385435.01543876796,295136.7175437263,-787866.5868296897,-493524.7690826018,887273.1380085194,-330055.9480613113,29853.242109452884,546990.7239082544
394,24.416128441324908,77.21783133857299,15.562434762576103,-276043.5367870899,380178.0294927555,-857924.7233066827,-610612.3305491167,-310089.1561783058,146662.505594724,-931259.312211016,-637489.8880800817,814958.9696900806,-771794.9358061628,-6584.119080351958,43340.995368549535
395,23.813359066092502,75.31105270381133,19.68747626675067,-163453.3926807759,250885.2138521534,-471376.8266660459,-1091823.1852163922,-775614.6606069651,234172.9127082567,-1248745.1433752992,-586309.4793670664,1451109.617247698,-323722.6747576581,-65487.62244570963,577791.5030777454
396,24.416240899564222,77.21801903666638,19.687368271359475,-204112.33147235087,486771.0079586591,-522081.34815625474,-1001740.971560434,-685814.3294348458,47739.477711469335,-1173173.5432623238,-452664.10577250575,1386414.9773648828,-373808.0875041366,-604.4300026099534,204883.70303847152
397,23.81350709775547,75.31125333180144,23.812440418816774,-84321.90060733457,465366.89660685207,-337055.73860922793,-1463734.7841988609,-827484.0268344922,180514.98552930218,-1459721.2088406805,-430429.5248689171,1934139.9910998875,-240021.2158841418,-37120.22904739791,661372.8922363034
398,24.41635380682523,77.21822904899525,23.812329574858627,-147638.03185639574,583921.0181136606,-275613.1473131061,-1386725.7578722083,-752772.2544534776,10751.961274418984,-1415141.2069584262,-254708.61650204466,1830519.6624046294,-190344.91800662383,-12167.332365630493,339434.1968783299
399,23.77595821954844,75.19226069863758,27.93741623353008,140883.27100603154,769116.2206612175,34056.27137594964,-1941692.9570556718,-962943.0272087505,179005.73924691402,-1667943.1467713977,-86514.80514201461,2698513.7149566114,-88247.38168536665,-8794.765850273783,766254.664662827
400,24.454134235198683,77.33761510911746,27.937298363045514,-204569.91812519773,757046.679788215,-203250.46528037896,-1999374.2887860208,-884435.2547712666,-29467.31654001182,-1975529.6403826482,-181590.03982917056,2506345.976594457,-79290.83837240082,-2374.266686859259,455485.67055832
401,24.760688939415957,75.01133921907801,15.270834948213142,-194076.5061492177,122711.90719348205,-306672.0118098212,-785787.1826047947,-426466.6096929463,306042.1037954755,-840331.6552022431,-517100.44807372714,979395.492510414,-344757.5613557672,39843.43530654343,565511.3006816007
402,25.37549628865186,76.91445518873087,15.270762463808314,-296771.98714789655,409271.66359845246,-907306.3588107845,-634888.3297315933,-322311.63200649613,153514.1561952708,-982076.0470717545,-667234.1029889403,854503.4677004655,-823050.2965124142,-5676.891722165477,26742.26911325836
403,24.76084818332057,75.01153682105581,19.479141918062577,-180890.45803177968,307887.5993306587,-488727.84093791276,-1170126.285456201,-852970.0221101365,239383.66338107098,-1339747.9890971128,-606733.8643174127,1584751.153775492,-335920.15779868595,-65881.47906901168,578840.3895470784
404,25.375619329312762,76.91466280495153,19.479025099633805,-214162.13866802971,521661.0720110495,-531868.643524928,-1035618.6778764112,-719008.8439528475,49987.6260706969,-1211308.5199479535,-463229.2323230927,1450168.0420891386,-382151.542477401,1764.2135788234343,202766.3594374109
405,24.761007862659163,75.01175740497482,23.68743723160541,-97651.80888605255,535191.5471427734,-342753.0423300384,-1556661.180707559,-902229.3679634557,182651.37725509654,-1552002.2492895317,-439523.6558144968,2086312.601030711,-247849.76265238985,-37422.29968778013,662038.0375863111
406,25.37574300090863,76.91489317812531,23.68731832004326,-151929.14909605906,616792.1616299683,-275770.4033961117,-1422617.3185333444,-784166.3794852239,13795.871684445241,-1448495.109030223,-257884.84129824067,1895472.5594662614,-191678.87281955575,-12501.229325629325,344282.94003610127
407,24.722726265854458,74.89302278063415,27.895745290572574,143038.74775378362,864723.8789225915,52757.61671588977,-2060165.1446608189,-1051839.0070599911,185450.58326366585,-1763979.6912311905,-77807.3843700179,2902307.318993473,-91132.54147938578,-8764.746514201232,769654.0924565375
408,25.41427624780749,77.0340574514248,27.895619101677845,-210897.27677208197,791171.3947987031,-207213.35699579847,-2047884.5174985398,-919347.8887782606,-27729.406337611126,-2022236.3117826462,-187054.39086370083,2582351.4636771698,-79904.47120949115,-2850.461766946023,469627.23762685264
409,25.537101159534522,74.75518195428339,14.9791691282194,-298735.28531211184,421679.1601878673,-368335.35272467113,-1312039.0388040838,-1011811.8020039577,275740.1336721534,-1493157.2344506013,-608438.744714829,1856204.5013165143,-353492.0418761362,45844.26904832833,576473.3965780712
410,26.181549738973004,76.64841475693204,14.979091946408747,-302523.456598604,945325.3269828088,-924533.773421392,-1076006.8586822296,-841526.7878535321,150343.5591431983,-1345341.8542311075,-741275.5217996523,1804885.4729935732,-861456.3242953982,-6041.423797453107,17847.21597166774
411,25.537270874236345,74.75539605488963,19.270807929136012,-300085.9827165271,864549.676435454,-525760.1459427658,-2016455.3651326664,-1810656.6017920447,201075.6886620404,-2432838.9010044923,-623120.5581401895,3094663.0069208425,-343279.02187581087,-67963.79105634731,578714.2627600328
412,26.181682469042087,76.64863971450278,19.270683697107582,-254156.1888372497,1180984.6508839105,-518005.2712185266,-1784268.980927573,-1564543.4688886777,38508.53275044985,-2071686.0516365862,-436810.2800624686,2917319.522527189,-392529.622335142,1718.5259268159118,196707.15489269787
413,25.5374411753505,74.75563425697926,23.56243486624737,-213579.53474461404,1319568.769781048,-286640.83263881295,-2719522.764080087,-1870626.234228107,150716.16052702142,-2764293.041462837,-403857.50720246154,3987498.9510629186,-254517.0339105246,-38301.23323849348,660255.2111827576
414,26.181816206005088,76.64888839576398,23.562309020852382,-212352.36429240002,1390802.6392432828,-196562.70759834215,-2464497.577796696,-1640394.5985969673,5530.5169439756355,-2471639.195916604,-206496.1990018165,3660022.962270959,-193439.2092299029,-13169.260495887494,347759.2952096547
415,25.49731654738072,74.63753303079193,27.854075443040518,76293.53254854598,1902626.4769823276,223356.77461318963,-3585604.0876352247,-2090194.9099539912,169497.30964388166,-3152951.840373369,40972.898420809375,5314255.7260966245,-94666.17615999849,-9594.054972803295,768262.5832867378
416,26.222211004998414,76.76745139331555,27.853942112297,-243441.4142019988,1760900.945988614,-47988.244593575655,-3400289.8850487377,-1829718.750619001,-24161.222042212812,-3216629.0496933497,-71149.45618409531,4757249.793070486,-80874.2223634873,-3863.17134170893,479937.778285012
417,26.157270709751163,74.53746027060592,14.687503336747737,-296463.8261838156,451146.1914006204,-354313.8173912157,-1307191.059335167,-998643.5890287928,284887.9572104565,-1460822.5643968857,-606751.4355153836,1867942.547737858,-358085.1226318942,48685.91730522284,581869.1399106127
418,26.81946657942709,76.42465194468308,14.687422955048955,-298772.68799088243,1048980.6825883773,-932660.7613206668,-1138077.0709784068,-913793.3881781426,153950.41779216618,-1401055.0516136799,-743826.2867025426,1962428.5715930501,-883106.2406321845,-2467.609389653469,16357.831859717267
419,26.157449668561092,74.53768798034162,19.06247494287074,-297022.4199158204,898456.7192435748,-523015.0645389008,-2000387.7677711328,-1803332.7734854922,209583.31511079287,-2396173.688016248,-628247.5746332438,3102840.497438345,-350957.4733105331,-68478.59876792034,583349.3058416949
420,26.819607761324637,76.42489115982872,19.06234505315425,-249155.90207047213,1314644.2459346058,-513991.36261340044,-1885420.2877697526,-1699338.9830051328,43907.35810610285,-2178064.3986379495,-434430.1208590807,3163991.5007477617,-402912.7779642965,2610.3192480133057,196830.3416531223
421,26.15762960190629,74.53794154869516,23.437433471518563,-208353.7246132249,1351165.5386395496,-284658.0005863866,-2682661.579590647,-1863216.4080211306,156293.17717240195,-2712293.004701867,-406221.70347973885,3976668.521621543,-261007.03922322026,-38892.81446229161,661365.3064685436
422,26.8197506856926,76.42515566201416,23.43730211806513,-200680.01894995733,1540319.6565398965,-175068.66035488027,-2599284.112090848,-1777455.2426623108,10070.107217209616,-2586161.8386063324,-192570.68626023934,3943303.502101631,-192625.2739482966,-12134.76221647686,360294.3586114616
423,26.11640443149698,74.42023171854395,27.81240633087748,91410.92579754884,1932514.401685814,233075.36282742006,-3515818.3057266064,-2075639.5856653885,175007.07702682348,-3062703.066526877,45727.84331530912,5273975.9135223515,-96655.4037374863,-8778.377025269676,775272.0089410694
424,26.861262951483436,76.54335543606192,27.8122673590464,-226192.78426801437,1954486.5122121489,-13908.613910194486,-3592760.353208206,-1986363.497125511,-19321.009525344653,-3363770.307701059,-46504.68236700283,5124660.104102002,-78395.31470108092,-2764.1967689577873,499405.09645375586
425,26.777498338030735,74.31990458108938,14.395837247698532,-300205.70711421804,537092.0424801118,-346829.6715220531,-1379317.7003536245,-1081956.2288830245,289951.1760306506,-1527330.353351063,-609655.4079686396,2027042.4251635429,-365937.2722438193,52739.762421337924,577397.4824641048
426,27.457325362122656,76.20072368877612,14.395753544313589,-305230.3135962615,1065339.7119634147,-944089.0187063387,-1126734.9982218172,-899300.0848362517,158679.90679106215,-1388110.3545258287,-753387.6892434274,1957518.4234300698,-904554.1396948004,-9228.183729939476,15156.817570981066
427,26.777686800852237,74.32014616502495,18.85414156385657,-294990.9550691397,1028911.8279187914,-518777.2357204516,-2112813.740385495,-1948590.9563247291,211915.73103625685,-2519450.369806768,-625185.175070487,3359779.182006457,-357631.40552786225,-70522.25455829198,576357.5825815173
428,27.45747510527345,76.2009774872437,18.854006042996705,-253343.55474443093,1336001.2817100617,-516919.6440286238,-1864902.8949169165,-1687340.2712645512,51041.256979366946,-2146682.7509985617,-444428.1493545711,3156848.9832901414,-415559.69858980784,1509.9174815800206,188970.81089375465
429,26.777876462061137,74.32041540669688,23.31243166600138,-198731.9122451034,1514643.7117384742,-265478.52249882824,-2819286.7142797024,-2010253.5596274412,157953.15660215108,-2831018.9575820775,-392244.84604379657,4273697.0806204155,-267319.67039371084,-40433.47403162698,652236.8232267037
430,27.4576275585821,76.2012580387088,23.312294851447135,-198586.35712228954,1555406.4775562214,-171484.75629305415,-2560341.8756028246,-1765984.33315217,15532.110622337135,-2538505.1771557573,-194680.6888331797,3918521.230129814,-194387.4625628214,-13345.984757686767,362627.06953060057
431,26.73555816206764,74.20311807724042,27.770736827751747,121133.31288774638,2153247.1275054333,279819.13850297173,-3703955.4327391568,-2245675.8613460404,178649.24477112075,-3193848.4430269045,81420.18452132659,5666627.837401728,-100108.07367528984,-10061.48458685776,767742.8574770684
432,27.50025031687229,76.31907392574095,27.7705922623407,-229089.93646848795,1957576.2236872236,-17684.04470722284,-3529779.716692743,-1965713.4538696436,-15602.106825441106,-3299433.143355587,-53656.08871237288,5063891.474579474,-80026.22613556123,-4834.227658855251,506877.38869698223
433,27.543727750740462,74.03472902390148,14.104171472607737,-255471.64810456493,266570.7638875226,-299860.34741578606,-889916.8907336287,-506364.9913347782,316723.8448744033,-927571.8457483212,-534748.0969827429,1173558.711098236,-376047.3700678654,60634.56688288215,580823.6084158522
434,28.252872796937,75.90474359131908,14.10408269152574,-364024.7448081805,564022.8457296456,-998088.2482723967,-707563.013281412,-384209.1605951869,153561.6625038215,-1087745.8612461765,-739864.5256925125,1029520.239587757,-933521.3253160717,-16716.445413696463,14771.196753058339
435,27.54392812782988,74.03498821834522,18.645807825628314,-261351.0289347113,503407.5076839873,-521752.90769670514,-1304616.7930493988,-1015461.4654745465,224706.21608875634,-1507068.0020873991,-638678.9406269954,1866050.5137669651,-367273.81127534015,-72187.1574375741,570608.3358453746
436,28.253033525020818,75.90501601202652,18.645664940074766,-289847.62426553573,711869.1125451527,-561971.9824761119,-1150561.8434646486,-865420.4466192746,42109.3750571592,-1363129.5326105163,-495075.0176233693,1718254.0560373906,-420428.6844118786,3424.9936171397917,196129.9937081658
437,27.544129270748407,74.03527586867607,23.187429524350765,-187742.65879150244,761962.6639660221,-357492.1897339757,-1691009.061538183,-1065714.6096884932,160601.02467730897,-1708419.7732801544,-454102.6438721442,2379250.2325928435,-274309.03069608554,-41559.941851708005,646326.6642778944
438,28.253197791801764,75.90531542695201,23.187285992889066,-221429.56718855657,816572.0380982555,-269258.8132152773,-1558291.5440633993,-935064.2533032306,3430.1091620004618,-1598724.5631752282,-259498.1533975382,2184106.3742671874,-192684.3514044843,-13309.007940824431,377635.09350895893
439,27.499989102784117,73.91867028884809,27.729067211436437,82992.22932163923,1170138.3086883358,98852.16836706799,-2211540.2048312575,-1244377.6679767254,169820.3645807521,-1882446.2799376047,-48312.94896315068,3282741.9352777987,-103068.44073970032,-9691.464047162934,767314.5897126314
440,28.297663382537888,76.02247291841495,27.72891570060966,-306193.9014312687,1034088.7585646091,-204802.42031201295,-2237894.5549638746,-1089930.2044380382,-41147.541755195154,-2222118.8355814493,-191804.75312603565,2937016.025528812,-77835.45522101088,-4423.932687363597,530150.2357324646
441,28.470620185646357,73.67653144675415,13.812505341437502,-265391.45676827955,302357.39831406705,-302617.3074047046,-929750.8193799043,-517875.6746056505,327684.1035791094,-957957.8668938603,-541574.1232856761,1233880.6243206193,-392594.1258698349,74608.6968882595,595661.6392027398
442,29.191448252652094,75.54211523974615,13.812410197257869,-387213.41427382326,626556.4326778046,-1033868.7770803754,-762001.0627622335,-422795.0982192077,165318.4715419903,-1136013.82626831,-787384.4543627248,1128872.521954641,-976847.8109347022,-28667.810814954686,16826.56872342847
443,28.470834887721168,73.67681262123158,18.437473812425807,-274302.8670485136,539533.3470712927,-533520.7261328262,-1334262.8870293824,-1044262.3977601938,224829.9346938819,-1540486.5143017995,-650607.3684898322,1922803.636681584,-375718.932814053,-76099.66879339176,559727.804641231
444,29.19162255179376,75.54241014946707,18.437322196091742,-300354.3135314946,777397.4417027584,-562590.8652360233,-1224795.5339162413,-942369.4199852867,47347.59027429964,-1442172.1491001942,-503179.35303448053,1859803.765069915,-419285.6403172441,3421.6193177821306,209672.82916682877
445,28.47104936977064,73.67712147919853,23.062426659242583,-194398.51828277222,794673.4758560441,-362433.15887943475,-1705599.5167751012,-1088166.3838111763,161150.89806241775,-1722816.7211783996,-459941.01784202317,2420599.5377142592,-281205.07595363114,-43117.05787269001,637781.3544569337
446,29.191800672409187,75.54273078055071,23.062275516605524,-227743.09085699462,883074.2031369965,-263693.9353162111,-1636875.046418856,-1006560.8800488304,9790.59095267504,-1673366.6037673054,-262524.46349570144,2327528.2442267966,-190234.57377470817,-14034.228443374066,394393.1280612692
447,28.4261911837502,73.5608115446054,27.687396644256214,92112.02671655527,1206953.023657737,109071.91183308113,-2213628.1668226323,-1271988.036541394,174317.58494710556,-1873783.1197257133,-43904.00545084367,3325824.0873839315,-106254.06142111256,-10380.868140527082,763312.3679154036
448,29.23700891828384,75.65963036953777,27.68723720952062,-313777.21476579877,1113479.7971689305,-200139.71451563074,-2342337.740979201,-1173055.206646063,-34887.82526279975,-2318701.268697341,-194875.86513047526,3113140.0017153155,-75561.53740677449,-4210.512223874159,557225.8459107276
449,29.397541657488425,73.31840804739484,13.520838523806958,-276376.3775963532,358251.9272090062,-312875.7651078239,-1001112.1929146829,-553162.1617075213,333488.9403302506,-1015823.93055209,-556694.2868605226,1341518.0019174414,-408340.79270485364,86446.60152037995,607953.8144635407
450,30.129996030323273,75.17941598557773,13.520737258230447,-408145.2979434599,653913.5279722158,-1078024.6962728924,-788700.7197983994,-424235.97163070634,174214.77127513132,-1176520.8033691517,-822255.6098059339,1166519.9469309489,-1028898.0387820099,-43253.77489277959,20532.68791594565
451,29.397770321348016,73.31871173192111,18.229138614145153,-293951.47031275777,610904.5761393239,-543910.0767534734,-1403796.7222417633,-1123610.519166323,223776.3099002039,-1624857.9676240974,-662053.9785850635,2059954.9752822535,-383157.50328449986,-78908.56089018336,544020.1462949417
452,30.130184451141652,75.1797335282787,18.228978488996887,-305518.10551646707,805874.0079670823,-561989.7844307292,-1248598.1376844307,-967941.4894764713,50389.19180570115,-1465133.0508519213,-507378.43739817647,1910877.6062699836,-417005.4818590934,4214.938768408569,218470.733013126
453,29.397998177771115,73.31904162531877,22.937422699938978,-207656.42428134277,870948.854521173,-361542.7578999294,-1776314.1078028623,-1159748.7765518134,160720.55666246146,-1794755.1946202563,-462683.3675337059,2559188.234493863,-285984.39384650177,-43643.87879973913,627448.4596658675
454,30.130376513341282,75.18007512020505,22.937264196432874,-227949.9009611925,904211.6865789017,-261794.7258700524,-1648020.8179458948,-1025905.1906623952,15972.66553341918,-1680880.6758219805,-266653.6984002601,2362001.433969898,-188837.03077700478,-14890.847550299879,404254.5024776114
455,29.352425563815657,73.20303655981678,27.645725096414047,95904.29317410794,1304062.767407835,129576.91327417758,-2295526.953102775,-1358915.138854924,178571.22428182114,-1938627.1896046344,-33702.66630463017,3501873.8297653855,-108374.536664826,-10386.914962062792,757002.0130706008
456,30.176324179045768,75.29670754711336,27.64555793868629,-316372.6999922702,1127730.8085164633,-205309.11283525475,-2349839.690965125,-1194166.6771638172,-29851.83152309274,-2328347.6055692174,-203852.19686506473,3138248.7981232195,-75001.41961754407,-4529.329634887902,576703.3289567577
457,30.15644111701914,73.01426119145006,13.229172159695782,-363885.1269053755,921267.8354884137,-338052.44232045126,-1678167.4421940371,-1314402.181760542,290749.59113563696,-1767608.2457168135,-627316.6331598696,2614255.1451392705,-415575.8243999247,90116.1451111149,614371.4921297437
458,30.917860384928535,74.86355460961099,13.229066385892892,-386028.5695329692,1454529.1252621096,-1048825.3509860437,-1355612.1915074931,-1108620.8017640545,169433.52431340344,-1613045.33361228,-860059.8233391464,2492780.3616945236,-1068697.2933469748,-51643.36412103213,27551.045860091697
459,30.156681415182113,73.01458342030396,18.020803868718758,-381661.5430081231,1503827.822774249,-520553.5894145788,-2387941.1812303816,-2359689.826993206,176722.70791927972,-2858926.187120009,-627725.0745125125,4088263.9519840716,-386496.630516296,-83783.91708717101,529071.1629159095
460,30.918061360798227,74.86389102539773,18.02063683825782,-324451.4517505629,1746791.2009081068,-495452.2028013095,-2125051.642579785,-2064841.7288913142,32997.03140778503,-2463352.249465128,-443578.67762662965,3833818.47344799,-417698.1020279879,1235.4139705212483,224437.2853549768
461,30.156921332812974,73.01493147500463,22.81241973291522,-285158.8451455005,2001680.578277514,-233132.6779412059,-3049210.90877182,-2376053.7826723116,124378.98821780279,-3084221.600855272,-372885.5523972018,4940496.208443282,-290557.7075441622,-44617.0628036092,616554.448853851
462,30.91826603156599,74.86425107312934,22.812255037262357,-276091.4753550644,1952450.8123696274,-131035.63187124231,-2793284.5276796,-2104048.0355730015,4807.668443044167,-2796232.23438686,-187288.1576097152,4528844.097139897,-188244.40139976595,-15639.319656106336,413133.29809465125
463,30.10954929213816,72.89967509428712,27.604054791812494,83891.42283397389,2729804.36516592,386570.4670868025,-3919469.3647562284,-2657264.525686148,157484.8081242206,-3364908.707385542,149607.48872119765,6415567.47375104,-111225.10425659902,-10866.755895322889,748087.6241916654
464,30.96603579006117,74.98016805363943,27.603881125560633,-330434.032442127,2394519.3707206775,16005.078882070608,-3793040.8808743083,-2332807.079170145,-28652.163559549208,-3583578.488760653,-51089.07916939205,5714757.985090664,-74613.74487736792,-4939.836129222973,592858.8154283721
465,30.7618029511776,72.75823241019563,12.937505853796438,-359193.7026179981,938130.1443648415,-323508.93149817747,-1667699.9725152277,-1272957.8701291298,291565.19414081407,-1725381.1657896012,-614016.9033480616,2594825.5793863293,-413344.1025090029,84133.46133078531,615067.8974819258
466,31.540557048935327,74.60038852493028,12.937397305924696,-375542.7125354628,1577340.4527075547,-1046882.8967144969,-1436979.2101337812,-1184947.996571469,173041.9828975766,-1667978.0010935138,-860457.6840731654,2683350.5286242743,-1087817.0199094485,-49443.890226812495,40506.67530158298
467,30.76205277831231,72.75856905968178,17.812470346065258,-379747.69258298597,1514531.8701597503,-513951.28926790226,-2331826.6404955657,-2315432.096332898,183695.82822666387,-2779501.6167018358,-630086.5186516757,4030421.0236623744,-391075.54345272493,-85936.55155622147,519553.1912584425
468,31.540768450841895,74.60073950229396,17.81229826368075,-311152.6888842919,1897993.1119595608,-478556.8282411363,-2217117.4618817978,-2210134.8026680667,38002.10409670225,-2558822.9667206635,-431430.1558186612,4098536.717373457,-420363.86037226586,311.224798984966,231898.5812587816
469,30.76230359594419,72.7589327433448,22.68741799067201,-281396.1857325857,1995992.8841250704,-233480.4822855394,-2962910.3283355795,-2330970.2471295292,129247.0801221392,-2989366.318360337,-376912.6275969262,4847395.162064208,-295780.0077753438,-45722.009748958335,607852.9746799024
470,31.5409842937495,74.60111537905442,22.68724849007476,-257691.3802289298,2114458.2715826374,-103939.67503835855,-2903855.983750592,-2246764.6782912784,11714.397195095591,-2886520.631303341,-171841.99500191343,4811189.842620605,-186857.66188525487,-15196.365560585698,427407.554759135
471,30.713858132642194,72.64413688327467,27.56238543829238,95154.68554926675,2702268.1200719285,385514.8967257879,-3780241.6085019954,-2601947.033796337,162049.0411898607,-3224619.62915233,145462.81664573605,6262094.514853576,-113615.12903592589,-10479.634220689542,744430.5141730295
472,31.589847984217627,74.71660084327101,27.562206732230575,-305967.5890698909,2594598.4592544907,54460.64522465598,-3943330.8137274687,-2498536.3429141995,-21926.434023149694,-3694249.282586329,-26189.912943783645,6063530.710939366,-72351.21462014064,-4034.5682916088313,612623.4037124717
473,31.372959948652568,72.4998616097579,12.645839029084241,-361457.9340005549,993669.5245405681,-316143.3888618595,-1729257.4426137365,-1329448.085621621,283056.958580797,-1788652.9473152596,-602864.8172433509,2707585.9662367646,-402706.438490749,68034.71970747327,604001.6920785187
474,32.157460295754106,74.33956739419465,12.645727566017756,-380615.8272211327,1577088.859545527,-1058414.048816097,-1465474.8751423238,-1198629.4058551732,172331.5554178684,-1697616.095320297,-872919.3574664823,2708594.436295077,-1098358.9351880322,-55893.20524875295,56979.66494248729
475,31.37321871795472,72.50021170692885,17.604136257188067,-384270.0044717754,1593209.553453353,-509567.68494692945,-2386604.316946156,-2408416.8756629718,187185.9275092015,-2849732.787609324,-632663.0401518702,4181767.6917958427,-396595.8220052983,-88630.86709449286,503006.2211175845
476,32.1576814420488,74.33993172107972,17.603959351708543,-315856.2043826623,1915400.9683277346,-477497.76410135545,-2223536.950595556,-2234895.2559315558,44172.7884371169,-2571222.524424542,-438849.23346309556,4132118.757731354,-422588.9336400864,-136.74076284702886,234891.55214392106
477,31.373480605581356,72.50059110460052,22.562415702111686,-280719.83618399745,2080677.8238882904,-223736.4265224283,-3021488.0945923394,-2420073.3507459997,131262.72004963548,-3051552.694836922,-373556.9319625712,5001331.187981359,-299727.4717021,-46827.19522878866,595674.8021536232
478,32.157908546701464,74.34032329706851,22.56224166959793,-259698.6894750694,2124778.171364054,-104200.0261362635,-2901125.8240284133,-2271240.2644208656,19710.442021274586,-2890559.8298572423,-181331.1407469183,4832770.426356882,-187622.80029442575,-16005.953306281779,435674.5538281935
479,31.324686142817985,72.38596300635135,27.520715601811705,108787.432184631,2802790.132336241,407373.09284777637,-3848513.2450795844,-2706805.0228067306,165612.33772018735,-3284497.846242012,157421.6226750247,6446026.880935636,-116011.60729211748,-10953.305171755015,735978.1931528504
480,32.207141994250534,74.45567002520558,27.52053207750817,-312402.7353068249,2589645.929171217,49581.6216338611,-3929015.4642372583,-2523271.201375973,-15823.811173683132,-3696507.5574372127,-38785.109562521335,6062117.482497988,-71410.71431068097,-4346.185650946646,627175.556938233
481,31.82363905362082,72.30602376354835,12.354172689324187,-140007.23729340069,2998986.1707836175,-197296.36748488818,-3627729.155779888,-3710292.975603367,170053.2833187061,-3901644.436738559,-337881.2058952156,6901208.2086391,-398326.17434808786,55476.15310530925,596343.7880941747
482,32.62533872005651,74.13826793854383,12.354060185224142,42422.417523832526,4162490.456434154,-761916.5546857982,-3026055.9086520853,-3323652.0824028947,111131.60264374594,-3122705.3305194853,-393777.4647151635,6959479.114506835,-1108287.3917148425,-42101.66418701112,63304.31299630895
483,31.82390490875443,72.30638372950074,17.395802627912875,16036.511306626955,4596377.670405916,-215390.89922685781,-5086029.63022689,-6285345.596449901,78807.58948121476,-6139042.396283245,-151381.85069863577,10687447.529467564,-393146.1710321149,-97928.35269243181,496523.8331900041
484,32.62556749652887,74.13864236292576,17.395622372081494,143670.2596852039,4952625.859028701,-121419.47547276318,-4557956.91243844,-5629613.510364393,-27781.90722547227,-5209554.7070081765,67293.37846355484,10117137.971785761,-429587.22402169235,-13344.490826749234,241250.89609546872
485,31.824176375713087,72.30677634965593,22.43741434090998,279192.12448153365,5841703.477903951,409451.3097644495,-6517036.286477607,-6249635.023208939,47319.5789773896,-6317171.980995452,300078.2212337202,12547440.67191166,-304051.2045075223,-48156.51570299804,582681.7359594053
486,32.62580428851232,74.13904742173773,22.437236768639142,249881.2736688957,5515576.341821779,474783.4395966807,-5968848.142194803,-5616761.353358291,-37056.95800261913,-5682359.304431187,407063.3130306724,11515537.04648787,-188614.8947366027,-15850.761130469848,442510.6612050247
487,31.77431560272226,72.1926269111065,27.47904689496806,898679.9801247385,7454602.887203744,1414776.3312326982,-8389141.10378306,-6785449.877427998,121997.04021095604,-6898635.008706386,1095612.2145421747,15571081.992725395,-119204.78120583126,-12195.99638490891,724454.1564476707
488,32.67612178485471,74.25394027309888,27.478859665879053,366616.52910739696,6624341.204750931,921321.2476666172,-7846325.873241995,-6047011.043539819,-30486.71728683092,-6783898.009751897,748116.5619460123,13948060.429330828,-71522.73090265704,-4936.133549008423,635634.7651755433
489,32.12244035039364,72.17298670935455,12.062506562173022,-144792.3287988837,2898131.6953524076,-168910.32922054396,-3465419.4738408155,-3497590.073912238,180958.39042868817,-3668054.7211493235,-337664.1253118369,6590147.883794142,-393303.1523980807,39472.71339037456,590942.6109270072
490,32.9355917962893,74.00022014874297,12.062394848472861,96966.54866294214,4383364.032630205,-710282.5482340287,-3122290.8176212395,-3441359.949587328,107151.82761240234,-3161758.0020492617,-336226.81110165693,7268032.84621004,-1111661.5815716868,-34517.39519806279,77474.82216252048
491,32.12271175561069,72.17335343301049,17.187470128198523,-2747.1971447262913,4455962.2688348275,-210161.92193425377,-4862698.215301249,-6038118.816438416,95428.60845041247,-5862755.371461656,-176427.9448506132,10282236.466068117,-395307.9339097492,-98864.29176315872,491970.53239917837
492,32.935826181518706,74.00060165805327,17.187288184562693,207426.58676463505,5262523.409419525,-76749.75006247405,-4701633.142057039,-5926175.926847788,-23555.213561253375,-5373450.819623155,122163.6847579994,10644487.38098684,-442264.1693715111,-17648.67541088591,240802.8198007283
493,32.12299135272147,72.17375695587653,22.312414064502786,249481.22635678528,5666375.7744304715,384383.40466893977,-6237912.881999392,-6035120.1106493715,59139.098327890424,-6054375.072304834,260402.0781492034,12094213.399611827,-309092.674160039,-49142.160081884285,575550.3911791681
494,32.936070964078276,74.00101788937405,22.312234035419994,324216.77663447964,5863589.529413867,544386.6249588113,-6174658.427186924,-5934878.724278123,-34373.36244221215,-5861834.201978442,473868.24179092306,12120158.891194671,-188804.85677887738,-14975.854560001982,449463.14343952655
495,32.07242249188308,72.05993119509816,27.437378949457198,853033.1373685787,7197014.137920166,1359930.097135786,-7990943.686715307,-6519073.780892015,128116.39952369599,-6559778.197796151,1036256.0884362393,14933499.481784442,-121446.61849380728,-11610.692519729017,723048.3530424123
496,32.9871117210611,74.11560820678106,27.437189271677088,464091.83887537126,7073886.329067113,1024949.7734879922,-8156303.8852413725,-6414185.127723008,-26646.005338169736,-7004314.225834259,840589.0799000043,14726653.08736473,-70736.6810595397,-4358.969479448521,644088.7027798224
497,32.424116709856335,72.03872444933067,11.77084034811578,-123028.97343434137,2988256.2572419033,-137929.54386786337,-3505636.8715166673,-3568886.9579727133,178211.66621382974,-3696353.007843452,-308513.59461555287,6732164.3423987,-386630.19747434196,24223.969617025938,572414.2052940128
498,33.242970498752044,73.8633987630882,11.770729010470237,83751.48165077902,4269610.870283278,-701142.9440443644,-3047949.599166079,-3339670.1182843484,108559.87448309519,-3078152.6148154982,-343895.5750332341,7074267.597738422,-1102694.897433415,-29608.3689214085,86669.92397871676
499,32.42439356056583,72.03909751182802,16.979137474534816,27828.569077075226,4607911.336723738,-179056.89308648347,-4941586.730341708,-6216050.244964902,100036.49144728038,-5967083.488199598,-148586.78590509546,10572353.286819028,-396202.2551253856,-101794.94984253356,484434.182930968
500,33.243210127361635,73.86378694001617,16.97895399668813,191961.8016920886,5181681.43162512,-87264.52643403388,-4596277.256747111,-5831056.545671493,-11054.696765357752,-5269185.788008973,97328.03713203072,10458236.457760122,-455950.14523389883,-21258.592352844797,238493.37093119865
501,32.42468134680065,72.03951199320814,22.187413646981213,289035.27768855356,5862472.910984969,422638.0741640099,-6347183.500998811,-6242767.706693305,62060.22217838008,-6170654.73397336,295218.8363201047,12449582.160490785,-313323.3245989563,-50746.1839103382,564370.7756956257
502,33.24346295895525,73.86421429038114,22.18723126089987,308149.92460649204,5777065.534396907,531610.6501221894,-6049128.582954513,-5870775.928948538,-25087.397056213806,-5766273.657331232,449217.92482983746,11933881.841626983,-190088.9835342455,-15061.978852510323,452990.6067138134
503,32.37376390401333,71.92585676816287,27.395710870279352,912080.7181505448,7457983.141625881,1419779.8874162363,-8159065.403116895,-6755002.960824157,129699.55156906132,-6692651.238704209,1090172.4661975093,15392322.519699361,-123750.48875097341,-12288.986629536399,715849.967792125
504,33.29486763080639,73.97865529189987,27.395518834520697,433896.86990133766,6943814.334610215,996223.691876099,-7984245.928575943,-6325773.004083268,-20665.667255334563,-6883195.441121177,803723.7223575542,14453406.615151273,-71055.30771649058,-4907.7898682619025,650292.6925101045
505,32.72209089442793,71.90386175758141,11.479174403820519,-121326.79927983845,3027440.8101703846,-110803.46551407024,-3452862.070838709,-3562867.1833978477,172404.464966926,-3637164.4286708753,-288549.8050125985,6721024.779059948,-379601.04667572246,11008.214029104005,550542.032679215
506,33.55233351034855,73.72338235115835,11.47906314157617,84290.40622736677,4277441.207351798,-676033.5795470187,-3009807.057818741,-3337611.4710432803,99749.1706244393,-3048841.6926822183,-320904.3957563212,7055444.122470688,-1086636.4287726656,-22950.800871652915,90707.2945051619
507,32.72237319796988,71.90424083977565,16.77080462645912,25897.406134540215,4678971.995454801,-156378.51612323755,-4906342.985556336,-6250803.585363252,95268.49308320615,-5941850.453985104,-135179.337687564,10625520.677138776,-397398.14253734215,-105483.47724141329,476754.8688305096
508,33.55257820083044,73.72377705456105,16.77061960578258,187963.71135994582,5245351.493512195,-78563.89886453142,-4563047.329376491,-5866856.30865438,-13967.089295519298,-5255335.433562034,102501.10585955932,10507585.633710084,-467880.3929027863,-25943.07735843597,239789.75611948647
509,32.72266919011104,71.90466617545341,22.062413309702464,283381.4589543834,5951956.230779819,438920.15904695215,-6309478.142087583,-6308272.264498367,55102.93175244239,-6158075.036228052,306495.15077489807,12525837.734234309,-317800.8846565888,-52053.91551287824,554365.575866192
510,33.55283921946404,73.72421549553131,22.062228567810806,301586.84828296443,5854290.521406895,545521.1088190675,-6018173.747384792,-5935039.364480624,-30374.074834439474,-5761438.260817,456732.0154250464,12006104.723900879,-191421.98353456374,-14919.30183857979,457447.0718565867
511,32.671047720700564,71.7913434526313,27.35404311083802,910203.7764514384,7568306.294072048,1440534.228294328,-8117810.30343066,-6822482.171842825,120242.0956866348,-6663194.87733177,1107161.540592338,15475077.635557245,-126219.3362275567,-12611.20622111226,709947.0247335287
512,33.604963222036865,73.83834515766844,27.35384869215986,422288.3001247719,7031252.783551244,1011575.107520565,-7954459.529646442,-6391036.951129188,-27035.28394241588,-6872061.023965417,811496.5350203908,14525680.680141607,-70987.43482702012,-5030.017550949785,657325.0010566066
513,33.02205700233308,71.76582124561159,11.187508247072177,-126882.01760176977,2958707.045283869,-97621.95077704138,-3336772.0719622425,-3482213.5157355205,178561.5177781482,-3522216.893942468,-291267.7004043042,6547687.671251828,-374994.40260143037,-247.57872020531818,525455.3607338003
514,33.857986327279555,73.5827469307291,11.187397032096904,109964.70041908184,4353567.563679334,-643335.5110494236,-3028710.8249068395,-3418115.8623218327,97056.94724121269,-3076584.8752089767,-284128.5199587102,7180910.148216684,-1069600.4934475361,-15212.443965716271,87724.84469965355
515,33.02234492150982,71.76620629126892,16.562472065876122,15526.12478613737,4605720.66912519,-151155.96363605745,-4792201.771281121,-6147969.003482629,106175.6172419408,-5817024.652479477,-149531.70028521848,10436647.18303997,-398843.0688732417,-108920.35229205187,468301.9715670961
516,33.858235946463616,73.58314813046151,16.562285579938127,219301.4183486295,5395337.718920132,-57342.750189842656,-4630164.616694643,-6038000.003482701,-7572.752647657217,-5352250.897296966,125739.89795624938,10783807.386419637,-477845.3752381048,-31021.055261257003,244589.9203127788
517,33.02264919599902,71.76664244045061,21.937413027132518,267168.55014236365,5862819.376784309,425251.2573056577,-6167155.951220428,-6233374.486373761,63500.02609499391,-6046568.004106336,282319.1920348021,12319487.996303868,-322779.8165166963,-53460.22911143706,544666.3341330568
518,33.85850518735066,73.5835975298358,21.937226026528556,339486.1804346172,6031616.172155481,580592.7928607657,-6117455.549903285,-6133946.168862331,-25668.81723962652,-5872182.335859032,486454.62186428055,12337422.859445617,-192889.67266919985,-14896.705052477619,462075.56712916686
519,32.970680110568196,71.6534924461461,27.31237514411984,887563.940979674,7438158.6005006265,1412080.4811656438,-7920872.848314556,-6724314.590009641,124546.82179149914,-6516408.336572307,1074128.8638382738,15180082.495379977,-128820.13036989004,-12821.66900501086,705154.9013081172
520,33.91099245339689,73.69757582089983,27.312178434176378,470124.47519942024,7259597.071568976,1063987.6036400865,-8113575.600558185,-6617239.631797401,-22301.965590285334,-7007960.079468233,853356.6944223042,14948312.535454407,-70748.55093006442,-5017.469323894863,664821.1062268064
521,33.31920439277317,71.62913147737545,10.895842020667674,-85692.13166877022,3134083.143854956,-60270.58297516813,-3384170.968032229,-3643004.440833744,177507.33047437936,-3578348.8401446207,-250942.76473883667,6817412.034094474,-374355.983878586,-3016.755885845925,499839.69239451666
522,34.166457688041774,73.44076114206406,10.895730794038162,82658.40703712497,4150698.2872210136,-646852.787424929,-2855470.8529111897,-3255799.4373174603,101773.88847083559,-2931113.0192575823,-301462.72519096767,6819079.651281757,-1053260.8200462712,-5196.217798543518,81082.07323311556
523,33.319498078109355,71.62952255719694,16.354139366557895,79348.2415723945,4901145.619210469,-96195.41523242719,-4934008.348025189,-6462170.8276931215,107327.55555935505,-5996227.862279349,-87861.38862665411,10968387.69645644,-398172.7647288827,-114458.28615748262,458001.2915615857
524,34.16671222890498,73.44116908925541,16.353951388537318,186787.5455570675,5203130.554642689,-78158.43127183896,-4419845.46216842,-5798891.970076876,6590.941588220701,-5124989.309158012,84680.07261119667,10352068.905474734,-486918.50164998684,-33704.924454558604,247253.31871618476
525,33.31981061639521,71.6299693955695,21.812412637328887,348156.67676683445,6231720.104790916,499109.3612496953,-6362519.809550441,-6577614.564379104,64880.242309549976,-6230093.120925483,356660.4161484551,12952418.847584479,-326723.1978621318,-54810.585905490516,533107.7673509058
526,34.16698974759561,73.44162940667985,21.812223368867734,304463.61956577515,5826952.881397161,547863.5593674683,-5849901.882339834,-5919604.068998774,-14688.970714581954,-5633295.111510786,440562.5563204817,11872012.615520708,-194742.62026475303,-15305.767306681466,465129.77579505567
527,33.26714169688794,71.51716097580884,27.27070706490189,1004511.5031556573,7937535.708774622,1528196.4436173257,-8226563.92668509,-7125912.655243752,125007.49696441414,-6731911.948327853,1184393.6426617247,16017761.96121373,-130708.8084633406,-13256.985542618822,697458.6749409577
528,34.22019267565709,73.5552875528798,27.270508046699163,411494.68006639695,6973807.431693135,1001142.3829657054,-7743090.578062777,-6355407.386232617,-15758.02924323638,-6710512.341065383,784257.0500038497,14312699.785786765,-71126.38843567579,-5434.195283799969,672094.4804834537
529,33.76227268474833,71.4184812742367,10.604175997100198,-381954.3986132356,1109520.735630529,-220279.23569999338,-1558347.717317219,-1369395.5326409035,254656.59843830884,-1637366.4463513123,-537299.5026223466,2681953.050290958,-365335.0330358215,-19862.89223280309,463523.97752813355
530,34.62648678046737,73.22211407041908,10.604062330719838,-349744.9885059486,1621011.700849958,-956275.3742451288,-1364416.2758385255,-1227414.073264708,124461.86423823466,-1633209.72777984,-738599.2429330708,2686800.3088117917,-1025390.0374108435,-17364.11331933311,80367.40991305198
531,33.76257450294104,71.41888127119586,16.145806021377535,-416347.9180499817,1813021.8185165082,-445112.227407211,-2283740.4098714474,-2537953.363877879,181245.7285770208,-2786716.928853323,-609208.839035795,4347487.440948436,-410391.2011712384,-107435.82480531801,426775.96188362257
532,34.62674817490594,73.22253197666085,16.145615043470695,-342976.7211135059,2100111.2949018124,-483962.0512549166,-2139439.8133547558,-2365868.387667094,51220.57591549934,-2557003.0008756155,-455909.08698185417,4286084.6103908615,-487636.58162205195,-19021.46445618854,241649.58094678906
533,33.76289717841025,71.41934088282908,21.687411664955228,-324760.4830988186,2341667.601767657,-194698.7909003822,-2912953.237101515,-2620308.2305960073,114454.1210644866,-3018796.7490414977,-365606.60520835064,5206611.682018303,-331847.3899762341,-56508.08718745825,521447.40559045924
534,34.62703617282456,73.22300527930078,21.68721925734613,-285281.6002814411,2352398.322380712,-74075.38957530807,-2827325.900157647,-2471255.773654102,17413.487434757386,-2877172.562483723,-180748.27824916132,5050962.173256848,-195696.22302718065,-16588.212176035642,473694.32786964416
535,33.70917794602335,71.30704445498033,27.22903868312333,96834.02134307253,3134323.1745728073,462919.9069434499,-3719687.429234149,-2928065.7536652447,137525.77884947648,-3187386.2450561416,195114.06025545788,6686349.287660012,-133289.5845321212,-13005.706566012122,691370.1081497881
536,34.68130882537264,73.33617624028223,27.228836322874447,-365964.86390323006,2848018.5364784114,85560.8791329083,-3862986.996736941,-2739771.385167782,-21565.080032795508,-3681751.8146475013,-39873.324445769686,6289239.690801363,-70321.54431056666,-4986.389048014003,685583.1792018939
537,34.359741041502936,71.12987182012692,10.312509573860478,-392056.51311570004,1106268.054343661,-225270.30226559303,-1497714.1479146602,-1412510.2631076367,258061.46215513116,-1619802.338447457,-556680.9625019972,2665424.539911823,-369472.20420241525,-22882.912411993646,420974.0645111414
538,35.22959351155971,72.93080303024138,10.312391912506396,-345646.43276120385,1646021.1618076903,-955065.709447466,-1349872.91190659,-1315217.7676233803,127808.3522090757,-1682884.2807486414,-716322.8590369913,2744516.159384653,-1009784.3185417322,-10324.12154217541,62791.77493780196
539,34.360053832646244,71.13028442592007,15.937472361634823,-423222.6257673133,1813468.6248025126,-447647.3726887681,-2247423.1422093227,-2558270.853172399,186848.1038003714,-2777873.074681603,-618855.2995558949,4339327.000583926,-417765.4093413799,-112468.93209092716,400824.95825229026
540,35.229863986832186,72.93123456910237,15.937277011760258,-337339.7707579717,2141380.5069531663,-476246.0501984713,-2164471.618037567,-2453946.193841794,58173.64276395517,-2612607.32849692,-454398.422199364,4394800.436693007,-480099.5400047433,-18767.705993060383,259672.84837547215
541,34.360388706088045,71.13075901294336,21.562409879676824,-327882.1971119727,2328945.4335174533,-199485.89285637485,-2865279.2370763686,-2631096.9466873687,118902.76574318955,-2995074.910073972,-375673.3581257805,5172325.611748856,-337965.3757303522,-58233.45684022085,503228.1115059875
542,35.23016451877585,72.93172282134698,21.562213620452763,-278533.3580786914,2398681.6055873567,-67945.28119555046,-2852692.7518929173,-2552287.827622234,23722.180341562795,-2920238.809458289,-183111.53745402338,5155553.313225428,-195294.10094585514,-17568.0608132171,486377.19144613156
543,34.30632874457175,71.01864539445435,27.18736927662804,101412.01180373342,3107139.4939765157,458610.32834670576,-3651055.5505244494,-2938397.266070009,141249.1700754311,-3145566.608869105,185931.5748481148,6626796.868147944,-136671.39402700608,-13756.34577161024,679977.3101883086
544,35.28480094049237,73.04473893366931,27.187162758536907,-360558.26329940837,2902683.8941844245,93356.46653832961,-3901291.8935498376,-2833422.435995584,-13850.77693183397,-3732783.3484331416,-44669.18543156744,6412934.631288055,-69638.2701605063,-4735.526251042809,703062.3335897896
545,34.948839557162486,70.84548703597937,10.020842935911043,-379977.9594825144,1210204.7658331934,-215787.2732649747,-1485853.9171441104,-1527451.6285417543,266952.0726148944,-1631784.7173125395,-564241.9301859871,2810466.1805842305,-385305.6485992079,-15837.269462906235,396805.2996420241
546,35.8410681142618,72.63526386550694,10.020722177951313,-345840.5996683778,1571112.8590231328,-969860.3511028478,-1233482.2042564983,-1258287.6364641732,134480.33882321566,-1620867.2107347534,-703035.3896593446,2579314.5086460044,-1018333.9695342078,453.3575661251232,48200.40151878017
547,34.949164016990956,70.84591350559991,15.729138310495271,-399820.7321492614,1989888.2915164968,-424418.1216933415,-2293560.2732488047,-2747913.9146581357,190746.1801357934,-2865948.0229214355,-597127.1287378091,4628724.5893331375,-423748.6870073765,-116050.35582325066,376081.77620422875
548,35.84134860738175,72.63571061430994,15.728938480646397,-332641.40089614724,2057147.3833129765,-479071.9762199449,-2039331.043361531,-2352558.829452494,66326.59440438537,-2487043.6536613046,-459330.076374272,4191807.7362324595,-474950.5595713581,-16647.736962547275,273758.3343891866
549,34.94951122328783,70.84640295122033,21.437407642777895,-294401.7065103537,2528871.499218931,-163566.86932222906,-2934641.8476580903,-2812339.5405711243,122240.32388178223,-3064966.169389354,-347426.7160519778,5483295.808827683,-342694.9669457227,-58766.45639487965,487159.73254057823
550,35.84166179212978,72.63621402209972,21.437207427280278,-270126.7686943897,2301378.119239161,-78555.63867474243,-2689524.488796838,-2441477.0402605045,30144.04460058053,-2762776.602297335,-193266.4041624368,4908738.718329799,-193673.18286301778,-18844.01706343369,498734.7128525812
551,34.894064383825324,70.73500025533164,27.145699414404376,158939.21013859706,3370116.2824739986,519496.7714493878,-3761911.461251653,-3152238.085107961,143972.6802008996,-3218555.821209645,234516.48547339503,7032591.599798232,-138184.42732965428,-13026.645117735454,671335.6540679482
552,35.89770842533979,72.74854701105869,27.145488720558667,-361916.6171499697,2763153.989004486,64727.22125656926,-3676319.6477400786,-2700740.9278109684,-7547.748169839113,-3535216.6625195486,-72202.68572702268,6073383.941357655,-69509.66561893067,-4883.279739926514,720756.3017001561
553,35.821206902279535,70.3967423147526,9.729177227401902,-346786.6276305265,259407.4589919375,-249874.53436637518,-546341.497021197,-298079.557923881,300924.3898266608,-704504.5146809783,-382951.67298208055,750202.4846580945,-408453.26920244796,-9957.191999932124,375936.86928401934
554,36.74689224423832,72.16957880392478,9.729050395200797,-367553.62604524486,403379.3406871453,-1090409.3575883056,-445345.6770612179,-159964.90027246365,117622.2185579079,-1115359.9557178786,-568127.2870665877,628903.5998380611,-1041045.250938847,5287.3896716038125,23975.40302913551
555,35.82154930861171,70.3971909428054,15.520804259742341,-354136.41039378324,435904.53765683464,-554501.751768777,-809601.1634332028,-703900.5943726866,200400.7853345949,-1037057.2259397183,-658678.3645332534,1223001.9659672459,-444294.2079665655,-113255.68114277194,334995.252695629
556,36.74718949505473,72.17004916747345,15.520597110330746,-273727.4613609718,550638.5501437655,-604834.4628706173,-753245.7240446828,-562854.0805452626,38932.37457516377,-980335.6422733729,-492779.3789868866,1145191.6471724357,-463542.80650767096,-7677.5623933574,288965.34336750326
557,35.82191336498065,70.39769953132307,21.312405003046514,-229784.18073485515,602165.6810538741,-431649.6831423212,-1023365.5944716133,-752997.2190547177,112960.81242386033,-1130478.9316242056,-465414.3734277569,1536625.1222286606,-352235.12848000333,-60362.35143947707,462713.2469446895
558,36.747520075034174,72.17057216310798,21.312199131039186,-142920.15790468722,619631.6672778316,-293743.9931920549,-1004631.6754423802,-646155.5681152203,1715.4559129842426,-1047254.8941762388,-248253.79119064435,1478476.2015479724,-188576.4467239243,-20125.702677296173,522329.98279255
559,35.7643905066899,70.28737230097867,27.10402934287202,135188.58829297707,991737.3300557587,78679.37754649989,-1328847.816405663,-963650.2355583158,119302.80370105663,-1074824.1657320438,-15199.91076935247,2295629.3723966307,-142723.53554858934,-13076.294439503066,653003.9062078183
560,36.80567369922102,72.28186338829074,27.103812704392276,-312359.35917489615,757786.99702482,-299270.4671784281,-1569570.6148084071,-816422.1250798294,-48531.3853035931,-1649781.070220574,-262160.66659087996,2058098.90748295,-68689.63926571589,-4259.975565085679,747179.994725943
561,36.993568550345614,69.77516713749438,9.437511613093884,-366544.2808921991,265163.88370052853,-260613.50500378007,-515769.2213977721,-291057.2094707715,318980.77047957457,-713288.7555426949,-375289.4798820851,726584.3332293294,-442836.1119955919,1669.8837730546804,364732.7268215142
562,37.93033782392543,71.54221611361487,9.43737638770656,-391893.5957699447,424835.1464159363,-1128913.4193050738,-431559.6138125864,-179069.53650575137,146377.93567090773,-1163691.0775493232,-570918.5900973144,638637.7989875554,-1084156.2662836912,-1036.382044701308,14419.639788595096
563,36.99393516680311,69.77564660412907,15.312470026425926,-375231.7089074175,429139.0108597856,-578685.904911413,-763782.3237387759,-713637.7221498562,205794.34817493637,-1033837.1990332075,-675909.8246019774,1184968.4206761403,-468113.4516518777,-115086.67512517465,292398.7904476211
564,37.93065886125474,71.5427176241238,15.312253121831798,-266583.7838811724,577564.7721641317,-595692.1816721545,-760987.9944896366,-609925.2868259995,47847.16480449193,-998571.2962326442,-484008.78915976983,1197868.892003219,-447342.2723676032,-2140.8159799106406,317552.9430238128
565,36.99432098144438,69.77617910408782,21.187401158872127,-235255.975987086,585615.201805587,-443079.7025541977,-969724.9429011701,-754099.8950793195,113498.4443125588,-1104717.028284096,-470211.7338790923,1482208.2854274916,-364798.43067029316,-61805.255379084665,429739.17937949207
566,37.93101151559395,71.54326456713083,21.187188296137226,-131856.20561458153,639340.5189699074,-288123.1915197567,-1012368.5144191628,-685356.2562448999,6644.060685019101,-1060225.6355885798,-242165.3786592183,1521752.1360833682,-180633.71667305857,-19991.708559543964,553816.6485578073
567,36.93612430332783,69.66623311862507,27.062357756378457,152988.64382317077,968052.636804621,79779.57731558869,-1255721.60329465,-962368.4013869297,120193.12511582281,-1018207.8150084141,-9185.149103816906,2228213.8220556127,-147922.62395201612,-13989.493192398404,627371.2048311492
568,37.98987748151012,71.65421360777941,27.06213387932968,-307543.1165794204,775062.9646445524,-302941.69229948963,-1578822.6065809515,-862350.7984967601,-38358.06165474295,-1665222.590401105,-271613.3232050131,2101414.069371761,-66833.46956641678,-1871.1592385816398,784308.6976485882
569,38.16049750477768,69.15668710141456,9.145845033705925,-378388.61698433803,291117.5690254895,-274898.8745620466,-501545.468565345,-306898.9135569177,333443.4337442435,-720342.833124987,-384073.2506829762,742246.1612870684,-472223.53502364445,8865.548995848247,360483.35934139625
570,39.11921037310799,70.91174998241131,9.1457023099708,-400753.28620070044,405481.2777848395,-1176293.1995383156,-383973.37247329426,-150935.0540604419,170228.59081843123,-1215337.8748599733,-538947.5144696132,582720.1813754102,-1138408.8441058125,-18480.696350176757,21616.028630851783
571,38.160887838539516,69.15719749295552,15.104134085078426,-393028.8837551235,462208.20656004536,-599482.1986292648,-745744.2544032433,-771219.5392275669,211763.9088039862,-1071576.8306955332,-684412.0873835231,1225686.0422547124,-487700.3846909645,-113816.35225962197,264069.60390439536
572,39.119556481903686,70.91228204278539,15.103907635473366,-243678.2391874897,560672.3321414954,-591765.8100111743,-707632.4802646417,-586810.4319965924,55238.54625208505,-949103.6107762012,-466588.6553618423,1140920.5490808748,-440677.854042392,2331.0997658726656,335446.58464215003
573,38.161295880584476,69.15775438017573,21.062395440880078,-244387.41160919116,616022.3022604742,-448530.43903931946,-955172.6926494332,-806394.7364658538,115444.0406490487,-1123865.4331129922,-471791.6768952424,1518761.5616201984,-374192.58246910735,-61829.67189868778,410251.58411125286
574,39.11993175041491,70.91285347805315,21.062175622300536,-95346.51505723924,610616.2108135357,-282329.9469933326,-947569.5603299056,-659023.1708748825,9409.488247405394,-989450.2313430586,-225494.6840616545,1447884.664167677,-173141.14791853374,-21023.048912423917,579305.6852003662
575,38.101746707841876,69.04857672898704,27.020684259615198,166001.0051981816,1007649.5046691771,91422.67616633952,-1238426.606833596,-1022364.6341846057,121342.96425149094,-1018244.4811301872,2582.805127941207,2280734.862035944,-149885.11327259603,-13391.889207887929,615634.3853662343
576,39.18018877974264,71.02307242833727,27.020453438726932,-274467.7276134346,725335.0926897321,-311584.6737655855,-1490717.9828156936,-831361.7277622216,-30693.67276263442,-1576085.508075063,-276319.43581063056,1991687.6351964064,-66207.45276612847,-1504.02090919893,814857.949041758
577,39.30026694666152,68.51542341453529,8.85417971120842,-397194.92694333324,310024.0773744637,-280264.6203214601,-469009.301643639,-317574.5216925313,322358.7277108549,-707687.8620283848,-388083.4164784946,728335.8086165495,-485767.57207770995,7730.300913481411,350712.9293836677
578,40.30255612087981,70.2459706526476,8.854029968014688,-418790.6532133218,421197.85932548216,-1210628.0474967672,-350214.61075507785,-165360.92739701498,178847.11488428645,-1254258.4715488702,-528411.6306470176,574449.2608112807,-1178759.5271371298,-30327.789010146764,27852.201134025872
579,39.30068037665649,68.51596258773975,14.895799822664284,-427182.93943187,481944.9658044748,-622436.2219791104,-697624.0497663936,-810227.1140090858,190067.95515211354,-1108215.2655078166,-674847.421374187,1215388.4912754977,-504735.03503873677,-114843.13711330408,234985.1138716089
580,40.302928235221586,70.24653107695633,14.895564044040785,-261081.04339857536,587109.2967538801,-594809.6156352027,-677556.729087382,-622813.913964927,43887.16462453753,-969121.3868859372,-449841.71586541034,1150181.7404714494,-439927.18761888915,5565.221748121135,346985.2412406718
581,39.30111129621547,68.51654372496061,20.937391593081777,-284803.5273584472,630458.9522071711,-464452.33247708256,-904335.757971943,-843616.807784944,92550.67345595143,-1146894.7583169495,-467430.4540033891,1495528.3046919797,-386637.87841438386,-62478.166030747554,387347.817876772
582,40.30332736620472,70.24712705572978,20.9371647606935,-115994.0859235886,632277.7351660569,-282180.8129254997,-922891.0421160792,-692906.5567619152,-6984.678205251939,-1004685.9990920359,-211254.49817496707,1450043.333583972,-166704.33807717633,-20929.712356189513,605236.6394728702
583,39.238857917799336,68.40891696901997,26.979012620205342,130189.39828416213,1017359.4675839243,86828.18613303523,-1165668.3276912854,-1056774.0941958907,93690.4067282285,-1014593.0770450002,13215.447311519107,2235754.681734602,-154952.09271331687,-13439.90175254396,596818.9228146577
584,40.36632841316724,70.35583254592964,26.97877498207218,-315498.0882658508,734800.7656593658,-323807.05923939357,-1452217.8160484873,-864402.5358283357,-45176.065579900394,-1587656.0612222739,-281702.63782514737,1964854.3172015422,-64916.797625650586,-275.3890748021521,845600.2383573111
585,40.434662513152475,67.83911944733049,8.562514837233628,-396523.21939900034,289576.55862879904,-275789.99258554645,-418573.9570131944,-285582.37238445977,326443.96072402055,-698109.9742589334,-345658.0930279845,661031.4139311697,-492771.25853746245,-1511.8527554360603,341476.9607961072
586,41.45858866415789,69.55713489028895,8.562359015736288,-422992.1859914041,434435.56809488556,-1231921.9959890686,-329693.13710649416,-195735.1310821384,201583.1058707665,-1287764.5079325968,-514069.7707001228,581355.6647471325,-1203329.8530367357,-37565.41571269425,31533.178682891783
587,40.43509852892446,67.83968497754489,14.687467389988711,-419895.0957214036,445011.38199615397,-638532.4247304593,-616739.623866362,-771415.3059839304,194666.50055366207,-1068005.467821024,-657238.5566405976,1111827.886005912,-520222.4896981964,-115430.46304532049,201863.54217031627
588,41.45898653147403,69.55772047012273,14.68722306437549,-256343.5970019204,609377.0341311456,-596757.3199264384,-656445.044555867,-672740.9157142909,58393.354610853174,-984911.9912324285,-442505.1438945778,1183693.2523297928,-442283.8412659153,8280.192383595704,353283.37099031475
589,40.4355529666619,67.84029008877224,20.812389447050894,-265917.14955307724,581613.6521125897,-478605.1092024566,-806148.0906306384,-808981.9139033849,95204.8545398421,-1080647.6955764326,-456528.771139174,1374267.8600726626,-401327.489339014,-63906.761502045156,358242.91023601574
590,41.45941033559591,69.55834014061975,20.812155978510717,-101152.78208670655,654767.2419334867,-276676.0184617915,-909053.1424387262,-740037.2649858756,-130.21639184500393,-1007213.5076840569,-201892.34655887354,1486044.295627918,-162070.98979594497,-19905.426719002822,628073.0148812798
591,40.37196728591838,67.73346487624968,26.93734223780628,171952.68362175813,948436.3901500562,82341.67028857244,-1033852.6426818003,-1015500.9113823582,94233.92904393024,-909898.6125211802,33008.90278142717,2079620.45380014,-162012.646399469,-14240.439499077853,570573.7822057201
592,41.5237847843347,69.66628075547622,26.937098286331626,-304847.80434214196,752503.543082614,-323689.9433447763,-1437367.7576413432,-921730.4276656304,-33974.48132190316,-1587564.4083665218,-287142.3769693607,1998672.5807315782,-63595.021482483025,2225.5087061654326,874709.4039716034
593,41.56394877606426,67.1664464944736,8.270848235636382,-402691.49530265934,313984.8611017557,-280453.66783629963,-392169.3745747484,-315431.44562451355,328489.2219802479,-691099.3607827633,-354956.07395889115,676895.1327044514,-501567.2271482352,-7180.4097989004695,325951.748672429
594,42.61972493816851,68.86466157319134,8.270687226811742,-412638.6730625173,397317.00145219127,-1258117.7327336222,-277778.5775743437,-154324.25762695156,217498.85708723657,-1315222.6531718106,-467408.2277169714,509191.4765448336,-1229951.313883863,-37648.308196451486,32553.668479499407
595,41.56440598877025,67.16703589776733,14.479132542273263,-419571.31558498106,470847.68034198123,-647898.6298537704,-582553.4569423792,-828972.0240689699,197892.359535731,-1107840.6653746828,-636292.2128425,1147510.6131204125,-527251.5229539442,-114392.57446353624,182392.2512566078
596,42.62014742780616,68.86526966985622,14.47888035468267,-225048.25274946084,564610.9171282296,-599122.0496472025,-574524.740718206,-605560.370838408,70015.73634197796,-908257.6941313478,-416059.89967154316,1064758.208534457,-447095.61227968655,10307.938645542545,360501.8736022127
597,41.56488360488961,67.16766427202361,20.687385268895394,-260845.92747399473,604604.5711351,-483906.35391568596,-772658.1966117052,-868143.0769877209,98023.05873414202,-1102343.603854849,-443630.1150645439,1405826.0086648124,-408913.21440224384,-64760.459887155615,348657.91768433125
598,42.62059610624114,68.86591207281477,20.68714534929494,-49568.1358318243,602688.4142957404,-272056.8265544556,-811497.974987457,-675609.3670162722,3557.343995676073,-897147.8368158294,-175982.37343602983,1354193.6621613195,-157160.98069390436,-20737.427378820557,648394.5987707763
599,41.49932733736954,67.062094779092,26.895669925253777,198153.42625065337,976184.6051151283,91870.61291667676,-993374.2659733192,-1086839.0681384106,94874.40078591774,-915328.5864010759,57016.20395083722,2124521.0267326976,-163645.6704128823,-13398.52864290722,568319.5225474592
600,42.686982583969076,68.97263294730531,26.89541991972894,-252020.45906431647,669134.7556498722,-332259.4551528729,-1306469.2969959762,-850234.6213526325,-26164.89931991378,-1448908.5278531907,-283592.5165084483,1817355.8857943215,-62699.19482499967,3016.3000478153904,903438.8460159006
601,42.93537522699819,66.27748543414683,7.979183620568808,-293427.4192082253,55803.14809272668,-244095.50593627055,-147935.83455874582,201016.05669487498,315242.0209464556,-668284.6625923822,29530.442345817846,157034.4431947951,-500299.1515793492,-13259.04013161127,306453.61707360303
602,44.043810617699855,67.94204265475747,7.9790165007473295,-295477.01601257344,74277.34257345035,-1262388.7667723368,-86004.8492332606,301858.10636474594,204195.8298850934,-1371496.845818624,-255527.00314282655,143435.40874999063,-1248449.0582539584,-46285.658002505385,32904.4893633966
603,42.93585708141837,66.27809953270152,14.270800438225777,-213029.04610063485,61109.35218980326,-632681.6682224879,-173415.7306631164,-24682.864703942603,177263.54801764566,-699409.7317808195,-243603.63924792298,158412.008895423,-535959.4367601919,-113395.51486117045,148194.07053908284
604,44.044262467237125,67.94267383253415,14.27053924586287,36255.29827982199,211367.52086760997,-564934.051594608,-229373.38298409665,100415.16023435761,47532.44077505431,-587986.1696518036,-102033.90074327875,372708.8379479064,-452410.5442856176,11983.831512805787,360580.70026915945
605,42.93636189173265,66.27875236340249,20.562383921886127,44694.510840859104,122356.65617392551,-493703.9067306518,-226012.56280660193,-109354.63830038947,74728.5205247839,-515157.36050446954,-145338.10104498925,333842.7218335918,-421297.3229749822,-65586.8918347793,327909.8045042303
606,44.044741175719125,67.94333991273723,20.562136471749433,337800.99684206315,244671.41336815793,-235016.51585467672,-343988.9187696127,-8060.520964201512,-23819.31227310563,-237797.4192480324,-53292.018114627346,638545.3317182041,-155660.20935489243,-21638.33312109111,661422.1465054867
607,42.86753803382227,66.17530603100629,26.854000366628274,525272.6198892631,375228.9436593535,48992.988800777675,-287126.21640858165,-288367.4711084749,61151.46687950202,-134660.86238110557,266440.3571177166,817715.057612783,-170476.9992584944,-13136.418914615353,548656.4417232387
608,44.11444479001821,68.04797607044185,26.853743204711183,142563.99899300665,222845.48769090683,-336803.8161027968,-713256.5957731019,-158420.5390554578,-56044.97760274923,-613628.7936757756,-259655.83973901012,901890.3039959027,-63178.40938224507,3656.0903830578814,925497.0262299776
609,44.5752663698306,65.15540690305178,7.687519425182325,-318610.38298725046,47575.967410760495,-234776.47361858122,-125601.11490005918,231698.50584244155,306289.12946285313,-672035.0899626047,-16876.333415898145,183100.53418343185,-497366.47317931626,-33012.9547945238,293836.8938878259
610,45.704517512389046,66.80610267410233,7.687346256367393,-311331.8753317054,83826.39553030534,-1274201.656536443,-86879.54460748477,290804.33031448786,226624.8765017006,-1387201.7059886924,-261713.02882768947,147207.598478539,-1258590.5413624672,-47729.65730294688,33243.94187252731
611,44.57577534845338,65.15604518699209,14.062469799572447,-241235.358385921,54491.09895259622,-644402.2994865793,-146645.59420331748,20522.95251986891,167877.14441964967,-711676.406384362,-237239.93606376264,117769.78352822074,-545577.8520935404,-111340.87796062086,103883.40773468152
612,45.70500175390155,66.80675515004627,14.062199461662452,16288.531643454204,238380.30313669762,-569685.0541949043,-239934.30756540873,92046.95724626207,62082.19967152319,-594356.9508357715,-114442.17494812133,393782.9063691404,-455665.16163663904,15857.774943684086,369636.83163256943
613,44.57631112814806,65.15672287116347,20.437383776858994,29285.482362474802,115915.00406662114,-508371.02687453135,-196669.40787415943,-72167.34450180312,66262.30706584007,-520506.4115349477,-128679.79880879426,286015.6698983066,-435442.97407884256,-66820.02607857459,295161.25701917993
614,45.70551456757914,66.8074443629783,20.43712842270632,325641.98002514034,279511.7696221351,-233598.6310128488,-364320.7882836714,-14885.96164026562,-20606.027035027946,-237189.2022005916,-58908.70968687082,667653.0305218889,-152962.33907928664,-18407.290633100987,683926.706239423
615,44.506213302291535,65.05416310696229,26.812331646807348,548971.6296631709,358441.20959506906,49617.88546952927,-225347.49767259398,-252562.43652427537,52553.666267284454,-99318.05484060681,305493.2599354919,750855.5196328841,-178466.4589838661,-12925.653673482693,518847.3305076504
616,45.77654879437717,66.91123295314152,26.81206689029619,134677.41635300923,247947.1946451651,-339247.8774841289,-721531.9997293258,-177468.4356816506,-45611.364874494444,-619132.7348867059,-260474.90707239925,922984.3754731503,-60153.20346278176,9563.115093933164,960186.307740327
617,46.212797300316595,64.03541417231902,7.395851511391636,-351504.99076698296,56993.56016141313,-250489.64111395058,-115363.18071320125,235740.73955373844,299340.27464864997,-684214.2677138478,-50150.8301218672,189364.02611619452,-506975.554377257,-46926.755027534964,271664.22198468883
618,47.36756992625074,65.6680590824043,7.395674648615508,-316032.7339252483,84592.24341942219,-1300833.906993428,-84165.31080050915,308087.51565408515,242190.85845301393,-1424664.154941637,-260032.80024077435,152422.55768315788,-1282637.1232193762,-40784.94532535873,28149.224781365385
619,46.213329974298325,64.03607098181722,13.85413327277943,-270233.35611551686,72700.81990303233,-651557.0515977297,-145515.79323175884,25413.994909212168,160470.5674733379,-717278.2676469202,-259304.06059629802,127492.74043300393,-548997.3130097215,-104865.10094594544,84516.09918545224
620,47.368082596863786,65.66872702876105,13.853855740140444,7637.515733421649,244416.13431196354,-578894.3373409198,-232435.8990627384,134013.40688313436,73571.47732777144,-620859.7210961172,-98981.792004454,393000.8258050368,-469057.9653042683,15394.878874970742,369211.7550556922
621,46.213895125690975,64.03677025817366,20.31237842102766,5194.079170152108,134590.38723732432,-515586.87343088444,-203161.74624747538,-73158.40252464205,57787.754914082056,-526341.1583919224,-143291.76591322548,293830.5172817396,-437807.53897175554,-69090.66927976417,293013.30703323596
622,47.368627945960405,65.66943578848843,20.31211604873207,331145.1893914362,291375.6164619383,-227296.85974679425,-358779.1062719074,26523.4480888025,-20968.109188230792,-228672.4284121682,-47938.96879729609,671835.3433160445,-151097.82818105345,-21917.395263145034,692316.6801887415
623,46.14222852329639,63.93535685791123,26.770658250755186,558040.17198147,370619.8631130161,52872.5164653301,-210565.30049872087,-261775.79716794312,43398.812466260744,-101706.09112505693,336665.8469115366,746572.7957733368,-178233.2862388826,-13729.88904769147,527260.7527789304
624,47.44128632426519,65.77211274111403,26.770386800602868,149485.10205594858,241462.9488356217,-339771.5241629008,-691010.6184261683,-141835.1670215119,-37546.464550097895,-566510.1373911593,-275296.18445572746,892982.8485755565,-62071.77139874954,7982.74701160378,975547.6298566912
625,47.663986392344675,62.97469227742755,7.250018268739829,-116840.33312830316,-96990.9834168778,-123103.65455703692,-90599.48605367522,304.56436202648166,278281.96234642307,-411564.9744769961,-99325.580785256,173955.5841600342,-509765.74947535904,-52266.118113764,251141.79712606047
626,48.87413187251352,64.56659294846213,7.249837818070147,-97785.91981966519,-29583.10778518446,-1188000.506356021,-41220.295520139385,100273.33114633293,220862.43829392394,-1240381.261004215,-64819.00605374389,-10169.266902911468,-1299057.5748897614,-37516.51272061221,26256.15569832006
627,47.664537856172586,62.97536054653637,13.749965474276074,-95141.03894022515,-23364.91206793893,-512107.3912737642,-153382.08605183478,-348589.86778658524,136431.81841439893,-697986.2918922752,-200521.23045507533,267894.18006542197,-553437.3900591803,-98239.78637151269,59334.92733265057
628,48.87466757022593,64.56726999064587,13.749682113764225,138582.60346884225,155929.2361327388,-455623.4824412684,-232317.22530731832,-206412.44068631527,72759.84219944233,-518776.11863253213,-67910.53250876242,425575.0083016073,-475362.5646641281,17792.260518949337,375464.1895984342
629,47.66512541935702,62.97607235547965,20.24987596512218,19710.712374270683,128055.29210881844,-446244.09352354595,-264548.55771895545,-432426.1386037033,42423.48701847899,-690022.3684022626,-104804.17738139784,496348.45674320345,-441354.4790486068,-70025.51635170422,283379.4393907978
630,48.87523870348316,64.56798949207194,20.24960805999873,288253.07340000663,273687.6799233123,-170853.95417806413,-419816.52477760596,-302598.3910917661,-11245.641801293928,-400199.3254995575,42205.78435004731,749080.3402947651,-148303.73566616155,-21427.727790151974,705718.2441007958
631,47.590018319717615,62.87721604639081,26.749821779632544,461312.51015845337,448667.48136585497,74022.74127304356,-298853.5704995741,-634484.9809523622,23257.75360507508,-430636.42909110873,376870.9954053454,1037768.1664831153,-180548.82855165706,-14248.905526326156,523889.84650361293
632,48.951381234044014,64.66812922325538,26.749544868205902,-35663.20217254266,293229.7953055631,-346013.5220695366,-783231.547359358,-482013.5937335386,-31221.768799408568,-895462.1349035813,-218191.2180953052,1025206.4240623706,-60727.18437877625,9698.05859022471,994521.8599145662
633,48.9565172773838,61.95287337472298,7.250019786828699,-109510.8928877668,-103445.79763213186,-115747.0871334121,-64671.37585512662,54301.24005500386,273932.23280141945,-409674.33680724516,-80592.46056039601,161563.0197143302,-509445.44958508597,-54401.89216514701,253490.82070904304
634,50.19652229029163,63.52207486448748,7.249835810261316,-99921.67498125913,-36817.477751600876,-1197232.7396082801,-21731.744852719126,81833.65753760953,236314.66817958103,-1251842.8651332972,-52250.0024869587,-29879.024720883714,-1311545.55536262,-51023.51231189135,27148.720497170376
635,48.95708321457522,61.953547549825096,13.749967277913228,-78368.2567180341,-46346.507976663415,-517470.7179694998,-112520.89064597854,-269505.04260736366,128433.6300806194,-649079.0300266104,-167310.96555352496,174204.51291593796,-556267.6598569895,-94952.0264066621,38575.646114792005
636,50.19707630091719,63.52275523541659,13.749679414781006,146322.4476172774,155323.55387997336,-454293.65000935184,-213555.8542471887,-229609.4392799665,80473.66772487985,-531219.0107255923,-42739.993527196835,421311.35574068804,-474757.3753742199,19683.82136090496,378179.2419744045
637,48.95768649445202,61.95426359021028,20.249877043739538,48996.67705622397,96621.34876635266,-450379.01876273553,-212474.62135056505,-359324.2905588688,36652.002827721546,-634393.9590688073,-68634.3019945954,398267.26812324394,-445546.1033637602,-69457.59052737796,267063.47588915844
638,50.19766606690166,63.52347709950474,20.249605259872567,296016.4327353233,274042.5417118843,-170238.280257099,-398211.8825169497,-320987.0049088472,-8529.085596046276,-404875.31563556736,65175.592151378536,739520.4176742977,-148088.81097517433,-20043.554460444095,710048.1376001528
639,48.88072738905134,61.85682934718968,26.749822588579715,516759.2297195534,394044.2799145492,74972.53312389251,-212298.06273328897,-556053.5227267137,18925.78223038752,-358943.6324854855,444101.0058302319,900618.6694132483,-184505.41503715495,-14564.895337256534,506395.10058904154
640,50.275691820291975,63.62219995489016,26.74954163245411,-29490.899841166873,279789.2396311523,-351164.3773231567,-741565.1526530463,-514407.82431214204,-19487.708974316312,-887602.5017797837,-212841.68643714124,999578.1506837539,-59523.99851756591,11382.001524018311,1003494.3707974157
641,50.240070855889826,60.939829392357595,7.25001827806922,-103248.6843933908,-112180.80768892093,-129429.22287407836,-52471.179972546015,52506.11444285488,270285.8219849625,-405703.6118130643,-93431.01639389935,154275.9132505736,-521478.5111362096,-44687.56137651105,251635.96007396808
642,51.527878568090486,62.46876752277478,7.249832549905877,-90149.81543405782,-54498.255431573256,-1224930.2284439618,-7911.961008374318,153945.3811604876,247018.6692239033,-1295079.4922268577,-60756.75573482093,-13742.051347914557,-1337887.4456370638,-52163.72199495247,29528.772355398887
643,50.24064872059645,60.940506317149605,13.749964428456448,-66285.0474276495,-55924.565657500774,-518233.49738971045,-95778.8007773217,-284427.20442859415,120326.94095857827,-661589.60136438,-143155.09731772504,164301.5882072444,-552011.9348397012,-92244.07555234362,50461.63361114306
644,51.52844844628339,62.469447509367484,13.749673454974449,169651.542559274,145999.14992198927,-454460.1567075525,-190593.07577326245,-114329.82297948495,83891.36365530308,-479430.8595626716,-31723.451457943334,372344.84679432557,-477204.8275400532,20810.588897034697,381158.48410409736
645,50.2412659099925,60.9412243955747,20.249874159401244,63727.63317690149,81928.30614013708,-449500.4760164065,-191798.9097025748,-377381.3653150544,30652.83379817993,-650840.3586810785,-37824.28321957392,384820.1052012846,-439081.7854406558,-71808.09224276322,285385.48415960645
646,51.52905510308665,62.470169249102966,20.24959929379954,334739.0210297161,266176.4550501553,-161181.73884987927,-367116.34071346023,-210268.07252747662,-9151.245225947869,-295140.3723704051,43482.20999684104,691391.8996035561,-144487.12686532535,-21221.441291048126,715296.948790111
647,50.16133207448663,60.846308230392125,26.749819857334078,550445.4834178556,364672.59286530985,76598.26363374518,-169007.8766587903,-586382.2554796286,14393.610170019527,-392505.41310766694,498489.8937166179,885731.85930796,-179396.78869412022,-15930.444861513384,534704.984495979
648,51.610084350088506,62.56637542018259,26.749535790758017,20485.701388956004,249274.0426615548,-348830.87561454496,-680013.3169897805,-399883.4311174725,-10606.544192031064,-756565.8779903112,-221263.0890651285,898757.8354914053,-58539.03847126279,10940.778113088632,1014957.0716670402
649,52.06283746510771,59.30351785477489,7.395855040986731,129548.45366284129,-124702.09517739047,10370.047256977188,-43570.00467190169,694180.4731628239,262995.0493457618,-802464.9859248155,125916.6683019152,691764.7233653286,-509856.5860043691,-21039.138135678753,281230.4615962161
650,53.42137956419374,60.77096174701899,7.395667500095781,156717.4359574403,-174311.98809094785,-1122423.0896236903,-31920.38315059667,705789.5348241242,249216.97059752978,-1531371.5604941887,107261.55227514979,284092.36646184174,-1340349.5085747996,-84159.87647777733,34988.96352121791
651,52.06342613518716,59.304189920115334,13.854137953013945,235698.50715890148,-77960.60061365622,-378978.0034472713,-107398.20112559712,696015.1427840599,123162.37594376004,-962820.0570262283,257776.85105346338,483803.1090707383,-541633.2965627917,-89911.88151246338,64899.07607473367
652,53.42196620345901,60.77163211653924,13.853844352588894,538276.1144339526,134307.76950590586,-301688.1116521675,-233707.23026388962,720857.9751998245,105172.48707529352,-872532.0088290819,489312.75192461803,754115.0291921551,-478812.8937193982,18804.912248977256,351628.1743990551
653,52.06405589840226,59.30490044585339,20.312381714046424,398579.6692574982,102055.29301133331,-336711.9184062529,-223524.58645740087,541270.1725090016,46162.72485635642,-725513.9816331144,285232.4976908881,604204.5278048048,-436864.7083606649,-69052.1537011073,296507.8390258442
654,53.422590084457006,60.772342843055306,20.31210425825465,768732.3993123906,364041.0790608423,-13243.196133133359,-436913.71212065994,572490.6501049987,23244.395135632712,-491992.9242625966,473008.6111001108,1138514.595402585,-151654.98346604995,-23895.736046711416,688318.5346542872
655,51.97971323682694,59.2138211840068,26.770660740577668,902002.0287390843,405373.37045139266,170358.01706545678,-166475.93998897268,379593.7992362905,18827.108499287067,-122409.07497495282,632641.5475357759,967500.9436951106,-179419.7687795363,-13981.918522167136,540543.3854489087
656,53.50805727748448,60.86469530187998,26.770373805946605,471368.62539747875,396797.75437288097,-219033.0693166004,-732516.9753014494,405704.2822226985,15503.874110847306,-585126.5616038482,14479.364378582975,1219780.5076790252,-63503.93671242718,6550.436815403579,991711.4557363893
657,54.46017508647731,57.013190833130146,7.68752693612352,76826.62711999424,-77467.31742766383,47551.96650370034,-111060.55027805199,723008.8461425318,223407.95768954756,-802689.5890091914,125703.44163242925,723897.4235727929,-487618.7632878917,-5459.009861319489,312680.94708589517
658,55.84165749882148,58.45939634571343,7.6873392938773,87066.38224064469,-148832.9087884589,-1101918.7883889081,-81618.93042152883,691027.4490895696,259170.62096101657,-1509609.1191801473,110091.13820148625,235832.66604193914,-1316886.9215947166,-94072.83125829528,39536.57509105238
659,54.46076735734117,57.01384458203283,14.062481539135874,83183.80027675616,-2816.7121278936393,-391478.81796741346,-220284.81259720377,737023.7339519508,63208.01967835981,-991398.7844965372,78069.46455075781,602217.5901272286,-534310.3445013651,-95070.52103384165,72865.00983164042
660,55.84225564701404,58.46004135677806,14.062187914365335,378130.2119285167,205874.05772976635,-316215.63941812917,-339037.0987316293,713286.8475477123,90328.21122585106,-873735.9797724807,311752.5857495237,829772.0242631108,-474833.84039020946,22449.121056248474,346772.7224721977
661,54.46140413227031,57.01453403493826,20.437393552921083,185321.50839722194,195224.4279666311,-367273.66091934004,-364879.13005736127,584777.6369140153,-10542.132229479344,-773709.3851043762,40308.22692875386,746673.4336201355,-440975.2546841258,-68161.57075186042,288451.4435992879
662,55.842892624238246,58.460725655341825,20.437115488797076,555847.684728325,468577.2781299995,-41750.22794495955,-581550.8024506683,576481.8640227618,-2474.951685590802,-526431.1553416401,277309.85091683455,1231796.0393381706,-153908.90126656104,-17105.010075445567,693638.3442258044
663,54.375635573856435,56.92476444756446,26.81233966394099,711360.755436036,512668.9861435786,152721.98955879523,-292132.6684665814,427604.59652438987,-27936.247501929603,-155273.6851423108,508658.86008535256,1023366.5561953681,-183743.9646893689,-13294.812411451901,525854.8229307324
664,55.92980778396792,58.55172696063422,26.81205165156566,261380.57092810964,519886.8393875495,-241746.32990903323,-862493.8155771086,399642.963071569,9923.348210671198,-669714.4007511482,-111209.72431570856,1320445.2054734826,-57134.86489315935,13517.53163518527,1007804.4871402256
665,56.86003505358851,54.72097880260288,7.979188917964956,24541.91676537681,-30482.999312256467,11600.006648843628,-175608.7308922366,718157.3276963293,180377.89766944392,-804310.5975700915,100867.72085652978,709101.8008155255,-487770.35113138764,7698.418101285102,299204.9088336077
666,58.25938567049504,56.14968388556555,7.979006358561051,20426.402489823646,-111692.5790147298,-1135073.1268956081,-138688.32324512358,660979.6936123979,255509.77043815094,-1514260.361072549,74399.53755005273,213521.52010198246,-1330446.4850521095,-94223.27143081249,31724.89672982483
667,56.860618016922906,54.72159968963618,14.270808070745048,-15569.151583356324,95296.06464694426,-394712.6686453088,-340602.17691604205,751235.2665922521,4168.326862661723,-984709.4197784172,-72549.25138851267,742272.9155852089,-526346.8686319056,-94872.9035891625,131020.84424305419
668,58.25998064180205,56.15028935465581,14.27052000332199,205079.68261464455,259806.09147611307,-359444.9074970579,-426120.8992527895,707174.6920680313,74114.81439272095,-904922.0921078386,128489.94828053648,881873.0104210017,-496427.06588611647,17876.603831756358,318906.2123507339
669,56.86125142049049,54.72225783536263,20.562388770691506,33469.71506904403,317611.0557691552,-368940.8932139056,-521033.0899736033,605788.8200245089,-70953.68990692594,-783671.0506279824,-172846.67739131776,938657.6056435939,-425021.1727269136,-66919.56670035417,342855.70062172366
670,58.260619951579145,56.15093633318922,20.562114040772997,313815.0721746816,543355.6636166563,-76723.81964006167,-700882.3751453815,584613.6442009307,-29377.230445954752,-599653.9563358697,75468.37433999633,1304632.4981471496,-160904.48479078733,-23658.68694946438,657648.1198454425
671,56.7743651042878,54.63355577722592,26.854003051027284,564991.3249726081,650635.294158376,151334.1016116265,-442126.4388338479,450931.1414583613,-77001.55377669714,-159102.39675921574,324178.8244943251,1201884.293007501,-173137.55707162435,-13838.802186406847,582554.3597343073
672,58.34865707222714,56.240811411624456,26.853718204855824,6979.940189286368,603347.7221877256,-273174.3167042162,-961646.5031969125,401906.8685475855,2855.364132507053,-818349.8400960172,-220375.49480171892,1375878.6805705326,-63960.116736520446,2985.339722305296,960085.9750102446
673,58.47409608061341,53.10125889132137,8.270851431453572,211154.10719426785,-700212.1975521747,-14612.888951799658,-8703.774342452372,-173156.0032896448,170003.80949718668,-742505.8218285893,-71868.86088426087,310703.70340314385,-494925.7534924296,-1330.0334637917722,309524.0690281338
674,59.933999872908636,54.46682923036601,8.270673670917546,202509.4305441659,-537931.3239251985,-1119346.1344308225,92493.0162044937,-118489.913456103,213677.1344757171,-1180093.2281625476,-517783.367288205,243108.56763889722,-1340055.417008695,-80572.684483637,31810.545382336164
675,58.47466737831623,53.10185109995166,14.479135642526984,291458.391922771,-683530.3426148625,-378264.4297374727,46683.06818358836,-671537.7267278071,-9046.481067512295,-1220192.2116420965,148640.08335562554,301215.7478569065,-524945.6358404311,-97745.31229273054,173108.98505753008
676,59.93458547884581,54.467401953574154,14.478853725096222,414188.3522729897,-386718.36163765367,-359733.6483742396,-5149.874537098122,-543836.8664572816,49252.5417847519,-917938.7285504985,164747.7830890332,420927.28772256186,-504407.27593148034,17282.253097234432,318628.3589571335
677,58.475290641774116,53.10248043871461,20.687384485340168,350154.094695886,-497437.2809865075,-396466.8914564906,68647.14236915513,-763672.3355521273,-85864.2697865952,-1212338.5082469084,223549.21665076548,445039.21384903055,-415229.63696275966,-66135.7763203194,371361.0982198445
678,59.93521805607902,54.46801545779703,20.68711441755772,462057.79050280957,-201356.6377064187,-138426.7327041027,-101831.46375716713,-623205.8148107982,-41533.10136981464,-802196.5081778744,421482.3196710663,502988.60859909595,-159947.68027467563,-20824.355290676885,654450.181942665
679,58.38461195873408,53.01769967538474,26.895666714597695,799825.274394944,-317947.3236041262,28666.724772886926,290484.49924917833,-978615.954922886,-96274.16435255342,-1151954.8451830607,571097.1607460127,1091402.3600007526,-166354.6512791494,-14303.905207084394,613698.7708019605
680,60.027035917027995,54.553914982004386,26.89538635844024,39093.82134311401,-279283.4852345067,-419659.1650903371,-223911.92709386107,-842933.2047223671,-10450.92052697917,-1215782.9601344124,9130.55158562731,546803.5795670546,-59955.80529767739,4475.322373215947,953135.445958298
681,59.33263702284255,52.122473230721106,8.56251888415224,210611.96013414682,-629129.5275470419,-8982.513066322514,-34332.99568752429,-46967.54683539053,174627.022603208,-633228.3465623535,-104331.9712231727,310060.2373063086,-494286.76493102004,10248.682537667515,336074.54273357615
682,60.83523153475603,53.4424035205798,8.562343170132333,194416.9772916825,-600585.2676162075,-1124664.4208167822,96788.19885175592,-121100.66537383987,219297.1735424473,-1191242.9051425764,-576550.0878438139,236960.2818450825,-1337898.4317656262,-99763.66117078353,35165.43413365476
683,59.33319881914106,52.1230472170455,14.68747077982116,285701.9621576965,-615870.1756846432,-381993.469117746,11345.715070511898,-474407.2176012016,-11164.188140517474,-987542.0969817948,-11164.185166018066,286544.59950312023,-525170.3964988076,-98918.31248860902,187118.6917348066
684,60.835808656847,53.4429558200311,14.687193001357805,411044.2413041487,-450074.146190575,-367506.6865830571,115.0073301963856,-558686.8972429523,49920.504086179775,-969841.2699966622,146405.64085764854,416899.03766953055,-497695.27396099304,16977.197396538988,314312.9004676546
685,59.33380927405455,52.123654506814134,20.81238780960848,348809.9122803203,-428012.0268781497,-389208.33124902577,28609.316620222795,-573303.9284984539,-83963.25674217864,-983318.8319354361,135069.63780153598,379838.74828704476,-414039.4488473041,-65113.65228162154,375908.05622142204
686,60.836430198293336,53.44354466261263,20.812121767615288,457850.74399640935,-271689.3053634898,-154606.95806110592,-77791.09027305146,-635146.0253995572,-38804.54031717114,-856309.4634662953,413402.9330857192,474461.0109523899,-164227.59373100643,-20270.72025566064,639173.2229268604
687,59.24045175423429,52.04170681178863,26.93733783207852,806096.9769490592,-245193.52898080254,42145.508479381664,247557.38162733254,-766555.263597916,-91356.73411057888,-891915.7560248589,509584.9522976206,985379.7601748767,-167677.54232450918,-15205.927355017082,606304.8975106205
688,60.93090735022202,53.52656941284464,26.937061206770775,35889.78852657048,-382670.09261385724,-440027.2619216252,-168942.19937818003,-872905.7465988145,-2023.073534458617,-1295416.7379493404,14594.029162071925,494015.1427783568,-61575.59115994112,3505.9287016805447,929845.3575827416
689,60.200413706224545,51.13518204488811,8.854184189091825,217850.12244163558,-654574.8952931794,-23216.435098845657,-49977.82926683822,-35023.53667284677,175188.7150180426,-658469.1635695193,-115222.2608159675,313750.2164350976,-501330.18171216536,31106.52731010491,351582.7609986204
690,61.72722483562127,52.42647909458128,8.85401099334398,192218.71084804955,-591252.94753608,-1132427.7723270936,83755.1427397664,-54210.62033922271,226792.4174131485,-1177935.5123674532,-590088.3073715388,236561.8107238673,-1340900.4467537964,-110031.51898667419,35173.28823937738
691,60.200964136831324,51.13573659038062,14.895802667562346,289918.99142541824,-647860.5373013976,-386757.96184215415,9817.60969301245,-462698.3146008841,-17517.062870728172,-998078.4148849703,-37753.52657149668,291132.4337383334,-519694.5499895532,-98829.51831771234,215861.5824772957
692,61.72779205587127,52.4270092603486,14.895529857534141,407190.6478495644,-409808.772465717,-363967.3876219948,-17148.604746697478,-456585.777123673,52119.09848153426,-844490.6565597291,63139.213278399955,414765.9310431816,-489037.1458235085,17014.96849693874,314893.98981222743
693,60.20156028417894,51.136320641698056,20.93738833850091,357095.51847975433,-468652.9868587131,-390442.8573710871,36831.25622823607,-561396.134913448,-86433.10319131229,-993067.782852253,102658.08796235663,388409.36913985055,-405064.3111283551,-62877.966438625415,403118.27122776647
694,61.72840069725527,52.427572651806464,20.937126980265404,450696.71468105447,-230332.72253640625,-152206.1019379815,-90905.43740368134,-534321.4004562611,-33408.955416109005,-733761.0940759862,333270.31656422693,468648.6677184263,-165717.6514063215,-20543.166957505655,626181.0883672183
695,60.10667735205048,51.05614215645227,26.979006426128958,812058.5057143153,-320333.9200129312,29447.982952210034,273737.5538865162,-762073.3268437211,-90083.8634682567,-941864.06414552,473467.71706624224,989568.9157328717,-161457.9014039848,-13460.732235896043,631196.9154488808
696,61.824381146312824,52.50878499549556,26.978734249045626,37996.404351210236,-339507.49096290313,-431149.14354343043,-172916.6563410368,-764695.8458778285,8298.156053802253,-1162044.966026187,3124.3520999888015,426260.3837710748,-62146.601208100365,2588.7423067416557,914291.3862541486
697,61.23209709885186,49.86762590074566,9.145850911010028,165378.02553974284,-243754.4656194864,6044.559861628295,-132460.4955140038,368761.1675472113,155619.62475448492,-562455.6174700842,191062.76976839633,299060.9674835725,-496963.9854204729,43062.735651694034,366899.744044438
698,62.79866345271181,51.11070699044916,9.14568282925852,121455.75040710637,-314116.7856537792,-1105572.8773125538,-16446.421880777496,272981.56976042606,237244.383795186,-1230295.413362089,-236362.7489222959,168424.24972515955,-1308733.1257444108,-109267.70623577425,32699.51049959863
699,61.23262940024848,49.868154793278244,15.10413858922735,190272.3845717638,-141294.42314026307,-351647.8769194999,-163108.29928837318,173798.6062200284,-30265.805433508176,-454551.98630382423,-120432.22818895658,272314.29900478176,-514314.0496848561,-96006.03532869145,239096.4695202752
700,62.79921452392989,51.11120775171015,15.103873616031859,297572.8045911175,4384.4614095778525,-346268.37393196044,-179244.96228699724,83836.21533788709,62556.85810839405,-381744.62931207253,-45703.606395963034,383137.1277767705,-484443.8651899104,16267.411325694782,303545.9832189991
701,61.23320732283124,49.868711194831086,21.06239323356196,243457.20592072926,81718.74170193014,-329112.9714703675,-224105.94273980623,52978.50228300306,-91935.29509360208,-344433.7532152934,-75338.3589597457,415835.0883273311,-400058.1808749654,-61471.493502956924,419574.29303293355
702,62.79980638544346,51.111740755881726,21.06213858620377,335957.58461964404,254543.55676212217,-107145.64435910471,-321783.7894966265,-7120.1857398576985,-21466.39455904165,-111930.65288834779,-24491.570425929047,619777.7203369385,-170392.16684155166,-20610.386364941933,606838.2136621219
703,61.13582469285301,49.79152207477229,27.020678973450106,745171.8601290046,333827.8208690563,135221.68805781755,-61490.668093357046,-99291.01186946704,-100068.75110370628,74020.41176660353,374133.6298258979,766067.327463377,-158816.75890533187,-12683.021997867194,641141.9681399553
704,62.898258425062046,51.189912171605556,27.020413370400867,-19140.131318226544,241649.62887337667,-332921.69642735895,-454849.54165159824,-207033.0605836435,17534.055711853638,-472650.8475442383,-255175.8592171883,617414.5078892179,-64428.72132495519,1134.3324904370413,887703.8689018635
705,62.44756381908046,48.295698371531294,9.437518763892045,156153.87003518583,-219255.1700185323,21173.04984584551,-144029.12974405749,386080.7106051205,133100.42857544383,-556727.8738240713,205022.49907185996,309777.1246147107,-472775.706105059,42507.18471504731,370266.2401624527
706,64.02967007350588,49.51919466958452,9.437358377450638,130017.94455097574,-301461.8817504514,-1055485.1472414697,-30652.83845566935,258143.77794868566,226517.7140233785,-1174404.531199619,-225012.84087533996,172488.28763401447,-1247422.1938520926,-92844.40769385285,28303.597069413656
707,62.44807019138938,48.296194017737676,15.312476605518986,168018.70130758052,-95198.04318370637,-339330.5608512965,-182156.99527927744,221947.29824846843,-40910.850953007684,-476237.692021659,-84706.55736063136,294434.34665486787,-504148.31556985073,-97901.50608110086,261218.46869298714
708,64.03019750728888,49.51965909288782,15.3122222445586,277520.80239973357,12780.373218407705,-350223.0502612983,-177108.11982495643,87013.36138820108,61168.9417185837,-386218.4134713318,-40319.71493054894,366616.25375872385,-483778.3774333014,14050.684828660407,291008.2869075011
709,62.448625005538226,48.296717630292086,21.187400987569195,214956.07765700528,128777.43951698429,-323471.7478638076,-244510.81400832068,102980.8148387214,-100861.57143314705,-350883.3727910213,-75729.45949076512,446874.6015919684,-398075.79021613713,-61043.201738212025,429793.2695674804
710,64.03076827609573,49.52015654682661,21.187155013650123,314716.313863155,268049.72242687695,-113784.47696572266,-315300.81003134995,-1922.4823938830116,-21194.41595856843,-116787.87180820362,-22057.024206806534,607826.4553393193,-175013.70468179768,-18266.26640088535,592663.1641785112
711,62.350251932481925,48.220723721585784,27.062354534340535,711422.4177780884,377277.6555890968,133868.48491700547,-80690.33204939231,-43416.81934231321,-104681.10877893647,103368.76664509396,375073.42440658604,744126.3672325106,-159567.48019238142,-12735.081844746863,642363.6836327408
712,64.13017478497798,49.59707198140998,27.062097621054047,-30601.223579504935,247390.73855422199,-329346.35723464366,-425445.32936491974,-205722.5263363045,23557.806674355605,-452720.51152960124,-251556.05839507838,591719.7276647532,-63922.74176495151,2053.1400328967507,865546.2062014646
713,63.66513236768434,46.72144586133066,9.72918303402886,140723.79429500172,-190114.93869224467,9370.537638123329,-146643.86361463182,379143.4674857307,115251.2538622515,-533971.8017747418,192253.6049882421,301697.5900273798,-453495.6209602084,33026.37913822998,368079.42161407997
714,65.25857035688479,47.93000172487136,9.729031638376188,117833.80126580852,-257535.49755342616,-1028858.3495017865,-43762.23620618918,247258.49953161227,216392.7827441835,-1139799.0716280718,-186076.13455481734,157315.16039348562,-1206350.8467482522,-74147.87515899444,22992.215045445697
715,63.66561057270349,46.72190584541047,15.520808485905093,162986.64317701655,-58334.55742774134,-325152.7544134179,-193633.69068121666,238664.43655525532,-50847.18799182588,-470338.92273891775,-71732.739523483,321570.993598258,-490874.82801113534,-95598.81534419718,297280.2265081882
716,65.25907048287934,47.93042886658247,15.52056612791278,244636.7865111804,34645.15195511597,-359608.03774154437,-178771.2306686828,104851.94266112031,62631.68538386316,-403958.09434728115,-23340.733624713408,346972.72869674664,-487694.7456272637,11381.674489682944,270024.02826269856
717,63.66613960417307,46.72239492910979,21.312402800696734,208039.91600326242,163540.1092621677,-310184.0992800469,-255674.8956495887,123245.01668272802,-110766.09895362145,-345633.4452471335,-69978.8669565973,477008.23818911414,-387273.1581819744,-59151.582776124094,460982.86933188164
718,65.25961719295093,47.930889051976095,21.312166724918654,273342.5350115974,290742.18270327273,-120013.63817841101,-315751.1064380403,20886.020156010283,-19950.20962327975,-121174.4709758597,-33827.7807812846,599073.3312936035,-179691.2212022964,-19520.52575750887,563284.0329839301
719,63.56703652385251,46.64730437815395,27.104024594907777,694663.3659036241,400178.3234191664,133033.9943372351,-87540.11213528858,-21691.90618593494,-110389.4740433278,107100.18994548114,385033.94196135603,735741.5517531883,-153815.23329199635,-11919.398076976184,668317.0465517375
720,65.35971193647568,48.00683754875414,27.10377775638365,-63615.36256182697,268233.9266161781,-324074.4566200855,-408172.98781621153,-181159.5317489829,30170.053763807617,-422129.04745633126,-271564.44363657146,574237.5985271684,-67035.55292821232,-2341.8024923349076,822559.1936967939
721,64.54332467747196,45.54123810771897,10.020847464451428,157497.56794023898,-1069563.392193409,-96047.87136369717,-47848.473514481746,-273866.4345899805,103078.15394057013,-1141633.4813281326,-77445.80676864648,210965.59247991233,-447207.61458630755,23944.551680808927,384973.0008839122
722,66.16990526825535,46.70435127467933,10.020702786813924,190894.58725510785,-895180.1605337746,-1061940.7441485624,103478.97168259263,-313315.1414429795,166503.60401897275,-1327845.8948551395,-654757.910149805,216377.48757771542,-1185028.7897198566,-61517.778695802626,21902.28592504255
723,64.54378136234617,45.54167121875913,15.729140321535539,278106.4823201038,-1237363.1169866822,-439308.7704399759,102773.31800563286,-815114.3987014444,-76397.1757871752,-1746962.7360521387,15367.818377072661,333029.5125685116,-479555.91971078195,-95997.20501296362,326321.054914818
724,66.1703831563856,46.70475065717063,15.728907582911173,386273.9072970293,-953488.6874219661,-446912.76133024355,125180.97359522364,-824943.8638732893,9316.63924998189,-1568930.3813926533,144712.8816534899,410089.9582839827,-484281.38737423014,8138.966260918268,261729.61116669758
725,64.54428784284896,45.54213250015745,21.437403665535786,392484.34726023267,-1242928.268848694,-491423.5370268143,253083.01723490277,-912951.2922735225,-142266.14059885195,-1862168.8911414081,-33893.012191795715,554194.4447179275,-377503.0947314505,-57700.614057021456,482507.2771134771
726,66.17090786451763,46.705180688652305,21.437176094869407,458585.471926844,-948610.6188741149,-281633.67621550447,169284.15639239637,-902529.6857039204,-68328.40121664159,-1582208.4639347624,241915.17933685484,568634.4614351325,-181239.9652593569,-18746.824324493005,544285.697974934
727,64.44309374588681,45.4698574999901,27.14569342179007,807721.1692091505,-1386320.0554327783,-182626.4708866895,603307.996863332,-1118921.2277385674,-138148.01073580584,-2124797.0501206983,216316.68660948236,1147255.0064008976,-147941.2317962456,-11803.408971600691,685318.8053980502
728,66.27305510319853,46.778261932552354,27.14545521933405,72569.10714406957,-1287951.7472204634,-584193.2360301224,244795.9163975091,-1145505.7587667764,-14979.961827914049,-2150374.989234067,-4031.319977222667,354830.43310477445,-67803.42032937279,-2560.4960185566247,795333.7325169785
729,65.09871283274046,44.73235584466998,10.31251379196955,157146.8228107962,-965976.3362690558,-89285.765855629,-66689.98102917761,-178658.61635551517,106729.2856727508,-1002748.4511959599,-106293.05721899314,210926.22910106456,-443208.4102213604,25866.993963736684,403358.98445483216
730,66.74710471184247,45.86496576790296,10.312372520988866,176654.95734823056,-939565.258459216,-1061930.4214289105,99645.40719796062,-306584.9916343661,167727.1910715715,-1337961.591878495,-689046.5408866776,202167.41022527558,-1172950.4370439823,-66484.01004803054,23100.793739579214
731,65.09915453938564,44.73277122341995,15.937473963857995,270786.84358151787,-1111594.1039741954,-426298.97489141714,63060.560470588614,-656632.7545208588,-73423.52205525871,-1509746.216790151,-56156.07466247205,298796.05616852845,-476670.05556918593,-95563.08329097653,339391.3730149874
732,66.74756704744554,45.86534704348828,15.937247503799444,369090.1017230391,-1001601.2570707372,-451970.5492368238,118530.02155682174,-818935.0152349492,10714.465927298006,-1595952.3820715975,122539.47569787421,388931.2017892016,-472363.24702837196,8292.09113474034,263518.3410241851
733,65.09964243892202,44.73321184182646,21.562405937943346,384063.324309363,-1099343.473536659,-466707.56476432434,196377.9537655633,-753957.5967357563,-136604.84507109446,-1604594.193981113,-72607.39671001825,495213.87669951067,-373603.8045706523,-57410.406854074274,491089.4796775406
734,66.7480733198902,45.86575524283457,21.56218459770532,437025.61303853436,-1015024.2068000161,-298753.0277347718,174344.36734750908,-894295.1643458641,-64567.49174803126,-1625936.9138645465,208963.13464979682,540222.1577184966,-181725.33590740192,-17946.30518302751,534062.7862792592
735,64.99706843763133,44.66282460170496,27.187363675373923,798853.2607133517,-1203663.6935097468,-150073.96352545163,523201.6776382478,-939490.0975872367,-130948.95333156775,-1812257.0766101368,191773.98731117148,1065598.6929771185,-147061.98727299797,-12877.07330075738,685229.9544957757
736,66.85156749334512,45.93691005152018,27.18713170720316,51724.96403022064,-1392498.5551163123,-605182.9328564911,269238.93345051765,-1148067.2464465478,-9447.266930328844,-2232592.9586543497,-35143.33486668656,321779.76957845315,-68212.91710391035,-1953.5585782211888,776497.1853494317
737,65.65805631723677,43.918611151666525,10.604179220231005,150457.69311630988,-979552.9516056364,-103173.39148112776,-79504.56878641591,-166881.23171432244,109546.37964532123,-1013223.4586026799,-125728.93738509617,206683.74601732157,-444646.0214710569,35320.853798530276,414836.0420046748
738,67.32034740586097,45.03044099910618,10.604041426500197,172971.68140412355,-898444.3080296672,-1053440.5981852445,84466.82060365267,-245583.3499147295,170822.64565437683,-1258118.9603412675,-719545.3781174918,198751.11364797116,-1163407.182277093,-69870.10928906735,22064.927367857672
739,65.65848265290025,43.919008843772424,16.1458061942529,258736.49108257232,-1131197.3691774139,-431188.6116651341,57362.409890933464,-636545.7396312712,-72764.76908134158,-1507704.6226551689,-79678.89124789517,283734.02414308774,-470089.22131144383,-94595.29182996655,355277.0595461737
740,67.32079414603531,45.030803990101155,16.145586238777575,362147.834843426,-922326.9730177522,-438522.2670737065,95718.61304743937,-721699.2735831022,14142.541672985517,-1445675.9310367643,74002.01455119812,372972.51123753365,-461430.0721358046,8206.528425296521,264055.7336230073
741,65.65895162636211,43.919428689286434,21.687406861836916,371041.7346458188,-1132184.8068345964,-469970.217148066,194362.296327103,-731236.939433558,-133906.165932152,-1608010.6139190784,-98337.43375255154,475234.7583347862,-365549.94879595237,-55417.90684448031,505779.20529475505
742,67.32128157316299,45.03119061354717,21.68719194123953,427053.09729525365,-926577.0139341322,-286416.41824107076,147106.74794624114,-795357.0723443528,-58365.9392053693,-1468067.3910936401,182376.9636875643,499750.0925261265,-181729.4351594632,-18163.168175419512,521574.3376232771
743,65.55549203203901,43.85032133416358,27.229032663225286,772304.5237588019,-1271368.5179636262,-168150.07181530131,527949.7265320818,-921363.127826506,-126175.47803065409,-1855083.3558601984,157255.12449554834,1030614.1653445255,-142397.11044754845,-11787.445220864449,693855.6044644029
744,67.42562755854908,45.1010268467465,27.22880714779209,54512.19559935242,-1277656.4558131457,-579259.5673705478,237552.77191358994,-1038223.9146892049,-1836.56574822158,-2041465.355638345,-27863.975484526512,266925.5035385305,-69196.81471681572,-2353.680761242775,757650.742761234
745,66.28233126851647,42.95945193997079,10.895845078768454,165577.15641242132,-531515.9381516498,-50841.83127602926,-124700.3959506901,121517.27342085913,98601.25575646028,-588351.0081354115,-40136.322206906334,211706.71732706003,-442565.5825335928,41326.27986649002,424456.35322648345
746,67.96860151261515,44.03469274126691,10.895712262950275,165992.382476923,-572225.2910019804,-998584.9021608636,21696.5285383028,-7543.486356029038,173287.5153284455,-1024071.3724544293,-572520.6864265028,191774.24819501117,-1136358.5196372243,-67304.22699015019,20633.975688774437
747,66.28273875571277,42.95982967993829,16.354140136538504,262835.6928866494,-543115.0667061716,-351121.8571295234,-61014.560774358426,-170018.19729996,-82031.271523528,-652076.3127722304,-254843.60057897415,275518.6824021591,-465710.71921946044,-92032.3624631958,369906.73645390477
748,67.96902918300326,44.035034619911144,16.353928452950907,345529.9071013918,-437801.1454757559,-376510.0182708091,-16071.920346715056,-319159.8427567575,15143.587003698722,-727786.0664026036,-87646.77139202776,346651.5811494584,-452648.68189769343,8312.557880851464,260943.51624520167
749,66.28318630670725,42.9602270239265,21.812409457399067,375127.25046767853,-440337.1113005072,-349283.894348581,-7411.403986050804,-268887.67017418944,-139444.57882740835,-676384.5309345634,-141476.74675418832,403367.52250734204,-359820.2976226659,-54372.728271666456,515423.27624104393
750,67.9694950561076,44.03539768109796,21.81220236101595,413033.5010250265,-330050.56886786176,-191284.4957318696,-28545.524300963432,-392550.9433388716,-55471.34630984715,-662381.4753957698,135893.5130441725,418186.3987768924,-182005.6882722809,-17983.811320488883,509685.2416070492
751,66.17820888159287,42.893386120267564,27.270703029121524,812385.2625045257,-401816.18119603966,4754.224169902242,237125.39466710234,-417448.269057444,-132634.9887613011,-674823.5640634062,179000.477281929,911146.3922598653,-139131.0930212971,-11482.107082061428,697415.98115661
752,68.07532053740536,44.10292537701069,27.270485467963535,91436.76812536767,-525831.3093011783,-423825.5873086769,-2222.1530159295917,-605039.8402227242,-599.5299441114875,-1082017.7219163561,91412.74995258986,132384.8434792783,-70103.07610704354,-2492.527325825075,736922.1845440106
753,66.98352780349995,41.836583477311486,11.187511651159731,156914.76617767478,-485105.7508426166,-46144.94782252636,-134154.05699435488,152853.74084478308,93154.44626535138,-566860.5724563795,-9317.195941099642,201841.8359100108,-432442.74955973634,42055.10056212789,429161.2383931121
754,68.67987790258708,42.89601550205596,11.187385152067362,162432.56163717696,-561533.4648685578,-965815.460330049,11466.670603905479,-597.2258698739339,169628.99516481365,-990778.8055303637,-561690.7547691946,187553.1967381285,-1095412.3819893217,-56766.60183809021,19093.38783850168
755,66.9839125430965,41.8369384353876,16.56247489573393,248002.5341018664,-480327.619380097,-340806.16981318954,-74653.12557795619,-110273.7052649636,-80608.17693327676,-554674.6434528494,-282172.0323791374,263715.42074056657,-458212.2806511627,-92161.84349550446,385310.76526780234
756,68.68028300580622,42.89633385305784,16.56227296668923,331695.38383706135,-431370.27986831794,-375894.85972535744,-15858.991191095005,-299933.143283482,17165.810326475173,-704845.5918682986,-103674.02030673453,332949.8564184192,-446089.662971269,6493.594341051756,256409.00527510216
757,66.98433573959244,41.837311285790584,21.93741334520883,357253.0709596181,-378287.5899077501,-336593.4491690406,-24315.628718708078,-208092.8804240721,-137047.79501685032,-579721.1694392504,-161569.49175039094,383662.69307246874,-354796.29535469005,-53849.1459192003,522241.8825214366
758,68.68072481675985,42.896671574892366,21.937215209980142,399520.09411707916,-329652.60295390326,-195041.2954005089,-23190.03428082067,-373792.3439640812,-51767.21754703913,-644642.9790445884,115311.17041817878,404158.00438907626,-182235.25918401408,-17070.98952158178,499416.86786308733
759,66.87870650731445,41.77143621101647,27.312374919247752,782791.0215856946,-334243.9101556925,10283.167024068913,211652.66484869464,-349299.18140858895,-127743.33186258712,-561276.9833785295,152635.45245140992,867471.8093811905,-137464.07143977468,-11752.155520022749,695966.848479697
760,68.78715896600943,42.963188065927,27.312166520343936,88758.89089762853,-538272.7573876621,-420372.00388999016,17676.70948696575,-585992.1408699855,4416.9836873853465,-1068495.48247395,85881.53209029188,112728.08000363404,-70285.75721884878,-2241.263177490769,715043.4711211871
761,67.68487321446742,40.713807786260375,11.479176862781504,146934.17539279256,-461573.2253925355,-55709.52095975587,-136261.07681352488,163282.7823384333,88739.4214265308,-554819.4176408551,-5513.68956972633,189984.53625108255,-423786.4407241172,38572.533809064706,431593.08400950313
762,69.39100527169666,41.757245040881536,11.479057067999936,153916.24530682934,-514227.6431111071,-938415.7900346101,1645.3994588433595,17448.105853657027,166743.58960154353,-963945.796506708,-513609.429071769,178828.0377395894,-1062126.4808459438,-47336.25596897248,17803.93621883083
763,67.68523477052705,40.714139627836346,16.77080736171972,238156.94823320993,-455929.280332261,-334828.6426216586,-80240.86913239192,-82526.39031291427,-80261.45307213745,-513331.87480947195,-295135.93092265585,255866.8310114182,-449185.37812755693,-89609.78530804747,404580.17997855804
764,69.39138701829933,41.75753986760954,16.770615609275257,312850.1126719411,-384065.0484415172,-371775.6585150703,-24670.12509293505,-253494.22004148102,20946.277541015894,-631498.7395606184,-126713.5026212953,315221.64789726736,-440448.2121138357,5653.864463593269,247036.5744561297
765,67.68563311917653,40.71448804750022,22.062415030683802,345805.80319441005,-361618.93851609895,-327895.1206992782,-27410.2090876576,-180713.44641271897,-135395.67488059896,-540552.8911646036,-175233.5823846209,372078.2175282573,-345002.6150751407,-51832.20873732825,535682.1238899856
766,69.39180415959187,41.757852290199935,22.062226213581955,376189.1333543586,-279569.6671739305,-191364.35972071736,-32112.909354621574,-325899.2535136644,-46825.46683104207,-567542.3632934149,92709.66664646725,380087.8031066585,-183012.0924914702,-17058.180902958487,481292.0008739063
767,67.57937044154208,40.64959047453426,27.354044779062768,755894.4340987983,-333180.3038902319,4158.131575713633,207479.09276678588,-321371.0881452397,-123453.67243951872,-537944.8766193104,128348.14085650879,836468.9975470817,-132363.86281896918,-10813.071111677573,702553.6615372659
768,69.49882760475835,41.8233463258247,27.353845900497905,78182.236098678,-477974.2337160848,-403373.06834668526,13120.694016416504,-530693.3364789534,10584.5188330192,-972945.2188122657,78339.59887701925,91440.5539711549,-72155.56914142262,-3588.116398306661,683804.4187500342
769,68.27286575828144,39.73198727110815,11.770842040115738,108311.61947229473,-851558.6473113034,-122840.48621881007,-125674.88178438188,-41654.98838572028,81130.30093593431,-869037.1992399364,-148468.80881087415,151418.49399299154,-419841.12096369977,35404.49847950013,440850.66842315183
770,70.00135352097946,40.73782234250457,11.77072819254352,145900.29317692947,-812383.3351816664,-955423.8481445806,30987.20201047418,-159955.89242448204,145150.82642830518,-1074966.6813682932,-711758.1715540295,164817.96277300533,-1034482.2831075785,-39798.913496695845,16636.006131453345
771,68.27320684205004,39.73229924011085,16.979140201806157,222828.4798352102,-1000895.7268534589,-409171.5431642895,-1652.2015956511916,-411312.98666455806,-94678.95063669811,-1213097.2262136252,-214246.20155691842,240104.63758800528,-440398.97526860726,-87940.09860990882,419490.4208328566
772,70.00171404021073,40.73809681081935,16.978957729181396,318171.0611856436,-848814.7027795977,-429533.79689276,57642.520919274306,-550763.8769153192,-5140.81040591755,-1229769.975105501,-53517.45856860976,323109.9951873974,-431262.05587457726,4328.060061108307,243899.1885570068
773,68.27358233947896,39.732626187431464,22.187416688740104,350696.7600983069,-1045175.9629767227,-435249.3748791057,131440.7284532454,-509584.12753816886,-150183.5779171044,-1335061.0048264023,-213853.88888530992,419186.3159541906,-335511.9278901539,-50523.5754446947,544909.4841904116
774,70.00210795274508,40.73838685154148,22.187236528794624,394995.1366202115,-889683.9619821191,-290783.24070713576,121142.36718502895,-625758.2874379596,-70683.63642969268,-1286466.1410402986,57998.846086975784,442995.22888427984,-183235.8399217002,-16770.027395725865,466231.98149042274
775,68.16590231719094,39.67005926409508,27.39571433472331,718630.3950303348,-1216024.4356687968,-173006.9284934624,431053.99371640483,-670885.5603259604,-135513.3326266057,-1591859.7216839804,27697.236585891224,893761.5159661646,-127295.63097544451,-10760.576613619729,705860.4960703778
776,70.11050778942628,40.801510601061146,27.395524254885974,84708.53019366437,-1255586.9797228163,-544050.7003828569,233361.6128837992,-844118.9233251222,-12222.448086457318,-1834301.7182277502,-85512.26858753816,204884.83690327965,-73462.9023468004,-3743.4247919674976,657997.9814426919
777,68.75868376989203,38.87232007362529,12.062507979194754,103680.06511933572,-765949.7181983088,-119637.44892010475,-135962.42428880953,12915.045457617365,81427.51694354514,-787660.730089103,-141832.7356039991,147586.363694024,-415765.07209363586,35016.62640279505,450155.4597307728
778,70.4997446889285,39.856548217009326,12.062398844983818,135197.7258778238,-813029.549254655,-938694.2463299935,21210.1797814015,-147842.5558807524,144857.02643499168,-1051445.47822642,-719477.6095202737,154397.01803987002,-1009357.7094759013,-34555.123460766365,15858.111860234056
779,68.75900664615898,38.87261522823991,17.18747352769679,212568.30214457458,-896418.707314144,-393402.2819757464,-22635.58357498199,-318603.79824023345,-93435.34415528883,-1053788.2994248138,-250765.5550062672,227301.1672857652,-434352.874603594,-87248.48503029643,428780.87654995907
780,70.50008661347101,39.85680558708893,17.187298961902854,302264.4616503874,-849570.628958176,-426759.72409732017,49077.818757302,-527930.099970235,-5244.926498930621,-1207792.0633685933,-72180.49948913224,305906.6714526161,-418008.8673537763,4012.902350869113,249180.7297651267
781,68.75936121788064,38.872923429426514,22.31241894038821,336627.9361451006,-920854.0330917335,-410086.2170199199,97217.66867188798,-417087.6375878484,-144542.38787038662,-1154670.9209862666,-229619.4978872531,389978.1049069666,-328204.97183657956,-49805.69375257312,550315.4634103131
782,70.50045930285035,39.857076637444464,22.312246312989913,373911.7588403417,-901837.3538955136,-297375.23822534096,119489.54792788612,-601675.0655049561,-67405.91329946043,-1275607.4697348916,31945.417698621262,418361.2187557576,-182407.35180521244,-15932.878189736453,457653.8422504265
783,68.65087697937025,38.811689846080114,27.437384636067225,696829.1380399369,-1055636.7053585746,-146953.57874870815,376304.2449518842,-566338.0712106187,-128320.842627031,-1367373.7234016466,19554.59680619626,842057.9805281046,-124421.07278373686,-10870.312080030892,705675.8965278463
784,70.60962611204766,39.918832833056854,27.437202148092403,69943.60586668947,-1283683.9163102675,-547012.8061816159,240004.6422131036,-822467.0096594515,-8288.436427714196,-1836973.480252061,-108226.74609225201,184447.10971911825,-73236.764175428,-2739.692784470996,640327.3306574957
785,69.2433128818904,38.01556813448419,12.354173102235205,90232.18315359234,-767993.4556960708,-135593.27683684803,-149013.35351954226,28971.042273525996,79449.5121805446,-795798.6694689745,-153008.23568091617,135452.3557705641,-414941.10072022566,37274.78363325246,451317.7564043538
786,70.99932452819434,38.9723570237806,12.354068775806073,128590.4286356323,-743683.5133680897,-914663.0253206403,-394.1622574875272,-96718.72494439446,143783.86764082423,-973988.2674037304,-704014.159165322,148246.31651595497,-983898.9835847765,-31419.73908201606,12025.337737164147
787,69.2436171664359,38.0158465400344,17.395805724155764,192752.9530492513,-899125.6864211778,-394005.33612187835,-30540.020929550992,-290703.47491171234,-92782.59478685157,-1035253.1154982115,-272407.1027640039,207282.1487684105,-424096.1343875041,-85616.7244448232,435720.89145993703
788,70.99964743390306,38.97259703297289,17.395639305469917,287585.4424245695,-739516.7710945492,-408582.1942895246,22241.537601350363,-438093.05700624926,-3509.847590442885,-1042549.334024321,-106361.52859085587,288397.3396556729,-405120.41164317855,3203.5095764809475,251714.28014083
789,69.2439510077897,38.01613622298594,22.437420155428576,312127.3080061623,-925226.8091575241,-408017.71729493095,86929.1081477698,-389410.84133930574,-139448.3613648778,-1134161.1279076966,-247223.2287620897,360267.1382234937,-317144.6422089226,-47989.240367449675,556024.760226114
790,70.9999987853235,38.97284958184107,22.437255212225555,352502.3684924103,-771855.011822335,-279260.1654296507,84235.56643373898,-509872.9266861389,-61079.96122396852,-1092854.2421926588,13335.029251927524,380906.40418115584,-182898.40864254057,-16427.15520405667,441731.7793322676
791,69.13451420515048,37.95660097433725,27.479053958089537,653650.8234084623,-1082362.1318704612,-160973.47986002296,363312.9442575609,-541701.2133209025,-121694.030256717,-1372044.65386432,-6702.906028006583,789062.7715703043,-119424.49386428115,-10367.710706698877,704887.863569374
792,71.11008123990294,39.03287429165989,27.478879207790715,63841.52727498824,-1105643.8832209664,-508233.84906546306,191376.55505343806,-717911.7374207522,-2123.4975715417827,-1599593.7224739264,-95535.92716204915,145093.4446245348,-75281.49012831565,-3443.668124789987,615663.2480863393
793,69.85088824292455,36.857485166409894,12.645838566892726,90356.5389151678,-180284.2304504929,-61231.14604763737,-178566.54452946497,305788.45462058135,60643.0743032213,-486802.75080826436,99811.04126137377,235832.8719639281,-404125.5086157761,31009.210580173563,443854.7705063595
794,71.63040660061704,37.77015212160438,12.645741897150533,101262.53608806539,-289068.1742644898,-818730.442490058,-65139.780107745486,121366.55342293679,145811.7700676277,-870418.1007530983,-265176.3823477278,129058.40243434347,-925269.0445117734,-14040.326326211096,9531.739944797344
795,69.85116676369708,36.85774243481011,17.604140053753728,145410.99234705608,-89881.0880651506,-276637.96217104286,-160408.53351306316,168986.61349590705,-93754.50153340504,-376330.7996218987,-120169.02215389634,275391.7638866577,-412749.4037066452,-84118.55276860847,440915.29851435183
796,71.63070313152791,37.770370176328285,17.603985135285036,208492.4180054882,-74354.18584857453,-325967.1905591237,-105768.8083696219,-42479.85141214008,11053.677435116331,-333023.4903846318,-103481.98942236612,244676.52140478799,-393491.3221424903,1318.7450479172521,253028.8841559395
797,69.85147496749816,36.85801038092664,22.562423880254034,233335.2638930365,62342.1504293154,-244021.77262205453,-158917.43276136115,74725.81917133101,-130946.8439204826,-281330.39103046386,-32584.136434232994,365570.16916499427,-307352.92206027766,-47512.63223112604,556305.434082226
798,71.63102784853295,37.770601154776145,22.562269209448793,244745.7706250111,65097.05807078457,-158376.5931208239,-132762.26267974463,-104156.84097068265,-41336.00309584462,-217220.30347396227,53122.11210853356,315564.42694040044,-183402.60434516455,-15998.372152078777,429529.2068117747
799,69.74054695927556,36.80121331239427,27.52072556376071,610083.1030174149,190173.44035089193,73233.700039853,-1414.3640939063976,-26482.017503995994,-115773.91374246283,44606.74066801526,194861.9179226351,634021.5848175096,-115181.42951433158,-10302.953404514901,701506.9280905242
800,71.74255631494904,37.82784878991835,27.52056121910785,13279.110270050103,-24742.059980206614,-302088.3840654669,-114921.2744221233,-272014.1032998029,12539.523973794234,-473924.1630487482,-40837.72411993457,201210.5533930595,-75316.19986276522,-3081.336636515184,593643.7443465679
801,70.5931633738451,35.376009852268524,12.93750480070828,68993.48212650535,-150018.03194471166,-56184.95621494457,-170770.0117775649,300063.0866788772,37702.40680685113,-453294.804724826,67946.67121155,248138.627480125,-369954.2335091422,11411.31316118848,424238.34187194874
802,72.38123699496576,36.27199463867031,12.937418190763882,96675.87363103472,-241647.67832413048,-744627.6919451401,-75116.27694192043,109177.60655227565,122749.71708545064,-788139.515593846,-225599.4567439463,124139.47569955644,-834493.7210995128,-4308.537017261764,27159.805089249014
803,70.59340897095112,35.37624113146728,17.81247561554842,116875.16053006214,-36034.32679153523,-257493.59237400073,-159581.00365701196,191798.95941935462,-90637.61582615339,-368235.66597807826,-88935.29724613446,280518.20458873897,-390011.60594650777,-85838.74096186366,445387.05591938284
804,72.38150023060251,36.272187312114035,17.812335001666405,183029.74897333301,-55594.94178080347,-326278.85296185355,-97979.7989699571,-30636.55589374552,10676.641122458945,-329703.1998225966,-88010.27737190298,218869.43142517578,-387411.42682225566,-3698.142773901475,245815.475454112
805,70.59368670967447,35.37648415908449,22.687429562345365,200076.6774441629,114512.90376984494,-230437.90281321947,-164691.13531491693,102683.40694689206,-124195.22966231481,-273695.517729333,-12768.836702791636,370616.03283291304,-295567.75636817404,-48124.35624744641,554041.2639081713
806,72.38179393199141,36.27239417123313,22.687287215320488,221345.68213920103,77777.78424231432,-163629.18087514868,-124302.02394364055,-89727.54164796758,-37775.4650030972,-207601.43180327,49645.98266831802,293449.7346413187,-186001.73746643335,-15697.079524496075,413394.8330298427
807,70.48219781045285,35.32070722937817,27.56239936302482,554028.5986547024,245693.35274800193,69312.79420905893,-19148.680671730093,7374.157934436208,-108926.70532726841,45908.28170034933,244510.58808421812,578615.8758271958,-112027.37020656186,-11572.31143395257,692466.1275552711
808,72.49383020862757,36.32857755800346,27.562247593548573,7635.171557544312,-13966.173900359376,-289411.0860157737,-98454.2788961658,-253350.04670245203,14521.178351446746,-443333.23939400906,-37462.914313443915,185054.0653488643,-75333.48673262152,-3641.165433573211,564425.6460959329
809,71.33832355843708,33.88898961533224,13.229170346134598,47002.57779513934,-96973.26870446125,-58095.019535337255,-147553.20130335068,282482.40049233043,29112.867302053673,-398207.2260852322,47194.12707403989,242947.38856653316,-331015.0131569186,-7166.714508929678,417987.8264507662
810,73.12917895259021,34.77937856001925,13.229094719037189,81382.46586184518,-174332.48300544967,-686473.9026496996,-63204.50781264265,81258.3759610305,114380.12983728755,-717979.2695952464,-168998.28190049026,107553.63170243264,-767695.2674315631,-559.320306614422,52602.18063416701
811,71.33853821433078,33.88919560690416,18.020809318495942,103803.59074529208,8013.085317742327,-238893.17920238216,-152956.8767130109,196978.49563314777,-86488.26154839824,-347914.3898040573,-65412.43022491532,286250.316889625,-364123.3548565971,-83217.2316457861,460868.93403854594
812,73.12941017519883,34.77954832946067,18.02068290420361,158399.4078109043,-40370.42268120375,-334958.5208842152,-83471.04419832835,-23084.54662973427,13013.117542765953,-336845.9005093239,-69659.58580849433,189575.9505633036,-391770.57133343734,-7689.554469243392,224730.06735771312
813,71.33878662981284,33.88941465222412,22.812433090038013,185795.16209954032,147861.54818294317,-215496.00690463497,-160117.24856236455,112400.12530273318,-117786.23227010012,-260594.99246361016,5702.106525073943,373053.58931638463,-278782.4279075946,-45715.05294285748,562835.6965766379
814,73.12967406230689,34.77973219226715,22.812302776890434,197943.86644656473,87886.53663850049,-168083.68575889498,-110211.59790415376,-74613.85608234195,-33902.32172503889,-198586.03803863167,49965.85794469602,266366.8974201058,-189700.50540584224,-14701.240285465088,385053.7383339454
815,71.22709834059744,33.83396572599774,27.60407100522356,517243.83878598944,269469.92289690126,63378.572002982255,-21748.82326900334,20231.53247031175,-103321.1783048859,39957.4825541984,268079.4392529608,542055.4118787138,-105160.14629180141,-10082.914237627878,694119.8933402408
816,73.24185818640733,34.83554576102115,27.60393168493459,2273.3393050688683,-3185.282804991213,-275208.327222276,-78957.03146789574,-232914.65913007112,16796.161615366607,-410439.54832723417,-32350.674917246135,166669.952522282,-77327.48569498697,-4561.076517327725,520646.04571149056
817,71.77254612177717,33.00930091829641,13.520835804624651,-516862.3361302699,-3357763.9720704723,-665867.7729777757,-140947.8314078772,-786369.8223990281,33791.59232194434,-3575940.2777278377,-557595.8532690554,-406957.950181624,-319218.96617699147,-7308.076016701371,437090.0193128109
818,73.57956879623252,33.86585586770207,13.520766514967624,-233556.412248887,-2408111.1532806032,-1063690.7612686814,79470.40398834631,-691735.9442042573,64927.41315268058,-2704380.910330188,-772877.6018708354,-228099.81459714778,-753775.2777887138,2901.1235558846975,79954.30520058512
819,71.77274372515052,33.009492140177535,18.22914217586754,-602483.7504508115,-4559333.506260754,-1080602.8300793867,206615.29675509548,-1682225.6862428223,-106712.6143506971,-5244688.698407706,-700904.1894054235,-296827.19897782226,-334919.8546128613,-84294.83098751731,481942.3875835071
820,73.57978139635144,33.86601262078129,18.2290240101351,-259379.8858951769,-3432993.306998481,-937813.3588411631,287206.03086623794,-1473172.0489946757,-49075.08567162442,-4130771.1357892305,-414783.3274482142,-84632.08849737806,-391099.3224456324,-16033.028966812282,217944.77517793418
821,71.77297380472751,33.00969601729643,22.937434377177215,-668527.1691050535,-5597382.228854973,-1396650.6630652414,650729.4146650498,-1882445.8201908986,-148495.20657510124,-6371686.839222284,-1016167.7660204931,-274705.4557824889,-263366.07177207293,-43953.527262820106,566299.2877511338
822,73.58002596635266,33.86618184983174,22.9373115105384,-331707.9559817737,-4335273.727894583,-1053884.43418779,583662.9756187365,-1652660.9611907047,-92868.3535336006,-5076925.809187809,-633375.1459224451,-10565.162953893194,-193097.77328801164,-15467.876666333636,356202.2069584801
823,71.66025879736125,32.956347868245196,27.645739920967266,-731852.5148062233,-7139754.050790217,-1620938.1088448768,1263596.778271866,-2208283.113603387,-125039.21578040009,-8095450.865514951,-1248332.2976885664,-148761.51123780385,-101693.21011133048,-13890.383350016473,678477.5840150443
824,73.69320316384369,33.91986787179581,27.64560836076868,-770856.1620564639,-5596019.427799773,-1502922.8423340756,968118.1995657377,-1950483.2396707416,-37311.84373674283,-6513624.52620226,-1070248.4053431784,-285925.5006448715,-83537.91490859642,-8616.426805430272,476356.3585731184
825,71.90391674810269,32.72002797678453,13.812501796767913,-430005.9797900232,-2937964.4262838475,-597026.8959907725,-149301.78343380976,-616958.6784108373,33609.318499356516,-3097637.4122901186,-502905.44406414736,-364454.44571037666,-317456.62742583285,-13215.389053762488,448171.2983079832
826,73.72432471003135,33.54834433111279,13.812432719943393,-301480.78764225903,-2679516.6706942995,-1129012.7818531808,67869.19170590404,-720899.3127341351,63172.26493874579,-2965695.7413826445,-847726.3075091498,-296588.19129794795,-758914.0232336789,-2462.8908577600887,78596.54596106033
827,71.90410896416971,32.720213836709064,18.437474550243124,-478993.7614569175,-3921290.9640319347,-960217.5686752308,135128.0508483231,-1365327.858749846,-103804.64252755904,-4456685.9608160565,-599884.8597493266,-303931.47359870013,-336018.5272606651,-81540.78870591098,489793.94419189775
828,73.72453098318576,33.54849642375769,18.437358389019842,-344851.7031003694,-3747463.235139503,-995697.6526495016,274647.5601638366,-1543869.9232374746,-50975.84607024468,-4452442.932689987,-477037.8752243169,-158531.78297506948,-377042.08058590005,-14076.364822792,225974.4999479998
829,71.90433085858885,32.72041065791511,23.062434486634395,-506847.46841601445,-4748472.60476274,-1211055.7565103874,505463.1663765495,-1539347.3032019623,-141000.86360466262,-5361710.443444628,-871228.8710736512,-233436.51517086505,-258660.5589685822,-41748.18188016748,580469.6953327677
830,73.72476653794133,33.54865913651685,23.062314312292198,-441484.188603973,-4704797.795271649,-1140912.8481000226,584966.2693371194,-1724491.7094687463,-92145.61891138916,-5454221.22445463,-720918.2773154594,-112055.33020555215,-190165.476142516,-13512.037323316432,357894.0613441987
831,71.79077135851848,32.668820583878855,27.687407657292425,-489983.2871372856,-5913571.677978226,-1333661.3618017707,1017624.3430163271,-1796290.1742201848,-118276.70222895648,-6672645.8859881945,-1006954.6592095684,-57615.781719524086,-96689.18648915205,-9898.99026242543,701142.5135257742
832,73.83877135579571,33.60057412826115,27.687278854963477,-919540.160897247,-6108607.098078042,-1629711.781415524,995708.9522876696,-2057153.1346252265,-36645.19210491905,-7047089.83302349,-1197269.6993492923,-413499.5080180295,-78520.07133273226,-4277.978674815652,480950.9668960626
833,72.03942672060924,32.422340753904,14.104167677982192,-463005.36379694036,-3081630.6859458154,-633256.4900181477,-160827.5244188126,-643223.2421899708,32088.657432590822,-3248246.4423292708,-535080.354235609,-394565.74319602514,-314509.1607209591,-9793.136979667404,459414.482260485
834,73.86494104758498,33.239246279028386,14.104098514780796,-280135.52153548854,-2580859.4860248277,-1112921.6668912848,58970.024465726405,-656000.6873288032,59936.54809893969,-2833583.12807514,-864569.645267688,-275763.9011087753,-755287.7125351371,-5531.187066943452,81635.25435433521
835,72.03961341117382,32.422521270337846,18.645806870967903,-518791.1881322153,-4063388.031711665,-990907.6393935983,133408.96338326065,-1384446.3482425301,-104276.09004690433,-4597036.969052304,-636020.2918236231,-340029.5983615521,-330121.88614616776,-81120.25926524625,491468.8187320425
836,73.86514121333514,33.23939380219923,18.645692655032654,-304405.12163829315,-3531602.2191531123,-944050.2065096436,249640.86345340553,-1425503.0117626314,-51225.59966717881,-4174046.29355645,-451037.95924522605,-154973.29449937382,-364270.866703304,-12393.635770492667,229284.66818222767
837,72.03982715456488,32.422711034641644,23.187434558552475,-554038.4114317662,-4890943.0815414805,-1242124.6124400122,502671.6104483925,-1551597.002860258,-138482.33517358656,-5498014.035993427,-906512.9841388057,-282579.0852810249,-251881.0075937836,-41637.11639685788,580036.3849756374
838,73.86536806254976,33.23955027638251,23.18731694702749,-387248.4691831152,-4397674.155788207,-1073820.5212392667,535311.4598157459,-1586325.9182385404,-89436.02031786252,-5079216.088448266,-674629.0571525677,-104898.00060975656,-189767.5785412449,-14284.116850390112,350294.3019334373
839,71.92594050972865,32.37182726455729,27.72907533109662,-559521.7642316323,-6108052.948313613,-1383547.5555936184,1020806.8199872095,-1822414.3818183993,-115020.88376333468,-6866870.828510964,-1057625.260114779,-126626.1795131172,-95112.3123196282,-11801.88260087792,693425.2950724864
840,73.97968338191272,33.29074626563154,27.728949146529906,-831131.9108091082,-5655610.888089445,-1522218.0822989393,911341.6845957689,-1897173.373205918,-33595.229323871485,-6518054.063685205,-1105530.1654183927,-385376.6520938946,-79657.19573619931,-5198.126864025658,469463.7364817094
841,72.23699780498099,31.973286802814233,14.395833563862855,-51636.16863421703,-1081435.3987049367,-256348.47170801865,-128287.82085171323,-42951.59244532237,26352.636325718653,-1099022.635172058,-258911.9534711796,-31485.450403934752,-309026.77861741406,-8676.225486366884,468233.89869430056
842,74.07011724226169,32.77305382610177,14.395765908559117,21063.40223024806,-1052982.36338543,-815507.4096286518,10440.585412804421,-191651.47896813444,69680.28947295189,-1161271.9879816887,-713010.0143528981,26855.631550752645,-745616.2447596667,-9049.667078399354,81576.07257260912
843,72.23717653072359,31.973460538552956,18.854140054092486,22958.885460926278,-1362423.6251576468,-458570.114365485,-15430.750597562663,-347543.8673574187,-99820.14283677471,-1482064.8240184137,-361153.5897304814,45183.55968668953,-329816.15147312416,-78334.42967184597,491734.6688497447
844,74.07030877116541,32.77319536010027,18.854029343803795,120372.34722811589,-1314617.926387047,-510176.45596908196,76441.880640617,-536354.3032805431,-38625.798662301066,-1584347.7496560807,-254517.99770109652,134443.7122291643,-356039.50585271954,-8390.499727915001,226438.16790333382
845,72.2373800975888,31.973641859058922,23.31243544740611,118367.09788690787,-1545460.7700210449,-508216.5120630794,118507.44856446327,-455903.58604662516,-126376.92614145651,-1719773.799600835,-386712.9372985484,171176.55270216675,-245361.41122639828,-40596.30495341472,585598.1458141623
846,74.07052475415034,32.77334431651958,23.31232152806999,162302.5335968053,-1557904.3483195272,-458766.6536750781,182157.0807960214,-621713.8144460736,-73177.96230336804,-1847385.485542593,-228375.8693632649,221392.88650805768,-187974.95417510413,-13826.226682340239,346118.4527138653
847,72.12300852544504,31.92382142853548,27.770743540257428,326124.10598386644,-1872467.502873177,-385892.1408952874,378459.0715509813,-594511.4675058223,-107733.44476048618,-2123625.4273071913,-257764.7585455188,449154.6480681126,-90728.40768124837,-9887.446471662437,702243.1525609184
848,74.18530513415752,32.82346214802696,27.770621232113,-96052.54100387881,-2072427.2161745902,-678798.3526489325,344834.3972330923,-831551.125024279,-20753.809978677484,-2499100.9771518377,-374670.2454846789,26493.112809115843,-77746.10257373536,-3551.421381822673,465234.5287579726
849,72.50043259014068,31.36429739011635,14.687499947961541,-49027.66143150293,-1031727.2882877018,-253758.5650992943,-131892.89772670748,-17106.655091418976,28373.146904264235,-1049342.3192686467,-257617.1784805129,-27554.017069339447,-308559.0566242008,-2450.9668442422685,476595.73669898347
850,74.33605111074382,32.15833618345965,14.687435331976593,18072.7590763834,-1050645.0717854167,-804797.9595248015,8045.787639944845,-171922.4145378148,69594.46854651145,-1140389.5150492622,-720937.0163196787,23956.25913510677,-731301.3699878886,-5629.914792811875,81148.95038497388
851,72.50060078893753,31.364462793220792,19.062473556938883,24608.14598570281,-1280115.902577546,-441390.0427581368,-17585.950949249192,-309095.4472036582,-96725.8690062818,-1383289.7472537453,-359130.7846285858,45522.732532351416,-319134.79680595227,-77385.99487719758,499355.2223241704
852,74.3362315935682,32.15847039995012,19.0623677017564,112709.00320400816,-1292118.781355328,-505955.86463825766,79131.79635816228,-510902.27189362247,-38854.80114929289,-1545408.3581942106,-267171.3444327483,127214.05983738152,-351799.0192736604,-9459.608310490012,225661.60702569142
853,72.50079219740813,31.36463432800994,23.437437084227778,117671.42257078126,-1447902.07532332,-486299.7000453382,106260.10446364527,-414648.4851978486,-121245.85695422943,-1603936.4514303051,-377769.2566521229,165175.35528455148,-237994.5094356254,-39850.46537493204,589347.819945219
854,74.33643486843005,32.158610748881074,23.4373278237792,152573.80437675165,-1528702.151468356,-453854.353857563,179837.69192110535,-597034.5723074966,-70490.43398172899,-1804023.6988105234,-235325.9896104033,209366.98747175955,-186800.57407546407,-13372.809929169884,338461.3895826101
855,72.3862532174007,31.315162827290905,27.81241271949157,320629.2638563339,-1747163.193096748,-363330.3328154934,354090.56642937614,-546603.4878950248,-102680.45918128216,-1976838.668886883,-246673.0525723769,433647.4594033525,-87674.28493952486,-9570.992632073448,703006.0229291375
856,74.4513596569284,32.20836261321881,27.812295356678746,-98638.61460016441,-2034312.1472409493,-667593.5042481313,340679.4692151152,-803946.9018067158,-18768.6545123328,-2444986.450978278,-375462.8956893894,19905.080578421574,-77359.9496179137,-3002.076188041905,453146.69402472884
857,72.76267142914675,30.758195197795033,14.979166236016573,-55728.17912492054,-1020985.0246197165,-259165.09923750197,-135554.71342314337,-3865.6514600123155,27398.836813896363,-1039660.1877511269,-262560.241360502,-33657.873870509735,-303849.1853305091,434.1897430383321,482056.3807572694
858,74.60318082411044,31.540731155632653,14.9791045987789,20821.890502497554,-990978.7668566535,-782723.6675432383,2539.6953300557852,-143362.73019052023,67252.34107737007,-1065038.4030818362,-714341.7781969556,26499.637381397708,-714109.9239211411,-4658.992028992623,82615.81951247605
859,72.76282915214075,30.758352344701294,19.27080689765234,13957.925664513721,-1251718.5443397746,-436253.490117675,-21476.168062189437,-288427.533215342,-92974.82791736028,-1345171.166910135,-362346.84797592927,33503.90609312878,-308905.4086907462,-75941.92844777496,505626.39194208465
860,74.60335022402442,31.540858098749748,19.270705867625388,112121.0778414915,-1199863.4567368424,-490430.0686251619,72127.60209158031,-458135.6148639772,-36886.1276202037,-1426087.358546366,-276513.8014951476,124428.71252100072,-349518.4123168649,-10291.891119295607,219160.7114949337
861,72.76300897921229,30.75851451535101,23.56243847256289,102687.1667532333,-1414598.9144968726,-478836.09574803937,97167.32796243746,-393327.27351093397,-116146.21732218917,-1559574.3724314724,-377504.17931253416,146330.70825232775,-230321.17032399593,-38974.74723002282,590432.3186816501
862,74.60354129760844,31.54099018302161,23.562333847980426,151936.0024250545,-1409158.2628203963,-431590.2090816312,162025.0989451549,-542819.5131971865,-66333.59282200622,-1658967.1513652764,-230648.05224404045,200802.73413234446,-187262.49995380023,-13584.017706884799,325264.029635587
863,72.64815353058792,30.709753038546996,27.854081633322732,293850.63709057355,-1714769.941196032,-363007.55962967395,338727.21321969375,-524706.7647928925,-97779.7771424044,-1932386.065213695,-251846.35807892517,400305.5595574867,-85155.787311607,-9994.949629577723,698528.1814286549
864,74.71876030635364,31.59001549167868,27.853969203640883,-85417.4243656139,-1869737.210155183,-628279.1005117865,311535.8252645317,-739826.3626283575,-15832.973301589938,-2250024.735323406,-352516.9187974482,19107.919088271545,-78705.35092096939,-3833.5833599885927,434142.761730658
865,73.01484851535089,30.15466177187518,15.270832424156835,-60029.81363138187,-983390.472444719,-258176.9959279898,-142039.17170891663,14494.065438103817,22336.315488575812,-1005163.6757781164,-259557.5749281543,-36876.031297820264,-296247.77165870345,645.3159735823567,487953.5122531409
866,74.86499488941116,30.914131592030554,15.270773865112856,16970.68849240584,-963011.7436758067,-764493.9970707376,-4850.087392331843,-125533.40456035065,60799.83600135367,-1024261.9886147404,-708164.1144454011,21891.050806002462,-693490.3797661498,-4527.903186821813,88250.37448891166
867,73.01499599592289,30.154810937615427,19.479140721541153,8749.029573650681,-1191667.8924563325,-425480.80106883025,-35485.28145674307,-255828.22006741777,-92591.12987467973,-1272138.9340460254,-364179.4891317659,27918.75922627885,-300026.71326921275,-74074.35953768253,513669.52363535436
868,74.86515325161686,30.91425155972491,19.479044560476236,104748.46924713464,-1159122.2280209507,-485278.5504114335,62413.644422002544,-424264.7005375759,-39078.91114223209,-1365021.1162277139,-290228.754163932,115597.56120639594,-348219.62209145044,-10856.09271079788,213078.82059776207
869,73.01516477134064,30.154964296472677,23.687440033866274,97496.74866621877,-1344064.56526974,-463139.56306481577,74109.50634642469,-359856.0664067796,-115292.98375538689,-1472997.2403371218,-372656.928237258,135946.788906043,-223111.6051445479,-37980.339801220405,593419.3852595838
870,74.86533253179147,30.91437578060284,23.687340065717475,145727.4257531028,-1354653.4577158215,-422293.8110878853,143723.67079948855,-509183.0061612967,-67576.13702966791,-1585153.2723104549,-235004.15368638549,188937.5829462358,-187250.83182379403,-13294.148686190048,315077.7079817371
871,72.8996964419212,30.10763618453426,27.89575043693035,283822.0004648468,-1621313.7520697117,-347633.5962433114,301378.9874253317,-484789.7487119143,-97218.87982081508,-1816007.884485004,-246180.60378617296,377063.1404230003,-82154.977700207,-9987.979782251412,698082.2754978011
872,74.98114273991885,30.961952115462125,27.895642984928386,-80141.58813147596,-1789661.5981922105,-606543.3557955483,283975.45469790726,-699098.291351889,-18804.005657807447,-2144252.812199869,-344528.02396604983,12434.294046685496,-78643.68177095891,-3918.4761491883683,419363.65971468017
873,73.26178223567635,29.542163823225955,15.56249905548039,-55538.70979481281,-897322.358762815,-246184.8230512226,-140241.52242793105,40383.54577077395,20295.407610756214,-922819.6109848275,-244304.6073756109,-31921.673248412033,-286393.0908760684,-356.3974641089879,494662.6217738617
874,75.11667456630335,30.290071163793222,15.562443598346801,10419.941163676616,-946875.219838693,-747255.3433485413,-5232.526867365867,-113939.87471105065,57051.63914853447,-998892.4635551771,-699709.2501565358,14891.091688155886,-672033.1793833454,-3556.9857289560805,97398.01529131546
875,73.26191973801053,29.542305245266217,19.687474554556342,11054.836624586838,-1072756.3019990297,-403661.86181842425,-45987.260977100916,-207396.86456483376,-87278.54469084511,-1135897.847765335,-358156.08872665546,28690.609299122905,-291948.21489318414,-71998.67630420605,524287.0852434273
876,75.11682230039735,30.29018464964383,19.687383127680555,91582.04493835801,-1138780.7679542524,-485641.5516811899,60099.97495824746,-400549.2759648713,-36425.91861963276,-1330070.025053518,-304079.00798955007,101308.75834598346,-348352.2972907341,-11260.183193608533,208318.53796042624
877,73.26207779528107,29.54245021906357,23.812441814639257,98373.90386725176,-1204425.72921621,-433910.2520161449,53350.02661114023,-310202.9495261138,-109671.00082066313,-1313925.7066635957,-356790.1414938313,130753.77079232367,-216126.72761222918,-36783.549266157286,598622.9427740138
878,75.11699032372536,30.290301451276605,23.812346318051606,130675.40673940006,-1325169.8026170933,-418856.46411889663,137016.78665480454,-486392.5014992162,-64523.00591779188,-1542788.5257831882,-241357.38565328188,170795.05143987972,-186072.21096345328,-12242.149994488154,309192.0537726388
879,73.14630256847228,29.495836748553568,27.93741967567861,282129.45852376695,-1440162.3895477483,-313730.8084124068,265116.2111827126,-426747.4470334779,-91979.82053649198,-1609910.1053632528,-224575.8898739947,362722.2558008602,-78917.73954893924,-9269.292028657494,701317.8344529853
880,75.23308644847107,30.337148158761625,27.937317030890355,-89602.25210455136,-1754341.554175816,-596485.1496969329,275174.5049408049,-674719.7337559921,-17066.239812760166,-2094034.5664810562,-345069.31524108443,-1325.0742551591784,-77182.41063293122,-2959.1668357440344,409363.7188158894
881,73.50992936531058,28.926785610039595,15.854165671288168,-58142.86310528664,-854839.1223059937,-245292.85477118276,-132684.09637272105,54141.43304475807,24081.213598769416,-881518.0305330512,-241238.5921174087,-35518.21753200388,-279943.8294302345,1002.5078653068323,502041.02930227865
882,75.3671403081482,29.66889009452249,15.854113692315915,11027.626315797213,-893020.805551432,-729673.0976443315,815.0726676910438,-104523.85077950136,59031.5343538824,-944745.2764552371,-682685.637390608,15764.636965878693,-662927.3062816487,-1744.4897596939618,103137.4393359511
883,73.5100575175887,28.92691957712838,19.895808198099104,5651.27439600497,-1021783.213801559,-393623.3305034951,-50332.3055032251,-184756.72709762087,-82873.06655493604,-1076691.7865222278,-355415.3338459925,22351.850459170284,-284084.54395267606,-69189.4101243746,532887.5071785307
884,75.36727806594394,29.6689975277293,19.895721404165982,88989.49778302561,-1072661.059398004,-477946.71675795375,56624.025080037485,-364433.30477589706,-33864.63541708266,-1246664.9465414172,-312424.7587496986,97471.42691818335,-350646.27967687056,-11195.043175669905,198811.2434304244
885,73.51020519307808,28.92705646199481,23.937443386679313,89713.23770293931,-1149284.5684121978,-421560.9622391735,47057.048670952005,-289952.94437168195,-104809.09299719473,-1250756.8307809732,-349955.803947693,119580.3417802349,-209289.63463579444,-35684.85972724218,600010.116336624
886,75.3674352747266,29.66910716606074,23.93735222027388,128142.49900271319,-1241062.1469200018,-402461.5259266895,128802.46124370824,-451061.00169708417,-61222.49479031192,-1443221.3602973786,-236988.10538768605,164828.2918410864,-185694.9865405982,-11714.213166729009,297416.15940428356
887,73.39427515099945,28.880797744311383,27.979088687061658,264671.3615656521,-1377635.11190296,-305826.2813617747,251390.42119482724,-404419.3069101311,-87567.30921585608,-1537970.4061029134,-221340.8553241529,340521.22972798365,-76345.39409973744,-9078.529251203152,698502.4739561998
888,75.48366588710194,29.71558459817722,27.97899073406449,-81034.73281898617,-1641295.3782308574,-567820.7943845363,259811.93499090045,-632672.4336377522,-15043.757214787565,-1962350.2002020977,-328670.7544057782,870.0491734963147,-77964.19140251905,-3147.073960674766,391925.34597933275
889,73.69057907671296,28.47066030807501,16.145831804924573,-416729.59184303926,-2500431.4141681064,-585637.5874803162,-184312.09806101635,-278994.9082834352,29769.20777957156,-2555124.2173783276,-564610.7907319738,-383063.5853811599,-280383.5500304987,5346.116764399844,513434.6959833747
890,75.55463808610223,29.1953108919624,16.145782053547183,-256467.07702408417,-2171716.999800254,-991721.3930040111,23941.081439838978,-340466.5214279071,47714.43193555721,-2263532.784775722,-902991.2364667983,-253381.4485858269,-665498.4520054944,151.83237185127706,108611.46313212693
891,73.69070051713514,28.470788528166747,20.104141608057972,-433092.5715258626,-3090145.564493664,-809208.2344720449,3921.040377121996,-798183.2383776098,-88436.2658493405,-3341892.837967233,-601122.2209524129,-389431.3115719256,-274077.57064660074,-68030.79311182075,540345.0120969968
892,75.55476845132546,29.195413608230634,20.104058079421076,-253061.0871736369,-2761221.1384331263,-810928.9165704157,147151.58220245023,-876759.7632291914,-50126.62008920772,-3102431.079955036,-512140.7841200065,-210639.27810213476,-347909.10835952964,-13645.596465786974,195545.9161701427
893,73.69084002821413,28.470918853986923,24.062444324883984,-435856.8272188983,-3627261.70393113,-964993.1736925223,247549.52685638418,-963407.6375165912,-113378.81493305681,-3950795.3404249046,-755107.912357849,-322208.45205979596,-203516.72969999618,-35085.77048315935,599050.950617734
894,75.55491696029175,29.195517426645637,24.062356492568657,-298348.5433669336,-3333062.8857936524,-856796.5710147214,328556.93361051194,-1037579.396532023,-76546.21377337306,-3733660.0498206783,-587383.1336121715,-167164.81674245768,-185915.8767407112,-12347.016023389115,284044.19322116877
895,73.57447420248745,28.42574466969861,28.020756798448353,-417111.7663230472,-4443845.024475701,-1035528.0564527441,604910.3645511564,-1164559.6787811213,-92672.32545579341,-4872054.740647306,-823519.7065921994,-200910.40001198923,-75841.49618350007,-11110.628409354273,688280.0612539835
896,75.67156706928367,29.240898665247617,28.020662460197318,-623355.2642911768,-4213834.890047088,-1169889.2079413845,590117.4437997893,-1286871.634997079,-29279.60550645284,-4756804.576985219,-865036.0352311905,-385238.7500632376,-80035.17163455275,-4841.164768910273,373187.3827427824
897,73.80715580633878,28.16506060116033,16.437497917143645,-383444.74102411984,-2326153.6128201024,-557925.8998708584,-188095.35823022356,-232839.5839052983,28924.322690657238,-2373111.855095228,-543426.4350556583,-350985.96356419474,-278245.7192380676,6089.417194627698,528785.961656482
898,75.67574398867123,28.878060758347914,16.437448626773495,-278565.01299687393,-2241218.2240013154,-1011547.3636360549,16064.072890461892,-332801.1081873645,45579.346900609315,-2325860.3007527227,-929740.0583135148,-275730.24156800535,-665825.717398187,-1709.3626566479647,113457.14825310107
899,73.80727266674442,28.165184569488506,20.31247439335907,-390756.669642517,-2851440.026132987,-760942.6951918731,-13653.701884620537,-709344.2591759865,-87657.73279157988,-3069969.507291235,-577034.3662587161,-356135.5174174268,-270529.0702676129,-65584.12586560992,547454.1004717262
900,75.67586932367112,28.878159940055973,20.312392659302322,-275323.6429886534,-2816800.4458013014,-815346.6009563205,138548.67505889488,-874687.5764703905,-51094.28085487906,-3149533.4779160433,-523764.7335397024,-234172.4782905289,-337491.8210208893,-11345.754933520855,200507.01717534973
901,73.8074060433272,28.165309685855664,24.187444745825527,-383204.460134049,-3318181.6190484385,-895967.1896762783,208251.40402619942,-863865.6076519479,-109524.28566619245,-3603179.44845516,-704566.064459842,-289607.755943765,-197761.65931418975,-32610.032670732355,608386.3530420944
902,75.67601126193995,28.878259290397338,24.187359152857915,-325795.7239007149,-3384434.3540459536,-868826.0253682636,320874.5538789187,-1034238.6756979874,-75126.79840539176,-3777290.059717219,-604071.5183904598,-197694.52520725338,-183290.53803426144,-11008.103873577074,284603.0872614936
903,73.69075118934643,28.12085873554623,28.06242462388392,-343732.06082581077,-4016844.2563832244,-936999.6262204656,536807.477719589,-1044687.2311757867,-89114.53652955167,-4396503.501974656,-742853.8163680112,-158218.62508683384,-71718.83127913605,-8184.434233346421,700713.702846291
904,75.79293792961334,28.922908281076467,28.062332692003842,-655184.8800037852,-4281118.838200594,-1186722.6789573864,584681.9710241292,-1289718.1350172977,-28300.513162962645,-4818447.972523532,-885962.85413427,-418615.57050396083,-76645.4161474661,-2185.107230063876,375299.4456919429
905,73.92380554956605,27.859488716992963,16.72916393183098,-406525.84150683635,-2401650.886731213,-579730.1581734209,-204697.4429781655,-239146.60630724515,26754.40451091201,-2452007.2936911476,-564384.7147388965,-371514.8779814244,-277293.1071972723,6920.150729663041,537253.9514347388
906,75.79677685617457,28.560782820489628,16.729114917640633,-256195.5244950712,-2113545.5236732443,-986175.6914776757,2209.0570208422546,-285896.330767614,42223.56301326308,-2181977.2686656998,-920294.2188701537,-253645.252110138,-660756.5851606023,-4253.1364157336175,112737.11883763332
907,73.92391779334419,27.859608514637703,20.52080714478518,-416396.2009640888,-2916512.594694557,-774542.2548661354,-21973.05405095525,-712405.044263117,-87039.45069144556,-3132599.786074493,-592681.4123356793,-382169.8521146088,-266019.7400922929,-65469.904032551305,543840.2457748157
908,75.79689716918985,28.560878477962827,20.520727219676886,-241163.75135539228,-2612709.6077155443,-767111.5315796823,118862.87810987435,-797508.6612646371,-50404.326349237235,-2912871.685316407,-500200.41812955413,-207912.787204657,-328811.18339993467,-10980.507168507827,197366.76951062164
909,73.92404520808006,27.859728497945625,24.312445121117943,-412252.5464271762,-3371575.424458379,-907895.8924587326,197268.35230265968,-863193.3085566233,-106773.0161377199,-3651440.4145542327,-718222.4704332993,-322060.97835675854,-193540.54552845572,-32928.05641411132,604039.4946313298
910,75.7970327070627,28.560973485592115,24.31236175498284,-282609.02336853626,-3116395.335844741,-810179.2558875122,284663.8706732982,-943017.8793674347,-72143.93675283466,-3471598.4252068894,-562710.8371617657,-174874.3527321352,-183767.09674342585,-12498.816109435005,273667.9406131129
911,73.80711047684596,27.81600426950893,28.10409238510515,-386666.6156841181,-4093268.4647062924,-959305.9945298361,526506.8416879311,-1050885.3455128171,-86180.92169509928,-4469337.157558251,-765386.9641997245,-204516.95316227153,-72020.44793382318,-10591.397089859567,689152.0496014371
912,75.91422697844934,28.604886712172277,28.104002848581736,-586252.9946015221,-3905812.520605799,-1097825.7263303497,525527.3344656668,-1181223.5726671494,-25897.36141545401,-4398462.695471305,-810583.8078633134,-380844.73820304824,-78745.17344458643,-4359.252757949086,360569.9089054166
913,74.09294193786701,27.398969542332676,17.020830058863996,-61648.36519295517,-731686.4031787501,-249224.07473486458,-160064.87478053308,95045.49494280631,18568.64776923035,-785435.309616428,-231788.8985477235,-25334.63494241825,-273089.84005972196,6134.96014302648,540830.3048881036
914,75.9724328167105,28.082685051880816,17.020782715754716,-2108.1027159413497,-822658.9580243042,-715494.6220358764,-24913.84365501027,-42247.5287052209,47446.86539333768,-837389.3546849863,-704835.7891055902,1963.461014454541,-645868.6273561167,-5211.619226093191,113616.62539362858
915,74.0930476023573,27.399084230327897,20.729140834443747,-4994.37689477895,-848343.2105607254,-360273.6523414691,-82697.5232204942,-112916.22434995862,-82200.4221770624,-884310.1758470598,-346276.37782193563,16975.313872021958,-263481.90008310584,-62787.44111487974,546388.5393409025
916,75.97254604342672,28.082776384214156,20.729064098965733,74645.6909028668,-930817.7700700785,-435330.0269515889,24784.170979879527,-286297.71276489156,-38397.414233074385,-1061719.2653482184,-309786.3292684114,80003.4884978297,-324348.37423882924,-7927.757582893115,195943.32712950322
917,74.09316761035,27.399198231686842,24.437446289293725,73996.00602776531,-921955.0995312235,-371308.4303879385,-7604.045553637341,-208974.84278143838,-96688.41727860091,-993651.5637000382,-321021.53280908614,95405.57261772784,-188248.67016423465,-31381.62176711077,609386.5622305288
918,75.97267363359856,28.082866304726398,24.437366158016154,107272.95956375427,-1056573.2774537078,-365489.6605061954,82395.5274117855,-365045.7928899404,-58286.32648033862,-1215788.242368402,-230173.28935652896,131171.5533287822,-181466.99970279852,-11174.780655600614,272544.82545959746
919,73.97581837774534,27.35656688522081,28.145760638924305,233769.1583923729,-1075998.6025367642,-252180.35986198628,165055.65861142016,-305899.4360220073,-79297.39563201879,-1189504.1490222155,-187810.19715905387,282904.54217489215,-68059.3041804142,-7980.388677226455,699367.952584692
920,76.09026761307213,28.125676056650278,28.14567463190163,-75982.38496559946,-1370619.8407720143,-502296.17714899854,192467.44487751508,-528631.9343479873,-15361.20613207269,-1638544.4021520102,-291464.8788081147,-18889.12192648694,-76120.79806979818,-2413.744959584366,359156.5046040657
921,74.3178254366535,26.774713235536296,17.31249685516238,-62164.686412699375,-673076.679007959,-240929.2370943142,-159551.57449115312,111121.73026572628,17384.898107534096,-737531.0489395696,-216095.42459465872,-22544.12898074356,-268683.9419094667,5961.455831563394,538817.6265506127
922,76.19945206123201,27.45255745221037,17.312452534961828,-6087.943829297845,-794096.3400942746,-694076.9791283371,-28187.44102241099,-27154.054076414268,44512.50889808637,-801339.0602091778,-690830.4599734347,-2091.7428692973235,-624271.4509517961,-2904.4258104601363,116857.2379297572
923,74.31792266449402,26.774821770709693,20.937474915279527,-5596.836989499425,-758992.3428499505,-342450.1009788037,-86851.97561959476,-85649.57974827125,-77029.90869985305,-788841.1792219474,-335313.1206284268,17115.019032120614,-255800.3792948851,-60499.558963962896,552273.1849461516
924,76.19955639731292,27.452643778927975,20.93740254976001,65395.20339663504,-891560.8624782736,-433344.5737708922,23220.623807367047,-263815.7356375663,-35935.33253289869,-1011901.4580399576,-317716.46285540645,70107.68804283292,-326812.41550108587,-8633.76616958457,190477.75574741818
925,74.31803383664942,26.774928985263593,24.562448191357376,70855.55551951798,-821533.9292602389,-350411.8644042844,-17552.822880292348,-180779.9351494422,-91682.24950834856,-885156.3504732947,-306337.47783794865,90403.59016623777,-183031.77319747285,-30635.75581455868,610837.4723407789
926,76.19967472397758,27.452727962821115,24.562372132549314,98009.11256598402,-1006784.2637648226,-356643.38643844554,77093.36817909077,-345119.7505781856,-55293.27495196652,-1157733.142051909,-227749.99552149992,120064.59993612413,-180308.1650933657,-10422.256731730098,265785.29282543017
927,74.2005426949187,26.732658123657654,28.187429836206782,226091.45987770776,-951119.6637593107,-231410.0904752988,144901.62970248368,-273700.19957143464,-74544.54576337882,-1053564.9386414879,-172243.22465977172,269369.8689443573,-66213.1692480929,-7563.337306917247,699436.4473570399
928,76.3173932692103,27.495165444141207,28.187348299552138,-77413.15607657577,-1308505.2545164514,-485639.798405634,184101.4772214606,-504190.57285159914,-13932.014314102238,-1565184.413574246,-283343.1293148793,-23030.666109534923,-75408.14465758966,-1901.4720624724262,348608.372861532
929,74.5427277150531,26.15046343676222,17.60416365756855,-66069.2479225834,-630699.4811854552,-239730.55709924307,-153833.0601632711,121663.17011152966,19476.078373153385,-702443.7344246946,-207833.1457278192,-26222.406054767675,-264768.29785131145,5982.837785809952,536328.9575033501
930,76.42645315325757,26.822423490117398,17.604122553772946,-6594.113879147597,-737237.6633959627,-673766.4828728932,-25839.84844873316,-19763.472213810855,44818.62037514589,-743111.5872457725,-671890.2875191541,-2596.3853830766966,-611820.8796737588,-1422.0076415895535,117989.95517775274
931,74.54281701633533,26.150565899191534,21.145808799731512,-10791.259014412819,-701766.6671790958,-330674.3299626006,-91131.42828245024,-66700.54561445913,-72543.74845901928,-728118.0423933979,-328096.0207802806,12981.807017569203,-249204.83897884766,-57556.04680820768,556153.3744564145
932,76.42654903730318,26.822505034275444,21.145740699518193,61486.6303878733,-823750.5118362386,-426246.30521510204,18772.507063202676,-232766.45296754045,-33464.92658275748,-931083.8806657306,-322730.08492815087,65303.778930414555,-330051.79371406144,-8561.393908713126,180940.99862068257
933,74.54291972252668,26.15066659225911,24.687449874168053,62411.383178960794,-757635.8164695092,-337195.9688949804,-23464.55126521029,-164141.31192064128,-86755.48612008987,-817051.8624314097,-295941.70314370224,80573.16338958354,-178019.51071951733,-29747.273352451746,608849.0848011852
934,76.42665848967935,26.822583687876435,24.68737780095475,94377.7128802152,-922682.2263472036,-340446.1684786968,69486.89343794025,-316729.1500930074,-51892.232661123744,-1063346.8092495825,-219388.74684024867,113984.87414414597,-180167.35053586282,-9916.876921779738,253610.7486836025
935,74.42528917851514,26.108757318622878,28.22909881006366,210266.80849009383,-876976.7882936865,-221819.1005291042,131374.16711784212,-255251.64489081033,-70111.71582469456,-973484.158926958,-164742.74729344645,249697.82588770782,-64914.47092951811,-7365.229580549689,694775.1908282858
936,76.54449972800317,26.86464829293111,28.229021658359446,-70445.6736465237,-1198466.487170353,-457912.4770565338,169873.6829792749,-468660.87877710187,-12204.69115692159,-1441425.5635324393,-264831.56272166065,-20567.511619310448,-76320.32716388069,-2036.7558370277795,331729.3073890504
937,74.70615000932406,25.68788516455138,17.89582987288299,-368841.3804200286,-1981507.0753247645,-525672.3578849887,-216896.19081877542,-91389.97114800703,24978.72811047222,-2015291.7515060431,-527723.7139580108,-333005.34816572827,-264795.2929942602,7952.554613036007,542647.4388466906
938,76.59606433401133,26.342147959416017,17.895790809666003,-233112.4052937048,-1779521.7656955586,-893431.4903802804,-23886.398883917394,-155434.25795073833,35364.10228007997,-1806193.7090776653,-869330.7493585765,-230541.20293330154,-611143.7042742232,-1404.8648202802324,121092.86549878224
939,74.70623362257805,25.687982779473888,21.354142370512303,-357882.5798731175,-2307493.401449196,-651963.6412185368,-83823.7843632534,-480731.1262832085,-74797.34902284644,-2441801.9382128636,-536332.2137239681,-339205.47060401895,-241385.47808963503,-56391.90736146364,556517.5431865007
940,76.59615396608432,26.34222564347997,21.354077252552873,-205976.25701994193,-2117143.0183458244,-680638.6882020035,63435.01294405439,-570409.9444118113,-45749.08221321539,-2317042.691675122,-495809.2729369845,-190905.99895566324,-327828.43215458177,-10356.838842720366,174448.712691775
941,74.70632973550482,25.68807811175126,24.812450888887774,-340695.4052808805,-2625054.982397839,-745644.7268009654,85727.95261258051,-631362.8901774517,-91561.84017498355,-2818693.739332598,-601567.8140560442,-291133.56109104183,-173979.7792764756,-29557.645562845213,604676.7036508073
942,76.59625634165734,26.3422997585063,24.812381877403748,-228401.87695867324,-2483353.262214317,-677334.5790025182,189574.70070695836,-722438.742054653,-63062.90519293604,-2746719.5905924137,-480670.5503938802,-161699.57718921406,-181153.41870872298,-11080.631394209253,238135.0417834691
943,74.58830613988216,25.647269912969627,28.270766870226627,-301623.27188589686,-3144182.9896858307,-762221.1049166018,343800.7463366727,-785669.9740006923,-72956.46376392421,-3410658.7902327674,-609575.7182842479,-187792.85797131236,-65566.48503650661,-9531.533072016642,682253.5164983673
944,76.71447739385204,26.383254030821316,28.270693087043103,-471207.6558602157,-3085068.854111259,-897840.3106229051,379508.68808936956,-924404.7401310493,-23450.533701297158,-3464065.8782653874,-659574.3402705175,-330476.6020584743,-78614.03850507658,-3853.209325025822,312502.7752092159
945,74.81118735808347,25.378129436110147,18.187495930585857,-338531.8541354226,-1816878.9983279854,-498887.5517856808,-220760.37666984342,-56980.6109258631,22067.826202662764,-1851233.920505994,-501423.26990715705,-301641.2138359385,-262601.97226131416,7930.632173826126,559603.301363741
946,76.7051907007008,26.020580676085675,18.187457286014258,-250267.61478222738,-1816323.5463088634,-906661.4622065295,-34986.11109493287,-140442.77507355943,32166.120433371303,-1838072.5721309646,-887619.849911511,-247560.20125514484,-610051.5423952576,-3743.5204315223564,126716.7538865385
947,74.811267062352,25.378223330128776,21.562475257495624,-321539.20570268016,-2097195.044425637,-607639.9669489186,-94016.16714922874,-418113.7673465853,-74193.09374656009,-2212903.097386034,-510076.3781950282,-303394.74149617436,-236334.3177790335,-54224.5082764529,560052.656538504
948,76.70527607630805,26.02065531245066,21.562411749694807,-220241.00252856838,-2133911.9269875074,-675323.8334051402,53970.0435179963,-563933.019338581,-46616.669929150994,-2327128.7692907443,-496409.1337246676,-205938.85990580395,-315964.35653844546,-7764.798982126353,181039.36507686533
949,74.81135830598673,25.378314314198942,24.937451347210313,-297121.27426626085,-2356898.696122988,-686694.6931157622,57386.329840393075,-557398.4479742945,-87764.860954083,-2526223.061319884,-556709.2738070237,-257782.32837810426,-168817.34181921062,-26713.743740223876,614664.0278045682
950,76.70537318626747,26.02072588058515,24.937384383191144,-246002.46964141622,-2490286.271427977,-679430.6515875526,179444.6303477473,-714732.4753834638,-61228.562553625336,-2747342.4913642667,-485842.630120873,-182534.2711718053,-178613.92728485237,-9514.1921644728,239746.1612163721
951,74.69307425726123,25.33824026357884,28.312434624819147,-242720.57053702447,-2784998.497704938,-680052.7257612448,294400.367643604,-695660.7002967325,-69628.66766296349,-3018914.579056397,-541178.8628704151,-147678.3520763957,-61259.68450139961,-6013.576111249118,695739.2613702163
952,76.82384457119667,26.0609385911619,28.31236307847326,-489159.80256909964,-3094171.1238896144,-900410.7877128954,369439.9820424406,-919150.7391057793,-22543.075069197377,-3467170.0643951073,-665764.3496414241,-350807.3001350777,-74525.39393622037,-613.818929267901,317125.4424746351
953,74.91727502674175,25.0654300399475,18.479161820454017,-343023.4076470575,-1819182.6591056853,-499858.4501016299,-231255.19085345135,-53104.68528503862,15276.251538237708,-1856420.041119244,-500768.8185278679,-304875.65720726055,-259252.7802859212,6706.746043807076,572617.5857993244
954,76.8132672272026,25.70195693044691,18.47912326640416,-238978.0655252328,-1743775.2947858982,-885662.0385768077,-45350.22203060642,-107965.14151527864,24236.07076316752,-1758313.9066090242,-873665.394596319,-236436.09768259377,-599215.5326491296,-6882.812778238595,128393.52947152429
955,74.9173507003448,25.065520260232667,21.770808160176045,-326088.6905727928,-2080433.55559545,-602636.6626917112,-95409.24934764577,-413312.2039136097,-73126.65469286131,-2194745.0013968786,-506511.41959068505,-307902.4878723914,-232100.07974214928,-55000.80581757198,550594.9273906801
956,76.81334832843571,25.702028525374416,21.770746223693482,-202476.8483062653,-2017805.7530847937,-642173.7340478915,48214.98172223914,-531561.2301826408,-46660.52475683395,-2199737.937328898,-473833.1728099733,-188885.22530007863,-306582.3114609702,-7834.992882390974,178084.23956047266
957,74.9174372737251,25.065606930240005,25.062451755299872,-301231.5436572033,-2316277.8603891768,-677045.9199976882,47687.17769882743,-543485.3441201882,-85049.38415342513,-2480303.0330479094,-549666.9863756512,-264585.30462050874,-165500.66295189102,-26076.320499376485,613763.0483954358
958,76.81344041421035,25.70209567705527,25.062386786413906,-224829.70522985054,-2339491.6453874046,-646043.2662209284,163070.17705930778,-669035.5957032314,-59193.43168228412,-2579624.4315275326,-462290.8284976989,-168449.3568129531,-178908.0166502562,-10439.192295963048,230921.3974827337
959,74.79902411363685,25.02589910388112,28.354102324215127,-251462.41070024914,-2736918.7387340413,-671597.2544490948,281488.98292582127,-682543.2208341477,-67005.47774922525,-2965254.7407075716,-534613.3962845537,-160110.26689126212,-61234.762786237734,-7002.982800957769,688544.0338310357
960,76.93203107908286,25.74193505867709,28.3540329490621,-453341.42178427236,-2887290.566294228,-850514.5720460458,342792.2884573726,-864628.066557096,-21131.08871981979,-3240405.1087018372,-624081.7084618447,-326659.7429608647,-75081.60769644337,-1492.220685935269,306483.6882110222
961,75.02040676269861,24.755038645101937,18.624994890881943,-181783.3346891692,-921032.9153980793,-388288.3944713936,-12172.787169549596,-157815.4082440117,18629.04722047049,-964332.5743525205,-347750.75172285,-179021.31848327132,-251623.7518160036,1482.5424002915272,558443.2101269412
962,76.92033974208427,25.379704360751656,18.624957549586245,-127345.81006702888,-1041338.3190688908,-804634.835353556,180323.72209193592,-311732.0719964135,47673.58872219781,-1283208.4460793596,-597267.5601655676,-92842.95824454754,-583322.2946417051,-8657.725817692113,124888.21500982475
963,75.02047870339028,24.755126262573345,21.874975344418395,-226256.36936157392,-1398108.9951024817,-578175.8665992247,95386.5613754121,-492444.3638991647,-46172.72826763824,-1632086.7659592642,-388269.98219627806,-182184.48290773813,-233454.0913316821,-53335.70847116546,546427.9499884138
964,76.92041684422524,25.379773841048838,21.87491546177479,-147563.79057225818,-1505260.093256669,-666206.6993285555,248194.25402254172,-639622.5215986279,-11460.973166899154,-1877043.2320706537,-382462.1029380667,-59525.248148761435,-307905.36012764776,-5317.231586697777,171424.44839687343
965,75.0205617450747,24.755210003323302,25.124952574417858,-247328.3003332278,-1883787.8085331074,-663391.7113929219,159516.60278367778,-578972.9376247537,-58403.69005244384,-2123318.253579098,-484458.20300829416,-186731.36367186526,-163748.11483569015,-25926.173442152987,611860.7976316586
966,76.92050507499934,25.37983867675009,25.124889580969636,-195824.15534667665,-2004485.2748623644,-661890.1157038081,279593.33568213304,-700531.4834646288,-29826.02578290084,-2331769.7860854575,-432832.61594038544,-97597.14388700503,-178086.877864762,-9443.724983382204,229063.07312912232
967,74.90189872762085,24.716240657085343,28.37493663839763,-226326.08201311337,-2509741.0301680383,-653323.2934951736,294164.5882977942,-669156.8191364936,-55200.65423219612,-2753260.300490424,-503514.98354342545,-132615.1216424769,-59259.73748337148,-5416.558727777825,692305.3447845823
968,77.03933815358313,25.418934639080845,28.3748694316156,-434070.97949553694,-2688754.4323499156,-836760.5148451191,360662.24840333336,-846851.1863216414,-7159.581554533284,-3060100.7710108096,-597735.0914205288,-301750.06425923324,-74860.01989072206,-1195.186587516828,300895.43247564684
969,75.12255325627497,24.441024071099008,18.624995582917872,-169644.43024700118,-836578.6488327826,-359167.4450298316,-19234.663464926653,-124377.20005162111,18590.66446417326,-867330.3955235349,-331857.9191378527,-166202.20944822766,-245518.47842363434,467.58613958943675,534152.2397716286
970,77.02443771497812,25.059754368805933,18.624960664685187,-124123.39453662961,-996639.9305760167,-774866.158765363,170863.92588280982,-292452.27864996355,45957.18670132959,-1223920.3944042127,-579993.2439843914,-91715.84548940504,-561805.1377736932,-4968.622068576712,126532.5201387897
971,75.12262187970087,24.441110001158126,21.874976511670827,-207329.85861094418,-1254287.328337698,-545190.6844851988,75313.28172438753,-439799.45030099584,-41737.24134306898,-1466639.851179264,-365497.1775565159,-174670.84269806131,-232477.2215155032,-50612.37364897203,554893.8847320854
972,77.0245112658868,25.059822711698203,21.874919054472358,-150018.9891639234,-1456606.1637470378,-666862.237946203,238984.3718852775,-614983.5294325261,-8630.091156787512,-1818068.068773062,-386805.66275546193,-68613.65932864056,-319755.2766582239,-5776.853952484625,166945.1941802549
973,75.12270234507537,24.4411921739836,25.124953825024733,-225089.12722278736,-1716811.1013935478,-624186.2554910867,137451.62981660257,-531832.9279319968,-56197.998868400784,-1939534.682178012,-453686.813435421,-172864.98849398943,-162889.0393485623,-25138.237696797976,613240.4811524079
974,77.02459675604202,25.059886290371182,25.124892705489472,-197174.39531410037,-1948248.429413767,-651099.3149273504,269054.55262063385,-686047.0756124166,-28361.71467440356,-2270718.8737270394,-423823.8505911391,-101979.41533703954,-177800.23585078315,-7581.029117025741,229735.48153504677
975,75.00391497480165,24.402592321254172,28.37493784425971,-197051.157136533,-2296410.289095043,-607125.8875194844,264332.700569807,-618979.1301491988,-52891.24465667733,-2522719.710217461,-464233.3183649735,-113634.30516862527,-58276.87374618473,-3966.1658831546342,695325.997198865
976,77.1435492839154,25.09861001149853,28.374872695046438,-433459.4961085294,-2636572.651668059,-823021.3611874843,348861.11693828314,-830471.2241086981,-6847.897709924516,-3000079.261938733,-588713.0279667474,-304261.21905859397,-73690.31129255335,387.64308320691856,299222.50727491546
977,75.22471867931897,24.127015790163796,18.62499645528721,-170647.89006833994,-807895.2614462024,-350997.72647771117,-16153.572188301541,-111688.25668170498,22206.65559796924,-833909.8959921935,-329181.30171749194,-166449.6802825687,-242340.73039734032,-1790.97416668689,503440.02487834013
978,77.12851747261122,24.739798765167595,18.624964053135386,-111380.51766144147,-903662.3118732293,-743468.1827711174,159925.86856690136,-270037.5150106091,47708.846659082046,-1129482.5065285144,-548749.5227696929,-80278.98300758074,-549022.7948930447,-3589.314261130807,119870.59043338484
979,75.22478426909254,24.12709985990754,21.874977576219454,-206712.4950534287,-1192799.7027922801,-531261.9061345002,61667.89332127265,-416548.05137931305,-37980.49454476885,-1395218.1058114837,-354990.8863536656,-180565.1118150589,-232961.50211706906,-49369.136568273774,554781.5002245337
980,77.12858766206166,24.73986604606525,21.874922525279356,-135372.746025715,-1335239.1842808255,-648137.2993429305,218866.45018640772,-561957.5616002207,-5767.57716251636,-1673481.1419241107,-379261.9932562528,-66006.09446910769,-331762.0249900338,-6982.943567400726,155242.5700444403
981,75.22486213886235,24.127180530261374,25.12495501157225,-227378.19041081396,-1659482.533852976,-612056.0688781855,126971.34444703523,-518007.25170747394,-53935.20018509936,-1878102.841790638,-442590.5025471347,-178223.44880420374,-163934.77718165386,-26483.097256515015,604016.8988009254
982,77.12867041610785,24.739928354116987,25.124895752796554,-177007.15764055803,-1797445.8011542303,-617547.1938177482,247722.89814995264,-641986.9897235837,-26598.032163048338,-2103735.538413645,-397504.18412618706,-90760.43007270552,-180463.886746357,-8021.87347417465,220400.79852576545
983,75.1059528244987,24.08895092663028,28.374939004897207,-204221.25976869103,-2243043.9420880848,-599564.7885430856,250563.5254302025,-608210.8400590506,-50849.154697902326,-2465518.3553248714,-456885.02873295173,-124426.60634203965,-59526.45219745417,-5312.621381850613,684703.1995733095
984,77.24774017282937,24.77827899680839,28.374875867953754,-400208.98791809,-2443195.7989296396,-774346.7723451224,321265.3359723086,-779211.0113428024,-6359.814552024586,-2787389.69552844,-548480.3500225035,-281881.5136419089,-75597.59710016046,-724.0758360074628,286506.27627594804
985,75.32396267594747,23.81535987924822,18.770830011558708,-318308.4216830989,-1547160.5287055024,-447311.32401998295,-210492.92683687177,15680.49649853761,16000.264071876001,-1582504.804568566,-448080.7979991017,-282194.6718409155,-242207.1077376787,268.82743897724873,505524.40200949606
986,77.23155367630305,24.416233462649224,18.770799076204902,-216345.237218552,-1474964.7484240024,-792730.2394933798,-48050.252360824576,-42990.34466200354,21344.328072703272,-1479384.941577543,-791054.7900217188,-213600.49353667168,-542118.4408898278,-629.972160928439,131083.5811019246
987,75.32402541738264,23.815441107833465,21.979144642198694,-290592.6340370711,-1665772.1152016204,-532274.0864284307,-136171.74867534803,-284210.31919807504,-55649.51025544609,-1747542.2387010641,-467684.2858840236,-273412.3110820349,-227920.57350928528,-48820.35393965114,557959.4567132113
988,77.23162057203501,24.416298910655744,21.979091567538262,-181792.76511378936,-1672900.5368779365,-611945.9638572261,12867.445758925667,-394284.04888396565,-34174.28039074392,-1803383.0430041812,-485843.2171335552,-177413.00571121598,-335043.971968843,-9851.786403582035,151152.0593711707
989,75.32409993679903,23.815519158221612,25.187455765907167,-260619.24814421206,-1855439.4643859833,-582519.6158906008,-13800.329103248609,-423641.07251206035,-74267.23602152533,-1984240.1864583823,-475309.1421077878,-239028.9998546264,-161703.1867039829,-25183.586886168356,604875.3387476557
990,77.23169972991926,24.41635898627721,25.18739840888122,-188153.862566865,-1915206.5056010487,-564739.5111816226,103446.39524196972,-548724.3781137338,-51343.780499428394,-2113409.0303967204,-401606.07614928624,-153084.77280352984,-181075.5332805021,-8290.124453761291,213314.70483695553
991,75.20495024613611,23.77803130515861,28.395773297648937,-203487.74188731436,-2184245.9283901714,-560980.2617345633,185066.33817217732,-554109.2244614735,-58730.265891903946,-2367148.1872617602,-439120.570267609,-142445.1744826783,-59972.79419795373,-6226.559691699107,676173.0490303345
992,77.3510030138198,24.453963174406443,28.395712210612306,-382827.39653283183,-2372996.1505739414,-725327.8605980994,255815.67834783875,-724647.2165326205,-19704.830993780713,-2670016.3729800964,-523248.5639182334,-287886.47080654226,-75162.71980224598,-314.12362024803167,279554.1061578007
993,75.42218133726378,23.500100689920988,19.062496334615012,-299094.128977513,-1437562.7075665423,-435514.7921235078,-206701.39466241363,28320.733723535144,16015.397999774736,-1474834.8864159351,-435293.45141703,-262043.2908345971,-239575.99204124705,-1408.1304172570217,519515.2950371551
994,77.33165003900962,24.095013689549006,19.062465723156237,-220712.90828024893,-1467962.6862842066,-794645.6962290399,-47452.150323057474,-42001.89105634504,19552.863438614473,-1472275.272497124,-792912.3573842765,-218133.6609120944,-543358.2391421148,-700.637373564361,139251.7214882654
995,75.4222412871462,23.500178270058615,22.18747749050903,-270853.6446890598,-1539555.1394236002,-506045.1775498626,-140922.9349858254,-251428.09471950028,-53843.818896865414,-1614099.858828642,-450306.97434487124,-252047.12848900858,-225698.7034835784,-46157.551586196445,562451.082309214
996,77.3317137592393,24.095076549869436,22.18742588663891,-183038.21800466796,-1642443.321241262,-599132.9658184858,5567.058944916981,-382664.82312150946,-33187.10207390275,-1767763.5819073496,-477586.78333237965,-179264.13982468593,-327917.48447368277,-7929.731294784034,151203.72759350782
997,75.42231172255197,23.500252554557004,25.312456110106275,-238077.42507544506,-1701730.10609027,-546970.3591931569,-25485.29748763711,-386269.15620913147,-71739.139339763,-1820318.9715557094,-447460.8381645671,-218998.08063859536,-156720.90327827304,-22918.95682049297,608776.3573451325
998,77.33178857165936,24.09513348767077,25.312400607160406,-190047.30922567553,-1870801.8558297043,-553310.7903226753,95652.28773688307,-533889.0125674589,-50368.325718776825,-2062862.4940725756,-394501.3528063242,-156796.1084991555,-177476.31250321242,-6842.70961290273,214993.246167675
999,75.30304045396943,23.46313368571594,28.43744098030831,-174796.12475699303,-1981123.7818967726,-514550.1332167982,161951.74588846925,-508637.3660324141,-56107.43157686133,-2149905.1877726875,-399490.0569217394,-121074.79517613714,-56602.50821566647,-3592.3009805971114,681927.264518626
1000,77.45120469657166,24.132362413772377,28.43738190314423,-380185.46091277635,-2314129.542756029,-710534.226239749,245862.40683366096,-709791.1376238328,-18929.945915302684,-2605600.4518762813,-512013.5401481508,-287235.2378841225,-72403.34506609483,2002.7200327803903,279771.83443465846
1001,75.52041877819,23.18484697845388,19.35416250765577,-299959.8056342401,-1410952.6448803083,-441722.0269228162,-212204.33523783792,33362.97867656559,19644.574281614245,-1451415.344818214,-441384.8825787601,-259834.25004039053,-242095.16269322613,-898.3228074858869,528980.8902789468
1002,77.43172764232378,23.7737881232059,19.354132388552674,-210996.51946909097,-1398155.6662169558,-787652.2281125454,-49034.39205290479,-27465.33774825678,21029.747938882087,-1401329.1816803028,-787347.5431196934,-208127.688998596,-551272.6896890034,-1496.3343804834408,138696.11660304092
1003,75.52047609663033,23.184921177746048,22.3958102526722,-271094.45161519677,-1505346.2537154213,-497384.3192988746,-146502.08779153685,-241037.423251706,-52333.92373011147,-1578273.8917019193,-444491.70081025595,-251059.43211731836,-223833.589897605,-44750.780494409875,558736.4601196132
1004,77.43178840730033,23.77384847455299,22.395760106084467,-166957.50014964433,-1534623.5472573098,-570254.3314035162,-2709.639481979756,-352829.59840963484,-32349.146072356645,-1650033.4572478286,-458023.5051004268,-163778.416462215,-321153.4407725024,-7000.89186317379,146340.62402430002
1005,75.52054254352522,23.184991746429738,25.437456405327357,-238737.02766295755,-1651961.5156572284,-534230.2243358446,-32655.262482840608,-375170.4297217821,-69488.51345013072,-1767946.6859767202,-436244.6484771908,-220737.4332021195,-153108.72682893008,-22371.559809595434,603770.2032183161
1006,77.43185896912101,23.773902337795576,25.437402721986473,-171611.22794457432,-1736618.8379095276,-521785.65001492813,83368.14773873132,-496658.73750617745,-49058.29343612984,-1916030.3764195654,-371767.5142255064,-142217.8252239573,-175421.86636810412,-7036.617854024352,208479.89662888233
1007,75.4011520929116,23.148242704207355,28.479108597623288,-178104.9382237601,-1918361.9763355677,-501719.9831626932,150401.17046460303,-496371.258375639,-53590.93249303207,-2083500.2623604485,-387509.22284919716,-127177.41251237538,-56293.375387634354,-3778.3665609307723,673622.4552741379
1008,77.55138572317436,23.810755478441234,28.479051509812983,-349256.029148009,-2133050.491843543,-666800.4799900273,224794.1628633215,-665210.6543746828,-17695.44503475515,-2409973.55606651,-474630.7681184257,-264502.67679664434,-73138.6692528894,1609.6399191809444,268414.0566553814
1009,75.6157619037312,22.871977923871043,19.645828310993416,-294352.9850642602,-1346972.3965673205,-441370.4755719799,-222024.1402785623,48004.943086226216,23540.264019786307,-1394692.8216470175,-439528.30284532753,-248474.73271121588,-247879.83862651934,840.6925386967845,540432.9894349826
1010,77.5307140405124,23.448963089573372,19.6457987606724,-210476.97725064823,-1361728.2789632694,-791415.6742915349,-57378.694938645924,-7762.7333941079005,23831.398121638642,-1364656.342289001,-792340.7896213483,-206623.79859510312,-561717.1533182126,-2426.690888519805,135373.99543290577
1011,75.61581665176388,22.872048970822576,22.60414322363209,-261846.88035510702,-1426749.7561760098,-478833.144053529,-154113.5908657943,-218819.8885826925,-52196.22618687,-1496021.8085788952,-432397.9058690466,-239010.06613670406,-220378.4200654657,-42447.86202509679,557001.4417347868
1012,77.53077193118882,23.44902093058534,22.60409454530897,-159375.9284957883,-1461634.8387688342,-547546.2185115061,-14303.984832422742,-329679.7443969861,-32964.16907104281,-1568531.6055555195,-443604.5986436636,-156420.7815769451,-311887.34573632106,-5059.906006807554,147132.2542244643
1013,75.6158792280816,22.87211589075124,25.562456699299123,-227823.2643847986,-1547741.1518145732,-509951.6849246543,-45761.801749471255,-349989.2197272847,-68005.18762921718,-1657578.4619267401,-416828.53208926093,-211109.10710802465,-148818.5280561801,-20823.307945045523,602956.7963067575
1014,77.53083830937506,23.449071810271192,25.562404846488768,-163066.51882733367,-1644583.897039957,-499586.14203090675,69486.37657478564,-469449.74001772,-48792.526152831815,-1813905.7836101698,-356382.36420734425,-136948.410080683,-172398.41182249508,-6367.987827073959,205369.04565239075
1015,75.49625715089049,22.836110683857502,28.52077594486952,-164250.17274475883,-1780486.3593318677,-471140.83478847914,128485.60045182414,-465500.6555130276,-51861.955126635046,-1935547.3113177419,-360912.1812193686,-119417.87432799509,-54534.589978445816,-2142.9374983495627,672278.9470427937
1016,77.65058857125783,23.485175255983666,28.520720864943392,-331252.91105082235,-2007716.7078309793,-636498.6695330678,204042.77574386896,-632907.9386972656,-17735.01183319007,-2272582.716970397,-449345.9144866658,-253539.656957807,-72271.74709081255,2861.044988015901,262833.3714075907
1017,75.71003273710818,22.555514987489282,19.937494212819235,-279349.32673103875,-1247702.0396405437,-432124.89216800756,-228890.06960694713,68349.8962219194,26176.217497865782,-1305088.2074829924,-426675.00264441187,-227413.048412186,-254720.08617526587,3108.9763483077722,555707.8862017049
1018,77.62678768533759,23.126517209699646,19.937465086058427,-216641.30660924345,-1357512.1823187121,-800931.2925438376,-67248.59178290244,13736.729618941547,25502.818997212675,-1361875.2020599397,-801550.3385667852,-211659.24084506874,-570464.769040649,-3921.4860945045784,131283.2383638582
1019,75.71008481688781,22.555583013150912,22.812475928583435,-242014.87107745343,-1309636.6820751422,-450369.63786286535,-154956.12858343226,-191932.05374643,-51704.4779278451,-1373848.3219555116,-411137.43986745115,-217035.4291924981,-214861.7276510403,-39578.54391000387,556075.1900433587
1020,77.62684271317087,23.126572473116916,22.81242864266453,-158453.9442220236,-1425415.010265522,-528911.5782866889,-21486.103887131063,-319091.1757991278,-33830.55468572913,-1528080.7565801174,-429364.5295249485,-155335.24666916873,-299148.65725815494,-2251.644729569702,153451.09493056568
1021,75.71014361814242,22.55564631310624,25.68745700713678,-206032.49797168755,-1398674.1146846996,-475777.69314202014,-54807.1517413667,-317045.05772553536,-65244.357288309155,-1501067.7220741306,-388686.6352943149,-190729.9484299617,-143849.5041019435,-18017.240500538268,607041.5153058736
1022,77.6269050378312,23.126620503383084,25.68740693151372,-163755.06154790393,-1598003.5057321785,-487185.1586244076,62268.754532443905,-456291.88073775795,-47760.418237516686,-1762533.0995975514,-347323.5127310689,-139087.11357586933,-168925.205923843,-4980.795538403685,205536.80978887243
1023,75.59040515394284,22.520011772971422,28.56244354055185,-136645.85239099147,-1587028.8731635064,-426987.51450546586,109643.6851255661,-424867.44336749654,-49157.41888904156,-1730965.5917489382,-322181.80215761863,-97514.84615340704,-51075.639418660714,1608.6127204482782,677964.403514374
1024,77.74676400948961,23.162347615804382,28.562390394541602,-326761.04110663675,-1945539.9200270216,-621141.5544347543,194148.82879283506,-618218.5076063023,-17039.881727461496,-2205486.2064130576,-436876.8563813983,-251079.45277395638,-69677.77293292852,5857.881111713661,263220.27767854946
1025,75.80432266537518,22.239057784357488,20.229159835347193,-280030.2718075619,-1225546.3463056174,-432152.62199237745,-243134.70108492282,82266.78301559812,24168.231696464714,-1292924.8241503518,-423714.9421478839,-221089.4738073214,-260131.8462348474,4036.1210591302347,570245.6228481336
1026,77.72284289940447,22.804066218413066,20.229130820128802,-207678.391511549,-1293893.6718347105,-786113.011891952,-79587.1326803738,47999.826628863,22132.07630667429,-1304420.8022481098,-781979.1003729673,-201285.1726171341,-569956.8730516236,-7456.569192424262,123227.70170498874
1027,75.8043718652355,22.23912282840174,23.02080860969209,-240157.5851965724,-1274418.846349086,-438628.29236629565,-154775.3229820138,-188010.34092386637,-50411.45218593632,-1338634.5124531735,-399784.88141653966,-214785.33004224085,-209855.2500838978,-38947.81248862437,542105.6308528773
1028,77.7228949172584,22.80411875285344,23.020762704987085,-142937.30346970467,-1324303.1541156305,-496247.19649410195,-26658.893596611935,-298165.2619617428,-34336.97117540958,-1421501.711616937,-402359.24350977375,-139626.69895272583,-286287.6673070686,-1069.525371431368,153586.5199126468
1029,75.80442707250864,22.23918252682348,25.81245725039693,-203561.1307818414,-1337604.5838196469,-460535.8817282104,-61170.47669716754,-304928.20702527463,-62447.60289778187,-1438014.4337665932,-374592.7542503347,-189094.40831277022,-140352.71958627182,-16253.38033670859,603640.3844745617
1030,77.72295335204076,22.804164066779183,25.812408944646606,-147349.7465925557,-1475448.1074918292,-458737.9489579517,51013.411195583736,-423054.80213074223,-46410.31260936542,-1629155.95180513,-326414.65565032477,-125965.19558688255,-167863.94807699457,-5652.282340790817,196974.44600067387
1031,75.68457473067667,22.203919509831092,28.604111082419053,-135858.05312911325,-1513291.8905192323,-410946.0180224415,100502.65485697016,-413414.9275306719,-46582.663500839946,-1655394.6392081827,-306101.9394734773,-98599.38298912667,-50488.62075012293,2721.7874980851993,668369.2878341407
1032,77.84291881830256,22.839514171726908,28.604059827645663,-298761.298556302,-1781624.473444057,-581696.0073432459,175271.8422062032,-578395.466429506,-16078.000642240959,-2029214.9161504982,-402691.72505216114,-230175.13814094543,-70342.1468256732,5974.088649545229,252270.23887403423
1033,75.89574624231037,21.925018398494984,20.374992596184438,-123201.36410819384,-414618.65791313275,-308478.16136103135,-71632.2638792365,-16169.230978123527,20499.550341146743,-432284.71487584873,-310200.83903389634,-103812.62947261301,-262076.82827530804,603.8302513214963,555742.8332689933
1034,77.81775980476843,22.478027068671917,20.37496452414444,-89716.39938970166,-642508.8277985207,-682784.8524114543,90978.17730475236,-138546.1017979805,37257.19499817391,-813378.015652946,-526888.7122838954,-74743.3516628355,-563705.4587616706,-11334.89259119697,109947.43424626693
1035,75.89579270776721,21.925081473211797,23.12497550757895,-144415.908756375,-688629.6427565693,-400696.58294617967,-4232.28330454851,-258556.46242857777,-33260.64643580029,-841202.8849287373,-255048.53475891764,-137490.7147714694,-207865.17462572033,-35044.92870037553,536990.8610482947
1036,77.8178089583349,22.47807774967869,23.124931383909836,-88467.84811882013,-887952.1006769241,-502538.4595697436,123871.32383496675,-396383.56085629115,-10156.766598256943,-1145434.4867276843,-281491.02044105856,-52032.90119674541,-281117.7755662247,1640.7080272370993,160031.20862787712
1037,75.89584522552701,21.92513874616919,25.8749578374142,-152647.31919379407,-970683.357786868,-440391.73586310016,27622.546511867393,-332877.7748933279,-43254.862810671075,-1131145.857147609,-297845.8656244153,-134730.69007173838,-138237.92116963043,-14066.323611931275,599405.5337765792
1038,77.81786441024579,22.478121357706264,25.87491129945163,-121606.14347943786,-1203103.4506483884,-468953.4513671238,138797.86644321794,-451033.86515415355,-24869.82559278969,-1427669.5436190092,-291571.9923568168,-74421.50951912401,-166671.9239558882,-5310.896642507437,193316.56503687167
1039,75.77577184027822,21.8906235281232,28.624945233385017,-110323.42197437873,-1311927.3783642498,-389581.23174228333,115564.11147541631,-404831.2327872206,-37586.04436120218,-1471047.645567073,-271293.79966911,-69490.58684472922,-46958.46432136696,7531.390096897931,669955.4789697202
1040,77.93804534463727,22.51271979218185,28.624895825366593,-281657.50918629643,-1616262.705213178,-569483.2147687427,188523.40302753614,-565424.9832972231,-5664.689707954464,-1881568.0340947416,-378371.0255300552,-207464.36954342126,-70302.0616284895,7099.817501995678,247495.94190825362
1041,75.98605040239889,21.60739566923803,20.374992963721184,-111465.25448584618,-344099.8473092029,-282065.03644304234,-75098.70043777768,9845.557254200357,19165.72806838454,-368809.032985953,-280752.2255476246,-88068.87970451389,-259415.72809137125,139.37838453783016,528814.5719160326
1042,77.9097917762536,22.154400366368954,20.374966702538998,-86412.75611000047,-602283.1638037269,-649569.0398168133,79335.7352159129,-121624.14715029925,33224.90801889086,-758524.6006012068,-505652.5615144769,-74087.79761485722,-542133.4035125603,-10619.510299169911,108492.30717485804
1043,75.98609441656748,21.607457622808962,23.124976308493252,-125538.6624656792,-569600.0565077453,-372044.0392273801,-13476.628099004873,-217016.0642665792,-28253.972991906343,-710473.7561981519,-234830.55902484886,-121878.44297780421,-207350.51534307114,-28427.40059153548,542536.8213043814
1044,77.90983837690962,22.15445013192933,23.12493427808906,-90479.27005837024,-843386.4858803094,-500315.75419500005,112893.26343856775,-373883.58564680105,-8992.439494812854,-1091376.0402612654,-283592.3901097916,-59213.0797626227,-289995.15808263514,-384.72361310307036,158020.0516200062
1045,75.98614501459018,21.607513645663595,25.87495877653874,-131306.7551867894,-829557.5943813386,-405449.49313776975,17191.79059664539,-295782.4124628253,-40249.54723122595,-981457.348399736,-267549.5123966507,-117306.98190951145,-136331.15093892626,-9161.847189508107,599071.3020983592
1046,77.9098917205337,22.154492985780085,25.874913951281687,-121849.92644299526,-1145508.844217876,-457362.5788633929,126886.24790408743,-438708.59717037197,-24419.42446199533,-1367597.736426121,-279679.465652172,-77444.14744597122,-166396.6588932591,-5406.033497094531,194540.47851733008
1047,75.8659618117979,21.57337251982034,28.624946274950396,-82248.31056322952,-1132642.5378598464,-347948.73714835074,101392.24961649832,-370678.19706643553,-35687.74981998742,-1285530.6405731062,-232424.7572453208,-44884.187752999234,-42289.885669400064,14738.162419533974,671995.1399763569
1048,78.03017859968023,22.188715221005545,28.624898564979727,-278862.747789945,-1558010.0921748683,-555158.5264304107,174958.79754230723,-551511.9008365582,-6342.829329617848,-1818109.566955534,-366891.28715859883,-207030.51228109197,-70170.25485552853,7661.809694795301,245928.6968948188
1049,76.06710846004627,21.32932197524132,20.37499336075291,-155420.95538993675,-475224.9307531582,-313897.25763921766,-85929.9593973319,-22331.25551926786,19760.552223543982,-498401.1703691486,-315664.4106896043,-130477.56272355962,-274794.000612659,-16323.755293281003,425337.9101666183
1050,78.01107075477492,21.791225627196106,20.37496912053948,-45189.70712127565,-327364.33133027074,-565488.6510110757,23496.120063372968,-12740.30209374825,32910.05103254503,-568401.0842487034,-328320.95518625,-41320.650027668635,-526277.9927362067,-22070.107878545405,69173.23601333411
1051,76.06715040688056,21.329382751178063,23.124976916694102,-188887.4788080751,-737172.3552303024,-416035.3130223083,-32544.647864129995,-262384.2825760564,-21534.447869356496,-886391.6212671413,-269087.55602656817,-186615.96976697588,-222609.64293613494,-41302.66333465041,450049.12911216245
1052,78.01111459936185,21.791274344946814,23.124937398564494,-35311.05260387747,-441723.2494071126,-411917.9653727204,41956.026527618196,-188853.13531034556,-2745.0217845597253,-617705.8630140785,-241834.24351796138,-29412.160851670393,-305032.56338713836,-15180.864632531697,111854.65083006588
1053,76.06719934143143,21.32943772091302,25.874959534998506,-218283.643214813,-1058321.403077723,-466963.77348722285,-1288.0706329085442,-350136.94501984294,-34514.77829291037,-1221170.2001129233,-314198.88024204574,-208199.73942478947,-155836.63503121815,-27351.722460774738,491626.8837464838
1054,78.0111656324639,21.791316365282004,25.874916912092676,-45517.43737645063,-603091.0258601282,-334705.9948482374,44119.811621910674,-250137.14958478382,-19022.85363862426,-753876.381851341,-195100.16687399402,-34337.90935948136,-180349.44025259512,-21423.19515815748,144908.21619336953
1055,75.94575082404512,21.300614500431923,28.624947159774464,-227314.60247618155,-1563729.2470162695,-461594.8028681103,81584.75742107067,-461557.5123253404,-30380.59348442288,-1734408.6236510216,-325316.12446782395,-192913.90424171553,-67365.54256979455,-9662.896726186718,535073.1339441417
1056,78.13271411639616,21.820218796763793,28.624901597147378,-160104.5049436011,-822093.7345261222,-381311.63742577675,68642.18885036779,-337449.1777527161,-4295.095587129161,-1008762.0996806787,-219507.30895030173,-135240.46826451953,-88216.51105659168,-11963.891473370673,184121.42542993044
1057,76.52675668802263,18.92330199445352,21.104160990202004,-58681.163701796446,89479.60461202,-145736.05479257705,-142630.73203648822,242322.8387642259,-1646.1070644880394,-320893.83348708774,-79560.14491074836,285516.3645154826,-250770.1181181297,-17097.80223703916,410824.5541897155
1058,78.49209660582648,19.293968140313236,21.10414327058483,-27081.83166007643,-37380.982434429745,-359663.1710223731,-98153.02128627179,184403.31633556742,11927.10095459694,-449892.13941430056,-77436.31275179933,103202.46704922052,-435161.55575743504,-10583.225633354125,151953.43366191062
1059,76.52678593210479,18.92335062814802,23.645813792424807,-72940.81945249745,248097.72998882784,-132677.28832625196,-164636.87512636604,182478.2496401605,-51163.32916122538,-208432.111221432,-134925.02027341587,385836.7537049264,-211557.33967903728,-30347.06953745732,437950.64709248394
1060,78.49212668778857,19.29400750538309,23.645784637119398,-36240.80993140411,114043.99408159507,-174624.7421240728,-113926.10830640356,92079.14904808316,-20767.70067697852,-202617.89725044582,-91913.49241531955,197709.8316918836,-263910.6877041523,-3621.109140849078,196657.272054935
1061,76.52682045170725,18.923394554555266,26.187466189131666,-88953.74447390284,394453.79075966764,-95037.5272859175,-182809.43065460926,132262.3531101382,-57060.88893915868,-155664.12963960436,-124849.11183772166,490975.7604771734,-146170.34312712643,-15062.125630574667,479043.076539474
1062,78.49216236968093,19.29404097108057,26.18743427850583,-82185.12113568775,225861.94608569122,-94078.81836380699,-123247.02417320413,31765.806290895882,-26796.258109890012,-131841.07204943858,-91777.81506618447,273216.8937018196,-148064.15297006044,-4812.821254650493,240850.7449819215
1063,76.40402169673592,18.900263812728713,28.72912248769742,-23750.67582361761,560704.701766168,23598.189811496733,-144927.85423062774,102339.52490400548,-25382.123968142456,-57743.6472357702,4783.887241069093,613511.9757487482,-55968.12787738306,6787.694943727835,527603.7015747102
1064,78.61503216616128,19.317233790642064,28.72908799412331,-175136.62417555993,278729.10239224386,-122067.46484954393,-102461.11113101465,-28938.582015330114,9840.904648679878,-197364.98134550132,-124066.82094920833,302956.8156618497,-60605.21831883821,5461.211435283616,280750.68193151936
1065,77.37568664927579,14.34371567210858,22.562495017562057,-61325.05641179174,58148.85970101035,-140294.38794842476,-81047.88380842857,173634.8307005704,-6227.300730304992,-248227.64314575214,-76527.96903831199,181285.02752485796,-200078.47586378432,-29486.89430482255,295072.49785873195
1066,79.34218294371722,14.708249246404353,22.562485832475957,-26183.258315096366,5388.892777262874,-251125.80943953703,-63586.13344111936,138297.27169647804,2025.0851414134017,-314151.5563854346,-51488.3572886161,93719.73869668022,-302995.4806516836,-11334.036311939219,162683.98503245064
1067,77.37569845719038,14.343744719608221,24.68748551933608,-58031.45001138399,174574.76117333875,-118512.41169763239,-101332.10177828633,129703.48408420646,-36179.88885382407,-167721.54862534784,-94355.3747773288,260107.82286699902,-171424.2813506113,-32567.48111467681,321643.5590366415
1068,79.34219497327531,14.708273494408605,24.687470650973843,-20396.31502238797,117377.99716428906,-131487.42636393185,-79987.26442109374,70168.59253578901,-16704.831883115294,-150070.37010794677,-55100.6581526066,170665.28403852257,-196156.00390952593,-8095.948582057252,191411.79430035336
1069,77.3731516623297,14.34329576822245,26.81247598804369,-53325.49986777082,287644.2179188676,-82007.98871664173,-119420.29997865291,92191.84816711493,-37763.63638942141,-108616.91727206126,-87299.96667315716,348227.6132796734,-121778.43825890613,-18349.779861596366,355687.97755041695
1070,79.34476995388526,14.70876793379233,26.812459494034705,-40308.691441209754,198503.44508956885,-76546.72023058921,-91619.13882863404,25056.078243722375,-19801.81466875342,-86828.85873531201,-64059.05463368057,232535.94678676248,-120053.5038801238,-9017.335052049812,217845.17188534993
1071,77.25026009061551,14.320532461364714,28.937468765266395,-14539.044070883698,400304.7352301612,-948.3713445851026,-97102.04410035993,64787.19599105768,-15730.46157405811,-36207.18592148014,-11142.49785836977,432167.0035945425,-51099.58862106878,-446.6477700708642,386462.19973809586
1072,79.46769103399653,14.731566342092446,28.937450716032465,-86528.58306105447,242195.57046644602,-82694.92064738309,-78283.47367726499,-15238.051985865164,4302.758138708006,-104252.88522516775,-83389.50433758256,260614.45632075885,-52971.99105680379,1191.3838591817473,245742.82455760657
1073,78.22409796611596,9.767214987419123,24.020828761444527,-47590.67863008931,54426.780434013235,-126786.56665772505,-51102.49689670108,105467.34734065038,-7844.274296431604,-176896.30537398052,-60916.62538501318,117862.46590519258,-159288.45725552633,-24941.467475433536,210684.71188509016
1074,80.19279556511522,10.11944819089939,24.020824728377107,-22218.79218667838,25378.21987007794,-171266.83506741986,-38566.15299040333,87130.66740712011,-4292.215649159272,-204845.0793895435,-36534.58688987351,73272.25889539672,-212125.29878067155,-9512.489003271236,136914.37991291514
1075,78.22410154433278,9.767230661418258,25.72915550609037,-39702.82910674265,138692.01082153735,-98902.42063398352,-64287.35606570627,69562.71962124434,-24684.435952147924,-118561.39901290086,-60384.511975502835,179032.67206921478,-133577.13951024093,-24660.544101009174,231918.88645863038
1076,80.19279903651565,10.11946170282798,25.729149293999832,-14550.293321149045,104445.41874932867,-93404.35050481022,-49134.62778421491,38791.26688078458,-14674.902727322959,-101114.7773880185,-32209.45349815963,129815.0058095475,-145479.3327213679,-7592.303265067524,156668.42296109226
1077,78.20614714577123,9.764113682848015,27.43748240822367,-27395.63702017343,213073.09738137148,-64920.62469649407,-72294.93809565633,45890.129831044265,-22491.698625075023,-76159.1438637289,-44464.828165515224,241380.807693948,-95788.524508795,-13169.53186784662,253779.6089404468
1078,80.21076121802277,10.12260285871046,27.437475605314695,-22304.946143783258,157854.27261485398,-58019.89506886935,-57468.85976345533,8993.876173968534,-13626.400924336958,-63279.84769160088,-34481.7310460035,175291.01013980573,-93848.8668353506,-7211.569071532997,171947.3959181459
1079,78.08310765121098,9.742109097536773,29.145810700457034,-8993.733343445638,276756.42416483467,-20145.463174200893,-59889.0124065718,30535.727655696435,-6876.054242316728,-23492.516419256695,-20828.48615387438,291938.23022031935,-44460.38093019552,792.4354034624962,273362.52199471754
1080,80.333809154202,10.144625741172696,29.145803461092143,-35228.68236073383,187908.2501219415,-50838.495847081766,-48649.775577774264,-8926.615944071731,2128.023881217148,-51187.80093687113,-45362.63586502886,198391.50871602597,-46108.81560616164,1997.0796076541847,187979.26883925297
1081,78.6699445178598,7.193255486251635,24.89582918062185,-55417.884391236046,-18205.042621459277,-143541.99357694076,-28120.05970158689,94024.58903909338,-5524.599473968914,-194388.96387258102,-62789.30437024552,40013.34765319047,-127385.1465853532,-23045.592143325826,166690.106121012
1082,80.65192659487666,7.446418632569278,24.895827453184605,-26923.452260620827,-11699.773222339125,-158593.22620081247,-15890.351832708351,73756.8033531853,-7903.170379653947,-189244.3283945967,-32955.30409300544,24983.180803829688,-152647.26340572964,-8287.340990303386,111153.50059002239
1083,78.6699452857942,7.1932651629726605,26.35415732001398,-38292.194370102196,55053.11815037557,-116224.69658352199,-28982.823106737265,69326.3517617742,-13291.900085156865,-140851.5334814395,-46221.49007777104,87609.25075596197,-107821.11561211708,-20726.137816916438,189439.9361604947
1084,80.65192710306685,7.446427265009022,26.3541548752236,-15919.785809426125,37204.531778173456,-116927.088337669,-17494.04258983632,42736.89174750043,-13498.602315206703,-128667.21197879822,-21159.70158973596,54184.571199612496,-117012.55355908752,-8848.107166895545,119041.08170753773
1085,78.63638233511595,7.189101049618095,27.81248574657207,-17004.145487359456,117086.00735369558,-80928.20112524094,-26680.342698630207,43367.1510565731,-11985.446788560692,-90571.44231331573,-21939.353918852197,131664.45697326306,-76614.62001400319,-11788.620086859148,207442.0419761428
1086,80.68549127091966,7.450606576683571,27.812483168696172,-8974.126202536205,71229.36178142633,-84201.96823881933,-19985.341123017617,12909.614392236812,-13783.159210306976,-87205.2236115603,-12215.692884872398,77474.18383650348,-82812.48239714903,-8387.088355845204,122911.68993227801
1087,78.51250910515138,7.173284345315029,29.270815108176947,1765.3715336237656,162170.25462287507,-45243.33076149477,-18133.240666096688,16026.828800130581,-6187.429856852728,-46959.72989911652,146.90428640060998,165505.12100772,-40843.139754522854,-380.6709854011065,219567.63503103657
1088,80.80936595351841,7.4664348658589645,29.27081264849827,-294.64370647929536,97395.40017697575,-52213.49762128848,-15864.147890482827,-8962.388560503581,-8368.800054790354,-54393.906376264225,-1001.2627919141679,100282.42801738631,-43731.158319290946,22.266598150125933,132422.29288683113
1089,78.71986800668618,6.572299821134803,25.187496063914935,-46048.20711430737,22528.508286827797,-132081.45593707953,-26409.593265205633,82913.20212732314,-4165.400660148347,-168514.1594351044,-51732.499305067104,64645.50397561246,-122416.01746822694,-21180.407448678427,165328.89993735985
1090,80.71293294469727,6.738696244977546,25.18749485888816,-28372.160272003006,-9612.937888456472,-150870.31757011445,-16795.57368676756,72111.47947835046,-6621.748700703313,-181180.69164836244,-34295.166490586525,26620.442408375056,-140695.6536264317,-6687.250055394873,114956.06610965736
1091,78.7198684642591,6.572308326317942,26.56249107980127,-31566.465145265603,86428.0273233793,-104901.6871453228,-27167.237083375185,59418.76323291655,-10099.002992449326,-121911.66740093674,-37435.44845735687,109306.99089108451,-101589.87016764877,-18535.848670500745,184814.85794529313
1092,80.712933125918,6.738703969798465,26.562489413376316,-16768.741497025698,42206.014438876875,-111002.92993510648,-17174.827580098492,41769.55691260888,-11064.413782678446,-122057.62302877085,-21405.481944188927,57897.447979704506,-109112.78147785619,-6388.661625724702,121953.89772166044
1093,78.68094169986001,6.569065590568171,27.93748663604829,-13122.12662385965,143111.5011980575,-72293.12792000576,-25832.52502324386,38185.52527386215,-7940.512282384904,-79051.20920757815,-17234.01750399608,153981.47336576617,-72060.66203657497,-9558.635768299086,203649.49717613414
1094,80.75186043446415,6.741960209816132,27.93748495106911,-8180.55711841043,81233.8580959368,-77359.44282854615,-19394.899268921454,14347.210656322117,-10760.659676583295,-79814.97907440513,-11361.3335075988,86870.17073098411,-75996.31274020646,-4479.067904612183,127825.77448740046
1095,78.5563755172361,6.558671206996392,29.31248306397806,4295.37109733696,186713.17067286017,-37631.65375867462,-18993.94940740502,16523.181097525812,-2624.8489228250323,-38878.480595220986,2358.950263662357,189896.4183430813,-35988.38793621528,3305.360135048779,219980.23225743207
1096,80.87642750216165,6.752364987627949,29.31248160457274,2097.9333017109893,111441.44752191537,-43744.33114187355,-15728.586029239601,-4048.4818750848117,-5772.545024141723,-44694.22832120798,765.0213373358474,113724.2566656249,-37699.10248695871,4393.818655939179,139441.9964574383
1097,78.77508276531611,5.911075398032667,25.479163216137362,-42087.951746594656,27530.127688186112,-123058.02173621685,-21627.582830412004,68602.66421512976,-3868.058176665512,-149791.8273151758,-46537.76830353963,58713.749824090126,-114342.40716965328,-19728.207618705692,152950.93601501026
1098,80.76864842510348,6.071242428289025,25.47916232213932,-25334.76881799289,1148.0560789186056,-136422.57661157023,-14869.685667014652,61149.24373568838,-6448.684072744128,-159677.545133116,-30137.252552590086,29205.508335061586,-129151.98656192384,-5938.424416493028,112744.18129055023
1099,78.77508299052938,5.9110828030167495,26.77082509630058,-29565.402863391893,87994.34047097695,-102749.43988887858,-23160.420154135696,50160.53153860818,-7931.028726755518,-115191.61052846063,-33936.16445061857,104807.27269778568,-99689.9325298831,-17405.408321314877,173879.25277062238
1100,80.76864837981282,6.071249325844423,26.77082390835769,-15965.959746193712,48914.96280025043,-105795.70165090934,-15198.5228094139,36761.64679075917,-9969.345922333288,-114506.98089719788,-19321.328102294403,60981.610402639664,-105441.95300056122,-6262.175346717804,119955.04079483877
1101,78.73095399819927,5.907551770440867,28.06248771275946,-12581.5749165089,139855.33655401427,-70051.76099663903,-21800.384966142945,32316.40087836984,-5733.320894471959,-75012.24094366789,-15614.855298496326,147849.09688303052,-70068.9280609657,-8691.672176204536,191178.43100529735
1102,80.81277731962241,6.074792302595279,28.062486575378355,-7309.655191621037,86509.30077190389,-72744.34972187749,-17342.27631311061,13256.691521364472,-9572.16536872421,-74844.29683577118,-9643.301966102794,90942.89466027943,-72874.92107192971,-3871.9126219833784,126263.77380333784
1103,78.60635628577808,5.8975460934708686,29.35415117971236,3597.040033194091,180420.43995377584,-37166.570283829846,-16736.10484003554,13496.968386350307,-1556.6011414320299,-38007.336917158595,2029.0093683463344,182829.2372519524,-35400.09923635331,3758.379391104664,207144.0439333856
1104,80.93737525024008,6.084807241607989,29.354150286027465,3487.023394688251,115809.61921469505,-40201.21452944971,-14648.365917272533,-2673.479014733142,-5411.981588322913,-40990.38603848822,2372.832157985109,117712.98196043672,-36491.70641324252,4961.94375466577,137494.37087218213
1105,78.81287285574535,5.4219365005504505,25.770829940013687,-70489.80246991708,-81456.04656346951,-163373.33777644765,-21238.483218062975,89045.98127034158,-2869.677089561852,-220979.25155236185,-77085.64875237003,-17254.286505102344,-112373.06724813578,-18264.967087551457,147618.96526758716
1106,80.80782350994482,5.563405384535125,25.770829273574417,-50570.81544917749,-87950.55914744252,-167424.68959180836,-12438.052010245983,80968.65487158948,-6564.763137410354,-217887.72039421502,-59504.78027169539,-28553.563522517954,-124488.74143054217,-5600.111254014313,112678.46169000036
1107,78.81287296790943,5.421942990322701,26.979159048935298,-49047.10198249777,9637.015483006711,-128809.06732988886,-22622.107104739982,65550.51089091769,-6240.999759616685,-154984.95050027018,-54977.81778871994,41743.614459610144,-99141.9733250352,-16076.07864080399,168701.88234812077
1108,80.80782334705995,5.56341155202347,26.97915820587617,-32811.03419395745,-11156.55024112761,-125190.71441131382,-13158.006106676552,51845.13144748687,-9685.46277347996,-145403.36092426663,-37946.412019370655,14191.474097238422,-103827.26839880459,-6319.574462563302,118866.55276709973
1109,78.76351760205262,5.418464835728623,28.18748845707017,-24443.215021580178,87893.22926703084,-82317.09269896685,-20840.03852714459,38314.169138758756,-4359.526480155922,-90544.14059621104,-28092.40320327806,99769.46534597289,-68344.6456500194,-7933.72680631021,182421.81494231708
1110,80.85717839480134,5.566900325573615,28.187487703584587,-16120.362349721669,52260.49207098664,-79845.97110265552,-15977.702756092325,19097.007134496456,-9173.455098666824,-83270.9773839092,-19319.34012227267,58884.476124791305,-70722.03969153552,-3742.2818168192553,123949.60102685796
1111,78.63883310800313,5.409627235615366,29.39581869642618,-3333.6280191678597,147929.60283028288,-43631.56059835405,-17410.47634753261,14216.103935400279,-1066.1419797976375,-44682.01437216407,-5304.207187961095,150950.63577288605,-34994.21208173936,3906.2436932760756,197148.89657101783
1112,80.98186254793099,5.575746217472344,29.39581818855107,-601.9711611175444,98003.60619243134,-42640.14807962014,-14571.631622383922,-1690.0019921084624,-5577.613616762574,-43460.244371166475,-1895.5113343913245,100117.24265725148,-35799.9061263184,4947.061758012916,134895.09692710623
1113,78.83393103442451,5.095533766648271,26.062496553784776,-65342.52391308646,-55919.19010561669,-166291.0733375727,-20214.626029077437,84873.9745037692,-2155.1558667859554,-212754.79192111516,-70723.80439331605,-4074.1910418446473,-117486.89344768363,-17248.83683125667,152421.74539464037
1114,80.82976592316064,5.224534377320088,26.06249601847667,-51865.32666126533,-81747.16739379812,-174592.82512865082,-12217.263802565893,82902.55937918108,-6118.113961025729,-223190.08098035498,-59041.11345933334,-25974.124744025947,-128020.09254756488,-5885.195851982925,118151.12565660934
1115,78.83393108691041,5.0955395385768,27.187492365206374,-44083.9713868929,25218.35611250055,-123244.09845870458,-20759.525413432384,61310.11747789205,-5280.675276061368,-145332.29348409112,-48773.97407892984,51996.553829924014,-96669.34189447922,-14146.03228203734,168723.5581437602
1116,80.82976570564514,5.224539919329603,27.187491726578358,-32251.472664108725,-6190.844878203345,-122167.45348772977,-12091.128325550892,51696.62270364753,-9425.798092652278,-142052.60840872553,-36365.54079903541,17808.3781777191,-100349.65211555753,-5506.0046947414485,121328.34579766961
1117,78.77935753337462,5.092017021500843,28.312488849497484,-21037.647365641693,97091.61427089048,-77036.94591197126,-18755.127150716587,34802.714094762014,-3274.9119906633528,-83737.00496341479,-23874.31766051828,106628.3436172106,-65247.560552853814,-6270.093323380985,180140.11268085823
1118,80.88433893724,5.228071920801486,28.31248832061172,-15107.770062297182,56667.80836507474,-75989.79493001036,-15149.472428377405,18636.5470964804,-8640.378087570585,-79235.27159793001,-17814.81252849001,62620.327499187275,-67425.41213746078,-2758.973046832084,125617.27379276174
1119,78.65461784225695,5.083958211273529,29.437486105087885,-1302.6576959274025,153102.35442355968,-40765.327783362394,-16347.190031571106,12848.218809506516,-431.9974666980182,-41623.8001894766,-2993.133925743175,155651.30305948976,-33457.22694725665,5141.889809696008,194736.80359850888
1120,81.00907840071982,5.236138181821231,29.43748581251152,447.0338716302431,102472.95756570126,-40045.91559854319,-14226.640132092956,-872.671874456309,-5367.7596453084825,-40798.125282359826,-747.5277707788334,104419.72889192692,-34253.446625612865,5780.701771430901,136554.1563754847
1121,78.85506724331633,4.769135918198636,26.35416306535998,-65642.96037172904,-50996.2911183281,-175624.39672503603,-19717.58632346559,90314.91400692263,-1664.7398106634894,-223415.01827568875,-70242.52184906985,1393.8919096654004,-121108.07218310004,-16064.23264908149,157366.0789464015
1122,80.85163036437272,4.885658276375156,26.35416265679264,-49763.66630065524,-64769.02251566659,-175417.82095153336,-11820.151425105754,84278.08809064896,-6134.397792055495,-220908.30473306795,-54760.35184918542,-14281.853185601796,-129775.09324427828,-6137.937294032645,122364.02856006112
1123,78.85506722904636,4.76914106257959,27.395825672876338,-42446.08358590139,26581.99985972559,-120172.21452614696,-19066.52604648084,59841.49619262011,-4312.223886097844,-141535.93762784108,-46384.455158890676,51884.094534408956,-93443.21579902826,-13007.109020708018,164474.43407178833
1124,80.8516300900064,4.8856632513335425,27.395825223731556,-29382.49852379632,5644.076758717947,-114803.8398265481,-11002.727964783333,48395.749338500726,-9267.887024844884,-132094.68130102745,-32408.74003622482,25961.1597456258,-96373.33247066283,-5308.938257754599,120188.76287362353
1125,78.79527337603609,4.765672096509317,28.437489252794485,-19571.684158471424,98234.42881563179,-73972.21504490648,-17014.52876689351,32666.359210075,-2210.089477128263,-79974.14188776635,-21885.906092906065,106550.57759292639,-62776.40942909656,-5328.99278624259,175019.92006441308
1126,80.91142352545782,4.889140630849968,28.437488922475175,-12780.724882439092,65217.62342829174,-70677.06226654124,-14429.493886753267,16862.005539799764,-8163.836575416934,-73422.40689263734,-14934.836102806536,70117.07927475528,-64703.96688436425,-2335.951491938054,124731.59210106233
1127,78.67048813210525,4.758392855332874,29.479153515774435,-523.2580840718801,152351.0270509035,-39359.8298095666,-15728.422360685023,11828.825864780123,144.25561311612864,-40119.018611955406,-2077.5309087470137,154664.48867796754,-33017.729858288614,5329.293119396521,188237.870759936
1128,81.03620857168659,4.896426527043269,29.479153410164663,1960.7057749673259,108320.47280777157,-37181.4097241847,-13743.067244041791,-387.90441627215375,-5142.6380958622385,-37878.29128571769,910.02886523753,110068.03127903433,-33636.699937851205,5800.711122994703,134747.63824119006
1129,78.88055998795518,4.2792019928041585,26.645829570654627,-34413.93342795815,53780.16943448443,-129553.50654846973,-16814.842089134854,56253.37172481278,-1656.2911718000908,-145518.43777764429,-36927.562315050825,72258.72955075167,-119700.8306741869,-15085.392989120961,152943.87827744658
1130,80.87815710255933,4.377003479389945,26.645829339079,-24057.307076956262,26317.973483765258,-131959.0624244172,-11962.756029204196,55299.45508260339,-6029.514639577958,-149403.0104047492,-26508.200902548477,46212.815289689446,-125421.09494740245,-6313.075837024863,120590.75225329188
1131,78.8753570160778,4.278968166422796,27.60415960573846,-21262.75699139924,96159.4543215198,-89576.65901972234,-15933.085887650483,34591.645421629444,-2976.6640931517686,-95810.00058311113,-23351.867563883196,104481.90645739257,-89520.28739126654,-11546.355557714709,157640.45174218153
1132,80.88335950325927,4.377246400525966,27.604159385559754,-12730.63988386439,66551.00738917361,-88268.20321178895,-11402.76469682301,28878.08426880581,-8199.927740602458,-93934.74876814322,-14141.103698843159,73628.01676050664,-91702.70028132662,-4653.844068000059,119808.7268352653
1133,78.81033061516362,4.2757964902456225,28.562490032034212,-7845.79261533048,136613.9626662877,-58528.03696560422,-14185.908718104716,19448.51380746343,-935.0034131876797,-60451.613724819195,-9208.188448827232,139899.9352589994,-59965.45288741299,-3734.2686478708497,169932.73394847268
1134,80.94838539561161,4.380425413889673,28.562489933455154,-3564.2997886757184,99529.11138867514,-57098.47260910773,-13864.51079062105,9399.751101107551,-7305.153664339549,-58440.36986105323,-4719.390015230213,102026.09886717514,-61475.903257795886,-1233.0745450525994,125601.10872363784
1135,78.69068356526233,4.269925306825863,29.520821048002524,5046.517977423748,168930.16095253034,-33033.59011972756,-13573.954176284347,6938.896080955527,851.9685855017816,-33318.013381445264,3983.748578619932,170277.35361305188,-31960.72527947069,6415.305369889802,183056.09553799505
1136,81.06803215297984,4.38630231806608,29.520821161571366,6311.41443561545,125119.40405005589,-31563.622782124017,-12918.392948327497,-711.278499976282,-4603.479919880021,-32147.973324410374,5507.036866731625,126508.13216122602,-32364.11655058622,6708.168361317565,135876.96943832995
1137,78.91092676116759,3.6163713534571515,26.937496660672995,-32573.857081882124,46478.50157947727,-122059.05567040428,-13079.319628908506,52679.234676479784,-1673.239033234267,-137208.4620894646,-34306.51595000967,63360.566866665074,-114025.72655648645,-14339.446363483192,138466.11334301354
1138,80.90882939260538,3.707930616640672,26.937496573345225,-23952.708986694375,23150.629277283268,-122437.62251274192,-9058.429309004436,53742.43562650176,-6912.428060663824,-140247.37558653002,-25576.00233871802,42583.67570309504,-116564.12396044923,-6336.853814801256,113589.8819279882
1139,78.89531797581397,3.6156600010797426,27.81249365640848,-19225.310418645557,92541.25959904547,-85207.11852604726,-12591.494257818464,30923.72393935857,-1746.426740252101,-90435.41045110617,-20587.43524277249,99131.6763482313,-86025.18900307085,-10190.247789185838,147084.6737307589
1140,80.92443748844887,3.70864980934635,27.81249362178203,-12206.037093120012,66806.0028836712,-83673.72193497137,-10112.348309262443,27900.831048917487,-7756.4843629820625,-89129.62571048342,-13259.680153265577,73315.54971932886,-87265.56925803311,-4324.271042304648,116734.57367157156
1141,78.82507903697245,3.612444224596208,28.687491178658252,-6550.966630517076,131217.7927342946,-55642.3058586187,-11773.639543653324,16023.066827122218,109.3207552071922,-57030.966291085424,-7507.017507805239,133562.5040440495,-57640.64920410813,-2529.2360517908055,159900.36881964345
1142,80.994675854527,3.711871830902988,28.687491266192794,-2641.578613058595,100159.73722620451,-53301.47197059303,-12354.135127769014,9646.693556418766,-6924.566791515781,-54645.10671694112,-3457.4242661067774,102319.21762560078,-58406.29913353914,-333.2694990200105,123955.9915914937
1143,78.71581856442796,3.6074395717408545,29.56248920450923,5776.76858051851,162247.72898462554,-32168.617793596306,-12020.605173749675,5297.6723892989285,1138.486169609592,-32370.25842140689,4922.226711712094,163303.9114812425,-31393.782571285567,7278.701967424,173821.08196484932
1144,81.10393596660931,3.716881357139639,29.562489481120693,7235.924352154219,126361.73688501067,-29916.909257478103,-12448.899723799697,123.31714293349526,-4276.733211409145,-30413.631202126908,6443.605216759508,127650.77796505418,-31368.356130461372,7518.825571128368,135395.84856248845
1145,78.94110506154648,2.9597881411498497,27.229163680942044,-30380.583473229603,42928.26585973957,-117141.93778745802,-10500.615315417464,49698.78649015435,-1216.3715687802812,-131346.31185368993,-31578.300105204988,58330.356557946834,-107972.77231401308,-12710.35757994933,128508.55177747706
1146,80.93969022376902,3.0326105546850712,27.229163701595354,-22157.303307357117,26861.39203827155,-113258.86495923293,-7171.8746927153725,50191.128742011286,-6989.604442593593,-129568.19216766529,-23184.776415574688,44198.19235492147,-108442.10236845585,-6058.638996068523,107856.69030005467
1147,78.91507975440956,2.958891992075628,28.020827616244425,-16815.774953785316,88027.49829247003,-80178.97594650745,-9903.700777252789,27853.331649801105,-719.4028917114468,-84682.39752875787,-17692.390264720845,93407.53518565602,-80825.22010092447,-8202.582004471336,137101.18987406004
1148,80.96571482256054,3.033513111968599,28.02082772031945,-10367.695133782407,68633.11165310355,-76763.61620945108,-9106.81129663834,25486.870045100553,-7078.331335958808,-81523.18766251273,-11171.085247453308,74196.07321983612,-81348.7872271213,-3597.42811147167,112181.18484797407
1149,78.83961118261776,2.9561691491939643,28.812492241764254,-4442.380383036354,125627.0607754157,-52002.19634160015,-9844.25105467383,13310.561937520446,1079.1761723177378,-53062.02977678835,-5093.949186565186,127338.46301413275,-54468.736362330725,-735.0954367264209,150102.9303112423
1150,81.04118283152806,3.036241139763024,28.812492463779037,-991.4243666673246,100930.60055284583,-48985.14156280139,-11364.54442475741,9407.87912659143,-6219.562653107415,-50199.1502476759,-1693.2032990596133,102846.38817011256,-54992.89878939027,768.4701749639221,120867.34831415606
1151,78.74072445056758,2.9525191779704874,29.604157281041093,7256.940554139248,155363.9825846059,-30755.266848328887,-10501.519728025554,4174.79125792109,1499.926531434901,-30928.91974492588,6601.556868405105,156193.01916693698,-30553.030343637507,8506.366009031091,163818.80867869582
1152,81.14006921500093,3.039895277920989,29.604157661325548,8528.019771513485,126338.63536998638,-28355.855707028342,-12448.136167864632,870.5338127574638,-3698.5514091837354,-28723.95002179221,7585.154889338882,127649.5945669249,-30505.59562939898,8322.653877406876,132838.70037437248
1153,78.96316592842005,2.1425104755080233,27.520830562940777,-18463.132842733703,64252.916167611926,-92168.24190564768,-7535.1828899160755,33605.75086885081,-682.6274734022702,-99091.51520342335,-19080.409732786084,71793.46635544006,-96690.61906933977,-10209.050031639454,113706.50205389247
1154,80.96269391852087,2.1840987513674066,27.520830670553853,-12677.759980820785,49576.71659748987,-88715.98333888986,-6741.704706997118,36026.03631300606,-5584.238321132005,-97710.6246734173,-13368.789762586868,59262.38771378339,-95218.97909630135,-4827.904383993405,99030.24667729143
1155,78.92671524715418,2.141787366122167,28.22916199722336,-7949.025533596381,99155.3461971599,-64813.71717716278,-6526.749049667185,16559.725036365544,129.41764795910487,-66479.80326777285,-8323.548269471423,101195.95502364502,-72565.59879552833,-4524.030877764316,125860.86957291195
1156,80.99914395148718,2.1848267423645464,28.229162196627048,-3411.1844998178894,82637.73275334065,-62457.096445822084,-9593.988330648748,17113.836927594162,-5409.418989785062,-64748.183393732135,-4269.006875387703,85786.64207682047,-72530.58315611498,-1292.8759223107566,108376.19273444734
1157,78.84600456795769,2.1401269478892537,28.93749349086167,1344.2941836018945,126735.24684747041,-44092.49339905947,-6674.211045485351,7042.911813290062,1932.7239117779536,-44489.09108325903,1106.4378141012141,127369.70090117063,-50037.65610238643,2646.5931990911317,139494.3952646763
1158,81.07985414781972,2.186491244190128,28.9374937904709,3592.6454996001958,107088.85742085983,-42138.915497115624,-11715.967802582898,6502.3717523045125,-5152.389784947998,-42894.16179013453,2709.7962808841394,108726.95293259482,-50308.17364571331,3335.286483910592,119027.10072826686
1159,78.75748435705336,2.138254917160037,29.645825297477373,10138.612028060816,147587.37101864535,-28460.479162090633,-7543.232176784294,2328.1907801829234,1881.383102003297,-28593.42519203584,9830.8445952434,148028.08448140798,-29289.30068005207,10868.910802460723,151840.52629645975
1160,81.1683740867699,2.1883667275080025,29.645825715156874,11098.57532805689,125790.58107333133,-26509.103065386676,-13193.974683310616,1145.3814767671938,-3134.636795410292,-26768.606711844684,9845.363347854596,127303.2966999916,-29140.171260901167,10192.283398865506,130083.4732430042
1161,78.96976931539339,1.1488075428577964,27.812497872802687,-10822.21690758018,59222.494742149094,-72193.47421303703,-534.2447030273556,21101.115429190417,-1834.682295191608,-75544.74595056313,-10784.960317748846,62536.509889843845,-77864.0971050268,-4678.9428285694885,94909.06965913254
1162,80.98518086958879,1.1781261671771053,27.81249798177125,-6618.955184927312,50637.277359716376,-70088.52133108545,-8739.622908306095,24030.853804394123,-2147.5548528385484,-74699.27227154936,-7895.092938741291,56524.166053994304,-75725.67730561891,-1538.4260732034536,88843.73928153337
1163,78.9228991643663,1.148127400147633,28.437496330426114,-408.70021241737777,93502.50647215234,-51153.69478188301,1155.0409372849138,7395.2426927906245,-692.1493510641852,-51541.782600337334,-410.9576837569003,93892.85176194622,-60303.6880211778,1922.0579903538735,112393.36083755671
1164,81.03205064172846,1.1788097723979762,28.437496503142686,2644.4402298585264,83256.00492300607,-50211.64818738247,-13233.275456246103,9769.081026402924,-2256.8015070575225,-50954.72880362116,536.6853448982821,86106.840424205,-59782.28773519929,2625.5442405329572,104385.83239014308
1165,78.84478241076584,1.146992382579197,29.062494965609883,7609.075792202726,119085.01560437772,-35518.96941422625,713.945092658176,796.2748170906626,1528.8808536911633,-35576.938967349786,7658.270307833762,119093.79064187018,-43271.67638036332,8148.233871336355,127685.81187010586
1166,81.11016717852658,1.1799477198024784,29.06249519956222,8845.451194488283,106739.3771505077,-35206.48528218374,-15629.948040282425,2575.751278239752,-3074.3982486917857,-35436.193917843455,6577.115023803575,109237.4219568521,-43474.286014513375,6896.068009745024,117718.51220318436
1167,78.76666552263048,1.1458573198936555,29.68749379947192,13386.644826242915,134977.692675533,-25999.099257015965,-1743.063038305767,222.45246825375983,1879.8342348757333,-26089.196273717975,13451.521965827562,135002.9125526504,-27909.451188104726,14005.891301685793,137678.71359707677
1168,81.18828379747546,1.1810853271331967,29.687494099222135,14008.89354119527,121530.68915031623,-25075.856711195032,-16134.644967723392,715.0245762934572,-2429.7617094721218,-25226.90118769245,11783.428403739972,123907.19876426901,-27810.305401663376,12095.112058182161,126346.11148034742
1169,78.96864106707909,0.1584101977165915,28.10416518718091,-376.46649268252804,63250.58001542502,-46327.72265214543,9906.204132427347,3860.5395466448676,-4499.19486172391,-46976.717377561705,-1323.1075013138125,64846.2157494726,-56069.845192340654,1844.113427182352,84422.14817638171
1170,81.01539936144721,0.16884819723949987,28.104165257777872,4623.288302492827,62126.420878227145,-44418.170382855795,-17788.77594134904,5465.873825049205,4431.057743216697,-45302.36252280534,302.28469358616144,67331.61662708336,-53529.25668864108,3320.063017315253,88108.55963364588
1171,78.91135235414104,0.15816383819948437,28.64583065358271,8775.158870016538,91642.41213343825,-28314.41356149288,12822.988579745113,-5790.429595447118,-4832.496786997871,-29079.559478360687,7260.817721321308,93921.89919900133,-44312.97509414945,7122.649331498276,102544.52977326592
1172,81.0726878810506,0.16909671506217538,28.645830753737684,13391.369961677101,89589.40569886105,-27477.75366056236,-23478.8780473444,-3960.8652543409776,5051.457973079702,-28104.335743600033,7146.942742608346,96460.41500096745,-42524.92553662295,6720.919828382502,106444.3868756617
1173,78.8436481779988,0.15776576834387357,29.187496473842963,14308.308024779413,113281.10447894345,-18147.82390699978,13401.056278142227,-10195.037365943257,-4161.322363983472,-19236.57682790068,12767.354960367182,115910.81046425657,-33109.29610336254,11102.633432500617,117849.3592012593
1174,81.14039200658473,0.16949662921929384,29.18749659723404,18269.66293995116,109860.69165938262,-17909.02654514986,-26733.68722939593,-8340.996586724752,4671.215803660864,-18724.496156275833,11219.12881852313,117726.69539193668,-31929.146550636477,9621.64973239919,121336.87981137283
1175,78.77594392967642,0.15736768427900028,29.72916239323582,16218.903625667903,129432.47671965974,-16179.320285538313,9895.56854200655,-8257.446800126265,-2422.8229499486515,-16753.296054612667,15450.10567976029,130775.25043464176,-23692.886010212143,14027.368971627322,129692.05504956815
1176,81.20809612508667,0.1698963659337014,29.729162539386433,19977.897938539805,124402.66203307331,-15367.167261037277,-25864.42971306069,-7335.440348832001,2847.708238061615,-15822.894999699163,13963.361608632225,130872.92610164272,-22381.948512699437,13042.02380670449,131840.1313379336
1177,78.93848384845415,-0.8217089986962541,28.39583215171204,-530.1643247073043,40563.62073495311,-33527.770914009954,18659.51387678974,-604.3236303858504,-6533.955284107384,-34902.377856762476,-6469.30509016963,47877.368443168,-44373.85352459021,-2919.3529361258284,57686.08711348761
1178,81.03715174002522,-0.8505497556763579,28.39583219036598,4494.569335750939,42511.479916960176,-31724.122831830624,-22802.23117418665,-547.8943792830901,8002.962777235366,-33687.64430037693,-4399.110990484086,53368.681711741505,-42148.96579051696,-1922.4127389936,61979.97022263046
1179,78.88119932442734,-0.8209793486497311,28.854165043103777,4752.932035079659,56120.46389110165,-20819.31091248131,21966.05949143651,-4657.234985625839,-9120.646657263838,-23818.74516064628,-1026.4906127457527,64899.32078709203,-38248.16139853668,209.46455885627577,69245.2867505404
1180,81.09443633150886,-0.8512782366527009,28.85416509101012,10191.72667084616,58133.21731937341,-19475.396392772996,-27336.927690739023,-4456.101989341659,10292.18304518429,-22949.62023814783,511.90966700323514,71287.25816859119,-36217.37808575826,314.64879832223875,74025.12925806639
1181,78.82391483602149,-0.8202498436623079,29.31249775164206,7567.354454100194,69946.60448718247,-14082.151476713552,23856.181476714948,-6714.14167205088,-10803.882029565111,-18674.442220033412,3036.757761982473,79069.49192262004,-32684.966944481854,2483.6737374619074,79748.81329234791
1182,81.15172076761216,-0.8520067436886921,29.312497803446284,13306.265024819924,71540.74070901173,-13020.02199180043,-30443.919973465876,-6468.157445418266,11580.531118500674,-17741.366861202612,3892.7918576184447,85675.5587456154,-30991.790104577965,2041.157470763577,84518.03857765693
1183,78.76663032110211,-0.8195203399320053,29.770830511707505,6993.710712479748,84179.28339319823,-13561.56530722056,23819.891100003053,-5528.72438195786,-8081.664789458486,-16442.747719784995,2574.5494957442484,91479.62702249821,-26072.640608699752,1213.5205005181174,90658.22492245819
1184,81.20900512486205,-0.8527353923197694,29.770830565176933,12780.878455483296,84149.18839605396,-12490.079929423118,-31462.249067098986,-5665.980862611686,8471.452223005734,-15276.933506911653,3046.0368224393414,96670.88360658646,-24840.178624324253,1051.560582483435,94199.73824627287
1185,78.87921633519349,-1.8108842986606968,28.68749913144077,-4144.258833560684,16188.000232839797,-32797.09948892473,16725.888499300057,2017.5446009534012,-6009.142973682951,-34657.429453327815,-11715.425504951942,25619.496868634153,-38473.89544413752,-7825.354777038416,32810.43585531319
1186,81.05051920983136,-1.8607324189579646,28.687499142370743,-1159.4384931362165,20894.83633773848,-30599.322440671687,-17991.139403326823,372.01807162941276,7037.338311994154,-32620.58073970733,-9372.17730388044,31128.833447518344,-37345.08613407957,-6803.633463245459,35522.85182587883
1187,78.83235371890287,-1.8098081514942517,29.06249875497377,-1324.881990732708,23752.297843684362,-24138.12802455251,19056.780027213284,509.1866479842672,-8393.421351941537,-27908.94102417488,-8046.014080723434,34244.242933297486,-35219.77798537672,-5846.38724845927,38387.742225047965
1188,81.09738194394731,-1.8618080243423676,29.062498765087906,2038.3064496267916,29233.453664735134,-21635.298629151483,-20536.518765238376,-1250.0590278544867,9179.370453221094,-25491.20167161887,-5622.394030786472,40750.05718761579,-34011.20730008826,-4998.119073665069,41391.40074544317
1189,78.78549113126492,-1.8087320269278737,29.437498426863627,-23.013617779048218,30755.7810382441,-18706.72490873305,20868.626641776664,-246.03890483117294,-9798.762698520051,-24416.813505497,-5217.750961205544,41660.606978434545,-32306.586800279754,-4656.8038384190795,43585.934660671264
1190,81.14424452680268,-1.862883527608278,29.437498434462,3574.858179136376,36678.16431323567,-16307.663729840104,-22500.473670969594,-2036.305744784792,10326.07173021578,-21818.846257961235,-2952.5175747418903,48716.72259523509,-31096.56940439618,-3942.123472585484,46638.94173406494
1191,78.73862849822186,-1.8076560634882897,29.81249813958906,-1376.665901539378,36986.560005037696,-16309.098860580916,22918.146652699583,-593.9804516748065,-7307.171939569987,-21032.718192612305,-7564.941653504775,47898.455089034454,-27402.63459012914,-8362.415806943358,48619.06144779003
1192,81.19110703661644,-1.863959192129665,29.81249814375821,2189.0224062291272,42909.143326566045,-14395.251227518966,-24473.560111851973,-2220.383031147159,7686.347087657014,-18644.39161501155,-5442.358980548708,54789.665100836464,-26434.315520115913,-7522.9009849549,51306.420934013295
1193,78.82016299025635,-2.7990385404642453,28.979165972471748,-4137.330741425238,9068.828201213832,-30906.19564381004,10386.410911602761,512.4817637528589,-4555.430944791239,-31790.405095889713,-9025.235849199575,14840.942761067838,-34219.14072798986,-6278.731289539132,21401.14130244393
1194,81.06367200214198,-2.8719354131734782,28.979165975185374,-2772.6666987434055,13344.571117466026,-28056.741439785786,-10760.891545014796,-1665.170928606319,5257.276614018959,-29112.1961268031,-7419.7133012089,19047.072406948824,-33822.47500793229,-6650.753566458265,20743.544813589844
1195,78.78372363413692,-2.7979087670867413,29.270832210552992,-2206.230683667025,13695.490075833837,-23545.980591200696,11614.712142025424,-683.0043329208328,-5769.9306524943195,-25149.01384920626,-6981.425682346638,20073.718332519013,-30630.478481875067,-5681.347260459192,23893.449311086923
1196,81.10011123608695,-2.873064889710866,29.270832212818245,-841.0428169895067,18396.673823247846,-20679.76784704413,-11997.532595046574,-2815.3708317714954,6317.236796056887,-22532.938099246236,-5366.479247390303,24775.280505850747,-30062.121278193903,-6046.062747076948,23495.06893302598
1197,78.74728442252078,-2.796779015355306,29.562498732915238,-1644.6837659820385,17063.323578115396,-19173.802677261287,12870.385768644976,-1074.579989986884,-6144.320867362636,-21373.841795330987,-6332.57472090765,23951.253651110714,-27265.22357964308,-6084.425231310096,26112.111046608617
1198,81.13655045121004,-2.8741942615943232,29.562498734220487,-370.6234489075896,22053.993314389667,-16750.320025442434,-13182.75429710985,-3002.392554394877,6523.291008661699,-19101.346527004484,-4777.251126929368,28811.647493973498,-26827.242310353955,-6405.273227191806,25830.79758830851
1199,78.71084525370459,-2.795649416157345,29.854165287061797,-2973.233970352222,18636.38376847386,-17112.34927613633,14591.723520896274,-1171.3595861636984,-4397.92563352666,-18698.15340534611,-8952.037598814115,26200.991526145535,-22918.31112042258,-9147.300340602937,27717.632630613763
1200,81.1729897497825,-2.8753237833063405,29.854165287003365,-1890.0577623537038,23900.404157296034,-15518.88228220162,-14685.05597890421,-2634.6990813236375,4639.228882428415,-17065.658429617382,-7393.834791835893,30950.957334193983,-22960.10702882999,-9426.68872632382,27338.31812696874
1201,78.74295236839015,-3.7750488364568384,29.270832561245342,-3806.7086531547425,4451.456146332979,-26695.417585606177,5703.478744477959,-960.3583976257321,-2776.7391818977303,-27030.000752496337,-6516.610598073726,7495.9412581421275,-31852.635405357196,-5633.124110427025,12016.961447481648
1202,81.05751877030204,-3.893718965622189,29.270832563948648,-2774.1137804196383,7952.209587569927,-22911.12863106755,-5605.974544862325,-3228.9684363587144,3288.4168293892885,-23612.898443659054,-5007.756256326934,10887.62187606872,-30702.888881435123,-5639.291492913598,11203.062996374589
1203,78.7169432633364,-3.7737678777305725,29.479165890798594,-2439.477557487952,7290.455632205208,-20466.829513810302,6515.048151562318,-1743.0282145132364,-3498.271343175425,-21132.01343621223,-5355.509307125849,10871.671304245036,-28592.61560618336,-5689.33002190195,12891.373669863624
1204,81.08352775597952,-3.8949996310369532,29.479165893969423,-1531.4434105940609,11068.86309245105,-17011.51400578608,-6349.224857661785,-3897.4920893598432,3853.4181961971162,-18125.70096274651,-3885.361802672358,14536.968441489766,-27241.196628760536,-5618.396808018415,12527.546740219608
1205,78.6909342925761,-3.772487054873312,29.687498990816497,-2238.7425446401944,8876.25895910848,-17584.78579669025,7394.335504730339,-1691.0255282106455,-3605.368763271366,-18389.67948768605,-5449.90405910754,12892.314164571631,-25344.97201041085,-6233.949270390995,13780.140986750182
1206,81.10953673215229,-3.896280181438441,29.687498994152946,-1553.1549632735341,12835.263857366343,-14927.553197338333,-7123.45214237989,-3551.785310022924,3836.6792044366207,-16052.23078303858,-4080.2723969291405,16487.058876722193,-24262.027823007098,-6150.4427574093725,13663.044470870804
1207,78.66492533967961,-3.7712062412887355,29.89583210977787,-3218.922576578826,9350.61973371471,-17298.91374671809,8551.35590209013,-1011.0471113476247,-2561.8718889090637,-17761.34071432577,-7221.105352150204,13815.229476893757,-21752.910224991567,-7661.637288529375,14647.775269182994
1208,81.1355458156441,-3.897560989636343,29.895832112942887,-2867.0394040633955,13445.184402872437,-15831.963151486954,-8097.176089463152,-2359.7392648187747,2750.541220242104,-16411.005866184983,-5942.639529400636,17099.8272429077,-21408.401086670805,-7657.230354204873,14501.708197633932
1209,78.64669337653508,-4.760281732241807,29.562499429314407,-2757.6945347425035,1908.0413474514862,-17736.66807693766,2793.1747861723034,-1950.7529356378577,-792.2841043300953,-17946.458777900152,-4063.2421935384914,3423.3797072099633,-27926.88140765977,-5390.4087459511165,5224.7143466170255
1210,81.0329513878566,-4.904715732519353,29.562499429814075,-1685.4112005542506,4932.153334685886,-13139.726990495881,-2625.7285396022594,-4359.100701834009,1236.3025129244259,-14168.052820877228,-2595.15317318452,6870.221137697501,-27835.8897453959,-5225.509051744308,5462.371325254222
1211,78.63109688870067,-4.759337687420793,29.687499339317284,-1650.588595502903,4066.728430350487,-13259.41285311006,3363.3040140695757,-2469.134403175996,-1373.8941666591234,-13675.10037853041,-3201.921642360184,6033.749002628118,-25320.708508904616,-5334.066647264014,5915.638081805297
1212,81.04854775562582,-4.905659686644954,29.687499339753938,-777.6086047166386,7248.528416199443,-9258.144962076452,-3083.038822412382,-4665.611839726104,1619.4216570915369,-10552.247898524165,-1825.051156461265,9590.073904391787,-25250.031077740634,-5194.984039535487,6173.135716987086
1213,78.61550052906574,-4.758393646078456,29.812499257381315,-1714.7442285761158,4983.675407407545,-12988.675537283627,3999.857898732493,-2075.4912739530137,-1534.8766956426377,-13332.743566601626,-3556.28303720081,7169.2822453502395,-22898.198187294474,-5462.6261600081,6661.909934422078
1214,81.06414411999803,-4.906603643912601,29.81249925771454,-1169.1348484902715,8214.69243872455,-10081.647775747106,-3597.852884625834,-3859.9052205933367,1705.7402419064676,-10964.145979396239,-2374.507642380879,10302.563436264296,-22843.227354387232,-5341.1734366501305,6931.15687903438
1215,78.59990417408008,-4.757449482398075,29.937499182858193,-2771.22112894364,4902.545149117307,-16123.941571281399,4759.55618618285,-983.7780323045831,-1083.2158121224993,-16229.678359794814,-5020.709316064731,7257.770124751813,-20648.669644484748,-5821.640284026583,7406.051795251906
1216,81.07974060468277,-4.9075476033705785,29.937499183081403,-2659.501980668063,8114.579343807293,-14697.165734670489,-4214.561468747195,-2125.546335833714,1311.5531897536014,-14966.813972517164,-4085.1389804216055,9809.864581407513,-20597.08726724764,-5710.721204954297,7682.053995984826
1217,78.54988826079196,-5.7561937689779255,29.854166312173316,3418.6236812392535,6580.912207469284,10550.462787550063,1374.9253943140452,-8101.041704864357,633.6168434323365,-351.4264385110957,3985.926960464246,16915.498154305453,-23776.105989273587,-4818.403105589626,2424.466785229796
1218,81.0089296234191,-5.905033142353413,29.85416631209676,4375.5960847832575,8629.890266850103,14907.714854112819,-1140.3426095346608,-11136.702912038158,-1034.931597516873,-304.5933019384499,4877.394081894825,23340.4004257898,-23802.11932402748,-4788.177765071757,2501.50551215547
1219,78.54468938827077,-5.755879130524792,29.895832786176932,4107.271057149295,8101.064962365765,12601.872505322535,1580.9836867382767,-7906.805993502449,-16.297662671666195,1513.4425147603704,4659.868488598217,18636.89752147901,-22524.276090606123,-4634.23109983498,2707.142057023126
1220,81.01412837260683,-5.905347753685227,29.895832786059227,4822.220628677417,10014.69100947463,16062.550993438172,-1265.6248577541735,-10316.765408378094,-472.19096125033406,1741.4073061474808,5360.957479952112,23797.09784549063,-22541.890103955422,-4605.559385380106,2788.776812518834
1221,78.53949064112021,-5.755564492466382,29.937499511258405,2556.7326791777737,7345.501549787409,5778.36066552566,1807.5010945423603,-5966.471624141128,-305.85992669620157,129.4875624125056,2732.4257367529945,12818.681595325346,-21316.2551086206,-4461.284474799226,3005.692643033099
1222,81.01932712138348,-5.905662490359297,29.93749951110467,2962.9439476076,9067.047010694389,8082.995490561397,-1412.630297729106,-7602.540311396628,-34.063372349292116,540.1356585125567,3302.7608608786763,16270.089929472151,-21327.34423380121,-4434.169883444021,3093.5568655400966
1223,78.53429189427905,-5.755249729758526,29.979166237377072,-1041.4668529164549,4508.684771535591,-9162.495068131895,2048.73335518579,-2411.8247355433646,-125.26516865825813,-9581.493679587187,-1667.1301906107035,5553.346720685129,-20154.650209610132,-4298.6009438592155,3318.9114736716483
1224,81.02452599480883,-5.9059771023322964,29.97916623719019,-994.8905997491911,5994.915929350161,-8214.874655317453,-1575.930852234899,-3106.3765422992055,166.59528308294298,-8867.570770964263,-1304.2762249313478,6956.997670179133,-20163.086104288257,-4273.552038022364,3411.05777002631
