element_id,centroid_x_m,centroid_y_m,centroid_z_m,sigma_xx_pa,sigma_yy_pa,sigma_zz_pa,tau_xy_pa,tau_yz_pa,tau_xz_pa,principal_min_pa,principal_mid_pa,principal_max_pa,affine_principal_min_pa,affine_principal_mid_pa,affine_principal_max_pa
1,0.31790331884422107,78.76415903632795,29.85416669238701,-102.66125933290641,-27708.32870766256,-14258.234410723711,54024.304714021644,-74538.64598972326,384104.34380297316,-412880.4235661791,-6651.562117970563,377462.76130643056,-8142.427738955751,-1893.120804130798,35679.29227145676
2,0.3486966975882499,81.2275080027057,29.854166692038675,151.0308254800011,-21031.883248972466,-15199.056247042976,-54635.19958007034,-50448.46669551813,-380094.3303493135,-402169.70370632503,-6593.627336306206,372683.4223720959,-7970.4752575342445,-1765.0711354311875,36701.91151880521
3,0.3178382020131847,78.75895115635034,29.89583318085381,-738.3073510100567,-28164.631149463385,-18441.30475653777,54492.36620067009,-52267.49484541726,277310.92492591374,-307430.6519108643,-7802.9303645179025,267889.339018371,-6651.514731201105,-2291.778695023412,36036.77985391634
4,0.34876183108375897,81.2327158826516,29.89583318022852,2107.5127950467404,-18879.896844581926,-9069.81970317745,-55097.029567847625,-34810.84645022893,-273919.6102306552,-292197.4018566101,-4934.9410152848795,271290.1391191824,-6493.581263668186,-2172.0462027063413,37115.58136105536
5,0.31777308444889496,78.75374315375963,29.937499920265935,-544.6579969656368,-27962.394885081947,-18900.60193890419,54989.59607273487,-31257.721031259767,168413.65122388292,-199808.57479362618,-8448.980667802723,160849.90064047714,-5373.4538315468135,-2221.729300071403,36442.34568701197
6,0.34882696387263024,81.23792376025189,29.93749991935028,3031.9969294926696,-17925.977637931595,-6673.231243484694,-55584.77332509485,-20280.27861603855,-165459.8572409948,-184577.93236165936,-4447.089628870788,167457.81003860652,-5175.476180852043,-2141.4486676850215,37553.359023458914
7,0.31770796632606063,78.74853515336414,29.97916666074928,564.5584455874296,-27000.590569665947,-15306.956589703317,55515.29773601942,-10832.983182972685,57447.31950750621,-97383.48226976529,-10462.721424224377,66103.21498020783,-4574.094129156948,-1434.734344419063,36872.34010153162
8,0.34889197110890335,81.24313176068198,29.97916665953506,2872.5750634317083,-18203.710845419617,-8229.664817722576,-56098.661912512944,-6270.627550821991,-54815.18644027761,-87763.67362117651,-6796.236330563126,70999.10935202916,-4315.514418889443,-1421.674838160327,37997.45496565191
9,0.9849567764362374,78.7922815908956,29.56249983042371,-3714.570816210192,-33104.19836954406,-34052.76491402361,72877.6315170157,-29696.13679886311,177570.38673120452,-224039.9334941046,-12279.768304856967,165448.1676991837,-14333.629062438782,-3513.080651686002,45750.57007321676
10,1.0148386563798009,81.18271948179391,29.562499829762693,4102.630042813997,-12853.253732002186,-7980.051676817739,-73787.67314409245,-7240.473350364476,-164730.7061428628,-185909.66706152668,-6621.935520281036,175800.9272158018,-13660.176000758145,-3252.34413753188,48072.734905331585
11,0.9847614612689303,78.77665782235866,29.68749977556163,-2628.8580855801283,-31550.85409394842,-35432.256590778445,75803.0858731162,-21495.19463622671,132638.6816642482,-182940.03334137538,-13945.71695379902,127273.78152486736,-10937.348480433207,-3425.0850608563014,48555.495240888406
12,1.0150340911586477,81.1983432475094,29.687499773259095,7348.854855397755,-8801.126766032658,-903.8311198086653,-76753.9092613472,-2398.264426529497,-121936.9122511182,-143280.11086142555,-4385.687791354818,145309.69562233673,-10264.88246621493,-3170.254698112931,50870.78857659525
13,0.9845661392125837,78.76103394201928,29.812499727602294,-574.7111555794954,-29986.809424582305,-31170.53499481894,78643.80657424922,-15021.47443102099,83383.18799987058,-139902.50051200177,-15548.194498983994,93718.63943600503,-8225.577718666304,-3114.2069281288555,50868.52695716381
14,1.0152295187803515,81.21396687621029,29.812499723769193,8546.175925387059,-7777.065017473832,-232.57620770603808,-79637.53815029284,1083.5356282801517,-75034.45040968231,-106950.51746209062,-4845.671468430167,112332.723630728,-7555.864639107568,-2874.794833722239,53172.102511789446
15,0.9843708086746171,78.74541019801595,29.937499686574277,2473.34442466169,-28186.415912534943,-21162.498719053663,81538.48586471505,-8960.162520222293,30279.686842730534,-104280.46498636263,-16117.769734735222,73522.66451417095,-6609.684085210553,-2027.9978819040373,52921.2999826667
16,1.0154248130474748,81.22959074487288,29.937499681281427,7740.691027367126,-9538.556955023974,-5816.289890622333,-82554.22736143264,4146.703174411399,-24352.690002008825,-86151.31904394575,-8321.002558839047,86858.16578450563,-5919.010341038792,-1807.137004418958,55197.435337995434
17,1.648446594961399,78.82045976350827,29.270832889718662,-7507.061265376244,-44343.044254147746,-57064.4374459415,93881.43955936361,-29361.113042452653,141498.165311004,-217621.98674078018,-21164.783006586826,129872.22678190157,-22779.965023326135,-4913.29681793589,58864.59584223244
18,1.6845451120221084,81.13787528059068,29.270832897285324,9618.22111767209,-4725.69347393035,-1914.760548114449,-92992.07828961188,6532.790925178867,-120261.22988844053,-145566.113598131,-9996.404192269581,158540.28488602786,-20123.59153967681,-4769.24271805219,61712.0888401643
19,1.648023501067013,78.79442159465867,29.479166252107227,-5052.318686462054,-40421.42545672902,-55888.63788293501,100432.28607544338,-24007.57770235622,109935.91431773198,-191723.26067824697,-23523.384383696677,113884.26303581755,-16537.567144603952,-3854.0121984211833,64525.72607776322
20,1.6849683863511098,81.16391343370843,29.479166257266844,14277.450395520465,2588.5486166994488,8202.378548432285,-99736.10649418626,10665.256353642208,-90605.65194650233,-119801.46269088419,-4936.408576082925,149806.24882761933,-14317.628320515032,-3576.6338102446894,67769.56823016204
21,1.6476004057629974,78.76838346395098,29.68749938802985,-1175.1427113937098,-38504.71653637022,-46649.22359352882,106587.71119444013,-21389.484894965466,72309.16694586369,-163883.47115722956,-24028.62666318483,101583.01497912162,-11886.736936369934,-2387.6380101314835,69955.93738105753
22,1.685391659602219,81.18995142722014,29.687499389837907,15700.7906312053,3308.5894428577776,7286.390908939078,-106107.25846986278,13170.751478540764,-55584.3839236755,-104855.59060153377,-4278.466691032895,135429.8282755688,-10250.364418769344,-2125.032315319059,73255.67368604017
23,1.6471772985621023,78.74234549056891,29.89583254470454,3957.5331256219706,-37932.7273282302,-29731.44562175531,112970.62589028533,-18248.696788299476,28954.35487140658,-141407.57422446102,-21112.675260357566,98813.60966045504,-8252.930445644082,-1132.0954300329283,75338.88019147237
24,1.6858150452266067,81.21598951899115,29.89583254241408,14037.659670089794,-1635.1484871224475,-3480.7178557494717,-112703.33879661188,14792.600856463523,-16359.681782346272,-106775.35536338884,-7324.115425327134,123021.26411593388,-7413.272802218533,-981.9589478392099,78326.29590512102
25,2.138436751533878,78.8477676947687,28.979166206033657,-35075.27087143746,-104665.13612025627,-107631.76123330275,220215.8394784007,-57805.747322204355,232153.8207884024,-425926.3311618362,-48344.61198605904,226898.77492289883,-27120.982393558235,-6291.108852730246,65269.97533440975
26,2.1943218314740003,81.09181932384863,28.979166224890836,7086.199200612592,488.93720818281145,17803.42489594293,-197371.00609584904,22361.644964845407,-186425.21720648502,-252921.60147393274,-12659.052179575117,290959.21495824616,-23406.06468570984,-5143.212939872493,70124.90969365273
27,2.1374930137253405,78.81132211006556,29.27083246136083,-32364.996492042133,-94181.26032944172,-112405.24642657369,243233.45484714807,-56891.73391891538,186306.90521420803,-407588.6566937115,-50632.6665916241,219269.82003727806,-19642.481649788708,-4058.937498285774,75888.7681160589
28,2.1952659460946555,81.12826486743978,29.270832478120695,16466.19110749256,22406.382118372618,38964.59023340539,-219979.471190154,37719.00426547502,-144820.0329348217,-226121.44548702776,-562.7562020890674,304521.3651483874,-17235.616083282115,-3458.4602458235013,80521.59675848162
29,2.1365494235920264,78.77487671708025,29.562499011001552,-27082.37642816935,-93033.11048595578,-96306.05894855643,262804.73659351654,-61225.98646034383,125440.27989278098,-383730.8337999267,-47719.53472203425,215028.8226592793,-13618.043150405196,-774.067693513258,85081.4439939965
30,2.1962100926655275,81.164710223502,29.562499019605614,17170.009498795094,24106.011798412863,33505.535578155286,-238733.87744492962,46996.283527361724,-89699.71094331346,-222160.05537987256,1751.0302079872883,295190.5820472485,-12107.020820594927,-641.9621765825182,89490.43462096596
31,2.1356058463731658,78.73843138467093,29.85416559766174,-19364.779408866627,-99763.62748996705,-62567.38228404109,281472.6520123661,-62270.70751214399,52719.19694404337,-365840.3294651215,-40623.46829663571,224768.00857888244,-7678.582556537261,1063.397767589229,96477.34316962044
32,2.197154249355984,81.20115553090112,29.85416559525485,10063.973355994196,8286.862973881849,3803.977928711652,-256884.81418791335,52000.45341414767,-24505.744166779157,-249253.56681283418,-5389.047262069098,276797.428333491,-7301.83796736415,906.1288546068,99844.25033760718
33,2.4656179203831776,78.87397136024067,28.687499294488518,-30929.725500864293,-94736.46316103064,-99483.74429301481,204537.58114628168,-48082.43151716659,172516.68385169495,-361223.85553843563,-50088.031395247555,186161.95397877358,-31010.06553421997,-7259.338073968589,64321.686174745875
34,2.5334781124777006,81.04478553356073,28.68749934427271,7228.948466728245,4359.802918068812,11831.729334536109,-189997.98691158125,27684.41861016388,-136801.66872649564,-214648.3508549207,-16906.148154145732,254974.9797283996,-25228.05732743765,-3126.8568930191814,75392.99623977649
35,2.464153684168568,78.82711912098375,29.062498925029903,-28175.46908269752,-86826.2671166081,-106052.92274529432,238683.9462668688,-55373.19869049688,146306.28097044356,-372547.0863608002,-51133.771286374686,202626.19870257503,-22304.959599900507,-4110.85526013187,79954.72559871382
36,2.534943075762369,81.0916376902325,29.06249897563685,19177.70534326358,33883.45860158323,36849.02983901061,-229020.2049809307,48795.4866542267,-113564.83099320409,-212832.77732670127,-2260.7523666224674,305003.7234771812,-18086.150193018795,-735.8934019544706,94077.06441183286
37,2.462689615461257,78.78026695451548,29.437498620125595,-23107.610808140642,-87516.13535456655,-91934.63742261147,263176.19225905405,-64826.11948866625,102460.34152075154,-369632.5840484175,-46816.999840425684,213891.2003035245,-15060.802796504437,450.37929240719393,92524.57433539524
38,2.5364081095623354,81.13848977861734,29.437498655363342,20978.53777480987,39074.91209346993,32442.459534280195,-256083.00808948342,61276.55241662737,-70400.28634975466,-226486.7610648668,2285.6062212143966,316697.0642462123,-11501.008387838589,2666.0684769981012,106970.23821714136
39,2.4612254901802926,78.73341486550142,29.812498363733447,-16327.711404784448,-98241.89547543661,-63150.86391424046,281682.58107779594,-67494.51946509146,48668.16119387508,-364717.48611104256,-40556.82115141692,227553.83646799796,-7946.14590748104,3405.7143830901714,108056.71908169822
40,2.537873204448011,81.18534180786175,29.812498376619054,13580.151870191505,21619.827177485673,905.4442781702428,-277935.3338002538,65381.11748626276,-13895.25939074842,-265337.6908334491,-4594.61823925205,306037.7323985485,-5626.496456213088,5140.739286325609,121053.06611836301
41,2.796705113026816,78.9001078531576,28.395832301771605,-23782.153861841325,-72899.29278789985,-90125.5255662855,174370.4993052005,-35268.34377285855,126677.80923066814,-289041.2117152169,-50431.280190797166,152665.51968998736,-35122.01366722927,-2497.45707694446,71978.22710291212
42,2.868728733248009,80.99781961692713,28.3958324133921,6939.466209260092,1377.3410056902862,-1486.2921908973283,-138862.8348782658,26528.04074027495,-75249.94717179997,-143893.32393536766,-22838.112715041385,173561.95167446206,-26154.62651100309,3851.6054468126677,94158.56539668256
43,2.7947204261239973,78.84285071676297,28.854165257242183,-21195.830735488293,-71339.33970567504,-94893.3274949825,222890.27355080377,-47888.59276555082,116523.19075568064,-327311.3359762108,-49910.74840859393,189793.58644865884,-23671.96064443174,1222.2050763998648,90836.54785499806
44,2.8707144668934097,81.05507646886572,28.854165377689746,18669.687082746615,29891.633164431027,20895.625528567347,-192845.99397522333,48144.62505765974,-72188.50647505448,-170570.49579975236,-8856.639043146979,248884.08061864425,-17424.75970146421,6523.56601802972,117511.0166183961
45,2.7927357916529325,78.78559352089837,29.312498059888043,-16650.4262040487,-75680.73730713248,-82501.16904382582,253672.10779553623,-58517.73659321223,85745.52800929625,-340974.9464580618,-45377.07583784282,211519.68974089762,-13550.672137854115,5850.964283265018,107340.64034495031
46,2.8727002979761553,81.11233339171996,29.31249815579448,20946.496961664336,35805.24802213545,16435.32726538274,-225782.44075943547,58791.045902591606,-44484.07090760866,-197921.15281589155,-3898.6291373857744,275006.85420245986,-8657.771179660345,9620.494930075958,134874.99174439002
47,2.7907511702587273,78.72833652693339,29.770830924501496,-11256.97133636546,-89331.09592688945,-60697.270240689526,269052.39532986615,-58260.60670819912,46481.598783435584,-341887.9419177919,-41005.52364943264,221608.1280632801,-5233.253869828285,10351.763458444884,126160.63894924297
48,2.8746863758398025,81.1695902648998,29.77083098187237,15079.453163628245,20338.860316993967,-10844.801122066474,-245371.76730658728,57546.3845778914,-1225.2409632893678,-234791.06327796454,-10027.442487931503,269392.0181244517,-2068.7285796961432,13215.086528553753,152196.11653435507
49,3.124266170506011,78.91387809171532,28.104165513790683,-15192.298310399874,-45693.16000466997,-77453.12605997949,122582.34832636433,-19027.941265774378,85994.35583888664,-199059.69056733965,-48431.63741339948,109152.74360568989,-42945.92870852309,2152.647489550022,73354.53925979752
50,3.207348914881614,80.95905590348093,28.104165697510517,-347.11207340635656,-16526.315457060307,-24328.40947676437,-68180.33610814405,18574.6869445441,-18629.689101486234,-77143.23031985616,-31775.792275514556,67717.18558813968,-32828.636171279584,6052.574908775328,97375.07364202777
51,3.121956349966528,78.8566330421499,28.64583123333216,-10827.09912410197,-46692.620970023585,-75179.34865782486,174822.73422186394,-28668.187409781454,84477.36661287551,-241963.8395651275,-46550.677270955006,155815.44808413208,-28046.156971124212,7091.9712066649745,95142.22365718917
52,3.209660260670943,81.01630054056153,28.64583144169898,9485.474776672922,4394.491225317359,-7263.470990835516,-127133.5679914381,36099.16180244126,-30569.838564508955,-120402.91032056363,-21341.44807028227,148360.85340200068,-21346.772286849842,10244.697773901911,127362.20747802217
53,3.11919093773442,78.78898130631892,29.187497349266046,-6613.238726795091,-54097.70219810236,-64538.395502014624,208686.0345870908,-34095.1318186529,66889.12202585327,-265018.9372241959,-43043.67352224049,182813.27431952435,-14845.81992539925,11858.26043485361,114806.42842818893
54,3.2124271869444034,81.08395189441403,29.1874975267326,11575.228306302964,7152.592072051217,-11472.316646741956,-163752.57459150587,40950.342337386144,-17831.239637370905,-156382.8129227497,-18410.589443551464,182048.9060979134,-10253.93747794514,13678.78104449461,149363.03791893923
55,3.11642584738354,78.72132976102728,29.729163558872212,-3106.711139733654,-68263.63493649305,-52053.17775619561,218817.26401232823,-27877.817410829142,42673.00954064241,-268043.4345566527,-41779.20643442534,186399.11715865572,-4779.0948229461665,17021.845168768345,133702.85032425178
56,3.2151942765521553,81.15160322464499,29.72916368344295,8008.589827338541,-5640.959522591895,-29169.162219832517,-180395.31027992195,33519.22274864198,10745.09050905464,-185744.2142466318,-23914.884149578604,182857.56648112455,-1784.8445699306512,17697.498510630998,166905.79519381828
57,3.4547417707293895,78.91503996794681,27.81249846676529,-16831.831522951565,-31051.259189564706,-73797.0378432482,81241.03939144008,-7179.555848991314,63800.63354117373,-143791.01191529474,-49017.59737566071,71128.48073519098,-52990.13177992129,2136.110114627569,68120.60237106802
58,3.542897964113025,80.92873605093035,27.81249872796226,-10462.859827472745,-31877.567974682963,-43152.19046024251,-12254.012186969474,13001.784354264248,19198.42410431392,-61791.266780381324,-23346.284342343806,-355.0671396731136,-44098.31461692125,2272.0570596549696,80568.32802631256
59,3.4526927637419735,78.86820961807103,28.437497412102587,-6282.625515996662,-32296.96641721198,-62931.33979984926,123778.58545585396,-10538.303867925626,61247.54502167179,-167728.19024290773,-47776.23385859232,113993.49236844215,-35039.60121967351,8138.681974467658,89690.32262012575
60,3.5449492751474967,80.97556594382394,28.43749772980307,-2363.3972290688644,-22845.11814791036,-30369.152243124805,-62303.00873958366,25499.644603908127,1399.4548362430025,-83761.50123508093,-25305.593541425194,53489.427156402104,-30643.666765081536,7027.473272249688,110449.91837158735
61,3.449276986471415,78.79015920624413,29.062496564789708,-2220.8547295787594,-42423.83737429566,-53259.113377153335,156446.3308484886,-9593.40328050794,52703.76279456797,-192998.5125101767,-46158.75279050309,141253.45981965205,-19208.03525325478,13439.290388268353,111331.97491477447
62,3.5483672229004495,81.05361595385752,29.062496865164874,-562.8039948676042,-26085.013365476607,-34459.33844539228,-99074.33818849281,25633.810505115478,3489.2532169701876,-118791.05034487922,-30585.08539693072,88268.97993607348,-17577.28443074499,11103.446240028865,135844.5530060716
63,3.4458614315825793,78.71210884386734,29.687495867079704,414.9879674600106,-55208.72153901053,-46060.86058448063,164150.9684035829,394.25397636438083,39625.32831443853,-198163.5362811704,-46734.73383680699,144043.67596194628,-6382.3385102878765,18821.376470573618,129196.77004055497
64,3.5517852055357193,81.13166597514956,29.687496118209577,-1990.8108282554567,-37102.0755303621,-43082.95940909009,-116167.16828139315,15687.926584863737,19622.35521493998,-143130.91591240623,-37140.38804062708,98095.4581853257,-5972.680908637828,15183.86006876156,153129.0603384276
65,3.78497425787333,78.90841260970372,27.520831430906146,-18661.09149633639,-26841.686942593155,-76487.40464404528,63770.25802896392,-1154.0503417675545,56977.109604855104,-126351.56755337965,-50609.19042656533,54970.57489697015,-62064.77886488082,405.3958197280605,63903.71318462225
66,3.878690449578253,80.90620596330278,27.520831754818268,-14893.07202307009,-35673.327276938406,-54781.63003543868,17541.718632036347,11007.317512526988,37768.77793766401,-77552.38132232032,-43943.23152766031,16147.583514533446,-52110.91862891299,770.3109256612751,74490.84234136308
67,3.7832837231750323,78.87199357515344,28.229163589065724,-6546.880743562009,-31831.903635154908,-61168.21483724393,95136.46056877155,-192.96119490808837,51599.514050901875,-133140.81315285372,-53679.757170110206,87273.57110700304,-42053.52960460558,6277.001429882404,82749.58122563912
68,3.8803840325236636,80.94262447241638,28.22916400848822,-9049.37137483829,-37987.55149041736,-43840.28188954992,-16081.39256573737,20301.54629342506,21355.871931035657,-72625.4578699457,-20518.18912149096,2266.44223663107,-37013.14497299431,5230.552279051775,100382.96941876416
69,3.779510619753594,78.79135297782727,28.93749577223225,-3683.3360903065586,-46765.117560203675,-52228.485043942535,125135.06406724814,4446.518691814985,46099.90704643182,-159034.3115286589,-54452.67351948212,110810.0463536882,-24152.730774176027,11768.796753689725,104921.10070447624
70,3.884160057010228,81.02326461674716,28.93749620258436,-7872.638506114832,-48223.120272548884,-46817.20102606858,-46855.03320696565,19274.772592533984,18048.395463651785,-93592.97089676249,-32602.20202732864,23282.21311935888,-22316.125853458412,9629.395083198677,127645.9153529388
71,3.7753471031287797,78.70290954104026,29.645828173796374,-1340.8224121972235,-59971.487352241646,-46359.91350706291,133830.53680801048,15974.90522165529,38570.82390613019,-168840.25356122226,-55080.62389862501,116248.65418834546,-8260.46272988765,17599.042204789657,123587.04472473347
72,3.8883265759399093,81.11170743124289,29.645828573868336,-7610.945248774311,-59106.46709883687,-49702.34754539804,-64590.984722530884,10905.796980573414,25347.134271428262,-111810.24958338987,-43392.992214977596,38783.48190535823,-7338.4972250716,14230.526505495105,147494.09475830026
73,4.111640518829986,78.89206576071773,27.22916465725657,-20236.017406517807,-24084.574533300358,-80852.8408808881,56459.77513229351,2342.203474849365,54894.256801451105,-122188.03552564571,-51520.270021208264,48534.87272614767,-69655.39526241567,-1061.0220555372243,60842.7175074174
74,4.217841054037158,80.88923439235612,27.229165023925603,-18364.251411032383,-36146.750360956255,-63472.009684957906,33156.82062008968,10541.699159384381,47386.912213866,-95001.46098710434,-52081.53238625947,29099.98191641726,-59402.196910217244,-527.9151237133937,69657.66470470402
75,4.110275845599543,78.86605990514609,28.02082951837875,-10108.781814709866,-35062.27280631605,-64184.22487558212,78344.19794040034,5863.209962993452,47984.34351906782,-117938.83978992281,-60724.110573439015,69307.6708667538,-48307.2319696029,4164.6102808137675,78458.1261923866
76,4.219209428499919,80.91523951295085,28.020830013761255,-13766.229315940669,-46847.67588622054,-53002.44810215616,12903.62440933306,18468.991944587793,33650.53395961139,-76133.43039584967,-50162.955497699746,12680.032589232063,-42988.28019242087,3244.2188088027606,91564.55136187964
77,4.106275572485154,78.79064536390584,28.81249497560885,-5655.009503326553,-55366.908186862274,-54848.78908339265,102820.01300123229,12556.572203864162,42460.27466177374,-139780.0645721518,-63366.51061097178,87275.8684095421,-28271.681756697908,9536.537142735546,101183.06195694204
78,4.223213200871651,80.99065339684402,28.812495511301336,-13971.076928503931,-64910.07630833046,-54453.81824318038,-9533.62952331128,17754.90282012714,28024.807315850445,-87088.57188774718,-46606.98366230991,360.58407004227723,-26568.774682893225,7512.678389997425,118769.51451920714
79,4.1010066076569816,78.69182760005044,29.6041607283961,-3638.5776597363783,-71138.93420740761,-48969.429070139435,111876.94753362371,24392.7010709575,38130.74976750621,-154348.70846147623,-63156.27959823665,93758.04712242946,-9487.340317870223,15797.660319134167,121350.87552810661
80,4.228485917119889,81.08947035270228,29.604161258996943,-13180.814019967238,-78911.96757428221,-54481.48763727522,-26427.749565176175,12009.588887551023,29706.946756248944,-99686.74731082321,-53299.37391932877,6411.851998627301,-8848.652017667027,12544.75280238387,140987.55217257334
81,4.441323710076531,78.87349166385108,26.937497636296563,-21269.72530411772,-19570.109128105512,-85050.29029664608,52593.25406672031,5057.0933447896105,54429.188110645635,-121837.1583873971,-50630.79369439865,46577.82735292643,-76525.24207067236,-2173.3237591693915,57638.51761615414
82,4.553765292731995,80.87032859494039,26.937498054104193,-20664.974454571107,-33265.60884298098,-68831.85452860488,41359.15138389514,12333.106214906868,52678.681397938235,-105171.19896904708,-55331.71260233622,37740.473745226336,-65787.83557939793,-1519.0330075796444,65267.15152443185
83,4.440447414184749,78.8578909745239,27.81249568234962,-13104.244312539337,-36025.195570510106,-68144.79219682202,67732.43404546734,10437.162585939817,46835.99272772521,-109812.43821666348,-66209.26225212171,58747.46838891376,-54325.69733477212,2358.861768580402,75432.32499458434
84,4.5546460883904825,80.88592807713587,27.81249626292722,-16243.730029097926,-50259.616111495765,-58993.48988961724,30496.25536224999,19847.1712732334,41197.9013421631,-84095.71284808703,-67516.16771671921,26115.044534595323,-48758.254235537126,1696.723225918962,85314.7065850123
85,4.4364963705294755,78.78768935436293,28.687494147157807,-7328.143608519296,-62190.480437307226,-58118.78830060404,86270.57512096962,18726.72059834586,40480.366908235075,-126615.25274575173,-71683.86627276437,70661.70667208555,-32094.466464773002,7191.5944553578665,98467.96833434454
86,4.558601257393117,80.95612868664706,28.687494799694502,-18946.376061267656,-76822.62303082687,-59409.80730880654,16280.298597538564,19563.748875903788,35005.110061375024,-90304.40813842081,-72917.24434674073,8042.846084260432,-30443.14875787915,5444.755782465243,111191.08016109603
87,4.430349605312889,78.67848700777628,29.56249299595485,-5812.696821577783,-81929.3763064962,-51788.19846700807,94506.245454681,30288.744116810383,38080.65121739426,-145926.44070935898,-69983.86319470705,76380.03230898397,-10492.315795618011,13700.603105323482,120121.49485243403
88,4.564752450911618,81.06533026230359,29.56249367569591,-18413.97221519144,-96320.27282964799,-58077.122446852445,1448.362501956769,16787.48263631706,33254.52889711991,-104253.13335039243,-69988.72343579502,1430.4892944955106,-10257.966342160413,10692.096963214892,134847.03785220662
89,4.767889571632088,78.8551420769869,26.645830637765606,-22660.100899723177,-14063.74802655809,-88639.16434498373,54527.857795039825,6613.09921750334,56369.25013573217,-125884.69239545637,-50286.68371425759,50808.36283844894,-81946.18140829499,-2858.9044953803896,53793.624991395765
90,4.892806689989001,80.85119806620382,26.645831081871474,-21703.075656315275,-28172.37660884529,-73404.77546156888,43713.682091988056,12770.808740913304,55231.42601560764,-110924.35222546897,-53724.76501735924,41368.88951609875,-70820.24742382276,-2139.309894121314,60973.77361655394
91,4.767599297548224,78.84994141556346,27.604161858030498,-16979.859129712313,-36777.411958292236,-73511.16255500936,66196.1106915919,13752.270579585902,48667.52050483456,-112158.80131487625,-71703.8325143623,56594.200186224596,-60617.95186983079,868.2001929595057,72440.76485032478
92,4.8931022981588495,80.85639728329042,27.604162497106774,-16397.957511003493,-48733.07563292427,-64969.37667117694,39847.96093401754,19901.029503715592,45557.76657318244,-92783.19210229622,-71943.9707895878,34626.75307677934,-54452.42969208753,787.7134226391139,81729.48548120205
93,4.763551625138735,78.7849640804156,28.562493307266923,-10465.91120756632,-71448.80402960065,-62591.00610456969,81615.292696102,24179.550490693862,40877.85136990055,-128306.23840361224,-80112.96697547716,63913.48403735271,-35991.71024093786,4870.6839622687285,95301.75189243461
94,4.897154884446167,80.92137335547275,28.56249404771143,-21195.187281525752,-81482.0248251904,-63260.7644039668,33284.19853793679,19819.88705436572,39662.59701685087,-96602.18565052484,-87119.52658435896,17783.73572420088,-33697.88714779554,4116.224461664018,107129.14672454003
95,4.756039824848739,78.66541026986495,29.52082524577582,-10576.376424447013,-99168.88622435524,-56329.36102753933,90630.26994819911,36333.49422616325,39240.58065898522,-156907.70093174026,-77401.26622480636,68234.34348020503,-11669.746547540964,11345.483801147708,117940.02264249366
96,4.904671834839711,81.0409261562807,29.520826045292537,-20429.945134389538,-105408.67032532951,-59633.31424387815,21950.27894513445,20028.70447527491,35993.64403522136,-113881.65469523396,-80009.95352194272,8419.678513579456,-10883.005287144731,9504.318695527729,131926.38823186248
97,5.257324690037106,78.82141062157865,26.354163505063866,-14171.258569664473,-13978.865102406742,-102139.1775862199,24299.220328731877,261.1018121760615,44687.01382533474,-121664.09864661368,-28439.28624370593,19814.0836320285,-93786.11183288394,-3820.0094630311582,52446.50875327706
98,5.400951361280744,80.81623718857685,26.35416400660764,-11758.509619453711,-19986.627129879238,-87956.73556389344,21377.16454974544,2650.792096084899,47535.91225108869,-111312.85224513485,-29647.622542059125,21258.602473967574,-82455.72342936909,-3058.766939209781,60168.121388760606
99,5.257327769855255,78.82140994188012,27.395827251867793,-1466.7006177856294,-22526.833076600964,-79712.75058613995,27291.277089531763,5835.520015871145,36096.83381681507,-94135.13302292937,-37344.770251768794,27773.61899417159,-68227.53082489777,-19.54706813352719,72223.99851585513
100,5.400954622380796,80.81623621132883,27.395827987721855,365.0141765016192,-28431.73522021652,-72376.93525795639,21063.53327739452,6136.358847311534,38572.896982690814,-89152.83239068532,-37056.7165772069,25765.892666220927,-62009.62549794146,-36.98660861063132,79391.03012138099
101,5.2530375511402605,78.76166785222058,28.437491878390663,13262.838072417902,-38468.94723211066,-59349.76125820614,31746.407181538816,12321.434198322295,29382.97892314842,-69805.25612526208,-53432.96645856152,38682.3521659247,-40120.898005226285,2850.9255087538886,94228.6646582913
102,5.405250839797171,80.87597669125493,28.4374927470684,2013.957523644729,-45920.17964533829,-58854.72460101236,20454.50366023685,6678.859805545173,34907.86743231666,-74969.08928952858,-52191.78819679744,24399.930763620065,-38067.11863999777,2329.5307226915984,101824.88702680399
103,5.244063930181233,78.63699066080574,29.479157138516012,18773.24495796041,-51918.852612324416,-43682.95746187845,35134.3069630717,17887.62264128567,31962.87969398559,-68077.59073636404,-56506.95136662799,47755.97698674957,-12730.026059344562,8854.705807922735,116759.12367596399
104,5.414230518968711,81.00065241107747,29.479158103200994,7714.6997964785805,-58247.25022190588,-45126.30400391544,15662.203846683016,9754.233216654284,32931.112472724875,-63620.90707592377,-59479.432367833084,27441.485014414135,-12340.583307002216,7435.714028661841,125823.08216433757
105,5.918983395171342,78.77168278106353,26.062495752256105,-16496.55294821025,-12014.991422820793,-121131.33723376616,24659.030077231924,1267.562008446248,48726.26601653911,-140800.9439911413,-28845.836609385093,20003.898995729207,-113789.16281588175,-5115.1171787930925,55054.00768615157
106,6.068844099181007,80.76606071198053,26.062496379135517,-14564.101096036802,-18281.17441316729,-105178.6577701703,22330.62969750161,4136.507583016243,52020.84937639624,-129136.65813063594,-30298.70575342635,21411.43060468791,-100566.74339493609,-4207.052500456855,62503.62384476689
107,5.918987007245354,78.77168190308392,27.187492295929385,-2492.848604510366,-21049.24521465216,-88303.37097907273,26682.714516118373,8741.47333680905,38559.17367491593,-103109.69198427282,-36982.192081005676,28246.419267043235,-78092.94327091624,-714.9982797391652,73352.11896821795
108,6.068847932931288,80.76605948500801,27.187493220508493,-1639.1018466807209,-27068.201489145813,-80514.92642973475,24472.46345347527,8581.461810251174,42412.35468256109,-99047.02439493332,-38989.28914080115,28814.08377017321,-71639.70510885162,-606.236954682363,78747.35811488426
109,5.9148928027072145,78.71714738662934,28.312489770658324,11679.568320490256,-40997.09407121373,-63679.07580667311,29703.1234851404,15749.232786011791,31637.0345750878,-76097.3456895076,-54281.01433153199,37381.75846364301,-44960.638366662984,928.5794584219838,93195.13498190377
110,6.072949328521124,80.82059182376905,28.31249086558624,-359.4783662958762,-48084.606807155986,-62283.5501593626,26676.22249360988,9897.233246537564,38469.047352590365,-80974.26430426857,-58298.5900493768,28545.219020830853,-42808.13843960582,895.2919091499292,97816.79027948243
111,5.905530200246295,78.59249801256254,29.43748807379438,18187.47975561305,-57546.40967372298,-45662.17497616466,32312.784018007525,21661.2532459835,34030.1926698114,-74634.52575565952,-57375.25386027759,46988.67472166251,-14087.132492152421,6330.3299136966625,115417.15433876839
112,6.0823191851355345,80.9452391627697,29.43748931382722,4254.8872497127395,-63757.30083640874,-45822.39654110118,23815.086615584492,14508.36639327537,36391.932873743455,-72276.14330671488,-64570.60833376752,31521.94151268523,-13679.2897356325,5669.1469730589815,120780.16128708154
113,6.580643674677765,78.7219744261997,25.770827987767536,-18683.60072283602,-9948.565956183895,-142046.70611422198,25045.627023508365,2624.2271388038057,50492.71620320787,-160319.52598854207,-30046.096078953957,19686.749274254074,-135068.58504991033,-6379.110274101687,59023.5917111401
114,6.736735141407678,80.71586447856367,25.770828725685856,-16324.444014959085,-16102.583931380477,-124410.06005895372,21979.13108493713,5501.892177007104,53383.9547430046,-146414.51200458774,-30096.2095826001,19673.633581894577,-119558.51282625139,-5359.905018087824,64944.92924930358
115,6.5806477626890505,78.72197333327597,26.97915722812903,-3344.7186913757514,-18408.675146352678,-96471.28034710672,27064.062493908674,11730.661175685604,39595.060461107285,-111062.6727903414,-36534.690799267184,29372.68940477341,-87576.8046013123,-798.2275465652026,75081.7488705119
116,6.736739471402348,80.71586300418508,26.979158329686264,-2335.577555592715,-23513.211839485844,-88237.37120034338,25238.742587574667,11097.864847412167,43372.95425291161,-106331.01394248447,-37719.43969366027,29964.293040722772,-80880.21104611,-761.5606865419735,78076.02404225078
117,6.576798154680787,78.67264374580826,28.187487523093743,9933.082561703008,-42075.75150450952,-67889.33232949434,29914.623540543987,18980.36766190368,33662.01795949407,-82304.02201774239,-55358.31614131176,37630.336886753284,-49666.52294629483,-77.41834697599602,92745.83737057216
118,6.740597236979772,80.76519007646507,28.187488824971922,-1063.407531774501,-46535.12965179382,-65253.87275708547,28543.019435118873,12969.655148164915,40186.06435217757,-84605.01572828287,-59198.20250177888,30950.808289407985,-47562.44025493619,1.2539415157052685,94274.6000840998
119,6.567046692691907,78.54802466809676,29.395818851414717,17465.955883675553,-61480.59099837261,-47671.6002237367,32293.555547651085,25794.076801649022,36171.53425414133,-81511.53691739758,-58448.324155836905,48273.62573480075,-15504.25966147783,4847.561236219956,114528.79406897641
120,6.750357135697241,80.88980677728303,29.39582034726394,2427.5630977769288,-64383.25419271959,-45673.32716746199,26973.666468637744,18464.113369065803,38913.91409192973,-76002.2934396769,-66440.75410019801,34814.029277470225,-15081.05767742488,4440.151225285325,116126.00827658236
121,7.069623846666902,78.6821862296016,25.47916092585545,-27662.52990722296,17110.921913375547,-146162.7327238125,60554.80949761079,16952.65077018492,66282.43694147684,-176315.4772228552,-52799.637014928056,72400.77352012343,-148921.50035264157,-6801.945042956888,62213.57792334579
122,7.244398332358607,80.67449636900751,25.47916168048545,-27548.463991828474,-757.8689477424414,-128378.73535984468,49749.8902009255,23927.340140958924,66280.39560843844,-161241.97646750722,-53005.15239899077,57562.06056708238,-131883.4164954477,-5791.823827234848,66234.03223708838
123,7.069628330581569,78.68218495306908,26.770822467960308,-18062.103104071095,-15371.813464139977,-98223.56485760333,67275.54960409713,34065.03688295559,55707.74946699791,-126772.8552954869,-78949.41603986718,74064.78990953969,-95827.03992583242,-1131.65382800325,73763.57738942145
124,7.244403068519749,80.67449470307903,26.770823631685797,-17932.66675117468,-26053.646015446346,-88873.3933165477,59517.90361837802,38590.76354975557,57371.64042453693,-121238.5999279631,-79223.07208982839,67601.96593462274,-88646.4165650125,-1046.012302161388,75605.89628120196
125,7.065780123087425,78.63808181643542,28.062485848625347,-16307.063821631624,-83548.07684626957,-78144.01833966427,76385.73504465955,48616.04487022604,48479.47218278157,-139181.18121627992,-104040.51166735325,65222.53387606772,-53933.933672334155,-565.260333065803,91687.99809247308
126,7.248260127520491,80.7185949249314,28.06248723375428,-25707.062649237057,-83845.5492268537,-74423.82411987234,68200.45865769009,42559.08259507616,52922.02577235917,-130482.01727239428,-108295.01531534365,54800.596591774825,-51834.67323108124,-476.5960017060558,91049.56043774512
127,7.054861358055597,78.51356143572991,29.354150454270485,-17333.766280930875,-140301.80647533736,-68597.60306965612,83882.23004289427,65071.77326198965,47710.691085373735,-195658.61447527818,-96017.51247820753,65442.95112756126,-16769.425311801133,4176.690535328967,113933.58752141614
128,7.259188128114788,80.84311264487071,29.35415206464907,-31220.05844159005,-131312.36353122164,-63437.29482353633,68124.25080686995,51523.94200084952,49538.3537634291,-172493.0227177322,-99393.5437924687,45916.8497138529,-16365.74736519806,3803.3231342968197,112622.91314810986
129,7.39526487337029,78.65152844319327,25.187494015540516,-27507.15575233718,21019.038517676003,-150446.62576499511,58044.97497406478,16385.11792445884,64007.0600335549,-178050.14718440187,-50175.46688919892,71290.8710739445,-154109.3800237322,-6721.248064450011,61661.85471322521
130,7.5824916001063505,80.64274639920922,25.187494761488637,-27636.778120627918,6888.7194099488115,-132022.45302506167,51320.63931231238,25481.944453210508,65601.82939566036,-163663.8194921398,-51865.95921985901,62759.266976258055,-136711.4024665353,-5793.656284553892,64607.74345022552
131,7.395269709887671,78.65152701913246,26.562488535814314,-17773.822467636433,-8768.544179008706,-104349.46206153039,64553.97814394606,33022.52730112621,54767.24377082447,-130900.33784269354,-73006.07575920329,73014.58489372126,-102755.77979204443,-1390.8872153754626,71914.35295282409
132,7.582496694039601,80.64274459847857,26.562489720174227,-18322.208152308936,-18625.625859827873,-93283.44026375473,61856.31195922572,42158.157318949656,57903.86009308253,-125613.13045475885,-78163.65796730712,73545.51414617446,-94953.67799080262,-1253.635384971763,73085.512747323
133,7.391617737017813,78.6126347325828,27.93748476586138,-15792.436351089156,-77137.08512822303,-81042.64269033891,73437.67165228758,47228.12446808279,48126.09203680649,-132452.19601750345,-105143.98422157894,63624.016069431294,-57831.36236819605,-797.7931737380411,90243.87417368432
134,7.58615837189452,80.6816335126747,27.93748619022712,-26071.06653409352,-81206.75405643514,-77102.53905916306,71139.02013109974,47256.08762618716,53649.60039804239,-133108.35061945143,-110874.35191809644,59602.34288785616,-55544.699300661254,-646.9462374245495,88542.40729013423
135,7.379921112847397,78.4881824516022,29.31248239953992,-14736.997210404981,-134763.65435762503,-68462.2593790791,80502.09289073056,64004.210896196215,47931.579314742296,-188433.73781884278,-94987.30010701108,65458.12697874475,-18039.09834528951,3781.5789239431424,113013.00580007091
136,7.597865034706651,80.80608266343305,29.312484072004978,-34239.02624954791,-135480.80722199843,-65207.14370040787,72636.39742766168,56938.99957247852,51253.395000318305,-181490.7796998414,-103212.30676090185,49776.10928878902,-17534.253090662118,3524.278561239471,110209.8104422048
137,7.724021392956196,78.62062665630376,24.895826987051887,-26445.07348955495,28894.064973882094,-150385.6378754474,58509.73298749378,18354.634325313807,63322.76918830241,-177195.52120027642,-48075.683905882666,77334.55871503882,-156692.98624900266,-6257.966819325053,61049.36191191677
138,7.917468842105164,80.61124017950941,24.895827749825035,-26781.838190697435,13376.39568456068,-133822.21508637213,48920.32046362513,25862.535133646856,63929.10942016721,-163723.7944612294,-47254.35020007599,63750.48706879647,-139377.6553479615,-5484.70702154931,62791.64468542738
139,7.72402657436304,78.62062509117494,26.354154542734246,-17505.526124856955,-798.2720557299799,-107215.93291937893,65231.878364628814,35442.249969947356,54928.36004321426,-133452.31895370447,-70257.3683908166,78189.95624455519,-108105.25127931047,-1468.1462574356979,69847.6426399573
140,7.9174742840787715,80.61123825301887,26.354155769498767,-17614.515065753767,-10251.517883069255,-96649.20467044579,59551.107320086034,43550.08813500988,57147.506806527774,-128102.72263698291,-71545.38463208212,75132.86964979625,-100012.69847492526,-1360.6714515470505,70159.7807841098
141,7.720765344719533,78.58692752543159,27.81248363870524,-16815.75381685814,-73789.39843376681,-83696.23120672526,74464.76512722546,49855.57933268094,48717.431386467615,-133346.39451934234,-106850.88110800943,65895.89217000158,-61547.25501748377,-993.0640562650921,88574.96110261732
142,7.920745955076342,80.64493211325355,27.812485119681668,-24276.57260265549,-73129.81514352455,-78702.45058886487,68258.21122975317,49130.2666512512,53239.80588258452,-127404.39342907589,-109582.33300954958,60877.88810358053,-59134.45898413606,-834.4323940562665,85729.1838091985
143,7.70868036921413,78.46251283555631,29.27081429404349,-14978.493763658778,-136606.7434720212,-69921.41194399609,82023.4870523872,68773.30153096394,48870.54521373108,-193702.41144110158,-96241.35226342894,68437.11452485448,-19232.586208233864,3504.777143820496,112054.0999247653
144,7.932841904271933,80.76934331929306,29.27081604776963,-33702.586197381745,-129054.62329082521,-64440.60366835109,70335.27373790913,58486.48995493555,52132.16036132338,-175521.87010466462,-103205.23800870565,51529.294956812235,-18731.708390668475,3293.433686459791,107671.5815093762
145,8.049461892959442,78.58797362591392,24.604160172399396,-25657.26386443613,34240.34124333675,-152221.98299389065,58427.00180377993,18357.43258929529,62314.378333693945,-177892.04261361132,-46267.41377828441,80520.55077690567,-159784.88013286627,-6076.586584298087,59897.84540567955
146,8.255346826468157,80.57733920787415,24.604160924140242,-26084.264866616664,19591.338261919867,-136343.27884078972,48060.07606736346,25708.21577813438,62829.18398977044,-164877.90741623557,-44035.64585457309,66077.34782532215,-142652.8253377723,-5356.372880766761,60830.98535291986
147,8.049467404842646,78.58797192573036,26.145820263075468,-16841.691126971393,5901.59789959628,-109829.47476244744,65044.40034040536,35659.18487208563,54941.13136662952,-135549.34524926994,-66569.21437123952,81348.99163068688,-112133.89467941356,-1292.7524160353246,68163.30392456587
148,8.255352600969196,80.57733715973492,26.145821501635012,-16841.12201101628,-2601.464578583058,-98988.36693764834,58948.53717400035,44875.6799577008,56980.49467304464,-130056.29576401203,-66912.63520005032,78537.97743681468,-103923.216961804,-1225.938504236656,67581.05257670552
149,8.046532049333123,78.55947595582259,27.68748249042637,-17096.226118667324,-69719.80601050176,-86168.38282317083,74089.66840216023,49951.410065177275,49108.37153894154,-131369.3920311653,-108118.47652310599,66503.45360193143,-64966.578678091966,-1144.0362827694337,86746.53450217377
150,8.258299017184108,80.6058290938706,27.68748399412871,-22957.102664458624,-67126.56388518977,-80476.14713894215,67081.95093139115,51045.01968201311,53233.95841934784,-125840.15407860125,-107661.116582944,62941.456972954715,-62462.70426564032,-980.3275760801442,82877.36684321232
151,8.03367010220575,78.43513897794432,29.2291464183844,-13836.666032083725,-135658.56531614065,-70645.6513580773,81665.27608238094,70455.63222069188,49593.03057362771,-193736.8423372631,-96533.65041883354,70129.61004979486,-20395.359274353013,3302.2128694729518,111029.76170171704
152,8.271172632862505,80.73016210347532,29.229148214656853,-34092.32678869401,-125957.97633269496,-64568.07430072057,69877.43706382379,60071.11459912012,53277.07187191045,-173542.0072128377,-104389.91785772225,53313.547648450396,-19906.04447336956,3132.001306833017,105170.49644002732
153,8.377804892439135,78.55294559544753,24.31249306727223,-24998.05097634242,38920.95427752473,-154251.450076801,56327.45986009335,19126.322165050486,60691.67960435992,-178326.09109524585,-43672.23168931064,81669.77600893781,-163303.43155227732,-6057.172242112616,58391.73730326954
154,8.58990654191476,80.54166774289897,24.312493835324183,-25318.651736755502,27654.1553740006,-138071.51573670923,47262.70393378675,27247.496276141177,61840.30210918385,-165570.04813273245,-40813.936596438805,70647.97262970707,-146469.44734288537,-5378.899491538817,58647.66127166523
155,8.377810718961383,78.55294376540988,25.937486179980887,-16078.012387445191,12532.45261127317,-111855.07201729245,62643.744458713045,36101.27753682702,54408.61300826643,-136890.5458181926,-61132.955130888404,82622.86915561656,-115583.60271570721,-1019.6405371225727,66694.4457254567
156,8.58991263169232,80.54166557680075,25.937487454680003,-16045.701984029994,6302.3648406220855,-100058.5295034502,58716.404963112866,48281.29257951521,56987.65492815644,-131615.51264834637,-62580.9903216517,84394.63632313989,-107436.41703306959,-998.9362464566285,65298.185146239746
157,8.375330866721317,78.52963676628363,27.56248129231478,-16903.98281460865,-63605.67839819614,-87823.96254093299,70998.70136453897,49775.38635311199,49082.82243865721,-127659.93971307909,-106288.27348836977,65614.58944771107,-68001.43465424803,-1199.9867210815066,85014.60467973805
158,8.592404166055701,80.56496833860875,27.562482839678538,-22092.320157996495,-61144.88581079037,-81611.66773912893,66433.01855127077,55090.554955098596,53353.30787159613,-127462.4298208284,-103932.50042688235,66546.05653979495,-65460.18331965712,-1027.5727265296434,80226.49175032561
159,8.362080708555318,78.40533986972498,29.187478241719,-11560.17565183463,-129998.21811298991,-70224.16469918941,77848.52621076134,71455.10267371303,49882.31349195821,-187946.5176560108,-94578.699154082,70742.65834607884,-21505.05113111401,3162.7391712658364,109975.72661920579
160,8.605666699469271,80.68926090321634,29.187480103326,-35381.37965886506,-124021.00836726495,-64888.54403078869,69910.54759915627,63987.97144162464,54387.45315092565,-174392.96619584013,-105774.86357052316,55876.897709444565,-21017.386006035093,3049.9701115486046,102797.32450238332
161,8.706149887416757,78.51793706976204,24.020825953340363,-24121.352102061344,46570.35350619287,-155614.01486361804,56460.934462356476,20676.625293903555,59901.34551164283,-178816.06445061206,-41812.80383394392,87463.85482506946,-167139.71651491756,-6152.219999617479,56536.256426920605
162,8.924463998424864,80.50597703443131,24.020826732208672,-24686.86643800066,33581.38574052012,-140917.92113595936,44326.209531873166,27177.801503676095,60089.17082490855,-166720.14413525205,-36622.83093560907,71319.57323742127,-150509.26022230272,-5520.316686376683,55914.536209510145
163,8.706156013698592,78.51793511433458,25.7291520716694,-15375.903176215525,20452.10336347134,-113090.24240183941,62676.68124475315,37973.58158479176,54625.61960190293,-138191.3431626504,-57714.38160526533,87891.68255333211,-118851.52559387064,-757.4911853401874,65150.37507698465
164,8.924470387756173,80.50597475249864,25.729153377867917,-15104.430311058895,14104.348482372778,-101968.60584945483,55863.634435160624,49180.57454023475,56252.7929369959,-133012.90495623864,-56001.18054992762,86045.39782802526,-110912.40032920716,-802.5119182127893,62823.06703405707
165,8.70418041540576,78.49981221164204,27.43748006375899,-17719.583926230152,-59506.971754088096,-89483.04774927085,70524.63042230056,51547.25661890221,49746.31011091056,-128334.55438405552,-105406.07297481693,67031.02392928333,-70773.071704879,-1205.1685461831803,83283.74305493449
166,8.926458536959252,80.52409309377366,27.437481647924308,-20250.5470617893,-53210.29962497721,-82528.79380074526,62734.76775489404,56218.641649041165,52885.33512820179,-126220.4673333003,-96932.7586810597,67163.58552684826,-68312.30529298911,-1068.0369201019166,77420.43708708775
167,8.690542428509188,78.37555776799562,29.145810033812285,-11281.8103585233,-129746.63655397891,-70976.31815634067,77301.80711200407,75763.64209646705,50633.75550167764,-190667.21136438652,-94264.31404759102,72926.76034313462,-22558.047223025285,3039.0783763953077,108700.31915517958
168,8.940109865709502,80.64834283880126,29.145811952449503,-34703.864816594905,-116449.80834962049,-63876.777602001835,66178.26668032748,64204.54224683884,54938.37969438947,-166499.58649883867,-104842.87220262601,56312.00793324743,-22142.58654920154,2940.9453892335787,100079.494240178
169,9.03115661890872,78.48121880248593,23.729159102309836,-23411.060941224354,52060.379124023,-158097.52536763917,56063.39098558909,20189.3848788319,58815.642720086114,-180168.6047581561,-39932.11572712974,90652.51330044531,-170939.02801057274,-6286.100583752632,54345.31354943344
170,9.261891703090237,80.46785558060337,23.72915986019531,-23983.66910023304,40232.644431724184,-143882.47595834974,42909.206614214665,26490.025015236166,58872.89257850714,-168310.10048916342,-33319.61640368167,73996.21626598643,-154691.87779283087,-5672.669361318236,53112.80818449822
171,9.031163032650865,78.48121672620955,25.52081771275034,-14628.74326225443,26780.51981949895,-115374.33621527161,61818.291839697,37409.48170386154,54555.892505323274,-139935.4277774913,-53689.46938753459,90402.33750699884,-122161.5749144013,-520.7905691567543,63609.49145802853
172,9.26189837716023,80.46785318448636,25.520819014442285,-14186.33402775467,21714.434906979375,-103929.71268473407,54618.677914977656,49832.69766986411,56002.91809545486,-134526.48715205473,-51136.117399199575,89260.99274574491,-114381.87704025189,-588.4207883295041,60434.44396338942
173,9.029675561548403,78.46827979762382,27.312478822716674,-17909.276252215263,-55086.51903837174,-91306.57760552118,68541.5975002013,50714.64292195005,50234.95452799026,-127106.69853087833,-103542.63827289331,66346.96390766346,-73388.64090554911,-1143.0250170695147,81755.39712359902
174,9.263399262481341,80.48078510683621,27.31248040800715,-18784.436887313823,-47049.4678980013,-83771.44617103622,60836.25382221997,57376.89280804224,52886.3944589351,-126513.16403036678,-91833.74545053334,68741.55852454873,-71047.34458920875,-1038.8446207430327,74859.85954419144
175,9.01526174917944,78.34411280684162,29.104142062070768,-9749.115926474093,-127129.81121520336,-71043.27049574132,74738.2302955985,76737.6427020417,51200.95803245156,-188251.1736970131,-93094.79196711103,73423.76802670541,-23521.285184450324,2961.61670617345,107464.45280980418
176,9.277827264901061,80.60494690757017,29.104143997487455,-34912.55834279286,-112160.39598380167,-63691.85914453485,64406.92728674062,64585.44515351327,55798.793766445895,-162498.67830585304,-105222.33479322086,56956.19962794451,-23189.248421212367,2892.250600935085,97461.33259882357
177,9.359035850349787,78.44208878761498,23.437491988656355,-22794.1015292711,56912.975299858466,-160230.7153848661,53735.00836574344,20552.69953962988,57249.15987202947,-180958.18978386134,-37219.205002404655,92065.55317198721,-174560.2545518459,-6392.05108975057,51918.41962696069
178,9.595979141389645,80.42800463765572,23.43749275450514,-22970.360837094155,49433.490843735424,-145459.19259506097,41586.26114128221,27566.103939928907,57858.71956739972,-168981.48940122407,-29777.47128170924,79762.8980945136,-158830.69318223593,-5812.413823230918,50205.186796531794
179,9.359042541939738,78.44208659463163,25.31248357892896,-13970.307773108285,32829.17911561909,-117623.6198796644,58831.79831684196,37175.71320675916,53954.42836378107,-141479.00544140858,-48242.67964214613,90956.9365464011,-125494.6778530346,-299.7544280435721,62041.98068345915
180,9.595986088003286,80.42800213064461,25.31248490176778,-13203.929751291364,31142.808144954954,-105045.47880160471,53678.659371656904,52592.203124151994,55905.75749641077,-136012.43459904334,-46360.50764666117,95266.34183776336,-117954.17974427264,-382.2258787382758,58169.08361266986
181,9.358123948253464,78.43432689203964,27.187477543486313,-17749.65497667846,-49000.230567291146,-92715.49501989417,63876.502543856244,49771.241212144596,50280.27299263563,-126271.83711479243,-97181.3022344881,63987.75878541676,-75906.17876100335,-1019.6606783218882,80472.34978299803
182,9.596918704461672,80.43575663690066,27.18747915274646,-17710.019159224736,-40702.668445919204,-84675.69985852137,59551.99644152094,60701.68917370082,53009.70995732648,-128598.48358629097,-86554.8091533814,72064.90527600706,-73725.42399054207,-944.9550011642469,72588.95041549008
183,9.343322442141488,78.31020497742885,29.062473795475036,-7208.660080622212,-120315.49043638173,-70088.05079876116,68770.69750228716,76919.64587034514,51342.16887610397,-180994.19507712894,-89263.4881338273,72645.48189519114,-24376.8661025491,2951.2131950963967,106385.51025776626
184,9.61173512823463,80.55987324618513,29.062475772699504,-35965.930753683526,-109074.78936588201,-63690.31440431253,63259.4538853788,67501.2289048541,56662.591507522324,-161833.54217819677,-105592.45744397838,58694.96509829714,-24146.43525853846,2909.951457670095,95065.82579800376
185,9.686917574632375,78.40297828039287,23.145824887641307,-21653.495744067546,65758.80494319051,-161085.7332783287,53559.331224264475,21722.575783233744,56553.290614596415,-181168.3894163529,-34753.488782898195,98941.45412004544,-178083.75402306014,-6512.772996354603,49107.62869078493
186,9.930064319569519,80.38813445514333,23.145825656255223,-22269.31766037425,55749.92701304393,-147894.22710369615,38483.50035045317,27107.02143016403,56235.18626526842,-170017.72370349546,-25961.67911878204,81565.78507125117,-162749.22107802992,-5966.036726076911,46757.374868280574
187,9.686924536928199,78.40297597436135,25.104149444116103,-13167.600994070293,41238.24951595538,-119079.99009163617,58166.664333595756,38542.046636377854,54102.331673353896,-142928.96494646228,-44287.37791759814,96207.0012943094,-128953.93710819146,-143.7061353357675,60237.61119480319
188,9.930071529778724,80.388131839275,25.104150783502597,-12421.014024856759,38516.01712107879,-107443.12494831404,50339.636210594545,52590.64536532463,55132.95680808596,-137653.0561789508,-40138.45219292379,96443.38651978255,-121753.61365537872,-270.2349878186531,55552.122159118924
189,9.686623320690046,78.40038787480222,27.062476246703977,-18447.60192128685,-44176.89087678159,-94191.13995056156,61364.294046716816,51013.791624036596,50937.84543568106,-128076.86590917023,-92703.71766472548,63964.95082526573,-78435.99904685793,-927.3083866012728,79051.30975283345
190,9.930387498624142,80.39071455580384,27.062477873615556,-15984.686992959196,-33448.63889626016,-85809.37599101721,55699.31413713711,60739.58533183129,52532.44397038089,-128282.93518269795,-78844.25496154027,71884.48826400167,-76475.73400398919,-895.9773099150922,70134.83612534564
191,9.671434498837272,78.2763132865609,29.020805506313664,-6579.723646123115,-118580.2710671753,-70253.19042880693,65486.63216427217,80553.30672509645,51948.64316495571,-181892.0732316744,-86810.35034401585,73289.23843358493,-25219.287313956247,2889.020011724665,104964.18214983452
192,9.945592217134447,80.51478360045748,29.0208075172516,-35351.02218668369,-101482.42373265291,-62624.532675277835,58923.994169842066,66674.4024879515,56975.238621547054,-153825.264452846,-103730.52952912608,58097.81538735763,-25136.903542380176,2855.0360073513516,92332.82233749918
193,10.0114400306629,78.3622005343062,22.85415807051217,-20743.414228060243,72244.07459457405,-162837.9071010428,52914.924830290765,20759.815994097386,55664.90022422854,-182071.07952235348,-32357.69021920461,103091.52300702903,-181265.79553787937,-6601.330990413551,45944.22483013816
194,10.266989241629044,80.34579828126972,22.854158808990146,-21345.25232519712,63421.9553646933,-150070.91374440596,36893.13837378146,25955.12487166163,55210.616927544725,-171102.28386565216,-22750.227310674458,85858.30047141682,-166480.91467288713,-6068.374949518764,43154.66048907812
195,10.011447260207245,78.36219811877619,24.895815080416522,-12452.50802921291,47791.40967920554,-121734.55531163383,56736.84926355099,37557.59858161458,54032.69305394941,-144996.85656117674,-40037.68969399922,98638.8925935348,-132644.27837287256,-29.58121232592516,58427.118711837546
196,10.266996708996702,80.34579555764005,24.895816399060386,-11581.024384298325,46294.4215597297,-109991.88893071271,48511.40968372795,52202.2448622141,54868.4725841709,-139426.46779303811,-35217.35218001514,99365.32821777194,-125731.36852031575,-161.75310545326934,53028.144745383295
197,10.011454918144826,78.36219562727314,26.93747494790537,-18001.291214086894,-39367.9992264977,-95850.44705103363,57745.352180903574,50159.25557946073,51475.6149766523,-128914.11869349622,-86810.00466270537,62504.385864583375,-81006.86998864051,-892.695999172179,77600.55227996338
198,10.267004528415315,80.34579223569888,26.937476560162978,-15350.687841517794,-27894.413303704798,-87417.83999592124,53643.674168643505,60717.58119929136,52419.121504349096,-128744.82401919996,-74111.69641676043,72193.57929481656,-79285.43293741805,-899.3300644538468,67716.05949839792
199,9.995491404954995,78.23821811904692,28.979137461571494,-5041.357582417659,-115185.7336781407,-69866.2555240917,60637.99709935881,80748.19693354075,52701.86203278369,-178379.04466851085,-84075.4823501745,72361.18023403523,-26022.13154335242,2821.899328477039,103521.95993720311
200,10.282984790938004,80.46976371744911,28.979139468817618,-35538.94238762351,-97180.6287054829,-62456.17312917811,56447.27014503575,66313.59546627846,57404.29803646496,-149724.07382723963,-103086.64808662077,57634.97769157587,-26095.553648061163,2797.1666978588014,89603.72542850923
201,10.338804477987207,78.31897579395127,22.56249101436223,-20068.678447128823,77784.65258004674,-164305.37744076757,50485.933369039114,20579.27178590936,54496.24485286033,-182629.09904570988,-29394.574928619713,105434.27066647986,-184074.42096270167,-6633.625709291884,42363.02350191605
202,10.600552391522095,80.30177487222089,22.56249175204153,-19979.61615095648,74146.55114891742,-150748.31123044636,35458.32816767533,26506.224482192858,54544.2070817083,-171214.06686228904,-19219.309358243292,93851.99998804687,-169983.70312147727,-6134.111472730463,39292.8905000874
203,10.338811976631183,78.31897327157154,24.687480961540196,-11959.012669695585,53690.479469885126,-124664.75766441648,53332.18419706083,37005.28947062491,53539.42858978031,-147256.43901889434,-34824.10466815293,99147.25282282033,-136552.49212477324,62.94442794339067,56637.595778166535
204,10.600560114476995,80.3017720426501,24.687482286272964,-10554.71571922459,56405.739352281846,-111822.62648332743,46935.09062317094,53903.28469836013,54809.217361296796,-141279.91476606662,-30267.336564652043,105575.64848044845,-129954.79125293685,-65.41866189776485,50692.87883796946
205,10.33882000634441,78.31897064289896,26.81247361975633,-17335.43090920515,-33583.619470065605,-97307.63158302083,52312.32885260572,49550.88849890826,51340.68277859396,-129892.30061973438,-78132.9043060027,59798.522963445525,-83594.43670727509,-918.7383520806927,76160.58183713423
206,10.600568280523582,80.30176856052297,26.812475246010855,-15137.513370349356,-21845.3030032529,-88613.50977698775,51933.227967559775,63027.51475475328,52690.41928577524,-130733.87824744664,-69354.0564964233,74491.60859327987,-82143.51031673347,-942.565664444333,65367.29415901206
207,10.322469430175365,78.19504284177447,28.937469129467363,-3548.596459692075,-108747.88127708803,-68868.57711401934,53611.26485348282,80050.73721231558,52961.82820277745,-171993.46467968854,-79192.26663847877,70020.67646736791,-26802.690516227438,2764.5577828540236,102125.79156083826
208,10.61693633169757,80.42568998344697,28.937471163497612,-35823.63914138806,-93875.8903064632,-62371.83358479614,54033.25123699966,68958.23266359793,58015.16733624328,-149389.7273674124,-101463.50293868834,58781.86727345327,-27018.73490267128,2752.8927161977886,87023.99436406778
209,10.663077149842804,78.27620831839948,22.270824019201648,-18542.849885985073,90008.01155795381,-164422.6005829762,51800.01305316476,20180.018494077623,54792.8917769064,-182739.78303049132,-26667.471810738058,116449.81593022191,-186894.35358927737,-6777.7223875704985,37845.87216407076
210,10.937207027302412,80.25729422756868,22.27082472126686,-19899.518850101165,78153.25808861566,-153957.82879085728,32562.788869618907,23707.349273455406,53338.2734888169,-173148.70771097502,-16785.871930761077,94230.49008939338,-173377.2191759864,-6274.600308612373,34523.56383673175
211,10.663084925085542,78.27620569022653,24.479146878431077,-11088.705544961314,63959.56424260542,-126766.37096634253,53784.836565894475,37402.96531606075,54160.471610629545,-149366.91011470064,-31457.337435420868,106928.73528142308,-140792.48002959383,67.79737756780048,54570.467486360416
212,10.937215011366984,80.25729129003889,24.47914817255786,-10478.522996053158,61065.292604756054,-116376.8156964228,42925.87226191709,50458.62746874771,53882.32235265382,-143879.7758891649,-25048.646049130897,103138.37585057589,-134593.93255338323,-82.4897492392947,47923.664600250464
213,10.66309332361474,78.27620292849518,26.68747230150702,-17834.74621105157,-29518.061220384523,-99096.60051599583,51040.30612538683,50765.13695385837,52058.07289310747,-132265.8460793418,-74912.12986065896,60728.56799256885,-86312.69498470523,-1052.3520193673571,74242.13282306805
214,10.937223518888391,80.25728765056405,26.687473903629066,-14400.43175394007,-15965.572530433139,-90571.57139506667,46881.965530135574,59623.34207367171,52037.02595160956,-129687.8539909242,-61691.81813624816,70442.09644773243,-85154.6852625611,-1083.397127345182,62594.63333086137
215,10.645969432270945,78.15238208875972,28.895800802130044,-4983.400225110941,-110565.81237365943,-69834.74134450461,51621.38011956955,83393.22286268255,53951.012924841576,-176424.92563684247,-78710.41864461631,69751.39033818383,-27734.956789883738,2537.9405792725197,100009.51708723424
216,10.95436585602172,80.38110176758182,28.89580281907743,-34087.81596220149,-85499.2266323706,-61240.31665679702,47632.4265433283,64976.130711127014,57878.49070085322,-139470.1772947583,-96825.374707204,55468.19275059316,-28092.71533106788,2562.6293464634355,83822.32864315747
217,11.148608866191514,78.205898710959,21.97915662063032,-24970.501459042684,26884.856895706384,-189922.55095357585,21305.181772448563,5359.08098072564,40632.14070313425,-199388.8326822627,-24833.71735182169,36214.35451717227,-193420.61525844666,-6938.837796291877,33142.164079609705
218,11.441303205101208,80.18435674819332,21.97915729924871,-25005.87795783059,25723.364383714026,-178107.36611330562,13959.546663344012,8171.249479712172,41571.12286545826,-188761.06363809394,-19744.91380291568,31116.09775358748,-181416.87789257904,-6492.50893566589,29795.10367080574
219,11.148616961221798,78.20589596575059,24.270811698826368,-10863.570043601618,20132.326870368604,-144479.50851185122,20284.532001698262,13991.372543924403,38761.48673130651,-155304.70307666593,-15404.635999373144,35498.58739095481,-144878.21860129683,357.8255247068212,53029.406747616005
220,11.44131147030589,80.18435365962935,24.270812954701306,-11316.840976844802,22387.336635577696,-135554.3139184583,17153.78242704575,19505.242618569482,39757.63440391016,-148341.94080614284,-12820.199468256042,36678.3220146735,-139467.62360555143,253.4195304887411,45475.155376144015
221,11.148625770646822,78.20589306417963,26.562470126668845,-1848.4793445581197,-18108.383288373338,-100264.57945603777,16107.21240298188,19718.052197418005,38362.60968889308,-115373.62102020753,-27932.34634319356,23084.52527443184,-88806.32531473215,-1078.3437560133618,72886.2921988929
222,11.44132033483188,80.18434984619793,26.562471683577296,-3038.913901370014,-11086.940495426072,-94874.90109211134,16578.325447113377,23011.212938611276,38932.51001329317,-111783.65138302596,-23848.79171235879,26631.687606477306,-88130.80423557635,-1118.7303353426316,60051.447766076766
223,11.130342121189555,78.08223629281166,28.8541318696289,25428.870940665194,-46556.447164533776,-53391.04251684311,12683.291488862209,34496.354376704054,43118.184200032774,-90352.04032779211,-35649.20578082668,51482.62736790711,-28504.299127303588,2481.37475537237,98017.92448497494
224,11.459623367921818,80.30799952672673,28.854133844495166,-12020.086065604422,-40585.95502482761,-50117.107494064476,16315.099773730872,25887.677677586023,47728.4885819477,-86381.00859008645,-47774.99139395197,31432.85139954192,-29039.570679907098,2568.0176299430063,80432.39796489423
225,11.804681413380834,78.10673297540686,21.687488392436066,-26774.12683502301,31835.128434936858,-204843.82602989647,19439.140072408907,5461.754220334498,42644.962266196555,-214534.0440775939,-24328.289693344635,39079.50934095583,-208698.30294609105,-7840.107019090262,29927.827178230913
226,12.103558418354945,80.08427644717828,21.68748912407814,-26944.006283772163,32687.142728410356,-192739.96390476407,12920.180541515123,8804.058566747968,43418.10679009696,-203548.85838234867,-20299.751083386607,36851.78200560946,-197566.45476764982,-7398.051989409375,25890.51286744274
227,11.80468986479956,78.10673010571347,24.06247588712762,-10648.54750179764,24803.570189558457,-147965.44771864466,17062.91359699353,14499.624848485462,38873.677102941125,-158723.81795962807,-11458.604502490587,36371.9974312348,-148886.23933045863,1095.5551772564193,52522.5018736759
228,12.103566975599211,80.08427318031099,24.06247718303773,-11460.73769541399,29109.337640955826,-139311.88263760795,14847.09250592132,20854.648996949687,39710.29319588766,-152072.13023166775,-9922.660677560523,40331.50821716215,-144788.47718581502,942.3410211206121,43651.023037294966
229,11.804699114081107,78.1067270665689,26.437467039318786,-2423.345740372406,-15057.227982884535,-102150.27625450362,11226.56045705014,19814.581339851382,38803.979977935385,-117739.42310692252,-21582.034178436166,19690.607307598126,-91339.12246772501,-1238.9536461437049,70963.7575925893
230,12.103576193782734,80.08426918835482,26.4374686155603,-4266.794928674593,-6915.787107790486,-96793.85463687399,12685.787253796278,24114.56468652048,39159.17929613053,-114349.56884370897,-17916.954320261844,24290.086490631755,-91363.92337660638,-1255.9229059858985,56652.926880456056
231,11.786029516955317,77.98312722706814,28.81246176519179,25859.065325520016,-41953.2271797618,-52693.80704278228,5960.8575194081195,34673.94345963044,43897.57271218352,-90850.5703413283,-27941.886491867077,50004.48793617133,-29250.7443204883,2507.743652269121,95701.80050325488
232,12.12226607092709,80.20786156281852,28.812463769198626,-13152.563685231396,-35660.523463838304,-49618.54584779445,10779.21698257564,26823.960414915382,48307.06725745504,-88379.18868775546,-39550.37588848618,29497.93157937749,-30037.972056080718,2644.252473801636,76249.9322765383
233,12.460756731385771,78.00758652659789,21.395820311058273,-28780.52491967878,37346.10118638308,-220350.46747511812,17531.501047439204,6012.578751909968,43156.120423182445,-229641.79180595043,-24942.644576252365,42799.54517378893,-225603.4286318674,-8950.753169292182,28607.755961483253
234,12.765810637184247,79.9841769213042,21.395821062929524,-28927.32518537509,37626.13617683523,-208476.9688255214,11197.641230970616,9440.686730070756,43202.686707283065,-218507.99647011107,-21907.9650645221,40637.80370057199,-214857.49604459465,-8474.800117949288,23434.745528098905
235,12.46076552979536,78.00758354573647,23.85414011869873,-10722.150106656572,30780.072903391694,-152087.31901183692,13902.203402653902,15096.389027113511,38936.54153097308,-162751.59544275582,-8169.459115212567,38891.65834286655,-153981.41281854984,1699.9278829515397,51812.32858377786
236,12.765819472605374,79.98417351121016,23.854141429615474,-11590.89772540945,34989.45856748495,-144129.358330494,11816.023990216137,21287.039667155837,38650.40897506192,-156188.28395275126,-7586.346395693323,43043.832860026036,-151060.31325807923,1456.987390155089,41366.858514686755
237,12.460775187583186,78.00758039369643,26.312463939192767,-3389.7824620995734,-11595.43622976826,-104357.18585101368,6187.215870855945,20012.12500052055,39731.955828763384,-120757.25962834145,-14910.519622864169,16325.374708324074,-94087.12810902103,-1289.7785754148977,69298.74239404712
238,12.765829005055071,79.98416936745251,26.312465511417802,-5043.769693571149,-2363.1145880003787,-99060.89270028537,7899.262882307895,24110.915776153364,38913.50078917998,-116640.68287822901,-10776.740157295833,20949.646053667944,-94937.73373482088,-1362.8446686230527,53112.725213908314
239,12.441720008940653,77.88404001089131,28.770791628179175,25465.935594988623,-37942.77911995613,-52329.75271759185,-1168.6441532688514,35376.544952000506,44969.45578285636,-92815.46108425844,-20418.296567587244,48427.161409286324,-30090.192031579227,2577.4993064049986,93412.73345762701
240,12.784905330409128,80.10770196027478,28.770793633783068,-13541.570691036668,-29571.14569215784,-48930.56670385215,4205.08568384569,26488.08448810089,48222.891851608714,-89206.3720167118,-29522.935957968566,26686.024887633735,-31231.366071025735,2663.3039326948774,71679.8025053507
241,12.945380713660075,77.93127123761165,21.104153243165342,-16736.49941582115,140889.04168148176,-204645.39734047063,39902.43846213436,17080.285764259992,56598.58249955031,-220470.4994070792,-13017.623854616953,152995.2681868861,-236824.61260213525,-9573.528025603215,28411.64147375051
242,13.268946561956083,79.9048862419106,21.104153920943546,-17918.41101029548,131815.2086687026,-194869.16324456633,23805.216877036062,22526.098852429164,54563.237854211315,-211021.01636334212,-8414.884683613709,138463.53546079656,-226473.97140548588,-9035.780795749572,22339.17904181062
243,12.945389822750602,77.93126816271891,23.645805051551157,-5489.833401503325,107989.7009903758,-138350.0022537317,32033.685184509108,33641.47492241686,53196.1505074745,-158763.39000397216,-1980.1961803640743,124893.45151947704,-159904.17439006403,1671.0437173919083,49295.49236868255
244,13.268955658368965,79.90488274418605,23.64580627756748,-4336.866425059365,110525.59970757015,-128643.52770678283,24437.245714856163,49838.54770272789,51403.68872596866,-153016.49493079906,885.7986528859199,129675.90185364107,-157626.8254847775,1380.944559312804,38024.773684120584
245,12.945399839289069,77.93126491923348,26.18746174443435,-15670.389315048942,-541.795189651566,-104550.1144114995,15140.829341465622,45797.549401279015,53611.402808445695,-139091.2608376696,-22959.59345081188,41288.55537228146,-97023.1310622852,-1221.5913069602175,68068.81709830345
246,13.268965475925917,79.90487847871672,26.187463225244176,-11408.294733957473,19805.63385828118,-95252.23132628386,15741.130546905037,57120.46771198297,51752.03526173071,-133908.12795947975,-14778.851803688352,61832.0875612079,-98527.50577787434,-1370.9785773162193,50402.37014236708
247,12.925188138569535,77.80791052744779,28.7291226317249,433.4710216006206,-78049.73506720175,-63959.98270904513,1334.075156711869,80472.52861341715,57290.43850770299,-161222.01284037356,-32111.094035461225,51756.86012118855,-31016.793874139756,2530.4289846483844,91367.47978042965
248,13.289199206252734,80.02822493397728,28.729124539707154,-29334.710064774234,-44762.21786554033,-54551.08692403658,4345.767292704848,60740.78344937855,59372.13957664732,-129643.8916569032,-41327.45322152612,42323.330024078175,-32421.771188574432,2601.993343006656,67971.14453617501
249,13.267809105527023,77.87629933661614,20.812486580180526,-17547.454837278878,139426.48843940732,-207270.51296124712,36846.60419995377,14809.419231664988,54717.39233556814,-221984.5645244741,-13081.31182046163,149674.39698581715,-239912.5474595663,-9330.068774997211,27802.443674839662
250,13.603710162868754,79.84789215792551,20.812487191916386,-15811.381794628542,145825.61922944113,-194582.38533927026,23294.254588886426,21479.525907991774,53845.4132428427,-210141.22325878247,-6045.446853937739,151618.5222082625,-230347.0553111576,-8825.671977393931,21536.02872267289
251,13.267818501919649,77.8762961809689,23.43747113058166,-6189.967123814953,110782.25334845978,-145041.56404254172,27720.705689359827,29293.895785004213,52210.461961262285,-163833.06412677863,47.62832992405268,123336.1579789577,-166582.55402008255,1265.2287490559193,46686.14324587602
252,13.603719514255632,79.8478886106944,23.437472279344494,-2830.2379220695802,125345.37711183995,-132038.28152935364,22680.520646612124,49108.54617736341,51316.631239023074,-155490.7277189742,4274.8007953889755,141692.784584002,-164419.56083312345,1012.3902227246609,35155.263995819645
253,13.2678288487819,77.87629285697132,26.06246041347911,-14746.570914412172,5631.492097763898,-106797.79054899029,8983.812292958886,40968.61929740101,52965.24323704567,-138963.4460011953,-13044.475012419025,36095.05164797575,-99853.63820466703,-946.5611459953217,67617.84828724997
254,13.603729609387523,79.8478842446406,26.06246182106141,-10573.814250048868,29341.912700763543,-96450.91168312228,11368.479684443571,57313.63349799322,51814.16784099319,-134965.6178352249,-7530.131480544669,64812.936083361994,-101709.76041901275,-1106.8412638664781,49346.991231030624
255,13.246846694319235,77.75306473015901,28.68745423379307,2562.0028762575803,-69213.18688351738,-62635.18710546463,-7101.702770688303,73771.12370782622,56973.180350777315,-153192.3418226151,-23001.74793999482,46907.71864988548,-31778.982437644972,2653.5183956603355,90811.25638510674
256,13.624734704519001,79.97110419852201,28.687456064714326,-29315.640449174032,-39279.3537589921,-54399.46204771765,-2841.896216644379,61039.12256991173,59792.18549656575,-131803.94226419096,-31431.033594352655,40240.51960265994,-33331.33886840012,2751.3586815142244,66536.40135252188
257,13.590250727448632,77.82140469313337,20.520819845412397,-14902.506764440848,153860.19742541522,-203870.0309847498,37243.76186617612,13431.61799934901,54824.06961367392,-218653.55388140553,-9665.071219855952,163406.28477748606,-240032.1137406496,-8841.575486745165,25369.01987405702
258,13.938460496862428,79.79082108241988,20.520820391559997,-16197.221905828068,145658.39317985874,-195988.85278784015,21083.458827460232,18014.951535819902,52564.52138658853,-210628.1228155301,-6077.343156562343,150177.78445828296,-231253.26566912618,-8351.52051885778,18942.88972342494
259,13.590260419246718,77.82140146594581,23.229137222062093,-4823.768138204796,125189.42435110314,-147941.80381651083,25936.6016033284,27566.12700423396,52403.40026447272,-166231.39423558736,3394.5021774264687,135260.7444545484,-172997.78133343393,751.7339787340752,43494.11167728489
260,13.938470107225399,79.79081749166804,23.229138289182213,-3697.3669949390096,127965.49834855422,-138545.01735393735,19090.0824879469,44040.568220421665,50189.724178196346,-159723.5314648025,5119.277345945623,140327.36811853468,-171032.0530666853,555.3538081966341,31838.92626534534
261,13.590271106735154,77.82139806639175,25.937459092690077,-14273.598536565614,14225.042440166013,-108303.94489196304,4049.6103085619316,39605.849927599505,53251.4221120353,-140142.4151088834,-4502.461802295702,36292.375922816485,-103090.75617074475,-966.3059405821391,65938.09893589732
262,13.938480487549494,79.79081303544329,25.937460420442335,-9998.731454293435,35311.787845051265,-99040.75768872419,5637.605095447754,52234.27050783588,50794.44196864964,-134475.55074650986,-510.5228455488447,61258.37229409235,-105286.18407082529,-1156.1048915411595,47086.08339799339
263,13.568519994387035,77.69830571359194,28.645785835390164,2086.7743944721806,-66099.54563525131,-62687.03887283996,-15236.964554425034,74065.47974507854,57626.34893111107,-155692.18359186436,-14830.826843190958,43823.20032143628,-32898.80520671812,2429.5867378513894,88749.29503748068
264,13.960255314066652,79.91389687368378,28.64578758129814,-27797.72571940814,-30941.91922968083,-53615.38931857555,-10560.956361268867,55127.030233224184,59262.18032234828,-127958.23388346977,-18982.20977161571,34585.40938742099,-34605.2653741049,2566.8821427678836,63764.11134654735
265,14.072804882324725,77.73294144678012,20.229152555628293,-30764.030788810225,50459.06795342309,-232902.49445776458,14930.06184291272,3286.7684285035007,40558.30934680351,-240737.27334525605,-25984.978709169176,53514.79476127346,-241932.05333702627,-8445.624214606978,21337.914595538932
266,14.439467600645129,79.69903569638913,20.22915302940269,-31289.68330266902,52621.93647159426,-224409.7789231624,8965.0723586289,6532.350721706215,39936.316882261606,-232418.89524964028,-24666.114648555744,54007.48414395886,-234900.2190168689,-8085.291966739691,14664.7759593923
267,14.072814907000486,77.73293817721677,23.020802150100977,-14245.080059137483,45162.34521544488,-172481.85661014638,7318.09530412142,10114.543878772332,37847.44124404254,-181369.09810131276,-7320.679298222413,47125.185945696205,-177443.338039105,950.0377935952072,41950.47571981058
268,14.439477474458773,79.69903206271279,23.02080309928996,-15294.067585734068,51314.8245761781,-165152.2308486554,6080.683737329833,16884.59015059014,36157.50367638931,-174433.21407959075,-8559.444001470214,53861.18422284958,-176165.170677591,829.7059625664089,29771.9659165985
269,14.072825993705047,77.73293472757345,25.812456907174802,-5379.782320492392,713.0495365480019,-115048.9210514272,-6411.551091436087,14360.71055207072,40182.69499365795,-130067.06923484888,2121.180187232214,8230.235212245132,-106430.30497831144,-1087.1862885245362,64006.629836608656
270,14.439488164437195,79.69902754520352,25.812458104265577,-7528.029698847842,11951.550227169664,-109995.47289229922,-3798.0347850856524,19680.37585873932,37667.30048567286,-125234.97385117726,4239.796589263131,15423.22489793671,-109017.35476242863,-1237.659249476578,44688.0055302154
271,14.049921969053862,77.6100499211264,28.604116819213914,25127.43688653852,-25880.236953527274,-52118.564245494585,-20021.636775544044,29150.144853951326,46702.68834945701,-92459.38593263082,-8032.70009708329,47620.72171723074,-33756.175937755186,2539.3441707624047,87501.62535801754
272,14.46241661241906,79.82190368132245,28.604118422735084,-15519.4200838602,-14817.260224167989,-50125.61146862358,-13454.028784278325,20774.960182436927,48350.697835756306,-92092.57564404313,-6934.484920664944,18564.768788056266,-35674.5815985323,2713.1645893935593,61579.80077602723
273,14.724698104618845,77.6092486047521,19.937484308298213,-32057.19603424246,54544.65925822788,-243423.82189940134,12644.837279866679,2775.3539933312104,41999.26192195588,-251463.8185154437,-26094.40602685014,56621.86586687789,-252315.4568352765,-8979.767920770222,18346.913436266677
274,15.097504967822763,79.57419726438354,19.937484777739208,-32592.58342187324,59469.266856906426,-235370.18779853865,7494.9254952470765,6252.229486334972,41205.275667363036,-243496.38988909707,-25400.658942435886,60403.54446802747,-246902.28702316547,-8698.012561563133,10912.911489978733
275,14.724708485630085,77.60924533397676,22.81246635673428,-14387.743876661647,49934.942655768915,-174396.94927313054,3172.7504467297786,9421.078250523084,37590.69712039878,-183098.53163267532,-6463.361415525151,50712.142554177284,-180073.15260581134,1642.3697073176695,40688.25943591975
276,15.097515096995458,79.57419360702379,22.812467243450197,-15453.11254869711,58477.01385638222,-167286.65089336186,2760.5485629712016,16813.955031014953,35698.91598379095,-176326.59691095847,-8072.893855618541,60136.74118090028,-179998.93068716547,1506.4821475160106,27736.119283559157
277,14.724720021949633,77.60924187700368,25.687453795752617,-6233.708365096083,4981.071177713515,-117295.19381867557,-12841.791290059899,12970.9217155221,40074.26253457429,-132186.97006295767,-1354.488039321705,14993.627096221238,-109590.59969985644,-1334.07804616941,61448.72451121661
278,15.097526107899537,79.5741890713138,25.687454901852462,-8767.344623628687,17416.360921991996,-112196.42984594026,-9733.347098281442,19128.13507872366,37311.16065136968,-127355.75371449778,2662.392448570297,21145.947718350515,-112767.94154358118,-1461.671118851545,41284.000587016315
279,14.701432520447115,77.48642877600811,28.562446628169155,25459.154222752968,-19804.06846713998,-51393.43355904941,-29140.536246381722,27337.064711477695,47042.03988708119,-93002.05035484907,-4064.9307390451463,51328.6332904578,-34680.92940080566,2657.2619291792216,85726.20840311158
280,15.120838945431043,79.69699355614473,28.562448133303768,-16212.668309878898,-8357.508645473647,-49832.38968526474,-22338.898480196414,19741.60277209395,48377.750636523364,-94114.7250535071,-689.7162501184232,20401.874663008217,-36857.47671953905,2865.227466285304,58574.91469004503
281,15.376594847810228,77.48557504979911,19.64581618192392,-33541.0653948297,59578.727791895435,-255450.5222597588,10252.118639209713,2906.7902961651926,41650.924525696144,-263013.8540888046,-27276.17532993316,60877.169556044726,-265777.5851366161,-9986.315295872973,17181.358913528176
282,15.75553859371999,79.44933960771405,19.645816616404804,-34306.93336124415,63319.45280331676,-248485.64776984148,5494.220985728715,6464.6637622173375,40114.68786956469,-255843.19769136506,-27513.084531168497,63883.15389476482,-261513.5197996074,-9736.989651816039,8841.923542230496
283,15.376605553779916,77.48557180863791,22.60413056653444,-14491.763621555383,56673.501592299974,-176196.77037198516,-960.1297787727962,8557.156063558936,37755.52025430299,-184881.18662914835,-6124.133236974313,56990.28746488209,-182897.93297642533,2313.6978589985238,39122.22940555317
284,15.755548950136115,79.44933597626324,22.60413136959043,-15701.872968377713,64020.238062875476,-170052.38818158556,-827.5793509024472,15910.244519276455,34657.730241128476,-178497.74269065468,-8363.26513168028,65126.98473524721,-183978.25918446764,2127.9294266319052,25210.779289979215
285,15.376617528829613,77.48556838444237,25.562450676060784,-7360.638254612448,10091.815408912342,-119183.77022104469,-19749.05112212503,11503.88153745192,40611.62560500836,-134409.83134165916,-6463.170642360179,24420.40891727449,-112436.05314042993,-1493.9856559576317,58890.12436168839
286,15.755560263688645,79.44933146306053,25.56245166931251,-9765.28572001648,22472.602791639278,-114326.94453877743,-15764.08339965171,17672.948857767085,36687.57889663465,-129010.00083796869,-1568.6286993925155,28959.0020702066,-116295.11064404607,-1651.3143861669796,37565.75132976474
287,15.352947064801961,77.36282927417281,28.52077643392466,25134.958195659492,-13704.032307335046,-50738.4676788608,-39269.764051249615,25838.27015917562,47721.977292506504,-94870.54476449624,-2419.079584037002,57982.082557996924,-35661.07243335501,2751.63585573994,83675.96734492117
288,15.779257120283274,79.57206196036725,28.520777812797714,-16486.16126291045,-1553.1132201412038,-49436.10353435635,-31113.79756832787,17706.261526249407,47800.34543049115,-95052.4206599982,-973.4387790133824,28550.481421603596,-38200.4347973815,2918.2337813744584,54999.75950434698
289,15.8580167797151,77.39114460807765,19.354149132478284,-12457.759454588799,196730.8985243584,-231449.11419695272,22431.285641517494,4124.687101092208,54148.87813634622,-244109.34213271458,-2406.359170006067,199339.72617553762,-275224.267061205,-10624.664930852148,17772.526914893027
290,16.2553482111975,79.35124175448615,19.354149451402222,-13577.760430257229,192700.71429095042,-226654.49755893368,10114.7857262616,9458.987869289875,51203.91407633834,-238433.48991756263,-2643.6770958390093,193545.6233151612,-271944.905593522,-10296.827448269658,8998.093605317228
291,15.858027760799152,77.39114138371124,22.395795520712223,850.6644815013133,173777.51706333953,-153845.80501970107,-3169.413215550997,11662.518899055523,51174.895588267274,-169667.4567239762,16246.67798639751,174203.1552627185,-187040.9755141946,2340.21120252258,35953.27685650955
292,16.25535877616386,79.3512381747466,22.395796165557066,2175.5328481041433,178889.78881653678,-146090.28137328758,-5080.57366450453,30583.310911592886,47202.47144740462,-162617.77264777868,15847.2990426687,181745.51389646332,-188749.4069143606,2061.4816688492565,21455.768032434833
293,15.858040125026184,77.39113798846942,25.437448483608772,-10997.187256123882,58083.73957937602,-112073.1929024863,-45196.31501102576,20382.87968919574,53045.75103242038,-141735.68455015164,-3844.4790892422093,80593.52306015964,-115140.08567979612,-1446.5709742491965,57198.1462181429
294,16.25537037247428,79.35123368412943,25.437449303210936,-6576.892440001397,81212.76205847054,-102992.07529409524,-37859.454354750545,36226.02790576692,48652.71388470949,-134127.7654378015,8797.420756764683,96974.13900541078,-119594.26849394533,-1691.1261539317413,34790.51473006956
295,15.83322102659447,77.26862799578177,28.479107409986725,9075.868022674527,-14888.9261160575,-53702.97435300066,-86686.39626340687,52932.82613810754,59082.7808543376,-153049.4956423423,8010.8338681264695,85522.62932783223,-36692.55730742206,2671.3189769807705,81625.40089079378
296,16.280216731806014,79.47373481050869,28.479108592974754,-21603.555032684188,22688.12028289358,-46012.24262399548,-74005.45481926775,35562.42019227511,58480.200257432,-131286.5396860892,8134.0134756482585,78224.8488366549,-39472.422340855315,2846.9726939954226,51903.39814356301
297,16.1781576503277,77.32412325729062,19.06248254711886,-13840.21314065966,190480.2642963349,-233254.2233588428,20327.960362059424,2488.121552532896,51705.44151050659,-244837.55242690712,-4397.4632632603425,192620.84348699995,-277286.6944581674,-10383.780267319782,18366.81834201056
298,16.587739546010365,79.28173719796551,19.062482782432248,-10766.54875512558,207318.81295662743,-224710.63764624135,9004.435614140762,7457.529585843877,49872.2018395919,-235829.32068456098,-233.40270750527634,207904.34994732685,-275127.8564477359,-10097.673418286297,9751.827597061925
299,16.178168873072657,77.32412002960851,22.1874616711939,-384.7820524181225,173939.0651803473,-159856.99410552342,-5989.890585712443,6925.305428136538,50460.26179811918,-174680.90431118925,14149.206127211493,174228.98720638358,-192579.5778043197,1985.9682521822585,33132.06959140296
300,16.587750313008296,79.28173367109626,22.187462196109156,4570.643206547655,196812.73516330315,-147943.2793018677,-8048.900922034054,27132.621068810473,47210.85555231135,-163596.7026762544,18001.421143613672,199035.38060062384,-194508.11791785026,1694.373240343594,18505.870638748074
301,16.17818159159491,77.32411664501933,25.31244717585931,-10363.148393548177,63573.030256669146,-114040.3774952474,-49902.846383078286,14883.889689656104,52518.540762587734,-141585.37375684973,-8546.390683895143,89301.26880861842,-117664.80362136473,-1152.560209814294,56552.35989584323
302,16.58776218671618,79.28172918743589,25.312447869416758,-4770.825920186908,94931.28186762848,-103015.83837923572,-45341.74992442977,33439.448632139785,48647.5495258899,-133451.83011269898,7160.950534780741,113435.49714612414,-122425.13800809841,-1403.125179036158,33831.879017160216
303,16.152597186354345,77.20176188705406,28.437439003297257,10976.255506992053,-6041.488439934727,-52379.36460486178,-93491.97592114295,45178.9226199405,58666.06214402997,-147634.70890926363,2488.7428829684745,97701.36848849063,-37403.21624708575,2852.0213384682615,81405.10921544404
304,16.613374526054262,79.4040750438907,28.437440044518183,-20273.039766455426,33846.638950069675,-44635.510880332,-86959.91119186889,32286.894237311757,58681.44984591992,-133874.90913378834,4304.8165586812065,98508.18087838941,-40337.46953419992,3045.957757975301,51125.73054202183
305,16.50136702175283,77.25650965859727,18.770815835376688,-11374.556807656772,200220.81975759834,-228414.86240035074,19333.088360840433,1872.3121941945926,50606.27903841578,-239647.17811765516,-1992.951759836814,202071.53042708285,-275842.3138949093,-9767.527159093717,17468.80845820051
306,16.91706212386784,79.21282464362557,18.77081602290214,-10421.989558352274,207786.80480324657,-223167.47398590844,6908.045499141579,6135.0851226888435,48029.720927818926,-233554.92489061132,-392.07752918259405,208144.34367877975,-274644.66028775147,-9516.359700557889,8944.223405737266
307,16.50137847609711,77.2565064405355,21.979127821056537,977.0384425110824,187138.0604938081,-162023.85744856042,-9524.10501097279,4114.97760391941,50487.73793316637,-176513.49208815032,14973.653875403108,187631.07970050606,-198013.61232772423,1500.7972665304214,29778.196045721415
308,16.917073079832235,79.21282118032667,21.979128258355374,4097.640789383186,201317.03805644502,-152650.69500794646,-10923.907812004472,23409.89649232838,46553.71397242888,-167194.84121903928,16781.439191095164,203177.38586582593,-200284.19433617254,1196.138826166405,15181.560334513024
309,16.50139156296134,77.25650307577612,25.18744586379914,-9147.60025194845,74808.74764623019,-114632.48857779744,-57788.295695962835,11527.616895433797,52608.83921063739,-141716.39267849986,-12433.947441012075,105178.99893599625,-120571.09234661143,-1109.1694320873928,54894.318758730216
310,16.917085242859276,79.21281671668397,25.187446459986933,-4201.519099311838,101934.82283011245,-104812.75489227724,-50904.913717550284,29514.08989105614,48001.1154303106,-133511.1015387859,3594.617703075534,122837.03267423381,-125628.05784569122,-1374.3958383529746,31885.121959765158
311,16.475425479033113,77.13422956754908,28.395770579936727,11954.893735317853,3026.4268261673533,-51037.8377748061,-106572.98357418152,41989.60229955265,58971.56261685029,-150427.10722208212,-1061.8275207078661,115432.41752946912,-38426.787032942644,2705.087561118229,79743.55952940247
312,16.943080183784357,79.33508156753578,28.395771510761666,-19233.619102713565,41822.09871243102,-43901.16466823781,-95368.88056038583,27760.100906207,58269.72744809124,-133859.77731537257,73.52935730520575,112473.56289954705,-41528.79092889821,2919.8156157902818,49081.52709745575
313,16.82108438003551,77.18752856198621,18.47914935088047,-9931.13646139027,204482.77395846008,-224839.1812086334,19011.51467959267,-803.0845421086631,49383.351759035024,-235697.26570438768,-775.3493119416898,206185.07130476588,-273368.00114975043,-9152.644804733516,15624.07212962282
314,17.248998453974117,79.14120733954329,18.47914945363713,-8938.521485409437,213268.04337588587,-220301.9825860509,5684.061960163578,2907.3391069434115,46645.34823328186,-230144.59485648858,719.1729319512388,213452.96122896284,-273033.6743165343,-8896.144253935214,7144.45884970939
315,16.82109605513333,77.18752536557191,21.7707937423265,1407.0111020093464,195477.08980544002,-164952.74448085966,-12156.418736711583,-339.68993966533714,50414.787718621374,-179061.3733762323,14722.392217746714,196270.33758507523,-202678.96374464134,1182.628598271549,26893.912790155948
316,17.249009584320024,79.14120394973408,21.770794054680763,4524.340879632706,209949.36263078026,-155904.6502049513,-13373.491541182411,18760.108561936842,46309.5693643643,-169541.2595963966,16600.539625170557,211509.7732766877,-205320.446059277,822.7315485566852,12300.310905199962
317,16.82110952443349,77.18752202974355,25.06244458069707,-8428.837260462165,84216.08043454263,-115898.86993935356,-63993.13389203526,6440.315010910473,52477.04806772947,-141692.4815046901,-16814.032720291067,118394.88745970806,-123567.60926594984,-1078.1556270544777,53270.196609427134
318,17.24902205121601,79.14119952201847,25.062445040012065,-3478.803676816293,111405.89112008855,-106206.28155609526,-56833.48128714691,24850.598673506793,47586.635810475746,-133174.77563079027,18.610921086704817,134876.97059688054,-128915.51540577215,-1361.062799156006,30030.461952221445
319,16.7943803880796,77.06541328569237,28.354102426537853,12941.04862175704,12423.126972474676,-49663.995896264525,-117008.60868748321,36070.52436064973,59122.37724806829,-149927.86027445458,-5720.12210241494,131348.16207483673,-39304.982071867904,2696.3278721668403,78653.58230545488
320,17.27578109497193,79.26329951022025,28.354103202484765,-18384.89954053111,51454.78832581366,-42930.695954096795,-105364.57264515712,22398.789760393003,58134.34983382954,-134514.67285187222,-4498.052248703512,129151.91793176146,-42557.26438483629,2916.634836728539,47598.176878869825
321,17.143418985561656,77.11586146252867,18.187482602407517,-9436.555930618662,204520.62913338415,-222213.2955174878,17956.745273563844,-1934.9724675075443,48089.731453401284,-232651.13015892994,-505.5255098986209,206027.43335410627,-270634.3863103381,-8621.059959299717,12790.450037139231
322,17.577438276896178,79.06820303875969,18.187482661545022,-6146.380674998451,224813.37025215535,-216027.3238140518,4074.9667608854766,937.0345348612257,45713.38455226143,-225551.7808236704,3299.166660354538,224892.2799264209,-271371.1392853898,-8356.922591015007,4463.412315324187
323,17.143430872736452,77.11585830316366,21.562459902710362,1001.687509054922,198961.6329534795,-168373.98208200224,-15171.432978157787,-3396.880139770663,50245.093068424496,-182158.88925583725,13484.927170947374,200263.30046542207,-206738.39328262614,1012.8576647724161,24467.29432900279
324,17.57744956850358,79.0681997284586,21.56246012314032,6262.872613367093,223623.44702239733,-157305.68309953331,-16693.97921353968,15704.43609149961,46414.06188787163,-170519.51763990032,17807.207496180385,225292.94667995095,-209762.32448545826,549.944928030149,9945.895646055913
325,17.143444739330015,77.11585500829804,24.937443290718566,-7810.432962406481,91349.21161608925,-117488.72726378878,-69631.3361869515,2440.8400092040692,52134.809967433735,-142124.835548429,-21092.170048138614,129267.0569864616,-126522.78824629559,-1024.478691403501,51739.62547335102
326,17.577462350913322,79.06819535099389,24.937443642051495,-1963.3693558850864,123844.30141837575,-106660.84242546136,-64403.88830418839,21776.130056724916,47328.382268383764,-132810.3469878814,-2948.346584825739,150978.7832097364,-132161.09432318487,-1324.9814110660095,28340.03763179078
327,17.116334433771552,76.99382979498404,28.312434006694165,14429.047131493944,21177.734767556543,-48363.202448818,-125808.89578367103,30578.31312964939,59030.71609254909,-148852.9539039203,-9644.82178580695,145741.35513995972,-40069.35505375929,2816.271945169331,78108.1533098307
328,17.604603249546624,79.19021161653163,28.312434659607625,-16945.778101285785,62591.72579256656,-41457.40785446903,-118451.03385394067,18707.59520115468,58186.98291634892,-137723.7420302044,-7843.974067607086,149756.25593462322,-43442.76627136491,3028.5744301993955,46709.208751255836
329,17.45967432107005,77.04564561471071,17.895815943459585,-4808.375204542113,225459.91717635997,-216535.53250146745,19792.22159314718,-7369.607537000865,48315.90220437378,-227328.20440019434,4271.341815853799,227172.87205469102,-268674.3621329386,-8419.601177037815,8530.166906188846
330,17.911957355391753,78.99374699634532,17.89581589086462,-8230.854100048382,215119.17117513978,-218284.39242391175,3407.202967709301,-3648.963531972986,44008.33671750528,-227172.74292776675,584.6623419565841,215192.00523698982,-270000.37442330166,-7993.211696248353,139.9816349551863
331,17.459686413233232,77.0456425042513,21.354126110270492,4738.878174965197,222053.99707345606,-167527.34717794316,-18155.5430029443,-10369.041824327704,51014.937380693824,-181568.80451984407,16717.22127265529,224117.11131766683,-210687.43902921525,783.8966167734069,21771.577257458288
332,17.911968796346905,78.99374377046237,21.35412616706852,3349.52104244988,216267.5573505193,-164172.29929753818,-17861.479285911377,8913.600582758258,45609.45027694248,-176219.83305298034,13839.274369958983,217825.33777845243,-214135.8324442602,193.90953869359606,7237.701202462846
333,17.45970068228797,77.04563925936733,24.812442042531867,-5449.077711126956,109360.13986863103,-116739.00218442912,-79174.80833697296,-4523.641131568049,52504.17222318729,-140532.56217660411,-25044.52348674308,152749.14563642218,-129773.15313892358,-1261.593509521709,48905.02361463615
334,17.91198190344817,78.99373946059458,24.812442212357414,-2731.672188059383,124577.60909707882,-110186.46771360975,-66238.93331007943,14485.940796464705,46187.598085491925,-133001.91661800072,-8219.286171956564,152880.67198536696,-135713.2069685792,-1581.8591201910226,25467.98132256743
335,17.431449209774065,76.92387921312155,28.270765626981735,16040.901670937881,34777.17263453438,-46017.758247248035,-143705.10306411996,24590.75325159989,59633.33682694394,-153108.9990358994,-14046.2783648437,171955.59345896737,-41391.78657472693,2439.2313498859744,75457.98442171357
336,17.940264663215636,79.11549089887673,28.270766073899253,-16330.87258454243,67789.02976748438,-41568.149820783685,-120656.37804902988,10526.369139830078,57290.497845554324,-133192.98819888593,-13649.908564668542,156732.90412571275,-44893.42719609926,2672.038437323108,43951.335404532074
337,18.09539289415921,76.89167766274758,17.604148116035258,-36211.67524983108,31786.369587295267,-266054.9075269125,4834.841776895776,-1786.950093395516,24318.671065603387,-268617.09537699504,-33991.55208839515,32128.43427594177,-271666.8398608754,-8385.00155466307,1096.7722746539787
338,18.572009876371943,78.83404946814426,17.604147913609477,-39425.71150426538,35791.765540511755,-266746.50040534517,2191.83318741127,1124.4901700512548,21485.352145868448,-268762.1270121334,-37484.2208724233,35865.90151545788,-275097.1381571853,-9502.038015662081,-6786.965976840699
339,18.095405277911368,76.89167477237488,21.145790256675674,-21515.430564780952,37347.6304399103,-210563.07278152407,-7494.296103650582,-1558.2827435533723,25707.10921448533,-213997.6428904996,-19114.37894089089,38381.14892499574,-213352.66792405932,992.8431364007075,19670.324810362228
340,18.57202146548308,78.8340464313574,21.145790043285174,-26536.305530427562,42830.319822213394,-208713.13044093546,-5593.407587738589,2665.7940810793907,19967.129218947088,-210917.62959330305,-24784.524174229224,43283.037618382725,-217767.1109302994,481.46688038049314,5164.672352398245
341,18.095420119631775,76.89167175259225,24.687439023551846,-4437.979928208082,15411.167621969165,-137438.96189983873,-28768.14483558182,-1520.2402441967013,28663.838142718327,-143475.47123937643,-20819.698086696277,37829.39511999505,-132607.48627200775,-1413.8509750288842,46351.49261780663
342,18.572034994618082,78.83404237240376,24.687438878312786,-12620.21777640406,22588.89549768329,-136171.76905374008,-23748.289593011603,2695.329830742762,21214.732397699645,-139985.14804282895,-21074.007242770225,34856.06395313827,-138869.34637689602,-1617.8850003778882,23354.383487998017
343,18.065648376210753,76.77027004549043,28.229095748506232,36049.07264021582,10532.679690947916,-47652.67735984341,-52879.57777085002,4080.4299955331044,38481.12658962483,-71071.3410892096,-13823.349328184802,83823.76538871472,-42125.34414820233,2657.2859053526918,74341.95866558654
344,18.60183906411439,78.9554360667343,28.2290958367863,-15073.379313781894,13369.900216491264,-53514.837023630986,-43522.731937398785,-42.22869197431538,34945.9776436098,-80485.22652427311,-24133.522999710094,49400.43340306159,-45815.11458454767,2907.931187589244,42704.01444049015
345,19.06274146856886,76.65109289520733,17.312478936609594,-40182.993868658086,35427.10653428179,-284955.28957272065,3701.937222214665,-4324.234786913618,29344.18461383457,-288493.0657455617,-36853.007359787334,35634.89619825213,-289344.08442176925,-10617.611756200566,-5546.028504508093
346,19.54542830588693,78.59197549647352,17.31247863243521,-43771.492325656174,41089.740018010736,-287170.0127174821,1651.1496274936571,-1040.7597502802357,25572.831971194086,-289832.2120102447,-41142.32804125728,41122.7750263745,-295196.7396346411,-17846.12472296809,-8772.536054045711
347,19.06275427170852,76.65109043302914,20.937452883329023,-22082.879601100798,41020.03624672314,-214331.8323945745,-11471.123899299619,-3955.3318401349065,27765.127173704313,-218282.04160656472,-20460.338117108135,43347.70397472073,-216121.30853258603,1942.2216544179175,19262.325482553635
348,19.545440088214484,78.5919727985465,20.93745240583685,-27354.840810659643,48051.98215832615,-213321.9029112933,-9279.40700906685,924.5791431365119,21296.055042407083,-215744.06019286002,-26068.348749084646,49187.64737831787,-222034.43053885596,1016.8385014301177,4121.159802090224
349,19.062769823713133,76.65108787578376,24.56243417229692,-6910.96837579113,18914.412182685206,-139783.43219943898,-34729.51443956078,-3842.1288696530646,29195.19853573671,-145988.2209302318,-27042.22077320671,45250.453310893616,-135378.47822470588,-1750.2420507744084,42741.25012753823
350,19.545454094231385,78.59196921743626,24.56243369200053,-15458.184317528296,26899.11085554026,-138670.5622983759,-29808.66118670877,892.3670099312066,21112.405375690643,-142392.96996826166,-27571.524426639196,42734.858634536904,-142284.44643862464,-1942.7027578733125,19344.3090916272
351,19.032619481444296,76.52977972857609,28.187423797415065,35066.837559221116,16417.658916810826,-46878.39260724347,-61831.664381813105,902.073916396743,39097.874918656744,-71758.72374350704,-18106.674808738895,94471.5024210344,-43099.48215007447,2696.161912041305,71648.44805460557
352,19.57563793305348,78.71327028299795,28.187423502540486,-17336.934005586056,19298.230719649757,-53775.19555512711,-53327.82988522353,-2705.2389929302544,34693.27519072666,-83052.88317069337,-30687.323619409286,61926.307949039256,-46997.123573230216,2956.3467684128514,39588.059378318176
353,20.02706927163379,76.41130997312929,17.020810266967437,-44409.12696848136,40247.447447874714,-304733.3357868467,2395.2766932224185,-5863.960105353538,31092.07481279408,-308502.16899044346,-40782.43723642397,40389.59091941404,-309776.9178745196,-14062.62095606205,-8846.18894413861
354,20.521867207587764,78.34910036465939,17.02080977703885,-48350.40656787338,43697.06348399639,-309183.2084630586,1178.040968155729,-1826.8957821298509,25934.851088702693,-311747.4506685898,-45807.70525280588,43718.60437446015,-317900.6109096079,-24218.032135226636,-10137.28006591141
355,20.027082569385115,76.41130800497226,20.729115745796104,-22977.69712272833,46821.77102018283,-220753.61346378177,-15742.377645240707,-6980.568167909686,29387.402249366132,-225107.52885844436,-22655.5167009112,50853.5059930283,-222276.11099629683,2634.4465363002373,18650.092590916887
356,20.521879268915388,78.34909811055832,20.72911492366022,-28379.442878714275,51577.42041696588,-221096.83170595707,-12562.528951450704,-1087.8382878870136,20936.5274263324,-223345.36164417356,-28125.225664221616,53571.73314068976,-229497.89107335135,578.9605722772629,3538.2031376589975
357,20.027098762912846,76.41130603553592,24.43742936672818,-9310.85413828183,24120.722392864234,-142299.74564215273,-41613.006127258326,-7119.804747807549,30508.47711913386,-148987.60220594643,-33497.8285153568,54995.55333373293,-138376.60018722387,-1796.7951177362706,39842.56025134119
358,20.521893679504764,78.34909512759057,24.437428473840704,-17684.39644290035,30587.47047173367,-141709.39609560248,-34934.35425279363,-1481.375501190026,20545.365050434357,-145125.30645953346,-33221.70026705287,49540.684659817125,-145911.02877939527,-2007.226248193103,15568.281641598036
359,19.99619234854561,76.29019179740492,28.14575186456204,33593.42492268173,23640.42444759753,-45933.9159891401,-72336.13607258697,-3067.7649243810074,40202.52340067907,-73240.52394232545,-23212.345345669204,107752.80266913383,-44187.739791690205,2768.823089382958,68670.247833206
360,20.552835061447404,78.47020354366936,28.145751095718104,-19250.34935788924,24870.29560149267,-54186.22176272991,-61390.40422519293,-5872.071173318462,33601.0672627574,-84422.7937733288,-36934.25297115262,72790.77122535493,-48438.45806293505,2967.792790089143,35767.5236482655
361,20.81795930438746,76.20413961970557,16.729142625630605,-40191.841388171706,108162.13238020982,-304729.2419470579,1759.3322933817387,-16016.278132531897,41120.467754111865,-311591.17059009074,-33950.45210989571,108782.67174496688,-323054.80625037267,-16405.334510466128,-9927.696896342164
362,21.342960644829684,78.13391548040438,16.729141881930328,-42867.78891931646,111190.1468450313,-310838.3168096192,-1261.8067153628247,-9802.772180067592,35502.477431482155,-315676.14488236373,-38286.272040688265,111446.45803914763,-333882.83480387216,-27728.80716150996,-10756.210303289583
363,20.817973082982018,76.20413808736566,20.52077943203478,-22329.110466064667,110062.70346634982,-217962.9974359708,-31305.281425535126,-23491.71517049419,41095.33503364031,-227101.35338082677,-23308.572159224652,120180.52110436579,-229699.89528207073,2817.9619998520106,16891.093889316206
364,21.342973022377137,78.13391367979243,20.52077818614898,-24513.603200133817,114875.16552394292,-217655.68512763106,-27505.906071020112,-11307.714695562794,32316.155150771185,-223055.35040956602,-25228.78466981746,120990.0122755616,-238015.2280412846,-1611.5243598960787,3246.571382964404
365,20.81798982934652,76.20413668793803,24.31242554289974,-16543.38367697736,67479.55829734581,-139803.4528416134,-77195.75755325309,-23660.77727001153,42720.95871372963,-153163.53754477948,-55983.31024624445,120279.56956977898,-141800.5841434383,-1724.6850725443912,37994.565362570254
366,21.342987783396534,78.13391128907853,24.312424166231203,-19673.91416210665,76732.67870183184,-137467.70485657416,-67183.31673867072,-12211.024607381401,32654.76647415737,-146047.39228673815,-48255.96955104325,113894.42152093248,-149925.74134774107,-2010.1098909810185,12767.466702024127
367,20.7851964020867,76.08352371031546,28.104081125231673,22746.30517845381,57362.61164571124,-41801.33746875503,-128722.50598122405,-16634.486263015515,51373.68771436802,-103970.76609795008,-37476.2552064307,179754.6006597908,-45266.67944188591,2760.877211670447,66082.76882343652
368,21.3758174356893,78.25451941244927,28.104079799316462,-23681.98546163842,64840.14058657059,-48655.15783359686,-112755.83400013467,-19445.577467388277,44354.006330968856,-112161.76729114391,-45630.26125084127,150295.02583332054,-49825.38331600709,2908.357886137006,32541.084179674428
369,21.450513339296908,76.0255740482224,16.43747533524425,-41715.026732618375,107636.88831803997,-311179.3995400014,506.94312593700266,-17341.08095720169,40307.08303608908,-317777.4412037735,-35842.938762910395,108362.84201210411,-329265.28128761344,-17462.687991201423,-9815.059806138916
370,21.993606856050118,77.95042805945769,16.437474412217092,-42653.17895867168,122407.62771857543,-316712.0976815113,-2146.537003410014,-12209.042018654607,35580.575374021784,-321571.83300339634,-38193.036238037166,122807.22031982594,-342346.7817063966,-29292.7687061454,-10575.407636644819
371,21.450527557327767,76.02557289222894,20.31244428664451,-23944.07498502868,111528.7436752883,-225643.28189789748,-33799.13172061257,-26987.44613965875,40287.533829171196,-234585.03178186907,-26655.533539150358,123181.9521133815,-237242.9998633636,2580.0536443906553,14255.999092733437
372,21.993619544344888,77.95042668283074,20.312442714988812,-24735.981043031163,127031.52933302049,-223841.2288402943,-31747.14829405293,-16188.382613527394,32207.548938160522,-229269.2161008915,-27075.748724797257,134799.28427538375,-246444.41911506004,-4444.345020860776,2940.936318753619
373,21.45054481680066,76.025572017159,24.187422611929094,-16976.80533090952,71794.42273787207,-143007.59721369512,-81501.05770909568,-27908.02054641763,42170.86155252627,-155867.38928410877,-60258.02252246622,127935.43199984239,-145388.91930117307,-1538.2013692679552,37058.36009126883
374,21.993634647913833,77.95042483308687,24.18742085939267,-19675.678218066445,88131.68191897935,-139510.80899625664,-76078.59881456586,-17718.232196343622,32823.37406240845,-147927.36100079847,-54135.09494734077,131007.65065279546,-153821.17040747387,-1787.8585426206832,11777.149395218705
375,21.41662131234034,75.90526701801207,28.062410990678107,23536.15443358766,64812.55157233166,-40586.478315872126,-134583.76199077445,-22295.62350707532,50937.863668583064,-102880.09879405766,-40610.0861804639,191252.41266456872,-46127.97294710444,2897.504281938107,64854.05489079436
376,22.027595408647,78.07072573135358,28.062409231191285,-23555.802419363124,77959.34032398857,-47343.54600793317,-127334.858415248,-26434.957423618278,44625.83639868127,-117689.9493260138,-49541.57119969045,174291.5124223965,-50779.58784569741,3083.1714323379215,31415.925507055148
377,22.083115108953763,75.84717775521297,16.145808030259136,-41342.92655104793,118413.56577237055,-314283.72513689473,-638.0129739143132,-21033.659793328505,41286.24255271539,-321367.88807410176,-35323.13713021163,119477.93928874124,-334086.47406405583,-19475.528320541758,-9637.239635277792
378,22.644205057066102,77.76677191594331,16.14580691945795,-44211.01776325995,122094.18567423915,-323849.38088102307,-2496.339253604043,-13954.170595671321,35062.004200869844,-328585.5824653499,-39989.60830792877,122608.97780323471,-349032.1068795907,-31620.57710462639,-10260.611789269486
379,22.083129777209216,75.84717701616151,20.104109179028793,-24347.612385148554,123617.3407238729,-231021.3087901247,-38539.958936310104,-33090.24692732916,40716.68717634736,-240556.73792401492,-29067.044321783473,137872.201794398,-244730.63237214563,2263.0016126813066,11061.038035841917
380,22.64421806283821,77.76677100863667,20.104107268286516,-26721.477583541367,128163.58388233875,-232050.43870370957,-33476.40411602553,-19423.53290472021,30890.77671034316,-237169.558521592,-30279.74672110954,136840.97283778942,-254842.27909974637,-7754.798945311677,2557.6570475887897
381,22.08314757152891,75.84717671320371,24.062419700991065,-17196.158176320907,83887.31481750077,-144949.34464972143,-90904.16542656913,-34768.192031576145,42594.570223661816,-158114.11084761948,-66673.93693479076,146529.8597738687,-149460.56268262168,-1537.0917807556855,34993.13162246404
382,22.64423353579205,77.76676975642864,24.062417556988706,-20583.63163971791,91767.85669341352,-143280.55373647646,-79639.54321903754,-21533.5405149528,31447.194467572284,-150897.00796464324,-58297.701420661804,137098.3807025243,-158291.53355694874,-1810.5842976159713,9758.30944406227
383,22.048099985953368,75.72720112528394,28.02074085761699,24089.17250411756,79179.79816831055,-38124.83426031096,-149662.8005127774,-30441.681821310965,51755.19130488332,-107505.76675954043,-43771.64058902494,216421.5437606825,-47402.72998180659,2763.5272851525406,62031.400382999505
384,22.679319650540997,77.88674236640563,28.020738644276427,-24109.05067822153,83752.44158151795,-47634.48921160133,-132606.11988434778,-31208.620748342866,43470.26510410109,-118882.29632814285,-53005.992566909736,183897.19058674778,-52273.794520294745,2882.3602304323367,28866.32875950768
385,22.86565360301568,75.61040825625136,15.85414039627487,-51477.7899755574,51776.58564737851,-336038.59407200303,822.327492614027,-12124.601558882408,32350.45765196093,-340046.2117459887,-47849.214562084424,52155.627907891154,-341905.48737562704,-22396.059337334165,-9683.664446274306
386,23.456681711202123,77.52104812329173,15.854138992259092,-56532.24535470562,56408.85228335536,-348651.97831931023,1509.2637108221707,-6525.052799582484,25583.56816573922,-350983.575160816,-54316.53305480659,56524.73682496197,-359528.84362861246,-35920.18290782092,-10359.883855247946
387,22.865668842321178,75.61040813038699,19.895773023906266,-30865.589812612146,61335.66053507164,-249503.29611633165,-23997.483499652222,-18049.11779380749,28944.829539582206,-253971.8047509563,-34171.38681546299,69109.96617254712,-251765.33870598453,2226.158871572821,8984.25794348454
388,23.45669511671086,77.52104787250626,19.895770613770313,-36550.71518203596,66499.35865290556,-252615.92892677445,-19221.409370545094,-9941.95832873809,17949.707908504944,-254314.36086583405,-38845.27630589024,70492.35171581943,-262979.9495639618,-9738.0787959559,2602.9322552685007
389,22.865687277545796,75.61040862296146,23.937415971820645,-17215.595937732352,41775.322842606474,-156227.2476344274,-58153.37218580709,-19990.2452918975,30632.236648086844,-162996.41726390814,-50778.920012038434,82107.8165463933,-153782.87437386444,-1605.799131308763,32633.949488217764
390,23.456711043337858,77.5210474636556,23.9374132682284,-25504.753884865713,47294.09662419869,-156616.8583854546,-50115.83775791905,-11923.415809622615,18222.311828070102,-159238.05156867666,-49975.94122432662,74386.47714688166,-162937.41931499453,-1822.4025286078388,8111.154368248994
391,22.82876931843879,75.49099341354531,27.97907014467525,27447.814634384304,49057.424668398315,-43420.407487741984,-98142.29854157715,-20126.07454471092,41235.83429959559,-74029.65417307673,-39455.99885472343,146570.48484284081,-48576.01423313192,2819.150030445495,59714.471713434374
392,23.49366894634064,77.64046128358152,27.97906728750231,-28309.215740579064,47062.60383178009,-57003.74271319248,-87406.8130555835,-20261.128631785596,31434.59746714167,-93331.13693880358,-56469.358531011734,111550.14084782386,-53576.335679148186,2925.4142310508237,27440.884848483027
393,23.81309810366121,75.31078808435,15.562471940318988,-54609.108603486406,53435.78131025909,-349952.59752700257,-554.7065525926812,-13988.5166886308,34152.77383488105,-354319.9542117686,-50754.79346948442,53948.82286102302,-355303.16443036,-25738.165424791277,-10296.967921736863
394,24.41606779633155,77.21773395700521,15.56247025740538,-59886.31379798607,62064.766354929496,-364566.9526461807,637.3740285623077,-8609.364782837942,27323.249045822824,-367171.4504779652,-57455.542707511006,62238.49309623876,-376093.692436416,-40824.4951012687,-11114.048637236818
395,23.813114066258365,75.31078880584877,19.687436226473753,-32325.352507281874,64301.54818976321,-256355.92069918104,-27367.886442561452,-20532.734640150295,28364.133969652255,-260789.7177454965,-37356.1947530638,73766.1874818606,-258435.97733376198,2583.075532577433,7863.151790271062
396,24.41608171415196,77.2177345638131,19.687433308396077,-37936.07646642919,73086.5149897614,-259665.93066091632,-23128.962355845528,-12785.14296247136,17409.944978820327,-261385.66729809422,-41598.39503049652,78468.57019100661,-270877.4831158339,-11024.546846919764,2942.104079220564
397,23.813133230904448,75.31079036501072,23.81241132734704,-19333.494471861217,45720.35352069435,-160153.79218480954,-62847.43324117122,-22975.201402062496,29810.10762693581,-166749.5608586898,-55953.953395411365,88936.58111812473,-158262.23330056336,-1771.578802981817,29749.374821139838
398,24.416098155992266,77.21773525664065,23.812408054992098,-27689.65582893767,53550.29102007625,-160256.44462009723,-56724.255750075936,-15379.290752825484,17551.503996544987,-162868.7660737263,-56152.893361521616,84625.85000628927,-167782.05752341452,-1971.1193756157047,5938.246296346444
399,23.775469875603644,75.19160704184327,27.93739825517119,26594.85941712184,55508.47642938265,-42657.424663611266,-104733.91971270945,-24632.405411325894,41101.0607180304,-74454.07568958726,-43321.1727683569,157221.15964083734,-49892.152534529014,2814.7431955475477,56826.50635576072
400,24.45380303818145,77.33691940910022,27.93739474844122,-30326.833100151005,55013.0083049816,-57419.01132372029,-98292.48505386473,-25300.33480129484,31230.98817199425,-99092.4185502852,-61095.8010876778,127455.3835190733,-54990.89301287421,2895.794120954461,25792.535191828174
401,24.760566359994034,75.01124226055039,15.270803531383137,-57530.009086938466,58336.17411414867,-363628.1844186822,-2308.268514089177,-15666.839560054976,35013.644534962295,-368131.82062969555,-53721.512190796115,59031.31342901961,-369631.3923509193,-28269.153610879435,-11152.86356148264
402,25.375430374760107,76.91434563805699,15.270801541331595,-63500.18196063289,63499.536850078875,-381522.5564515132,-15.11598749266049,-9112.000965849815,26994.453357987557,-383981.8178443738,-61229.97916988969,63688.59545219639,-393486.7383492475,-44373.328692309165,-11864.882049026923
403,24.760583091505328,75.01124391164284,19.479099407932182,-33836.694519896264,71183.84032707832,-262466.78152686014,-31700.50526556203,-24185.07029524843,28141.2810206202,-267103.0221784696,-40810.76753142413,82794.1539902155,-265212.1664235849,2972.8301328099983,6222.207782994805
404,25.375444869365516,76.91434719638221,19.47909595444088,-39425.4984496871,76069.96093813537,-267115.1941683809,-25753.971703859894,-14688.968396448046,15641.25816310705,-268671.5811059135,-44243.19578016946,82444.0452061503,-278730.368515757,-12527.18613959414,3353.3346757027625
405,24.760602960722228,75.01124664933252,23.687406657813646,-21792.8214160144,52634.89672021907,-163432.34396485644,-69567.20286211939,-27327.2030912104,29679.24585097712,-170310.16128705442,-62297.3178060072,100017.21043240983,-162638.20954980055,-1870.7267946256234,26500.163542161932
406,25.375461812660603,76.91434910203905,23.68740279055355,-29687.78447605462,57028.25074251447,-164162.97913529133,-60707.95364237875,-17949.21097928311,16008.7188739057,-166632.994214103,-60593.104571024145,90403.5859162957,-172542.2926305866,-2051.880758137387,3364.3146281434674
407,24.72219696686889,74.8923046850315,27.895726348687447,25170.950771012387,64986.89337371318,-41359.97238612392,-114736.81494970949,-30614.07900193307,41636.51242733129,-77209.9532422588,-47308.990050839995,173316.81505170045,-51288.53904288268,2823.708689292811,53186.59409153333
408,25.413910694827738,77.03329431394751,27.895722158587972,-32188.84421959294,60112.052441154825,-58301.064597955985,-104763.32067951224,-29122.272233381675,29960.97874615615,-102779.15952694791,-64562.20216220827,136963.50531276205,-56667.75880284747,2799.5001805536917,23383.562382088865
409,25.536972351843524,74.75507790299305,14.97913604005431,-48370.52564877901,147265.56794450711,-357039.72948524985,-9079.440737999774,-39003.25323605834,44645.10405680545,-366087.26887096843,-43117.0334617717,151059.6151432183,-379370.43781161396,-28954.911606403086,-11461.875539761197
410,26.181480260536738,76.64829623361705,14.979133708029272,-52363.33257197574,152890.2631293988,-376473.6927820157,-6944.272784184351,-28998.11572212987,36859.731453350236,-382083.487482712,-48728.016896525245,154864.74215464457,-406452.01755458594,-45498.34042837169,-12189.32324106363
411,25.53698977275175,74.755080348337,19.270763268630056,-29022.692623311836,162309.85830327345,-254325.65574972716,-60645.164195817895,-62152.403189221266,38255.29663261046,-267107.272458661,-44996.2322331961,191065.01462209175,-271939.56329558324,2896.2086126044173,3780.6457416558474
412,26.1814953113898,76.64829865792593,19.270759250070867,-31356.49369767127,165160.9853514434,-258398.37283764893,-52230.77016996697,-43951.48482574379,26292.87925501056,-264824.12009682914,-43395.29651376176,183625.53542671414,-286347.3540758665,-15181.513701727426,3388.6979369095357
413,25.53701027896946,74.75508414352663,23.562402921627264,-24143.906048232806,129272.53337280963,-154984.52413919527,-126808.21960692086,-67050.39134693323,39672.062885502615,-171324.5251479022,-95606.68538449069,217075.31371777455,-166615.18344008736,-1851.2786178604438,24081.10046701774
414,26.181512728203096,76.64830167506115,23.562398431742757,-27547.359017690535,132154.15360848338,-154738.43957602946,-112612.4665154152,-49329.58682385328,26709.693234879946,-163639.6152163534,-85731.76082644162,199239.73105755853,-176970.50232170074,-2086.645960691256,1352.702900652806
415,25.496752322983436,74.63676092124797,27.85405563333881,21358.79251250696,140995.15249546233,-27986.810642446464,-201820.12413611825,-71333.56570480652,51379.788833238126,-129348.71876607233,-50535.08533147417,314250.9384630695,-52573.46020164261,2791.25432732668,49930.60911427166
416,26.22181483882533,76.76663010100529,27.854050724394064,-31151.066340507103,135859.49734647153,-45240.74130483952,-184033.7577598943,-66647.87722906306,40095.954302182356,-149802.79811605794,-64144.29860133119,273414.7864185141,-58213.73891620167,2639.391332914053,21254.071643680185
417,26.157138349395492,74.53735247842008,14.687468879199272,-49818.74697913818,144210.53936364298,-361758.75582615717,-9752.40935913296,-39203.51610480788,43586.009918058546,-370472.5537521991,-45003.46051577184,148109.0508263186,-383504.61733396613,-28742.466860816145,-11078.480425981314
418,26.819395435368097,76.42452844505472,14.687466319289204,-51356.67771682535,165128.84681607282,-380248.2616500909,-8230.670297082435,-32511.080647339426,36840.305195213536,-386115.28873043606,-47920.47067002366,167559.66684961627,-413070.7484969849,-45445.91371694696,-11879.771209071747
419,26.157156367774114,74.53735558305597,19.062428240012235,-30895.688725451393,161929.32221604435,-261099.36823497704,-61182.44449635121,-64437.85235048667,37185.24410768317,-274001.2439189002,-47342.08033213109,191277.5895066472,-278635.40520911466,926.7547291206073,2828.186032465314
420,26.819410982863726,76.4245316055464,19.062423802015267,-31002.17300430854,179477.43782385654,-263052.3532868647,-56550.37638256117,-51154.68886730218,26153.782338831206,-270541.2512186642,-44517.67889293173,200481.84164427916,-293892.85459263914,-17823.982153514688,3158.0278354146976
421,26.15717747230587,74.53736029858158,23.437400047724335,-24846.578036730083,132146.11689956347,-158017.24689922394,-127487.5719189908,-70007.44990237494,38451.607049240825,-174886.4823865004,-96061.86669561996,220230.64104572995,-170168.30767021264,-1697.0207134043385,22463.70019989573
422,26.819428865787895,76.42453558026634,23.43739508345487,-26774.175904947268,146625.49749482618,-155677.0790177161,-121526.29473491304,-57319.77481208358,26416.798253950004,-166361.8442121365,-89262.27080110165,219798.35758540104,-180743.72862389812,-1904.7393559564853,687.9993361315792
423,26.115810864401546,74.41941558042382,27.81238552590399,21715.491058493517,146415.20559534247,-27161.225770297307,-201898.2463932516,-75783.1353536059,50576.00007248067,-127469.42924385719,-50843.19445468489,319282.0945820807,-53562.87799201812,2888.662864813326,47927.659696017894
424,26.860840917095143,76.54248732416139,27.812380066740545,-30043.664002609723,153399.4482274309,-42941.37555119949,-199087.59346153113,-77107.90987523389,40214.05100963788,-158128.80020646908,-64057.559306127405,302600.7681862181,-59246.55459400959,2734.3474001044224,20613.426534448827
425,26.777362593906624,74.31979282698944,14.395801656815902,-48775.96397826217,156121.06006450808,-363148.7262023669,-11123.907830410135,-44237.12063060251,44437.64958424434,-372697.11699004687,-44036.01239534047,160929.49926926638,-386794.2638038279,-29815.943164343003,-10666.24426665781
426,27.457252616306526,76.20059493415917,14.395798862751779,-52983.32554617459,162243.35049120235,-386307.6498688222,-8204.629842726172,-33486.361103339164,36209.972923101486,-392093.2022070453,-49735.18357560589,164780.76085885672,-418212.2248253598,-46577.35617955287,-11440.36111430562
427,26.777381204058877,74.31979663270299,18.85409318876991,-30643.39262945795,176457.81110671023,-264854.8954715565,-65996.99824128395,-72702.85534040796,37237.35489935429,-279431.83319321217,-48907.97869829057,209299.33489719854,-285277.3833841446,-2195.9135317003875,2480.6140435090874
428,27.457268650264425,76.200598867611,18.85408832668491,-33212.985076706056,178111.2826322621,-270404.8370252969,-56428.46412156211,-53221.38765316162,24776.02783094547,-278006.4925736094,-46816.78977375508,199316.74287762365,-301328.8033763947,-20530.092109497524,2849.1184016068437
429,26.77740292359142,74.31980230681896,23.31239715836345,-24250.47480895067,147835.5620136911,-158493.6870928548,-136408.4069857792,-79240.10527518307,38207.668094711786,-178025.08795756256,-99207.29495806932,242323.78302751773,-173909.5551434415,-1699.1893722307211,19779.151482844
430,27.45728703082951,76.2006038429134,23.31239171354113,-27802.317113697398,148030.84186089004,-159039.15814243513,-121593.86942335064,-59901.100213244565,24731.245632543036,-170345.06218961638,-89605.16153777119,221139.59033214502,-184749.7121536195,-1932.1060775423587,-824.951073363153
431,26.734934909226475,74.20225701863842,27.77071540879851,23438.04569443979,165954.63242570235,-23339.370802576705,-216314.88555592037,-87411.14777353425,50934.59404062027,-134174.10562380252,-49408.73657117646,349636.14951254433,-54843.8278972439,2747.52100016338,44424.99933163503
432,27.499801775836055,76.31815808332567,27.770709389763542,-31009.082626442694,156250.71309056244,-43778.58663191836,-199123.29081987374,-80521.52046274954,38930.58588880604,-158510.03826365768,-65313.516079586574,305286.5981754456,-60766.15460722019,2429.1328749383065,18813.55602207701
433,27.54358486721735,74.03460879629327,14.10413399698358,-62288.086352825005,69012.02789363792,-386520.7115941853,-3625.6684164572916,-21736.36420101946,34355.78668147909,-391101.80241822184,-58954.273750581204,70259.30611543066,-393335.2663299096,-32161.84738270282,-10647.01227951548
434,28.252795551548697,75.90460436516874,14.1041308376383,-69213.46348143801,74893.95567055518,-413231.2497600091,314.78037617832246,-13876.011824157149,25329.257464157316,-415478.0379236924,-67361.95539248151,75289.23574528181,-427244.0570219857,-50286.63251588872,-11557.112460885552
435,27.543604196693902,74.03461357279808,18.645756985367218,-42128.31625679501,86854.68857638906,-285806.6299569397,-37283.15468555289,-35501.471898835356,24278.55878305364,-290903.92925247777,-51302.794015998814,101126.46563113086,-290876.92350761034,-3726.69928186857,2506.6625738712924
436,28.25281217412307,75.90460932542831,18.64575152133491,-47307.888311953015,90999.39089164675,-292931.0755723671,-30063.44967360031,-24161.837947763986,10722.316685644484,-294763.1937574726,-53432.50386116279,98956.12462596214,-307793.41403553425,-21212.661126170835,3024.9168929030743
437,27.543626635326227,74.0346204811028,23.187393419758443,-31080.163029971754,72925.07526337288,-175058.47343532013,-80420.6191222237,-40722.964841944435,25529.246330215832,-182823.08705333658,-74768.91607066944,124378.441922087,-177487.84469625374,-1784.3314637806247,16527.427338792753
438,28.252831163133635,75.90461560025082,23.187387318251137,-37565.651792999415,74998.66497837502,-176489.2184232367,-71359.09850770768,-29365.773451965943,10944.622846746684,-179932.5475668399,-72086.88362303883,112963.22595201762,-188492.8681262622,-2375.455084051339,-1805.682137885196
439,27.499326929701034,73.91775188758908,27.729044725136863,17224.57351420816,94201.44790628937,-37989.74524213945,-131452.93690282656,-50248.2274469649,39926.48231397635,-81376.11573321023,-54514.376456657235,209326.7683682256,-55964.00591831486,2728.037716512661,40890.398541080955
440,28.29717906961416,76.02149563804619,27.729037945660814,-42048.61141018446,84282.92185754432,-60837.7906711297,-124565.97184757925,-46030.52516258909,26486.97848167112,-118597.22429728998,-72849.28909678961,172843.03317030973,-62031.04744579087,2341.0649187068593,17719.73692834528
441,28.470465715205123,73.67639743516256,13.81246538303227,-65122.930910125295,70003.93118437516,-399730.78091088106,-4931.40041013435,-23223.59692609991,35665.408926865886,-404564.6660986719,-61767.7637607323,71482.64922277318,-406002.43516069156,-34608.69310475852,-11256.00265553986
442,29.191363723581578,75.54196026442477,13.812461873160371,-72172.8534367437,80550.29961454439,-428376.1681062886,-663.0749501368842,-16363.731379812487,26997.063896896634,-430928.09059037734,-70161.94390708431,81091.31256897376,-443050.29108628305,-54335.5389134836,-12392.248080372456
443,28.470485914701584,73.67640348798659,18.43742000728643,-43290.236574697505,89008.46530871699,-290044.4182967756,-39461.16630229276,-37237.32522242382,22570.148348065737,-295072.924302866,-53598.45396074571,104345.18870085565,-295340.37146257336,-4652.957628933306,3003.861523011936
444,29.191381066341123,75.54196649697568,18.437413933690024,-47905.735427505955,97687.73475210233,-296965.308976729,-33702.318353398965,-27511.98156367878,9679.882115277545,-299090.085801392,-55278.141004731224,107184.91715399074,-313086.2368878647,-21149.910385108404,3519.463582415981
445,28.470509144118605,73.6764119478965,23.06238873334746,-33384.941745668715,75808.26404204071,-177515.2686412444,-82252.74385463283,-43135.900978452664,24015.37393828991,-185499.08066753668,-77506.42585263652,127913.56017530084,-180807.9331300815,-1985.9007139765279,12451.266133609997
446,29.19140073293131,75.54197436196688,23.062381967666152,-39343.21297757204,81414.12732190902,-178342.13182504242,-76546.23739806868,-33625.345708766195,10098.71346251013,-182625.3245558694,-76169.94546905576,122524.05254421967,-191957.78839948267,-4297.277502217263,-2066.1814933708943
447,28.42547985435641,73.55982172675365,27.68737288048582,16060.797403641622,99211.78674820346,-37073.3753567964,-133474.0007788863,-54479.597128374575,39224.445860139196,-82179.78602218513,-54912.167762221565,215291.16257945544,-57133.714404852995,2619.219507703042,36450.5051990615
448,29.236479896353718,75.6585789737342,27.687365331115508,-43701.20896610734,92622.84631253974,-60758.545128669735,-133340.175697538,-52366.19898347827,26191.289859003748,-125755.49022835259,-73985.03459035949,187903.61703647475,-63265.64697517363,2133.8910713916716,16405.166561948714
449,29.397374855118557,73.31825894070991,13.520796713576155,-67718.94157987655,75020.96995528613,-413378.22951448534,-6931.189872297634,-24349.33053936585,35675.423397256935,-418144.06517391826,-64696.612860936846,76764.47689577937,-420789.99173615227,-36229.92699474387,-12257.225779727407
450,30.12990392486395,75.17924353440631,13.520792848556376,-75546.50065396994,80537.91636341733,-445465.7796213265,-1065.4749653874912,-15948.192820439837,26247.56662784447,-447793.41579418076,-73724.2344613242,81043.2863436257,-460730.1297246305,-56634.2980748768,-13330.373709333982
451,29.397395925564467,73.31826632156144,18.229082905576494,-44201.607478319485,96241.75590399993,-292511.44155044196,-42834.388404087,-40968.22962855428,21137.773933296292,-297887.8596607669,-55889.78243924668,113306.34897525208,-299254.23405359196,-6258.245570857246,3628.503405000188
452,30.129922035097525,75.17925108334026,18.229076223726732,-48489.65351598004,99355.26015371497,-300758.97220039566,-35258.672835262885,-28683.72555838934,7262.413910171569,-302894.0698753381,-56465.496957968295,109466.20127064573,-317538.84516452684,-21000.709260368625,4215.569671868464
453,29.397419882157553,73.31827640639625,22.937383998128304,-35808.37513704368,82770.57679758569,-178920.8784827509,-86689.48372374264,-48021.517040618324,23427.069153524757,-187959.80974478796,-81518.50918169475,137519.64210427392,-183862.73864044214,-2206.281020805626,7886.395137726108
454,30.129942330741894,75.17926060523251,22.937376566995997,-41059.75099234542,83169.65721843165,-180635.00629786128,-77898.66459680567,-35864.45471412415,8680.395573638314,-185447.74568396815,-78027.56197733089,124950.207589524,-194989.22815494082,-6711.513045267005,-2227.3671172422764
455,29.35166450782216,73.20197387005011,27.645701015574485,14750.524907534047,108946.38481035651,-35211.13262959909,-139886.62345968344,-61518.25883671011,39192.768628025704,-86253.32056180513,-54753.42361360093,229492.52126369756,-58364.736528933805,2473.4449482697983,31375.017701391735
456,30.175749152097893,75.29558072824327,27.64569268565973,-45371.75834816652,95557.50051707494,-61622.887201430654,-135781.31342042555,-55863.38927506621,24911.44373643423,-128961.01271305501,-75040.28359176437,192564.15127229725,-64682.35136452634,1811.5016250090432,14629.318040249544
457,30.15626521378847,73.01410132652636,13.22912896661001,-55475.585604620544,184936.00110821443,-404150.7308392668,-19712.771717709475,-61709.55085602963,45360.53330515232,-415713.11078316893,-52703.96958448312,193726.7650319792,-431710.97224799555,-35322.575969962054,-12778.502607381304
458,30.917762676221216,74.86336863588785,13.22912473201201,-60890.25967447148,190193.46130817017,-437506.9328158868,-11872.76558959239,-48719.526837084144,36939.71129892347,-444630.50928160053,-58375.04701755149,194801.82511696385,-474685.63011727796,-55574.01932410812,-13885.309280451633
459,30.156287028094926,73.01410978562029,18.02074651412393,-34072.5510321084,214958.0952005941,-276199.54541052633,-80838.39974974422,-102171.82816117791,30555.39119315572,-297405.4837062267,-58011.9958950126,260103.47835919855,-302999.2868885518,-9418.02826843923,3910.8053814219975
460,30.917781497218694,74.86337730744661,18.020739222750866,-36110.376670292884,212004.42972601438,-284531.8084283787,-69672.33992909032,-78974.88848657014,17756.34944199907,-296977.6980877411,-54304.90728885958,242644.85000394343,-321651.1740360734,-22733.773808550493,4489.738844807188
461,30.156311626523316,73.01412128007271,22.812380233187845,-31605.963272258276,192364.5186887466,-162275.90607028676,-156531.0527997458,-112915.98738459688,32567.553707634746,-196670.64846330485,-106433.2018010191,301586.4996105258,-186658.3272896096,-2316.7586841515194,4418.127516506577
462,30.917802357754155,74.8633882957717,22.812372138003674,-34684.61214334038,185118.10812663494,-164615.1571925296,-141341.0720895801,-90069.79920244189,19113.312806641472,-188553.2311030092,-98185.75457433278,272557.32446810714,-197796.72467480533,-8643.62418002776,-2333.2683264601897
463,30.108746461370202,72.89855247535819,27.60403035852992,19799.6363206904,227065.602582909,-11789.930966979016,-243748.95261638457,-131732.21936355188,47500.7765562917,-151771.58554324135,-43511.61699918997,430358.5104790516,-59485.34593088076,2336.9896285264163,27081.149902325607
464,30.965420426651324,74.9789775064763,27.60402124669741,-38804.54100877047,204943.33049213787,-40829.5826949415,-230692.44702016382,-119540.22898191244,34260.769773732565,-186662.1560974912,-66538.62441498278,378509.9873009,-65932.77355330277,1454.3656941354614,13127.127065436078
465,30.76162106468483,72.75806582503469,12.937461526378707,-57206.52624095729,178622.44591593862,-409281.3834725566,-20368.54634683566,-58756.47628778445,42976.71718882631,-419692.437164612,-55097.45751734358,186924.4308843803,-436997.8273020543,-33550.84152397579,-12885.213237275844
466,31.540455948082,74.6001940039704,12.937457067186992,-59649.12155840175,201564.1964519269,-441212.81373780384,-13303.040067588056,-51826.09973358636,36288.382457487256,-448537.7745179176,-57463.26098196578,206703.29665560488,-482254.39734882745,-53096.13026882019,-14080.831874986441
467,30.761643480582524,72.75807511334875,17.812411284824265,-35637.23056575368,211488.298557311,-279448.18000595353,-78110.69246900789,-101678.81952458786,28742.928273364163,-300339.483924398,-58254.241368599876,254996.61327860173,-306480.40925635374,-12491.610096509567,3964.8172616651036
468,31.540475376017696,74.6002035681048,17.812403560860137,-34565.0476965438,226902.9496366235,-284995.2349924592,-72693.35352451156,-87441.23554556126,17106.528308890865,-299616.33559300756,-53303.57400616082,260262.5765467889,-325750.8471783801,-24733.70213006956,4551.016013018743
469,30.76166867950918,72.758087799559,22.68737738103762,-32687.435509083327,190940.64980665894,-164864.5017379279,-152289.49653099358,-113604.97064282074,31423.380619338164,-199469.86497782986,-104185.86462055102,297044.4421580286,-189324.94083109457,-2402.583070314945,1771.4168924736077
470,31.540496769284545,74.60021578417062,22.687368792655043,-33214.320094812036,200106.47737522554,-164194.12285215588,-147991.5945669016,-100032.52946592105,19175.81503259038,-192939.79566968922,-97493.80865615337,293131.6387541004,-200366.2867871774,-9754.27314848254,-2324.694873619923
471,30.713020779090513,72.6429664193079,27.562360331721425,19536.726741940438,226982.8425300856,-11819.678671328846,-236380.60787050126,-133337.57787152298,46374.35018207223,-146592.5774332672,-43310.81979828457,424603.28783224896,-60402.239395943696,2252.2618423943977,23976.181636678102
472,31.589199153955096,74.71536011135503,27.562350631734862,-36686.655838512306,223912.9119887902,-37757.16938385354,-242420.44349518494,-132578.01416736373,34291.92065065618,-193516.06837674743,-64814.1128132368,407799.2679564085,-66793.89342430115,1387.848794255779,12408.456929516711
473,31.372771470452264,72.49968666142908,12.645793732454297,-56838.94859426109,182681.08108329907,-409498.8188181279,-22840.672620070727,-58788.18356917766,40758.26712924168,-419344.16443353513,-55677.95612686817,191365.43423131335,-440057.3338697264,-31854.174566596033,-13049.018063891961
474,32.157355249726784,74.33936315292246,12.64578911114027,-60386.48877606534,198976.67278013195,-444162.193073223,-14502.814498484206,-50010.19912559768,34050.156787345586,-450791.8427157236,-58733.416155910934,203953.2498024781,-486796.82912331726,-49805.10725844064,-14259.716566485054
475,31.372794407778855,72.49969675911662,17.604075964429303,-35665.28350372572,219999.14649773523,-279506.0064305628,-79609.55777145128,-106687.53688201799,28049.501441955388,-301862.52562887897,-58406.43425079423,265096.81644312013,-309172.19955143705,-16558.58426537073,4024.6952062902014
476,32.15737522186612,74.33937360312768,17.604067888821977,-35443.621280314066,227945.68525705225,-286909.05457259476,-72208.54177100434,-89385.39183177892,15929.190317680423,-302039.2707911154,-53765.75938090283,261398.0395761617,-328836.67614251724,-27200.426465219596,4699.238747671071
477,31.372820230351152,72.49971066089448,22.562374499828902,-32861.08744556531,199456.67405020402,-165694.58027326647,-155851.4166210516,-120408.112065314,31122.71770783534,-203793.8705972998,-104229.87630261025,308924.75323128235,-192238.67624773114,-2981.8064804828573,-1033.1428856567597
478,32.15739717287864,74.33938704927878,22.562365493501723,-34036.07644615589,201650.41526601755,-166596.06544273265,-148274.4762365855,-103297.35783925377,18650.783672777547,-196988.9332749918,-97432.84831253547,295440.0549646561,-203153.89781900682,-11247.873640302185,-2431.2357524623476
479,31.323813842838604,72.38474387571782,27.52069027152003,20288.0739835751,238032.80336165905,-9529.316764058596,-241919.334967425,-142387.859704518,46130.48041083126,-150613.50046416634,-41720.31250825935,441125.3735536017,-61380.47225515683,2004.4083925686925,20356.364279988917
480,32.20645962212188,74.45437950906384,27.520680060481723,-37492.94063107774,226035.88739521443,-38270.29245269277,-243131.29588531007,-137011.43237870064,33607.218166985585,-195818.0074542147,-65447.12461272838,411537.786378387,-67812.04860427885,1049.9551903199995,11448.91172566102
481,31.823448775437964,72.3058465234381,12.354127094807462,12204.213718799176,524798.1996790941,-343887.3501612693,-59279.08915771289,-182787.01661798358,51740.075496793026,-384660.56258615444,7686.109458979744,570089.5163637986,-442559.68510919635,-26615.890704734113,-12919.422989189756
482,32.625232789293854,74.13806003850937,12.354122313410985,9104.401924999373,531370.599282708,-379535.4772921951,-43402.668103267155,-160446.48431312834,46456.344405784694,-410520.5248275625,8021.091128994413,563438.9576140804,-490822.20397180796,-42000.05221704627,-13998.189603987767
483,31.823472118887942,72.3058571662024,17.395741417846796,39552.95939698044,603485.291447538,-210454.37920736425,-181625.62657816175,-308579.1237949825,36424.6609698551,-315907.51790994423,-6020.093150211642,754511.4826973103,-312391.4393024488,-23218.346632860445,3706.980172350607
484,32.625253205428955,74.13807115200065,17.395733021765952,35862.207610867365,582517.4092300241,-221386.80853106882,-160791.14653678366,-256093.1889002746,25762.851219698172,-297378.7763293361,-2326.1109193959905,696697.6955585544,-332058.801025001,-33265.90438789514,4131.8164561912945
485,31.823498510566417,72.3058720153624,22.43737256120163,34668.43794547695,561352.8683523014,-94896.695784031,-348675.5323177772,-334981.0966295899,37221.16947288558,-285106.15042878635,-57053.56521221627,843284.3261547498,-194925.74531203345,-3799.3513651566955,-1757.3435705867912
486,32.62527567351505,74.13808558002079,22.437363169610904,28289.42272065091,529512.288427173,-101720.92052747178,-318626.74577605433,-281613.22363784676,26330.713991047025,-253922.42964622183,-56122.73160285109,766125.9518694251,-205870.50057250954,-11750.196731869513,-2299.4500474074143
487,31.773417672090986,72.19137259077831,27.479021372931882,95000.71165842177,629589.6532679909,78932.8875416995,-536771.7644114762,-375261.5225608298,52517.27793720516,-315251.5164883971,35062.55161682262,1083712.2173396866,-62304.02975579098,1799.146134589419,17747.9634164266
488,32.67541374218744,74.2526125819368,27.47901069407147,31032.119508194664,578355.9491167113,40962.44607404531,-503491.8861549213,-344998.59997543786,41718.71085640201,-335633.347815049,-435.7808054790408,986419.6433194792,-68491.45474967196,737.373448522756,10699.335150569033
489,32.12225298379455,72.17281338713943,12.062461103381311,7563.860522520408,496788.89707441255,-343685.68056815956,-54803.91422418556,-170084.5917342091,49287.736285382685,-380545.05292745086,3745.1632219488315,537466.9667342755,-441099.5461473885,-23372.41823194935,-12440.788504936903
490,32.935488535184334,74.00001562832348,12.062456294477137,15410.690016520995,553316.8167200565,-370529.1352186465,-44227.680716152376,-166475.6733950113,45151.02678518344,-402882.3561057368,14058.84499823872,587021.8826254291,-490605.57734955614,-36301.968086930094,-13502.904441760571
491,32.12227665082024,72.17282433716372,17.18740812722583,34399.31685788874,582173.1486570736,-217782.32071672773,-170310.01037084407,-299103.9060369551,36422.60938122012,-318389.3100980055,-7868.7249127591285,725048.1798089994,-316797.01646765426,-26717.948387358272,3191.2246529208724
492,32.93550930791921,74.00002716156662,17.187399555289186,42658.74438525009,615567.9868414851,-219007.2105316326,-163286.1206756471,-274583.7593284857,26263.97258274498,-302721.35217032034,5370.713112481214,736570.1597529415,-336979.3095782036,-36861.890729607774,3520.446341995179
493,32.12230355663543,72.17283987356541,22.31237151695458,31023.16331721621,545029.1410489408,-100290.8835387183,-332464.5537668258,-326872.47987559787,36787.093937110214,-280421.3004705007,-58370.76749438673,814553.4887923261,-197462.34580731875,-5128.4322564755585,-1808.437975800442
494,32.935532243979964,74.0000423054082,22.31236187369811,35643.41173543202,563372.3134491785,-96817.89018409202,-329307.0211792426,-302300.57725310605,26187.13701117702,-261502.7792341356,-47718.39593449416,811419.0101691489,-208363.27714456728,-12250.237930117064,-2100.106763303695
495,32.07150769043947,72.05865446324977,27.437353084569743,90825.25322773948,610621.6080852422,74057.29375260134,-512262.0742901644,-366090.9247010969,51919.63577879229,-300883.56806754856,30740.630311968467,1045647.0928211631,-63223.671983289,1678.4333480806888,16337.960810727933
496,32.986386602033136,74.11425685425989,27.437342095744377,40062.601498604694,619644.2701211569,49726.37029930811,-525538.4726267832,-371942.69605141383,41751.75466634421,-347092.1259621616,7690.208778917955,1048835.159102314,-69157.62625476278,790.383525263233,10279.754380526123
497,32.42393220516184,72.03855451534545,11.770794914355713,11399.193260146596,505964.65512239526,-334322.7865254217,-54123.64768875544,-171829.01518640426,48045.73071416105,-371658.34024544514,7671.922871835828,547027.4792307294,-436212.89583411836,-21759.916529433656,-11637.707108295614
498,33.2428697908557,73.86319746689362,11.770790107583336,13479.642058481142,536765.9476732039,-366581.4758991224,-42442.21190275991,-160038.80523622743,43345.100316743694,-397188.5854615987,12206.31374699754,568646.3855471637,-485942.4297734633,-32892.0577215836,-12624.433391920013
499,32.42395616414397,72.03856577103699,16.979074820249703,37941.22929077622,600823.114366211,-217163.43146135853,-170735.34850953938,-309748.6041283717,36720.36482616739,-322375.6422210135,-3376.598951443629,747353.1533680861,-321298.53130656644,-30320.530653594484,2640.8283650289395
500,33.242890878910465,73.86320940693088,16.979066117898526,39706.72549433136,605431.1161757471,-224899.94441821592,-156539.44575352187,-272054.89375550265,26419.557258868204,-307272.7058133448,4531.13505964113,722979.4680055662,-342124.9322039797,-39657.47763709235,2926.21382663579
501,32.42398360258357,72.03858199490612,22.187370463580532,35326.285144771595,565982.3753772733,-97948.2326513273,-337608.2457661461,-341258.2082491708,36594.36029706278,-286310.34310205607,-52917.64640302678,842588.4173758009,-200083.27350628935,-6917.185530962085,-1793.224907465269
502,33.24291430558029,73.8632252617646,22.187360606118325,33971.35177933439,556938.1910114601,-100472.08623845538,-321556.76258384594,-301591.01758634945,25871.0512850506,-262005.45628489804,-47893.63603443508,800336.5488716722,-210944.1637966434,-13094.977807429561,-1972.0917678040423
503,32.37283208591386,71.92455737048189,27.39568478322143,96250.35011732798,635879.2555688015,79412.49712221447,-524280.5638128331,-384257.7016376474,51707.947300404885,-308092.7880252475,36082.68564424404,1083552.2051893477,-64264.26303612459,1403.6649261534278,14528.371982953005
504,33.29412557623695,73.97728061382504,27.39567352434933,37664.304100452966,611188.4351254613,46875.82413646123,-515379.15374515974,-370881.51340262004,41406.981439449075,-343234.57373592514,4990.709732230038,1033972.4273660704,-70210.22722243563,497.6488256894939,9756.562134402062
505,32.721909421786606,71.9036951349718,11.47912891166658,12551.49072760591,503426.1892331871,-327258.5813185911,-50359.54824216306,-172425.61335029968,46316.545212965866,-365013.6943166373,9497.321854093749,544235.4711047455,-429970.62274937367,-21621.194355714768,-10813.61622288849
506,33.55223506771978,73.72318405350359,11.47912404737231,14577.607595345733,534080.0416166601,-359693.3678673336,-40412.60639177561,-161731.714595292,41571.718456292285,-390920.4529782324,13429.771290521983,566454.9630323824,-479363.13002099167,-31111.372809695386,-11677.902684883282
507,32.72193364792977,71.90370669370051,16.770741276275793,37989.76928012073,606221.7943781674,-218766.00958365435,-166255.83977442488,-314225.44526712253,36245.609931491075,-325870.5045220708,-1012.8587004004893,752328.9172971053,-325221.01455181884,-33457.535335058776,2164.10609100667
508,33.552256436222194,73.72319640186522,16.7707324093641,39471.76224834245,609822.059372754,-227552.45294710368,-152030.66478697673,-277193.0795885887,26106.251117482803,-312075.34463653516,6458.427145293919,727358.2861652337,-346672.6806785651,-42142.077182146226,2382.7265692986307
509,32.7219616364412,71.90372359357504,22.062369446733168,35764.791900918295,575441.804508378,-98277.82801970479,-334226.4071065977,-348764.63259454776,35592.15559584467,-289228.30657305254,-49427.64771968312,851584.7226823274,-202736.20715234056,-8898.30565958138,-1786.335791039406
510,33.552280382004476,73.72321297060972,22.062359343070835,34191.62611834658,565057.8775672994,-101324.58576563047,-318638.5728263865,-308914.94288829685,24952.469631250053,-265532.4578357482,-44855.589295018246,808312.9650507822,-213539.1404136133,-14109.650722422224,-1894.2068327588966
511,32.67009897034385,71.79002176179183,27.35401676391692,96854.68085814096,647953.2312858193,81377.07424497957,-522540.37825525197,-393939.64238540136,50637.70599476953,-308110.58934307424,38374.10397129143,1095921.471760723,-65220.185717208195,1129.5370578459654,12963.69178460342
512,33.60420382419584,73.83694702179773,27.35400519941976,37558.58914926309,621092.7626055969,47963.84131290832,-514511.1618738422,-380062.16733008967,40490.96616672024,-344589.09002189914,6069.87871732883,1045134.4043723387,-71069.36387095177,325.06119377029626,9299.372304705066
513,33.02187864359326,71.76565774766186,11.187462607548454,11165.426011948206,488435.0627041539,-322832.0448325444,-45913.23967997741,-167625.27092495098,45060.52212055189,-359486.8174295654,8925.202805603554,527330.0585075197,-423237.4671209103,-23018.326060820644,-10099.770734000871
514,33.857890101906996,73.58255187221016,11.187457739387181,18589.151873550116,543675.8491229679,-350675.0018001031,-39920.71875359018,-166638.46815538022,40813.12904231029,-383452.4540415354,17446.320566447783,577596.1326715022,-472473.73078410776,-30798.51523170786,-10876.598700846991
515,33.0219031176329,71.7656696237382,16.56240795532024,35289.15931120346,595458.0502972852,-222771.16144805326,-159522.99331829575,-309906.53277169546,36427.14813865661,-327683.8671469494,-1697.643253786215,737357.5585611708,-328442.03247169126,-36177.434851931925,1819.4516076205427
516,33.857911718959876,73.5825646266202,16.56239896604693,42840.47195088334,626444.5678512802,-227038.23143464708,-151802.57586236118,-287669.50102868245,26694.082308157256,-315999.5620714325,10673.300858863859,747573.069580085,-350491.1682234341,-44274.05863674737,1960.0187173116105
517,33.02193167500276,71.76568719785647,21.937368433784897,34084.97830059234,568879.0220204921,-101686.47274324717,-325295.63828699366,-347035.5915397461,35304.07418940915,-288676.029452722,-49305.09627988465,839258.653310444,-205403.2820917619,-11104.9662151861,-1819.5190763433768
518,33.85793620387537,73.58258190168095,21.937358120815183,38220.524626124214,584137.8042251093,-99561.1986859151,-322961.5532524852,-322492.568206123,24847.005283420156,-271236.6003684356,-39802.39330426761,833836.1238380212,-216165.1066145895,-15327.064564885037,-1873.6458138221287
519,32.96971411849841,71.65214830384951,27.312348493198492,94991.8866133601,640000.5044053055,79042.25164649935,-510518.08987191564,-392674.4105612492,50223.15305730832,-302570.31391654455,36474.81128286351,1080130.1452988458,-66113.95220156839,791.6588977596782,11601.389127943785
520,33.9102156979154,73.69615465668211,27.312336662362817,42400.33322420143,643853.0058375411,52504.32027558226,-526076.8772587727,-397882.65933211136,40488.879192319706,-352374.9040785237,10280.536531966061,1080852.0268838827,-71744.24851749759,248.1198196770202,8917.447882191664
521,33.31902960176629,71.62897134067461,10.89579635752136,17732.89775702174,510047.4651757603,-312953.64286032424,-43121.07449440424,-179025.1213363346,44927.22745641877,-353573.30850369565,16146.635229338279,552253.3933468153,-417049.3906998516,-25367.89601100675,-9458.435845429127
522,34.16636365194363,73.44056943516834,10.895791439765677,14188.309953583404,516213.1148478732,-350426.1896084538,-35353.57209994375,-160982.59575655728,39300.95400811908,-382029.71353130264,13585.205292768058,548419.7434315375,-465492.7358740902,-32324.92867544237,-10189.09448229141
523,33.31905430605324,71.62898354784573,16.3540746350536,42534.69571838327,627955.4010289963,-217966.5559134405,-161843.27323434944,-329239.39046243293,36907.53195227503,-331896.4508576875,6371.970102097328,778048.0215895294,-331150.4005379383,-38567.56729550265,1615.3405116608328
524,34.16638548695247,73.44058260720635,16.354065488586723,36888.12686461923,600919.3026302122,-234489.9820421927,-141489.4918542397,-278695.5319023673,26739.267406741204,-319637.9934226421,7386.990024941766,715568.4508503389,-353654.7517792186,-45565.967047705075,1704.9559903285347
525,33.31908343794398,71.62900178561054,21.812367445319005,42062.78515380413,605068.8012297979,-96011.17245631924,-334578.99163832166,-370646.06511606823,35174.04777956628,-296991.3892529008,-39820.49275097503,887932.2959311587,-208185.2903564411,-13544.557784742938,-1891.0737961010789
526,34.16641052674867,73.44060059102642,21.812356891708855,33819.33660986094,564515.9535368567,-105952.7995662014,-306943.6563448779,-314354.5323157783,24372.575297013027,-268685.99077482044,-41660.993743714585,802729.475099051,-218918.59140622438,-16676.169883017123,-1911.8290566457763
527,33.26615874283099,71.51579470801025,27.270680244679216,105397.33199112813,685161.5061116106,89238.54097862363,-531377.545022588,-422305.2214078072,50035.112512211985,-313478.5626445378,46769.5892530197,1146506.3524728806,-67073.60231019597,359.3706839317913,10175.074951897031
528,34.21939833293788,73.55384319348768,27.27066811327698,36951.49171817106,620482.9206758395,46283.78108462895,-502223.69157707324,-386855.7586031,39913.93787260388,-340020.6333968547,4590.219458733604,1039148.6074167608,-72739.00359550482,-77.16391899576723,8563.64504759702
529,33.76209736642977,71.41831813999794,10.604129342326752,-49071.65681560914,180933.955306702,-372065.96708863956,-11031.208622707854,-58908.979023213215,29205.367726744684,-380620.0793366063,-47558.50535365253,187974.91609271223,-409515.1999664316,-32501.71397227936,-8914.66944209953
530,34.626390533808426,73.22191924265681,10.604124241904026,-51338.802980655295,196065.41921392168,-409028.3713832642,-8362.942721550984,-52201.47313772729,22546.729958708303,-414801.03798189247,-50454.747933107654,200954.0307650023,-456710.69258033537,-39337.522414286264,-9692.107908754493
531,33.76212231883315,71.41833097229693,16.145740077841175,-41291.10411625878,233685.97072347114,-293770.72708294005,-63367.97626828134,-120563.57254401117,26029.824871054745,-320548.38326397457,-55190.89015392994,274363.4129421767,-331784.93013869156,-40332.82013536669,1376.5816343803056
532,34.626412564311245,73.22193310824086,16.14573064191204,-41123.90333590243,238565.1537042763,-306506.4167280874,-56860.50331045574,-104869.20281014738,14869.419243201157,-326050.8291513438,-52136.69840948867,269122.3612011188,-354610.8012609914,-45678.21846588709,1759.1991028291418
533,33.76215217801133,71.41835012416269,21.687365641515434,-36082.1333665962,225935.3733270694,-176330.843520894,-144538.5624206859,-141836.04869583226,26190.300897848734,-223734.7889374721,-91880.46062380966,329137.6460008612,-210710.38703501847,-16845.687371068318,-2068.91179683122
534,34.626438327902704,73.22195206533658,21.68735472365686,-36344.782784461495,224306.60997561933,-179256.9172871528,-139392.4804983786,-124321.86891226227,14306.768668205264,-218604.44794220768,-86753.04653359794,314062.4043798106,-221315.7608823427,-18345.901150496575,-2063.1271781799364
535,33.70816832085066,71.30564388006708,27.229011487309027,18475.558560184894,273904.72029797296,-5901.245209557936,-234878.22481931088,-172933.9573768839,41185.54163268349,-150991.57542088977,-36658.12716280668,474128.73623229645,-68058.09948128276,-830.9075927995293,8281.191551068463
536,34.6804866906724,73.33469605250339,27.228998909199078,-41252.767660437225,254978.35384162256,-39030.570882859145,-241888.56238153603,-165933.93558982955,29701.25676814593,-202101.17607883786,-66806.91154103765,443603.1029182018,-73733.37543212174,-460.68875296224536,7813.007061180105
537,34.359561435473005,71.12969963697941,10.31246125428977,-49017.164062854616,179751.65771778786,-372877.90478298673,-7856.022426891192,-64391.82957940295,30504.32001432769,-382873.6247751788,-46966.9866639462,187697.20031107153,-406917.0118250868,-39480.10381276427,-8726.21425456123
538,35.22949122086893,72.9305997549908,10.312455996628252,-50000.9124137201,200897.24596711318,-409201.6143826636,-6986.063344223915,-59960.59174078974,24195.532742481395,-416533.7731391906,-48843.25994206954,207071.7522519897,-453773.51624515356,-45320.511767385826,-9566.788673748692
539,34.35958665915789,71.12971343051947,15.937404768036524,-42027.92136027152,231628.57725952234,-293201.31911284506,-60908.78169183808,-122965.81328362289,26772.303955483232,-321194.7628794477,-54970.98744283381,272565.0871086873,-330470.48003887804,-43320.906390402306,1692.5453315292027
540,35.22951343269628,72.9306146041342,15.937395027117892,-40352.48434660361,242835.45624561148,-305223.85037326213,-56879.84051376169,-110883.75562184346,16230.737363364538,-326899.25251993065,-51261.39538125224,275419.7694269288,-353141.29366440134,-46912.58786085833,2090.5970679857396
541,34.359617398142014,71.12973376881342,21.562362976173784,-37170.327954826265,225019.2267302291,-177942.2702591068,-141072.94794891845,-144177.67481102844,25784.656986574377,-226530.5332685447,-90490.11941711907,326927.28120195994,-212835.9604908066,-21098.98797762037,-2364.170683869256
542,35.22954006945361,72.9306347859753,21.562351672253634,-36106.62445455628,229403.94578315158,-179881.58098539786,-140022.72212567652,-130771.95709060118,14387.864409387685,-222499.55532107886,-85490.78862785925,321406.0842921355,-223237.29378642183,-20527.689468460554,-2324.4581256131783
543,34.305282243416926,71.01719764942786,27.187341680634677,18200.93808061976,273587.3733334598,-5939.0769431136,-230254.09500339717,-176722.54462465065,40588.33395094014,-150301.62276475562,-36190.84174130681,472341.69897702837,-68862.73800896294,-2916.4895059734763,6709.683043551939
544,35.28394135576983,73.0432112971252,27.187328620026395,-40589.92031695944,261565.59924312105,-38236.832392893164,-244778.0380611307,-174660.59275372082,29671.776461815163,-205973.0764998227,-66564.35360516296,455276.2766382542,-74205.48257593394,-997.1391355152663,7259.252961652602
545,34.94865744122692,70.84530779963163,10.020793713282284,-46536.33992794635,192847.7310846139,-374561.30034765374,-4393.831501248293,-74743.8464096994,31925.69111288943,-387082.629212889,-43984.53928112143,202817.25930302416,-409550.86146128236,-44795.14643978242,-8909.47766860651
546,35.84096041836858,72.63505371521033,10.020788237176873,-51643.15379012859,189790.2513865569,-416253.88805869455,-2798.5126165959514,-60721.54824813049,23635.158203705098,-423730.0299774435,-50297.21324449567,195920.45275967286,-456423.4178183838,-49951.60039295594,-9668.999303069771
547,34.9486829278797,70.8453226102231,15.729069606672304,-38823.12420328523,248169.7424603243,-290501.9740659543,-60992.24790233747,-136875.834921228,28535.98785244061,-323946.6365543939,-51246.082319923284,294037.3630654019,-330131.93275074684,-45993.55576668281,1985.662062688443
548,35.84098280564351,72.63506961884082,15.729059465051622,-42285.161752075524,229897.58358712005,-308533.91381091834,-51224.887740377766,-109065.75878779545,16485.036624698187,-329931.6357012008,-51569.87180470951,260580.0155300366,-352278.5799245549,-47734.16017926556,2428.81694196664
549,34.948714522670365,70.84534413620827,21.437360367220098,-34304.16500789359,243220.86762063846,-175327.73740514438,-143761.16533025756,-158082.50547773222,26091.08946344199,-231118.59041774372,-85933.10467985822,350640.6603052026,-214727.95622092008,-25135.621425947986,-2530.4415088789756
550,35.841010304052155,72.63509105008752,21.437348587421745,-37632.34705390285,218620.40247675928,-183207.66490319173,-130002.94881300723,-127355.46930664449,13346.1193434049,-223787.67882844267,-82536.41801818296,304104.4873662903,-224695.31435619498,-22348.103760390175,-2448.7256065491683
551,34.89298194799162,70.73350650685508,27.145671946251937,23055.174442974603,297918.3618956745,-262.5911112484173,-237511.37262053968,-194667.06490552225,40523.405181774106,-154929.91350446682,-30568.000276901155,506208.8590087685,-69732.77543534557,-5464.16257172892,5769.048338846592
552,35.89681066877044,72.74697174256787,27.145658306868775,-42186.180463067634,249615.92110098168,-41483.11163596685,-229697.96284678785,-170030.9787257256,28337.595399905706,-197906.82630047467,-68469.22322155844,432322.67852398014,-74869.6316193509,-1670.9165039731663,6847.651364178443
553,35.82101591679147,70.39654724193613,9.729125475968457,-69210.78234092634,31143.5012640176,-412811.8055731898,12198.78610252242,-11256.970121583334,12687.995728427059,-413587.7148516604,-70107.05874767102,32815.68694923296,-417162.21541696426,-52971.39726760327,-9386.194906975243
554,36.74677191114889,72.1693530301052,9.729119599150586,-73487.09861654602,32212.324796536792,-456036.3003740912,14102.695828573114,-3394.8594644515515,3323.4445015824977,-456090.53251002205,-75299.69936651469,34079.157682436344,-465164.88651874923,-59203.073174787394,-10378.708423204345
555,35.82104183989789,70.39656372417238,15.52073272193828,-65229.72697686644,50833.46469300309,-326045.35195829335,-3715.882457860196,-25569.534948912275,6472.403997275627,-327918.9205244264,-65228.729401233984,52706.035683503644,-329997.47564976965,-48535.595575058236,2209.430760159338
556,36.746794631551424,72.1693705928586,15.520721931875059,-65074.57040364237,50464.436188686814,-341751.7565771363,-1123.4424732323794,-15445.985502544656,-6810.247859429532,-342528.175691713,-64911.79401567481,51078.0789152959,-351640.63528479164,-48151.59477655386,2830.60877381617
557,35.82107454002967,70.39658699751935,21.31235630763338,-54285.85922539176,49167.921788800486,-211665.82149657866,-34850.58598026422,-33078.233631099436,5008.123011789772,-215798.0473476898,-64778.17425969142,63792.4626742113,-215529.61492197367,-30071.303154039517,-2652.612711990342
558,36.746823263185256,72.16939383673429,21.312343815361906,-52522.01864116396,47020.51506172242,-215229.5308135059,-33143.87966349584,-22539.416773076962,-8939.302713137695,-218003.35557298036,-61100.618103240406,58372.93928327334,-224793.7918641187,-24686.85469123813,-2576.6908407181763
559,35.76325214104378,70.28581013172003,27.104001129607337,-751.8652213556015,84826.31215765607,-44475.346426327196,-71051.22968029522,-56402.35606973975,21406.005893092304,-66331.17368430957,-37972.00897841655,143902.2831726994,-70589.43177790593,-10470.605110690165,4925.670289007561
560,36.80471573057474,72.280217758053,27.10398664008757,-60312.30886061254,63432.982545464605,-80695.20277964501,-83060.74153415083,-47763.11103363821,7698.384607300188,-111904.74702893925,-81679.24508969238,116009.46302383873,-75396.74827803872,-2984.8568967701135,5912.733907045551
561,36.99336284426191,69.77494823288035,9.437456222248054,-72682.79138291406,29420.6473149527,-429053.1275326218,15299.360826690316,-14276.568045482136,16721.715364120428,-430324.52945050877,-73953.61047350509,31962.868323430688,-431853.35804154776,-61253.41933165572,-10247.652727436409
562,37.93019910111409,71.54196790553674,9.437449929622478,-77021.77052596302,33133.17771683057,-474030.93201953074,17078.391027202706,-7477.289301687241,7925.277805361858,-474309.65211396106,-79405.76608945546,35795.893374753294,-481807.0218835806,-67982.77660323743,-11491.298670818747
563,36.993389424251994,69.77496703630591,15.312394751115523,-65095.50067322408,49351.2556675918,-328888.2252644697,-1400.0677199705538,-28787.462494546577,9534.660013616656,-331398.61247706274,-64801.99300172704,51568.13520868774,-330804.27542080637,-50726.6535535815,2874.0964500874593
564,37.93022239697016,71.54198766967437,15.312383259704186,-63576.84086196214,52523.596568444205,-344131.08837532974,-1043.5884485320598,-20438.2281478826,-2852.266666955838,-345211.3217338615,-63553.78768928931,53580.77675430315,-351645.06898381014,-48151.278014192176,3526.5685927023105
565,36.99342341806235,69.7749926739148,21.187350820633963,-56363.69350528746,46433.74356543108,-212654.8829268377,-30294.00826363619,-34755.30444137465,5921.912604630242,-217259.34600736972,-64552.59813850927,59227.111279184915,-216001.28989076708,-36215.363627838415,-2839.6143741614396
566,37.930252352937096,71.5420132706943,21.187337565341533,-53141.79047437694,47776.988408376325,-215444.5424660686,-32216.256998487443,-26518.636448317466,-6982.1262573124095,-218725.23744810472,-61291.08220219882,59206.97511823426,-224149.45762160866,-27466.36547644907,-2749.664869993686
567,36.934909773943374,69.66457988835751,27.062328699833564,-2113.9782286264344,82101.84557910773,-44168.74099796606,-63883.879983003084,-58198.0562806179,20596.835498908207,-67320.66168558822,-33957.49113600218,137097.27917410567,-71275.02787052152,-17270.68054002545,4387.410418219488
568,37.98883878267231,71.65247815826784,27.06231329730514,-61175.27847046261,64322.36421883163,-80974.15412440467,-82529.61497673504,-52508.89551760509,8104.360832716332,-114129.38700893124,-81899.21041073638,118201.52904363198,-75278.44242809244,-4865.842758759914,5322.278789601594
569,38.16028013169491,69.15644865259426,9.145787656991818,-75206.31395028453,31083.8380318313,-442509.3048724268,18510.124796798347,-16852.799749771817,18766.174159892245,-444131.498116461,-77099.83540341824,34599.55272899915,-445591.6544637234,-67655.3167880645,-10896.79507982811
570,39.11905594258781,70.91148318473161,9.145780936178202,-79145.16578990537,28644.756019964232,-490547.9761873173,20476.04081369889,-7618.235892782673,9459.3692159409,-490891.47294329514,-82624.39880449003,32467.48579052679,-497052.6385527819,-73064.35176802686,-11994.221903553072
571,38.16030740556444,69.15646970595598,15.104057361110442,-65262.465237716984,52112.91269923159,-333712.1206706546,615.2203017108072,-34415.96001303169,12321.66375699009,-337316.6429793548,-64705.70076466187,55160.67053487658,-335100.9181617632,-53760.670220239524,3104.26210502929
572,39.11907995271852,70.911505098276,15.104045146562374,-61933.479203402865,48766.492615434676,-349855.02281546016,1548.9826744119973,-21636.618814845966,-889.8020582200666,-351028.2289615658,-61953.96958741183,49960.18914554931,-354747.22347547265,-47915.94605801592,3939.1128955656563
573,38.16034253540556,69.1564977541099,21.06234561028927,-57797.47740292878,48306.82605255788,-213715.0535304165,-27735.778233346973,-39993.145854038194,7806.134652403802,-219766.11214902517,-64586.65643615709,61147.06370439483,-217248.8395459457,-41523.660776898,-2909.0185539516324
574,39.119111098426465,70.9115330934386,21.06233157003069,-51985.522442123016,43468.033802119426,-217082.24545280676,-27383.995476942466,-26971.03754307554,-5837.14440420246,-220291.08311748906,-58319.38754108579,53010.736565764535,-223785.31617452484,-28875.972971664298,-2703.9384221899318
575,38.100458818130114,69.04683654201826,27.020656455972954,-3013.653696848356,84914.6038043114,-42881.135633237274,-60174.933321668585,-64338.87651966695,20512.196611424268,-70051.21784382773,-30803.435551166276,139874.4678692198,-72022.80254409187,-23785.450107209752,4096.959017633286
576,39.179069828415265,71.02125131568522,27.02064011550982,-60598.064771033176,58624.09813485996,-82328.212078015,-75177.9218380204,-52241.81951269071,7396.807414763157,-111852.42868182612,-80743.79295603656,108294.04292367445,-74965.25974781829,-6373.751222694474,4916.021588392464
577,39.300039544901914,68.51516941137334,8.854119805214742,-75982.23503848832,31787.82993930341,-451540.87635170866,22610.705669320003,-19055.00744888067,18851.872465887795,-453324.9040944071,-79212.09039960432,36801.713043117874,-454844.7908645103,-72019.01871633329,-11038.860994816374
578,40.30238721779471,70.24568876242282,8.854112624541994,-79906.46098331985,29092.7195319804,-501936.36518303514,24578.826894678972,-9886.173941602274,10603.893720742499,-502410.609560809,-84821.5963927176,34482.09931915193,-508280.03668971366,-77017.02775498082,-12243.309162380718
579,39.30006753450173,68.51519254487333,14.895720445427816,-65889.54185680693,53264.69452249695,-339414.76817117754,4851.173657773081,-38893.2799561238,12475.05786547598,-343827.7054113382,-65398.0095074464,57186.09941329714,-340422.3955878699,-57038.7203842712,3075.8157066257913
580,40.302412061715984,70.24571270601366,14.895707458051463,-61515.25969485911,50218.33660593555,-355694.0498344288,4472.979508282128,-25887.765081928606,330.52610833,-357339.6975540067,-61687.834865873294,52036.55949652765,-359437.2732273842,-48997.46622112681,3988.1011342477736
581,39.30010373947576,68.51522299236944,20.93734097978292,-60028.70566383589,48902.90601213119,-216073.4188438535,-22876.145350675393,-44672.89002489311,7928.235402527501,-223507.36171909777,-64631.239157852855,60939.38238139242,-219181.56387541577,-45820.741746212625,-2887.4677645818842
582,40.3024443759325,70.24574310471917,20.937326097670358,-52751.145149047945,44492.67551352561,-219155.5367059217,-24444.405076655923,-31435.55524691774,-4616.386992464608,-223180.6117486147,-57735.725904297324,53502.33131146796,-224360.08741546213,-30124.1245627694,-2674.350710041391
583,39.23749789018405,68.407096453903,26.978984948439603,-6614.718531364913,85187.52014484328,-42773.149348924635,-52490.074527936085,-69166.92613425823,18257.992447608536,-73379.36487477929,-27662.853341027574,136841.87048036058,-72786.1003639609,-29951.409116650302,3927.999026925698
584,40.365127523313205,70.35393154037685,26.97896760590345,-63620.27789100758,58685.53590996858,-83535.67112177843,-70964.18565676235,-56771.63054242487,6347.187459178834,-114885.26884443358,-80389.27044804863,106804.12618966482,-74706.05873444391,-8059.969672911766,4467.681097783931
585,40.43442637950676,67.83885277468401,8.562452002502479,-76549.73166325333,26883.951874074395,-458179.3115150745,25599.766329004055,-18463.53287425737,19162.996560808762,-459940.63252591534,-81158.11541379645,33253.656635458385,-460699.4301779528,-75239.40177978472,-10937.475103051784
586,41.458406878986544,69.55684185908206,8.56244447843095,-80181.78224661498,30057.530156459863,-509549.65053496906,27492.36517413082,-12594.936985688795,12686.141514302717,-510257.56175259943,-86110.34677986152,36694.00590733675,-515832.0577449242,-80069.0387104043,-12394.302853518924
587,40.43445507204579,67.83887783986498,14.687384338856322,-65968.37194141615,47583.231619194004,-345626.2200675149,9827.01479145424,-38395.26118294448,13100.414511831279,-350029.3008269227,-65897.6843999276,51915.62483711321,-345614.0158804577,-60599.32649771881,3056.1472507435615
588,41.458432591518346,69.55686765407276,14.687370722189064,-60998.89660834211,51531.894526291304,-361329.9263270515,7060.253211625353,-30540.740001319136,2698.954869867962,-363610.9531157818,-61371.48502869292,54185.509735372456,-364508.0410051162,-51422.68034495321,3846.0059733675625
589,40.43449232725163,67.8389106631271,20.812336858295097,-59637.57616789655,42981.19013411943,-219624.5056899771,-15709.24556118184,-44264.133884423005,8662.22767832955,-227101.51088947768,-61965.539855475894,52786.15902119941,-221759.3293490295,-49670.636883157764,-2823.729364131496
590,41.458466072655824,69.55690037001737,20.812321270645768,-51623.5967733447,45650.489584401046,-221480.86864818737,-22279.844553262305,-36567.982396313346,-2169.3457337841655,-226547.49774587038,-55929.30719948613,55022.82910822547,-225857.48195803206,-31576.821857810748,-2691.0319198406974
591,40.37053553860609,67.73156957112982,26.93731360677919,-5990.396925236164,77529.03648846717,-43668.094715810876,-40746.2592937244,-68061.29459051663,17093.107653892726,-74219.01112599386,-21078.318564912053,123167.87453832608,-73674.18165577066,-35765.40037935482,3859.7428008044385
592,41.52250259341333,69.66430820349434,26.93729542497155,-62759.99492344992,59323.123477558824,-83922.22339347472,-68377.43091690379,-62872.90679595891,7281.291514704511,-116936.32928475851,-79425.13804610686,109002.37249149953,-74501.72524151989,-9951.6060396186,4170.357683641215
593,41.56370684149829,67.16617030394693,8.270784450426277,-76424.4042375056,28846.716661200146,-462322.22475402855,28970.658189741658,-21956.084514269838,20669.13521146119,-464547.05141020066,-82171.90013230342,36819.03921217019,-465200.16368133994,-78643.8984216936,-10855.38108449721
594,42.619532469753096,68.86436058134406,8.270776607377375,-79493.25719155924,22997.72210042397,-516471.78214260424,29979.326605855207,-11980.65732897382,13843.868401123447,-517220.2183910364,-86985.51443391843,31238.415591215264,-520840.3432138313,-80964.9167346962,-11973.18711078454
595,41.56373613559801,67.16619714972336,14.479048593096266,-66012.09408771526,49298.24811173261,-350675.3810376773,13858.555670615142,-43748.81511048631,14689.539383435493,-356298.06135186995,-66352.33866431838,55261.17300252836,-351030.8224860607,-64828.64061901345,2768.3589339110013
596,42.61955898133533,68.86438808673611,14.479034380751552,-59994.82254138616,43790.78890419386,-368061.5799707895,11815.460272253278,-28701.78263851589,3702.465949669265,-370117.85798548826,-61172.12937837042,47024.37375587682,-369364.6880483647,-52908.65791765584,3798.35592179234
597,41.563774356897184,67.166232246771,20.687333057912397,-59141.75451969683,44391.94762333356,-222344.08507638978,-11834.954935325253,-50124.755122595794,10206.618332600783,-231817.62732335395,-60367.74808723775,55091.483437838644,-224845.5096144808,-53035.22129193663,-2936.317568981401
598,42.61959358438384,68.86442301002747,20.687316783502077,-49005.961403637186,38520.53765089569,-225216.95890105632,-15466.026614684111,-34337.71433720494,-1366.2708147359813,-229675.57976863364,-51383.578898635664,45356.776013471565,-227629.42638606223,-31668.895023745597,-2579.462372400551
599,41.49782825936554,67.0601310632249,26.895642521368394,-4758.716773343156,79087.9566651672,-43046.41107956822,-35246.83165541168,-75190.01662375053,16949.782206912965,-78844.12144116507,-16408.62231948083,126535.57257290174,-74626.89407792615,-40080.88997006106,3768.330540502811
600,42.685621642935786,68.97059569435172,26.89562351740682,-60270.878800636565,49730.32172808896,-86104.94263115388,-57708.999352910716,-59354.680879967185,6677.197419748304,-113791.27202712001,-75748.18463432565,92893.95695774413,-74190.60075066437,-10416.114704033615,4081.3186550733235
601,42.93512471947221,66.27719734922013,7.9791169218372655,-77466.38866056726,-25992.716602767323,-474753.8874554024,31617.053695221774,6380.139265972852,11299.023938438075,-475142.2041052111,-92352.25904804286,-10718.52956548306,-469439.3510888778,-82089.88514299801,-10789.623770473527
602,44.04360310303377,67.94173202059527,7.97910867600973,-78969.84775774286,-29906.379738734337,-530473.4641103323,32264.485166302227,12822.08219441579,5167.088185851251,-530843.560383326,-94967.01814965636,-13539.113073827093,-526637.2761084198,-85115.02426542673,-12130.582287823336
603,42.9351546871521,66.27722618910437,14.270712409507622,-64352.769330106516,-12052.7734371595,-362721.7041791742,30608.685164910443,4199.130763541698,3326.464924317767,-362801.5984240923,-78455.2563765489,2129.607854201037,-355206.4301733472,-68252.14493674092,2726.067005759716
604,44.043630559783196,67.94176142499755,14.270697476580327,-54301.76664996469,-10171.446350395476,-379103.98207070323,26337.025285966418,11910.97665351021,-7016.4283241858875,-379679.16364732856,-66181.33925662703,2283.307832892138,-373693.79502091627,-55990.52235695125,3698.713305638718
605,42.93519400131079,66.27726383691395,20.562329124529388,-53039.02073445238,-14190.441169249127,-233365.82053687715,22365.31085604513,1744.8447509045186,-747.5316966396862,-233384.52102526117,-63225.943580038125,-3984.817835279388,-228069.13694775826,-56430.15628017707,-2988.7723358988706
606,44.04366650286993,67.9417988162386,20.562312028330105,-36637.111882482495,-9841.920685568606,-233442.9514022951,14305.432107882365,9814.232227989945,-11725.193577956263,-234645.21851658964,-41720.717811019786,-3556.047642736779,-230090.44944395672,-34135.664380138274,-2760.05804097076
607,42.865958102905076,66.17326904772452,26.853971524377343,-1123.1619508579752,13222.531186282402,-54448.714816249216,19061.764748501835,-15868.472166805188,4651.989573638789,-59377.51857762848,-10769.208099493433,27797.381096297122,-75770.35800973482,-44658.60330597902,3757.2478294374996
608,44.11298659891907,68.04587068362946,26.85395154416993,-48809.54330824697,-3165.0212875228463,-94641.9940109527,-11620.33147352021,-7108.8333610653135,-4798.288376101442,-95896.26627562009,-50700.92721802331,-19.36511307910405,-74423.62603944562,-12718.81225835815,3667.9378644624203
609,44.57500624958831,65.15510587661319,7.687449043344152,-77384.84316596278,-29679.152809110106,-479650.44784668356,33248.030955578855,5902.378354950843,13687.894786668534,-480166.4793378712,-94219.01935252169,-12328.945131363562,-473532.1743411225,-85098.37853668236,-10750.875175784542
610,45.70429288334019,66.80578359917976,7.687440454982551,-79738.31093843104,-31408.11223887415,-536975.3853650554,33936.75127493602,10289.50221469876,9423.709235932469,-537352.1574706776,-97204.07811992982,-13565.5729517533,-532307.4447598414,-88593.26983291574,-12446.811011116346
611,44.57503688077444,65.15513686334003,14.06237643780848,-64838.419860614624,-15873.85777799839,-367197.82710162667,33212.06929864046,4177.848186862291,6636.351085774103,-367377.602014338,-81559.5562445367,1027.0535186350692,-358827.3940772178,-72093.1376821679,2954.480945417847
612,45.704321344820045,66.80581495921577,14.062360855384746,-55075.50345616907,-11128.359142470843,-384008.6514486285,27831.696567491017,8628.283491877606,-1481.1961030875548,-384221.99612255837,-68480.24463681529,2489.726712105346,-377417.99551415275,-59501.61040639017,3762.181527797242
613,44.575077333712684,65.15517726252028,20.43732515642327,-53825.27494719396,-17717.084963304245,-237490.71702398252,25581.356140068496,2370.9031589348574,1589.749797145812,-237525.8413247306,-67081.21635911506,-4426.019250635062,-231643.23569612773,-60244.983562906324,-2963.247281942886
614,45.70435874441304,66.80585489953596,20.437307309553198,-37254.80967808182,-10045.191173566112,-237099.39733129484,14814.928711062032,7024.272001177094,-7218.766677317181,-237611.721780657,-43305.4362033096,-3482.2401989761474,-232732.75999314562,-36407.63870941954,-2794.67889696
615,44.50454170414373,65.05205156436018,26.812300195448415,-1179.362427970318,8444.870513908601,-55537.58774512532,26074.480930410133,-14125.921793189253,4265.672651328895,-60319.18931133944,-18890.21378236419,30937.3234345166,-77124.24253353731,-49231.923605046206,3899.204097625034
616,45.7749805422934,66.90906347788815,26.812279326956926,-48604.30295170206,-3979.742798601339,-95954.50473205357,-10426.753420664234,-9907.814743434417,-2368.7952853089873,-97261.307975912,-50498.52983912099,-778.7126673239818,-74495.71093374542,-14439.41064773025,3735.135356351089
617,46.21253524979106,64.03510839274593,7.395781904685248,-77361.00514743752,-30718.018888156235,-481930.6923767836,35097.46698112603,3492.664008632799,17126.525311636604,-482663.38980660273,-95712.70896147368,-11633.617644300883,-475402.433729727,-88349.59989897803,-10536.642838238075
618,47.367334465713405,65.66774056117072,7.395773083760522,-76494.8211661658,-33705.14541342096,-539829.956595469,33368.86233856323,8699.978369406628,13874.050619295045,-540362.56042834,-94595.68803699301,-15071.6747097227,-533849.08821306,-87270.70946279168,-11806.203293477512
619,46.212566217103536,64.03514121380805,13.85404126905939,-67450.84775288407,-18422.299799351997,-373376.0036829239,36101.284842818284,1068.8461207516993,10945.56920031085,-373767.2597612048,-86281.72049599045,799.829022035229,-364537.19792175665,-78129.76894113728,2451.8311906392228
620,47.36736362862176,65.66777356932661,13.854025189129278,-54494.42729430465,-14945.593414468472,-390408.0259472727,28856.502061981,7376.353343289955,4016.4839805362976,-390588.5185287021,-69701.7547040819,442.2265767381066,-382446.26863553695,-61311.25685069975,3478.84408933318
621,46.21260758119205,64.03518396275177,20.3123218307044,-55419.51335155151,-19175.054521292353,-241628.4287023145,27292.489596980788,280.64423559302355,4268.808058472152,-241726.78240690604,-69981.770042362,-4514.444125890349,-235556.23266157092,-63844.67484252526,-3213.069944808225
622,47.36740227241796,65.66781562434643,20.31230336431817,-35325.06481907447,-12044.75243850168,-240723.7744630414,15493.697376929498,7307.122750255097,-3624.7758106818046,-241039.84477713844,-42850.601613044186,-4203.1453304349425,-235422.36422215606,-36012.62419942615,-2843.1251533805694
623,46.14047808920193,63.93318883349387,26.77062944950559,-1729.0116265937368,6006.090824613526,-56678.739300752124,30104.23252641924,-15774.894443678371,4303.317140964701,-62900.169028008444,-22922.209704149627,33420.71862942574,-78657.72431607805,-52510.02781439858,3621.731773413354
624,47.4396196635153,65.76989884205058,26.770607827644316,-46124.547111803746,-7362.821896948619,-97426.06923707214,-7663.737540003303,-8475.743428954775,-809.4905848641342,-98261.49209111341,-47474.75748870816,-5177.188666002938,-74666.55337095211,-13805.066830510403,3496.524957072639
625,47.663720759891,62.974380400262234,7.2499480995999495,-59423.91373836793,-21134.214549659286,-473148.06701136037,42179.65784555386,119.49638011702015,3855.014302668488,-473184.15132775373,-86574.12442996663,6052.080458332809,-477800.62532383204,-91124.71507718832,-10412.129762178125
626,48.87388390445776,64.56627369935207,7.249939045042825,-59966.66505003834,-24313.70746740111,-532763.5792009293,40182.03025548458,6233.861763319598,1123.1757516072855,-532840.8446123411,-86085.51383447845,1882.4067284506987,-536478.8378761164,-88076.65370110884,-11613.423303518171
627,47.66375184317948,62.97441467872255,13.749872997741596,-48451.300931067104,-9287.589401345133,-363310.857699686,40356.25320961253,-15806.241331061025,3189.4534591677575,-364094.9701904312,-73303.5566514072,16348.77880974019,-367866.0190313966,-81709.77565979672,2267.0777025269954
628,48.87391351181226,64.56630798100814,13.749856484826187,-38829.560933344575,-6243.812162826696,-382229.5521647654,32133.107597087237,-7264.772505998507,-1952.335318207936,-382375.0710485853,-58550.28056848618,13622.426356134712,-385340.8343639702,-61838.72420849149,3431.9082098366644
629,47.66379378576374,62.974459067625546,20.24981953205657,-43038.90282937132,-10196.793564479012,-234674.67828777694,25501.281828011895,-24531.811009763565,3947.6752591061168,-237555.80402507307,-55700.993316544336,5346.422659990116,-238047.8645866986,-66557.85102885436,-3328.9835669039794
630,48.87395305385797,64.56635148360229,20.249800553043613,-27280.680124646493,-3945.537760284722,-235379.45408804636,12660.038937236128,-15169.732552499141,-1562.8326580832183,-236372.13667198663,-32725.707068261025,2492.1717672701247,-237073.19500208134,-35641.31758014788,-2828.918775923345
631,47.58820436724128,62.87501212625906,26.749793538364678,3520.5851198128967,17812.58467595275,-51641.07791722979,25274.438506164053,-45856.54831445664,4720.4911837364925,-77527.99565378606,-2836.4284160705174,50056.515948392436,-79637.38544223549,-54856.14122313817,3519.47093743418
632,48.94963133268128,64.66589051067514,26.749771295066232,-45954.71133055329,2603.3514023646094,-94625.35194937835,-14449.518637452455,-36832.84034977715,2444.541061934489,-107090.82672158863,-49132.71135780141,18246.826201823013,-74758.33582456748,-12854.8622926502,3400.252896540359
633,48.95624507406106,61.95255267109863,7.249947288133503,-59087.638749106525,-27788.985322734647,-478736.56937485747,43721.31514430436,117.65449294797355,6098.515317692213,-478825.7767519305,-89813.77698083954,3026.360286071312,-482491.7047394605,-93187.54417075272,-10599.959581596773
634,50.19626006931768,63.521752358990184,7.249938033129382,-60170.44756048308,-27362.336840935095,-538824.3795169359,42961.09191521444,2517.263099598618,4796.836424553638,-538881.0232107403,-89738.618008814,2262.4773012001715,-542582.243257311,-91778.73820351266,-12364.510538434146
635,48.95627614960693,61.95258805085501,13.749871706489818,-46235.5679681696,-15477.133777974144,-364947.8230101145,42618.23581572181,-14317.017746422236,5598.344239704032,-365704.5406199988,-75599.05623383916,14643.072097579843,-368565.5084003913,-81854.13284774362,2802.2968062816526
636,50.1962899684697,63.52178748902457,13.749854876735093,-36634.53127577825,-8041.465333171858,-383160.26135376765,34332.70716790211,-11949.525936989548,2102.4984012953273,-383570.1934165547,-59312.3095429446,15046.2449967815,-386158.0774462386,-62458.0202247418,3586.9344563018544
637,48.95631831225422,61.952633496577874,20.249818099977787,-41090.909410590575,-16507.275064939422,-236221.56515702108,29558.79708760225,-21178.583141800136,4801.830248547486,-238541.8170280503,-59436.62588378312,4158.693279282349,-238980.9815163524,-67885.89117152455,-3170.935166556166
638,50.196330023235646,63.52183183910582,20.249798784838323,-25813.50494554606,-6239.082274357752,-236258.83297819406,15413.514425875255,-18669.432139587556,824.4135881296163,-237784.4018832715,-33834.127148036554,3307.1088332101917,-237929.56822343817,-37085.072158294446,-3032.3388500057854
639,48.87886293901493,61.85460618767988,26.749792054833648,6243.966291019409,9537.42071085063,-52631.13961756205,32974.62634746524,-40402.79165881932,3693.66593631439,-76749.89459216967,-9033.88000866424,48934.02198514191,-80079.06896607767,-56058.229544264876,3713.532184157073
640,50.27387425944246,63.619953712772315,26.749769422365915,-43176.47075437314,-826.9832489791588,-95166.97052391357,-10179.258130405402,-40598.04006622387,3619.868208169335,-110232.41837852313,-45141.4405678604,16203.434419117666,-74902.14682303582,-13620.995848673667,3316.6240569602987
641,50.23979735945293,60.939506669317055,7.249947076573313,-58084.13130806678,-30680.149284986634,-482522.3520638684,46221.704689604354,-2115.6499766166608,7690.718782902247,-482681.16174810095,-92450.5687207929,3845.0978119720107,-486321.19127516693,-94974.90071252074,-10930.575238058598
642,51.52760771491751,62.46844867937683,7.249937732444025,-58140.38503771025,-34763.16125160194,-543990.051182562,42234.45126960969,3786.4629687307247,7471.24584705738,-544124.3721463222,-90244.45746126764,-2524.767864284639,-546271.0843432168,-90583.15973515643,-11831.170019874266
643,50.23982823525425,60.93954284072609,13.749870947596735,-44714.6317293963,-18723.063574263942,-367779.01640189363,45229.82418765364,-18304.504845480784,7927.042986045081,-369067.8167126884,-77745.21032891657,15596.31533605115,-371396.4686080529,-82713.14270365497,2229.88118186222
644,51.52763771133594,62.46848433786904,13.749853932206713,-34435.3478517839,-14929.947466038138,-386940.42222565645,34537.2960569959,-8674.447967051769,5343.060599546998,-387250.62655288493,-60294.684391186944,11239.593400593478,-388613.05294268543,-61003.80570390843,3826.1522874654825
645,50.23987039000784,60.939589076589414,20.249817042972943,-39040.66674557521,-19788.908911415063,-237192.09511840245,32240.13710640475,-24281.446256852294,5927.250771786598,-240322.4657543934,-61001.30718458118,5302.102163581823,-239850.69845208415,-67800.46106737832,-3613.4968972578067
646,51.52767802707399,62.46852926019243,20.24979749996365,-23023.637043584742,-11266.583808292678,-237529.34098646377,17045.541175692095,-13100.102338501358,2532.336368431538,-238342.83707870415,-34720.43444221512,1243.7096825780454,-238302.30449872444,-35364.569788533205,-2703.7914724991856
647,50.15942752587122,60.84407890102091,26.749790911312527,9157.071949657724,4475.0678856826,-53268.4277963319,37731.014186584754,-43441.13916993211,3044.6867868516697,-81711.20251419483,-10739.877481364381,52814.792034567625,-80348.17383011949,-54791.622275526715,3212.931287612242
648,51.60820940542072,62.564135964866814,26.749768024595852,-39554.89384016714,-7152.86076987211,-96100.61168113188,-5685.7384615621395,-32313.45597295275,4159.607908989577,-106672.7142613539,-40503.275209707856,4367.623179890649,-74631.8787199501,-11468.570942711214,3454.7898786898836
649,52.06256077592896,59.303192406892485,7.395780251944561,-55323.00421052172,-75805.77528528398,-490878.2226403462,32079.1625598837,34446.058694729705,-702.7881843046795,-493742.9321958472,-97244.3891193175,-31019.680820987283,-489299.5927644692,-93578.52361085765,-11016.410930741826
650,53.42109733900194,60.770648087456564,7.395770850219702,-53888.546905968986,-80130.44993894635,-552995.5776448478,30006.04616357021,35242.01520928824,35.85458798995556,-555617.2159128033,-97874.58103563263,-33522.777541327094,-551619.2510841027,-96126.30502205864,-12452.664818059115
651,52.06259110927252,59.30322912430202,13.854037750787484,-42029.465302433295,-57899.09158764909,-371336.2456692336,32356.606320642968,42141.38047562341,3444.6048496741278,-376905.2858989834,-80114.2146360327,-14245.302024299861,-371260.50703144114,-77947.99820790204,2666.533906107577
652,53.42112713833283,60.77068393724134,13.854020613819038,-28610.721198292067,-50523.90117669641,-389823.95060687955,23474.62695401314,41251.233224487216,2630.865037638788,-394767.24321509665,-62194.32033004751,-11997.009436723916,-390750.1423027257,-64741.121252885576,3743.550273558052
653,52.06263271547435,59.303275899402635,20.312317384640664,-42234.41518536299,-46345.4515693681,-239769.87813191573,25827.834929593228,41117.62180228474,6816.995502715277,-248159.1342584181,-66848.1822554869,-13342.428372741804,-238964.91800215005,-63729.15662992908,-3253.613902683563
654,53.421167270753955,60.77072908292222,20.31229770668654,-20338.12762149419,-32076.957604953754,-237821.51094198663,10955.747438751365,40714.1748251047,5748.160588730057,-245642.8460205003,-34304.376926094985,-10289.373221839338,-239185.15783199517,-39884.500108967106,-2950.027359211274
655,51.97776836160473,59.211609489886015,26.770624666149605,-5349.969352055604,-16128.981860153337,-59254.36013969701,38967.112009280274,32983.594934394925,3391.1097885261797,-81117.94493145439,-34845.92246076489,35230.556040313306,-79719.41777754927,-50216.83104255606,3509.255978083069
656,53.50611844252088,60.86249321842535,26.77060168632368,-42883.481213008636,-18777.29993250814,-97942.40207064177,-6515.920046065807,31853.430712722737,7493.884125157862,-110432.12498442033,-42001.85030716047,-7169.207924577748,-75521.04735759165,-15351.057609508924,3217.960586182388
657,54.45989788999858,57.01286679167053,7.687447275625154,-51869.38874103937,-76208.9379290691,-490680.57472177036,28834.786401026628,33277.32207825396,2889.8742051953973,-493336.1435771242,-93647.0408389041,-31775.716975850413,-489602.88731964043,-91130.18706457227,-11081.727116213558
658,55.841365949506994,58.45909324893892,7.687437910910855,-57044.67585997519,-84138.61196198914,-555196.43827596,30800.495381703306,32088.553767234713,5708.703456710405,-557398.4468408008,-103012.49664929404,-35968.782607829584,-554099.5505569074,-100615.26087797924,-13122.96340544523
659,54.459927136710576,57.012903496723006,14.062372297776378,-39867.74322786725,-54425.907366136336,-368795.8611774155,24951.67528734575,40717.64104534572,9246.59132920159,-374093.1010849219,-70843.96794117538,-18152.442745321903,-369113.57469940046,-72232.19629547858,3218.135855368694
660,55.841395081787155,58.45912865011235,14.062355247822495,-33084.84296714587,-50878.012669945216,-389282.7886230114,20609.426419396113,36574.44263120114,11502.042729809544,-393428.8034028773,-62735.50666880089,-17081.334188424164,-390500.8184496055,-66263.839498661,3916.8316185048234
661,54.45996723982087,57.01295023892646,20.437319532840547,-46748.242858300364,-41073.44347583254,-238892.1675445528,15839.097921505732,40696.161920016355,11053.393620653096,-247240.66081916465,-58636.588204907144,-20836.604854613903,-237613.34871648566,-59244.2797334114,-2904.749489648699
662,55.84143422696353,58.45917327280271,20.437299991873076,-30310.913975263556,-29762.47168030494,-238252.26932428096,4609.887915429552,36637.51506858108,13360.825697507657,-245218.71048511937,-33984.85154610709,-19122.092948622983,-239149.49194234342,-41103.882418497255,-2791.875308388116
663,54.37366755402366,56.922610984451794,26.812293929057837,-12059.617438878744,-9066.79345267441,-59433.25120777995,28360.85508748487,35083.62320408278,4533.086091118208,-78800.83035651734,-29692.00020398707,27933.168461171306,-78810.53114929565,-44828.544690714814,3934.675608784652
664,55.927817034051884,58.54961012370987,26.812271184823736,-51709.361478296334,-13432.436692256586,-98489.99839968495,-14403.089447244674,29121.272210551568,12511.406388852489,-111937.50355386981,-49431.87757382955,-2262.4154425385095,-75776.27845041794,-15023.433769088519,3620.482591006657
665,56.85977029346726,54.72067259815208,7.979115336296048,-50187.86331564762,-76623.63884325352,-485923.4587661684,27386.20150468117,30489.960374412964,7661.059657475972,-488254.60773453506,-92637.85246818626,-31842.500722348086,-485444.57908262435,-90206.85560136061,-10953.630497264405
666,58.259098692419435,56.14940610549313,7.9791062024125,-52083.48618444777,-81952.00900416775,-548428.2971764111,26559.273073234883,28626.513080823053,12023.709166134347,-550395.3985568299,-96735.80127265333,-35332.592535543416,-548377.277279779,-95679.12239454394,-12429.92150183794
667,56.859797852749864,54.7207085047793,14.270708140129114,-42075.95470708559,-54867.85751814117,-369902.2383308131,21709.31047128522,37280.82871683365,14023.11543839134,-374647.4313101327,-69691.12417466652,-22507.495071240533,-370453.03822392516,-72577.98410299107,2545.2055854826667
668,58.25912652293371,56.14944037431177,14.27069154379249,-33634.769219156195,-49776.71842984193,-389192.91492897214,15517.923260429907,31808.71991415099,19081.641737588,-393008.6671646126,-58372.187708608886,-21223.54770474867,-391150.69931852736,-64078.21890687866,3584.7183444409575
669,56.85983560374886,54.72075414837484,20.562322733997217,-50741.06850620001,-36514.39951939531,-238779.95981246806,7497.515310215313,38728.95976584557,13530.163941596664,-246671.44203005458,-53932.00995520581,-25431.97585280303,-237192.3422795055,-55922.70934307539,-3009.7475662773218
670,58.25916377374477,56.149483409636815,20.562303737937064,-35461.01805069192,-24933.182831315193,-238195.7417397773,-4414.829589861594,33178.466263226735,19134.79852832787,-245067.5612102563,-33790.0702020035,-19732.311209524694,-239102.89394668338,-37447.75418538029,-2810.4214353795596
671,56.77241670915051,54.631507509981944,26.853964148268126,-17932.548278314636,-2337.2934020503217,-59888.3620114251,18272.074910793657,35061.44917447166,4858.08181767078,-76683.61780188252,-26240.265390029534,22765.679500121994,-78112.04278965449,-39490.983297083985,3669.438047572752
672,58.3466604948396,56.23882570415046,26.853942055958527,-57579.89707335056,-6542.51573370161,-98300.20593109827,-24062.58766843782,27207.35523307158,16639.151773036658,-114998.3768338374,-54242.784737070666,6818.542832757631,-75957.10405473612,-11298.462940882166,3300.40706782947
673,58.473839904984,53.10096513070164,8.270782741898046,-30316.91519967204,-55979.27548758187,-471759.5320471783,59697.90465724993,-3395.7164456391997,-8431.629997353075,-471932.9914450684,-104190.18888775335,18067.457598389632,-483968.11925285903,-88495.16593334224,-10914.89401159789
674,59.93371740126743,54.466570074813205,8.270773894377081,-33336.41596451439,-56059.2160148382,-532974.3095401422,56931.41513909546,-1169.9785949140999,-3960.059381591946,-533006.792530736,-102745.8224304753,13382.673441716457,-545146.7904277775,-88661.1709991324,-11814.546408591343
675,58.47386606037337,53.101000274707125,14.479043745445228,-7530.005241758343,-52075.34329616086,-356062.4132841598,60139.71991789932,-38279.29508600604,-6522.758983463463,-360811.1102503197,-91103.18180799871,36246.530236239414,-370469.3200207585,-73499.6644282402,2189.356372083546
676,59.93374399976036,54.46660334344465,14.479027692267376,-5458.134791524408,-42331.30849325746,-375871.91632333654,50833.37218571437,-32554.968395910066,-1520.8414254507961,-379050.8973420176,-75780.17972810548,31169.717462004694,-389535.92049674474,-59963.30838984184,3667.0266072406785
677,58.47390178439421,53.101044573322504,20.687325635091803,-1212.3058870115083,-57756.042435905576,-227819.1156429819,49963.011828643765,-54469.57485711648,-5536.541435848203,-244099.30479243514,-74874.2129844858,32186.053811022022,-236089.7322983662,-54371.715868630665,-3096.3132129937712
678,59.933779418145306,54.4666447094825,20.68730730206608,2958.02641501031,-41542.29823093167,-228998.62105013884,35361.74111645882,-47289.85835304107,33.634748052085435,-240536.86347547543,-51763.853468754416,24717.82407816958,-237172.3855492764,-31561.23857061812,-2379.4335477079712
679,58.382695882869385,53.01574244323903,26.895633927870062,41190.57937633865,-48286.38041675314,-55823.04693278936,67427.92557023268,-73680.32171057256,-12253.020299800857,-134925.85960426324,-21432.812838673868,93439.82446973324,-77499.95383311613,-36557.711223430364,3482.5182170824637
680,60.025058284623434,54.55203981573832,26.895612620073784,-10686.504352140728,-46202.527923937756,-94924.33121947144,22685.82067494073,-69378.96256770671,-535.0393411626312,-145311.09924036526,-22996.95047168629,16494.686216501603,-74871.99610346492,-5683.768890062918,3939.4800044288
681,59.33238102998883,52.122180391193154,8.562449590023238,-31303.560949318155,-63323.12325897538,-475905.15106176876,55987.67594842282,1368.97029753267,-6672.059783228116,-476017.28121323744,-105474.59333398288,10960.039277157959,-486102.51491910114,-87666.06109217055,-11289.876904610324
682,60.83494777993666,53.442149198222026,8.562440896445562,-33891.76945302759,-63434.70542034543,-536067.0160074572,58669.13471236066,-1317.9825932074755,-3268.3693704118605,-536090.1684251172,-109161.14786318078,11857.825407467704,-548133.1575185731,-91767.7643539782,-13005.477515407536
683,59.33240631165698,52.12221501181738,14.687378120926612,-7098.711470412507,-55249.44114685829,-354601.0454850918,54976.29266855731,-28166.94130755042,-5183.078083644596,-357228.31302206864,-89587.74576893267,29866.860688638673,-366699.8411115568,-69236.03315933282,2904.7929183865504
684,60.83497355038624,53.442181735584946,14.687362428703684,-3741.589490723255,-47268.20746622671,-372859.9968812495,51321.54123629646,-33758.350573893236,-1214.3071759546926,-376367.84580983943,-78714.0982476227,31212.150219262767,-385960.986579584,-58459.82757946468,3784.0560129268533
685,59.332440555566,52.12225825854708,20.812327878677145,-1798.395749077185,-58492.1060825752,-226531.86639435522,45737.57862588644,-41579.38895834718,-4811.043260619539,-236404.32539464723,-76546.57224600964,26128.52941464917,-233414.6034115877,-52299.31245075326,-2910.088286058501
686,60.83500757149975,53.44222187901012,20.812310030537382,3648.491608768601,-48347.9207402825,-227733.6197084411,37172.88657762181,-48231.8897102016,-262.0330927052612,-240207.33205664498,-57410.790405917716,25185.073622607717,-235138.83425833285,-32225.124921209233,-2777.0902178380043
687,59.2385647345183,52.03980735235996,26.937303455106747,39594.17158116525,-46642.3799625536,-55912.38258272005,62928.13084634223,-57062.23300758322,-11507.79673774169,-117307.79906046581,-29077.75269220562,83424.96078856304,-76671.10067113764,-34490.25991038645,3594.873009227278
688,60.9289527529815,53.52476335632781,26.93728274274838,-8817.416324944632,-54935.91797554018,-95589.96804668734,26189.58544809288,-71246.70132897548,-702.3741621831736,-151016.0157343132,-25583.206531790667,17255.91991893173,-74759.7100648514,-6194.991364357615,3732.841133259339
689,60.200159076466136,51.13489279929452,8.854116490944484,-30755.85822937669,-68544.70766026007,-478729.7113384004,56046.9726664245,3845.4329132736516,-7566.351183122046,-478914.37799497263,-108642.94953308743,9527.050300022946,-487783.84183793754,-87859.16136629632,-11920.269476502375
690,61.726941518685095,52.426230804639154,8.854107957030104,-34062.060886155334,-69606.98528774813,-538596.3118498581,56712.88507869763,2193.58045135429,-2745.016939622817,-538624.7780634561,-111239.9987225348,7599.418762229146,-549128.3972941533,-93063.81755678504,-13316.646992538052
691,60.20018339826301,51.134926691591936,14.895712583825066,-5084.375194419715,-58540.66148698698,-352124.0073272084,54240.87518274832,-27409.970056680337,-5820.566450988539,-354663.0395789519,-90738.81115727323,29652.806727610005,-363028.05734597804,-65002.88981275333,3077.4660427008484
692,61.72696639323665,52.42626238152277,14.895697288433176,-2661.765930468475,-49089.47051546746,-369854.00869000424,48157.22515246366,-28894.390189097147,-379.5309051817062,-372478.1315152602,-77338.78811708032,28211.67449640037,-381713.0136304156,-54951.64774607118,4339.599466696713
693,60.20021599906604,51.134968815297064,20.937330211711355,-277.9650165533376,-63170.176709852996,-224848.78631753134,46046.25971812836,-40955.850116032765,-5331.415312377774,-234768.0076165729,-79919.71630955307,26390.795882188308,-230549.1252711718,-49476.18880418013,-3042.680857627057
694,61.72699885567884,52.42630126088673,20.937312878547168,3502.737151689759,-49107.42237348919,-225672.35116008393,35185.758943979046,-42078.090140608154,546.434758138253,-235482.61609487352,-58375.22405040807,22580.803763398253,-232555.1208630573,-31176.296539993982,-2682.6021693410357
695,60.104824935525464,51.05430614175607,26.978973075195878,40323.909666697815,-53486.62531920076,-57068.5183580124,64096.96362517883,-56072.0199100025,-12112.810829664593,-120800.58424289276,-32467.66907622323,83037.01930860065,-75562.3611924306,-30435.491724852913,3573.798765414365
696,61.82245578715742,52.50705201152408,26.97895299149057,-7777.957532705554,-53780.89223654504,-94583.32287951779,24577.60866107253,-62637.579666257916,137.73367902568063,-141675.09822095023,-26950.18997147141,12483.115543653275,-74146.99476474317,-4960.531450669266,4075.5413586584577
697,61.23185044732021,49.86734699846363,9.14578393461549,-35120.22397464437,-72202.12743554416,-477526.6894366419,38666.78870544936,16434.560210332063,-922.9188647146499,-478206.0298980087,-96000.99548012565,-10642.015468696034,-482353.24779416306,-85751.66118327054,-11906.941614189913
698,62.798388469355004,51.11047140450938,9.145775771579258,-39124.36010454723,-76883.54987188915,-536113.1329241868,40864.48648707721,11217.462138317673,5161.891124422849,-536422.0835165225,-102916.52124186966,-12782.43814223084,-542441.7109091581,-93992.91706199171,-13371.295791675939
699,61.23187329844691,49.86737974442485,15.104048668139416,-14114.627479613187,-49286.649357600705,-351146.92774014076,33344.827668297294,2955.5821535391287,1815.021786036394,-351182.5096269493,-69389.71199167903,6024.017041273718,-358529.2140050228,-60508.28835627034,3176.428644100305
700,62.79841197284481,51.11050160057617,15.104034041831358,-12023.11605007262,-43995.83104975135,-368663.61990855704,30036.829676742014,-5235.805245910556,8713.33142017369,-368986.79820150725,-61773.39406047487,6077.625253601173,-377740.10631846066,-54506.49469625897,4292.49731949099
701,61.23190375152883,49.867420551125726,21.06233395824403,-13322.106447522223,-39208.68491951151,-222410.06231609537,22929.763020018778,-2337.5716532917622,1617.4440947129492,-222457.56629665516,-52548.74900972687,65.46162325289365,-227452.61175821675,-45422.255533894044,-2932.873564718399
702,62.798442359981564,51.11053899131607,21.062317394341278,-9472.155527489882,-29490.551637915243,-223503.00755774425,15414.580811830378,-10665.71761953255,8900.775607641659,-224530.2383404229,-36867.6253547863,-1067.8510279401662,-230426.12647713805,-31394.91208059262,-2702.579154374379
703,61.13402576688251,49.78976976359265,27.020643815857923,26183.99955946648,-14654.275474361897,-53205.003312771485,36537.326829108395,-7709.522483719563,-7171.654990286204,-54689.984424052236,-35606.3481192145,48621.053315599835,-74406.81839140528,-25597.499650830658,3707.7281313650337
704,62.89638183684999,51.1882748641673,27.020624662840998,-18559.634998112837,-19240.088341257408,-89606.00961744934,1657.5730901700836,-21452.413578444055,6566.476480606592,-96220.59480945655,-17976.173970132153,-13208.9641772309,-73848.02985254515,-5124.470943219978,4233.194585307938
705,62.44733297089072,48.29543693893774,9.437452474474597,-31703.539948966114,-70961.37302646704,-465914.37135096727,34855.732123042064,17449.69132759766,-2001.3413982886875,-466712.7561384615,-90647.73958390499,-11218.788604033849,-469890.0419400828,-80512.5526374305,-11254.014272295626
706,64.02941070589651,49.51897832409014,9.437444785137506,-36366.67483706987,-77308.70669122506,-522298.56790306524,39206.29204708183,10568.019591865272,4548.8829371260035,-522576.51033547963,-100960.9148827287,-12436.524213151919,-528296.7958631173,-91765.73641933809,-12980.908117585734
707,62.447353717069454,48.29546812577245,15.312385969934414,-13295.617737547345,-48424.91790909674,-346680.1393343532,30057.53514457618,5160.445682472506,1731.5418113874175,-346773.8405979068,-65627.22885198361,4000.394468893097,-353310.1183133161,-56942.45122912125,2984.896868373187
708,64.02943228019907,49.519006813246015,15.312372160730408,-12272.769528316472,-46579.34317438514,-364387.931247542,30155.483210329257,-5940.1535374301575,8892.199973030345,-364754.5356174832,-63812.18827682836,5326.679944068044,-373359.4236049267,-55811.26700869068,3814.821483439228
709,62.4473814760074,48.29550729605201,21.18733921602145,-12410.329107742093,-35666.65208053223,-219755.79310855488,18877.373762954932,58.00858752485808,1825.2127410592145,-219771.922903444,-46205.7965213893,-1855.054871995897,-224333.79051486508,-40183.4749456169,-2699.743196276548
710,64.02946011144522,49.51904238594023,21.187323552694544,-9184.780508997956,-29865.055875494774,-221450.67942713358,15004.626437038783,-11577.072884143272,9403.825668569083,-222646.1249288745,-36592.267056816396,-1262.1238259354297,-228494.64470342582,-30812.24506799584,-2620.8160953639594
711,62.34852940772138,48.219078608520164,27.062316277024724,24924.40151394886,-10882.630010225792,-53230.848197265026,32259.084311373666,-3603.714399600915,-7185.823921842064,-53900.65914560424,-29861.321290602915,44572.9037426652,-73154.98247651118,-19912.86498615583,3930.5228914092
712,64.12836816472308,49.59555247397356,27.06229819557921,-16254.484080969665,-19217.174829292948,-88175.71272027363,2303.9312827843755,-21423.557324267556,6799.658338380082,-94942.90061303829,-15648.613631291542,-13055.857386206366,-73435.52173845205,-4730.346462437276,4414.37910113014
713,63.66491983640223,46.72120454621617,9.72912123331979,-29461.842932302818,-69265.50049647992,-453631.56885757984,32809.378654763714,14207.742004739388,-738.4069089458867,-454165.0252319135,-87294.7258682538,-10899.161186195239,-457799.7642457717,-76071.40041830727,-10767.073055804265
714,65.25832849170656,47.92980719784339,9.729114070843023,-33227.50619441278,-74318.80671376648,-506648.4117373833,35637.43517366965,7396.117679224119,6475.436329594231,-506847.99052283744,-94884.65429621612,-12462.079826508925,-512953.11249395914,-85146.64178576267,-12035.965156972641
715,63.664938275020546,46.72123408142172,15.520723437010007,-12630.704761666322,-49208.37554792053,-342865.6662764913,28905.926460659808,4296.022147729657,2019.4183118068775,-342936.28424787894,-65097.31636198215,3328.854023783023,-349264.32366229454,-55664.18109443978,2481.9069313066225
716,65.2583478839668,47.92983398916469,15.520710538470016,-12450.560971701121,-47464.478847467035,-360136.4050834416,28543.021297731535,-6846.524322791449,10132.731204145863,-360620.9238462411,-63040.78946986694,3610.2684134982746,-369077.90870793944,-55227.671780243814,3404.7490954924897
717,63.66496322158635,46.72127131314158,21.312344588597455,-10579.087516039046,-33319.69115947819,-217071.5724971778,16382.013690392274,670.2891095413759,1230.4497372744167,-217080.70160051156,-41890.65334840945,-1998.9962237740542,-221319.42825717837,-35431.4268696239,-2611.2010550545765
718,65.25837301006011,47.929867467262895,21.312329918255767,-9396.6101664741,-28053.544042997313,-219299.2066631798,12749.340780654164,-10851.454983501417,9930.15301630104,-220450.73468824846,-33445.28498224215,-2853.3412021606096,-226145.71052458987,-28623.990854084917,-2490.430334832967
719,63.565400044504585,46.64577441251287,27.103988851590014,24741.688043894308,-9092.808922473,-53401.684395193224,29602.53349014448,-2165.8942334937515,-7734.65128093792,-54175.67149790133,-26127.781952177123,42550.64817630655,-71915.12957053707,-14493.07167284278,4028.530298835511
720,65.35798632699027,48.00544188683479,27.10397192517365,-15145.646714639463,-16837.25931809262,-86459.06514587125,1031.0878608852788,-19663.25108508767,7430.717029730105,-92347.45044918865,-14688.073137246554,-11406.44759216801,-72840.88108509532,-3653.505259202878,4473.263798950836
721,64.54312299745493,45.54100844090749,10.020788934088042,-19851.48453186247,-76390.99253994612,-445857.9747096357,61687.08651156716,-1388.5192166154886,-13849.087604609176,-446308.7670587321,-115857.241397143,20065.556674430787,-452706.0573246529,-72354.74112670889,-10737.725571075676
722,66.1696743608557,46.70417081626059,10.020782249134346,-21332.73026989361,-75051.02697464755,-495010.74748908123,62968.71886317911,-5769.547340968953,-7657.496957110008,-495189.3316776437,-116648.77268949401,20443.599633515263,-505564.0526834694,-79390.11237043912,-11715.014066132377
723,64.5431397187625,45.541036791004636,15.729059804009305,4635.665048841394,-85880.27292679409,-339162.20979564864,65446.82493452601,-40932.125861158805,-14880.56812197471,-345673.8612922167,-116440.18973500235,41707.233353617805,-345139.49582161044,-53696.9793319569,2459.0137058287273
724,66.16969200942084,46.70419638913541,15.729047727841479,5607.276280669359,-75990.28519328478,-354579.74988987023,62558.71989856895,-44358.375876450176,-8278.220384671426,-361477.93070658896,-105059.8188467736,41574.99075087688,-364320.2372589707,-53501.45602127889,3344.255079307948
725,64.5431624842175,45.54107239195369,21.43734861142904,12992.444992380562,-106226.80248000688,-221411.79976890242,59059.73526435332,-59337.44439905439,-15883.438527559181,-246805.89372867448,-110680.66500030812,42840.40147245384,-218113.0063583026,-31733.87440171234,-2511.8717672121884
726,66.16971494120263,46.70422812875956,21.437334862196348,14086.61544216058,-90939.81668899946,-222023.49363570535,52538.4071102564,-62153.954756326115,-8587.905521939534,-247342.88221332163,-91534.85933650413,40001.04666728149,-223191.5004670524,-26455.58185709532,-2341.085141261652
727,64.44152545483371,45.468414080530486,27.145659878298197,46007.17890276514,-123281.17958349764,-70921.13232541009,81322.03570032404,-73799.5672011811,-22474.3585775241,-189015.6776280973,-53461.65992846595,94282.20455042059,-70745.63040850194,-10558.911005306474,4183.939135941005
728,66.27139738226873,46.776960871668734,27.145644029738826,9436.633842968582,-116126.87071633922,-99062.39123398416,49394.280805059374,-83880.15984898356,-9078.256776940918,-196651.8281434391,-48085.93490917902,38985.134945263286,-71909.35537413764,-2709.9003539583023,4899.978331903647
729,65.09851390134264,44.73212885475454,10.31245593515784,-21092.95568733973,-78667.86483770734,-446710.5622263005,57598.27125564868,1215.4859133275174,-12693.967821176377,-447112.63167250046,-114093.80011414843,14735.049035301276,-452579.73619800736,-70973.44268351606,-11246.521133471626
730,66.74687677155502,45.86478978924077,10.31244951509322,-22442.804711053883,-80109.10737358741,-494745.73506235745,63056.40880604103,-4972.330308459339,-7719.037394099212,-494910.08709375944,-120611.81440137133,18224.25434813205,-504693.1154638259,-79734.1128419472,-12522.604664707853
731,65.09852953202615,44.732156439883305,15.937394566515533,4185.85692245613,-82561.50618937929,-335018.2138214577,59292.51704903408,-33187.74870902678,-13672.332778512337,-339415.8788996526,-110267.71078197635,36289.726593248095,-339988.6101299438,-49716.19691817921,2847.6263874370707
732,66.74689325468202,45.864814556918674,15.937383016393744,5489.679402000981,-79014.96906995446,-350233.8714993629,61600.235480488234,-43274.289581863006,-8331.25828846118,-356975.5722048529,-106702.80887753608,39919.21991507256,-358829.3114887688,-51022.261292014045,3596.4524429272587
733,65.09855073052674,44.73219086161535,21.562351335334803,11837.368447485702,-99174.52912601683,-218017.29345175734,52740.528570283575,-48827.38580144571,-15002.639627954997,-235563.77543159647,-106878.32816866194,37087.64946997,-214797.18164428885,-29161.415972127445,-2553.395042982654
734,66.7469145930597,45.86484508419982,21.56233821910196,12838.698563212942,-95967.11457829858,-220409.333982039,52283.60876287635,-60511.13762105155,-8932.093701610143,-245515.9531217873,-95881.51123874036,37859.7143634029,-220165.49911741843,-25991.170517810006,-2488.509991323386
735,64.99554861608013,44.66143774129374,27.187329912409552,43931.71238693877,-110855.0421152421,-68832.43414256017,73281.3396005569,-60543.328678797785,-21341.471283498653,-166078.0763186256,-55185.50862683018,85507.82107459227,-69698.3242235737,-8208.231147016873,4332.773815711202
736,66.8499586648837,45.935670220835256,27.187314816095252,8760.482724130437,-122960.13703307339,-99428.75780254565,50012.493099228,-82572.20170974852,-9241.765050489477,-199651.21229299737,-51336.02357934777,37358.82376085653,-71075.38365911433,-2618.430427587411,4909.668720559404
737,65.65786078224414,43.91838822846534,10.604122999364447,-21734.324256583488,-81969.25668641004,-447426.4109982962,57051.592452836056,4044.366947007877,-13322.920204572676,-447937.66015418817,-116042.8093808516,12850.477593750024,-452016.28818107094,-70469.35888108275,-11730.37913650668
738,67.32012314969535,45.03027002545818,10.604116822625901,-23185.601049862133,-82672.32119208747,-493835.8411640249,60204.436182147074,-1768.3754769930006,-7595.007160941285,-493959.9457745106,-120063.06020744833,14329.242575984465,-502473.51630940015,-79911.32539237669,-12853.593680624701
739,65.65787533419666,43.9184149840786,16.145729392177927,4205.934918512136,-83724.68656787522,-331317.8196286875,57787.23855887173,-31524.23404704089,-13891.290557774004,-335402.0710779745,-110213.80136652607,34779.30116644996,-335094.73082947213,-45834.71223289298,3076.1367823087717
740,67.32013849035931,45.030293917790246,16.145718353536818,5414.490443199407,-76753.629727923,-345295.5819932263,57423.74695474228,-38813.84773992755,-7664.917519875559,-350793.6455271642,-102387.34599098667,36546.27024020103,-353263.5211469311,-47658.960966960985,3946.469346934222
741,65.657894929651,43.91844823449088,21.68735410034895,11119.285918283647,-101520.68887064453,-215869.89383908303,51650.4373128017,-46621.1210671,-15262.590883088511,-232507.07202455978,-108987.13112097172,35222.90635408749,-211423.99369570214,-26615.918455245595,-2600.368580394849
742,67.32015820762234,45.03032327199723,21.687341598751512,11953.488927406363,-91817.23517316699,-217058.87126773503,48598.492289345595,-54242.41273998945,-8361.301070707083,-237640.14145103772,-93694.84703175345,34412.37096929566,-216996.56302365442,-25040.149629860756,-2506.611753115123
743,65.55402247778113,43.848992533502816,27.22899999195969,41586.76612587386,-114776.68590868323,-69850.53702237675,72242.81260342045,-58025.73491344807,-21405.52669560127,-166835.70643624823,-57935.73859032358,81730.98822138572,-68518.51397656977,-5659.072969697593,4609.640173032265
744,67.42406917176513,45.09984843264724,27.228985622525244,9189.250564512775,-114780.1100278576,-96703.40682943186,45845.732170078016,-74108.33143458978,-8574.783275978689,-184828.03874189017,-51343.74700048965,33877.519449603125,-70256.57480799321,-2299.3652203435327,5129.052550614945
745,66.2821429667872,42.95923662417873,10.895790325928465,-21821.742850063252,-75361.16455647451,-442761.29405911453,42542.57929124568,9245.911056238669,-8895.032385091796,-443232.0661493858,-98409.70453769398,1697.569221427477,-447015.60107964376,-68842.52952812478,-11728.110760721043
746,67.96838575462228,44.034530025064115,10.895784535462482,-24050.677255991344,-79568.81790132904,-487613.2222246583,46664.42893416701,1776.4966057704862,-2864.279642545066,-487641.4884966759,-106083.51191708508,2492.283031782315,-495256.06333806843,-79577.626259623,-12841.387746630597
747,66.2821562183197,42.959262381367985,16.354065256926894,3229.6912416085183,-62066.936107167494,-324868.9128419413,40124.88934679391,-13282.019862203915,-9231.056541090336,-325699.082031824,-80885.64432414033,22878.5686484641,-330266.95248092944,-41917.48891191278,3104.923128985754
748,67.96839973215516,44.034552878364025,16.354054913108605,3463.2777377970797,-60204.20109975282,-338918.4313550424,41550.44207281829,-24567.99838552497,-2570.9088516808642,-341070.7895014607,-79045.00610270594,24456.440887168457,-348111.89193554386,-45304.98353010063,3935.4182129926958
749,66.28217396866408,42.959294399185694,21.812357640075536,9804.966347182326,-62787.87731119177,-206887.70132344362,31848.18391587666,-20816.743324026687,-11213.206508653886,-210041.96576327673,-73021.81080520958,23193.164281033212,-207838.90642273513,-23531.40085500336,-2563.7586949716415
750,67.96841755633241,44.03458099687023,21.812345932848945,9460.73903080994,-59469.036739864016,-209145.76565264768,31325.51607562107,-32921.15036491317,-3870.705880228405,-216098.85369489744,-65701.00192804827,22645.792261243987,-213698.9166864055,-24000.740196952283,-2490.820198174674
751,66.17680084594892,42.892124163865795,27.270670584352686,41054.79812435045,-57055.163425555176,-58865.94094621159,47575.995862225966,-25587.761491918987,-18119.00502569883,-88025.09809819944,-52851.26474942113,66010.0566002042,-67259.59910884201,-3052.8753761555026,5189.080554702238
752,68.07382528291821,44.101818092084805,27.270657150436403,10012.35037804611,-64705.398789467225,-85670.48547681095,25105.776184894414,-45438.10698927737,-4996.253460180695,-122897.60593064454,-38815.228170026036,21349.30021243856,-69328.08276290877,-2005.9970553450028,5281.301127431675
753,66.9833509877306,41.83637950759015,11.187458475293617,-20988.622309406874,-73605.17387073043,-434650.808091729,39288.43344285152,10914.855562519248,-9111.160774506345,-435238.85627521074,-94011.50709814978,5.759101494218534,-438039.0089127659,-65277.820932677874,-11280.077665241786
754,68.67967464465515,42.89586382746644,11.187453077675393,-23205.13039896235,-79430.67283246844,-477236.08928617695,44932.95823976212,2842.926370815643,-3432.3766853971197,-477287.78037428454,-104274.54283077933,1690.4306874561169,-484105.21699794143,-77388.23022317576,-12541.155977974588
755,66.9833626729992,41.83640409944452,16.562401731316896,2759.5250199465736,-59283.58417928629,-320611.13632401434,36814.457880950045,-10271.086034838581,-9069.501474471055,-321196.34615668375,-76281.4293767149,20342.580050044613,-325361.0250551442,-38371.61637504874,2909.0217303805152
756,68.67968704865854,42.89588552970034,16.56239210510384,2999.6544171905125,-60689.31205618019,-334342.3639785391,40367.68133507864,-23268.70993773949,-2986.9721221330506,-336307.32769805414,-78762.13368624536,23037.4397667707,-342943.67665153637,-44025.1494153298,3602.6550866612633
757,66.98337832063896,41.83643478599574,21.937362041159567,9253.44853430515,-57792.26406849397,-203196.1623636932,28364.135571886385,-17148.74454933544,-10872.573896371445,-205462.09216208642,-67083.13888405348,20810.253148257903,-203938.61569631728,-19559.722107369682,-2404.6621922470595
758,68.67970275785387,42.89591233775516,21.937351147088545,9052.38089252634,-59126.472571000355,-206067.7020724549,30334.22081765722,-31581.090546322277,-4061.962817097247,-212588.83795582046,-65178.083527743715,21625.127732635247,-210225.88168910312,-22521.338075223844,-2418.753054241271
759,66.87737289603528,41.77025129559961,27.312342290451532,38355.601012115505,-50966.43492491537,-58138.35478717667,43454.89198838795,-20653.16239582811,-17605.42944614993,-78419.00673613338,-53259.34658083796,60929.16461699482,-65886.17388035098,-597.0639673443652,6314.975705973255
760,68.78573840889942,42.96216006319574,27.31232980978139,10862.435035808592,-64493.0310155931,-84038.3834909023,24768.63431182437,-43354.64704069159,-5178.352428973048,-119752.80300542295,-39604.59640383702,21688.419938573108,-68299.30177489741,-1668.2354974893974,5396.631368266015
761,67.68470809383491,40.71361587053053,11.47912666521528,-20449.1073924151,-72334.14894124647,-426288.0413400208,37534.65706944955,10164.105871331667,-8954.049264802963,-426829.47766127554,-91501.95594477224,-739.8640676345916,-429433.02843247086,-62143.49817025713,-11027.006231531677
762,69.39081459910835,41.75710487961515,11.47912167274359,-22340.798236477247,-77271.54735197272,-465931.84920883336,41730.41854166144,2168.955810568158,-2795.266436918673,-465964.8327734406,-99735.3153652041,155.9533413612923,-472583.9471590494,-73356.37513352859,-12006.600440803653
763,67.68471820778316,40.71363928165667,16.770738240222517,2400.0994517286003,-58411.83802947517,-316398.7996024144,35069.80892847487,-8729.701025791386,-9362.272285100782,-316906.2302700618,-74354.1037435361,18849.795833437,-320496.81126229116,-35781.1728256949,2673.631124589746
764,69.39082541584278,41.75712544763368,16.77072935510569,2263.052187160144,-58921.54106552774,-329219.9929474029,37591.90198119935,-20975.338223312807,-2783.3824744241397,-330838.0486366574,-75561.13845698237,20520.705267869263,-337326.2613532669,-42135.85187926833,3405.981307776587
765,67.68473176933965,40.713668608863614,22.062366494225785,9026.3422746568,-55536.196661250666,-199641.0743320921,26439.064107842707,-15341.989510890806,-11073.814330979105,-201587.09792581788,-64150.98053457099,19587.1497417029,-199883.12323573907,-15962.859877527764,-2255.240487943798
766,69.39083901540323,41.75715093189272,22.062356434313244,8027.741415136944,-55297.86631209028,-202334.37745258625,27706.92239771862,-28596.319639200763,-3720.1283789759054,-207710.12906610226,-61189.92995398625,19295.556670548907,-206431.9974579524,-20712.830470641642,-2254.0427938465164
767,67.57811281033017,40.64848348912332,27.354014063173178,35962.67381088923,-49280.761528936484,-58139.73054187789,41231.614811950225,-18407.054795910182,-17545.86729492859,-74794.01816825237,-53991.00412638777,57327.20403471498,-64435.30406001503,924.2017164903708,8129.937663038079
768,69.49748384303844,41.82239769203896,27.354002551956498,11020.32896101354,-58920.89668832241,-81415.67234617268,22278.37963849878,-39211.16243188431,-4704.779832755551,-111752.32959885498,-37857.3365580766,20293.42608345004,-67284.03498602123,-1263.080073316682,5539.562613774244
769,68.27270906626545,39.73180394465052,11.770794205553688,-19076.386492861893,-79686.40823344512,-422104.64902061655,47729.00323130628,9985.745365653554,-13621.646220979086,-422962.28456166026,-105179.82768413948,7274.66849887616,-423912.800482966,-59531.046101776155,-11114.67943640322
770,70.00117267892892,40.73769085488442,11.770789641538729,-19550.23870222453,-82082.81519936153,-458380.27779807465,51201.08719511814,2355.496503068534,-7926.2482713536765,-458552.42396694527,-110708.14240329019,9247.23467057476,-464517.56638606224,-70048.72570006904,-11937.11355176256
771,68.27271785386824,39.73182636027701,16.97907441528368,4637.71902084032,-78241.1324570888,-314211.3115307616,46967.40697917737,-17365.600228575375,-15711.034700507595,-315964.24956098734,-99036.07327466841,27185.597868645782,-314847.75939633447,-32645.898811964682,2737.5590569315727
772,70.00118209143305,40.737710461194716,16.979066279494646,5626.815391384151,-75430.29703568864,-325496.04903101263,48835.222052768775,-27441.811692980158,-9901.076897413255,-328536.63258412067,-96532.19725172961,29769.299160533305,-330893.29099815665,-39830.37589367107,3391.8333269726477
773,68.27272960891048,39.7318545004808,22.187370406069228,11799.189771793275,-91417.44333085843,-201858.4215507112,39771.78740842593,-30066.679495213248,-17471.88083072517,-209758.1228982469,-100105.21180015354,28386.65958862409,-195686.1739207658,-12912.083008367305,-2153.304567264203
774,70.00119381435977,40.73773479876431,22.187361191263182,11941.521115553533,-87174.13845811819,-203485.17267550642,40407.80407209148,-40959.41230128071,-10882.60161422584,-216476.9718624478,-91148.30667530744,28907.488519684244,-202401.97367899818,-19319.08697337829,-2173.5640122188
775,68.16471153974186,39.66901828972365,27.395685054849757,35464.72285904089,-102516.96512385437,-68364.0265903947,56473.22255662661,-36356.07765455152,-22957.09552287447,-134401.58149658257,-65518.30390805747,64503.616549431834,-63044.48792835248,1653.7951635560678,10367.863540913613
776,70.10923392815327,40.80063025937592,27.39567453171837,15112.565245739876,-105967.90465571289,-88075.78109886634,37184.89423472876,-55611.699818066874,-11197.359434838969,-156082.52431722655,-54976.926253212434,32128.330061599627,-66219.66929247827,-891.1968415370594,5769.611912249508
777,68.75853262033525,38.87214219728903,12.062461601585342,-19664.22377024499,-78394.76056380158,-418866.37908613234,44304.82942638842,11119.746823704952,-12910.56044369294,-419751.08338168584,-101386.6185216932,4212.3384832001675,-420258.4926840632,-57711.31277082848,-11420.993977910412
778,70.49957037605999,39.85642204646117,12.06245734493584,-20201.594572830516,-83425.67891215539,-453567.60193197476,49901.63574119999,3520.205515232106,-8100.677230808073,-453773.3261879997,-110743.18097577764,7321.631746816638,-459037.39385319955,-69052.8162391756,-12371.854182242741
779,68.75854030501212,38.872163774680125,17.18740982888387,4164.861739945892,-72916.86610422708,-307948.1762967916,42426.367147705714,-12783.87313789528,-15220.996499945202,-309186.32214024564,-91555.1036602845,24041.245139457264,-308149.4901135197,-28663.872523154165,3012.916412050582
780,70.49957860761275,39.856440847970234,17.18740227299042,5061.072171285888,-74966.36270076166,-319190.6032761351,47042.294732014714,-24898.50001690153,-10376.902466167296,-321801.9034631607,-95245.25557825845,27951.265235808234,-323515.23170679295,-36847.36892081231,3588.9770201426627
781,68.75855049499314,38.872190919686076,22.31237386103092,10579.828829121781,-83455.28284670034,-197062.82546557672,35295.14113228056,-24802.758289677105,-16628.266329352817,-202649.0163859054,-92188.52099141607,24899.25789416615,-191440.70873103768,-10457.184550670641,-2151.748507675415
782,70.49958872119927,39.85646426273618,22.312365317794466,10467.87179239197,-87505.7482898664,-200012.83437318463,39168.5983749948,-38880.69599224719,-11051.229712462375,-212147.71690122568,-91591.78669252624,26688.79272309277,-198321.3433603698,-18421.36099821617,-2212.6087915962826
783,68.64974495743117,38.810704005346174,27.437355850705252,32920.52611437718,-89971.44513068128,-66227.69800679965,50524.19117176235,-29584.038545691674,-21884.03435733762,-117283.48472778052,-64661.91462509828,58666.782329775,-61739.82878254378,2031.6899439590788,12789.824952414507
784,70.6084130449039,39.918008222457594,27.43734611843135,14548.436565707238,-105752.38193632834,-86773.0418397027,35947.55554298332,-53122.28640243751,-11273.880847879775,-152836.20870518737,-55770.25569652744,30629.477191391023,-65133.400554932145,-323.5293028976906,6058.416685231854
785,69.24316721428359,38.015396192526296,12.354128924692207,-20577.782389415388,-79552.6655247672,-415772.61914713075,42827.93604602583,14766.102332452245,-13343.294839030024,-417010.98186739936,-100883.32528202115,1991.2400881071799,-415804.7205720047,-57066.83262883528,-11854.860813308802
786,70.99915684426622,38.972236485911814,12.354124996717477,-20730.31356876994,-82644.13135709245,-447578.19102019095,45745.79892461386,6469.954617080692,-7850.075911995639,-447870.7876930457,-106664.34693642175,3582.498683414076,-451805.1383397184,-68051.8427754157,-12601.072999002878
787,69.24317382014605,38.015416913663636,17.39574526137254,3328.577711429237,-72176.59270764343,-301730.47788534366,40440.01164688162,-9953.820887205335,-15484.023651159072,-302791.30902869225,-89706.44636021054,21919.262507344894,-300823.81040794414,-25095.06938200791,3317.6616098431828
788,70.9991639138987,38.97225446337722,17.395738320073534,4380.0260401892665,-69932.83974820246,-311364.0762449267,42236.22092145404,-20537.651800012245,-9786.204116992292,-313222.5155801174,-88076.49595823954,24382.121585417055,-315254.20744317333,-33519.54637209408,3932.627529407093
789,69.2431824673008,38.01544310388654,22.437377370792433,8775.606494239784,-83016.81635408048,-193640.544882855,33502.73519811404,-22915.27737821211,-16278.699405662896,-198651.60613992374,-91323.42837958182,22093.279776809908,-187355.56730189337,-8774.734954258449,-2248.120242452852
790,70.9991724291955,38.972277016437694,22.43736953360209,8739.414463464658,-79972.6558226599,-195131.429703414,34793.504920223706,-34249.55490463848,-9888.887146708586,-204548.17472905957,-84576.22128726878,22759.72495371903,-194431.8567829184,-17822.08314494013,-2301.022870108104
791,69.13344089887039,37.95567010734758,27.47902669026558,29288.822367402587,-89081.69001104208,-66641.5960352913,47957.98167243885,-27080.62967995508,-21439.57432565442,-114083.92431684899,-65878.8832595678,53528.343897486004,-60533.70803968192,2222.1149336178723,14901.482927118279
792,71.10892963166111,39.03210510492757,27.47901778515487,14218.105805518422,-92253.74523138587,-82861.80536494436,30449.606260791454,-46227.52033738691,-10163.434155503073,-135779.75103736756,-52322.59841229063,27204.904658846423,-64331.31509160448,-71.45022306805573,6329.862561959309
793,69.85075461468178,36.857324530050704,12.64579691871413,-19202.694930321508,-63143.94440038109,-399939.92650364025,23604.394456249465,12019.03946393535,-5678.705743669671,-400480.1259135986,-72880.6561705165,-8925.783750227773,-402105.4665441014,-53441.962913573676,-11444.938971008949
794,71.6302529871496,37.77004226018108,12.645793502464368,-20829.675112043973,-69730.04600060645,-429129.1932158872,27440.245586936027,3012.362115014216,-6.809566117951727,-429154.57805516047,-82010.99185042272,-8523.344422954324,-434173.8217557377,-64519.12789453766,-12155.152563998512
795,69.85075973695263,36.857344186530675,17.60408253274298,1021.734029928245,-38846.59897625935,-288451.7423172033,19029.45356844872,499.3359817567603,-5778.286097213878,-288570.147443147,-46443.14968484131,8736.689864453932,-292185.2536207474,-22565.019679692035,3179.951625632724
796,71.63025851573445,37.77005926693149,17.604076466722958,137.96031955172566,-43795.55197865734,-298613.2155993609,22734.09988991452,-13255.851711745141,297.57735545479983,-299308.25638988026,-52825.2550349993,9862.704166413027,-305914.0443669796,-31837.662311901593,3744.462959646627
797,69.85076644526846,36.8573693029706,22.562382562628073,3709.58661330837,-27795.734134459,-181013.76655115728,10132.397501280157,-4503.67375030344,-5999.86496716005,-181322.27214352443,-30727.43713981099,6949.795211027492,-183143.30562873048,-6217.867935550365,-2310.3142608109924
798,71.63026500909072,37.77008087278536,22.562375702397215,1516.1620205845775,-34317.7236373643,-184311.85932413134,14093.024480200615,-19705.107520400776,775.5897372960628,-186892.78866999107,-36793.4998019548,6572.867531034806,-190438.75565837085,-16257.852854900078,-2322.2484962315357
799,69.7395537434856,36.80035268025946,27.520698925216333,23642.827545005966,-8843.203205275073,-52425.80461955126,19495.775716867563,-1773.4279142067119,-12634.443374163266,-54514.74679220357,-17602.789741640914,34491.35625402413,-59164.42288905454,2393.576605904444,18423.951301390505
800,71.74148942900854,37.82715019153801,27.52069116374327,9491.01270431133,-23572.615451140067,-68910.21829238783,5935.349951796389,-23228.04493835903,-1180.9530221862585,-78714.676696985,-15206.636270111254,10929.49192787968,-63216.528472021746,884.3001104344963,7324.4084150627605
801,70.59304940642326,35.375866157636935,12.937466294645876,-16880.673654651306,-56345.80108013803,-375186.5570244276,19690.5034589637,10546.196212842224,-5741.292905933636,-375649.14208722126,-64031.45200877311,-8732.437663222454,-377140.61723783694,-45428.63030363725,-9960.036923525025
802,72.38110439779219,36.271900634870406,12.93746340972174,-18465.216525664717,-63408.993794250026,-400593.604968081,24086.475705727546,1965.0699948696865,-513.5402119906745,-400606.1807326393,-73866.30331133034,-7995.331244026147,-405370.10542103247,-56351.90771944486,-10794.94583504073
803,70.5930525966769,35.37588464181971,17.812421437715727,-579.7331274680446,-37430.57702758961,-279565.70273551904,17294.671772353493,-927.1607054495577,-4451.754235461295,-279638.4793942534,-44273.17130764124,6335.637811317946,-283456.491871538,-21473.009308978624,2478.9963297148793
804,72.38110804327025,36.2719166967859,17.812416286777037,-1479.2227239489653,-44902.67279657278,-289145.40087200445,22186.28724707689,-14574.517330122391,682.0980121205574,-290025.94834641647,-53438.539932551044,7937.191886441254,-296753.60340458434,-32166.067322873292,2881.2037759042305
805,70.5930570268647,35.375908468282134,22.68738962751936,2608.1662651188967,-22235.223762671958,-176842.92292455168,7364.482995737672,-5053.309205815188,-4486.325874801449,-177108.31969598948,-24165.832332786373,4804.171606671134,-179101.9717357091,-2259.1790275886574,-2052.8993599374753
806,72.38111221569872,36.271937191449126,22.687383786170862,691.4985604138087,-32109.739821404917,-180449.48460852946,12806.690222001409,-20651.143322809956,1397.0780301957593,-183323.8941993292,-33808.681605487785,5264.849935296428,-186933.1159053726,-13836.26222867758,-2344.8062121475123
807,70.48130732826162,35.319933027972326,27.56237323342689,19679.271421652593,-1554.5880916090682,-52154.80784585487,15515.213953424085,-571.1914331245952,-11438.510576332186,-53999.2830169173,-9228.483142708736,29197.641643814713,-57649.07190907917,2540.3465503345997,23165.891103008722
808,72.49286902331099,36.32796249481372,27.562366660033085,10434.328697222532,-19583.0071528926,-66352.56663664858,4419.686145746416,-22189.824536718326,-1112.1546302245997,-75209.25935505504,-11654.138163357888,11362.15242609431,-62128.134593083545,1588.812658465304,8977.921187901173
809,71.33823163172397,33.88886419512741,13.22913664784301,-14859.068946707617,-48158.38749710327,-349410.54468431365,16998.74834773147,-2346.5683853797664,-1919.1297931207812,-349438.3903154002,-55296.176868579016,-7693.433944145249,-354690.45004540833,-34416.92359333954,-8741.745359909168
810,73.12906873509047,34.77930218349957,13.229134190649962,-15736.934165102219,-54359.76395965053,-370691.3767927483,20507.590051114243,-9148.935835564009,3100.593994369781,-370994.26589689066,-62916.135098286395,-6877.673922323949,-379001.11013443046,-43260.92114526866,-9183.886709081096
811,71.33823294180456,33.88888177032843,18.020760913325798,-1970.2607202535828,-37252.656497679054,-274234.9213579322,16805.51177730125,-5906.971106412053,-2659.512589532881,-274400.5683544289,-43888.52453727459,4831.254315838656,-279133.5885334704,-21239.840075477492,1478.0992403347122
812,73.12907058563114,34.77931764607355,18.02075657955137,-2855.674687688824,-45235.53769244386,-282742.60621093475,21353.726358189004,-18476.5353777865,2003.1379364286522,-284218.8631838536,-52749.82809336484,6134.87268615093,-291687.0432228773,-31838.820215558117,1873.5256340962262
813,71.33823530805935,33.88890417041599,22.81239696377898,2724.622465140047,-17278.606476330828,-172832.42587754873,5611.521523657861,-6388.808008441103,-3872.824906613961,-173169.78689455843,-18571.286567870928,4354.6635736898625,-175233.05094088812,-1799.4763653432512,2770.791885082801
814,73.12907264055846,34.77933691501806,22.812392050041552,509.551900111677,-28271.741078598905,-176526.82046959677,11297.210138239701,-21085.955161803282,1697.6915682333124,-179526.1231664397,-29341.593542991443,4578.707061347183,-183277.05829334352,-10470.48509625641,-1873.5860384995124
815,71.22630949572121,33.8332770391513,27.604047766320335,16944.539872842262,3948.3456613200415,-52213.5923508167,12786.34129204655,-950.0718609918569,-10875.019435302012,-53901.39684657265,-3440.2378622968076,26020.92789221507,-56370.436581849484,2713.536565990832,28220.604492932354
816,73.24100122026111,34.83501124902682,27.604042276720044,11574.310789446336,-14662.306699309429,-63889.93595790988,2755.306031450341,-21318.670787075534,-978.0153451693235,-71838.78806217192,-7169.423253947825,12030.279448346768,-61336.77301334072,2186.489879789913,11019.816663483834
817,71.77246433446261,33.00918305347518,13.520804962850319,-34651.48147827197,-132359.56107280814,-369542.8892706903,93776.08271248681,41213.56341910878,-24615.10025213505,-381527.3230102058,-177260.06370516933,22233.454893604783,-353500.56981109246,-24285.02556209721,-9123.008750807381
818,73.57946923579085,33.8657879713736,13.520802864879812,-27617.666345514677,-118356.65929648373,-381361.6824501257,85278.14964906972,24552.881552548504,-19089.222307279255,-385804.8500593302,-165174.42626026267,23643.268227468856,-375907.34016927204,-30779.760662974364,-9383.5459004093
819,71.77246462074599,33.00920018670556,18.229097630534053,-29313.450992039732,-205018.38733482827,-308893.96198100795,102727.32805386167,-13257.998402330206,-27388.247375799794,-311706.85441332153,-252330.3559174955,20811.41002294116,-275135.6998267011,-18089.26328462657,1833.8229745465894
820,73.57947004209038,33.865803177427225,18.229093910036863,-17928.97940546128,-167843.77925969695,-306062.4335718746,93208.6498614747,-15807.285535547346,-23767.653648432344,-308610.17194278963,-212332.2301912649,29107.209897021752,-286789.7492484346,-29936.43247355701,1839.703824700374
821,71.77246584749521,33.00922160888604,22.937401138133694,-39780.61939901376,-293544.87129497144,-230166.89687766013,88076.05045777773,-58617.27280733641,-27035.896106809887,-342580.9285777688,-217259.03142822676,-3652.4275656498476,-171856.462389923,-1572.142032512382,5816.6432165711685
822,73.57947086640824,33.86582159007919,22.937396928899368,-24141.516858312978,-237539.63826216993,-217849.10805870235,80526.34619847871,-54899.23425028284,-22842.135507029867,-293137.63928923884,-196166.47459243605,9773.850702489599,-180196.7416695449,-9347.509904220597,-1858.3481391510409
823,71.65952833927146,32.9557081145177,27.645718893910313,-49805.85317523648,-390716.06027065375,-143233.6059247445,101295.25146796566,-74184.07625008484,-29975.713241299887,-432791.77054750157,-147164.79529881178,-3798.953524321527,-55676.77763289132,2525.6588372578913,30496.282505205803
824,73.69240874532773,33.919380457316144,27.645714231379586,-27643.471780704756,-316245.07358723524,-129633.721918777,76447.26406349424,-81174.3109661021,-22119.762990570285,-359238.3575731304,-119763.35740415541,5479.447690568716,-60835.1187728438,1926.0136019185798,11423.586311779853
825,71.90383193668023,32.71990626757618,13.812470942344737,-34771.80658642433,-128173.92071180744,-372485.65966094116,82734.55642359793,38820.141335306755,-23186.86258487313,-382413.6980249558,-166550.60624831004,13532.917314093094,-357731.095297486,-22872.03359576825,-10212.82647562978
826,73.72422232018013,33.548274344026964,13.812469001567603,-32773.503198415405,-133082.23888183682,-390462.2372790462,89256.59965014181,35415.90320837388,-19714.113080465446,-398178.56727777515,-177596.05115710697,19456.63907558369,-380382.1566303052,-29769.986010320405,-10551.259250326992
827,71.90383197689879,32.719923253943634,18.437430865037644,-25021.911356669058,-182909.65278987522,-299459.47672576207,88134.2822356402,-6597.94528543999,-25480.488476998093,-301830.2398347546,-222048.54369336923,16487.742655817605,-269568.4637610046,-15206.270879969454,2454.698419002029
828,73.72422279139741,33.548289436777026,18.437427403580287,-21494.213360950856,-180311.85352826735,-304426.6181920414,96134.07686091503,-9761.25472521373,-23766.50906372283,-306441.3305348526,-225572.1058915151,25780.751345108278,-280535.9015096446,-27068.953001061764,2591.7248845118156
829,71.90383285221368,32.71994421078237,23.062402136164028,-32519.29879096453,-252560.00040386818,-218648.67887096957,73467.68570798228,-45849.06252587097,-25278.420984359218,-293845.71734197706,-206326.50400349475,-3555.7567203303133,-168863.65238836966,-1568.9714936459632,7825.229371918572
830,73.72422320353458,33.54830744057398,23.062398246283188,-30024.7670439219,-255112.26762131118,-219792.49582870913,82269.9743894674,-52140.95333314899,-22649.15496434441,-304573.8757813747,-203754.0813811989,3398.4266686315727,-177156.87793569875,-7995.56389479948,-1838.5850667360432
831,71.79005834413843,32.6681949031101,27.687387116631943,-36976.6807955097,-321329.4768110651,-126690.38323795951,83237.66985585983,-56362.377594885234,-28245.0812196363,-353857.146713655,-131382.81877016334,243.4246392839208,-54256.97935563488,2950.7785106478464,33720.589180142924
832,73.83799713816097,33.60010095026908,27.68738283386895,-35395.85503496252,-340443.6167068102,-134956.54005135654,78094.73146492091,-80443.90473650635,-21834.963342192637,-381346.99665736395,-126601.33612785331,-2847.6790079122406,-59260.04487184873,2589.569473619657,13327.382763967962
833,72.0393392696721,32.42221571677941,14.104136932421287,-37931.544072957375,-136907.77227620507,-379431.7588066065,85008.6559515819,48598.057615834616,-24286.815798007672,-393610.59208697925,-171631.91333760312,10971.430268813374,-359525.1982730749,-23271.343987955035,-10901.146975137568
834,73.86483590023101,33.23917424022002,14.104135045714061,-33732.30031545951,-133425.78919915317,-393650.72583790077,85073.42286943585,39328.875233344435,-20093.618458939065,-402494.4041793158,-173347.79399569947,15033.382822501835,-381075.7415192727,-31089.263941912708,-11181.400029459703
835,72.039339071921,32.42223254253305,18.645764183252222,-26603.35242060179,-188042.66347173136,-295938.72281566926,88484.10254550053,-4885.287113930646,-25488.416081741485,-298470.82151189266,-226623.21559986356,14509.298403753644,-264101.4256326872,-12226.980535527517,3018.3864120959747
836,73.86483604994602,33.23918919706006,18.645760888585848,-19854.25423461293,-171842.2101225904,-296958.9919199246,90222.51835231634,-8757.577153631004,-23212.660110662124,-298905.9410558019,-213770.99333956747,24021.47811824125,-274725.86889017135,-24247.00265641379,3151.3225023601112
837,72.0393395914819,32.42225303814231,23.187403201584413,-35292.77302399917,-258593.4552426819,-217939.4199087774,73274.83456794824,-43842.535812395654,-25190.598101305583,-296821.4963970228,-208123.2054499182,-6880.946328517501,-166407.07532363478,-1895.0781238191712,8441.384636403372
838,73.86483607190517,33.23920681462087,23.18739953419577,-27787.94052352135,-239623.39937076223,-213771.28143525246,76330.40568631137,-47347.04416712543,-22135.024663100918,-285900.09593213385,-198138.20841120766,2855.6830138055116,-174650.9116079801,-7643.623071030611,-2124.7515115751517
839,71.92524546283563,32.371216159017905,27.72905539806407,-40656.27348890352,-327485.84731105145,-128128.21403546626,82532.89520916728,-54384.64995046188,-27959.277904699706,-358645.80672381754,-133317.54395985018,-4306.984151753646,-53494.380633009176,2771.982264655458,34304.08169616729
840,73.97892859865784,33.29028672478434,27.72905138537882,-30287.178827498632,-312403.24110539467,-127494.88379760287,70827.18258013677,-72703.30931208679,-21329.940869379352,-349115.4187565141,-119999.06705393565,-1070.817920046578,-58635.014241423894,2447.7577339876743,13657.301120159633
841,72.2369117821654,31.97316191116667,14.395803478208375,-22804.773871561745,-77207.64458873382,-359261.71784716623,41204.09126066369,13208.552958063046,-16467.530628759647,-360894.5983189837,-97937.7295017356,-441.8084867426927,-356842.7147620579,-22806.31073123068,-10782.735471838669
842,74.07001387235321,32.7729826588812,14.395801738488544,-21475.16101293597,-83028.20000659714,-375352.1148158222,44603.14050978019,7130.149584301852,-12658.5277996174,-376068.700641377,-105891.51110080967,2104.735906831319,-377186.4131979293,-32047.43893836618,-11177.207370354176
843,72.2369112054209,31.97317853381466,18.854098695360406,-4140.708592963701,-83404.6082720897,-266229.1893759846,41362.17783937689,-6973.30890016698,-17931.520428263593,-267547.18716749985,-101054.90227855707,14827.583205018991,-259955.95691644005,-9524.491273164167,2966.8891106687524
844,74.07001355228186,32.772997458824534,18.85409567459865,-2379.690749868152,-86781.40240468917,-271011.4718905679,46358.07424946558,-15686.124560004173,-15669.15203698537,-272867.9505878632,-106886.87875273376,19582.264295471676,-270299.41373988864,-21323.27458348002,3272.242466317554
845,72.23691121354962,31.97319849657508,23.312405140529556,-1882.4748300731571,-94823.1878717017,-177769.18804858567,29873.692263592795,-19127.264126362203,-18731.148115514123,-182804.26296200117,-101495.01570254286,9824.427914183543,-163766.45620138594,-1999.4825798447225,9993.60279676289
846,74.07001302054721,32.77301464375281,23.312401806694176,-1054.3251984694361,-102341.45013873055,-179459.9416324935,35969.373326951936,-29864.95058916856,-15648.210061058213,-189730.92142320104,-106595.61145808783,13470.815911595448,-171818.05051549818,-6232.525143855598,-2146.7890846888404
847,72.12234120007642,31.923232211154208,27.770724272270687,5779.540159934066,-100738.16066474939,-74071.59817239986,36317.94878231548,-17652.507570877948,-22797.839504284337,-114862.213326005,-78603.21816406811,24435.21281285792,-52553.333282764484,2812.604497658147,36592.89780804275
848,74.18458034829833,32.82302288570184,27.77072066070423,9105.250352530747,-117058.2945683318,-80379.44386889738,27893.78144768967,-37893.78156901168,-16124.362590584373,-142415.24889931042,-66879.5653341815,20962.326148793516,-57850.51470106204,2606.571344144538,15230.523702691631
849,72.50035224456697,31.36417633809335,14.687471163077664,-23094.72668025842,-75636.2338258795,-356321.19834334205,39412.18993811351,15762.847825009652,-17011.32352315408,-358319.2160960407,-94896.34004538543,-1836.6027080537922,-352807.1030626496,-20976.05745733423,-10566.603647035812
850,74.33595374664058,32.15826861190151,14.687469550987323,-22094.43953639293,-82946.07803726775,-371552.0204196469,44061.25731164186,10502.02742013676,-13718.039798443315,-372615.0074204904,-105145.4017233873,1167.8711505700899,-371749.4163503026,-30857.370314651034,-11062.343460927528
851,72.50035113657903,31.364192707981516,19.0624339748821,-4371.642687504474,-78221.20587398243,-261944.9858699828,39253.04859512823,-6997.312433712711,-17776.109659642363,-263268.85365866567,-95185.10709142103,13916.126318616974,-256408.65589139058,-6334.857986125856,2913.107375308733
852,74.33595283680104,32.15828324004546,19.062431230353884,-2984.210014463557,-84229.20898366682,-266679.7083325583,45051.96093727366,-15277.93887288255,-15907.560698230254,-268528.3742434781,-103930.90248026524,18566.149393054708,-266234.0745985771,-18586.87104642155,3208.887488931157
853,72.50035048435558,31.3642120651448,23.437408012768795,-2101.423368757203,-87154.84763672936,-174070.34611783118,27677.73776243281,-17837.66032531117,-18339.58978951311,-178547.7540874301,-93716.81329508637,8937.950259198678,-161191.47623274234,-1975.3210911106144,12252.967317773913
854,74.33595161065689,32.158299951110486,23.4374050212197,-1748.7507087508384,-98189.94373544084,-176224.96173910855,34599.429071823746,-28683.48122061083,-15717.382283624112,-185735.53619538218,-102864.06371233544,12435.943724417417,-169146.43771399427,-4516.816755421627,-2124.221964478234
855,72.38562369758382,31.314603155469445,27.812394298692283,4923.846099663275,-89324.5998598368,-72020.27766560465,33114.080332251346,-15158.49760087683,-22379.966827009743,-102220.03280225913,-76732.19344698382,22531.194823464746,-51714.55239451704,2803.5905552371128,39419.53585586698
856,74.45067447745424,32.20794958919224,27.812391103176285,9116.693945919105,-110435.14393301928,-78308.57665451433,25894.354756032797,-35496.76226934229,-16230.501591440969,-134587.4050174924,-65363.41475591766,20323.79313179561,-56946.040968674424,2721.4988490443848,17096.22678596264
857,72.76259673652734,30.75807827461747,14.979138830243995,-23656.35846135302,-75150.23734476438,-351396.7006956011,38402.963991325705,17765.407719778534,-17522.629922862765,-353757.4909204395,-93424.91307397636,-3020.892507302586,-346963.88242962246,-18526.202246396897,-10212.635076630271
858,74.60308962350675,31.540667318134613,14.97913737081496,-22072.572431758876,-80694.69183126056,-364468.8687151814,41696.60259031877,11368.041902456842,-13907.046952511362,-365640.81896411243,-101319.2642503056,-276.04976378287876,-364151.64974952553,-28599.825813979445,-10701.828410183734
859,72.76259511334379,30.758094375212007,19.27076933370617,-5324.34155433844,-76045.87586398242,-258859.43322777646,38117.995544013,-6206.8403908062855,-17731.592328592567,-260164.00582052133,-92667.40226073918,12601.7574351632,-253424.9330491188,-4010.281417993324,2733.2123266439276
860,74.60308816208287,31.540681770852412,19.270766896425858,-3436.5964489105045,-79579.70005739489,-262283.2759506227,42321.668476899285,-14493.56921770705,-15574.793183386473,-264020.273372167,-98150.13304966742,16870.833964906415,-262612.71013565705,-16630.115423062354,3022.0524834702096
861,72.76259384483791,30.758113142542825,23.562410912127493,-3030.0998372230824,-82635.35698232723,-171395.08847403032,26167.11411507993,-16737.91734893763,-18001.06932828,-175481.48065821853,-89114.3013536316,7535.236718269463,-158955.60512577035,-1960.819768752705,14386.699386133327
862,74.60308627791366,31.54069802015964,23.562408290702862,-1945.3679927087778,-89722.36287550376,-172384.79609244622,31802.53562921883,-26851.63379893463,-15201.512986832933,-180525.84033243643,-94770.2630395832,11243.576411360871,-166802.54705483982,-2935.518418328189,-2067.8332960783523
863,72.64756083645341,30.709222365793536,27.854064329780353,3022.4710616968114,-82760.41648660792,-71153.04799703667,30680.385563819713,-13174.715168029492,-22010.693299822167,-94532.34252842837,-76113.26516449862,19754.61427097921,-50982.07077942713,2726.9856388477247,41770.209450881644
864,74.71811422569277,31.589628182876652,27.85406157716674,9945.370262760178,-97266.01977268484,-74740.56224437561,22281.87384307868,-31947.005329216714,-15796.168607328857,-120557.20839104227,-61271.33646349162,19767.333100233565,-56204.02948311185,2672.7138846903595,18538.38059180653
865,73.01477948788144,30.154548974080672,15.270806283869497,-23341.590380255613,-73398.32379054153,-344646.6948632248,36643.31767772667,18597.795002131345,-17566.248137263457,-347171.2514913379,-90361.06570439032,-3854.29183829384,-339912.9223645743,-15557.149413629128,-9652.244431279722
866,74.86491023965881,30.91407152255415,15.270805039477146,-21691.33915012067,-79300.3013283404,-356117.05724735896,39912.58236625449,12269.95389549174,-14004.663358021451,-357411.60189299565,-98556.83782668867,-1140.2580061357112,-355362.0645124993,-25490.82350143263,-10238.67678531729
867,73.01477737378475,30.154564807625764,19.479105008201014,-5585.690722742606,-72825.42897874981,-255854.27052001347,36219.394686048065,-5265.082378068397,-17433.279942703673,-257104.98067861676,-88596.62750846517,11436.217965575983,-250932.01823469475,-1963.782558635251,2480.3149770963364
868,74.86490825852034,30.91408581246032,19.479102941076142,-3761.899628476558,-77008.35524005373,-258772.41194235248,40442.85215158397,-13293.824456845736,-15504.265313033737,-260374.33051930973,-94740.58083992197,15572.24454834888,-259542.45245259843,-14975.6254759615,2742.6928151853026
869,73.01477554235903,30.154583000825497,23.68741382611791,-3134.0113845645883,-76120.90801970966,-168457.8966534541,23707.000822341593,-14904.368508826932,-17654.980542984347,-171972.697897992,-82204.62173414064,6464.503574404242,-156822.38982934825,-1890.6450073507158,16891.424933098384
870,74.8649057561996,30.914101609084746,23.68741163312217,-2066.5072230027745,-83955.93147232116,-169328.83490619896,29484.954944217603,-24819.71694362839,-15121.59864077646,-176313.10905202664,-89235.18824788503,10197.023698388713,-164486.0258461921,-2113.2133705892356,-783.8017754630994
871,72.89913949350506,30.107133252571955,27.895734102786456,2083.1176227224278,-73191.92953321635,-69562.43301410304,27033.50619668572,-10422.548383317351,-21582.381914860413,-83305.36863265472,-74648.15354135862,17282.277249416373,-50131.79582933313,2703.5699665555267,44550.38648008206
872,74.98053557318256,30.961589559473893,27.895731857006744,10510.264527629508,-88257.65970341653,-71968.82814602644,19023.678320816132,-28651.88001963712,-15784.11040450396,-110189.3460865077,-58625.057163898106,19098.179928592388,-55241.463167734044,2704.3005167601937,20513.85867808133
873,73.26171924395315,29.542055413338407,15.562474151629434,-22980.41531039007,-69720.92909298957,-336360.62188520504,34218.00993799757,16636.12454075161,-17445.45254278597,-338619.24802896415,-85709.5730579626,-4733.1452016579415,-332363.96583642066,-12076.901563158393,-8599.047701758724
874,75.11659660658756,30.290014744354465,15.562473057325064,-21964.213138883995,-78405.26664221087,-347330.4892420924,38745.38945129871,12062.993571135192,-14310.815911989514,-348670.04916186584,-96933.60866817641,-2096.3111931450403,-346447.2523613665,-21604.781497632957,-9669.736851590984
875,73.26171665949985,29.542070985727506,19.6874405622084,-6137.992866335036,-67530.88396312848,-253301.9328650821,33744.566993691136,-5078.705890901543,-16824.840111991158,-254484.5354326298,-82425.29973585939,9939.02547394358,-249396.2181598224,-87.48342560955221,2065.165719862174
876,75.11659414552693,30.29002888556432,19.68743878609448,-4987.206509170636,-75433.81354903008,-256443.6171403612,39394.36316622264,-12296.436392675252,-15586.699875769991,-257956.18647858646,-92914.12672426162,14005.676004286139,-257365.8242767013,-13495.717313520629,2335.7873783349974
877,73.26171430975866,29.54208860703873,23.812416804644222,-3114.223514129939,-66199.90031644811,-164870.00228665795,20876.192440827133,-13063.327628823241,-16977.19538049598,-167822.833624839,-71892.47255683015,5531.180064433129,-154526.96848209214,-1695.1214078777728,19897.243824937355
878,75.11659107894211,30.29004423297899,23.812414962969182,-2879.0868942649595,-79121.1209760241,-166634.4923331522,27970.349896559615,-22884.01730497237,-15104.203288703584,-172656.03591678082,-84932.4938698212,8953.829583160716,-161911.58184566678,-1902.668170358675,1641.995384397358
879,73.14578100970444,29.495360899391788,27.93740418396186,1503.1720753198297,-59352.98072595173,-67030.38210884214,23273.077151585992,-7984.019573083938,-20791.22510344282,-73164.48076594372,-67107.82988815857,15392.119894628251,-49226.35702034313,2734.0261405073447,47748.37058239855
880,75.23251707014981,30.33680886934691,27.93740235740205,10160.123733463515,-81402.00170139335,-69912.34416557528,16893.37301728816,-26187.686952183452,-15715.146243193456,-102574.12004097304,-56625.56539646119,18045.463303929086,-54170.212631863935,2809.8116370918647,22917.94824634974
881,73.5098727696318,28.92668209191724,15.854142313902383,-23460.050708483763,-67629.98660612317,-330857.308039412,33213.370115599355,11025.04839825762,-17379.15869464366,-332470.9680680325,-84135.02419849935,-5341.353087486968,-329261.9674567935,-10054.370041847875,-5746.226560466865
882,75.36706924564984,29.668837474924093,15.854141328736999,-22104.36004187788,-75537.83680767039,-340054.3701825272,36867.54974837103,6402.2851068061145,-13964.173822915627,-340912.1754567286,-93764.15221960474,-3020.239355742057,-341773.7750773032,-16562.47075327075,-9581.194188497735
883,73.5098697473435,28.926697404947614,19.895776181734487,-6989.014555350611,-64138.139443184,-251955.6103024395,32686.531748951908,-3880.4941663480467,-16900.624050633283,-253130.5424316501,-78911.55224743515,8959.330378111239,-248271.89634875295,1578.1432409083782,1678.6151938907924
884,75.36706634470839,29.66885147438609,19.895774654773607,-5633.201997336928,-71382.99797478117,-254180.73772326668,37540.18706112936,-11072.88959100026,-15671.694281944914,-255589.06434096387,-88331.2599150768,12723.386560655928,-255433.42027858243,-12223.548630425477,1963.9675920727932
885,73.50986692126831,28.92671444854441,23.93741981198701,-3511.5638592580217,-59876.83355795751,-161913.1384613845,19410.231114163787,-11822.771756834773,-16867.8950600049,-164615.31241126644,-65527.92749137424,4841.704024040671,-152172.19858132635,-1474.2933366780921,22638.75935987624
886,75.36706275921729,29.66886636675816,23.937418277156713,-2986.467942480258,-71603.06800744912,-163135.44953575253,25965.092501083363,-21104.727710013784,-15058.896282902448,-168298.8122860329,-77767.34358879976,8341.17038915072,-159224.20965066907,-1683.016552014931,3792.140339102023
887,73.39378816030785,28.880348664701206,27.979074291884803,197.93553035460354,-51036.091666383945,-65820.09100144907,20953.901343801983,-6502.818517187698,-20481.9497209016,-71676.26756846362,-58474.00955841431,13492.029989399509,-48588.031824482896,2663.323013574762,50416.35716717833
888,75.48313309825758,29.715267703816245,27.979072832669463,10670.981819499051,-70775.27722439414,-67096.79901774999,14301.820748525843,-23719.26515116575,-15557.251826863694,-92726.55811071425,-52243.52582846395,17768.989516533104,-53437.494832334116,2761.24242575807,24730.727944333514
889,73.69052528942649,28.470558556667978,16.145809422862243,-42049.20650124838,-130750.6559170877,-355626.31625519873,68842.44636552197,56599.22792370983,-25461.07770192306,-374277.02064368647,-149709.69436071345,-4439.46366913496,-332444.43154108786,-10593.706745006215,-1331.0559049278886
890,75.5545704268217,29.19525969888103,16.14580859325519,-38147.40724607416,-131884.607684996,-360825.40180079994,69218.55093013948,46671.898620339234,-21673.33616264065,-373719.25817400636,-155737.32232344087,-1400.836234422943,-343874.25680368906,-11738.866614541128,-10075.889673928123
891,73.6905219938862,28.47057362232066,20.104111043876514,-25669.20417349084,-139882.90407370683,-271102.19828060764,66696.22955195533,19540.572335163288,-23725.402809068866,-278807.5397394801,-163532.25758415883,5685.490795833715,-244959.30312777776,1741.3870239085254,3458.254141318768
892,75.5545672200797,29.195273531730777,20.104109778398385,-20362.8606529471,-132453.81996653383,-269342.9605896743,69311.8933522653,14147.066593494766,-22697.727117204842,-274719.0785810317,-160907.69091423455,13467.128286111065,-251375.1989015801,-11050.852568321316,2036.273135615627
893,73.69051885240067,28.470590170955628,24.062421902899732,-27680.296220588047,-163659.30219992006,-185418.77410682815,45545.34588621179,-9965.112112810679,-22265.100039188063,-189530.18346726152,-176742.40888306958,-10485.780177005146,-149783.45444766324,-1462.6958226685379,24480.018463978897
894,75.5545632748956,29.195288022327667,24.06242066959711,-22181.158468559395,-157024.18731122842,-182089.64346572358,50989.2385870066,-15032.88935227834,-20772.38279574389,-189216.54774297835,-170335.1420536617,-1743.2994488714774,-156698.55898406554,-1743.454671578909,4840.859318185773
895,73.57401179446873,28.42531466252889,28.020743251120688,-31066.44434178905,-182387.1711818333,-98228.10935830747,41811.92623987111,-10554.376550592608,-24394.517827981093,-193358.63141401077,-106069.31345916109,-12253.780008757993,-47933.92129951168,2555.9247167716803,52259.8038125467
896,75.67106125776863,29.24059800326858,28.02074214546956,-14271.320559083062,-183507.10757476615,-93743.30373559828,35315.65017545085,-28472.01508111257,-20000.32028741893,-196377.79510492142,-94962.0546757671,-181.88208875904695,-52559.841009110925,2688.4053200427447,26005.52225441751
897,73.80710129235273,28.16495754241723,16.43747582881604,-42194.303014994795,-126879.63691690224,-357596.995182595,64893.63424012706,56338.982095584724,-25230.975912321523,-375412.38728272944,-144273.68880593058,-6984.859025831988,-334547.31796158757,-11074.672474629062,18.029278243536925
898,75.67567589190509,28.878008431304593,16.437475091431185,-40881.62919519574,-137266.17692319828,-365602.7642096694,70088.23722994872,53725.16860990896,-22263.165465429123,-381825.5200407473,-157991.44819943252,-3933.602087883487,-345287.54963663296,-11488.329511799604,-9845.491567518002
899,73.8070978672619,28.164972369485294,20.312444695179405,-23896.897916367143,-130073.86197889879,-264647.28234745417,61688.6246944852,20644.466627167454,-23084.131482757468,-272276.4453323874,-151321.85816874699,4980.261258414423,-239868.90617113307,2340.856941898063,6012.319003118384
900,75.67567250099415,28.878022062924902,20.312443597340994,-21281.691354406088,-133548.61337029032,-265605.47807461326,69451.62069683368,18545.55122408321,-22845.2343809246,-272823.4103772353,-160078.52433414618,12466.151912071768,-245779.94865996664,-8787.749666495421,2590.0719923130155
901,73.80709454801895,28.16498850569357,24.18742312679074,-25564.865673536155,-148623.00068163552,-179956.81405995047,40987.47473419271,-7505.406877810243,-21595.51200766271,-183067.33869550502,-160986.58470064393,-10090.757018973196,-147290.5359737204,-1482.3370297576976,26290.446878403927
902,75.67566834955157,28.878036212597117,24.18742209106318,-23602.29025146218,-157285.24581434275,-180255.89367019813,50426.32021018133,-12070.368786809036,-20707.07616531653,-185441.87573273235,-172107.1645808244,-3594.389422446255,-154039.61458171136,-1770.0557166685694,6266.659272030475
903,73.69030433486407,28.12044073567188,28.062411611835255,-27616.284405454455,-158785.13522869046,-92560.21985363498,36705.8504185397,-6936.7462950463205,-23624.579649719315,-168365.96302887375,-99946.97392343963,-10648.702535466453,-46822.174022310806,2812.8637180313485,54861.22297178264
904,75.79244927077015,28.922617654074564,28.062410737534,-15275.756824172819,-181787.83839168464,-92809.70556511427,34057.06967407134,-25517.223616128602,-19847.984375809294,-193117.51048827698,-94899.41922536297,-1856.3710673317973,-51292.91111329523,2953.668012741364,28013.709043348947
905,73.92375029193197,27.859384525114592,16.729142153077493,-44832.98972494934,-132751.40976559356,-362535.46469271136,66315.86432138247,68096.80736342518,-26052.748121044155,-386714.79204835376,-144442.61981376546,-8962.452321134964,-333822.2291630857,-11364.441824435306,-591.6775922955595
906,75.79670835803529,28.560729418054095,16.729141506303996,-40897.22262613766,-133765.96451303695,-365903.16713790904,66176.51576136892,58132.368909805045,-22399.278752843933,-383806.0613660526,-150414.5785978779,-6345.714313153128,-343261.6141102535,-12440.518606936286,-10473.949195269961
907,73.92374674840983,27.859399108909138,20.520778363271447,-25005.13220291844,-131964.88175226797,-261114.24575397506,61699.73787995882,23747.707168105535,-23041.379581903693,-270378.84035436966,-151347.56779634397,3642.1484415521227,-234949.71692964245,2724.384054654642,8210.901787971685
908,75.79670478640857,28.560742837939035,20.520777433979397,-19845.024316252468,-125085.98948546727,-258704.104538864,64747.83141765041,18206.235257008804,-22286.137423474116,-265430.94421363407,-149740.79251962987,11536.6183926804,-240524.15511960635,-6607.473177760327,2972.0890430333147
909,73.92374326066438,27.85941483873729,24.312424358899825,-27151.020864689952,-149238.28231433942,-178483.1349904144,40324.9774879974,-4734.178905780742,-21386.08727763952,-181480.28681695333,-161227.0112546416,-12165.140097848738,-145210.14461744705,-1787.3606032423004,26959.041311484412
910,75.79670044231717,28.56075665591989,24.312423518271416,-21985.757428055455,-144416.58485378188,-175247.8299906622,46133.682720515186,-9968.08497311259,-20141.045503926474,-178627.48335760745,-159363.86944063773,-3658.8194742544783,-151780.9593441977,-2061.175584717842,6699.890126769117
911,73.806678910019,27.815598181793284,28.104079971482964,-29324.363274147698,-157304.09605078626,-92289.52671091983,35189.82414725532,-4201.641117227222,-23226.333772430655,-166383.30589885853,-99263.28314407093,-13271.396992924369,-46159.44248931765,2634.0428832972643,55621.31004817672
912,75.91375519627431,28.604605931960005,28.10407932488504,-11758.298542798075,-160554.1989714934,-87041.61602044379,29313.895003358484,-21856.30085771122,-19289.314823096756,-170122.10746171724,-89268.01529752994,36.009224511870876,-50577.314815781385,2772.1300415643545,28554.165305057406
913,74.09288931373855,27.398867466110534,17.020809052273197,-26016.002579127384,-65915.08168154123,-333494.44845640083,29348.162891253276,22980.6050892487,-18583.88932262844,-336886.60535780154,-78163.3382846632,-10375.589074604677,-327292.48562403076,-10957.644560902496,-1414.5719658204268
914,75.97236780225461,28.08263289885589,17.020808564867696,-24801.42891084729,-74561.26964310798,-338748.44383125677,32446.660331285497,18713.648553746534,-15449.380595885978,-341068.74091409636,-88344.82233021928,-8697.579140896389,-335262.3494803973,-13509.543426148968,-10294.6143398568
915,74.09288555509677,27.39888179975051,20.729113275139113,-6388.611348838396,-51764.15325654141,-235483.2837057633,26648.99195209884,650.6596922486706,-15972.067141402109,-236625.66746042637,-63770.744982555225,6760.364131838494,-231973.44559110742,2721.466554036227,10875.243967341597
916,75.97236396238023,28.082646129586337,20.729112597019423,-5236.261458682327,-59854.155490634526,-236253.14635406563,31652.071033454973,-5687.273964764358,-15372.709812475196,-237345.748862997,-74340.73453974705,10342.920099361605,-237116.89487514645,-3780.5958618156533,3040.6339908326363
917,74.09288181061184,27.39889707820288,24.437426473307,-4676.788167166005,-42897.54469679588,-150807.69465574835,13288.098148996165,-7001.736345589462,-15586.342816783277,-152737.40836959842,-47026.284508528275,1381.6653584164233,-142979.45951617038,-1764.6420341859564,28935.617310798483
918,75.97235932931159,28.082659598551285,24.437425916028985,-4267.18216131739,-56262.427544762715,-151676.99157428322,19987.71073238777,-15252.758628430549,-14434.229494868743,-154913.08532828273,-62047.70327155458,4754.187319473991,-149110.43092296028,-1957.391842110328,8738.103342315657
919,73.97540987847896,27.356178454641896,28.145748926260836,-2190.5977592145236,-24475.632512674776,-60349.063658735,12614.577329072887,-906.1483656644841,-18491.358924049233,-65910.11540944467,-29029.131662403288,7923.953141223665,-45264.85001736365,2722.805800224032,58414.94866126741
920,76.0898213200289,28.12540965163689,28.145748611082343,11438.66533071464,-44800.668269134054,-58569.89073005627,6624.894269184414,-16187.38644487873,-14694.581208128155,-70242.59294174727,-37703.94240173117,16014.641675002747,-49560.054771707626,2858.43854479027,30905.197141969827
921,74.31777887848548,26.77461661575367,17.31247714397847,-25668.52274327872,-63380.47725780532,-325181.8295167218,28033.666667347094,24471.40701431395,-19075.386435853903,-328998.0383134733,-74588.02235342833,-10644.76885090431,-318495.44300037075,-10292.153503189018,72.21344939091753
922,76.19939398571209,27.452508649803544,17.31247676476982,-24823.352811316923,-73094.95942405044,-329499.5170869242,31792.91859126398,21337.7573846249,-16286.201995649428,-332431.55989258154,-86027.05400819377,-8959.215421516268,-324805.3064079626,-11996.280179350711,-9332.88747758993
923,74.31777481118107,26.77463067973567,20.937448975237114,-7195.879634284263,-47302.5152440954,-233794.3181402945,25133.073231845505,1441.5659101645829,-15961.42667971747,-234968.3146183791,-59021.66819950863,5697.26979921361,-230812.7155061863,2158.976185205359,12257.634723207353
924,76.19938981927484,27.452521708984662,20.93744851613047,-6399.205339552162,-57202.7019819396,-234401.00718112526,30532.720269347035,-3915.8351876182096,-15743.52996808592,-235501.83808914045,-71459.38118306959,8958.304769593056,-235075.32312649812,-2633.815490223528,2606.6677378438776
925,74.31777073468282,26.774645450588952,24.562429503834128,-4756.377507520492,-34681.87493080724,-147690.63824961163,11530.858983941873,-5682.682607484553,-15257.976769810552,-149474.5488839958,-38607.636027137225,953.2942231936435,-140771.4341429297,-1565.4327406928944,31606.244542799293
926,76.19938482282268,27.452534802692128,24.56242921101692,-4709.576884460735,-50163.89439731135,-148816.26334902152,18622.931472823755,-13296.087180393282,-14585.52471977435,-151587.34859924557,-56229.804372691004,4127.4183411429285,-146422.0600178621,-1764.3015036621237,11078.918370752715
927,74.20016503271646,26.73229327518296,28.18741901843227,-2895.032322097546,-13498.405651269897,-58558.58477248478,10043.552669621517,417.5827377197585,-17964.951662232314,-64066.35037420096,-17761.997351677284,6876.324980026057,-44533.649438191234,2686.3398403909982,61576.999381685906
928,76.31697997749826,27.494917334053635,28.18741901807489,11417.279227937455,-36257.61000349454,-56318.31148933186,4656.428627878992,-13916.157755357952,-14675.130615023181,-65076.889163357286,-31639.714744281544,15557.961642749866,-48508.76766545228,2868.573075489489,33525.63242605464
929,74.5426869763816,26.15037229217677,17.604145365556082,-26040.793456287265,-61629.53199874145,-318606.66653055226,27294.186205668557,20482.157997206956,-19190.940359404733,-321774.23258838756,-73420.9348981237,-11081.824499069697,-313662.51484794664,-10223.353627384686,2795.8489144107198
930,76.42640169279072,26.82237792417877,17.60414507773087,-24787.021627331374,-70180.55160892826,-320922.4375388354,30268.036701413734,17398.9687579018,-16192.026491248635,-323251.1137429308,-83135.0144252294,-9503.88260693484,-318020.3168058388,-10492.490653478802,-7399.093300689378
931,74.54268263407793,26.15038606195294,21.14578465219405,-8173.308107651056,-43927.23618103255,-232706.50944041138,24230.08685832237,3886.9503705088414,-16235.959601597091,-234042.53992064967,-55514.630767834366,4750.116959389072,-229514.72220725898,1679.3513022517143,13239.089911471387
932,76.42639724879055,26.822390798562708,21.14578440274606,-7215.5172885051425,-53205.4925237565,-232437.13062706744,28848.350249414518,-1447.3410843237248,-16008.260683399969,-233571.25121583976,-66913.29733494765,7626.408111458326,-232780.32207060297,-1980.0874022630492,2310.6161522058323
933,74.54267827148415,26.150400316547277,24.68743250657982,-5060.621573095677,-28010.37005548682,-144812.1773399582,10294.843301073684,-4287.104862178888,-15139.677447014115,-146518.6747253167,-31935.17661518848,570.6823719644448,-138483.51010111324,-1336.4295940067234,34065.352858169324
934,76.42639193279162,26.822403508058493,24.68743246498104,-4813.354267779425,-42702.5036479588,-145523.04914570443,16907.977000490948,-11383.692908605484,-14601.017315362345,-147916.61626584092,-48863.32984298419,3741.039047382453,-143640.3500491302,-1538.920306152333,13098.85617124457
935,74.42494096916818,26.108415468686488,28.229089081715145,-3888.8958071884776,-4617.357906080046,-57326.358398442135,7919.5484184135275,1665.1790516310784,-17571.95149929118,-62846.9980960236,-9144.07659170261,6158.462576015551,-43980.420237014136,2602.1337217299265,64330.54053292381
936,76.54411804767595,26.864417649173575,28.229089377627545,11725.509862590996,-25880.61205272162,-53737.751839180884,2440.0131146934627,-11712.141401030989,-14458.367047967362,-60306.942208393826,-22946.07475138657,15360.162930468898,-47713.51277790901,2785.896135910022,35566.44727376495
937,74.70611177451829,25.687796286873557,17.895812481862905,-45689.86397611484,-124446.93143811377,-345231.3879311715,59340.33802505767,71596.47567703719,-26611.76130085432,-372069.52455930784,-129818.75215249204,-13479.906633600185,-315671.25282532116,-10992.530542033697,6050.7861755360545
938,76.59601614657068,26.34210346005729,17.89581234134331,-42081.31622227461,-127088.60989059322,-343218.0259680408,58898.526981923715,62049.41881922054,-23168.488676120804,-364287.7281671843,-136341.64300813415,-11758.580905590265,-318570.6605407207,-10725.862953232789,-4198.910992081972
939,74.70610728373137,25.68780975221649,21.354119536490572,-24293.28363343569,-103066.7960165359,-249206.823476907,52292.36055155912,37040.35579436845,-22361.437109837956,-263133.75709492655,-115270.31373381568,1837.1677018635914,-225533.56240451365,1742.743654136294,14232.387209839771
940,76.5960115281801,26.342116108217173,21.354119519782323,-20230.932628824827,-100851.44428949401,-245659.63627957978,55228.205018135006,32014.129048923965,-22266.02154203353,-257382.05874947528,-117311.06762633807,7951.113177914731,-228026.7624080372,-1631.4569673682536,2621.386968528959
941,74.70610275820236,25.687823546576524,24.812434580090788,-22551.667941199845,-96707.53682679994,-161093.70187845037,28749.331845450513,8635.91958479009,-19712.727310912614,-166276.82870322838,-103064.3154950366,-11011.762448185214,-136240.49341785943,-1387.492263355291,35536.070357739656
942,76.59600601699555,26.34212845936866,24.812434794682694,-18595.647739395154,-97989.13814090914,-158434.676157284,35163.388157105415,4261.813306224292,-19477.60702375942,-162524.95130933702,-109045.7252133806,-3448.7855148707063,-141145.83833103458,-1650.6636245061638,13896.821896398335
943,74.58797859439453,25.646944370837847,28.27075798373817,-23722.449923325195,-81470.3431848525,-77025.75165265081,18091.742885483585,10764.983157855195,-20774.39353755779,-99991.26789938306,-68534.11052987634,-13693.166331569213,-43376.82959912586,2484.6764722461144,66166.90160899519
944,76.71411872109951,26.383035893180207,28.270758574321498,-3914.3463083400056,-91260.51828356272,-69464.97411119717,14053.544823911125,-4524.581343038598,-18073.518641986127,-93602.39788861948,-74079.52377374111,3042.0829592607124,-46835.49726804303,2693.972686952539,36930.34497979374
945,74.81114851120046,25.378039820778465,18.187478864620815,-45766.854220510686,-119957.47663188445,-346786.1631412727,55681.53693999338,73142.68587337974,-26311.991611871235,-373569.6534543933,-123431.95024780916,-15508.890291465403,-316710.3764801185,-11721.655874387774,6085.802483662687
946,76.70514233415777,26.02053501410779,18.187478829777646,-44890.79368274169,-131843.91870936938,-347885.5361884182,59602.27721265766,71196.84501089968,-23663.96732687648,-374189.92752960493,-136257.83827241027,-14172.482778514037,-318941.34900280036,-11559.52177341224,-4286.394810506087
947,74.81114397966645,25.378052978549682,21.562453209059793,-22475.376765846326,-94050.140494014,-241739.58591240572,48047.1965656408,36880.288550092366,-21749.83553527002,-255099.4454803466,-104850.00256140021,1684.3448694806855,-219302.465980625,2487.6574127511585,17063.042102770578
948,76.70513762830502,26.02054739286198,21.562453344802123,-20706.76605739243,-100308.4644524463,-240717.76847575972,55208.27378518263,36577.76635034834,-22378.849666712907,-255195.2306816607,-114134.50358078239,7596.73527684468,-221328.25918350602,374.27771818643646,3952.226559738843
949,74.81113939271765,25.37806637278705,24.937435788008706,-21016.920288865487,-84579.14498511024,-156432.0729248796,25289.577174110033,9481.498393686237,-19019.21598608833,-161319.20808894088,-90063.96737084689,-10644.962739067572,-133971.5805245331,-1495.9941036123726,37095.05439769707
950,76.70513203675358,26.020559419956726,24.93743616942989,-19545.974845616816,-96200.46743475029,-156371.1939535276,34545.61889217777,7276.1287070793005,-19340.235200710737,-161527.76182277585,-105906.30167847958,-4683.572732639276,-138658.28391489838,-1754.4902958486498,15145.018602803475
951,74.69275958766441,25.337924952108136,28.3124262876277,-21222.634695340625,-63360.395076380126,-72625.31063366644,14607.907768575105,12251.20026285752,-19980.05419043019,-89993.62788740799,-54902.71570565744,-12311.99681232175,-42183.21214463344,2802.2859789217746,68965.58193169236
952,76.82350032776554,26.060728078779476,28.312427068125345,-4070.1431783492226,-86131.96115317404,-67688.10931951794,12642.840609985378,-1392.3167244211872,-17829.47178012132,-88133.14813859396,-72133.23113494737,2376.1656225001166,-45473.44172110541,2999.7578554789334,39232.38969246641
953,74.91723549861044,25.065339849031176,18.47914510057072,-47189.00173437727,-122017.11324620519,-348095.26620896434,56168.7050477391,86390.3436066039,-27172.14363574604,-383140.79990176007,-118080.14065128207,-16080.4406365046,-312225.8437679217,-11752.4353523216,4167.258993191069
954,76.81321852213125,25.7019100787158,18.47914513191432,-45050.37927874951,-129486.08543638271,-346446.92782352393,57675.33059973822,80471.39927885948,-24294.988239840262,-378247.0121444556,-127709.51643038081,-15026.863963819756,-313371.3120582625,-11755.604815334369,-6693.679552536545
955,74.91723093558761,25.065352693146032,21.770786923269604,-22459.546754324612,-92036.70299060429,-236229.01326831977,47440.91707817802,37314.584912509425,-21771.027204906633,-250128.96310511127,-102206.81810211888,1610.5181939814229,-213804.38917552307,2958.186435303016,19333.64300634521
956,76.81321373785082,25.701922177082896,21.770787173812046,-19694.59231631289,-94302.62368560434,-233594.5664880219,52605.862491333726,35076.19630123539,-22245.470006544438,-247257.86729253066,-107884.10231417959,7550.187116771107,-215468.03946866572,1823.2432962884427,5444.082595285439
957,74.91722629711701,25.06536569051918,25.06243700643314,-21398.5580672367,-80420.67785739468,-154010.98199793915,24261.278707418664,11568.400031678551,-18846.951134763993,-159539.4976874364,-84964.19869298695,-11326.521542147148,-132036.9986981067,-1833.3781307602117,37734.6387686289
958,76.81320808142519,25.701933887391327,25.062437517345426,-18934.66388081204,-88236.56024953052,-152795.94041065077,32227.293372681506,8575.62533364217,-19117.74013734319,-158129.43026188825,-97047.42793611891,-4790.306342986121,-136486.99401479756,-2092.8925754061333,15475.94199713265
959,74.79872211652902,25.025594019913026,28.354094596616232,-21108.124010132058,-55810.783746937384,-70682.41343876669,12885.783092680771,14261.671770674026,-19650.17182800535,-87623.53166697953,-47178.790226262514,-12798.999302594057,-41254.39520691339,2800.456075188122,70295.00532638657
960,76.93170073063443,25.741731894352416,28.354095524790477,-2206.434301726864,-73182.68143539024,-63812.95966224055,10157.253783198836,449.3586259393899,-17572.438246972397,-75669.98244264051,-67212.35800527023,3680.2650485530394,-44400.298454763346,3000.0244515321137,40259.16125123083
961,75.02036944359662,24.754951076242794,18.624978804707066,-9613.215081292528,10155.621079317774,-300216.29745805747,34600.66240765691,-7788.402892877326,-17313.207168772384,-301350.74705993646,-35403.271452951805,37080.12705285615,-302325.0770307529,-10815.758841762381,2461.4695806512323
962,76.92029390129449,25.379658851208678,18.62497892334848,-10157.028945149621,-6063.307248374462,-301039.0626752518,38095.79559894963,-9430.22899286178,-14342.89871792929,-301940.44620018185,-46201.35739110186,30882.404722507912,-302210.8761011739,-11641.955717082623,-7718.757606366819
963,75.02036479591254,24.754963758611932,21.874954838643372,1334.7717279053177,2208.028140480834,-215162.53041043397,31905.99725951443,-20558.218330441905,-15304.367833568838,-217791.5682503989,-30073.332183817507,36245.169892168604,-213884.71031070576,2618.2586406599003,20456.068099868873
964,76.92028902501355,25.379670836042322,21.874955227309016,1829.0986682674484,-10331.324965968553,-214285.33083367508,35584.9173987899,-19768.296048088643,-15590.739440739771,-216875.79681184376,-40211.653220082546,34299.89290055012,-215283.91666156263,2388.324561880334,6153.442573485762
965,75.0203600710709,24.75497651492894,25.12493843691091,-6691.7433461058545,-17748.86254142008,-142286.8010175727,13521.529935902767,-7780.764045100308,-15958.956405343462,-144443.72127928885,-26781.31300463839,4497.627378828614,-131062.03084947278,-1726.962673047184,39074.18904118307
966,76.92028326357324,25.37968237779984,25.12493910076635,-5827.309623890208,-33287.63922410018,-142580.6587054955,20134.505195350263,-9431.338933407911,-16148.018252862512,-144918.2663487518,-43921.90638392642,7144.565179192323,-135104.4602933849,-1872.2493534159198,17124.232583931764
967,74.90160947369601,24.71594576042551,28.374929417183925,-15325.291356441818,-26196.857274811944,-65177.29226384241,7177.51864751514,12311.30012742507,-18758.86759132463,-75412.69978885468,-22808.352592813706,-8478.388513427808,-40955.51356922577,2684.388061168986,71336.10268096326
968,77.03902208556966,25.41873887432746,28.374930520993612,3238.928306118916,-45713.609340900955,-58532.82039838074,4378.501080094697,-633.469476527688,-16573.66265369831,-62710.94455594817,-46063.495287065576,7766.938409850958,-44119.982840868186,2829.7188730279695,40975.919528276594
969,75.12252110800999,24.440942248617414,18.624980387964865,-8321.82440877286,12663.722298632769,-289786.5874338767,32239.912594634225,-7501.47379985631,-17487.608218474434,-290969.65384929377,-31371.722342405516,36896.6866476825,-292268.87898161093,-9652.888817636334,3367.3626615603152
970,77.0243977250812,25.059712590783242,18.624980541879037,-8741.92445671171,-2495.996446264282,-289610.3509936885,37260.37521025223,-8777.559287807848,-14573.346188711757,-290529.8148359905,-42918.499653163744,32600.042592489728,-291113.0023097086,-10007.723389369903,-6189.968637823371
971,75.12251631671572,24.44095492286597,21.874956708563428,697.931658493233,4961.279148995374,-218234.67620872898,30385.342703789676,-19048.555837499847,-15242.542175427876,-220583.30088404298,-27613.50784358651,35621.34332638912,-217779.94603724522,1610.6510337204743,18684.209121566728
972,77.02439275009795,25.059724636161445,21.87495718588249,999.1161193350672,-8208.55631370224,-217134.8727529552,35126.305884303096,-17763.973240214462,-15755.75664116197,-219392.88144307435,-38984.32285877819,34032.89135453017,-218544.08020625237,1135.853171919779,4751.023885709479
973,75.12251146927916,24.440967582459148,25.124940109155784,-5524.803355588863,-8704.65690146571,-141006.8162963038,11869.32710785994,-6537.361381790264,-15633.951142538499,-142986.8460246398,-18872.87654374184,6623.446015023242,-131348.72503473927,-1316.8858823921064,40740.34096654235
974,77.0243868453127,25.059736146430726,25.12494088339951,-5213.670710716257,-26517.32177511281,-141785.30859759336,19234.09904108822,-7424.749308325588,-16154.813205326733,-143901.3659531593,-37822.78911160658,8207.8539813434,-135097.11996658077,-1458.5979454730862,18846.100403585977
975,75.00363878048947,24.402307782868213,28.374931031073682,-14132.95067371314,-14308.988980317055,-63055.89879082253,5033.4112356010955,13311.47994164081,-18362.388083650345,-72647.54881660794,-10944.49009796015,-7905.799530284648,-40966.50997847885,2673.197719499218,72832.77048005277
976,77.1432475272104,25.098421532295717,28.374932266110136,3755.818665007061,-38051.982968609125,-57023.74744258053,2855.2069717300938,1802.1562306084975,-16413.37347720769,-61429.87465769992,-37912.69475139462,8022.65766291195,-43941.21263625055,2837.2323959322257,42325.17295657664
977,75.22469153850216,24.126939436002466,18.624982066076747,-7645.502867405146,15614.53486207535,-282256.19515234383,31145.43514950541,-14282.174689785645,-17596.423355383744,-283888.056577544,-29108.367698525268,38709.26111839559,-285849.56828804826,-9128.534526841357,4960.366554198115
978,77.12848305838804,24.739760584878436,18.62498224468338,-8076.542705571032,780.1912369844504,-281192.8367215107,34627.1348347394,-15042.63326875294,-14298.3153007166,-282565.8954566448,-38554.79806921676,32631.505335764243,-283633.20867171185,-8957.651570408514,-3884.8151076670183
979,75.22468660886094,24.1269521012338,21.874958553669103,129.25135566074823,7423.19138044164,-221064.12678726827,30319.309126486874,-16708.203207413513,-15302.722209508727,-223058.81286400568,-26760.992293454627,36308.12110629446,-221258.1216729624,696.6208409676385,16656.154454120442
980,77.12847800145063,24.73977269952866,21.8749591131346,437.16478587469646,-5582.072230185826,-219516.8039849514,33359.48898348332,-15418.73308965052,-15750.142115127785,-221442.6302161004,-36064.42255529096,32845.341342128784,-221313.12435712657,-132.92884672389252,3251.708880159571
981,75.22468165314493,24.126964648309073,25.124941764883133,-4947.46185127746,-2214.2105881909665,-140464.14071436485,11154.969969316124,-5059.035926810837,-15492.379538483314,-142315.1693393868,-14315.68398441329,9005.0401699668,-131951.24258679448,-1114.3251679610366,41590.64030548577
982,77.12847196573082,24.739784161725066,25.124942644352306,-4269.213921197705,-18366.156782348786,-140753.22700813247,17507.823329996674,-5896.564860400038,-16056.946943299086,-142737.57961212273,-30048.61362226949,9397.595522713274,-135395.9091562421,-1250.8890343601477,19763.623877008893
983,75.10568925317472,24.088676558440152,28.37493262703703,-13934.311896837035,-6967.472263328127,-61964.23018248312,3454.3795223559623,14930.305498164893,-18087.05687074034,-71615.15638711513,-8292.9920945814,-2957.86586095173,-41173.98971116502,2447.36739698406,73289.45840657194
984,77.24745226367845,24.77809756890292,28.37493398582206,5150.852796177277,-26736.611859534954,-54582.902879785805,814.6649533234872,3442.0991338652166,-16100.895369996826,-59033.693875227116,-26349.378216516292,9214.410148599918,-44012.272975505024,2635.8593772555546,42752.690965615824
985,75.3239377470641,23.81528570487769,18.770816039863806,-43922.94546965076,-114661.71985342438,-317400.5518804664,51815.93706416164,76179.61370013103,-26655.925803638882,-348660.95663947955,-111343.23576011852,-15981.024803943501,-285372.275665776,-8813.874264556129,9555.3636182141
986,77.23152194859989,24.416196386101465,18.77081629188433,-42016.32241506204,-121615.24100489618,-312312.37723124085,51956.46154385206,70931.6828153877,-23181.641368716206,-340844.50899600924,-119173.75904266417,-15925.672612525703,-282219.7425327662,-8334.087895606319,1102.7843447686237
987,75.32393275959389,23.815298194882274,21.979126415550418,-23828.326676557896,-80265.7385299718,-241380.62297355293,44289.40314117511,44029.725404680365,-20883.940127619244,-256942.969427407,-89037.36114016293,505.6423874872651,-221064.6931153513,204.03273528624024,15319.009632469326
988,77.23151684221122,24.416208392716513,21.97912709804122,-21744.222188847765,-84710.82085412124,-237813.82181464104,48396.11855289692,42626.56718120146,-21695.54133140183,-253822.65939225507,-94961.205936206,4515.000470850992,-220523.0120268099,-1698.7847066296317,3077.355260356858
989,75.32392776948872,23.815310460646415,25.187443129338277,-18140.990887424407,-49261.646297991196,-148316.94588324826,19136.41179332046,19010.49239257734,-17421.35733574139,-154997.57082403003,-52133.72957546123,-8588.282669172604,-130738.89247294431,-1013.7173067461936,42837.08743509134
990,77.2315107448586,24.41621964053116,25.187444145925248,-16217.993265311234,-59070.842760057865,-147349.3523076906,27003.63883903041,17420.32975208253,-18374.4759749592,-154671.62602708666,-65381.94541496707,-2584.6168910059737,-133976.218106567,-1260.8280639617553,20371.915296184838
991,75.20469822874668,23.777766432563674,28.395767394837176,-18134.36274586759,-16905.05564841987,-63449.227965353995,5112.544415934038,19967.102918430825,-17848.69202576792,-76696.68268686142,-12821.18381657094,-8970.779856209068,-40525.864876452186,2522.9134601129404,74752.72604196705
992,77.35072812223055,24.453788310398963,28.395768907203,1877.3182677881823,-34396.261585992106,-54788.52083890857,2756.1493135629207,8927.486658477626,-16293.787110363295,-62267.297094577036,-31271.825195837224,6231.658133301753,-43105.76332184173,2769.3214037593716,44237.822728026
993,75.42215597778875,23.50002578528482,19.062482554987795,-43750.2486716503,-111483.9484894,-317742.3108340694,50348.36132413461,71115.05090375677,-26680.954513360317,-345421.99577899283,-110999.39993979913,-16555.112276327738,-288025.91534560383,-8909.361886196197,12489.2792521598
994,77.33161814436743,24.094975254913514,19.06248286577911,-43244.82427357671,-122674.58704558812,-313820.0219720421,51906.599964101464,70248.10381730294,-23370.76783364554,-341916.1189168155,-120624.7017401419,-17198.612634249523,-283963.9035707287,-8556.520768063754,4243.978122020716
995,75.42215101651597,23.500037930394356,22.1874600790612,-22904.323279208675,-73719.1367893751,-236817.3447664388,41952.08688830345,44486.433708973,-20454.266643116494,-252254.46505285343,-81996.32628060343,809.986498434319,-217274.9449273346,314.8708533462226,16479.714298887386
996,77.33161301467756,24.094986963115,22.187460860174877,-21890.989296576237,-81973.31535329545,-234340.2684627849,47996.11537828421,45873.375487521735,-21792.307868573735,-252258.17483106983,-90682.83921614615,4736.4409345594595,-216323.16831205442,-1330.5429410383213,3808.239632457257
997,75.4221460636577,23.50004975198587,25.312444230461274,-17160.475079945052,-40251.605462919964,-143846.19763997282,16933.288764175053,20163.909394407427,-17133.942552428995,-150654.41343676663,-42666.51366438913,-7937.351081682079,-127519.12201583819,-832.5570238846768,45240.307209707
998,77.33160692861088,24.094997839596328,25.3124453533979,-16194.202142616798,-53925.509814866,-143922.49980146534,25974.095647293103,20312.444589016966,-18393.503559699842,-152466.8186169781,-59011.29917244229,-2564.0939695278175,-130495.57127921247,-1081.9902543475903,22450.16184936988
999,75.30279920373268,23.462877884698734,28.437435618993064,-16846.880409014997,-5622.63293082943,-60351.740134758365,3160.937574635489,20425.316538577114,-17311.500089041085,-72589.46347778967,-11821.68284885587,1589.8928520427642,-39350.884060147444,2683.927219486339,76469.97830063684
1000,77.45094173141963,24.132193517365035,28.437437246270044,2496.1839780880864,-26776.16969574057,-52171.2878230858,1420.5188886926733,10980.244164908028,-16136.175303603333,-60182.60400060855,-23245.198760506857,6976.529220377174,-41843.726691375414,2916.8369502090413,45702.42087131155
1001,75.52039295565707,23.18477161015045,19.354149124077896,-45738.05263559209,-113984.05949204444,-323944.17034285865,51252.47994510279,73924.32755397531,-27219.843204116172,-353061.2252989348,-112779.77063447786,-17825.28653708259,-293067.2061084104,-9726.39711502427,13268.648950531411
1002,77.43169560019912,23.773748377228767,19.354149494300625,-43907.768727285016,-120359.27060792147,-317088.077615932,50301.19315877718,69860.21942351123,-23527.67592635393,-344213.92764352396,-118572.78414136269,-18568.405166251672,-287845.72751068283,-9428.392615416064,4929.282548743737
1003,75.5203880398245,23.184783401152796,22.395793702639672,-22708.804861516117,-69722.62648634124,-232890.68616131492,41180.003676179076,47613.57045123997,-20260.432117568453,-249923.85368249886,-76796.98502883902,1398.721202165524,-212855.6902927867,573.1670939390664,18144.514085012393
1004,77.43169044866944,23.773759770765793,22.39579458194983,-20970.02041548348,-75332.51852916533,-229176.70854367112,45656.7839195886,46820.96662828397,-21593.542957766236,-247325.65189263626,-83228.66847967605,5075.072883992392,-211563.6596838762,-639.6079615410245,5018.465247135318
1005,75.52038313427516,23.18479478585655,25.437445310959223,-17088.792422320963,-34934.99506173204,-140100.74340685,15829.116260086008,22402.64219153146,-17037.05412999204,-147722.18638478089,-36666.157299356186,-7736.187206765896,-124232.38648371407,-813.764938363559,46822.1483863174
1006,77.43168438837229,23.773770284643916,25.437446534314866,-15489.401586586284,-46373.437121511786,-139447.95168232493,23882.90110165484,21637.98726140215,-18233.406737950518,-148309.35806820856,-50770.162113964056,-2231.270208250375,-126988.29559666628,-1063.5339948751953,23722.937797335322
1007,75.40092121668118,23.147995837002664,28.479103826725265,-16460.703833676267,1826.1389490510664,-58262.27237415685,1708.7314871896701,21852.554848642834,-16897.46439840567,-70483.68293016645,-11927.518346449364,9514.36401783377,-38461.957726951405,2621.17546881785,77141.29359941781
1008,77.55113425730794,23.810592352283997,28.479105561934958,3872.2713601237024,-16205.754639340234,-48793.746850606854,-391.87890194126004,11927.759167772461,-15828.231646746985,-56425.49743624411,-13519.497515200803,8817.764821621518,-40882.57738734554,2839.9457173298256,46164.81268079793
1009,75.6157354267039,22.871902188823572,19.645815385587785,-47365.33856094444,-115292.40038141186,-331548.85722790455,51012.670144743955,78714.79062638739,-27265.448726023933,-362786.9238651423,-112045.41263366614,-19374.25967145248,-298890.982775389,-10996.916340857993,11982.964130994229
1010,77.53068180968587,23.4489220005771,19.645815857334465,-45547.8142599241,-121262.46481871748,-323713.23361506243,49868.28026026888,74724.31569386428,-23741.500598540144,-353133.664904283,-117153.82975402426,-20236.018035396773,-292730.4810325563,-10722.43886734063,3765.5568466156233
1011,75.61573057993498,22.871913606559225,22.60412751183537,-21683.151961418942,-63574.53607343659,-227394.83740742208,39151.78108990453,50201.563974211815,-19749.31873357363,-245573.32455264742,-69249.64542143862,2170.444531808439,-207181.77329197107,1175.906938021269,21026.36912032746
1012,77.53067664348906,23.448933054831265,22.60412851915568,-20131.169183429985,-69757.44719929405,-223816.71620493662,43948.870064319315,49903.52584233776,-21311.040561689857,-243566.81585948868,-75891.06231350607,5752.545585334109,-205662.10432540724,323.8689931720735,7344.371015950028
1013,75.6157257291797,22.871924573479394,25.562446358666513,-16630.51517789946,-28648.145983971885,-135821.26799335564,14201.0071057407,24009.513381040575,-16709.146889226482,-143904.33285355466,-29980.5875131565,-7215.00878851572,-120806.63541532762,-819.8172304594523,48256.17317753079
1014,77.53067062207242,23.448943226315,25.562447706123795,-15145.735656115887,-40831.72300418394,-135308.16548258497,22298.535969504344,23675.794453918497,-17998.996780256424,-144948.67153424444,-44200.74032004469,-2136.212288595652,-123364.11876308668,-1061.4896912771717,24893.4042334663
1015,75.49603614308307,22.83587242520775,28.52077174901026,-15643.832059174067,10768.844295428375,-55857.052068431636,32.50855090256118,22888.471613837944,-16279.908758394451,-67641.37282088061,-11699.874641435674,18609.207630138946,-37475.662901061536,2698.4826164738483,78324.45260527091
1016,77.65034832294393,23.485017686015663,28.520773618303636,4858.025643853732,-7423.300739369437,-45872.044187754866,-1995.86810914865,13582.91791998046,-15451.689403032171,-53646.120170768314,-5938.021359906204,11146.822247403961,-39819.489113524374,2889.0603229895164,47131.53221192672
1017,75.71000539771345,22.555439013017622,19.9374817815267,-48630.75360652033,-113968.91914030138,-338508.81150498,49810.92788038699,84848.87140028474,-27336.509856413137,-372437.17605680774,-107981.76433689578,-20689.543858098263,-303697.52834852727,-12530.413075861306,8598.900065254584
1018,77.62675501445815,23.12647463526525,19.937482324552143,-48186.62200738524,-124227.987313274,-331901.0022685269,50862.88516978277,85024.98666169486,-24508.386877453497,-367422.789419416,-115229.821913924,-21663.000255846087,-296654.4662169692,-12242.70209515585,564.0205881307465
1019,75.71000064194176,22.55545003177882,22.812461037337712,-20048.565929125303,-54879.00884276256,-219643.83520645264,36313.86489740852,51069.01538684898,-19389.521258555964,-238017.97877719332,-59984.370371124176,3430.9391699769944,-199885.98504207912,2199.6381286025266,25240.171726576227
1020,77.62674984913161,23.126485319721933,22.812462138441877,-19598.871100451124,-64853.18051632846,-217487.58670609843,43100.64093798911,53906.69944960461,-21373.54077616738,-239824.36213677813,-69050.2306660764,6934.954479976433,-198199.1253497646,1530.4053774783763,10969.54911938568
1021,75.70999584855687,22.55546060581038,25.687447408187182,-15963.98785520774,-21099.872875510722,-131140.31678410425,12402.574091438586,24282.22631689403,-16391.88135706168,-139083.99942617584,-23328.589895277735,-5791.588193369198,-117525.4285375309,-925.2498819513911,49340.22317804244
1022,77.62674387971757,23.126495177780832,25.687448844452668,-15327.01841916543,-36852.19968495674,-131619.88540030297,21399.48718911048,25802.768234044233,-17949.14757600799,-142315.6013805164,-39375.20318312716,-2108.298940781601,-119922.04569736021,-1168.4933347602964,25766.010539381292
1023,75.59019373395793,22.519782004866943,28.562439916037977,-14335.898000886711,21552.82191599088,-52907.802553369926,-1606.1387791894863,22984.810374338776,-15716.203739737844,-63819.52370075923,-10782.37345562314,28911.0185181166,-36306.81918194723,2967.5183042477966,80153.8733062845
1024,77.74653443134574,23.162195278560937,28.56244187910238,5566.386298276331,270.3028869995924,-43275.25817787006,-3259.5168372138837,15482.766934228597,-15250.328670142053,-51490.93434618016,-706.2482984520408,14758.613652038084,-38604.51674292463,3084.1886830336957,48643.964039592
1025,75.8042941206862,22.238981593674936,20.229147903602193,-50524.94138368951,-116487.18109540951,-343593.6125614665,50659.622387678835,102040.34723852291,-27791.7581112349,-388531.68699471175,-101488.9615548899,-20585.08649096399,-302233.9832852358,-13364.097311372992,3392.432476186392
1026,77.7228094625805,22.804022030035444,20.229148519979553,-48849.09224680521,-122726.94588358403,-334188.2263050536,50065.068689592365,98077.26134391634,-25091.638273603014,-378019.4424176832,-106194.62888528503,-21550.193132474687,-294462.3570846005,-13199.306000131373,-4750.367789866706
1027,75.80428947734706,22.238992184467158,23.02079454689433,-19279.12068987343,-49621.30344604996,-212031.59208569178,35075.239005469404,52336.33564900993,-19293.36567252753,-231316.71618384757,-54271.94083434607,4656.640796578549,-192093.62294393044,3191.964371827362,29391.89719301008
1028,77.72280432024945,22.804032313154956,23.020795737809003,-18270.71697555252,-57554.724239103016,-208949.9124132287,40457.85207483917,53276.92074572961,-21165.240078461426,-230883.03771564795,-61541.925392387595,7649.60948015135,-190261.01279497228,2670.800480052045,15031.961682362695
1029,75.80428474175369,22.239002392603346,25.812448445909762,-16090.740039812823,-16500.32108033427,-127451.66331825385,11571.251578199093,25926.249362850143,-16171.194280189597,-136013.49674465868,-19820.681743096506,-4208.54595064577,-114608.21593990317,-1289.3358933174995,49311.62320046524
1030,77.72279841233194,22.804041888786873,25.812449965652085,-15064.625705782868,-31221.8506850177,-127484.51605722775,19623.890906718618,26431.937926519317,-17698.781506523803,-138261.23823222355,-33588.228456069315,-1921.525759735475,-116906.3824929311,-1587.0678058237895,25443.006932076336
1031,75.68437248928203,22.203698083252903,28.60410806259235,-13569.129223186643,29879.660899295548,-50516.78602002784,-2911.661735740597,24200.45301893344,-15281.085001818228,-61350.517509195626,-10426.535896226387,37570.799061503065,-35281.57771448241,3086.775351895703,81018.63038602233
1032,77.842699458064,22.839366872444117,28.604110110861576,6776.2894275191165,9775.02313728714,-40126.33314574185,-4874.300790901921,16170.920448944022,-14934.203381500498,-48035.10005959781,3239.7944788050045,21220.284999857216,-37572.294030647565,3087.5028479714388,49320.47859839358
1033,75.89571858882633,21.924944629628918,20.37498132762194,-10955.552502152765,17782.16686540177,-290247.01845908177,26741.956506525577,13806.141134832362,-18287.371989505995,-292221.9532895567,-24988.8254787013,33790.37467242531,-294862.01420082373,-13150.977151139785,-1118.4220367361775
1034,77.81772789473786,22.477983374997393,20.374982010988276,-11178.114703518393,5209.458937010335,-282837.2489574055,27424.889439570747,16295.360184031742,-16041.660931948221,-284892.77183209726,-29592.112228070582,25678.979336254368,-286415.1715613478,-13671.750667774868,-8183.5647166073695
1035,75.89571400398638,21.92495494995906,23.124962172368267,4763.220018172262,41931.95090209819,-186640.32462551945,17322.976240072996,-189.9585450695516,-14319.404728091044,-187710.93192939684,-1114.5375644319652,48880.315788579835,-189139.38187821,3785.2399460129286,33070.750290396296
1036,77.81772276774755,22.477993426899115,23.1249634590635,4332.947172108772,26682.106776074696,-184387.50973271023,20127.13808129786,4521.493299858969,-15854.679913018532,-185891.5573604353,-6088.590582117912,38607.69215802644,-187007.00650873987,3414.346238700206,18577.26863386555
1037,75.89570926998853,21.924964963340077,25.874949666930952,-2058.198494577162,41173.95413511041,-114519.13444430131,182.1189587969568,8779.518010144418,-14268.250071105724,-116784.14884784096,-295.7231807097002,41676.49322478261,-113020.26527404916,-1415.0552818766885,48930.60661898719
1038,77.81771685908708,22.47800289047444,25.87495128762001,-2159.5547814651873,20560.987891404562,-115549.13179690862,6230.567104805012,10544.380047503028,-15649.960976027412,-118586.03499730313,-1037.1348745822286,22475.471184916118,-115165.41997277032,-1789.0326004172123,25284.45454361017
1039,75.77557869943553,21.890410343183923,28.62494270953164,-8017.596757882795,56406.107218634395,-45077.90683349289,-7886.213518551131,21819.26569274979,-14724.2911659945,-53289.35451031128,-5953.272440028944,62553.23057759895,-34713.92903608508,3288.4151718964745,82010.32747396726
1040,77.93783632367476,22.512577512647034,28.624944862918916,11736.8938647227,34015.589653698466,-35158.34895884118,-10346.608597854116,14760.156250685988,-14282.974381352977,-40986.94930225083,8782.806077680883,42798.27778414991,-37159.462074105024,3004.8686129916514,50130.17844655375
1041,75.9860258091364,21.607326873947972,20.374982454105055,-9450.815325008218,18315.84151541887,-279169.7677757118,25536.73828979316,17265.68309176554,-18081.35812428964,-281579.823206864,-22327.75271642778,33602.8343379906,-284414.7474368684,-11791.370740008364,-1670.6669670944339
1042,77.90976355833025,22.154359185613906,20.374983133507694,-9536.78119476244,6852.108460441465,-270799.29736885894,27689.894861421042,20657.121805356284,-15916.309361126596,-273555.07215893106,-27635.12600163466,27706.22805738578,-275196.3190516059,-12056.603743708252,-8117.517544356345
1043,75.986021222625,21.607337087672068,23.124963659196677,4231.8818717451795,42905.91039819106,-188048.79830655784,16485.747396732248,2443.2112020764184,-14478.784074742534,-189191.2309355142,-730.887407367508,49011.11230626008,-191019.6532497222,3058.202501007558,30686.938920739965
1044,77.90975844230248,22.154369188345296,23.124964990044756,3510.85491672235,27735.593719582837,-185325.02486657456,19517.111000640598,8181.7250720279735,-16091.56241468682,-187137.06391626928,-5536.961807254625,38595.44949325451,-188214.1247738371,2284.4739045263523,16782.453767280404
1045,75.98601644105727,21.6073470535263,25.87495109591152,-1042.4884035102878,47945.4077284149,-112937.21825035526,-572.3174850834432,9206.49376402297,-13887.709580751769,-115139.50840857475,596.3103813648921,48508.89910175922,-112644.34200139409,-869.621537812126,50027.724205697916
1046,77.90975247349165,22.15437868532272,25.874952780051213,-1677.3283852149198,26324.307894448037,-114297.52704487191,5446.927318754269,12125.707442482677,-15582.22665707796,-117544.33371086825,-71.3171344170012,27965.103309646463,-114790.12282301197,-1636.6242685945092,26475.58459669751
1047,75.86577786688808,21.573167645615406,28.624944134838994,-6801.290760308766,65239.154224224636,-43186.02467290329,-8716.308043066145,21632.726215213992,-14341.819510418713,-50934.778960335,-4867.361212420416,71053.97896376804,-34453.188706046225,3660.613147355589,82970.2634771487
1048,78.02997977810996,22.188577837333682,28.62494634948938,12103.837770674143,41079.449073227705,-33823.8794039303,-11665.022847249957,16576.439739182104,-14072.465517825987,-39927.815356227424,9099.368813931638,50187.85398226733,-37172.26880653958,2783.8077949332,51002.143984916474
1049,76.06708625980193,21.32925720862228,20.37498338029645,-7241.071937182587,20428.63199797032,-269340.3312901871,29313.743559454426,21297.724452465005,-16563.838401333884,-272224.3129495785,-23215.238259057816,39286.77997923695,-275943.8808394314,-11244.77417055774,-4196.723307998062
1050,78.01104623097615,21.79118697076517,20.374984288585516,-9625.72538192734,-351.1467282609374,-260293.2437234741,17018.95007046107,19727.440934708084,-13309.489356183625,-262622.1303969625,-20521.890713202065,12873.905276502206,-263255.3808590522,-10645.247476860884,-8758.09055292146
1051,76.06708167990115,21.329267324071523,23.124964922979835,4376.929498372872,41991.724088913725,-188574.22062589435,19546.040412490973,10453.8378366629,-12795.34116618269,-190015.6197917892,-2589.9269657896866,50399.979718971175,-192844.3224859414,1571.4318920458638,24270.53440302109
1052,78.01104115858423,21.79119691754029,23.124966628599847,1628.822472796559,19675.851212046793,-186970.98812472695,10589.58524805165,7030.831210342096,-13218.65214824453,-188182.6997288565,-2052.134908250036,24568.520197222948,-188760.2564974592,736.8559417638621,12689.433115637614
1053,76.06707686885763,21.32927723343905,25.874952334183423,-620.5432131598463,48599.62443947374,-112999.83572368544,-118.58812309693808,16481.46516083409,-11839.205163032339,-115865.3003320363,546.9963029531984,50297.549531711564,-114207.34838930648,-1899.7219686379415,44581.126271369525
1054,78.01103513847976,21.791206428181734,25.87495441862108,-2161.3615231092717,26604.09010181317,-114680.38386092013,666.0403941322817,7990.108507320202,-12386.597895163004,-116476.83061519398,-815.3828643851206,27054.558197362843,-115693.77507101768,-2743.741742321721,24203.07926276106
1055,75.94557441601802,21.300416576523467,28.62494534592027,-7562.124715377096,61683.9034767798,-44463.581566148016,-10366.464056943076,32318.661282671193,-12409.52301154402,-55334.569443009794,-7982.418182306738,72975.18482057122,-36393.64782097617,1802.7669065811053,74085.93613040666
1056,78.13252629235976,21.82008659889071,28.62494798677408,12482.558951896472,46572.074542746646,-32340.309323564423,-13699.710337670675,11371.773222721118,-10771.82985645363,-35632.642372051516,8551.879577199677,53795.08696593056,-38508.60811736842,1095.914998297061,47150.98954739886
1057,76.5267404661572,18.92324912160628,21.10415275603533,-16204.000272914827,-43107.45383775634,-236797.45529834944,4668.8843586898765,35879.87459533994,-8660.301869523391,-243614.6945507606,-37115.54246703907,-15378.672391220773,-248344.51181817232,-10381.632056228624,-2402.751932292001
1058,78.49208033031259,19.293934950658816,21.104153877906437,-17333.233103698483,-42709.97752644855,-220790.10330982116,5548.70992223995,37473.33588155353,-7679.0901011984115,-228706.38912487513,-35954.04669693083,-16172.878118162165,-231804.28564246953,-9398.330164291092,-2307.830834172609
1059,76.52673641692893,18.9232578613224,23.64580391520978,4827.387776602671,-1528.7575908268773,-148149.66657690163,-2838.7507129195774,13681.896657106758,4119.389163104127,-149538.83137282552,-1230.946405368255,5918.741387067951,-176568.36734865932,679.2576506434633,22267.26754048298
1060,78.49207583841941,19.2939437086237,23.645805916181622,2259.563490563037,-5968.578745379247,-142785.038605097,-441.11299136924987,14963.014255172391,1111.733986476921,-144411.4183379606,-4366.6023039335305,2283.9667819809833,-170060.4930419506,204.85840574546506,18241.94111299618
1061,76.52673214773212,18.923266424346444,26.187460038766922,8294.737539012207,32032.53315369323,-79777.51620693665,-11950.196540145047,1055.0872637872317,10934.403632758092,-81170.61536619082,4622.3018652772635,37098.06798668232,-105297.57510748944,-1463.6154511391885,45411.074431188965
1062,78.49207042823829,19.29395213591517,26.187462430316025,6023.684749035692,23372.598158857138,-79398.96121554245,-8280.907975341373,1734.8415883904831,7956.544176031126,-80193.99386539892,3483.096475764427,26708.219081984895,-104152.97980607205,-1634.2863857614736,36458.46311931021
1063,76.40389384806822,18.900106954409324,28.72912077552584,5883.57911787476,63956.10279290445,-28847.254499640883,-15923.735111705937,-3348.7583764249525,10687.456484866663,-31886.414342577507,4480.384831268757,68398.4569224471,-32950.0688477239,2543.111568768614,73670.27311487141
1064,78.61489863593593,19.31712826251831,28.729123693437284,22740.304623758653,57491.17098214881,-15552.889125920401,-21512.139807377942,-2708.425723000354,9211.264246987781,-17724.787744996698,14138.495790692094,68264.87843429166,-33249.988015593124,2564.859375490355,60078.06805672927
1065,77.37567828859781,14.343680357435286,22.562489959915073,-13855.676143960793,-33554.70801395972,-186706.4945040797,4741.238956762159,31863.175028517988,-7294.970419294874,-193435.00905834598,-27907.93622268591,-12773.93338096833,-198213.26848181887,-8706.523185498083,1011.8769513765808
1066,79.34217579280867,14.708224797911365,22.562490912334447,-14812.441303732845,-30598.892255657367,-172382.19868130644,4446.541695438263,34467.12059937056,-6639.270818409792,-180653.35303458868,-23553.097399689683,-13587.081806418313,-182154.66870752556,-8061.716943246139,6103.410835435589
1067,77.37567542336804,14.343686642628175,24.687479718437743,4378.218720220687,1043.9832413513177,-115654.56960092447,-1433.2619219131805,14895.917385957227,3342.7564609014967,-117626.08699558614,2423.7698504197256,4969.949505813901,-141316.08928547986,81.90149016536843,21545.436414386124
1068,79.3421725457718,14.708231292236523,24.68748137375855,2454.4819423888066,1906.6415158955242,-110494.47925128185,-1052.6771159061157,17949.70697961187,-421.4365603881884,-113291.89274407858,2002.9026567613985,5155.634294319642,-133709.22296057694,134.3515662268294,24931.796399799503
1069,77.37311183602209,14.343218106038947,26.812472542178394,8417.632892265876,29599.951377499303,-62790.31504413484,-9027.823465612812,4382.40868831835,8952.684546877108,-64219.503079640446,6510.056594565632,32936.715710705146,-86206.03474288361,-1699.5052340370048,41010.80077421836
1070,79.34472926208255,14.708712151882818,26.812474526948392,7759.158495465697,29427.50313490694,-61446.86694061337,-8455.03067531826,7624.917368355466,4913.360724410349,-62532.546479739925,5594.926845748879,32677.414323750305,-83712.8705693701,-1323.4153144347565,42369.5789387522
1071,77.25020262499326,14.32043993839637,28.937468383617578,7759.647442331723,54979.28982223534,-23026.67426989434,-12919.154303126643,-1724.0470584226036,8593.669451103755,-25296.317032515737,6546.084631305276,58462.4953958832,-27370.298790968915,2119.1426900449924,63155.25849219316
1072,79.46763156433423,14.731502032675259,28.937470749057617,22575.02803909825,59719.23504691319,-10289.850901892712,-19870.57374358151,2249.599348283661,6052.1836297307445,-11899.568985044714,15556.72740423065,68347.25376493282,-26674.346118350375,2810.2886738115276,62758.50323063778
1073,78.22409447245937,9.767192899250372,24.020826496159106,-9579.971482443487,-18812.496335655767,-136042.5118909871,2718.816214457543,23548.015782228566,-4447.378692178717,-140777.5063694804,-14867.40116396303,-8790.072175642921,-153029.81130088403,-7544.14363308346,8439.011483787439
1074,80.19279322552603,10.119432489546675,24.020827098460497,-11246.764776653608,-16867.476514066835,-127530.93820375646,2671.5858812895353,26732.601726390243,-4596.6705484572385,-133860.5119830736,-12476.100782515034,-9308.56672888819,-141090.21096544518,-7104.115881711517,13233.675815849292
1075,78.22409282540949,9.767197144807255,25.729153596587572,5316.437345657876,9101.97279009844,-80635.91132887448,-2194.0098570379246,9858.522393731479,4737.047873261367,-81986.51890933805,5053.616860016008,10715.400856203854,-110149.92710984247,-765.8055138496086,24317.250671631584
1076,80.19279127975305,10.119436949668444,25.729154626803595,2829.891589062506,9819.895387793262,-78479.4294593958,-1770.2098026930578,13848.387096354896,53.10361645725552,-80601.6212090477,2509.462081951519,12262.516644556124,-104270.11021190498,-660.2636161373908,28173.672907526903
1077,78.20613295439068,9.764070855559797,27.43748231379155,7736.343257156794,30066.508920017757,-41995.41278487144,-6745.2824445639835,1400.3981553160072,8518.956596728922,-43499.37043512326,7348.569960744211,31958.239866682165,-66856.1040230351,-1532.9607817358578,37892.72852699182
1078,80.21074721252253,10.122571618362546,27.43748356961804,8369.877112386235,31068.86705103008,-40965.01378112829,-7670.303471563339,5872.83357051929,4358.4144156179045,-41937.52504361143,6736.961875362109,33674.29355053736,-65178.15894797537,-1151.775796804818,40600.133282563496
1079,78.08308765813068,9.742059770006072,29.14581292551881,8175.996931397128,46776.53335206654,-14967.53252610181,-9579.820983969152,-2390.6891475297757,7568.073910454835,-17225.873823376227,7927.263718294677,49283.6078624434,-21695.786094582578,2276.148184966541,52100.97160264265
1080,80.33378876444019,10.144590606844622,29.145814408034788,17200.29587241202,51052.754917215796,-6986.159213882147,-15253.56480099122,2080.323730320984,5024.746669638455,-8477.762429738046,12832.548460068545,56912.105545415165,-21231.08252795884,2478.5291144542352,53544.45107510477
1081,78.66994323494512,7.193239766968559,24.895828206221427,-15701.469717063263,-19893.83620637729,-126816.42920785806,6674.224440870577,25844.790371499166,-7711.290920887055,-133425.99468132787,-19291.30193212887,-9694.438517841896,-120076.09746791159,-5185.111233293374,17291.833548146777
1082,80.6519264648378,7.446407471459686,24.895828688235728,-13461.7895727193,-13096.558037248198,-114204.77217438859,5454.320852722368,25496.264561113832,-6232.491645566914,-120770.95460355649,-14859.668585235446,-5132.496595564148,-110484.65908196435,-5152.1670157323615,18650.17723752611
1083,78.66994221261186,7.193242990384688,26.354157226050894,-7401.258308200044,2740.305692137237,-88505.54673572766,3579.332683947457,16168.703995242955,-3951.367851251034,-91526.94839497606,-7773.091059576114,6133.540102761684,-87615.6231937792,-726.9391731753664,26396.419231548138
1084,80.65192521790802,7.44641088855972,26.35415802118778,-6650.034503840149,6553.870251780521,-82291.21059912234,3049.4534376696893,17553.496168116908,-7012.32665189421,-86332.07244196549,-6127.240777955352,10071.938368738898,-83100.44794389642,-900.6594681446221,27569.189883050272
1085,78.63637761956767,7.189073730568276,27.81248727404371,-5204.483203600192,26746.65325851686,-52091.77057565372,223.5140910657124,6066.903265824647,-2562.5262609003084,-52695.214497504,-5065.200273351987,27210.814250118936,-53216.05757379963,-922.1272558431234,36531.84658483065
1086,80.68548735917565,7.450586591363118,27.812488250369515,-2780.214465422154,27779.82563737905,-48057.139358576795,-1864.058209813218,9366.671246736498,-5646.729889100393,-49813.41582881752,-2367.0775085136083,29122.96515071123,-51981.69478267147,-1082.5563319017845,36302.59696345125
1087,78.51250262137572,7.17325367555524,29.27081863546977,-878.5597490948439,49023.21095029574,-18168.649788903298,-3180.084976651135,1920.1760475287297,-2440.718704773504,-18538.696742421565,-774.0304036900695,49288.728558409246,-17157.746380847308,2866.694386830228,48018.14193069487
1088,80.80935998333706,7.4664126950860705,29.27081978630369,4349.072131291532,48531.642332024436,-12492.573097542087,-7729.111868906851,4207.417975561546,-3948.3548271746035,-13473.426170787547,3646.73599726842,50214.83153929302,-17174.419397757054,2370.086837474608,46832.03964239113
1089,78.71986708268173,6.572285169551196,25.187495343113934,-13969.989987940262,-15095.220736053707,-117926.50048447018,3745.191620430894,21481.441243520138,-5889.05140625269,-122623.86740901749,-15055.89605191804,-9311.947747528618,-114657.30846170518,-5400.412658718396,19414.54154110048
1090,80.71293324613522,6.738685819737153,25.187495873611297,-14197.8545915506,-16275.056672507046,-108454.18049858243,4334.7035991842195,25498.82405618758,-5027.024670511246,-115387.81629210085,-15366.180517921415,-8173.094952617828,-103689.77898953957,-4939.525537270222,21115.386828517287
1091,78.71986618836209,6.572288194212597,26.562491306516886,-5979.833522179004,4426.83002929981,-81361.95824096736,1347.7423592542611,10343.662644893946,-2123.5556053505948,-82658.56740703297,-6014.042753991537,5757.648427177961,-83261.01204153366,-1056.4057357470435,26769.368775619347
1092,80.71293216663337,6.7386890178869905,26.562492152712743,-6926.5960467186505,3417.7684648061368,-77646.07805899448,2302.7341672500893,15624.071083135655,-5706.40290433169,-81044.09067604397,-6550.635363606029,6439.820398743022,-78218.86565607294,-1045.3237328633245,28334.502821521106
1093,78.68093822945633,6.569041062313859,27.937488417777036,-4253.045821082955,24795.81861099034,-48996.36773335873,-680.3001985869469,1971.0421090892548,-901.4312345183208,-49066.37772959168,-4252.678410041244,24865.461196181575,-50859.15083270299,-979.3247245052172,35969.330895775536
1094,80.7518580059703,6.741942085656353,27.937489444972076,-2152.0887720976953,25310.26301179607,-45160.789574730254,-2135.0832270487313,7158.051446090322,-4423.667867995655,-46278.78900978272,-1987.6951774778806,26263.868852228712,-49144.81036864858,-828.2547379871974,36551.53417335861
1095,78.55637074555747,6.558643786745032,29.31248669621391,8.160702474075151,44704.74289553932,-17878.347784336358,-3469.377112827418,-723.302684064843,-947.9282688299954,-17941.667423133513,-202.89914368340243,44979.122380493965,-16396.90831613491,3008.477146184523,47768.74645301446
1096,80.8764235671633,6.752344937628677,29.31248790256771,4990.910917701089,46726.74878133811,-11528.207904347397,-7522.304107483523,2777.947670691417,-2912.4206142537378,-12065.71287773127,4038.175728162063,48216.988944260986,-15969.746828472122,2894.102909309861,47485.824300805514
1097,78.77508222170599,5.911062022851194,25.479162699378822,-12923.614567644163,-13366.004209422104,-106931.9549213967,3304.5185947227865,16659.201471350058,-5547.261019731866,-110183.49421462786,-14046.469077043617,-8991.610406791435,-106963.54057978792,-5030.040763254957,21113.124893769473
1098,80.76864904685274,6.071232699919387,25.47916314302623,-13056.590043857297,-13138.97945284918,-98319.50686998028,3722.115319658133,20679.30678097397,-4639.764040055541,-103392.1919257743,-13940.039896071945,-7182.84454484051,-96564.81344031397,-4644.870931405919,23112.888774689443
1099,78.77508144451245,5.911064852613438,26.77082558294084,-6228.213188270199,4595.0699303607435,-77797.65716017682,1225.4613156777186,7327.971247529304,-1963.1371137300841,-78503.2394657107,-6264.712567724445,5337.151615348903,-81336.88672874164,-1753.4304383010106,26429.175021702227
1100,80.76864811053522,6.071235685462192,26.770826309531746,-6934.813372993521,5023.590899607698,-73517.13142993987,1944.0039984625369,12265.435259893598,-5511.054099907506,-75866.28841606987,-6544.561640899963,6982.496153644173,-75609.93590142547,-1600.9813982601427,28603.06348501883
1101,78.73095161480929,5.907530096289312,28.06248969038669,-3941.085748523539,25242.772847245207,-46664.050764616,-492.4357462210925,79.02781291218422,-634.5976126991642,-46673.54636437519,-3940.0088851594173,25251.191583640266,-49209.40100903715,-919.1371500515513,36042.61862853353
1102,80.81277599453824,6.0747758688969355,28.062490593236,-1755.6143679157522,26885.209734913027,-42493.071234332754,-2255.801092608792,5250.741276470906,-4354.345659754021,-43308.20092668418,-1564.343386891902,27509.068446240606,-47198.88446366045,-737.3271233535589,37321.59498670562
1103,78.60635302395083,5.89752196210523,29.35415487043313,665.1320069315952,45135.02597747973,-16595.904778745873,-3321.939623030662,-1471.1263130585091,-744.1313132736803,-16670.41897109951,460.70558619586336,45413.966590569085,-15697.670869731286,3248.673244188914,47994.37561818365
1104,80.93737284391126,6.084789100558153,29.354155930300916,4881.6856239541485,47657.1552307517,-11044.345908201518,-7135.26276835411,1863.478949958068,-2899.0761073379563,-11561.99553984488,4151.740989552489,48904.74949679675,-15246.850768525781,3191.4065262287245,48566.86770332307
1105,78.81287253945302,5.421923832031548,25.770829576617515,-25008.54901923037,-51904.55107024064,-123130.81063721167,7967.943978488839,34852.47797196227,-6811.7891396479945,-138116.26977058052,-39217.72222572704,-22709.918730375117,-105188.3438419264,-5177.081356525537,23820.755763962887
1106,80.80782430961855,5.5633960112071685,25.77082999272841,-23905.20958997085,-48166.19717711207,-111914.88133021882,7628.431160446102,35167.348036564246,-5748.898481917964,-128172.98662969127,-34482.20297561068,-21331.09849199974,-94343.02470027574,-4784.074158987351,25472.05530532435
1107,78.81287185500791,5.421926459465526,26.979159751031723,-13847.206752443097,-19155.36086298687,-87074.20748405921,4476.106338603453,20215.464027619833,-2565.482428775103,-92805.85522621326,-17267.038228141697,-10003.881645134254,-79985.95694955203,-2304.9180434907835,26731.216970791334
1108,80.80782347572762,5.563398779817769,26.979160426818048,-13926.34543347315,-16452.065768322344,-81460.09926274685,5634.047296949724,22770.38144616668,-6328.696043471135,-89435.35533302752,-15157.470709134552,-7245.68442238034,-74079.87532401882,-2066.621721041797,29555.50956437174
1109,78.7635158795638,5.418445090937206,28.18749058252439,-6935.560125419765,15168.006242674952,-48833.73624574423,1191.438531160249,5883.425009704014,-822.5159901248186,-49390.343934171746,-6969.800889848258,15758.854695530972,-47386.90411250784,-826.723637456327,36580.471915349226
1110,80.8571777437044,5.566885088300533,28.187491423519273,-4402.1226955630445,18305.75785742641,-43927.13064744653,-177.092912828812,9777.67219443778,-4739.779167922905,-45949.583769178644,-3913.1369218863197,19839.2252054818,-45385.970517031106,-630.5799766177626,38426.13513143883
1111,78.63883077430978,5.40960536911864,29.39582240403945,899.1144727178871,45469.34029406308,-15836.031855950638,-3050.058186915472,998.6360459717721,-773.4313166166165,-15883.785372450817,721.2298046711567,45694.97847860998,-14907.224549277718,3556.713102968291,48626.478795478295
1112,80.98186110303256,5.575729465909088,29.395823386773984,4483.6061952824475,48295.91282790888,-10701.727605645634,-6481.027700211717,3263.5770492986867,-3071.889471171022,-11367.73271528202,3986.5591908259617,49458.96494200177,-14482.739722907965,3453.5296709026907,49707.37907245037
1113,78.83393078377313,5.095521323370533,26.0624963690487,-25107.6547877416,-48374.75322730065,-124404.96271799706,7057.788552760077,34157.81599162367,-6407.418958034273,-138138.22048013678,-36774.03064017734,-22975.119612725157,-107308.70176383413,-5961.097633491211,25294.822612546857
1114,80.82976676936894,5.224525008799505,26.062496784898464,-25707.22442109904,-49730.940714454344,-116142.37851719074,7607.749487046565,37580.61751081543,-5869.079321706901,-133752.04963470396,-34857.9542445285,-22970.539773511675,-96345.75517750364,-5426.650076440902,27597.844627809485
1115,78.83393017694864,5.095523741756162,27.187493277226515,-12936.078351193382,-15104.490349766871,-82853.0918264615,3668.3962067294956,18431.236477630544,-1909.7503511998736,-87644.53612588384,-14935.640730010851,-8313.48367152704,-77092.052256381,-2304.8626474867024,28164.691467004894
1116,80.82976600272805,5.224527556421553,27.187493930211332,-14106.924985657395,-15542.295246105501,-79193.22886935757,5514.139697262151,22843.906083393107,-6253.303007816976,-87341.95822967056,-14938.903459670186,-6561.587411779725,-71509.43844124812,-2049.7774104629134,31374.512070241577
1117,78.77935615950655,5.091998405926026,28.312491101222015,-6354.79494234529,16782.0206004558,-45777.53831324382,885.5703535135688,4688.707517851892,-399.85088607238293,-46132.42228882145,-6380.340713071923,17162.450346760066,-44849.015117399875,-601.0813862561155,37629.00013806477
1118,80.88433862427384,5.228057384421312,28.312491903935815,-4163.2226847156035,18887.253743962858,-41315.20458836708,-373.1038244495078,9435.663948362399,-4535.045474856039,-43260.78403235872,-3707.800595315901,20377.4110985548,-43027.5520977903,-419.11823243237495,39789.573961874514
1119,78.65461601048574,5.0839377429049835,29.43748981818512,1341.2278467877313,45228.26358543553,-14794.47180837139,-3125.5694530289834,308.39352493471733,-442.11062230503575,-14807.411154424062,1130.780296102209,45451.65048217374,-14067.377956315999,3782.5841363668674,49013.4111294804
1120,81.00907746730343,5.236122305420227,29.437490749155586,4437.9472556288,48429.65902803119,-10052.46233249911,-6273.699336105014,2853.0903970262616,-2915.7572298821783,-10663.1602073917,3995.8685464428745,49482.43561210973,-13648.003775770434,3681.3178651030457,50598.12742159552
1121,78.85506703214152,4.769123799500804,26.354163102104128,-27327.48236487347,-51445.46264760405,-129439.59034505193,6992.7502541142,40083.23492982487,-6136.630596104262,-146952.86736255026,-36240.57405021438,-25019.093944764754,-107071.20181605482,-6501.194371907268,25825.410754870907
1122,80.85163123161554,4.8856489858271255,26.354163517232784,-25897.1160390058,-46128.89539179373,-117385.6318810817,7167.5633585275045,39795.302832500885,-5882.764302243523,-135798.2293683478,-31214.542049006555,-22398.871894526837,-96379.12430466237,-5876.614968882418,28871.748245646882
1123,78.85506650453969,4.769126005115975,27.39582679047041,-12982.021541133294,-14627.730777491135,-79483.23665932956,3302.5894375803346,19119.940036564643,-1279.2383831650243,-84762.02198577847,-14510.868076954906,-7820.098915220603,-73109.76318242794,-2136.2113447259158,29599.460576833033
1124,80.85163053308312,4.8856513094907275,27.395827419177483,-13132.632998814828,-11222.099810990223,-74519.43590771664,4859.1838308193,21387.493577781093,-6078.72086302056,-81831.59587808445,-13311.274204122446,-3731.2986353147758,-68068.85179757822,-1889.2118538302395,33134.53479754409
1125,78.79527231517886,4.765654587707891,28.437491613377205,-6237.925697631081,16675.67961205054,-43193.807469892796,817.1509673943021,4601.238462826194,-36.084571474019754,-43545.62758754658,-6265.975003921679,17055.549035994925,-42071.224631101395,-335.3243207267011,38642.505208691764
1126,80.91142350493591,4.889126791088782,28.437492375196282,-3451.0822844171744,21046.57552513251,-37909.22218484047,-903.1816069364316,8467.213759183673,-4269.478805694614,-39567.51384522778,-3071.7483977728903,22325.533298875536,-40450.603900932845,-153.9867938875606,41212.59519274011
1127,78.67048674105757,4.758373737678362,29.47915722222824,1765.1444395873186,45021.829603769416,-13730.008739785042,-3168.05912857166,199.1863414349845,-151.07497600957797,-13731.968988442153,1535.5667580010027,45253.367534012854,-13095.443622138384,4090.4284746190096,49621.13058068713
1128,81.03620807655822,4.89641151008116,29.479158098604035,4490.245053748127,48749.315342516646,-9323.605421004628,-6106.688710653724,2290.6158691692776,-2732.3915803833224,-9866.370715291381,4087.8497169766474,49694.47597357487,-12764.166246332967,3953.6679026304464,51622.862122116254
1129,78.88055985606745,4.279190816701231,26.645829810108626,-14360.419778576275,-11078.725111040992,-101364.20970627501,2254.004085187846,20263.023070475596,-3877.7164716254906,-105901.9897197359,-14413.794160477737,-6487.570715678605,-101023.96185003573,-6719.1601938784,23818.536211152383
1130,80.87815800437737,4.376994731409701,26.645830208681343,-14322.284295361602,-8523.645376932343,-93010.02165275523,3049.904063627533,23234.620189136636,-4445.429905826965,-99280.20845586839,-14309.9036197566,-2265.839249424176,-91495.31892547841,-6053.835677267674,28186.764549357424
1131,78.87535654524358,4.278954419988358,27.604160868449082,-5345.977148675774,11270.746360839708,-62963.916776634454,457.6317945863089,6035.133205254856,-20.904890051740093,-63451.41790211874,-5357.986653834301,11770.256991482518,-68669.77617959982,-2092.7380439507274,30538.986200009964
1132,80.88336015054057,4.377235318006812,27.604161449693194,-5895.311618058124,13063.177002810033,-59671.4336865963,993.6322460186199,10205.777580283817,-4856.571643762505,-61516.27492994656,-5460.535554468165,14473.242182570331,-64321.74043636098,-1894.4116398087042,34267.57813647138
1133,78.81032994146429,4.275780669242323,28.562492435521705,-2317.936874602521,29092.35534697241,-35553.90548728411,-458.04180264747094,-1097.602475806204,699.5574171570212,-35586.917866486125,-2310.5789722531827,29118.00982382508,-39323.18816546145,-51.959954114098124,39210.10895108686
1134,80.94838573976801,4.380412697005902,28.56249313180391,-48.63545475100727,32612.31368629549,-31160.03659839074,-2944.102669250469,3604.357676580157,-3627.414891797768,-31741.809598317082,30.433572018844607,33115.01765945199,-37855.807484532575,151.0695249508818,42422.01107758518
1135,78.69068270327156,4.2699081180067635,29.520824682170428,2970.410528454464,46676.28843559165,-11921.200476558071,-3325.8925967973437,-1973.3772701809487,332.98486607573744,-11990.888131993286,2721.0454484712914,46995.34117101002,-12212.174146846537,4405.403359319288,49986.80975784925
1136,81.06803217642667,4.386288569483421,29.520825473163846,5164.298774771882,50818.180416815274,-8170.623327140305,-6090.016741362991,688.9695437621143,-2364.220936426098,-8579.584720891957,4758.410124965173,51633.03046037363,-11918.530576877803,4313.372701302377,52811.48252913561
1137,78.91092675396477,3.61636164435523,26.93749702509875,-13887.024212488745,-11589.87258059653,-91910.9623951448,2105.497876317979,20430.309427442455,-3038.813529227387,-96951.88942970145,-13989.351136133895,-6446.6186223947325,-91634.74659431772,-6679.015866430403,21604.09781917053
1138,80.90883032865663,3.7079227827637484,26.937497351857903,-14153.30243771062,-9071.298962342773,-85239.48119816161,3106.170697637683,23389.100756786418,-4389.025134717782,-92177.58136191926,-14100.001712091225,-2186.4995242045416,-83628.5713887536,-6052.652243694374,26759.684287832086
1139,78.89531779212696,3.615648116059124,27.812494978204196,-5607.924251699381,11250.00695133758,-58801.1294448274,684.8344823121936,7117.370458501161,268.7767471319384,-59517.69118135426,-5635.692093206601,11994.336529371654,-64025.50081338852,-2431.4000957096623,29619.21012196474
1140,80.92443834006765,3.7086399789586646,27.812495453155424,-5812.930842684534,13671.850137842841,-55442.24940663669,775.4850443688393,11197.36721676152,-4638.499376684308,-57637.82649809412,-5386.285079305086,15440.781465920783,-60178.29075442453,-2135.4271665499955,34216.769482419855
1141,78.82507877935939,3.6124306415160112,28.687493539093747,-1545.7311211310935,29759.85459794291,-32164.65566045937,-439.5187720674456,-219.6733947129862,1118.1539778199358,-32206.102974272628,-1511.3481795200473,29766.918970145118,-36349.140238219145,320.1154695884094,39160.07720962029
1142,80.99467656013124,3.711860614143399,28.687494108504275,19.47121806089308,33630.633938375104,-28714.149411431506,-2672.7670337808363,4082.225646633794,-3630.47434811075,-29386.65218179574,177.43737738018916,34145.17054942006,-35100.443008826536,521.1242172736379,43244.946117652325
1143,78.71581826085573,3.6074248660435853,29.562492675087817,3756.294610793342,47268.2471683645,-10539.848230547694,-2993.344225313116,-1496.6812384469379,492.0047469829162,-10590.674377627083,3562.0062918151384,47513.36163442207,-11253.613112773113,4886.747600467229,50245.581216465784
1144,81.10393649414898,3.7168692425196324,29.56249331133562,5354.393030167261,51932.02252308856,-7605.15082044995,-5595.999802283311,872.9112053768107,-2222.8747844632762,-7975.886687912345,5041.06634344871,52616.0850772695,-11014.251470740484,4765.232121653207,53959.47383190858
1145,78.94110513888357,2.9597797573890534,27.229164140706445,-13796.000796967222,-11896.23842902098,-84841.05463707003,1907.2154659370135,20864.49805943775,-2049.1454668985757,-90466.87497853613,-13944.482980017072,-6121.935904505039,-83358.13210282254,-6661.280303499514,20511.32867780384
1146,80.93969114497466,3.032603592899535,27.229164413774203,-13448.749050768118,-7001.957053944319,-78022.55727865775,2717.6208665166896,22543.825330544103,-4004.2054804122704,-84871.01206970436,-13324.26747103672,-277.98384262912936,-76560.57448757661,-6034.4785345583405,26060.82527949126
1147,78.91507976662086,2.958881827504297,28.020828956009492,-5408.056423880381,11295.679454514437,-53364.2246240656,775.6351057346146,7927.060881394243,743.9871324389197,-54330.39057813378,-5441.256612315178,12295.04559701743,-57722.81630992121,-2189.277168337398,29617.330085363494
1148,80.96571576605766,3.033504500858142,28.02082934770649,-5016.85524671468,15545.970076388194,-49570.68414769111,261.2659541480587,11166.99344048012,-4107.587749671872,-51790.96736044416,-4666.257294691723,17415.655337118274,-54611.825498984435,-1931.6488631562786,34563.300422145316
1149,78.83961120651844,2.9561576230482194,28.812494515311457,-671.9379104231884,29777.320520707704,-28456.685600758472,-449.07266074924104,994.9164260856863,1584.1761911493352,-28564.5096804835,-586.9580510941943,29800.164741103734,-32633.790871595545,978.6698324151514,39295.170269473434
1150,81.04118373376504,3.03623138255106,28.812494979966104,469.82723766553136,34596.66716061914,-25683.087300131632,-2617.0936881230223,4430.870987287874,-3345.4524216035,-26377.457074456892,604.3092199239733,35156.55495268594,-31772.01194700072,1053.4203238000275,43861.81346040079
1151,78.7407245164695,2.9525067452228497,29.60416054034007,4625.455718255171,47050.85850368588,-9154.87643177047,-2612.36634570862,-897.5996378744005,756.6406638197691,-9206.48041975706,4501.057354650937,47226.860855276725,-10086.273184709818,5509.441247764683,50141.0059856531
1152,81.14007003028185,3.0398847621932563,29.604161049040357,5685.278176270742,51996.6657967026,-6947.445625785513,-5262.27382584441,1087.056126128582,-1905.4614820736804,-7230.25434495168,5349.583578243475,52615.169113896,-9968.999412051682,5223.193339440597,54343.7978819173
1153,78.96316605003437,2.142503720390943,27.520831065246096,-8708.941532636276,1315.1456531842996,-66749.83000979382,1131.294260512222,13973.78626520389,-725.6543576301698,-69521.22654036622,-8767.865089713747,4145.465740834163,-71898.7567646248,-5994.385996948135,19089.915101426766
1154,80.96269474533219,2.1840929617461784,27.52083128409904,-8769.096009533994,5533.933836827069,-62086.87635434257,1187.0204553119438,15867.333501817171,-2726.624060921,-65774.58489594539,-8637.552293581402,9090.098662477292,-66444.50551473661,-5459.572348756134,24906.390800656856
1155,78.92671538891321,2.1417792356008394,28.229163262083468,-2121.1995525959055,19323.49848215535,-42216.97934975278,805.9864909723216,4625.402455932881,1204.7192091544812,-42594.87712270707,-2125.620414655141,19705.817117168877,-49713.528900471676,-1346.7860738186741,29269.426125224407
1156,80.9991448616382,2.1848196692290607,28.229163565121677,-1875.8368182395207,23794.33492833888,-39553.16751187909,-1183.5364594365196,7853.854798528978,-3019.274079945951,-40722.17460517247,-1755.304982864888,24842.810186257622,-47435.802539260716,-1227.5387666521542,34767.33756370687
1157,78.84600477734966,2.140117783215767,28.937495574185398,1741.864890137098,33619.89570058713,-22457.333072312576,-162.62084501207042,327.7084339182606,1949.120703380318,-22615.370516055136,1897.2684204817729,33622.52961398502,-28248.21756167445,2009.97128551782,38711.49883511746
1158,81.07985507984746,2.1864832731405515,28.93749592483362,2278.0702181624238,38679.45344532996,-20934.867736390832,-3218.1808194530886,3307.81898046424,-2823.6329726633335,-21414.72297102896,2266.286086548682,39171.09281158183,-27725.54052145918,1939.4984197982985,44166.370225665974
1159,78.75748466156183,2.1382450432487032,29.645828239948553,5755.141248045322,46335.020112511746,-7374.0164292478,-1825.9265575022769,-618.6244128061414,990.3844064188233,-7452.614843155937,5743.58624284327,46425.17353162193,-8889.730126673785,6128.078683907124,48117.83919876979
1160,81.16837498615696,2.18835814459581,29.64582861260198,6328.099796635284,51582.062823171625,-5988.761336722337,-5103.695659543159,1099.5222125107414,-1604.356856294867,-6197.8204896514635,5940.943053547197,52178.27871918888,-8822.74060550502,5732.3215252375285,53272.8972990713
1161,78.96976946408091,1.1488026496659296,27.81249832757412,-5580.585217374296,4415.13533536988,-50793.76831076786,2439.0126171839074,9973.542678647089,-645.4645216267608,-52564.05213824267,-5988.635502002,6593.469447472405,-56457.575850727895,-3888.5373139630105,18122.074978315588
1162,80.98518150582004,1.17812177866382,27.812498463039123,-5806.5889056584,8655.588515510086,-48505.96862307892,-890.7292288083581,11176.890871776708,-908.7444675526968,-50625.513962885314,-5860.276797585616,10828.821747243694,-52945.0873333678,-3708.0187324182048,23985.260436927292
1163,78.92289937957327,1.1481215947746066,28.43749740585628,414.08857717653336,20427.3253459269,-31185.865003239873,2583.438144377756,2660.9205271121036,734.887571011617,-31334.120496869946,90.88188760981787,20898.787529123678,-39341.82926949939,373.64944407976293,28132.339585637474
1164,81.03205136148279,1.178804511546832,28.43749757995608,381.37869774107094,25495.37846945302,-30242.58139452921,-3215.642770925587,4935.780956111195,-1440.7646159126364,-30719.359194164303,-2.691154996852748,26356.226121826036,-37851.38212765427,167.41708776018882,34700.51769233722
1165,78.84478271430686,1.1469858723435684,29.06249672775648,3973.504155945525,33787.94420731679,-15861.345235964347,1782.6951119315215,-861.5674523842548,1481.2757999649666,-15991.153794229447,3985.106023753588,33906.15089777383,-22596.196339425587,3520.072107207123,37601.16983137655
1166,81.11016793982321,1.1799418171275784,29.062496915800722,4011.452660748715,39507.313519170515,-15771.95134069213,-4753.608423785686,1348.1419725822068,-1761.901760286298,-15943.386419083155,3513.3963328241834,40176.80492548612,-22350.43084418612,3052.672960820497,44374.99258571502
1167,78.76666592908302,1.1458502733513698,29.687496288470665,6628.207131695439,44076.905789842975,-5215.845293264412,-135.13876289801007,-802.2383268327301,888.562582002268,-5294.77627716982,6693.487692636975,44090.556212806885,-7479.568351446571,6621.374535383812,45275.84848680329
1168,81.18828455350199,1.1810789475430494,29.687496473823487,6753.084665340744,49807.018163090834,-4891.315753106248,-5440.929201605618,585.3295121461185,-1175.4145083846306,-5008.812813261533,6184.109118296418,50493.49077029043,-7547.171503406791,5950.95229052507,51562.625333711476
1169,78.96864121471452,0.15840697323550912,28.104165558090852,-1955.1396066651314,8020.035531250265,-32409.999194331718,4435.120761881855,4039.951254787273,-2060.45690276851,-33011.70216927442,-3263.3401473180293,9929.939046845866,-40995.16120334994,-2280.8700583937202,17818.18397414187
1170,81.01539973608517,0.16884518663330095,28.104165625738567,-1018.6236918460118,15132.275873734443,-30960.61469226921,-4326.005222442692,3570.40364988761,2074.4104358337254,-31427.35079715226,-1824.1175193737965,16404.505806145287,-38672.252305582355,-1438.4075516850135,25273.100205714723
1171,78.91135256279028,0.1581601245704024,28.645831474238047,3321.4393174644374,22311.589962708378,-16182.077946050995,5200.458658102196,-2357.3404198287635,-2157.0877105488566,-16502.4929968919,2111.9754122940544,23841.46891871965,-28067.481910654198,1167.6093862056293,27484.157521136127
1172,81.07268829306282,0.1690932187419932,28.645831551675837,4370.689730791198,29825.06609379062,-15675.65558038333,-6815.116773584307,-1779.2849589778866,2501.600767460966,-16003.211336189412,2872.932153387162,31650.379427000753,-26699.916507982365,1607.2735837649616,36161.490899670745
1173,78.8436484433901,0.1577616337433814,29.18749779728731,6133.983865929694,34464.28943437823,-5874.804543142687,5687.753007270627,-5350.621928664395,-2378.545515217683,-6790.538387800801,5178.4467937208465,36335.56035124522,-16244.303163367898,3809.1656868466293,37100.1818201782
1174,81.14039244998459,0.16949273343235724,29.187497870330233,7387.890737024189,42095.59407838396,-5667.861686948183,-8835.488213558174,-4447.267456669182,2677.0748337061364,-6362.891709308585,5476.275763525696,44702.239074242854,-15342.106991034529,3921.36339661913,46303.564484845796
1175,78.77594423354417,0.15736317076694772,29.729164263000825,7276.11910973527,45165.538395330164,-165.15780649651242,4202.800106133714,-4432.062150734246,-1747.2432876163498,-825.69801617622,7018.937019128664,46083.26069561649,-5424.025322156452,6108.614937466549,45617.4836101204
1176,81.20809659403824,0.16989212851890723,29.72916432352423,8596.30284302434,52164.12117873399,229.06581590990572,-8881.26694194341,-3808.8649625086,1849.4721415493145,-245.33825714790322,7019.300147103584,54215.527947712544,-4679.645251849655,6162.428834147494,54602.88529718396
1177,78.93848393342687,-0.8217108835627901,28.395832456263673,-1653.085861185612,5638.052176555088,-21335.889815387916,6329.413860704122,2498.516271735436,-3876.2301276363573,-22567.09512548744,-4082.2415549509465,9298.413180419951,-29823.32747500894,-3550.269501717275,13705.585586352554
1178,81.03715189884777,-0.8505515768759251,28.39583248190112,-565.7840659241219,9867.97225069498,-20528.765078422075,-6465.117888165382,1484.1167906294813,4146.891126626073,-21604.222072450055,-2587.1380732746384,12964.783252073481,-28597.738803286404,-2609.39458241083,17082.933355647947
1179,78.88119944170354,-0.8209814631211974,28.854165627376684,1691.4348656842958,14974.045929447007,-10061.246571931591,7930.042246208603,-1249.5280053948602,-5680.1240714331425,-12496.224537794951,-19.61114334672088,19120.069904341384,-21907.59519256082,-820.5663129686844,20693.26727534957
1180,81.0944364940222,-0.8512802892932452,28.854165655138704,2900.3648296515366,19066.701288072676,-9544.39408303473,-8736.979335166621,-1599.9210305653273,5917.151184497655,-12024.143585292597,1100.0604423534799,23346.7551776286,-20955.542335689297,-250.91900873438132,24464.405387454084
1181,78.82391496443176,-0.8202521788975319,29.312498644367736,3672.8859117190773,23320.443243242848,-2856.5704017122225,9346.745905631873,-2939.23714369646,-6644.176472604612,-7238.314053305038,3415.7378121974416,27959.334994357305,-15075.475899803854,1884.6951462328598,27791.37536005695
1182,81.15172095059086,-0.8520090089411179,29.312498669199194,5107.536167110041,27373.70797102669,-2419.0617885098827,-10707.582754475941,-3111.587331523831,6762.569649894277,-6677.664948302454,4194.371107894342,32545.476190034977,-14252.846453112714,2092.0738291794123,31749.148197152943
1183,78.76663041676795,-0.819522885900734,29.770831747026264,4004.1829065434413,32390.795692487285,1486.2615795199854,9953.081725899683,-2408.1681516478866,-4872.333214566342,-2933.31984797493,4865.512727977335,35949.04729854829,-7600.344750501892,3107.0798025344375,35315.33702665029
1184,81.20900536050672,-0.852737849646519,29.77083176545335,5486.78607550731,35792.50905224121,1820.1175935651063,-11746.645025975282,-2625.803370131919,4911.184966819352,-2349.858735144464,5200.682397468187,40248.58905898989,-6990.359034436308,3098.273962279398,39009.82909365027
1185,78.87921634895888,-1.810885382577024,28.687499424106203,-2439.6810526592844,2093.0176804822186,-18344.206918609743,5444.780987049407,2740.7862083563887,-3473.50771430008,-19769.17588705082,-4651.541622943717,5729.847219207735,-23088.02130356014,-4038.2148276832363,9074.742758275883
1186,81.05051927253214,-1.8607335028360175,28.687499427771343,-1854.8777557300605,3948.0857674599165,-17329.207880306687,-5502.679930657365,1812.401947821812,3681.9159399705472,-18580.988500644347,-3927.656342514226,7272.644974581739,-22777.39348176739,-3746.6612940758373,9649.229314380438
1187,78.83235374272026,-1.809809350051247,29.06249922845694,-420.9202806691792,7125.218127391785,-10276.999551794694,6879.805942491812,1021.1860519171545,-5096.929343507835,-13171.914023699337,-1746.2837114290726,11345.496030056314,-17940.292505748625,-2012.475448446674,12945.700689456713
1188,81.09738200454834,-1.8618092229145595,29.06249923201579,240.30070494261327,9218.456883444698,-9139.991576652412,-6997.529386299563,109.25852846192818,5221.645442496025,-11941.90227227868,-1056.1805426874964,13316.848826701076,-17593.12842343972,-1845.7811442082423,13598.022624243094
1189,78.785491145725,-1.8087333305152185,29.43749909562649,857.7665893269177,11654.133502622964,-4333.605236580973,8100.5393254192095,228.577924860396,-5709.915967575244,-9200.765701058419,1066.7678412153796,16312.292715211956,-13468.395828368237,139.78837892475272,16822.021311002653
1190,81.14424460221434,-1.86288482950117,29.43749909846087,1575.502154770872,13981.472647398417,-3318.540806352252,-8244.95697147154,-724.4280548232433,5804.379835824335,-8035.495301355743,1672.8911111375123,18601.03818603527,-13109.917403150714,198.77130790799018,17498.80158664051
1191,78.73862846465543,-1.807657451785184,29.812499022078768,819.9638768574691,15866.16638759515,247.17506699402657,9512.939510212944,-36.13514238610755,-4104.482027529496,-5996.770744175078,2291.668659211423,20638.407416410293,-8529.748512312908,575.7927888283346,20685.64337928044
1192,81.19110716092457,-1.8639605759127886,29.812499023639184,1500.9685608012942,18302.61421038273,950.5747468087966,-9565.694294663646,-905.0216674491174,4226.666041753496,-4960.7815487918815,2775.893726583189,22939.045340201526,-8206.765073026032,616.1001288280636,21259.36500398453
1193,78.82016298444174,-2.7990391834815878,28.979166289217844,-1939.7482032601115,1612.367137522187,-14575.698159199052,3343.142446090814,1312.977026659092,-2139.7462374462243,-15138.91850736333,-3386.1288848665527,3621.968167292904,-18927.395889942814,-3168.3973300360512,6384.861841943962
1194,81.06367201955345,-2.8719360593699648,28.979166289789468,-1523.6378952719322,3092.719533197543,-13182.002225795286,-3409.2923316342344,445.21893554070994,2403.733346704564,-13733.723115099363,-2811.7023736967185,4932.504900926404,-18594.464825327537,-3198.833370283915,6049.879395185926
1195,78.78372362699491,-2.7979094702738943,29.270832663209887,-447.5566515536759,4730.989287334092,-7985.4666178244215,4195.62625069895,65.4120785476405,-2974.7271013709014,-9185.629851123913,-1722.0936140117876,7205.689483091701,-14001.00838052587,-2162.02487408254,8518.727846593272
1196,81.10011125554237,-2.8730655958403277,29.270832663959617,-62.954877795455104,6460.7217982503935,-6619.898285449756,-4224.432993976245,-863.946091209843,3160.3053928506233,-7943.946137881362,-1129.482635196678,8851.29740808322,-13600.480859021976,-2229.5484855073773,8241.815737959285
1197,78.74728440223723,-2.7967797682112496,29.562499329059968,296.9156743264357,7108.181590280431,-3431.8777461092313,5052.712268827538,-480.6618484821016,-3189.1162113676337,-5698.222229626431,-409.12700590186626,10080.568754025928,-9504.44279490996,-1302.1977492698957,10609.141231334914
1198,81.13655048361451,-2.874195017929076,29.56249932985051,608.4282083544936,9021.392829797862,-2314.954964676903,-5017.819442735464,-1366.2392894447846,3320.671248621272,-4724.91228766056,169.42932946741382,11870.349031668597,-9230.402026437532,-1383.984236800047,10331.785662955182
1199,78.71084519785055,-2.7956502034756165,29.854166035591643,140.74395001281846,8619.753163457917,4.820875490675462,6149.560672408904,-575.7718908348137,-2248.9366554813123,-3884.1427028392422,595.784723227393,12053.675968573258,-5244.900402741988,-870.7890917782466,12438.755920371259
1200,81.17298981638676,-2.8753245761501476,29.854166036329605,341.4245643071549,10723.673030214886,710.2445846222181,-5990.644584914227,-1289.0140064892923,2361.248830564922,-3125.44660708909,1083.1829538213688,13817.605832411979,-5327.191998790786,-913.4282455429064,12079.24180352335
1201,78.7429523682027,-3.775049187783516,29.270832903846706,-1031.3507550120557,1250.6225094362744,-8437.495081449813,1893.2249226700676,379.4080303415494,-1003.1421322734816,-8612.487994889922,-1928.3655973623122,2322.630265226637,-15302.425867381071,-2703.2643855548963,3810.738707645032
1202,81.05751876301599,-3.893719314834016,29.270832905289232,-617.0617474581895,2562.1674443365064,-6785.833096610348,-1877.3717634991688,-499.40895374412196,1275.8615870815497,-7041.001093261268,-1328.8766496192197,3529.150343148456,-14402.159275079664,-2522.8750087838944,3608.3980290980808
1203,78.71694325616147,-3.773768261361198,29.479166332996396,34.811869654809016,3241.4422341521695,-3676.7898599820633,2436.7101708744153,-600.1185722503881,-1488.4007477768296,-4209.44502058096,-931.0075974625801,4739.916861868455,-11116.551025965178,-2134.3577388842023,4993.118002605186
1204,81.083527754092,-3.8950000130424147,29.479166334796663,367.1434298168715,4716.36179123799,-2190.8162343776658,-2364.9711737684506,-1473.0541400106886,1651.0572181642644,-3013.76287428799,-335.43788183961107,6241.889742804795,-10192.71553219977,-1978.4649583078738,4925.168055905875
1205,78.69093427289422,-3.7724874656744043,29.687499535716537,421.74845713953437,4472.943232262061,-1062.7018300920188,3012.6368028533993,-873.9419065140999,-1606.483618877978,-2272.523176201082,-291.29069832161076,6395.80373383227,-7043.0146284412585,-1671.0139795509142,6231.351512841011
1206,81.10953674108652,-3.8962805915535266,29.687499537703577,637.7267371998233,6085.590393103324,76.93450920439682,-2873.4115663991356,-1661.7246933605252,1710.0729496642173,-1453.3910737924753,308.5943421104,7945.048371189617,-6357.607015990764,-1570.9355878174872,6212.702818021654
1207,78.66492529730046,-3.7712066738230865,29.895832761341183,282.69235661888615,5208.776690484572,342.23908196730713,3721.670300409981,-563.3102218580077,-1144.2119056491483,-1967.7633314112036,438.10924169839757,7363.362218783569,-3156.773551854212,-1146.4342866868844,7500.905998769279
1208,81.13554584541168,-3.8975614233534195,29.895832763366087,335.57824951204384,6941.939948771234,973.3983857395017,-3483.2238493701634,-1162.9348487903717,1253.0240127750824,-1388.2321471738278,883.9972253540249,8755.151505842583,-3005.358991528886,-1082.3049973375078,7415.806550511392
1209,78.6466933790508,-4.760281891076272,29.56249978627095,873.1444191151521,1980.8916478579301,1951.3935072115023,1062.5308628526636,-15.478288827980267,32.08269277565503,228.0615049043734,1952.1059095706125,2625.262159709597,-10355.902049925488,-2100.0694763542137,2080.0396417504353
1210,81.03295137769905,-4.904715890962317,29.56249978649911,1268.064677802757,3177.4120091435207,3726.265575883512,-1036.356744533318,-976.5438143063698,265.88910758557876,805.0780845938693,2682.4052070046264,4684.258971231295,-10317.724905768682,-2042.099347409395,2156.9610568103103
1211,78.63109688514174,-4.759337864196662,29.68749975782086,1363.7668802832675,3129.2904217331507,3736.5851212786083,1391.9478880873505,-830.9932199890867,-317.6935113729449,593.1368241458733,2934.3799340652595,4702.125665083894,-7296.690958937972,-1627.4693358902862,2945.337702022625
1212,81.04854774966319,-4.9056598636630415,29.68749975804503,1671.883147520478,4433.464655760792,5291.916205601939,-1297.104556148616,-1729.2505780685951,480.2010033465921,1147.244418907151,3334.155211878365,6915.864378097689,-7266.559654997182,-1585.0831423208738,3030.626939324162
1213,78.61550051750669,-4.758393839100792,29.812499738528324,1239.1951902650676,3617.2176311220665,3270.77861803598,1751.0529420068474,-968.0127667073921,-464.4066414165524,310.94117463158403,2660.7058634063965,5155.544401385134,-4328.311445445182,-1214.1176503755908,3859.9860829059403
1214,81.06414412021648,-4.906603838002561,29.812499738733656,1410.7024774561382,4990.705112665655,4413.220906451099,-1585.5974697174297,-1706.8988013220933,576.3262561780693,807.9196674839092,3109.4903220852752,6897.218507003705,-4303.273860659472,-1184.5479820419148,3948.078923322494
1215,78.59990415149994,-4.757449690121131,29.937499728125754,731.3155760706433,3715.3773894218193,1471.1253029427044,2154.484955926209,-539.7356265001009,-331.7019097087633,-398.38180636704,1357.6204101990575,4958.5796646031495,-1463.0486207870001,-838.8494980850452,4790.72657402145
1216,81.0797406141149,-4.907547813310366,29.93749972831526,725.8837489540117,5130.62793569585,2054.5947616929134,-1911.361069280516,-1007.5822939920457,477.66743499141813,7.221502878880411,1757.7184738217395,6146.166469642158,-1431.2321467588938,-822.8479817011487,4878.564605009227
1217,78.54988826178044,-5.756193804752005,29.854166678196155,8442.280117290526,9055.794949166333,33843.38322923118,728.2055795523327,-1155.667522158284,409.4576295151761,7921.300053760006,9517.47785219287,33902.680389735164,-5381.999953786934,-1197.880040244845,1771.5228112375803
1218,81.00892962040388,-5.905033178491407,29.85416667814186,8611.02007801352,9820.585389595064,34862.394262665635,-664.1752870137874,-2723.609793825578,-406.41168373833915,8226.296326829826,9908.323974697185,35159.3794287472,-5397.723903749262,-1192.6048922542902,1801.3913994735292
1219,78.54468938766094,-5.755879172237371,29.895833173550514,6780.358863233218,7868.51200955821,26732.728345876505,812.6270930202207,-2093.172467876574,155.89892062136812,6279.711809281838,8139.473080846598,26962.414328539493,-3854.6147818400814,-866.8573294157552,2158.0993244431324
1220,81.0141283704491,-5.905347795910169,29.895833173478028,6898.357013446793,8627.304094651032,27577.195307905862,-704.4746993392612,-3303.635543573052,-262.7602953660493,6540.4201504546445,8424.872241535835,28137.564024013205,-3864.6166551771867,-861.7369899207304,2188.92313586661
1221,78.53949063866459,-5.75556453988796,29.93749992021717,4479.298501977095,6021.40692037484,17102.36209042813,903.2658354217053,-1981.4862496383791,19.503730956094287,4001.7882918031937,6153.83254268766,17447.446678289212,-2334.250494270425,-533.0490222305659,2553.0099571144797
1222,81.01932712035426,-5.905662538478127,29.937499920130094,4527.048642534086,6757.593820418363,17696.684205994785,-752.1667282368591,-2771.8676095254623,-105.04922001397276,4221.650684628851,6400.337847751428,18359.338136566956,-2339.591577844542,-527.9772953927685,2586.2306589733103
1223,78.53429188973087,-5.755249782668632,29.979166668188178,1773.7949209741112,3752.014807929892,5882.347271680003,994.7180464075236,-890.8016004880752,39.29786429979727,1327.0292953560952,3853.2412509616865,6227.886454266225,-818.8631488843246,-195.19348217143565,2955.354027335524
1224,81.02452599518045,-5.905977156162519,29.97916666808865,1736.0828197890105,4450.941991875055,6164.639123895619,-802.0224995424735,-1192.5464945049564,23.87620570234938,1496.8537410069691,4047.989458813321,6806.820735739392,-822.1710802733019,-190.72143982761435,2990.602842035293
