element_id,centroid_x_m,centroid_y_m,centroid_z_m,sigma_xx_pa,sigma_yy_pa,sigma_zz_pa,tau_xy_pa,tau_yz_pa,tau_xz_pa,principal_min_pa,principal_mid_pa,principal_max_pa,affine_principal_min_pa,affine_principal_mid_pa,affine_principal_max_pa
1,0.317908008941875,78.76415951422065,29.854166367784536,-3702.4710051184666,-125111.97580867902,-82877.06183362247,227748.66208895502,-324211.22622949764,1614824.443221142,-1752651.7051226296,-33494.052022458345,1574454.2484976684,-35810.653340004144,-8734.675192444594,151984.4894253333
2,0.34870133661187813,81.22750716428507,29.854166371976365,6827.806629856306,-81878.3642884228,-50768.95473805543,-233488.60182469373,-203108.62923742612,-1628120.2664260918,-1708855.3838053197,-23721.738625719387,1606757.6100344174,-35759.43184118944,-8324.334513232392,155232.80506315205
3,0.31784289867177495,78.7589516181875,29.89583281023928,-7271.316479041958,-127418.19895020706,-101486.35907443934,229476.23367375034,-227750.633069709,1164171.9098400162,-1307995.508805959,-38976.55942311499,1110796.1937253855,-33061.41422286539,-13898.057407083563,153164.92694236632
4,0.34876647749050776,81.23271506055276,29.89583281379742,12359.466552767317,-74950.52021817217,-33227.60538288733,-235171.9936018247,-139502.6864150163,-1172902.766149892,-1243429.9729083364,-19147.11485908559,1166758.4287191296,-32468.586363556933,-13218.187846698249,156214.2208757128
5,0.317777787426477,78.75374360746991,29.93749950190618,-6800.67713600981,-126519.96531909553,-102683.98667634124,231348.84995864157,-136550.78629004702,704972.3610167404,-853223.7262203102,-42414.66207714396,659633.7591660075,-29376.61433585503,-17698.52843845481,154017.85384368408
6,0.3488316161619249,81.2379229466085,29.937499505236595,13453.20125450212,-73243.28870934191,-31998.117735375774,-237050.63189665135,-80706.11002138436,-709682.4864694112,-789532.7686009363,-20245.00093111783,717989.5643418386,-28850.07230659317,-17125.930009643333,156990.61606244394
7,0.31771267471745035,78.7485356063606,29.979166193925554,-2285.6946524331834,-122302.08641568106,-86252.03515135942,233392.79041055354,-47731.52022372911,237667.60122441154,-418956.007926342,-56713.30976192944,264829.5014687978,-25209.88641911166,-20778.869915688767,154788.27828334668
8,0.3488966274252656,81.24313094817671,29.979166196981947,9770.385056189069,-76989.47015337231,-48308.70260385076,-239134.30208128705,-24179.47567624179,-238401.69082526013,-380000.55849282397,-38341.56938484349,302814.34017663356,-24862.266100251672,-20468.411733160425,157623.3183535387
9,0.9849637118206571,78.79228186781631,29.56249948761013,-2774.172080532968,-139229.21267869358,-117662.5347546844,312558.69388656446,-130853.90460123659,748194.3933037224,-932385.006568433,-42349.26251676734,715068.3495712893,-53060.3034534309,-10437.228935530067,206594.02298847737
10,1.014845382341388,81.18271854190685,29.562499525411795,21141.598626618732,-52907.91728263268,-35558.5249852748,-326296.5108576118,-30132.436382370986,-739148.4641616907,-829224.4735191716,-27760.06425483275,789659.6941327156,-50922.63758624329,-8803.668504114117,208960.0943367904
11,0.984768473043586,78.77665802287967,29.68749926030783,-2621.902327109783,-134101.75323802556,-132821.3075922795,322129.6157786065,-92704.33952138564,552018.5670271759,-757801.4559452788,-52809.09622006306,541065.5890079269,-42740.11132688216,-13470.309318359303,213469.2756910926
12,1.0150409060157217,81.19834237072892,29.6874993035698,32275.128315160277,-35413.86475246746,-9900.01272401302,-335466.06717761187,-8791.457788781112,-543392.2899247548,-635701.8526509121,-20483.325636873004,643146.429126465,-42138.92409090627,-13045.88306444335,215313.17857761227
13,0.9845732152232932,78.76103410914007,29.812499041443363,794.5974102071741,-129882.38800893341,-128247.50558480764,331028.44114623504,-62464.97957494866,341652.6894942427,-580681.2191138854,-66654.7012681789,390000.6241985306,-36000.074216942936,-17548.442289541927,218538.36686861137
14,1.0152363996284142,81.2139660232347,29.812499088040212,34714.3698978152,-30833.499148585644,-11181.470035622162,-344400.60718030797,5495.408061852267,-334252.66405072395,-471263.24148072145,-26180.20808010456,490142.85027443344,-35578.05533453422,-17210.525322681464,220032.11082855577
15,0.9843779374671123,78.74541037040864,29.93749882680462,8111.940845740344,-125477.66691511354,-102224.77277435869,340123.8052764368,-34530.05685925476,119019.13705861915,-437179.0102215887,-82969.46739833948,300557.9787761965,-31098.626885911202,-22442.38174732219,222536.22527914075
16,1.0154317368045567,81.22958988067776,29.937498878417724,28864.716236950455,-38220.814403901255,-38497.84050348417,-353982.1474177113,16920.727377636755,-113339.23374377261,-372874.2393723454,-48194.260045481424,373214.56074739184,-31016.82499033639,-21011.32172016039,223865.45723019668
17,1.6484568348951258,78.82045991924994,29.270832409601915,10812.169461723206,-178895.92344613955,-153536.01531899616,405086.53434969543,-119712.69750234365,574506.1614797025,-851318.8854285972,-57351.202799803665,587050.3189249883,-53843.503209686874,-4363.269639948056,301661.05370100925
18,1.684554450358331,81.13787405139786,29.270832483468276,40499.765998235045,-31131.58573460824,-29392.17867156883,-442542.23827442096,18002.65328996537,-594511.9997391145,-727765.8682143451,-47754.11585897492,755495.9856653779,-70504.09536064015,-7746.98791829293,273434.6676520932
19,1.6480337695224836,78.79442159397824,29.479165431404628,8245.398684760665,-160686.0549179437,-171410.05111513403,426364.06675039534,-86551.97121863643,441425.9520173336,-749681.1483540995,-79360.89768939106,505191.3386951734,-44143.36686118087,-8509.281232594463,310308.2684340124
20,1.684977891959171,81.16391240130051,29.479165521157412,54933.40667679763,1324.361492251248,7331.960023816682,-456278.16512828367,33588.37985020789,-436774.8511301505,-585367.6121947853,-29092.795099445062,678050.1354870959,-54473.33792311343,-11107.536267414174,282628.9613593414
21,1.6476107931461417,78.7683834190238,29.687498215926627,12669.457614441257,-152472.6854167378,-161646.06554217212,442800.60293475253,-69393.78097202236,280914.1083623885,-640788.3076429694,-95805.5021107907,435144.51640929154,-38306.59020021055,-10859.846064230262,318189.07430436526
22,1.6854013141659356,81.18995046005686,29.687498337593816,57442.99930514042,7474.178449445261,5801.328714470888,-470584.2941629313,42471.7728460865,-266998.03500859445,-491100.8780507623,-30113.935696314424,591933.3202161331,-46024.115042090314,-12978.238634302534,290639.86577094515
23,1.647187831832022,78.74234547944751,29.895831008789653,21826.378650641433,-151718.55699587124,-126949.91672397,458975.23578013235,-54203.84919407236,103673.23795132412,-559117.6193136416,-103815.53103256514,406091.05527700693,-32704.899007609598,-15916.955709477135,326557.1216023037
24,1.6858248148280088,81.21598851608694,29.895831174522403,48751.830341595225,-7402.477881562716,-31740.603220420464,-487716.18535925954,48047.0677585397,-88466.64756073388,-469403.5878997615,-47178.987532473606,526191.324671847,-40766.15438474056,-17530.61837287952,297793.7803272011
25,2.138450567206155,78.8477677307829,28.97916573644162,-84241.74547090303,-466163.128942722,-262363.13087331626,928403.8867172265,-215992.555224473,913788.6547017108,-1663058.3126487657,-146331.84705123992,996622.1544130644,-35528.02034376369,2940.761444919459,368289.89632984507
26,2.194333491794992,81.09181772726173,28.97916572575875,3859.738589180155,-43437.23726770954,-34065.23224410359,-1038527.9420039741,47737.52016647504,-1015180.0652789801,-1445935.505778945,-86368.45338935712,1458661.2282456693,-86511.27727023103,-10340.865988610953,300099.1299162557
27,2.137506534798946,78.81132197168378,29.270831504834813,-84369.45037695512,-384770.0058628934,-319108.451694003,1015687.741600952,-171641.0514163893,738447.4177546056,-1580017.9221010483,-178511.85450250484,970281.8686697017,-33045.89389023322,-419.912134974943,407681.22524368815
28,2.1952777975550815,81.1282637395604,29.270831495403293,39982.22572768325,49751.377029367904,51503.52800687875,-1073735.6446753019,93218.79251256883,-744621.7210445855,-1219228.161601501,-36319.91508907784,1396785.207454509,-66348.06342772496,-14972.636369158483,318582.4644507655
29,2.1365630434459835,78.77487656959782,29.5624974585336,-73025.35605088409,-349495.60519633006,-298346.7497857791,1064602.0331646733,-161160.0015870756,477544.787939367,-1453566.7767524985,-185922.34225693007,918621.4079764357,-29975.89373009848,219.15691007111636,424253.9348759249
30,2.1962221643595705,81.16470927846883,29.562497556662173,46097.99426026449,63621.98597368761,59285.508809703475,-1105401.693005793,123506.89688646172,-450758.28684020496,-1100515.200262224,-26077.092505498582,1295597.7818113784,-55302.90100069477,-11623.21431927644,332102.20857185975
31,2.1356197238415584,78.73843131355662,29.854163397513034,-57445.63388872653,-354245.63727557875,-230293.43426928885,1104359.4907769621,-152399.6656318335,181994.83906623136,-1368482.0360669908,-183147.75593054868,909645.0865639454,-25423.941700348256,-2567.577952313978,441845.8021410522
32,2.197166551611959,81.20115456470141,29.854163649285326,26320.643243561004,22082.882885124545,-15249.48509588986,-1142497.0559270089,144777.66808585217,-142115.09931282946,-1118301.209956577,-49094.100251557684,1200549.3512409304,-44929.839698512966,-14553.37797257296,348502.6117686642
33,2.46563528635893,78.87397112588546,28.687499150673677,-73025.8669925396,-488937.3554990212,-263037.2794026085,783567.1821055595,-184281.92511165558,578826.4152419416,-1338015.9568395657,-166373.31224135775,679388.767186754,-8489.516098296794,6351.526627560827,418184.05225286365
34,2.5334913432054345,81.0447836696739,28.68749878192863,-1592.45723587148,-3787.8587817375465,-84915.00280835031,-1143772.0333491869,54387.510589147045,-863720.221938569,-1424779.8875650072,-107733.63658412792,1442218.2053231755,-81797.95078795668,-2580.1923015574052,320501.682630167
35,2.4641703388307707,78.82711892258334,29.062498147188187,-67949.70092591584,-388990.7150545001,-323187.2708911518,948408.3437827219,-160949.52928667114,535749.1509370387,-1402499.3593052528,-200929.30155643946,823300.9739901252,-18089.45508253148,12260.687745549269,498863.60983083036
36,2.5349566146696145,81.09163660235417,29.06249776022062,41592.00509309499,97260.59946715074,12094.58131423977,-1218770.7232622602,98306.2497057557,-654953.9947277177,-1284136.714729207,-50786.64302151237,1485870.5436252048,-58542.32465967125,-9555.194026977857,357447.33935951116
37,2.4627063151785475,78.7802669023506,29.437496920677134,-49824.273131553105,-330320.7390191421,-292850.9695562769,1014292.857978767,-153111.39339709713,360224.6291010607,-1334568.5130743121,-199040.82113875763,860613.3525060973,-20000.840933495296,18077.801432295357,530002.7124694346
38,2.5364219555685876,81.13848907489484,29.43749678936206,49349.85371586923,103599.1772486588,33308.46840338277,-1261008.9974208612,132433.4190559796,-394735.0372070162,-1214884.4874874968,-35543.80854598586,1436685.7954013934,-47002.46958483277,-4650.699324251361,372769.61366658425
39,2.4612425518004533,78.73341497044866,29.81249559641014,-34850.456938038915,-325452.91044933314,-236821.6749652888,1050647.6810631615,-138912.56873499628,147780.41363422794,-1279854.563655879,-198136.7488558104,880866.2701590289,-24415.232626178815,19534.340665673677,551086.1520196048
40,2.53788746440853,81.18534118647959,29.81249583973065,31099.512056455682,52544.829858583755,-29858.358623492404,-1294889.922247638,154335.14479755913,-112005.65493905345,-1253814.3240304021,-54673.22204543499,1362273.529367384,-33923.99351918911,-3708.0008175663756,393460.27373374725
41,2.796727230329589,78.90010732181823,28.39583278212425,-73563.40372774011,-536147.3620106844,-328589.4763267678,451863.097105955,-192438.96554446957,253202.82159492784,-955188.1000285624,-213996.03089686664,230883.8888602367,31823.225884958138,37866.227709533974,553625.8139246935
42,2.8687434197509445,80.99781756176748,28.395831598881944,1453.1298485734515,51238.304468856906,-134996.43409683616,-1057045.4095950765,45250.182858168744,-636618.3326719886,-1214243.0873704278,-125107.75270801444,1257045.8402990364,-73232.79869765425,4607.597878530129,351388.63972515747
43,2.7947415182816995,78.84285073163534,28.854164933810942,-67043.09115823034,-457524.83542109234,-375842.224103629,735023.473436251,-187434.52183678505,341539.0072758692,-1183335.6697923706,-245095.51313687876,528021.0322462977,7513.164387270166,50496.50074165815,668768.068702156
44,2.8707297272534276,81.05507556949573,28.854163664963384,41713.16894019315,137805.4801483043,-48666.22138346716,-1190011.7762239263,71775.52619856651,-516694.2324742393,-1197669.9551084854,-71505.39009432078,1400027.7729078364,-45749.223827038426,-2621.590196100598,386408.3378718545
45,2.792756888407925,78.78559402214488,29.31249639317775,-40734.43342458629,-383998.8570512269,-317543.86366679287,839869.7578254443,-155742.06001977355,253263.94319170603,-1163400.1613602438,-234036.70891481522,655159.7161324528,1461.1583536874266,57565.39354851295,714221.5238013031
46,2.8727160114663284,81.11233322174175,29.312495581753197,50283.947638992424,135971.65834200592,-21952.557844825897,-1248575.3122431706,90235.22924174934,-313988.8198395882,-1179804.4367711751,-55129.54922347862,1399237.034130826,-30136.258886340573,5741.211702892934,405453.0551289638
47,2.7907726911363624,78.7283373691046,29.770827612856326,-24813.11872903921,-362269.9014522312,-263874.3375589311,880041.0832714748,-101771.44183436135,114496.20848736873,-1116500.7605686819,-237559.98624126287,703103.3890697433,-12445.567411840964,58859.617349983,732129.3063953265
48,2.874702762426906,81.16959043835953,29.77082750347443,39373.606085067746,90004.34310640862,-58083.470690569564,-1266076.2607598111,93153.22625344429,-73679.18492496786,-1201779.6234467889,-67913.84943337893,1340987.951381075,-20699.475503888145,21660.967618676157,429862.04040035326
49,3.1242938373375098,78.9138775759698,28.104166879886893,-103462.86772572329,-600200.7101467566,-410423.73359808873,-63411.1556035791,-227325.60289314325,-48873.41678855501,-761344.2681103894,-259158.01563849993,-93585.02772167955,38401.23924217249,56058.110469599436,601263.6898245347
50,3.2073649542301412,80.95905367891127,28.10416447886732,-10847.862221386,44486.54255276477,-211031.3407960185,-900561.7562326695,5835.103997664104,-431231.1831824245,-1008689.1788102245,-166443.5988610331,997740.1172066178,-79665.19304156215,19256.497892771247,353732.56631712447
51,3.121983134543699,78.85663382884394,28.645831707986716,-92676.9606891288,-586674.5228491151,-449223.7282834929,281248.4773785191,-237779.4365378998,118999.38465061793,-878484.2129256444,-285001.6601018418,34910.66120574929,15739.578830893059,65370.45331574584,761083.0469722317
52,3.209677316182164,81.01630000442209,28.645828971525397,21726.04323302722,132964.00999054505,-139071.3658421725,-1067952.8888618671,9624.931545781357,-380977.11331508437,-1072771.7522013455,-113784.7696106445,1202175.2091933896,-47101.568447909965,20246.231646240194,391949.22048454557
53,3.1192177869469444,78.78898311699545,29.187496059293426,-62427.09337826914,-529647.4753689016,-370011.9535109437,429992.8457907887,-167569.35974271782,128089.15779062288,-872783.8359560405,-283768.12099764077,194465.43469556692,3415.864833786998,73048.52715183636,829335.5448529203
54,3.2124449048855177,81.08395264590305,29.18749390364986,38117.15237961265,152109.50490193383,-97421.53794644406,-1154888.713633657,434.08280108548524,-237254.7236730601,-1091142.104268992,-87268.77329230582,1271215.9968964,-28013.552990402564,33946.180335421996,415868.01489714184
55,3.116453138995027,78.72133225733101,29.7291600128799,-45147.02462158687,-498225.2502980633,-310488.61597303726,485200.4286221896,-57490.030783011396,72758.84839232074,-822179.2814121745,-297111.15576436877,265429.54628385574,-10646.526617874753,73589.23605451675,846166.17733395
56,3.2152129597899144,81.15160479474666,29.729158868887183,41518.18211339662,136372.5005067257,-88695.60163140098,-1163750.7698229752,-23572.770026496033,-40195.30833905008,-1077848.053863612,-86706.47089145769,1253749.605743791,-18949.816742954354,56665.64109231169,436455.36735816195
57,3.4547744746315527,78.91503974130829,27.812500710029315,-142086.90981476812,-635842.295425735,-458823.93909596524,-478403.9917818597,-252570.88727112426,-196578.4348432805,-1088225.2810862907,-300482.8777753793,151955.01452520202,10598.894296054199,51368.97952228253,549892.1587924955
58,3.542915223340452,80.92873381627824,27.812497132063616,-59506.00862143598,-12775.851543902041,-294944.33203038987,-810224.6355885416,-47789.21337071879,-303403.9613649785,-946162.4532441921,-225067.0125595035,804003.2736079675,-101394.59434013588,22040.058322544064,323526.7861759014
59,3.452725524365333,78.86821161533513,28.43749882167898,-135177.7817221524,-694627.8694061588,-501236.911908043,-188479.06092709146,-285279.7706455086,-36893.5013477922,-937653.3031790784,-323162.3104174337,-70226.94943984236,3799.8301934253323,45027.051486754666,715885.2447192671
60,3.5449681515674882,80.97556600434733,28.437494472473833,-11580.045903523594,68000.19964898026,-232147.8309980982,-965345.064218676,-67594.42919350274,-283777.9929944626,-1019450.8734928617,-168653.5748453802,1012376.7710856006,-63374.74112898257,30301.61606779221,357583.4434902192
61,3.4493102320996156,78.79016297579784,29.062495974186902,-106690.30061605187,-679424.3434975767,-430161.0783267969,-31195.920571905997,-203508.5892728178,31374.305370062684,-793638.8375369873,-324481.590635255,-98155.29426818316,-15165.304482194551,57985.33267429182,819769.0610468917
62,3.5483869951289813,81.05361801240198,29.06249210075762,14873.68594593399,114588.99426310457,-170806.73406803352,-1082929.2069020597,-98378.08775816459,-182140.19349860036,-1064044.1131355276,-128398.80975994724,1151098.8690364799,-37904.21858745855,45434.24040109239,387759.80310037173
63,3.4458952247392673,78.71211385949351,29.687492566685737,-86665.47592550506,-653569.4351658172,-358842.43071508774,43261.620713914795,-65709.63343482146,39388.80627742815,-671935.4642762233,-348090.53786788264,-79051.33966230444,-20610.75282196997,61649.167284483825,851641.005142408
64,3.5518061960120635,81.131669496883,29.68748985533535,33533.962228337856,137000.85708923708,-116644.25179461192,-1102020.5784120245,-136046.30636660528,-18482.74867223547,-1030607.029017778,-109625.57830327973,1194123.174844021,-24207.093003679063,67354.40888351802,405062.56123398506
65,3.7850109215223835,78.90841281086688,27.5208344019812,-183676.55921935628,-672986.724114072,-492043.4393715627,-741478.8349373915,-276801.15359932155,-236274.01385238988,-1360701.2808235863,-341598.281149518,353592.8392681137,-15388.604009766163,50712.020065210934,531224.0318820282
66,3.878708768142816,80.90620395095888,27.520829825975344,-76430.53266001813,-56804.18857958632,-352711.3559160982,-785193.744700289,-93740.44491783355,-231514.7631979928,-942833.5017401413,-270553.64140654076,727441.0659909796,-121210.48414652175,16342.391152474407,311759.3365028035
67,3.783321927079051,78.87199700025312,28.229165873070706,-183220.177240404,-780879.9443513531,-542798.640558679,-546638.3275626182,-338349.9392287308,-111743.2107989872,-1272069.0227615759,-385559.19510766276,150729.4557188023,-5222.184087536882,20700.858912732503,655131.5079029691
68,3.8804046682575573,80.94262544349576,28.22916000017895,-34277.904935306186,-18348.368042451468,-302179.11057427345,-903933.3064442826,-136498.57784481096,-216603.3628512462,-1017770.4913485172,-217377.31629143775,880342.4240879234,-78084.9771060408,28000.70823856003,337980.99316176405
69,3.779550155817979,78.79135908778458,28.937496018663364,-151161.60632579227,-801956.2835870747,-483997.8099915632,-416319.0553825262,-271914.0929374184,-23256.624111143545,-1109913.1707338272,-398547.0016475308,71344.47247692765,-30120.977302179424,36139.227057942924,773975.4843482245
70,3.884181918869179,81.02326840356272,28.937490322919352,-13730.04482549939,28213.337126014834,-230399.8595861739,-1030351.9259322073,-175112.3237604791,-143842.74164703832,-1082886.1661679498,-171316.1237179232,1038285.7226002146,-48216.02725676563,44206.72593772865,369674.46431434737
71,3.7753875236472996,78.70291768164293,29.645825453361212,-129933.41419120072,-794435.1981307678,-402722.5860917844,-333343.8124502501,-132386.43129376366,19455.992508759075,-956830.6689780848,-390276.18698172277,20015.657546054514,-29543.227046490185,44292.04647263574,827795.2969229966
72,3.888349870232973,81.1117134586509,29.64582088320594,15055.358154132555,72195.62281608456,-145932.9912205379,-1064553.0109690262,-210742.4811414735,-5705.690041686348,-1046933.5782283902,-137451.97626750724,1125703.5442455765,-27431.21683223736,65757.97253601634,390787.94325486454
73,4.111680346058955,78.89206649559827,27.229168274207957,-210817.5934280927,-694680.6166866131,-506069.9678057681,-895581.790738589,-294071.0467969158,-225331.37666036424,-1516295.7903255383,-370207.2982306202,474934.91063568497,-36001.6783977235,50696.43266988314,535803.246207746
74,4.2178602692266844,80.88923278586718,27.229162754918562,-100341.04170170752,-81095.9219832238,-403981.73122753,-820410.6502228653,-136450.30019409404,-196512.39614451988,-1003924.1572401144,-312775.94161651866,731281.403944172,-139928.7722854632,10593.31823716809,305345.03868811985
75,4.110318902931147,78.86606491635757,28.020832595050674,-209501.41143619045,-827817.7554594338,-564813.6906792668,-791812.6816477554,-380693.43800721737,-133698.68048005595,-1527465.093503998,-419296.3415139138,344628.57744302077,-11999.06778465009,9012.055493260992,633100.0352008592
76,4.219231797506704,80.9152417185145,28.02082523739879,-73631.052840522,-86586.23629633109,-363136.6090769292,-919366.097779311,-203610.29548476273,-180742.3281816884,-1099819.5437121086,-263013.71143450896,839479.3569328352,-92420.59519708736,19963.97296067141,323727.8830399737
77,4.106321124769458,78.79065411056915,28.81249605422392,-178254.34866753925,-870309.065564233,-512560.50176974316,-717951.0448973473,-338929.5183385519,-47665.81173820269,-1429079.0586732165,-430812.62455967505,298767.7672313758,-32622.481158908406,20591.427632526837,752776.5133810872
78,4.223237249886603,80.99065938332836,28.812488500312497,-45527.33401363311,-51322.40714890459,-281970.0169586195,-1049823.1562358139,-248681.715330428,-124840.72663813144,-1176604.468123773,-209670.88977612663,1007455.5997787425,-57950.30850124928,35920.83730554107,355246.18536793895
79,4.101053664167218,78.69183937090193,29.604158714466955,-158850.7359210878,-887103.8663856733,-431305.05926740833,-651429.8110152252,-217671.86082079774,9495.311165546833,-1307852.1182150552,-414133.77671018225,244726.23335106787,-30713.652894560368,32076.77296676513,824151.8482906793
80,4.228511604889101,81.08947951053494,29.604152106338713,-10918.205806403515,-1193.786248407734,-175284.58116458677,-1101997.3363147425,-281274.86020430893,174.71350339446957,-1149200.0659065389,-165116.42657828983,1126919.919265431,-30824.237706056923,56511.02828786217,381137.0729696913
81,4.441366125330366,78.87349302084023,26.937501854475123,-225633.90107967917,-704636.6853426254,-510135.64984426653,-982104.219170722,-307847.922587694,-191263.46439876792,-1595651.5387581056,-392094.8270918915,547340.1295834256,-53019.02833546658,48725.89401783635,548760.5332054829
82,4.553785231709284,80.87032750857291,26.937495466381367,-116632.27123787996,-87534.88191182129,-442336.9880004249,-887809.0506840053,-174743.49559267558,-175296.9776146089,-1085293.2354819619,-347057.8214150278,785846.9157468635,-157147.46334138137,6796.263523008314,301860.8984566397
83,4.440494925264885,78.85789772649838,27.812499479523115,-219431.99575082507,-849495.3488885066,-574292.5022561381,-953800.8173895276,-412105.36204955616,-127189.83628902322,-1689741.0785055968,-442993.4823441134,489514.7139542401,-24188.808891008295,8057.923667624834,635306.7700503743
84,4.554670181332155,80.88593175633623,27.812490726544652,-101796.63960203083,-131074.81099244845,-411044.8832602589,-986303.446573447,-267477.24575452204,-161455.43040246092,-1217666.3785055124,-300495.3613361309,874245.4059869051,-105395.80755696692,13090.440493081756,318811.4624778449
85,4.436547815403885,78.78770106559803,28.68749600897469,-188142.30788226106,-902748.467424938,-521846.46816711937,-946937.7456615493,-393896.3663854984,-51155.25268650093,-1667826.0913881022,-445974.00285988674,501062.8507736716,-30237.94878314444,9820.343463132756,749596.1687576405
86,4.558627551829761,80.95613728330147,28.687486651133106,-70871.01881873279,-117022.57901192442,-326579.4657595896,-1130252.3559067552,-324367.7677991767,-117265.39855363163,-1324002.3188221143,-242379.94897179707,1051909.2042036643,-65527.857851120025,27155.13369655119,349625.09183184523
87,4.430403461384243,78.67850295862625,29.56249172700622,-173504.38495694313,-945803.868066289,-446384.65817382437,-917210.1865605761,-301003.96237064124,7601.625699084466,-1607840.916765819,-427110.5258985628,469258.53146732575,-27451.711503898652,23101.200227319485,832315.1767455761
88,4.564780590135935,81.06534312457894,29.56248303410066,-34402.396088092195,-74518.71958952838,-203223.56416616612,-1207269.4830073654,-357169.3053120489,2555.6865782107766,-1320471.1413930245,-190884.72341989662,1199211.1849691344,-32486.423083728245,46031.560515956415,380477.80037691793
89,4.767933952309408,78.85514407813477,26.645835355188552,-254576.5165475877,-743872.3808020203,-533656.9999892294,-1093176.22417771,-346114.52482173784,-166585.3913875943,-1736239.7302665403,-423642.999532466,627776.8324601685,-68305.19403227144,43452.461086310424,550977.3315926462
90,4.892827136247402,80.85119763507086,26.64582813378545,-122380.36528297226,-73339.37179013516,-455661.13881303166,-903654.0392183106,-195482.32222863927,-139595.95816448744,-1090056.0056008806,-368933.05547597,807608.1851907115,-173696.27122957216,2094.386876729317,289753.5026317793
91,4.767650836752552,78.84994997013193,27.60416629046341,-244221.62401425693,-901179.3520837696,-607437.7852657317,-1128242.9913439238,-472143.81941655756,-121549.20637733673,-1905845.924843281,-479395.37065575086,632402.5341352737,-40570.34371402362,5762.892898959356,629958.0725707426
92,4.893128106374766,80.85640267990615,27.60415615577948,-114702.14071095863,-142726.87843713985,-434413.57572732476,-1008196.3794160904,-306147.29370507144,-134890.8808915157,-1256859.9752678843,-325638.7793791202,890656.1597715814,-121719.25601324941,5145.026249400818,309106.56374756014
93,4.763608709173844,78.78497898073182,28.56249587827413,-212121.81774944888,-961503.6981099288,-546362.96642563,-1191244.4205301774,-476973.85135338345,-52339.38527029402,-1959686.4104289017,-470706.9662458856,710404.8943897795,-35082.41350530718,-3438.1954862355774,727323.3437959584
94,4.897183505045076,80.92138502381982,28.56248468900016,-83234.55796493294,-149666.10494508658,-352520.68447261903,-1161910.5691948489,-375007.36462869996,-105625.4013402787,-1393144.11205519,-263291.9200734587,1071014.68474601,-75906.0426319049,16237.127130711935,338021.3138513351
95,4.756100430188031,78.66543081294887,29.52082468719795,-204499.75554776134,-1035263.7725111573,-472364.8451122418,-1213950.2357608597,-411939.923635167,7498.438858484343,-1976781.3830616123,-451148.5740844776,715801.5839749296,-32558.608795804474,7276.048469720988,807097.8146418273
96,4.904702519276311,81.04094340042919,29.520813812830692,-47418.90965660376,-119958.6480638856,-220336.75897275566,-1257009.3612416603,-409176.40354948107,6121.2609969318155,-1413291.6642078818,-207266.8130699072,1232844.160584544,-37243.79673609321,32652.010495554667,369538.43870352756
97,5.257372866610509,78.82141462893479,26.354168817461556,-58571.51099361568,-381485.5287964382,-299950.3615720647,-569446.0602677432,-140369.5128736968,34468.65200680494,-827989.7671565769,-302285.8409341441,390268.2067286024,-87480.1959699929,44715.83113481757,600026.475573659
98,5.400973365511218,80.81623871367518,26.354160009999354,-64774.37418932587,-59317.83590838939,-387067.9579780341,-496413.38245175604,-82881.45237621435,-2656.4416904222435,-577867.1791088613,-371606.87289429386,438313.883927406,-209152.1822215928,-74.29880575414782,298926.86116560403
99,5.257385915376553,78.82142237269937,27.395832485140375,-16764.362390128634,-452186.9337714426,-353077.7364975574,-615774.9976570328,-211635.2296898641,16665.738181753535,-934499.7236105886,-329961.1869850596,442431.87793651957,-54760.807536892265,8037.1566146277255,660778.8855535525
100,5.400983456615746,80.81624546184,27.39581993610603,-28230.988227118105,-96466.6466361835,-338577.57225767645,-554798.2243677792,-146141.186063167,-37834.600238166335,-671550.0200499973,-291620.4063247611,499895.2192537803,-137105.5968647747,2191.276753659627,317230.9642763041
101,5.253103451376505,78.7616887450488,28.43749535963312,39949.41960853968,-470158.401585409,-317618.06911742955,-674302.1715524745,-226194.74054627135,33760.221082350865,-979213.8349364949,-303753.2218548683,535140.0056970645,-38522.00201629099,-7456.470677575487,743588.8211091948
102,5.405283247650148,80.8759943990238,28.437481212382373,-7212.352107924229,-110111.30939783125,-282002.2246457682,-646892.9267163078,-193296.1612241314,-49019.51785092331,-771242.3887648969,-228890.85615249258,600807.3587658657,-82038.55400226073,9426.004209065439,345836.3628185347
103,5.244134912562328,78.63701934428818,29.479157542261795,51213.27531500363,-517093.7202064127,-288392.1040278421,-708526.9007659175,-218862.06017222052,39678.00467488885,-1031111.661913649,-282673.1549265713,559512.267920969,-28383.56726891845,-823.3529719963497,825411.7379309929
104,5.414265342150575,81.00067778393321,29.479143253126878,7241.995295828656,-102922.66632210088,-191340.82372691375,-711505.519146743,-224173.01043126968,15094.218349557805,-801664.1418239018,-181771.98363541684,696414.6307061326,-37831.56558955576,20968.51111697251,377065.6610110875
105,5.919037986057167,78.77169026576047,26.062501833204635,-63447.229433040804,-418581.11901665904,-340711.6085451249,-643855.1670885563,-161211.92832979216,59481.41280890248,-923888.2524409131,-352407.68404334964,453555.9794894384,-108713.35939041512,57107.49568698037,684975.9924660153
106,6.068868900977499,80.7660655402175,26.062490689571742,-80789.99987252866,-55839.18667912085,-464456.41938577226,-576674.5679382918,-102867.50089623449,6677.95322854203,-667887.2540145075,-447961.79416245763,514763.4422395433,-261899.09530279686,1661.2012668343937,322861.96539474337
107,5.919054725356283,78.77170087100937,27.18749854910374,-31663.385885498123,-480016.1819878146,-385490.7675839784,-722674.3676717136,-254193.29342529416,38048.75367462901,-1062986.083328522,-371500.94636490475,537316.6942361355,-72511.569886093,8222.67382724279,700087.8938137722
108,6.068881146128769,80.76607517124242,27.1874824782247,-44182.83265100487,-102526.98803781258,-387644.89431943395,-655495.3973980196,-194112.82448310516,-39530.22569472609,-799129.3852340636,-329621.955644583,594396.6258703951,-156718.40946805853,-298.26493699181424,324233.8468008691
109,5.914971072454825,78.71717790477965,28.312494402470662,32536.699397931487,-483585.2005268868,-334028.64924003865,-824334.9787392981,-282386.4505805762,47392.672489788616,-1140174.3907964476,-325679.1687062099,680776.409133664,-47986.90194973854,-10727.500206081397,761949.2008770575
110,6.072987042264132,80.820619177086,28.312476123282337,-22722.750734422043,-124745.97128668686,-315461.3775668539,-776658.0087302726,-254554.95698868428,-53305.1943533313,-933453.3116500027,-252199.82562767377,722723.0376897139,-90131.99827261215,2184.1638782256246,351595.4621010858
111,5.905615620193075,78.59253940440989,29.43748971892725,50330.221430230216,-533143.3621662271,-287652.29647765635,-895640.2167264669,-292331.2619590927,52828.328007662334,-1229383.2208198989,-287103.08092835825,746020.8645346038,-27834.520725048853,-11468.153028225654,837742.4494101133
112,6.082359808288708,80.94527720071892,29.437470756317804,-8807.574229304857,-126550.56725983013,-213968.69978311285,-868384.6892395575,-294987.5353543982,11822.943679638975,-994951.5388434881,-199695.94170136165,845320.6392726019,-39860.65088305362,9080.997203500507,383682.21199876233
113,6.580705599531315,78.72198566911403,25.77083501972656,-64555.797265745394,-448690.87063574506,-384565.42955433944,-743782.3353381702,-184427.23618448735,59442.888021688435,-1043435.7147885223,-393845.6447136727,539469.2620463651,-125520.015374794,77434.27156930466,756916.8172760226
114,6.736763080850836,80.71587310882768,25.77082122309849,-89520.07850314697,-44599.37186486552,-544080.8031016382,-655372.8840767145,-117303.18683605749,5700.806072388758,-752409.7593087018,-521359.751537946,595569.257376997,-318639.35215612606,6180.172940224741,341596.35022069846
115,6.580725281327796,78.72199995061067,26.97916462685093,-47902.21666977438,-505494.07746825495,-427590.9363485322,-840637.6312274744,-310493.0200111975,53703.239246045705,-1208894.6085893298,-417637.7862496453,645545.1643524133,-87960.6249999441,6767.512635551138,742099.0814850144
116,6.736777243537143,80.71588645321764,26.979144599419584,-53245.37391428626,-93911.96567898769,-429162.21157410595,-748541.2878586822,-239980.90040124263,-42633.788611535085,-909281.6449344724,-359377.6829395478,692339.7767066403,-175906.5625618885,138.23103612410785,328838.2893489628
117,6.5768890160167635,78.67268556820652,28.18749329937209,22467.84543049609,-490857.1753250791,-354889.40147506935,-980882.7352768915,-351366.1251599111,58858.61145554232,-1311564.5609042584,-350031.21613915556,838317.0456737614,-56651.128135781124,-11661.344967799569,781944.4065777507
118,6.740640544564148,80.76522903660305,28.187470577834098,-31169.205480098044,-118294.87477440949,-339406.6888873616,-899152.0261451703,-310924.04868867784,-56867.23565713618,-1072374.438863956,-268025.316843855,851528.986565942,-99189.30759424597,-2095.0178287349745,352140.36914044095
119,6.56714694760681,78.54808094486832,29.395821706451407,48278.34866899022,-537888.7653521177,-285961.1703039337,-1093418.6794217785,-378362.8310299368,67008.17553219704,-1437084.8365793708,-292076.44615769124,953589.6957500007,-28960.777815577185,-17179.972220848074,848744.4766504543
120,6.750403902580932,80.8898600378737,29.39579773988526,-17397.553973071885,-124021.54267338543,-231368.05032876309,-1018872.9061218726,-362470.54360708257,7207.9661343865155,-1164694.6684419047,-211590.66473906298,1003498.1862057475,-44559.9882931955,1256.6010474012155,382756.6722889669
121,7.069690777326616,78.68219953635159,25.479168847628358,-362548.1338206145,-916124.5371609987,-760667.5733121346,-1692640.9641417235,-611827.4387915306,-136001.3880001455,-2530427.3486767,-632357.3211452619,1123444.425528214,-132995.58508907803,89354.83754034154,782364.1355797285
122,7.244428279607714,80.6745074092058,25.479153089073318,-188917.01767257418,64763.688825616875,-765323.6972467337,-1438131.2102179024,-430115.6752322729,-134036.52978130247,-1675463.1394710792,-619902.2602086037,1405888.3735859916,-354053.883910774,11025.73562769977,353517.8020000645
123,7.069712672077147,78.6822170942192,26.770830935480273,-374035.07352432323,-1018173.2668038257,-833498.8268853322,-1953978.6085188843,-931393.8893277349,-90176.98786663663,-2962823.5994012365,-682304.0657833266,1419420.497971081,-98291.98265264234,4994.118706194577,772840.6068593876
124,7.244444104247274,80.6745240852808,26.770807722507502,-173580.55145036656,-54400.892431114786,-657188.0344200644,-1684024.612210552,-740010.2751154201,-152458.09661877961,-2081925.7511241576,-457096.4729763008,1653852.7457989126,-195327.85075346145,-1476.8698880796233,321892.26628005406
125,7.065880170374925,78.63813249053764,28.06249257982416,-290806.58912728453,-956315.2816616476,-666544.7520425008,-2338245.4070457797,-1035216.3336104735,-44145.64794211509,-3248489.3446658263,-573930.0472534964,1908752.7690878892,-63933.70690058306,-14675.686524585082,788959.0850336952
126,7.248307777425037,80.71864338961079,28.062466303012357,-139581.09388135024,-93766.18116271298,-495439.7039550009,-2049931.2758485377,-889500.9817093526,-132391.8063717224,-2442130.6275780215,-339964.2717424337,2053307.9203213907,-109173.81998318521,-6331.1827474389775,344061.4200873092
127,7.054972783434709,78.51362979280428,29.35415424676237,-238029.6843550722,-1025034.9133380251,-488041.913610853,-2663057.285947174,-1105493.2976967497,36964.179339292765,-3546784.8420503736,-477722.23714006104,2273400.5678864843,-32605.422401198473,-22507.029675524933,846686.2880500931
128,7.259239805775093,80.84317883128773,29.354126258110476,-107058.22725098666,-89615.44026243735,-300181.5596749412,-2343287.360293645,-987587.6476344923,-14330.818030547505,-2662404.249670889,-260628.7158105687,2426177.7382930918,-50926.178290149306,-4548.3225930481485,374390.8323786189
129,7.395334047748939,78.65154214517489,25.187502629608275,-342738.98050571803,-857313.4426648724,-721286.8357958079,-1700231.212112519,-606188.6156133933,-114548.86293189503,-2484017.2424709215,-609394.0317881492,1172072.0152926715,-134602.18038523538,92199.41791067009,776007.5886995562
130,7.5825221188858904,80.64275812733473,25.187485861728554,-186779.51696299418,120403.91793371446,-781664.853081259,-1562533.0846246753,-482173.12634368875,-138684.70806540447,-1787946.1880506938,-627405.02522009,1567310.7611602456,-366577.45307643694,14978.189053402484,356997.6474461281
131,7.395357954244471,78.65156218756705,26.562497935096587,-357161.9281539299,-964773.374613798,-817770.2371797285,-1968122.3345337065,-956058.5737610717,-63847.57544926441,-2940267.955287555,-682477.9518089405,1483040.3671490385,-103771.62217678402,6673.305547040419,801722.3609053567
132,7.582539539289254,80.64277730504531,26.562472652771465,-174761.51722996734,-1395.2460845966416,-685749.0449119906,-1840708.1109622128,-844755.2117621007,-152446.4629628488,-2251075.3312126375,-471321.4186701546,1860490.9416562382,-209002.10139678113,1539.813260259452,332813.0564428781
133,7.3917236504896415,78.6126913151203,27.937492291828665,-267829.2313449745,-881051.7373873827,-646817.068128064,-2366342.840387676,-1070459.7408050057,-22792.771569135293,-3230142.1997099626,-566461.5503499245,2000905.7131994658,-66466.84182565387,-13177.368164290547,812416.8422180114
134,7.586208933252529,80.68168835390792,27.93746359358544,-139424.12221602447,-37001.58502854932,-504315.5988153654,-2262372.5036217673,-1016271.51573199,-133801.7313882245,-2664045.6205093497,-340514.39404731407,2323818.7084967247,-112470.81678089556,-4368.3522626440135,355243.21133016027
135,7.380040161370663,78.48825952431872,29.312486892752766,-204925.0370913251,-925226.02145246,-454938.4080026011,-2716298.986287632,-1149068.9079766858,50921.89545019059,-3537366.4570577107,-453689.7106073613,2405966.7011186862,-29317.050859879273,-19210.645274395923,872492.8512519866
136,7.597920195627704,80.80615821067387,29.312456139985624,-102430.71281095054,-23276.576609746204,-300977.5359469241,-2627909.2749031056,-1139656.8260044905,-18085.81730430258,-2951592.4427811336,-256138.9626620421,2781046.5800755555,-49357.01723815632,-2044.4393425764622,391078.5255053699
137,7.724092744766167,78.6206410159923,24.8958363221874,-350608.4124489194,-854696.6840152994,-722469.81309218,-1807488.4817133916,-660080.7409545666,-111014.79069921655,-2603809.882764546,-609914.1361971075,1285949.109405255,-134153.45068372512,91965.14065741272,769553.8316129975
138,7.9174998921675295,80.61125276093445,24.895818413421956,-181843.0739088388,150500.83845319375,-776522.8556508496,-1599991.2023905816,-506537.1720979719,-125977.35316442641,-1809969.0928568952,-627100.2306303165,1629204.232380717,-373127.69344315253,15376.847526426342,353081.6806968716
139,7.724118836948815,78.62066348512856,26.35416494482962,-369297.8232276539,-969578.9983103148,-841942.8086879867,-2104369.7826789594,-1053232.7689155792,-58939.247253805544,-3114179.6542357467,-702492.1713184795,1635852.1953282715,-109289.90519306152,3843.508989978232,807541.9236884059
140,7.917518928819343,80.61127440112516,26.354137531978548,-171559.704176243,34683.27503398765,-691273.5873614537,-1899467.5800878108,-895316.9418672097,-140817.49499285375,-2305353.644900127,-478273.75226492505,1955477.3806613428,-222396.38271329945,908.8773593728358,330181.84860604734
141,7.720877221453982,78.5869904000358,27.812491991671777,-273148.52075258025,-864776.0144996278,-662577.6274897176,-2544738.7687229468,-1184052.1236134574,-16046.369051081825,-3432084.953856497,-581900.1094508854,2213482.9005654566,-72309.28953854124,-15451.07511351953,819991.84754159
142,7.920799469581359,80.6449936103777,27.81246085661046,-135720.54357163812,5913.543140638591,-499203.1100623515,-2346081.737274247,-1074755.606676213,-125239.395524494,-2739373.4151211893,-338813.23851123714,2449176.543139075,-120686.31162310061,-6088.418784262398,351941.6962202976
143,7.70880724215645,78.46259926424362,29.27081948750818,-200987.4134916036,-895458.3487256113,-448272.29013429675,-2965329.778509841,-1283582.4618281256,59395.13921381412,-3796458.790896433,-452658.52520253084,2704399.2637474523,-32300.647551203663,-21409.02664809834,872273.3625490421
144,7.932900636132186,80.76942873005437,29.270785966788615,-97064.66450002877,24945.50453716381,-298632.44508016814,-2747629.112761844,-1208311.595445335,-18463.373815855393,-3063331.4602318057,-252127.9604012812,2944707.815590054,-54353.06895551739,-4517.493744724291,386444.3994889539
145,8.049535238627833,78.58798875571033,24.604170216151513,-356912.2985838725,-829307.6184609686,-712649.1599079401,-1869387.2261721925,-700581.1791526807,-98546.63030468668,-2660122.2864515893,-606102.9917660321,1367356.2012648415,-133571.14202363117,91092.98113219216,769599.02353807
146,8.255378453793387,80.57735283752027,24.60415107592276,-184630.4798617388,190688.11807964393,-780642.7793160243,-1658790.387438334,-550078.3725315386,-119029.9522342666,-1863372.8350743733,-628560.8979671326,1717348.591943387,-379237.79703280074,15299.48244965252,352659.6995593867
147,8.049563673220456,78.58801366580124,26.14583171066267,-378242.2261225056,-941716.7243633561,-848266.2655345357,-2195005.535600771,-1131687.2655353912,-50407.84158348525,-3217395.440126099,-710334.5953906446,1759504.8194963464,-111673.34716360473,791.7252096955799,813955.1815785973
148,8.255399130379665,80.57737701840662,26.145802049363173,-176246.1537607921,83183.26682493987,-700919.8565809074,-1991076.1101237242,-972925.7053169265,-136334.46982718466,-2403811.937018623,-482387.84388524777,2092217.0373871112,-230677.25853289396,795.4055989983765,331512.80116084486
149,8.04664991463714,78.55954536237093,27.687491715454566,-277299.5193848541,-814874.9577167681,-666385.9076065603,-2665737.5987739232,-1273365.7753416556,-8077.246570358901,-3552336.3512204005,-588447.3168163123,2382223.28332853,-76625.47222398622,-17013.444668435066,832445.3593613552
150,8.25835564590183,80.6058976884182,27.687458051801055,-140260.0670819868,66621.32643538801,-497625.66082544514,-2471565.2748137503,-1161577.0431279098,-122407.31540567122,-2863143.8317671716,-336213.0594134779,2628092.489708606,-127069.63426443317,-6538.8865404647795,354159.4963220252
151,8.033804878697337,78.43523520533739,29.22915232492567,-194054.9912340142,-822092.4102367182,-430297.01503018243,-3141648.556397434,-1388618.0219286324,67153.71954972867,-3952462.2460968173,-441405.27207688376,2947423.101672787,-33222.33329004572,-21708.22289844317,881495.4294507686
152,8.27123515260473,80.73025809497766,29.22911593888274,-98511.58152192933,99026.50168512022,-295310.04094777023,-2923627.555233547,-1311074.071255676,-22329.141379686116,-3232433.2642594734,-245424.0332965504,3183062.1767714433,-56931.632943573335,-4834.951121085757,389972.1667258466
153,8.377880159915582,78.55296166161196,24.312503836893764,-351078.1586712891,-801633.2428398873,-694033.2648962114,-1894795.3776104252,-726095.295360528,-78123.88023993395,-2667884.908868961,-599366.2256949429,1420506.468156517,-133499.64417752143,89930.26597299981,774801.775634601
154,8.589938726464927,80.54168246852137,24.312483491373868,-183295.8411878487,229596.34975171357,-789441.2806217208,-1747995.1892946858,-606458.3461262451,-115925.67372740948,-1950392.1738354154,-631325.1317126151,1838576.5334901744,-385480.1093640488,15315.53933362086,353703.91075355856
155,8.377911091598074,78.55298910422884,25.93749872430828,-371949.9329262425,-906527.6629666036,-840534.5113500213,-2247640.379844173,-1187044.5554658333,-35129.95672198173,-3262893.7636205414,-710697.3557465842,1854579.0121242579,-112418.8574999677,-2299.4443530063927,823402.4780139325
156,8.58996107727441,80.54170927672864,25.937466804824297,-176319.47232271035,126100.02363277922,-715726.8832760106,-2124333.0736157084,-1075605.4065056592,-134743.07538486333,-2553670.7032459397,-487403.3316167978,2275127.702896795,-236182.42425741485,1272.1992516978617,336889.76241000346
157,8.375454914656522,78.52971312348723,27.562491444726238,-266230.9363797809,-762514.6675079862,-660789.5354158881,-2739166.5983515456,-1334021.3847710213,5008.608287235811,-3607926.9422669704,-589520.2690298392,2507912.0719931545,-79259.09127520704,-17597.140032870542,849959.1976322344
158,8.592464019723751,80.56504429973164,27.562455253093102,-138562.7893862361,120361.17316398333,-500026.9069179524,-2649659.728756878,-1277027.5519151643,-120762.72315043528,-3048568.1522985264,-334954.4979813815,2865294.1271397024,-131119.3546287314,-5651.517071940174,361898.7346598387
159,8.362223680763378,78.40544657577284,29.18748490450698,-171577.41385437569,-749428.8898988124,-407198.1041014489,-3254419.983702252,-1458098.4886384169,78834.81522281199,-4029557.919299944,-426671.19361291884,3128024.7050582264,-32091.74797606714,-20094.775440766232,900339.564409957
160,8.605733169636228,80.68936795378475,29.187445652125582,-93296.0859869431,164243.10841867575,-294388.0010543605,-3171236.077327477,-1448527.938160074,-25227.846319773547,-3482667.629511303,-240320.768971568,3499547.419860243,-57031.65903754687,-3181.162527538937,401460.79975573573
161,8.706226891989168,78.51795413140579,24.02083742937079,-359983.78545976937,-800118.2094440288,-699344.0625528144,-1986847.8371112254,-788013.9413479302,-69930.35530613198,-2777411.8046616437,-606463.9368676364,1524429.6840726673,-135279.85563592875,87591.15671069855,774498.6865496219
162,8.924496694268147,80.50599292852698,24.02081586918828,-179730.4177905299,255292.02945631175,-786756.6084838771,-1766200.9570058384,-632846.5371518183,-102103.60707684423,-1959444.549861841,-632606.6984637117,1880856.2515074576,-393564.8617734076,13621.704402923819,347683.3383920629
163,8.706260442268999,78.51798421206685,25.729165711437325,-381534.5530328748,-897569.4786577064,-857019.6683330989,-2385202.035906137,-1299610.5565901184,-30431.310088837523,-3437757.0170851164,-723699.4695258914,2025332.7865873275,-113992.32345670355,-6944.782212373758,824300.1844997758
164,8.92452075741339,80.50602248440339,25.729131498136496,-172330.49516721928,160987.2789413876,-714858.7726921128,-2174670.199993352,-1130070.5176280844,-124408.27712846178,-2603244.4692939576,-488287.49101978407,2365329.971395796,-243198.58324596495,-321.0667984773388,334250.85189266235
165,8.704310695447543,78.49989584447974,27.43749114493527,-268981.66018664493,-729849.4666812323,-672840.6374451711,-2922255.8941040672,-1458597.6054839827,9555.574901974238,-3811227.0721365325,-600222.5312151319,2739777.839038617,-83272.29732534394,-20383.86741805969,855297.4413897468
166,8.926521699092287,80.52417679036341,27.437452391650275,-133006.85860711927,167306.82219330757,-491342.0581851839,-2722127.484541269,-1335096.2033655236,-112297.5290584808,-3111134.7093404,-330659.5969731439,2984752.2117145485,-137869.36840411654,-7157.128330111728,359658.02400411095
167,8.690693728876681,78.37567550938556,29.14581745133866,-162155.24447003822,-697373.6495984137,-395343.19245743623,-3515341.044601843,-1604139.7094203872,86673.95791401442,-4291441.156015195,-420642.48840752605,3457211.557896833,-34967.683345141406,-22016.109365201526,901487.7617996321
168,8.940180427737763,80.64846156036442,29.145775281597572,-86886.87804629568,219388.33165237642,-290919.87468732946,-3280462.8622059133,-1515791.2400852055,-25748.115146042514,-3581156.794552557,-235102.91014541127,3657841.283616719,-61855.88363659113,-5043.3355710258,398389.66716696654
169,9.031235151040653,78.48123683966982,23.72917127400941,-367155.32400341943,-774134.6922445312,-691570.61694377,-2030005.884332474,-830495.3926122213,-55587.056650255,-2817517.860612452,-606909.4101401891,1591566.6375609203,-137337.15388524174,84952.99266407367,775881.0068291904
170,9.26192492485097,80.46787273481209,23.729148458449693,-182712.14190486004,298283.6237111211,-790071.1357839834,-1808764.8557261014,-677993.6521229983,-94070.53782063452,-1998413.8950353249,-633582.6541007716,1957496.8951583742,-401088.54041185835,12491.396023574696,343776.5867289386
171,9.0312714393525,78.48126965799901,25.520832466765135,-389195.20706437493,-857993.3792358801,-857838.3428274828,-2469361.164385567,-1385029.4238275362,-21943.63096210296,-3532831.9872490847,-727687.1931345308,2155492.2512558764,-114991.69475750798,-11011.358661011738,829216.8288608687
172,9.26195075912139,80.46790518929357,25.52079588536386,-176307.86503246217,215127.9541902002,-719645.2721969184,-2259996.522156394,-1213572.6271886353,-120901.02787081875,-2697234.9911685055,-487980.69326599414,2504390.501395319,-248702.90108859076,-1142.2696960418427,335128.5070740895
173,9.02981210759323,78.46837094212222,27.31249086026059,-272695.30497574655,-665414.5765903762,-672465.4733365776,-3042209.3302237466,-1552640.5895834223,15381.904849884035,-3926801.038277304,-602436.2236876378,2918661.9070622404,-85796.64369692594,-22107.502795874658,865971.971042383
174,9.263465918591766,80.4808769960196,27.312449472963316,-136258.02805672633,237468.6430807776,-485173.10532132466,-2840838.022503042,-1426088.4396397907,-109813.80885884727,-3226242.277922912,-324530.4757204017,3166810.2633460388,-142589.6862039429,-7282.063232070717,363115.3898328824
175,9.015421487599209,78.34424202157196,29.10415026191091,-152749.42917501053,-604898.8820390122,-372967.9820975781,-3692732.264078903,-1713632.7168185974,92919.26334888517,-4441083.363532487,-404913.0508835247,3715380.121104411,-35767.49027552927,-22073.500530392725,911510.123682441
176,9.277902177583236,80.6050780395023,29.104105073366906,-88022.91410428313,306822.5749448576,-285317.31622832397,-3454984.716151028,-1624219.8831843697,-30222.97889976383,-3745917.931882072,-226001.41807196056,3905401.6945662815,-64074.87198362845,-4925.9442295037,403487.7403175157
177,9.359115812072313,78.44210787114143,23.437504882791114,-361575.3422142863,-746354.9414406238,-673817.1993450117,-2034829.42287425,-854246.7743609771,-34073.165135124,-2805817.2350515937,-603245.5560547316,1627315.3081064038,-139779.4355044904,81995.50092341952,779537.6337937827
178,9.596012824903283,80.42802300199213,23.437480859012588,-180293.3362228618,342457.0837217048,-796541.705976495,-1884811.4808805971,-737596.5839279806,-89101.89475527684,-2072267.3394808448,-634792.865640404,2072682.246643596,-407990.12401014747,11846.913152212324,340815.5154924826
179,9.359154988315828,78.44214356729759,25.312499493543164,-381564.89481152233,-816671.6899165912,-846412.8207019732,-2509790.60499885,-1439954.2017239872,-6059.227498734596,-3564024.0721828956,-726507.337841005,2245882.0045938133,-115859.75779232354,-14522.996366442518,838103.2759106279
180,9.596040505122799,80.42805846885902,25.312460560321043,-174417.10995336625,265942.8493386576,-730710.3701181818,-2390611.5061757374,-1325364.3407432393,-119186.57699661363,-2845629.3433785043,-489718.00290269515,2696162.7155483086,-253423.45579026866,-1105.198646718678,339297.30517001403
181,9.358266962066843,78.43442597599606,27.187490585347806,-261164.7995436103,-605404.5698635972,-663751.0241016852,-3109868.284258975,-1611923.1789189833,27479.719489489424,-3973451.5634932965,-600958.6691324374,3044089.8391168416,-87105.85718262232,-22539.701800555053,882713.8272587921
182,9.596988978690396,80.43585696315895,27.18744657791571,-131636.05176467303,301517.8172581525,-483121.8290998854,-3016711.4113864545,-1550327.0779327028,-107682.12115640403,-3407755.4438452832,-319845.991579997,3414361.371818875,-145524.5404920195,-6134.899331057043,371757.5017119952
183,9.343490947683186,78.31034637612578,29.062482834940532,-127869.56980185682,-523219.7637037806,-347054.0079489119,-3797137.6566085475,-1780797.0622588175,103635.75117423845,-4505132.014682182,-387220.80602761346,3894209.479255246,-34382.40730476892,-20218.875018732284,930988.2076318429
184,9.61181458407723,80.5600172473384,29.06243462492138,-80372.05497526022,385652.1646384963,-281516.85518338974,-3710618.732426888,-1774434.3014011895,-32954.66391503444,-4001847.2402167125,-218077.61512213692,4243688.109818697,-63595.468814961234,-3075.6317885757676,416393.1909829768
185,9.686998739580812,78.40299838260063,23.14583848119293,-369890.3256434293,-740571.1323390678,-678588.9012861857,-2112240.5410225135,-919343.6986199707,-24056.020116159605,-2900679.0569078918,-612220.8482070311,1723849.5458462401,-143702.89616696408,78268.84745008696,777367.2102803923
186,9.930098365170977,80.38815402075275,23.14581325539732,-176697.71314176297,368679.7030242642,-791650.4857352852,-1884787.5701113574,-760806.9543347363,-74079.4629656285,-2063417.8303642054,-635305.1751749697,2099054.509686391,-416012.62353098154,9926.397248742493,331557.7011166591
187,9.687040940666888,78.40303708651838,25.104166506829305,-389213.2795780626,-798024.4265677627,-859700.3537703571,-2644838.7230547387,-1561957.7313285468,-544.5975912458192,-3736427.065060691,-737833.9540813499,2427322.9592258595,-118064.44909577543,-18944.628344376095,838679.9737565336
188,9.930127972674727,80.3881926359611,25.104125200304335,-169838.13997017432,302574.8536242957,-727558.4400799964,-2427208.5881530284,-1376841.7841088977,-108714.55894675644,-2881272.2827932,-489531.1560427228,2775981.7124100486,-260693.11369505222,-2809.0985271433456,335446.53886327543
189,9.686772843859906,78.40049521432695,27.062490286315604,-261690.48158705386,-557665.0969283071,-671380.5431594293,-3301619.7764656097,-1746983.7674501278,31855.44012522245,-4181562.26593426,-608020.9363941301,3298847.080653601,-90061.39239230267,-24951.815232717403,888103.5179794051
190,9.930461478646901,80.39082366784328,27.062443623982105,-124778.63221540913,348918.57382994983,-472240.56898311665,-3071615.771391429,-1605262.0426061954,-98807.16724832777,-3452698.7245259713,-314387.82286167116,3518985.920019066,-151524.33291357095,-7370.061124482956,370707.5924510681
191,9.671611917940638,78.27646743827135,29.020815389032318,-113937.11730445156,-451236.5945638176,-329893.6504074851,-4073612.0777189895,-1941386.9667255133,110420.29821159592,-4776345.5742362775,-375691.1102065265,4256969.322167049,-36929.370601576054,-22328.426350984682,931711.6619746998
192,9.945676379314706,80.51494108047373,29.020764099344355,-74586.60554160457,440175.91250853124,-278094.4660151527,-3804786.5637969584,-1838537.848961042,-33245.810549386886,-4086507.267233173,-213153.4067051009,4387155.514890048,-67725.7067472089,-4934.796684601004,414999.67554537824
193,10.011522134638023,78.36222154724145,22.85417233833545,-377047.8157151644,-710074.6057051443,-669589.4991986671,-2138385.2487037517,-961026.8689472519,-8387.263049688581,-2922487.0996920597,-614389.1721793388,1780164.3512524213,-148254.89284887994,74326.5557135073,776029.681021591
194,10.267023604124626,80.3458190632015,22.8541458917672,-179225.70949857874,416297.11566347047,-791285.9042589758,-1911276.5412299258,-804974.8252682559,-64429.65952968038,-2085396.1960873713,-634525.1943620227,2165706.89235531,-423353.44380475197,8524.239448302253,323475.9280510563
195,10.011567516959591,78.36226337249288,24.895833298998067,-396140.4391073092,-750193.163703844,-857376.168539793,-2720522.067531065,-1649433.6507918946,7743.460446330745,-3821726.9516676934,-740307.0401278909,2558324.2204446374,-120337.0019779918,-22466.787334284603,842309.5699419711
196,10.267055255620363,80.3458609941772,24.895789560183957,-173323.0350179469,363466.88751553744,-730140.794110497,-2502926.9568499764,-1462288.6463543016,-105105.05878822142,-2965674.610419705,-488047.65219440125,2913725.321001199,-267195.1576397057,-3603.526553659256,335256.87280834455
197,10.011611081578803,78.36231143458603,26.937490078735912,-285935.47694421106,-486771.55926779815,-671388.4621201502,-3433110.986057867,-1851498.3581819264,32443.7685976134,-4320128.601123886,-611480.1432409761,3487513.2460327027,-92215.08277473894,-26383.832212910118,897964.2279851616
198,10.267082307646014,80.34591058351509,26.93744055711417,-109755.20483564763,428634.69064670696,-461979.2060182438,-3186731.5156739377,-1703573.7447314095,-93363.43642330897,-3555298.5410163277,-303847.92145092087,3716046.742260065,-156399.21028245788,-8154.817735212438,372879.09582440136
199,9.995677967334569,78.23838545085991,28.979148289019708,-129811.30738400892,-350593.00750675524,-312984.0563963946,-4266178.232251997,-2065471.7934285435,108528.93969800134,-4956846.119906952,-363334.4911646424,4526792.239784434,-37914.22305326814,-23794.205395016954,938334.2883153188
200,10.283073845567696,80.46993543409171,28.97909368728881,-55584.888740773575,540198.2814736097,-263498.8523186828,-3980907.0679668183,-1955232.1847500044,-32493.993838042632,-4239622.0945295775,-196983.53384271887,4657720.168786448,-69015.54514854854,-5170.695374281483,421238.3729738743
201,10.338887346001775,78.318997702367,22.56250594808566,-371873.35466523067,-680223.4985365954,-650012.6969354472,-2124744.1748040933,-979359.9750657949,15068.256258272255,-2890107.3350969665,-612844.5464292172,1800842.3313889105,-153984.25470692848,70635.00289669327,775858.7758392319
202,10.600586930720278,80.30179672487726,22.562478369667513,-175329.6038878128,467774.245784612,-792888.3250996417,-1972567.3451122665,-864295.8405083102,-56608.6646274268,-2141327.6525417487,-633717.2980107003,2274601.267349607,-430296.9228331974,7640.481310523277,315406.8666984361
203,10.338936129109676,78.319042816646,24.687500365134916,-387509.4439508383,-705074.0610750323,-843094.2380952651,-2748084.2458189,-1698858.2781949886,23686.842639587016,-3837064.77849169,-738195.6923622751,2639582.7277328293,-122849.48855098101,-24818.813710387487,849634.4659282332
204,10.600620767893403,80.30184210129546,24.68745423641885,-169802.6667535156,422589.5136928992,-739370.1075644786,-2628508.9146762067,-1580677.044435563,-102240.56797172004,-3109323.020214941,-489035.04209466215,3111774.8016845067,-273594.4591286303,-3586.41387538895,337895.3192742466
205,10.338983099330783,78.31909534120673,26.81248995099608,-275037.7262364613,-423836.6880802041,-658079.9069790739,-3508344.2262935513,-1918537.7813220704,45065.40197227104,-4375974.987929694,-607627.7234925949,3626648.3901265496,-94990.10039623923,-27299.76660537542,909378.1840149795
206,10.600649873897737,80.30189635109956,26.81243746005865,-103488.14885816778,499771.9483233375,-463080.8687294418,-3378702.8259310136,-1847732.4728617135,-93236.29225468948,-3758838.114619863,-299598.3091379292,3991639.35449352,-159313.80293242793,-7906.629220289247,380587.6275394815
207,10.322665577069372,78.19522408087461,28.937481021869473,-110809.08687532097,-267727.3682115445,-292269.95870855916,-4378950.7200530255,-2143782.371370642,115263.29403567407,-5038004.8444062825,-348225.24845285004,4715423.679063707,-37172.15625709957,-23905.794533539654,952119.6112975436
208,10.61703037688992,80.42587636912154,28.937422989361956,-44835.52367838277,630130.063676146,-252520.72301622567,-4260880.341816705,-2127321.111588214,-32541.101081402176,-4519245.404434834,-184692.13341918908,5036711.354835561,-67995.37934544688,-4083.88382903355,434231.6516479208
209,10.663160387394175,78.27623093048516,22.270839480087474,-383174.6396162228,-669170.6946851179,-657576.6956806724,-2221514.6586977723,-1063488.8697748263,24058.635706919125,-3010272.9811174283,-625216.4564790442,1925567.4076144586,-161714.92622735284,68350.71349115348,767521.6699920795
210,10.937241578949111,80.25731708593554,22.27081082896504,-168944.95887759412,496656.3904451591,-776540.6695224599,-1914261.4219977383,-858725.8929664368,-34448.76653178046,-2061404.6416579469,-631527.2905571524,2244102.694260203,-439280.47885627387,5676.7798020242735,299653.4329571907
211,10.66321278402851,78.27627947282909,24.479167405276826,-395067.2008319665,-667711.7735382504,-860249.4527056748,-2926484.038395396,-1865429.7688599478,25077.145980464233,-4064535.8903731704,-748311.8169682171,2889819.2802654947,-127100.05470613488,-28437.441288426395,844107.3956227575
212,10.937277771910002,80.25736612262682,24.479118855832215,-160798.53497378013,465237.2167505332,-726099.1894868877,-2597798.201006545,-1591878.6307560436,-86530.51325008957,-3059119.9272651984,-485910.4539739458,3123369.8735290105,-283777.82203883876,-6040.989493646231,329897.8338040919
213,10.663263250819268,78.27633668642773,26.68748979895732,-273485.02315305785,-343971.5648240239,-661601.4770098402,-3778811.412699476,-2120029.22919343,46501.85519778686,-4670698.106995616,-608089.613892991,3999729.655901686,-100530.87933533067,-31510.682806155717,903065.9668016343
214,10.93730904234983,80.25742532332214,26.687434261046178,-92665.81447629738,554491.4178085611,-448858.8480351274,-3371337.678176154,-1869939.8081555013,-83776.13572925764,-3728665.8277831767,-291808.04442971636,4033440.62751003,-166464.87981789463,-11165.68053232254,374584.55312250694
215,10.64617515973764,78.15257761786802,28.895813719765663,-96626.78654064743,-147155.5158459083,-272802.9801595403,-4774811.916486675,-2389425.8344568284,116396.98457136597,-5432531.0360004855,-330684.8643342356,5246630.617788624,-42693.88031220591,-29722.635073272126,937191.8821302515
216,10.954465108706621,80.38130358971729,28.895752168232057,-34922.20522299499,695754.4329892464,-239506.41732686694,-4264676.662856739,-2146140.206967045,-29453.80415350742,-4494116.526797437,-174131.00999152614,5089573.347228346,-74512.28787303319,-8514.797714944485,425812.97289211047
217,11.148695344698131,78.20592509360438,21.979173196069816,-156093.18972672435,-356343.72738932376,-340143.985836437,-1085376.0606872626,-414362.14470623614,186743.27098157845,-1380029.864964419,-440789.78206573846,968238.7440776719,-171607.0438015374,69345.39045666311,783650.9664214337
218,11.441339621821449,80.18438380152595,21.979141795066358,-156417.80032566944,179054.12538063416,-681991.5673906418,-974503.840077705,-336249.12436310825,68922.51351308433,-1058420.5637192419,-653902.1032642773,1052967.4246478416,-463146.2381746858,4192.620472853836,289667.28954907897
219,11.148752555307489,78.20597910002205,24.270834023532313,-132754.2619360723,-361726.39736939035,-501863.4949000998,-1431136.6542602193,-783667.7013352662,166717.07546721472,-1858927.0316552848,-556854.773621032,1419437.6510707547,-134793.17778825463,-32384.501775054425,852881.475873355
220,11.441378836717139,80.18443875734498,24.270781156156136,-123655.45181874472,165383.60335695033,-573150.8241622731,-1324300.167062832,-686973.7171622573,1639.364864069463,-1547941.8427400917,-468924.56603442837,1485443.7361504529,-286714.8170676396,-4815.842815635446,338388.801953692
221,11.148807406008952,78.20604298022606,26.56248934014621,-51498.29464041068,-211714.49446566554,-425594.64237263845,-1839860.2380665855,-897451.0977301042,153060.75721066128,-2157780.0468200017,-474131.5860482064,1943104.2013894937,-105870.90621439791,-33077.76079368454,915999.2789114543
222,11.441412844670147,80.18450501579632,26.56242906913994,-72618.32878054083,210579.70922999503,-372927.35053839564,-1713307.2431481297,-821438.8466676706,-21626.2665254732,-1881794.308195798,-297483.41898140934,1944311.7570882658,-166551.78904496503,-9648.146998068889,392813.13290315715
223,11.130563056281217,78.08245512583495,28.854146366399867,97998.89497925079,-94962.20859591113,-159428.79755616342,-2308278.2394600515,-1040823.1540475171,162772.0511375577,-2494983.8598772623,-237917.86566064286,2576509.614365082,-40667.2191269456,-27799.550980815933,963818.2915513994
224,11.459731324821322,80.30822643715587,28.85407946302775,-75062.71529500112,264879.248992375,-288532.0039200991,-2220122.970646894,-984251.1057443493,-24902.840604258163,-2370647.0940169687,-234230.27624817583,2506161.900042419,-72370.40355910898,-6675.832842212403,448223.67556606187
225,11.804774430252298,78.10676632959058,21.687506695658424,-162709.89602115203,-355376.46582572616,-358627.6264481731,-1141123.4919407004,-463068.81004690495,204948.07361819816,-1445362.4865435883,-473246.19695458794,1041894.695203125,-186453.75448576178,76859.82919948085,824683.8328636455
226,12.103598507467682,80.08431075262183,21.687471151090367,-171365.64421383262,212769.72228325708,-735680.9277910129,-1046176.1642367436,-391560.11300569854,80183.82918158584,-1144214.4953875465,-700742.115488698,1150679.7611546551,-505996.02183724334,3822.912108520138,289182.4487299055
227,11.80483750648232,78.10682843938511,24.062500672392662,-141507.34300125443,-334164.3827885546,-519286.2034145151,-1519888.3739533776,-864045.1900757542,177868.2890366062,-1962162.5634228564,-579428.2027753539,1546632.8369938857,-143189.55393538918,-38878.1657575315,863860.849292899
228,12.103641435319712,80.08437423375462,24.0624416794446,-131992.04656947538,203262.5353815154,-591676.6188498356,-1439381.912958633,-784083.0392181185,824.8151441089426,-1687964.0452945663,-477167.5035840371,1644725.4188408079,-288615.7622404305,-4512.145850820433,343771.26824239106
229,11.804897791430584,78.10690128712837,26.437488506318402,-53421.58973200176,-166664.34734398022,-431654.0796052476,-1965133.0400587083,-980084.3235572869,161194.64567551855,-2281673.92201067,-484873.74556051096,2114807.6508899517,-111470.63515404858,-34795.96645488616,931573.074473192
230,12.10367881969853,80.08444979370884,26.437421886234613,-78266.52486274204,256205.73604080587,-382182.7574010121,-1871785.9500615862,-923823.0908674231,-21860.976350208373,-2052572.1019387671,-302953.9980763847,2151282.553792204,-168013.6600946392,-10424.98779593496,405490.88090515207
231,11.786271914387106,77.98337979157817,28.812478417405192,108821.23401826277,-35875.163555164705,-144558.01114046032,-2468811.1429255405,-1138095.1876630865,172913.19748797882,-2641018.845138263,-231623.66042673282,2801030.5648876335,-41056.692556246424,-28965.26443942406,982387.2499034212
232,12.12238637082581,80.20812360610188,28.81240439314184,-79795.32899600855,319366.1140921522,-294683.7711171758,-2436419.4661880014,-1104292.3731763605,-26602.027030229714,-2595439.1388361133,-237299.3587154884,2777625.51153057,-72213.54953706231,-6951.433345147769,467475.5375559444
233,12.4608565424213,78.00762683205431,21.395840339795768,-170170.49813494895,-348690.6014798925,-382948.64446159935,-1225546.2515463047,-519657.5579789536,213647.04545969248,-1540658.559923132,-503620.36601884756,1142469.1818655385,-198676.84596545555,85983.99039981174,861386.3777305123
234,12.765854353138137,79.98421868653718,21.395800728061616,-182790.8544289614,242499.8996806325,-790891.6868136976,-1098169.6697003157,-427999.22112259397,87374.73307893887,-1207549.9528764861,-746620.173327569,1222987.4846420286,-554485.4890472778,5471.3581596051245,284033.0315488952
235,12.460925220051159,78.00769796618954,23.85416724192104,-156049.07116107608,-305026.9073104425,-543562.604209369,-1639814.7059311143,-970057.2204077566,188283.19062196874,-2108475.7395149637,-607577.5479260926,1711414.7047601694,-153639.74223175776,-43558.934801610514,876390.6869287977
236,12.765901161784358,79.98429151013733,23.854101986233477,-136861.64363851215,240376.69031008275,-606090.4197206849,-1520163.2331994625,-858511.3916161777,1729.6086303976358,-1784839.1522664253,-484032.27035112726,1766296.049568438,-294033.4585637246,-3593.9519518143043,343365.1047580175
237,12.460991259193577,78.00778053029346,26.31248751522278,-61547.83511489055,-114908.3227861991,-440732.1232812643,-2132632.186723048,-1091815.430501213,167367.34319546208,-2456994.0111612943,-497552.6619359273,2337358.3919148673,-117295.61855045024,-35806.04015557335,942235.7569135872
238,12.765942190031561,79.98437713347187,26.312414386019693,-80948.93340462666,298789.81342297595,-387896.51088845613,-1986316.5409792007,-1001117.9691103578,-20231.03108282307,-2171837.508071614,-307170.2315084667,2308952.108709974,-171730.04769479114,-11259.074122661492,410388.6503872381
239,12.441984518903967,77.88432860988581,28.77081034053444,113841.14592395187,33721.34957267742,-129180.59070095888,-2689897.801522847,-1272748.1364913404,182611.15060776903,-2855058.2503024978,-225908.48194072486,3099348.6370388926,-41710.60928758631,-29965.77770747274,994326.9188980389
240,12.785038718340203,80.10800156889172,28.77072896843446,-82580.22144944305,367370.28665735014,-300030.0747528174,-2592287.673331518,-1194140.4911801177,-28154.96547127944,-2754993.2008494064,-239801.37633744697,2979554.567641943,-74618.68298152772,-7970.033948355138,477655.1720517195
241,12.945483927369702,77.93131471614794,21.104174397394225,-438199.6393977937,-531407.5876974104,-750204.4011479015,-2648467.8136303425,-1530375.9575489773,62331.01125744403,-3557765.6451783017,-725881.7535581489,2563835.7704933453,-207537.27078819534,88775.03213049432,875730.8893183129
242,13.268991929214465,79.90493195025704,21.104132361880147,-196018.71925451013,844194.1709049563,-944406.2862940661,-2290933.5707290843,-1278843.813009987,-9292.766048908095,-2500137.3215853106,-732646.2768388017,2936552.7637804933,-583476.1660201757,8440.200771718237,282828.8585491393
243,12.945557193438916,77.93139301948871,23.64583390986786,-429762.2270717198,-305256.01851760235,-931038.840440059,-3640203.1294799335,-2656172.4179981956,44185.04098051411,-4947922.8201062,-797715.8018762039,4079581.5359530235,-158214.63155193214,-46106.90643725686,886151.0397060746
244,13.269042246888004,79.90501229309973,23.645764126242533,-172771.1214405194,876238.1211087154,-782216.0072531764,-3250736.585090033,-2308010.876053767,-99350.64017060003,-3858316.6399266766,-475430.56610918604,4254998.198450884,-306046.74856865656,-5094.317117500999,332896.8399419584
245,12.945628386920374,77.93148383073262,26.187486988043688,-271614.5350004203,210625.72393577645,-641137.8468990232,-4830145.7147417655,-2970696.81590039,51617.01945404915,-5737143.374263477,-585289.3838114714,5620306.1001112815,-121676.62165588285,-37617.4637117864,945864.5596539411
246,13.26908668707529,79.90510663070017,26.18740881555048,-94144.94925193192,1051273.5674496265,-437386.8837785131,-4323469.050537486,-2635861.898349162,-99383.9369803898,-4723956.683486584,-254037.8598370477,5497736.277742813,-177935.98791300008,-13629.647852717122,406236.9751864946
247,12.925469335047211,77.80822654205771,28.729142947479215,-30802.52836272138,580682.111725118,-127949.4513440089,-6189253.04050029,-3386299.233856335,130126.68629656344,-6741453.951010108,-215141.62278662273,7378525.7058151215,-45675.16816409502,-34548.683693214385,986532.2553878287
248,13.289343029101131,80.02855410719135,28.729055806382263,-20143.86639020627,1306283.4268651684,-179014.37916407117,-5559538.878674171,-3022960.647470866,-48255.00718672459,-5763177.907246293,-101956.08699613283,6972259.175553316,-79441.66355887268,-10764.01583893743,476628.57847416145
249,13.267912244765453,77.8763423709567,20.81250823444704,-414497.69973441045,-467632.31155184476,-697817.510873378,-2566157.9157595024,-1472122.4309258314,84886.01373630599,-3399225.080978848,-700773.2955518079,2520050.8543710215,-211481.1610177814,87027.96911013192,868754.5799627372
250,13.603755025177756,79.84793787711115,20.812465540964254,-178779.45729074383,956073.6437986109,-936221.6659620106,-2391633.7837776206,-1358231.5248804037,-7664.3725080251725,-2572934.517749017,-718920.991110162,3132928.0294050365,-593319.3793069817,12517.12684941054,279174.001181427
251,13.267989398622799,77.87642569267646,23.43750119959399,-406045.58137263404,-236582.94994477718,-891145.0029511278,-3553251.421547663,-2622679.855054425,68763.94823908941,-4798226.14787694,-784510.3211774922,4048962.9347858923,-163618.12310431217,-43947.87891384487,903788.8470861308
252,13.603808442323354,79.84802346464754,23.43742886603772,-155589.21864591114,1013239.7701496682,-787723.3898502849,-3425966.972325518,-2501086.7069859505,-96811.93062097787,-4051010.3535428606,-466756.6984678967,4587694.213664229,-319407.75945378584,-3720.2424874837106,335194.18722546636
253,13.268065071571572,77.87652315764424,26.062486983914326,-248467.65948060027,294492.4774839666,-609434.197099208,-4752014.652466603,-2956758.4097956945,70902.42078318099,-5601640.679459116,-571821.7340758161,5610053.034439091,-125485.12789573119,-36907.3778530179,960452.1488824617
254,13.603855975867951,79.84812480021124,26.06240543564241,-69777.6032849715,1215814.6845850912,-421836.2299853352,-4601064.017555747,-2873388.100787743,-100341.44813569657,-5000780.246047878,-230885.28279115545,5955866.380153817,-178605.13535523092,-11305.710527761286,418198.0693856403
255,13.247139284595034,77.75339926913662,28.68747577366491,1717.865678439237,688931.9274973477,-94757.09781538919,-6092721.092827965,-3362143.544663738,140686.68514519188,-6571609.333608936,-191240.48913108575,7358742.518100418,-43590.77793507763,-31136.64561635712,1010608.8686068302
256,13.624885836002335,79.971453345338,28.68738470872044,16531.659930482623,1524664.5644469706,-139915.712370324,-5980676.043003006,-3314443.155809888,-47994.83448775862,-6152399.377590522,-62172.91236650338,7615852.8019641545,-75897.23612752458,-7315.426708745688,497052.45917190856
257,13.590353549673784,77.82144732852808,20.5208419528415,-417165.60702502314,-426365.7542704553,-693650.4763493786,-2678119.205578395,-1568821.2920882984,86668.93283535179,-3524164.731133597,-698437.4496926301,2685420.3431813694,-216111.06818859858,84648.70189515695,851348.7759932366
258,13.93850471268981,79.79086682906448,20.520798433425714,-171337.2970519896,971800.9466208095,-908045.8151399711,-2312633.085839036,-1318337.1693717132,10938.41756909431,-2462307.609515984,-711523.8139572989,3066249.2579021323,-597056.7398786681,13615.06377857197,267277.50630990503
259,13.590434774562095,77.82153557572823,23.22916847289297,-404114.80724765675,-159583.8834462504,-900666.5309733027,-3746593.7878256203,-2832983.3470246755,69921.79164851121,-5044929.926654494,-785929.3672640343,4366494.072251318,-168727.1691167438,-45257.058063317236,901296.2946626681
260,13.938561292976864,79.79095762398599,23.229093585959674,-147424.72901784693,1049075.6511334628,-771907.0392774757,-3345837.869395934,-2471573.3072987017,-77726.36992811656,-3940135.839241735,-468078.0616358755,4537957.783715749,-335714.27651064226,-5598.963524122806,325487.69431561773
261,13.590514974306593,77.82163995148895,25.937486944985356,-233669.2163547354,435287.1129087362,-599420.5179317729,-5048969.50004998,-3217449.949879001,72736.96524572065,-5918312.262253895,-559209.2527712615,6079718.893647388,-131605.6717646082,-40260.521120467485,953795.2867008453
262,13.938612062166627,79.79106622295598,25.937401991548793,-59453.66528105392,1264158.644836937,-403438.4417012777,-4529681.202823473,-2859818.939198453,-87786.40289744396,-4900062.718976211,-224214.82695059944,5925544.083781417,-185147.6833215673,-13534.825125533767,412719.29370969866
263,13.568824089552901,77.69865924641428,28.64580853581383,36075.81472948103,900450.9525014086,-54180.341799512156,-6547191.6132818805,-3683289.0217295354,142115.42282727704,-7003818.392915801,-153919.22029564466,8040084.038642824,-49072.5961134357,-35996.051917980265,996103.960140093
264,13.960413942056611,79.91426652507478,28.645713521678505,23171.675134238147,1580567.1028619728,-126978.73200394283,-5901885.632082071,-3288825.495556235,-43055.619423648524,-6040257.16159863,-54517.382559081474,7571534.590149982,-82307.94276361576,-11256.733356763005,490101.49681703217
265,14.07291078737296,77.73298777031414,20.229175926462204,-203358.1618650443,-260148.92816781363,-355841.44174485817,-1306216.8847350657,-599751.0569275355,238498.1280655689,-1599843.8426022804,-508957.2231754526,1289452.5340000167,-217182.92309468237,83520.80455867024,853078.0045465005
266,14.439513465231576,79.69908577584606,20.229129419462524,-208998.63700752507,371198.5192618683,-823934.2522907008,-1168450.8161641231,-505865.694471668,102642.941074272,-1269790.0660008315,-774519.7204262677,1382575.4163907417,-609023.3124102138,12399.18396297546,258642.48029298315
267,14.072997439093145,77.73308334682295,23.020835443563122,-190972.10588693203,-164755.98520573496,-550402.8164205363,-1809978.5920472168,-1167996.4694174398,214627.8651712974,-2288969.8893462718,-639681.5410372494,2022520.5228703173,-178631.6937844724,-47934.95380839911,905825.1184570601
268,14.439574005618445,79.69918445634399,23.020755807565788,-171192.33993030575,410044.57551115943,-641439.8322606154,-1679744.5213244148,-1047752.0944097181,14231.828434932091,-1967591.6673409685,-512084.7512512506,2077088.8219124577,-341048.3855410232,-3550.4652783286265,334392.04463403125
269,14.07308325879875,77.73319719718464,25.812486684783654,-100862.31430710366,95132.8680107703,-433009.7445566466,-2414095.7156533888,-1339310.1973877796,187156.32856696701,-2724288.512336483,-513483.16942240874,2799032.4909059126,-138508.28929606453,-41026.59991292055,965235.4838096
270,14.439628978780082,79.69930302189326,25.812396469867902,-113827.41197586688,506938.01003643416,-387046.18747861823,-2261645.683120525,-1235056.8965275362,-18748.7455932787,-2447374.0988242347,-306568.68887807423,2760007.1982842577,-186172.58621895005,-11710.673858277802,429118.89799930924
271,14.050244384925502,77.61043392198131,28.604141307879882,104596.84862360395,335397.05731376336,-73346.77731137515,-3103555.135542156,-1575432.122526771,192601.9938355736,-3201762.084448638,-192286.1719999045,3760695.3850745345,-48317.02667187302,-32671.120949394215,1022664.6578208952
272,14.462587599807367,79.8223061273613,28.60404031716418,-120479.61474792851,635254.666479386,-284438.5458217403,-3022473.558566107,-1476948.2159403663,-37174.89151612361,-3163263.9380420777,-222923.35468954482,3616523.79864134,-79677.23253760712,-8718.870201232628,514092.8503584954
273,14.724810831487616,77.60930290795042,19.937509706726,-209800.0646778112,-243767.50078541395,-364200.45502571436,-1359271.2114210401,-658502.9223113558,249555.92732433963,-1660904.5954717416,-529505.28674709,1372641.8617298927,-223068.15610898772,86671.16483444715,875338.2645587082
274,15.09755473170855,79.57425580611158,19.937458534231403,-220704.47998684002,410784.7356720634,-864410.7282271362,-1241481.1258867392,-577950.82579121,110536.26395347714,-1364774.010136023,-803416.0881459374,1493859.6257400482,-638656.3673772181,10101.883713068466,259294.99621135293
275,14.724904208199368,77.60940887198693,22.81250250319309,-199261.95737928618,-125201.3653076099,-562793.2547263883,-1890563.3340758954,-1253083.211467743,223413.08073525445,-2384852.3129302473,-656890.794144855,2154486.5296618175,-185877.05908948256,-54485.05978292732,908853.6460790182
276,15.097620066688268,79.57436537890301,22.812416034363316,-178381.63927917907,459246.68118716334,-654335.1559279867,-1793503.0132816236,-1159565.5655124756,16035.755342069091,-2108472.13832159,-518701.7614535544,2253703.785755142,-341378.4427185968,-3538.18718687604,342235.6573287578
277,14.72499695710504,77.60953503250087,25.687486096508216,-102744.7774451215,149587.8131196393,-435803.0332354033,-2522473.0699308203,-1424434.6824605428,195716.71299153354,-2831481.058290599,-522728.70514156896,2965249.7658712827,-145105.10292460417,-41864.67856019572,978241.5398062177
278,15.097680227222977,79.57449663363147,25.687388851965352,-118771.8231076076,569482.0937722286,-392043.1986014302,-2416389.0104243415,-1350725.968332778,-15637.113860371937,-2612371.5074860193,-311855.5995465999,2982894.1790958103,-188643.82270585623,-12106.46542971943,441312.20412914985
279,14.701780776348967,77.4868562111645,28.56247351390832,116310.19788461344,406145.05287535395,-56408.62157357279,-3242561.3497905335,-1675754.5668904423,203220.70639491623,-3325312.1694800565,-185675.23963684274,3977034.038303295,-50047.37634448235,-32709.420332701447,1040413.8213751664
280,15.121027246232519,79.69744120959069,28.562364613351647,-124574.74028538319,711819.4328121869,-284845.3297737541,-3240286.651640634,-1614901.471759156,-36167.77742355999,-3386160.670717127,-223552.89447898907,3912112.927949166,-79110.7889083424,-8368.477281389258,535388.1721383054
281,15.376714486373267,77.48563748744793,19.645843502166336,-217213.70159816797,-222414.98803623393,-379498.7884935592,-1438942.6313136024,-729187.2327965699,254422.9260827907,-1752242.7769999395,-550537.3813978581,1483652.6802698367,-227126.39248112033,88890.09344034901,897020.1574313684
282,15.755592314067588,79.44940695139184,19.6457878911605,-229994.26266271417,437437.58321556594,-909841.2233260588,-1285881.4440366635,-622443.8330885209,114482.10460111014,-1430322.8134733627,-833820.182414955,1561745.0931151104,-677015.3876530202,8505.010945095037,256391.21158970607
283,15.376814427063243,77.48575456692896,22.604169347192357,-213557.52933052962,-77489.55890663213,-580729.5189772755,-2007753.8485246438,-1375407.8227401648,232010.45037827783,-2531820.8626329703,-678979.1922466622,2339023.447665196,-195075.81929412292,-59766.2402219584,911410.3941994783
284,15.755662547994405,79.4495280537905,22.604075947949454,-182813.98652737789,499461.3023441188,-663166.6757165674,-1864276.1908351847,-1239029.1536239164,19083.051266095918,-2197699.053355841,-523810.8177396047,2374990.5111956196,-343703.04119887366,-3163.2880223363786,344565.4521443579
285,15.376914494647703,77.48589363224826,25.562485253126354,-109862.34667826016,219859.87567164903,-440223.9643591924,-2685073.247052948,-1550468.599052763,201815.43060273732,-3002134.511982648,-532260.16239189,3204168.239008734,-151032.0335959819,-42364.43893138373,985775.2017097094
286,15.755728135176582,79.44967262571406,25.562380853061768,-121748.54698924307,618678.826676273,-394930.693498324,-2514679.4581229445,-1429585.4414252292,-10873.865610090726,-2714465.6408772157,-317149.3229650795,3133614.5500310007,-192847.6971184482,-12790.777854804477,446089.86872013845
287,15.353321827661627,77.36330219948294,28.520805493823076,123975.1446126861,500289.35939567577,-36500.47681633785,-3460627.0046356074,-1828552.4936897233,213174.67337739086,-3533556.0225850083,-177453.88874988363,4298773.938526916,-51695.87573422108,-32889.4221891583,1051785.4923774572
288,15.779463543660638,79.57255698839154,28.52068850643575,-128434.01730864085,767854.4974096287,-287206.589755996,-3376893.16435638,-1706585.9635022401,-35106.86872033831,-3525553.882182423,-226140.70935385066,4103908.4818812655,-81110.86670380624,-8961.848758334594,547571.3658707312
289,15.858139471037415,77.39121053504425,19.354177610548508,-445114.12508301134,-157740.73282870004,-722351.4718212123,-3074062.857852727,-2092402.002984949,103102.21183823494,-4019890.939811873,-730143.1888360366,3424827.7989149857,-232295.138235731,85898.12457270952,903918.2208718638
290,16.25540363333392,79.35131349335143,19.354119535634897,-186857.82995250786,1342595.657585676,-1020473.6175754732,-2658796.964642359,-1796355.4115761253,20727.35237568273,-2914622.27574371,-747276.588916314,3797163.0747177186,-699614.5868322379,9326.93390003703,258856.84712198362
291,15.85824474635635,77.39133617588101,22.39583620551217,-418230.39091389475,347277.84097459295,-919585.6192563513,-4403873.468763164,-3700088.074266938,82052.77328922109,-5873748.8365120245,-791066.1275610377,5674276.794877408,-195805.26437300025,-63427.88429256326,916516.3912329955
292,16.25547811939997,79.35144363754166,22.395737892014953,-151236.12822318927,1543785.5192431177,-788867.1734010082,-3939291.665518968,-3255106.904557571,-82997.07138524861,-4699548.745432929,-440457.1549677936,5743688.118019644,-353533.6957095114,-5947.745171516807,338117.7760557204
293,15.858351330111486,77.39148599721861,25.437484845051138,-218632.30158973893,1138692.1402616827,-536542.4312890635,-5998230.830921156,-4144287.1862958353,77904.68884321935,-6879747.22440643,-506228.6215247291,7769493.25331404,-155379.62499456643,-43902.32790782901,986596.4730289953
294,16.255548572285164,79.35159956338512,25.437374936707187,-52964.02464664122,1887631.3606322235,-354808.26625561144,-5391440.46946799,-3690550.782837457,-93327.47283150461,-5796792.314420627,-170035.39210545958,7446686.776256058,-198804.40370883627,-14744.280777944197,443086.1772181366
295,15.833615711587715,77.26913500635894,28.479138139546667,122498.33957027487,1826707.019039049,134672.43231007294,-7849069.412530001,-4769691.925653505,153554.97857551987,-8173903.889681312,-4778.189694401809,10262559.870295111,-56294.843001385896,-36834.32037180501,1043413.5720720926
296,16.28043746128365,79.47426656423212,28.47901484973169,43588.193488623016,2355282.8505882053,-25231.819826197345,-7110191.907449267,-4245945.78737719,-56957.986533877556,-7201475.488321997,43113.69037986318,9532001.022192761,-85564.19517485762,-11464.320042397578,548019.0671815777
297,16.178279568993748,77.3241881947954,19.062511480634708,-420405.5102257895,-105241.86565525642,-666011.2551708863,-2954197.1612629564,-2004568.5181743612,123230.19897487058,-3817869.899628618,-702866.4933039248,3329077.761880611,-232252.8949221941,78467.42634529606,895221.8483106447
298,16.587794193121287,79.28180842354352,19.062452944375334,-162886.2431736702,1469714.0234586084,-1004791.7472248832,-2754814.0988686485,-1894621.7263142483,19982.209889274698,-2988575.8470687047,-722027.1391063264,4012639.0192350857,-705553.3625836216,11531.10058765262,259141.07055380897
299,16.17838919726986,77.32431963217483,22.187503659260788,-396033.8846578435,401552.1459806633,-875348.8904859183,-4267606.636237381,-3623474.1100581973,106875.65281472121,-5666382.371412457,-778191.1933110699,5574742.935560428,-201139.24074719255,-62362.1859623759,928931.9128976509
300,16.58787222290079,79.28194469523018,22.187402669940482,-124589.69006504421,1720780.4806168757,-785198.157562989,-4121083.4866524944,-3495010.3825925672,-80144.97507630063,-4909481.852278177,-421371.948348715,6141846.433615731,-366451.77812652383,-5571.966402474115,340045.0713839305
301,16.17850140027207,77.32447801900469,25.312484971312564,-198971.84026215418,1202891.0975200417,-505709.2693415895,-5855418.904586815,-4085667.5570024136,97653.09948781783,-6678197.395035336,-496514.09959976556,7672921.4825514,-159806.69460001544,-43381.73312455727,998283.2149472935
302,16.587946886617743,79.28210964875801,25.312371400274543,-15770.477035119315,2111688.0084927846,-325650.3032446897,-5690183.465194917,-3983400.5735372277,-92782.64526324527,-6091488.073581793,-135094.0129313238,7996849.314726094,-199578.85489868105,-12351.540689885578,454826.247331806
303,16.153005406738888,77.20229155382619,28.437471026365063,149008.35632644023,1905466.5440666615,161958.66360698472,-7658929.897019327,-4687029.263768607,164947.5098887904,-7913123.022994761,11706.015975995826,10117850.571018856,-55059.83036850243,-33159.436916962375,1066809.8106228302
304,16.613605158412216,79.40463121915872,28.437343474621983,98133.42336465954,2659970.733704505,34854.890593650984,-7576460.93264582,-4607609.499136439,-55392.83251820036,-7618644.6488342,101216.40291854215,10310387.293578472,-81874.35921963601,-8092.985016934984,568121.6342422329
305,16.50148803531386,77.25657382217929,18.77084531324818,-416898.56651412015,-63102.44835251907,-652705.2132505538,-3008288.068266714,-2082953.3692433622,126529.60899389342,-3882046.6573468605,-694519.3544650923,3443859.783694758,-231598.07499331443,69309.49866659561,877850.6372459467
306,16.917115890844187,79.21289535324468,18.770786037202896,-158739.81954911473,1465786.7939454415,-982743.1012350998,-2698099.2635330055,-1873971.9660977072,30432.425120592543,-2922318.0820073304,-712729.1143784656,3959351.0695470236,-702612.2644021198,11025.233669364932,254454.73966382342
307,16.50160212934848,77.25671087941237,21.979171086017132,-390327.2130091806,474958.7413641205,-872373.0565485406,-4393389.2271978455,-3799322.8681319733,113273.37219639256,-5838155.834464458,-776358.9933060057,5826773.299576861,-205642.8327768989,-63509.43586447514,928497.3725980282
308,16.91719740526128,79.21303752388695,21.979067474604623,-121403.34027194395,1745478.285153975,-778238.3617816481,-4077737.339259784,-3501218.8813049872,-65023.323884113415,-4861685.824657316,-426833.26042313874,6134355.668180836,-381336.8305031732,-7060.173312466715,333701.68510703393
309,16.501720054016726,77.2568781510627,25.187485029260376,-183715.49706040294,1332832.4083797706,-490083.46412436134,-6070720.27109592,-4309942.536139683,103213.06069930525,-6912967.656219104,-484447.76578561956,8056448.869199731,-165375.52175929322,-45473.58693103653,994821.7031490232
310,16.91727640593903,79.21321172517274,25.187367835378947,-10849.730662227375,2151339.7409022404,-314615.5940763253,-5674022.437230354,-4015831.5034467443,-81845.62504912245,-6071093.446080653,-134676.67109459615,8031644.533338934,-204633.3278016815,-13149.271622878821,454045.9045952603
311,16.475847514496262,77.13478257316645,28.3958038248785,181613.52921734005,2097938.270627601,201412.5154880536,-8001854.196369541,-4962576.371104467,168926.3437351914,-8239061.847068028,44751.24668668533,10675274.915714338,-58462.86898723259,-35671.08379789442,1062196.216190195
312,16.9433208030878,79.33566233610145,28.395672050806144,98995.6109455988,2706820.368299259,43798.745792343165,-7580729.945958422,-4638746.890883386,-50083.865155936684,-7613969.867307605,103505.45668724875,10360079.13565756,-85365.14954858288,-10206.625739517614,568753.0885934954
313,16.821204187273246,77.18759186598963,18.479179378498863,-417290.1949218126,-5984.007910685963,-626396.0943053105,-2987701.6597703453,-2116209.079067937,132974.007798572,-3849899.6599656655,-681824.0388432529,3482053.4016711097,-231860.73813535704,60489.723523311026,860968.8459930676
314,17.249051361101184,79.14127759880192,18.47911919998585,-157352.41705726046,1512755.5620465875,-961916.9245943162,-2679357.081254429,-1910771.846860214,33361.682045920286,-2908827.6557916505,-692642.26265461,3994956.138841272,-696173.6966902735,9760.755801526366,249072.4916267896
315,16.821322929661616,77.187734408005,21.770838321853766,-393820.6427940795,559423.5396880583,-855067.7690920223,-4423755.585856651,-3891058.997807315,116968.03113633576,-5879008.085002747,-768117.4119212313,5957660.624725934,-209714.86346062573,-64922.25590906978,928984.2580510122
316,17.249136394603223,79.14142567274304,21.7707320176517,-124102.17289727926,1836242.1489871854,-771249.12449833,-4104458.68292691,-3589977.3670184365,-61747.67980111894,-4902472.808590233,-421369.57712527545,6264733.237307081,-393858.2313279753,-8316.95350583498,330950.0047471964
317,16.821446678218337,77.1879107272545,25.06248515217932,-188164.4251073511,1461778.1964747836,-469624.76876799733,-6153576.373615554,-4439630.295205623,104638.61049331904,-6995072.398191639,-472229.16910063894,8271290.569891715,-170859.71561951167,-46558.39714612922,996628.3042801745
318,17.2492199294602,79.14160939906121,25.062364271439044,-14647.122491783928,2275320.2520760177,-297615.48102136934,-5755107.470359622,-4139389.0216641994,-82961.28796418248,-6155212.954848566,-121261.72096648891,8239532.3243779205,-208925.97414849824,-13146.12257216828,457255.1536319715
319,16.794816361208937,77.06598974560463,28.354136903688254,187621.6663855689,2283806.111645551,237759.28698406764,-8151027.990029043,-5118413.191385892,166041.03062361066,-8356213.639894823,74238.57371919531,10991162.131190812,-60814.911531125246,-36164.57794054229,1066144.9267816006
320,17.2760321550795,79.2639055646669,28.35400083371642,95666.09503066097,2873373.0579788242,71965.40547076496,-7732391.732582313,-4785692.90909493,-54511.76603026876,-7746467.773464199,127357.84458769878,10660114.487356752,-86350.35609685697,-10531.456660373326,576250.021341779
321,17.143537354634358,77.11592389249162,18.187513177656058,-407914.65801573696,23520.52850565166,-593454.9078426043,-2910200.625816217,-2102673.197912018,150240.18160279782,-3747637.4420771524,-672365.4742670365,3442153.8789914986,-235426.0914080407,53327.01624115183,844223.9661100287
322,17.577490201909676,79.06827258606181,18.18745216174449,-143749.6994236327,1577930.7697676406,-943856.6135019027,-2707994.4299615035,-1989430.4105311965,37924.8682370404,-2945336.738295696,-670632.6473474078,4106293.8424852095,-690310.1627503077,7990.310918439158,240749.44702150056
323,17.143661050191525,77.11607200275625,21.562505864945862,-383493.9314144607,599995.086837728,-830513.568054907,-4379582.834680056,-3897936.4760465766,132707.94976545114,-5815656.435991938,-763025.2192526943,5964669.2426129915,-213736.33852045308,-65850.91004634873,931072.6596707185
324,17.577578816508264,79.06842659531276,21.562396898480753,-109172.64567107323,1945064.79940719,-768477.0683849646,-4216550.187181214,-3761245.8293703645,-55163.121170345345,-5046567.500813415,-413321.0093397657,6527303.595504332,-404573.056663629,-9102.067854281795,331908.2106463674
325,17.143790788404612,77.11625763115,24.937485338729495,-178430.55800643994,1516959.6429622218,-452433.67496801715,-6127551.321636458,-4470929.295958277,118943.14789885237,-6953933.744124926,-470199.543499814,8310228.697612504,-176444.0179522768,-46683.33342685597,1003289.5102326691
326,17.577667037602403,79.06861999684267,24.9373607964522,7333.557433696347,2422164.7473816783,-279232.8623121298,-5956029.675298419,-4357815.914451254,-79105.85480973235,-6368120.86758547,-102727.54201545846,8621113.852104172,-212219.27773386074,-12398.629205658774,464080.57519369863
327,17.116784803596165,76.99443037162415,28.312469759642802,204511.81385948998,2358174.892598424,257459.87089304137,-8134024.657438267,-5148001.290934401,174784.86402992404,-8309772.497800177,84590.957258769,11045328.117892364,-62071.989127691784,-34779.847416225624,1079129.9955440674
328,17.60486499139904,79.19084306379884,28.312329440619468,127075.30326972855,3075080.023943748,110708.92469118407,-8064344.711295711,-5053090.077573617,-51312.327770841446,-8058462.629709817,161526.39992084203,11209800.481693633,-85064.84679900373,-9430.267485915263,590336.8693756254
329,17.45979065493721,77.04570674514913,17.89584680768921,-400087.10692117945,117234.69162946806,-586795.0487692171,-3028580.961086086,-2277383.062224519,151878.62323522102,-3898206.2331332173,-665139.4465650786,3693698.215637368,-242513.12790054505,52849.726742042236,822442.4018322744
330,17.91200818147627,78.99381571852427,17.89578501461216,-142338.0654737159,1534536.6034241922,-912599.7537225677,-2518118.655672957,-1881584.4980334376,57623.98328737056,-2737172.561305868,-662207.098847199,3878978.444380975,-687779.6350418788,5957.781802509082,227355.24664005823
331,17.45991953969968,77.04586048991881,21.35417332919573,-358188.3965192714,795669.1078559489,-824363.967352564,-4653718.156237156,-4264449.049025778,128829.5888191275,-6170809.182655462,-738023.9196359846,6521949.846275561,-215601.34937565224,-69552.35071070043,918155.1309883794
332,17.912100519487332,78.99397600425533,21.35406161442283,-106046.05102134589,1926769.0176939461,-744360.9282861587,-3998747.0348552233,-3600194.826437325,-32721.39686117673,-4770751.296883738,-417717.441394324,6264830.776664506,-417544.8196261128,-12055.4859820182,322866.93253092765
333,17.460055323841136,77.04605551712068,24.812485465407477,-126198.96923444013,1835137.1827974254,-410933.70408655016,-6559838.166345712,-4916946.874587513,116977.76948039205,-7397369.902774314,-420421.74161379936,9115796.153864551,-182614.04957347485,-50654.56208885706,989458.9438674464
334,17.91219360111914,78.99417942332295,24.812357133642575,11487.752184489043,2417620.713624149,-260628.69705413096,-5687323.492456376,-4193329.187383665,-62048.8213196729,-6046382.514713409,-104411.863079563,8319274.146547481,-220030.94799120852,-15621.004743080755,455985.50074185163
335,17.431913733703094,76.92450371994514,28.27080251178623,298437.65302405064,2838455.121165463,357762.37707711256,-8823774.903293878,-5707441.684987773,174259.62596424067,-8918924.487951009,181563.1113327869,12232016.527884847,-69007.53812510925,-40928.888135612004,1055528.0012711857
336,17.940537511191476,79.11614876152963,28.2706578216442,120261.81772707729,3060103.5357034625,112156.48753918649,-7698260.986315538,-4834972.866817917,-43683.91959507151,-7642761.279304881,153817.44556356882,10781465.674711036,-93225.95255653447,-14833.977719713223,580031.4544814201
337,18.095513892770878,76.89174619818411,17.604181141809637,-132577.26003712762,-88054.1135692095,-186846.0642627559,-893604.455968592,-419660.7150997652,337663.14647000213,-1008180.7129380968,-421005.4260145405,1021708.7010835444,-249382.66382651677,51280.944382670896,820039.3817369497
338,18.57206475052266,78.8341264306566,17.604114163056785,-224903.5756463139,282046.2907852917,-871812.6176218328,-777717.2995698283,-325695.3613300978,134462.1045678276,-973308.4964923069,-753831.3153229564,912469.9093324083,-708524.1197644665,935.1260111869473,205208.86099927948
339,18.095652233323648,76.89191279171517,21.14584077732841,-93316.26428638972,19248.953920536413,-439468.57209000224,-1334720.9125039324,-878613.8742489091,312874.4588343847,-1544660.861971831,-621822.6463418276,1652947.625857803,-238026.01000148055,-70382.07338894291,912667.0023567058
340,18.572163710449885,78.83430070626092,21.145721505513485,-176149.1518974464,361207.1977544854,-660088.5464913619,-1211842.8188171657,-755922.8029031701,51352.433171152275,-1441053.4763465205,-551207.8998613318,1517230.8755735292,-418196.074977957,-7029.190634300335,336376.33383338735
341,18.095797491128195,76.89212415487266,24.687485333726123,-818.3428360617982,246891.39779623173,-370737.46317170246,-1823445.4642299244,-1025344.3991122579,263217.4932003354,-1901812.6913692735,-506689.0358266928,2283837.318984433,-193419.42944402611,-52113.571207513254,999174.9194593175
342,18.572264725208683,78.83452131081762,24.68734917850312,-103750.39140703608,467977.2340076812,-391945.0248911001,-1691238.1097681369,-913107.5378141889,1707.3315247150897,-1803403.7690631752,-325149.8284065908,2100835.4151793113,-218045.26753675163,-13161.446865658732,484520.5200203076
343,18.066144270908456,76.77094709945052,28.229135155327302,254543.64117923548,536486.1175026167,17296.820174840832,-2411721.117460672,-1273918.5117924453,238607.77074028784,-2260498.086336031,-127907.81873599468,3196732.483928719,-69218.97335159565,-35344.6036586882,1092821.0860905284
344,18.60213669755069,78.95615035530531,28.228981807099203,-167763.76509807643,591756.0226915873,-342978.41687765345,-2442155.732823606,-1153909.3455652099,-59364.092453811376,-2563009.1910627806,-263835.26882743085,2907858.300606069,-87295.92546096248,-10466.405696360978,620368.3667706221
345,19.062874036405198,76.65117725625026,17.31251569689138,-152772.47213565523,-65972.76647911302,-199056.00453381715,-938099.5967006243,-472901.95129804034,363702.9541716519,-1054509.6534506783,-464116.11808621394,1100824.5283883077,-277997.5870650477,64213.527804970174,849445.4352329279
346,19.545491899159828,78.59206899866274,17.312440022689753,-258355.75460937308,323232.75646442844,-937844.3793562871,-826665.1281611625,-384515.31678362907,156776.6037860075,-1061679.8068882285,-804927.2002352864,993639.6296222834,-768053.099697175,-4432.930092956788,187089.76590258986
347,19.06302637926804,76.65136562881574,20.937508405578377,-117142.59218972485,57816.07956109251,-464225.62856059155,-1406118.6282266164,-958934.7150075554,325343.046568011,-1636241.471632401,-656378.0067293745,1769067.3371725518,-257140.48795504528,-75191.00249198843,910422.7648198619
348,19.545600997267606,78.59226602183696,20.937376941531205,-190140.09662071045,405534.03420213505,-675281.4008047618,-1304577.2259013823,-850702.7563856593,56490.21516464119,-1558709.3847958655,-564355.7227119588,1663177.6442844872,-416996.72593958984,-5342.451208002682,351500.01298806316
349,19.063185041628543,76.65160112593298,24.562484541512283,-13457.18665385514,294799.09589904896,-383520.7476171293,-1913359.6903983396,-1101344.1670866704,272078.85584958276,-1997169.0862297798,-526590.9919362993,2421581.2397941444,-204949.9890462579,-54166.675748465364,1007780.966289894
350,19.54571316102375,78.5925113452766,24.562336612976807,-115126.49189139123,518609.368894175,-398783.0992918757,-1812086.19189542,-1006997.1159195122,6571.94632561294,-1935943.0601067757,-334630.7642328009,2275273.602050484,-217589.58646444653,-14749.292340888675,505704.34826473275
351,19.033165403584075,76.53054090784887,28.187466791703127,265308.28710711014,600358.522723394,32011.81085181856,-2523061.0472047846,-1363154.0424549503,252139.8799940816,-2357577.8506354447,-126014.25229967987,3381270.7236174475,-73977.57879509694,-36084.22559122263,1112375.9914205163
352,19.57597448631489,78.71407161991544,28.18730065071373,-182720.20978725722,652824.5265744638,-353430.3748895216,-2616324.8876705016,-1265516.4316511024,-55910.600143031304,-2747317.504665037,-276092.4033514515,3140083.8499141745,-86280.99507068968,-10681.974997294483,653929.6060292583
353,20.027213084433306,76.41140911154959,17.020850126154908,-167432.88224830586,-32655.68454126711,-216332.8893203854,-1003635.9038692468,-526633.6134264999,386546.5042357838,-1114612.8806954557,-504688.4983904743,1202879.9229759718,-305166.9578571096,81943.65973729652,884578.9138000477
354,20.52193884573975,78.34920998943757,17.020766343454646,-287256.5676268594,358030.3912067548,-1013422.6199615838,-847770.6671564799,-403486.4068418792,172516.49909576747,-1131709.6552102019,-843991.1232339743,1033051.982062488,-844888.1148595854,-1851.4782454372998,159485.87465637957
355,20.02737968610648,76.41162154500789,20.72917537496099,-142757.06765722675,118433.96944097578,-491487.5089120162,-1507302.2067008181,-1072654.3497814022,339409.3222664527,-1762044.6294832123,-694097.3279327259,1940331.3502876707,-277672.7535815709,-75123.884445855,915375.6933000726
356,20.52205937125123,78.34943190105145,20.729031501013804,-199281.58625475495,448463.8367411867,-690791.6858206406,-1351318.264651241,-906997.7102781341,60434.61147607074,-1618375.9816965836,-575921.675794967,1752688.2221573421,-425189.4094646914,-1727.65708460297,353647.4309323941
357,20.027552582073966,76.41188268107909,24.437482857747323,-30329.725573030213,374069.57653111336,-394980.6668654913,-2048709.992891344,-1217359.6769457925,279869.7901678226,-2139508.5371025084,-545510.5154280751,2633778.2366231754,-215227.31043877336,-54140.182575112296,1016377.318220708
358,20.522183358989356,78.34970360536818,24.437322829966778,-118192.73644868855,562616.725021838,-401371.19426890626,-1871670.4136440575,-1061185.939816779,11379.29129157658,-1995233.193624754,-339557.8571185807,2377843.8450475773,-219085.85976234346,-15292.592327060785,516169.77548504766
359,19.996789684204952,76.29104063409729,28.14579748030596,272569.35996697284,710380.2193657219,54394.63999276591,-2702230.0675972584,-1503456.4555344842,265066.10420458234,-2517314.1105626677,-119062.41112689364,3673720.7410150208,-77333.03668872247,-35254.27909153898,1129352.6432986427
360,20.553212632457257,78.47109625885082,28.145618289710075,-188874.7729187271,701154.7877849448,-362413.2108125385,-2702865.120704787,-1326827.881504261,-53343.83676045697,-2833603.6898729145,-285393.3910203816,3268863.884946975,-87866.47739994992,-10838.12688179176,675430.552117882
361,20.818110732532887,76.20424820966014,16.7291849609648,-341284.9462319196,143192.98605540494,-350098.1518230656,-1661178.4310047873,-1228545.9819564216,343320.44515261304,-2007741.7784121656,-673219.4722736577,2132771.1386862434,-321830.9118043042,91447.12508741116,905994.7329118954
362,21.34303768940156,78.13403638706899,16.72909486843197,-337222.30267933203,868370.7545087733,-1091153.3873714167,-1402005.2664760042,-1020703.0108083248,168167.4807346,-1725822.9214377138,-912390.1793511569,2078208.1652468955,-899479.3013471435,2386.3765125987356,140587.64637091174
363,20.81828978655401,76.20448124964452,20.520842553364783,-354378.52825664775,557762.4802159676,-622062.8181251828,-2597379.0851180702,-2296061.352080567,284374.67515343777,-3304833.6554093948,-785718.7660945348,3671873.5553380656,-289567.77456563467,-76221.5969637017,921994.2550682249
364,21.343169006065743,78.13428002279777,20.520688324185706,-293411.25013784796,1085231.8080422366,-741454.4977500663,-2315964.8415288064,-1984478.972112253,39769.06450853976,-2836385.139940334,-582542.6036716476,3469293.803766304,-439392.513727098,-355.3582685235529,346968.92593482824
365,20.818475941681793,76.20476542712476,24.31248182821979,-247205.94729147496,1085763.4795864308,-414953.96670642396,-3601573.200753624,-2566041.790769313,229503.0981223405,-3961403.5556211993,-575389.2642950679,4960396.385504799,-223650.58776862972,-55144.986630617896,1021975.3978313503
366,21.34330426134709,78.13457593679358,24.312311380139185,-236741.01259268692,1341748.1692770266,-369697.78444744635,-3257638.831390568,-2251982.348062638,-5696.205864482231,-3515359.9332943335,-320937.6207747367,4571606.926305963,-221960.78160209703,-16136.882006003116,522661.18879165687
367,20.78583782776766,76.08444631702763,28.104129052957553,105999.06759026862,1698746.110535906,179909.31918703078,-4768165.9397511855,-3028312.843187355,236572.1281843722,-4671294.234354649,-54452.86061246707,6710401.592280323,-81763.93839740226,-36139.11364853187,1137421.2466977625
368,21.376231801585472,78.25549130388205,28.10393862876529,-280863.26238355413,1691199.3387232139,-230309.7693997349,-4528010.231100782,-2658615.495188059,-53101.7295179608,-4657247.394078701,-196897.78588547718,6034171.486904102,-89959.19868998481,-11989.48705959609,690774.8184836451
369,21.450668881050532,76.02568738367819,16.43751960976701,-335063.20341026294,181919.3726877348,-330710.4929712615,-1639881.3115504694,-1221940.1485470193,359295.36390040506,-1955001.3957623215,-673938.3173368323,2145085.389405364,-330355.2107079727,93873.02907424043,914618.3416061958
370,21.993686580711923,77.95055485812135,16.437425254718676,-337484.6404496512,975748.1024434825,-1113238.7861747872,-1465537.0355288398,-1115960.0186147373,177666.63081180252,-1804181.5040726382,-919107.3314619107,2248313.5113535924,-930542.4343405864,7363.749100779403,132403.02735168033
371,21.45085893021482,76.02593725537783,20.31251057125778,-345184.88170082745,610427.1808835845,-614607.7961857477,-2570644.5093459156,-2302970.8741075452,302053.1251616832,-3252603.376184948,-793591.6447636621,3696829.5239456203,-302157.14241497504,-74852.69499086807,934473.808535395
372,21.993827483068394,77.9508161318393,20.312348429560945,-290890.2692810521,1229775.4732134705,-747346.5635780529,-2440073.544217312,-2168849.010702261,47766.428678743396,-2990619.618829306,-584801.5633511195,3766959.822534791,-454359.7177394231,2080.5679275472476,345323.61534012796
373,21.45105728355509,76.0262418131211,24.18748166226519,-234473.14306427393,1147978.9915200179,-406741.6106238104,-3567147.1725900155,-2572741.573876103,242583.58019671848,-3897262.131349479,-577974.7477056084,4982001.11688702,-232792.37394420189,-55698.73748990967,1031594.707497512
374,21.993973245180086,77.95113326772321,24.187302860489055,-225700.8363265526,1514630.9162614285,-350990.1805695751,-3447965.2729020533,-2455893.802946086,1018.4203864512357,-3702647.260269892,-309428.8697134628,4950016.029348653,-221683.32849770843,-14406.254608148263,540301.7714922823
375,21.417300018799672,75.90625002473146,28.062461238935914,135935.26769456785,1772434.8073632808,201842.52668665722,-4706328.755198733,-3024378.7332546944,248161.07015618306,-4562937.421247667,-42096.50300945821,6715246.526001633,-84141.88647348249,-34654.9989190947,1157814.002336405
376,22.02804110741544,78.07176168952527,28.062261808851403,-264359.2391192742,1919689.746702495,-195314.70884269557,-4815026.134754565,-2902715.8870518957,-46208.965724339745,-4913094.988046642,-172850.23782637302,6545961.024613541,-86395.47531180923,-10228.223093283383,719389.5798516662
377,22.083274330955994,75.8472957051988,16.14585393239518,-344096.5672621611,257643.5868330719,-328165.98200660216,-1716702.9415920358,-1332099.5574674502,367944.2094652009,-2042067.3966341042,-688278.5202002544,2315726.9543986674,-340637.7328119136,98160.9139518533,912165.9612934894
378,22.64428711282275,77.76690453636142,16.145755192975606,-343717.8445378664,1000237.9931540627,-1131025.1929556152,-1437543.384120221,-1108835.699597197,188775.0802956784,-1783755.8939540256,-930043.1912790731,2239294.04089368,-960186.7662698919,8007.545260265208,117790.61481824126
379,22.083475748589322,75.84756269181837,20.104178187277334,-347857.2649346816,741068.5862100787,-619793.3513133671,-2710429.2623509923,-2505446.6963157095,309911.53859435214,-3432882.9893240565,-801941.283419347,4008242.2427054336,-311882.24577807036,-74899.51389777429,933381.4340097387
380,22.64443779965189,77.76718381511472,20.10400807096716,-292531.15900679247,1267943.6529212978,-751803.5999844428,-2408359.3184445915,-2167390.162829344,59221.51679166342,-2949397.796522075,-596166.4618456949,3769173.152297831,-473317.74845306645,2234.879930493104,332233.41370049084
381,22.08368657646526,75.84788840716881,24.062480999283586,-227713.47544111067,1333093.525258039,-392050.04957735736,-3765024.312840818,-2795749.7251646626,248871.37207672247,-4097485.784971286,-571877.2903639033,5382693.07557476,-241432.7778480733,-57512.15414942937,1027447.522996499
382,22.644594638235905,77.7675229106266,24.06229378294928,-219225.9377586178,1555081.1005776818,-343260.9325372614,-3409264.2054561125,-2454766.6626948086,9793.038412066413,-3646328.977270114,-309869.24500208214,4948792.452553997,-225692.91015375312,-15796.381628675841,542608.9652923818
383,22.04881654511401,75.72824594388693,28.020792879844354,169272.48737530923,2032848.875496705,254639.03413783212,-4994476.422801088,-3292918.697047903,255989.07243932836,-4806415.066224442,-5358.889285300712,7268534.35251959,-88758.76820497274,-36567.01260913192,1155630.7691816164
384,22.679797554831385,77.88784391318522,28.020584422815823,-263295.7826882275,1957462.1321959803,-194590.11676323065,-4761687.9239857,-2888956.0130482838,-40352.186504027806,-4842429.187091571,-177276.34330634854,6519281.763142443,-89635.97683242145,-13175.130510089653,729006.9930851532
385,22.86582063886658,75.61053571623009,15.854188993699308,-243400.2670155285,111850.22800899306,-207708.68171274537,-1104085.8585827649,-647058.9611406296,416520.869946078,-1198426.3821253334,-553255.8729622489,1412423.5343683013,-350337.66891721194,107134.13560343055,921508.3405179835
386,23.456769243776836,77.52119216712961,15.85408348890908,-381058.6457662727,530553.2675817511,-1158207.3477778817,-909298.6034685993,-501399.3035287243,193184.74344060232,-1301978.498031149,-916635.0528519362,1209900.8249206822,-1001217.9200988212,9611.99757390623,102329.06368667267
387,22.866036568318748,75.61082474474645,19.895846079887725,-241974.03384246147,342574.97453628184,-539511.6857828728,-1680137.7242455864,-1320971.7391886408,347433.9983203943,-1984298.6626497156,-762315.454477175,2307703.3720378377,-327627.7452180288,-74559.06382913301,935800.4037090602
388,23.456932595457605,77.52149487608929,19.895665236222676,-298222.51032148744,677706.1695943761,-750923.4557970479,-1495523.7717621839,-1123018.645381604,56243.54023641835,-1834088.0897834625,-625217.4763329247,2087865.7695922286,-485526.25713070144,5868.555868250028,335528.13857578463
389,22.866262560358557,75.6111762285135,23.937480540871956,-143578.32006386213,663238.3831220961,-421158.2508369154,-2277016.803335707,-1487896.6399156214,269874.6603547217,-2397188.895390362,-585194.7489971712,3080885.4566088505,-252009.59311655108,-58961.92161603829,1031075.2923942192
390,23.457103616336905,77.52186081603912,23.937282657655537,-210498.87069391337,821740.2704791458,-404261.9326882795,-2089684.53013241,-1302157.4526193435,-888.7067045513575,-2245812.3376580393,-347773.75105420407,2800565.555809196,-225008.31088902635,-14931.798378165091,562014.5315727276
391,22.82953589581696,75.49211773100232,27.979124861344896,207719.68656358216,1116344.798736053,116850.15908445304,-2998626.579480742,-1827705.358932604,255507.8486078893,-2767368.08963103,-85034.75829567216,4293317.492310788,-92764.36892489943,-35654.56044877693,1169211.1931080706
392,23.494190690860613,77.6416479788173,27.978905055911827,-318270.4894981257,1024758.5128603519,-371342.67320886377,-3042562.250750989,-1611454.379037569,-73833.34210908021,-3198915.3609332177,-298195.14177125203,3832255.852857833,-86754.41442466517,-12440.472681226855,762237.4999044037
393,23.813277763694046,75.31093065477388,15.5625241774857,-253790.7155218799,148605.76688082746,-205215.71926769544,-1146445.2467092453,-676418.1686688773,435327.65281925374,-1230273.7999249522,-568345.2037950179,1488218.3358112222,-367475.5283761905,124098.82775935238,949055.866665592
394,24.416163691034434,77.21789485578184,15.562409969692023,-411653.7548066733,597803.0822932908,-1214162.6837393835,-970081.6795820706,-561394.4477440022,209780.49509795988,-1381969.4767829448,-969537.6076446696,1323493.728174848,-1058411.000953671,9834.746941747588,86321.33216523238
395,23.813511510673493,75.31124763332554,19.68751431320609,-255485.88659038141,388768.317503477,-556756.4988186562,-1725825.5902157428,-1374270.2455161025,357612.8558758067,-2035272.6048633617,-787064.8027457662,2398863.3397035664,-341581.7255709863,-76213.9067961657,936785.1461762458
396,24.416342771573312,77.21822644064568,19.687320324267667,-316846.54953587655,755042.1004346951,-765289.3807077727,-1591977.200961245,-1234401.63820804,65758.63329586656,-1951912.1694598857,-645516.7081215533,2270335.047772485,-493613.90688677656,8406.797985964175,343212.94038647565
397,23.81375564691104,75.31162990678447,23.812479808018193,-148859.3001654056,714643.6660759101,-430398.08490861434,-2318155.200883846,-1537251.3582755374,277141.3384904625,-2435717.2173194764,-599613.6813419849,3170717.1796633513,-262460.5726066543,-60554.180659591286,1034760.919785705
398,24.416530959155075,77.21862371914068,23.812269369097834,-221710.7179611039,906375.8311982465,-402347.5406831583,-2210581.7013467564,-1416776.2521730901,8609.542434308643,-2372235.8258873206,-356428.6950904844,3010982.093531789,-223279.33677565324,-15168.976107686622,582827.9936692873
399,23.776300104717954,75.19283107672356,27.937456247702816,227256.40022468875,1182007.7070179142,134199.44864746518,-3036247.942609518,-1885334.069586225,266982.4205849393,-2783011.932573558,-78589.43037531938,4405064.918838944,-96913.49714474657,-36325.2917397066,1181447.9321769755
400,24.454379977987145,77.3382096906865,27.937223165837157,-332612.2655856812,1127489.4903543089,-370695.6572454235,-3216586.0550340605,-1748733.549110057,-65122.93753106079,-3374365.8815574087,-307072.1255851387,4105619.5746657522,-83504.23181648453,-12330.661654311432,800031.9513609519
401,24.76075895142734,75.01140050741485,15.270858757002259,-268722.6662866112,204284.92960715946,-215586.4560994315,-1228263.5414875932,-740263.5245164782,449782.5112297567,-1302547.4195399422,-597536.4994610084,1620059.7262220676,-382858.1351721457,138957.8103792535,975335.1715604558
402,25.375534378507528,76.91452444816136,15.270735897961035,-439454.25604631606,636195.8337883358,-1277928.4450181136,-997693.4719225582,-578474.394497262,221263.960561015,-1444709.6031146538,-1008967.678527436,1372490.414365996,-1124926.105292845,13071.318137016258,61662.03876203928
403,24.76101063401112,75.01174660363054,19.479181216484047,-279619.7726413099,469925.4946818537,-578687.9053580357,-1829632.6041147455,-1494839.17146629,365639.361593489,-2164207.0283992104,-815747.0786956389,2591571.923777357,-354729.6061991716,-75794.38748069521,935640.01159751
404,25.375729938899024,76.91488585339997,19.47897407593901,-329673.49404472293,800910.2115411332,-776487.0865459302,-1628120.130393564,-1279234.1112034384,73195.23476696857,-1993579.5394501346,-662260.3426629562,2350589.513063571,-503376.433338042,11920.68892063631,341043.0498901765
405,24.76127335210867,75.01216040083538,23.68747759359397,-165727.38470642094,812485.3310380452,-437047.23807036155,-2439650.5623534634,-1658152.9142676329,281467.01471100294,-2565734.1224639625,-612933.5950293822,3388378.4257546063,-269706.69843619975,-60356.23913853475,1035796.3066612325
406,25.37593593268656,76.91531510239585,23.6872546978808,-224699.49359591852,947710.0349556855,-401555.8963799895,-2244012.035930839,-1458559.1404552993,17852.82377443407,-2401973.765868899,-364334.6348629218,3087763.0457115984,-223907.68329813713,-15511.320302719281,591910.1227733688
407,24.723092119071037,74.89363118677748,27.895786171195727,235431.0902435819,1313747.695510478,160697.45487523364,-3189226.736061486,-2033136.4857750202,277461.6140903104,-2917674.5143232704,-68538.52853383763,4696089.2834864035,-99562.79567924944,-35945.047429629354,1189692.0027358956
408,25.414544733604167,77.03469098189191,27.895539928756925,-339421.318210079,1166020.6480507376,-377953.889783954,-3261354.579620009,-1794677.8252123008,-57698.686598797045,-3419684.3585954634,-320019.4271267344,4188349.225778902,-83386.45461717444,-12974.47050683968,824426.2777644363
409,25.537173663675578,74.7552460897584,14.979193571057019,-428266.85970121867,637925.6097987889,-323188.9603114384,-2030723.8115354686,-1712227.676100445,393727.10395526385,-2359296.6234605988,-751678.9334212772,2997445.346668008,-393746.82756894844,146331.38843377866,991870.8612936119
410,26.18158959752754,76.6484877171753,14.979064184670033,-449834.7062081945,1438835.8186775923,-1309559.1229808333,-1668448.9881801545,-1443324.5686322877,210312.67273584745,-2131732.9208449936,-1047021.1669918777,2858196.0773254354,-1173268.1234249047,14020.200244570202,48458.26937071244
411,25.537440899905526,74.75561655034255,19.270848217494976,-463465.89012873924,1294288.5035107504,-658203.3330471893,-3117417.965410743,-3157091.1965559665,296179.4032037668,-3992617.1924338955,-854566.569985952,5019803.04275467,-359050.7176799558,-78884.86602626322,934301.3241524403
412,26.181800033406386,76.6488746119681,19.27063033686197,-397835.6408920714,1793163.868501446,-776535.5807695,-2764122.996108272,-2750472.9498524037,48529.4491647329,-3450313.5720197177,-630864.8592067276,4699971.078066319,-516268.7055531847,11362.464464397985,333982.6581969248
413,25.537720459944314,74.7560579046719,23.562476080205926,-346494.3825268474,1989975.6716647982,-373439.7464821547,-4216308.81650677,-3437490.2942592157,220910.283836269,-4618941.898059995,-578974.8511164205,6467958.2918322105,-275376.01380305155,-61248.3852420293,1032969.1933135604
414,26.182022492331953,76.64933233753582,23.56224269159769,-330703.9258630049,2114569.2846098426,-303436.7994846245,-3832137.584923984,-3033423.2216241295,-2923.4576027966204,-4141368.8258783803,-311079.08452019497,5932876.46966079,-225414.63727810004,-15988.805261580208,598798.3264882554
415,25.49770250623176,74.63817227511942,27.85411708159221,126703.03051006759,2869784.026860325,404665.37246024655,-5525131.192153414,-4019748.354342468,240070.37392792088,-5282950.836475956,82635.9228569888,8601467.343449604,-103424.48747826948,-36786.73826897673,1190168.9597544638
416,26.222499286119923,76.76811745379577,27.853859726292733,-412453.77789930475,2612168.3561901776,-153384.67926553276,-5327898.884261942,-3530599.8153594704,-60025.27176430677,-5454608.751359004,-176537.217441397,7677475.867825741,-83807.40552395015,-14098.03290595234,842957.6418945605
417,26.15734424858351,74.53752519833897,14.68752821997449,-421948.96322842775,680729.2548213643,-297889.18795165076,-2009721.527868871,-1677444.7684132475,407583.36038175377,-2289107.4954320546,-745396.7512119099,2995395.3502852498,-399180.03355135495,147336.20575606797,998253.0591596896
418,26.81950705105601,76.42472621587288,14.687394669930207,-442133.50329822337,1586770.1952973385,-1315437.9034812977,-1752218.1113269401,-1552649.0993169139,216207.36010319192,-2210806.584803312,-1045268.2597297492,3085273.63305088,-1198869.7951835524,20097.35795926765,45028.745229029424
419,26.157625061907986,74.53791532156431,19.062516149817643,-454840.4807317237,1339418.7226009143,-644818.2810073177,-3072440.4230903406,-3118502.159138985,310544.8061603589,-3901078.5524782543,-857702.6001483626,4998541.11348849,-366260.0685192535,-78098.26229938141,939881.8674154237
420,26.819730261600146,76.42513361300932,19.06229032549703,-388681.1424996917,1985539.0460603565,-768357.218539361,-2899857.236048042,-2962538.5441122274,59085.354838598534,-3608139.95452979,-627891.4189614566,5064532.058512552,-529538.6505992603,12498.946813665742,334021.9588085224
421,26.157919784344788,74.53838050467571,23.437475628428764,-335355.7169402628,2025911.547593773,-365841.2952764599,-4132763.0038667875,-3395839.9857952623,231983.5353405233,-4502738.684593338,-581048.8451430113,6408502.065113398,-281992.44818511367,-62083.80855088497,1033058.4619190954
422,26.819967560389195,76.42561575008281,23.43723402214103,-311947.990040708,2329094.5131539665,-272371.74922829587,-4013489.189677339,-3261239.0141947274,7153.661614648185,-4314694.605298526,-295070.43028543436,6354539.809468923,-224045.30821190221,-14271.938396431004,616389.3719888134
423,26.1168069925668,74.42089524117706,27.812448844305592,152950.14239641035,2896710.180179525,417444.53858567274,-5382267.793154555,-3958137.1713347347,250580.05505577,-5102681.559600656,88019.4651973967,8481766.955564866,-105993.30847531912,-35792.121522389374,1200269.7514596658
424,26.861567545303313,76.54404680296375,27.812182769871818,-387300.9733610144,2886446.7310666256,-105148.53952409967,-5590837.790682098,-3802101.9085328714,-49518.35097321856,-5681708.717432636,-147484.66761446255,8223190.60322861,-80070.80386709432,-12867.59512934957,871129.3495593914
425,26.777572778878838,74.31997037357054,14.39586240826462,-425711.0474650889,804794.0394178311,-286699.5319979965,-2107013.500913787,-1801638.82136281,413707.8035250953,-2381323.4945664126,-749843.5673352013,3223550.52185636,-409341.0356929792,151400.60449252458,989423.0997804077
426,27.45736637585337,76.20079935690234,14.3957245272019,-449215.9782987811,1603438.746047813,-1324422.0150606744,-1723960.831631985,-1517430.672451824,223944.8417826096,-2170405.9205853404,-1057249.990719349,3057456.6639930466,-1224236.0640046515,13098.55252212627,40791.73979069971
427,26.777867489482738,74.32038035872341,18.854183383371023,-449155.80630128464,1526139.7062265933,-634835.1120582239,-3224340.4407193167,-3344489.9560854635,314608.61948330305,-4082410.3841452436,-851712.4194906177,5376271.591502944,-371315.0900753903,-79560.12363807549,929939.7209601011
428,27.457602435740117,76.20122754602852,18.85394972370026,-392121.4963482687,2008249.8854725205,-767100.8638386937,-2850576.5560819926,-2918824.316528746,72800.0133986849,-3529484.2503158012,-642137.1189649765,5020648.8945663385,-545898.7308578345,11041.602896174569,323348.60903996904
429,26.778177465315878,74.32086966103331,23.31247441411357,-318957.5474139876,2258236.321773708,-336899.52121126547,-4316353.639357094,-3638209.7869657273,236263.21906264283,-4684101.3192541385,-562211.1931787351,6848691.765581327,-287431.85583608545,-63794.690792089685,1020976.0714086206
430,27.45785502544293,76.20173425660805,23.31222472146255,-305762.5208515092,2340162.3460983736,-265009.9289661513,-3929634.8261890537,-3215339.8570032194,19311.567582287316,-4207803.405788308,-300223.6390193074,6277416.941088331,-225939.92081977046,-15553.277202805577,620819.6990594316
431,26.73597733889858,74.20380585697978,27.770779853810872,199312.102421468,3208038.428630475,483117.90918531595,-5637659.962311926,-4250719.251546876,257332.64269677154,-5310479.884487618,135566.2496789303,9065382.075045945,-109396.82869097136,-37120.668864605606,1193211.6440739376
432,27.5005713636856,76.31979055185242,27.77050519333105,-389279.8300372604,2875126.290046607,-111443.47424064635,-5462498.726392134,-3734368.3960618,-40100.495523342186,-5542265.4334828025,-161665.75751870364,8078334.1767702075,-81605.45261328122,-15460.408371858508,884854.2429872181
433,27.54380491865887,74.0347980294878,14.104197364073622,-353114.3835041417,415034.3083867336,-195671.31767678386,-1351918.9734458316,-850433.282781266,457465.3816089658,-1399157.5059801086,-611755.6563709329,1877161.76955685,-418509.0998664487,162509.41399758225,989340.8313913181
434,28.25291588446709,75.90482330997976,14.104052527640029,-529292.2335453328,853015.7574536861,-1381460.194711662,-1079720.8746453712,-666808.7894836115,220092.89787855805,-1574925.6375137758,-1086736.2321818552,1603925.1988923235,-1258583.064133868,6081.331140861252,37103.98928024119
435,27.544117087490445,74.035233252493,18.645850786016826,-388915.06247433205,752489.2320227324,-604168.4033483376,-1984281.2294278592,-1722852.382679398,338642.0246945474,-2364156.592343629,-845974.176245007,2969536.5347886984,-381952.37699661724,-80298.76892540416,918865.0759567877
436,28.25316842775374,75.90527811468922,18.645606754893315,-435135.6321729409,1070083.7460236615,-806890.3322489526,-1756500.8426551472,-1488404.4420164116,65401.73000612181,-2178200.2341172826,-705414.6902267707,2711672.70594582,-551058.2963956227,14291.615754530354,332480.0370699066
437,27.54444505440786,74.03575060158484,23.187473306074956,-290429.56574047095,1131397.045634356,-446695.620896448,-2580877.1926538423,-1897099.176210465,244481.446458579,-2753130.823450419,-625220.1583622901,3772622.8408101457,-293938.8839741826,-65462.904002682335,1012440.3389591333
438,28.253439907916267,75.90581342170428,23.187213695755098,-321718.2136735369,1227885.5657810308,-388132.8119865046,-2389502.7677999376,-1682403.0743295308,6413.661959830078,-2580530.7019353197,-371999.5162341249,3470564.758290435,-223348.14500588956,-15269.080034936576,642353.6595327572
439,27.50042987591419,73.91938849932308,27.729111188116754,158764.90569719148,1733870.7833547173,224454.74612569297,-3335297.7463796167,-2321276.387545872,245758.50183589626,-3047399.9925432177,-25927.657074651834,5190418.084795469,-112845.91585788556,-36486.21468419319,1194634.3250467253
440,28.29800622025489,76.02322153300327,27.72882596098904,-479643.958216013,1496561.1755438556,-376449.0527129969,-3469517.8181837583,-2054069.819804704,-75716.6298446152,-3667392.1784765655,-336837.90841178125,4644698.251503193,-78332.60436206008,-15024.09964891025,919079.4496880735
441,28.470702194551997,73.67660634411139,13.812532295747731,-364863.6343609619,464782.7118515319,-193745.3642863453,-1400494.8064432452,-863846.8997152944,471082.53838473104,-1431902.51349882,-615521.8810990864,1953598.1078021312,-436468.4382319767,184280.93920134846,1006500.2238742455
442,29.191494832989303,75.54220158487009,13.812378572422595,-559922.3656954487,939358.1946608133,-1423124.4055430344,-1152331.0189188377,-725984.3191676112,236993.22087140565,-1640832.6156215647,-1145855.0925404571,1742999.1315843496,-1310936.1605610116,-9597.020565846828,40172.3034818603
443,28.47103534295989,73.67707305467776,18.437518231788864,-405430.99323470163,800824.3912242947,-616202.1398688126,-2013746.271044419,-1756416.7160339667,340039.2273232879,-2395612.3372380687,-861079.157419796,3035882.7527786465,-388852.85364626633,-86144.51109526124,899228.1741862895
444,29.191767677084453,75.54268850165444,18.437261787238832,-449007.2866241265,1160313.4278889517,-805788.5245177577,-1853786.0939349928,-1605411.4950953536,76218.67554386776,-2288050.127989364,-719192.9035522161,2912760.6482886467,-547322.4599391217,13804.000492096815,352106.2784368903
445,28.47138421922718,73.67762240595171,23.062471687309866,-296274.8623474764,1171966.3782084638,-450859.6253345319,-2584740.376720656,-1920846.8925764898,247632.30509472135,-2755012.192574286,-632967.6010559769,3812811.684156718,-300123.2869754397,-67420.00940972871,1000058.7973666803
446,29.19206124551968,75.54325567076037,23.062200806114582,-328986.1299914671,1319218.815601739,-380226.84498796775,-2489833.300494306,-1795652.91610333,19764.237704895233,-2682691.863531993,-381388.51498833415,3674086.2191426307,-219362.19385353653,-16094.352632477076,667333.478651967
447,28.426658983837644,73.561566984917,27.687441793810066,178439.04922097188,1775818.5307991614,238349.43805069057,-3314283.4042622033,-2350099.732542269,254505.32282945822,-3012798.8681359636,-20418.532861781216,5225824.41906857,-116387.125690345,-37397.794040489964,1191468.9524763753
448,29.237378512052576,75.66041687374542,27.687144505139962,-490327.2230564499,1602378.8209269422,-371238.17834776395,-3603045.1887251134,-2189705.4726581844,-62166.75274329329,-3802546.836887749,-348114.86265380925,4891475.119064288,-74704.60296175058,-14647.21993453467,959719.5558073435
449,29.39762871694587,73.31848927220494,13.520866094821843,-378164.9440870321,542541.617804965,-204200.99410251752,-1495527.5640242393,-916839.2938072879,477901.322931346,-1508939.7791969683,-631857.6768384071,2100973.1356507903,-452232.7654097334,200719.86635303346,1020862.5381451005
450,30.13004613557757,75.17950956799476,13.52070396078899,-586687.3931189262,973268.2784346079,-1476861.9107710836,-1183272.7802860443,-725764.4093334401,250384.84072931868,-1684334.212995285,-1192648.7138784444,1786701.9014183276,-1375789.429565906,-31084.878456161045,47306.45105409275
451,29.397982167652067,73.31898793017685,18.229183714593766,-432178.8232976356,899827.6933419302,-628975.9624028124,-2103091.7896955223,-1875144.4751429434,339582.9839607877,-2511441.530436693,-878254.5742034347,3228369.0122816097,-394734.84586866846,-90947.14994799523,874023.5961714138
452,30.130339916471385,75.18002849232738,18.2289153013195,-454724.9779205678,1195419.6837993083,-803067.955293613,-1876030.7749176198,-1635049.120757365,84090.66643450434,-2306656.086652801,-727392.6861955508,2971675.5234334776,-542707.4315290827,14260.55738157688,364449.2814456726
453,29.398351990993362,73.31956872274513,22.937468119144576,-312366.2869837194,1276324.5995206963,-448285.70301831706,-2674028.12983611,-2032711.0787763512,248874.73162509044,-2853957.333184774,-638310.1457102258,4007940.088413659,-303160.75551473856,-67631.83370310874,987035.0786942125
454,30.13065561640098,75.18062685608318,22.937186434846218,-326575.15982675244,1343280.4546526559,-377287.6593041077,-2489967.591257342,-1815215.3776765787,32919.15460841689,-2675539.8433716786,-390993.0059084131,3705950.4848018875,-217492.89170221312,-17369.577859969017,682091.1330464082
455,29.35292034706596,73.20382896817675,27.64577056089664,189102.81651367032,1905822.6090287608,266259.2695186611,-3415563.9000958283,-2489842.5059042308,262553.7437635919,-3104389.453785989,-8926.192702683456,5474500.341549765,-117831.62280669554,-37032.828921453416,1187924.7403349844
456,30.176720758948953,75.29753159716421,27.64546161252805,-492090.93302077864,1612773.7899548458,-379605.8712977275,-3592254.4213755406,-2209793.519873735,-50134.456982980315,-3795262.7902079048,-365655.26364454627,4901995.039488792,-73647.46597669115,-15082.32278350265,989491.9822680487
457,30.15653156985362,73.01434637521892,13.22920007060324,-508416.22084639926,1342741.407620164,-255975.8522865562,-2484827.3113655727,-2118622.263299526,406022.5623633929,-2674308.7447336977,-754921.5133554984,4007579.5925764064,-459353.48879072134,204201.28223960393,1027850.6607428245
458,30.917912885059835,74.8636532748474,13.229032052551954,-556754.3979497564,2131684.4073093124,-1439773.7528795095,-2009840.0885384574,-1808017.901562246,236742.7018488004,-2455438.3550775712,-1181706.9974744206,3772301.6090320405,-1423484.3178239432,-44143.62722960648,59034.14235950277
459,30.15690173786286,73.01487090375018,18.020849485658317,-567113.0020205564,2182362.212059777,-621648.962482693,-3541051.685218624,-3916242.842009349,260693.57438736391,-4506218.761475795,-850693.8943131162,6350512.903345439,-393631.54741321364,-99640.94956403089,851853.8127279279
460,30.918225046727002,74.86419843989718,18.020571639596923,-490669.09136214224,2565817.2841055226,-728465.9648422154,-3152397.545179048,-3448714.1759764673,51128.66152163875,-3933111.396464973,-647584.6950300761,5927378.3193962155,-542632.480566503,8705.00088988001,374245.4195323123
461,30.157290359255388,73.01547865953299,22.812465540092383,-437621.22025479365,2911943.857668057,-285941.18547658843,-4543857.042960352,-4166036.147338565,184682.35815927506,-4993419.855464725,-538416.3615058477,7720217.668907249,-306154.4969271365,-68641.46925882321,972492.8158117862
462,30.918560614710668,74.8648241048172,22.812174935154584,-413751.10076906614,2870958.8132573566,-209601.81145543768,-4166902.229419553,-3706699.6185466335,8207.595613968171,-4523893.395491289,-306867.432995629,7078366.729519768,-216847.19733371478,-18140.922015674132,695417.231306998
463,30.110066432974676,72.90049705521514,27.604100583819623,153290.9475932211,3958806.3159882785,621788.4635306941,-5810169.097710565,-4858653.361464832,219689.9575785937,-5509175.1948788455,217614.22912151797,10025446.692869525,-120638.14795219645,-37373.96052390065,1179265.9073691377
464,30.96645555921227,74.98102299422578,27.60378194045327,-541593.5175284524,3436316.6530183027,-75085.32402747963,-5713741.1640672665,-4281035.278235203,-56163.942954173,-5896920.127242227,-185886.87331515006,8902444.812019747,-72737.4266430788,-15405.999840597167,1014432.1622332006
465,30.76189523595425,72.75831941698135,12.937533985576238,-498647.6017873632,1364501.9900352324,-231502.51862324798,-2456415.7641228815,-2043106.7132529034,407570.33470938663,-2591772.990899183,-731253.5184659086,3957378.3789897114,-453551.7224346602,192032.38019828615,1025343.2275028289
466,31.540610719883226,74.60048970125382,12.937362662664222,-539229.2593593585,2301240.0714550586,-1430950.3039665404,-2119028.1288790284,-1919466.0889115233,242001.93384277084,-2531517.7418185603,-1175885.9807923054,4038464.230740026,-1443497.0745291712,-44897.16040160544,80655.65178053784
467,30.76227891509389,72.75886359589553,17.812516544841493,-560708.353182246,2192277.345218469,-605086.2412810617,-3443230.1738843964,-3820699.879139812,272896.3949042195,-4354931.202946007,-851712.9164182718,6233126.87011944,-397219.2789201741,-102575.5178928917,837320.229609422
468,31.540937915730435,74.6010546233933,17.812232052025312,-470075.0985024421,2777776.2142661214,-703517.1001064231,-3272578.5643919325,-3668884.9804387568,60445.38393921349,-4072705.8122938545,-631407.973436946,6308297.801388055,-545700.2982905442,6840.344041392799,384211.60462874436
469,30.76268441094258,72.7594944272847,22.68746442227892,-428708.7603172468,2894649.6222506776,-281853.3761838112,-4398703.212678706,-4064156.9562940286,194597.90606994194,-4818747.885480773,-542695.7084225907,7545531.079652982,-310857.2108286964,-70105.11356128212,959576.5479851004
470,31.541290925323487,74.60170359374064,22.687166995276037,-386233.40066018736,3098830.1378568476,-171679.9822604378,-4311776.095029996,-3936559.634952896,21124.00229468095,-4662426.267228177,-289075.6271891856,7492418.649353584,-215550.27924590246,-17361.336045768785,714680.7352855548
471,30.714393473254813,72.64498172367308,27.562431823222628,173938.82760335004,3905050.093023825,619222.8038193694,-5581722.084025724,-4730568.364412001,229176.64336721413,-5264294.912433426,211694.71880969466,9750811.918070277,-123524.166915629,-36950.72527534368,1175473.7538512005
472,31.59028658119349,74.71747938523399,27.56210570408808,-507478.6298867753,3713240.720319354,-21787.568154809298,-5913486.9227702515,-4559972.993905023,-43098.9440765339,-6074011.949785487,-157783.6336460497,9415770.105709309,-69731.33358257053,-14382.631192824121,1041909.8184099859
473,31.373054297399317,72.49995119385066,12.645867290069415,-500241.5608072929,1439008.1598782784,-222501.0026479208,-2533265.377453931,-2123117.976113321,394935.3573889395,-2674452.839914613,-716215.345117935,4106933.781455613,-435800.1979090032,164467.26462091072,1005320.5344060336
474,32.15751537022047,74.33967158532936,12.645692387017853,-544243.0393408607,2290961.769157574,-1442288.8291601625,-2150329.826443122,-1932327.1956229247,241212.60704719846,-2564753.085327621,-1188652.6853652627,4057835.6713494333,-1451437.8970771043,-58457.53169409443,107296.27468203723
475,31.373450597256284,72.50051345304423,17.60418270214596,-565250.8485745338,2297169.1011463823,-596909.2966553869,-3509012.9349926985,-3953229.1166875907,279289.39098555624,-4448437.382031207,-856231.9462287676,6439678.284176433,-402527.1117773266,-106135.2321256624,814256.9378651163
476,32.157856508797735,74.34025435010635,17.603891899316885,-475412.92360099964,2793222.7581697716,-700406.9498121466,-3268199.6841920465,-3689942.80514792,71587.3479314786,-4073168.973585728,-643305.1083372814,6333876.9666796345,-548431.5212105559,6108.3917615095415,388121.95463548636
477,31.373873189959788,72.50116736893182,22.562462354028003,-426171.5486110037,3006468.5074710036,-266791.7359930915,-4468796.277604556,-4199645.568848318,199657.4019820001,-4906616.702614547,-539983.4608504982,7760105.386331955,-313302.00411153905,-71076.60232957962,943416.9732132464
478,32.15822702017197,74.34092632776084,22.56215850970508,-387768.5860449071,3104264.1009933692,-171859.55926016252,-4291243.530490139,-3959405.3378762417,35850.89040276696,-4651317.026377981,-305651.94678330794,7501604.928849587,-217089.3772246397,-18319.73048128045,725912.3920715156
479,31.325239773082885,72.38683075702426,27.52076218758574,195465.47453895782,4034727.3231389355,647534.0867745349,-5662824.864238656,-4897261.428045505,236531.87125006816,-5357035.214783504,224685.86503387528,10010076.234202057,-125803.73513307053,-37355.152737970995,1167222.3189738484
480,32.20759922894257,74.4565715995886,27.520428919237176,-516496.1899328758,3693199.7412963044,-29952.0901189039,-5871920.113806144,-4582607.455697351,-30692.063340810688,-6059591.068273472,-180746.1837498943,9387088.713267893,-68296.39458019988,-14764.914849646575,1063224.4425377669
481,31.82373323040731,72.30611299130567,12.354200712817097,-197060.35239765747,4276845.989400132,-103493.86333995266,-5282783.597603896,-5819391.297612503,221541.58074375277,-5959848.834204531,-375248.3621550591,10311388.97002211,-432816.20470135415,142691.42253250047,993557.2470618438
482,32.62539365007254,74.13837226469299,12.354025076898928,55274.47080909042,5999805.382756347,-1049261.1361525329,-4406535.494617775,-5232646.194419876,145216.74812471523,-4840350.386625496,-500826.04285733023,10346995.146895725,-1458280.7769796625,-35571.250605521156,110342.11623505587
483,31.824139334640318,72.30668807125068,17.395849128910402,-13838.589580820408,6574958.431839285,-257117.36713528144,-7424644.29498537,-10271097.539677713,112643.70877974638,-9848802.197336303,-203328.25949037823,16356132.931949863,-389955.53127756075,-122547.82168606039,809016.183691423
484,32.62574549412501,74.13896809389885,17.395554253536474,173204.10981190996,7182550.174110917,-249321.71770979487,-6644110.5416445,-9226788.310060725,-40470.35397638235,-8428655.954206305,69220.10365390178,15465868.416765435,-557960.3105995235,-15691.355291956765,401993.7811871204
485,31.824576583491435,72.30736134553827,22.43746116365658,354517.74887125357,8405889.782872047,572658.384434646,-9571773.078706378,-10843128.18912421,68029.28436580983,-10513386.513601094,382936.28081704123,19463516.148962006,-316910.1434926857,-72117.09688205729,925848.7577127296
486,32.62613091608578,74.13965977257293,22.437152444763633,327227.87897107983,8015853.268613479,606210.1009594919,-8757474.590479245,-9764489.401298907,-54505.23180733255,-9433663.948263332,506688.9825227337,17876266.214284647,-218608.61643102052,-17662.347192084668,735615.2145254805
487,31.774882454620634,72.19351071933588,27.479093629126012,1299774.3728973484,10686459.436694121,2052323.6730262751,-12323070.063178059,-12271252.636852082,162127.12812386008,-11690147.570167819,1519857.3053013466,24208847.747484215,-129153.5446878746,-38854.9296441225,1153503.8045183402
488,32.676593053578834,74.25485856171845,27.478754933934344,425432.88663222315,9471751.013170207,1187888.1339456271,-11604470.423584173,-10933587.199693918,-58474.46869731787,-11441328.805851897,892478.8770193863,21633921.962580565,-68151.94359411039,-15339.578996117474,1076239.5716648025
489,32.12253219231746,72.17307263310785,12.0625341195925,-200428.10800107894,4132354.32259592,-57968.24107623077,-5034061.308972454,-5467372.9015403865,238645.38229577205,-5575572.988246867,-372676.75988579175,9822207.721651271,-426975.4259712719,113198.58993014492,985567.4545641376
490,32.935644814977245,74.00032132837642,12.06236045599005,133847.96256541694,6305126.699535341,-973061.2466114312,-4534975.910808296,-5394667.181255449,139790.40390834885,-4887744.463548917,-418087.8701929254,10771745.749231167,-1459097.3281047945,-26789.52616911901,128834.31587546015
491,32.12294575898731,72.17365599981736,17.18751662552383,-36912.55054597021,6366365.714719081,-236406.1773168149,-7084599.125268581,-9830562.893307025,137772.54429708404,-9370200.732111156,-234936.61977726268,15698184.338744719,-391316.0817271205,-122417.15993915763,801770.4106162982
492,32.93600428698513,74.00092584177604,17.187220129350333,265203.0771254285,7618722.764664641,-184997.27002118342,-6837215.771900253,-9674965.92789066,-33595.85648788906,-8681667.031973194,149047.2024924301,16231548.401249647,-575190.7815878825,-22193.858977888685,400314.57404766773
493,32.12339529832409,72.1743451873662,22.312461168573453,313780.27285300824,8141808.601998588,544820.0318335253,-9146650.414346315,-10436068.661200935,87520.80312144467,-10053473.808854414,327822.3528517171,18726060.36268781,-322361.3103612622,-73575.81573942679,914847.9077843466
494,32.93640184885799,74.00163380331594,22.3121491899206,433823.8877092302,8509149.455645932,703418.8372549624,-9040053.929854302,-10284140.126024852,-48695.20887343797,-9738702.1595291,600453.5315252481,18784640.808613975,-219828.7338769533,-16408.676245266583,743382.1459376633
495,32.072997837868385,72.06082469643343,27.43742593688202,1235347.7778511464,10301237.468669057,1973849.877814891,-11717740.885479331,-11757914.997273745,173226.90226739118,-11104599.019082071,1434531.356024419,23180502.78739274,-132018.3787239351,-38345.1024101377,1151227.6112524513
496,32.987592093096694,74.11653659538834,27.437083680554924,562564.1890154742,10102352.091127265,1332931.2011779589,-12037961.04781874,-11567395.265958339,-50932.45126506578,-11835027.203400292,1018746.2534755568,22814128.431245435,-67483.02666121308,-15007.612386243409,1086230.6883717873
497,32.42420626224339,72.03880737898173,11.770867512031193,-168372.61075994791,4255780.718499616,-16695.949264007853,-5079586.947916321,-5556235.444120858,234803.07620949158,-5601755.4272267595,-332929.3823213922,10005396.96802381,-419314.8562058504,86812.96288110364,957577.3044824596
498,33.24302167661011,73.86349693005461,11.770695143735495,115530.16517916112,6129059.179747111,-955421.5183568702,-4416675.6111595,-5216466.814585662,142217.469707183,-4738283.739527648,-428831.94541489444,10456283.511511952,-1443203.9973063648,-21201.40357933924,141115.97562818302
499,32.424627119330125,72.03939837496067,16.979183877491348,7590.779266351135,6571942.645088425,-189043.54203155846,-7184153.000527031,-10084700.710990876,145029.86292538667,-9516996.542429375,-194799.3781226961,16102285.802875284,-390413.8776327691,-125164.12606606197,792919.2785273851
500,33.2433882173503,73.86410947681422,16.978885972521358,244039.9267646917,7489071.069331572,-193763.98188689863,-6670560.436726807,-9486032.731941001,-14516.4969760474,-8485646.441647364,115038.56705172769,15909954.888805006,-593245.0216260129,-26728.16049395781,396386.38620053796
501,32.42508900756387,72.04010350445891,22.18746093004154,369732.80759381084,8409233.463463454,599269.6499473618,-9290210.593502779,-10762802.954053277,93465.37741310512,-10244161.569652943,375672.8418106133,19246724.64884695,-326012.51035745774,-75346.80690509178,899755.9206653776
502,33.24379796223552,73.86483358998963,22.187145831752698,411066.83268403145,8371882.542087762,687666.7033454101,-8840910.280134268,-10141510.884522317,-33070.359619078685,-9560594.338608777,564127.8954845078,18467082.521241467,-221949.2957274223,-16181.648094771972,747715.8243500591
503,32.374347787707244,71.92676000513971,27.3957580078987,1318028.6081740235,10656387.061808825,2054848.4757455832,-11945375.128450014,-12154754.989066925,177065.53490469526,-11342526.78492326,1507250.611971406,23864540.31868027,-134236.0053473819,-39112.82396559721,1142963.88155295
504,33.295356970358895,73.97959354081651,27.395412315236435,518538.9595749718,9901455.90208126,1291658.6100019217,-11766858.969018036,-11381113.967866585,-40131.00493000752,-11614834.352129744,963013.2891002716,22363474.53468763,-67637.33670029695,-15597.623184695482,1095533.1731807557
505,32.72217810392914,71.90394178429909,11.479201229741,-164494.07631662535,4308680.489020364,20747.718466409016,-4991368.138654196,-5523741.847786911,225794.48929226332,-5493315.223403149,-305451.25360179204,9963700.608175084,-411075.64439051953,64289.99059707897,923838.2018421191
506,33.55238299748192,73.72347766727523,11.479029713299758,116595.36793705611,6128225.716410273,-916412.1211434149,-4350828.044469265,-5190942.934849105,128909.41917275549,-4675888.9688474145,-396279.1204068152,10400577.052458152,-1417886.2568313875,-12530.857590024747,145395.44572365563
507,32.722606238560985,71.90453990464805,16.770850964715194,6446.185703777475,6664527.768850375,-150660.6052656253,-7118707.428907862,-10105284.644086303,136610.25093505855,-9451982.087181676,-173645.9536609673,16145941.390131164,-390359.4253301879,-129361.80091243517,783011.6084484664
508,33.55275632379592,73.72409800068755,16.77055165589954,239107.74832502753,7569229.4700997975,-177188.60317719216,-6608351.698224211,-9509629.73618449,-20038.02830877073,-8440763.96989567,124266.76256761818,15947645.822575677,-609062.7162938297,-33125.98633487297,397109.58607522503
509,32.72308046444954,71.90526077190373,22.06246080411724,361350.1886419188,8525500.594183918,625103.897306056,-9219685.926479463,-10842621.898478325,81658.61519839405,-10215136.948272608,391987.1519641829,19335104.476440314,-330258.3794984756,-76886.00553482208,885849.3028081662
510,33.5531784219333,73.72483817059221,22.06214261409407,401492.9924767623,8472716.337031484,708519.0859225518,-8779694.257044917,-10220642.387146844,-42135.25043277897,-9542985.771630948,574594.0830625837,18551120.103999153,-224239.47117949903,-15778.19289154877,753048.6285089771
511,32.6716400613241,71.79225616880575,27.35409043204048,1313464.681386789,10797425.45524938,2081408.0219543702,-11866415.556508796,-12246413.759821344,160744.1922923942,-11300172.542230822,1529294.4071728303,23963176.29364854,-136945.88968362662,-39569.69694899684,1135691.2929661013
512,33.60546169153283,73.83929325358987,27.353741292090064,499665.8110509608,10012846.926100524,1312225.6956174206,-11704226.65500811,-11470448.121649278,-51389.96867324991,-11595331.00796325,971024.907069501,22449044.533662654,-67552.78590332184,-15815.779983939221,1105152.021476043
513,33.022141854811395,71.7658985093355,11.187534789908394,-170714.2728668044,4207280.859469559,39238.10099400231,-4812604.120038829,-5377929.47577745,234707.444275569,-5300217.414316869,-310060.48961124575,9686082.59152487,-406444.9111707278,45196.54950514858,885186.3642621904
514,33.85803415543556,73.58283934319168,11.187364043530534,153078.78566311416,6224093.144251444,-868094.796037396,-4367487.999016784,-5292869.243265533,124945.83518147134,-4704415.231982868,-344729.61488722963,10558221.980747262,-1391737.2320130737,-2062.0590306853196,139051.73460185455
515,33.02257748179672,71.76650363066537,16.562518381997812,-6038.681328756036,6550922.615631428,-135289.015028412,-6939996.893817302,-9905283.371808928,153113.0479356372,-9223413.417271622,-191909.38070918786,15824917.717255065,-390874.3539340696,-133499.08468263174,771187.307034322
516,33.858414054286634,73.58346738229186,16.562217761920927,284200.9182120324,7772805.19755036,-145441.98856621468,-6691425.271161078,-9752659.006607367,-10143.686026883966,-8577563.437474655,158234.84909139,16330892.715579446,-622296.7536842648,-40270.94136811622,402438.96109818754
517,33.02306412958717,71.76724012526486,21.937460771013995,338843.12479749275,8385042.144849564,610149.6735751443,-8997882.4326622,-10682270.135975407,95729.47766890464,-10012590.190732876,357680.2744395253,18988944.859515548,-335446.45593580836,-78659.04020062006,871964.4748178339
518,33.85884851905893,73.58422336339844,21.93713962415027,455411.95052698115,8717392.10838129,757477.8419197849,-8908601.995953778,-10532549.415858405,-33489.413383323175,-9723288.102635618,615428.5340119224,19038141.469451763,-226795.37949341655,-15599.749710937513,758335.510138735
519,32.97128103419406,71.65441464266968,27.312422687541904,1280998.6091148946,10595169.574093167,2039180.0765979341,-11561062.30989328,-12041763.775363533,168886.01434816577,-11044284.434388831,1480486.857888438,23479145.836306393,-140066.61124975982,-40029.56653539822,1129355.768785756
520,33.911499998499934,73.69853349048475,27.312070224835,565731.608538379,10325276.84148838,1384503.1322721841,-11918700.393347736,-11849629.695409093,-42565.254381027094,-11831505.088984553,1025554.9095683611,23081461.76171514,-67501.73449399121,-16045.661633242227,1114651.2785446872
521,33.31928671143,71.62920592472138,10.895868215179366,-111495.37700968096,4451061.998541373,88811.02371652331,-4870454.765304928,-5599604.466217156,232552.88739533204,-5373862.204727344,-255132.8222628231,10057372.672238383,-407643.8954273507,40530.381876083535,846932.1739621928
522,34.16650388005055,73.4408506543871,10.89569817140987,115037.48872389551,5923359.897273313,-867487.7128532806,-4108752.583748552,-5022247.522629972,131930.63029512044,-4462037.695505791,-369555.1652455556,10002502.533895278,-1366589.9042024163,11029.754446532563,130037.38830060142
523,33.31973001972287,71.62981810828576,16.354185573784385,85159.64401357295,6961528.912296485,-57258.316348821856,-7130899.1019569505,-10375516.88798143,155165.38266246233,-9498025.984213432,-104718.13526247496,16592174.35943714,-387874.64557934576,-140823.98398087267,758206.2817689198
524,34.16689032756897,73.4414867245345,16.353883617782444,239410.3601770408,7485933.866695041,-167219.7587951119,-6375719.1745337425,-9334394.011456301,11175.575228429045,-8185633.581891962,101789.17305657432,15641968.876912355,-633955.7928013447,-43448.22210771148,405150.1902945294
525,33.32022902664972,71.63056999814911,21.81246052778576,453709.77783226804,8900768.985636212,713449.5621172357,-9267001.097700967,-11240662.399074486,99317.82499206602,-10330761.772874588,461789.84292479,19936900.255535513,-338588.4463169425,-79923.28678333804,857115.7679085904
526,34.16733721227876,73.44225840615634,21.812136435303753,406502.5289668469,8412270.414149033,715567.5102592737,-8506095.956701038,-10134072.6553263,-15526.490348656538,-9308381.137241058,550616.3794893005,18292105.211126916,-229366.74874326691,-15730.481469897859,762537.5097332867
527,33.267751028547806,71.51809242711667,27.270754719351622,1445525.5686458226,11289850.10621758,2199104.450167932,-11989982.739489174,-12733208.4100442,171061.6757464148,-11447761.588756436,1633205.2821588647,24749036.431628898,-141560.0795414134,-40347.97427948125,1120816.9453605865
528,34.220709370924354,73.55625480236382,27.270398934328604,482677.57822588226,9905331.507373922,1296340.7487461723,-11361448.00498333,-11354621.684082199,-30977.834623343635,-11314274.67471784,926477.2243104988,22072147.284753323,-67633.63406494289,-16268.540668817883,1126136.2934101794
529,33.76235425827994,71.41855577610914,10.604202348115267,-520956.55902567675,1596684.718918837,-103633.1819816968,-2240929.856139368,-2123432.321752992,349387.6471004401,-2393054.1045295275,-635649.1203351682,4000798.202776161,-389125.4133678034,12499.38892884312,790871.5507734467
530,34.62653335734923,73.22220355238196,10.604029436212704,-491484.26487820037,2320068.8758894927,-1275626.854280205,-1964130.745104234,-1920133.4808399065,169013.72902774587,-2411741.1243993565,-986138.0397817622,3950836.920912205,-1326921.4252124904,-10986.078268790186,132944.84048877534
531,33.7628087495503,71.41917910112649,16.145852472193308,-594933.3439298024,2590843.3212585235,-475041.6657571973,-3307423.8794757742,-4062085.487619176,266035.3805498525,-4264808.077283525,-807648.1189378547,6593324.507792904,-408663.1288667326,-126997.07624666547,711201.3604411199
532,34.62692925300854,73.2228522168978,16.14554698050979,-503734.97899133037,3028160.364961514,-690465.8564350156,-3093439.5756519777,-3804684.0248698127,79096.55239850396,-3975436.440071113,-653679.5930280267,6463075.562634308,-634868.4980738529,-20104.929230198555,391765.7127095156
533,33.76332303677749,71.41994937881404,21.68745992068712,-480239.39014686353,3348221.137398797,-205911.14786642033,-4254521.92414764,-4447321.242319466,174410.86913167508,-4809862.289090875,-521616.9457873423,7993549.834263729,-343636.5552841977,-82543.78500016617,840665.7964736111
534,34.62739197968352,73.22364255391003,21.687131605121277,-419007.7842067417,3402803.1903278306,-122618.45484327106,-4123598.595143599,-4209783.792222713,33766.88744335092,-4585966.498698422,-305297.9154315611,7752441.365407802,-230951.29352122848,-17664.435067948343,772782.1555368851
535,33.70980069534206,71.30799074687016,27.229086657770864,185278.46114908822,4459917.37382533,719029.2812616293,-5408840.494048213,-5197923.866451079,191810.28317343968,-5203775.308470283,276849.39377870417,10291151.030927632,-144649.26530060975,-40058.21701226666,1113705.5276243235
536,34.68184009617565,73.33715878359473,27.228726054074745,-595237.5866753205,4023298.5417805584,22290.824007639894,-5704717.818318945,-4880274.994077336,-38723.684769600455,-6007001.978716688,-193805.76988630462,9651159.527715867,-66936.19979339682,-15826.084673796177,1144433.9839458955
537,34.35982348784806,71.12994906397259,10.312536419482345,-533792.4396703853,1586551.6212091492,-112172.92976254958,-2146213.7038416974,-2176812.6544663203,351678.87688499043,-2360840.919234894,-665342.5351662311,3966769.706177341,-393275.2071481576,7961.491381743757,727261.8784649477
538,35.22964219211292,72.93089480068598,10.312358321601668,-485265.9165990073,2345473.024559005,-1270545.7159749062,-1935221.171648501,-2042143.7536396217,172230.79809489616,-2478833.5029162243,-954603.5146408691,4023098.4095421853,-1301759.4179893301,-3450.8162825383724,108409.0298939866
539,34.36029333167528,71.1305887446951,15.937519303740391,-602611.0896006891,2585586.186412849,-476461.0006602524,-3245554.926264056,-4075255.22377929,274750.0522702297,-4236240.566802147,-821433.282248507,6564187.945202562,-416811.72086603823,-135010.4711967447,674049.1147213667
540,35.230050845705215,72.93156126325802,15.937208229583053,-494957.19594939845,3079811.1557606813,-679551.8185539627,-3118938.2988943956,-3926905.1746857255,89961.43127602585,-4050878.855415588,-652147.1912684051,6608328.187941314,-624912.8455119927,-19891.71186679369,415645.2636667736
541,34.36082609499829,71.13138054996425,21.56245857959074,-482909.1473006186,3322444.5589541686,-210824.29477812524,-4174891.146127612,-4448828.845353695,182977.21666994627,-4762890.679064581,-536445.5195794078,7928047.315519414,-349994.4041076062,-84890.47004994146,815473.0875097888
542,35.23053260830742,72.93237303439518,21.562124953753113,-408711.33851268084,3462360.2036145935,-114336.98122715938,-4148938.1472960613,-4331554.658270081,45176.61438651427,-4649760.442740121,-310763.05765238253,7899835.384267254,-229998.61223772212,-19149.99438694384,790272.5627856322
543,34.30697014693351,71.01961233566541,27.187417631547305,194489.4366324381,4410028.431818584,711278.5601999095,-5296652.409152321,-5196431.322065906,199782.0924050545,-5133897.229324144,263404.458460071,10186289.199515004,-148679.7892834649,-41115.68644381569,1099969.6006741934
544,35.28535185574722,73.0457419281578,27.187050987366035,-588617.7138336301,4091643.655632114,31839.05729394243,-5746915.143357676,-5028144.2965790555,-24527.00139931152,-6087798.097549214,-206121.2288843721,9828784.32552601,-66393.75899520126,-15416.359379825339,1169143.0115788733
545,34.94892208966585,70.84556610715936,10.020869859292176,-515300.5258704744,1727184.6048264112,-99508.23064123944,-2122545.5384514816,-2338202.4731109147,362355.795363115,-2375131.452694108,-679403.830469179,4166911.1314779865,-413848.5645723342,18268.930752686578,692644.1354956996
546,35.84111854363551,72.6353572045972,10.020687996592578,-484478.57200455316,2231183.6468523275,-1285573.9549303453,-1762849.696117923,-1946157.8553673986,181132.21215015918,-2371308.4403019277,-938254.2960793639,3770693.8562987214,-1309687.0485935211,7413.927775427253,90551.87990301296
547,34.94940820924693,70.84622385043346,15.729185399760286,-568075.5845967806,2830549.204502049,-443716.3124551042,-3302235.6916116867,-4355710.015017889,280293.01651331165,-4369084.850007951,-792534.509043608,6980376.666501723,-422291.74835090747,-140618.0906046813,638553.7768897905
548,35.84154127035085,72.6360436351512,15.728868650851858,-486317.00771476806,2954247.793727746,-680218.1952890622,-2930689.9366598306,-3746913.657027289,102802.62362796237,-3841203.6845892495,-657380.9832675649,6286297.258580732,-618074.9233978542,-16937.356046560028,434015.88733411196
549,34.949959586231444,70.84703690872938,21.437456395841906,-434352.2701056324,3600809.5162582546,-160494.39289164066,-4264438.928622426,-4738284.8456685515,189685.987601633,-4885822.065099817,-499013.8684879316,8390798.786848731,-354093.9303145011,-85441.31405581777,794788.5435223551
550,35.84204222212398,72.63687703137143,21.43711736884025,-393897.184141521,3318020.924633066,-126921.8303317976,-3903357.5940493597,-4126579.328700585,57083.49081847472,-4387437.958433354,-322882.6220990473,7507522.490692148,-227459.77617177594,-21026.040732979152,807361.1610932734
551,34.8947238713711,70.73598705258823,27.145747718914915,276748.01701005304,4771531.712539758,794177.8822039039,-5445282.511721558,-5555445.629185673,206058.59646449125,-5283300.192561996,329171.1148739033,10796586.68944181,-149696.6296589519,-39704.3636975,1091906.7714047548
552,35.89827920693798,72.74957028909816,27.145375076490456,-587573.307466076,3886735.649369873,-7615.844584298087,-5408761.738521383,-4774435.015803723,-12064.10910808665,-5757453.420338232,-243188.28456944958,9292188.202227179,-66309.34171022626,-15225.528535221845,1195318.750948138
553,35.82129214922001,70.39682688064275,9.729205016042487,-463543.4719092429,399749.10853152577,-126653.77097300437,-784738.5361630796,-489974.8895204568,416579.95644483546,-947431.9830127511,-416942.26120639365,1173926.109868423,-438298.90114696143,24847.51448885828,663325.7298422515
554,36.74694748533734,72.16967731604188,9.729015151138343,-509522.4381729009,586867.352227156,-1433157.3110398608,-643283.8229533333,-295397.1630351591,162152.19648451314,-1481738.704810957,-805720.2656129637,931646.5734383158,-1335993.8923092294,11326.533852568577,57498.87910504997
555,35.82180365052824,70.39751437909712,15.520852493477022,-486141.9403058561,648267.7775972455,-587740.270724155,-1182285.2991302384,-1111320.8329547774,301655.46509083064,-1474580.2032666234,-840275.2325263417,1889241.0023601986,-450280.1514109356,-135106.6750880507,578473.0321407374
556,36.747394125456054,72.1703955563607,15.520525988096592,-390161.4915718625,806775.2612112418,-830128.0273265933,-1098016.4848821168,-903989.7621677911,70683.33100602646,-1450732.4873439386,-686662.0008294971,1723880.2304862216,-602400.4056231197,-3448.0712146718506,451181.67768018227
557,35.822380613082395,70.39835472634223,21.3124546470464,-309632.19061869744,876813.8249740305,-500757.7121600013,-1513958.1110988993,-1243764.2130750322,182731.76854600778,-1700201.0711748255,-601457.8905541523,2368082.883924309,-364746.7526992832,-88157.11617616867,760951.7524726313
558,36.7479216358264,72.17125679965206,21.31210774131054,-182312.08930849796,915404.7418942957,-402424.23028809635,-1484389.3701304763,-1078435.451609284,22031.61251561222,-1589207.8583621916,-343604.17806662247,2263480.458726515,-219739.71900585628,-23560.42319364412,838957.2907606679
559,35.76507819952956,70.2883887002931,27.104078393758037,298817.76218591427,1427980.3027384935,199075.29445451553,-1927205.948489539,-1669239.6847432996,174327.40143037826,-1670020.799742376,69421.44027940725,3526472.7188418913,-155450.92563200905,-39691.65936000367,1069469.8542958496
560,36.80627564971362,72.28291670489011,27.103697215565315,-463669.3740055179,1059113.3540724826,-497654.44350034324,-2367848.871265427,-1436484.7471855257,-67614.29274737515,-2619076.861454266,-428136.4202620663,3145002.818282954,-65920.0673096253,-14323.666872022699,1232482.2015960992
561,36.993658892288366,69.77526046972687,9.43754076882143,-487885.0397658964,405877.6065170547,-135474.16752865326,-738940.5768941194,-477761.0776862619,437703.30843549524,-941597.3860618465,-413857.77299918013,1137973.5582835318,-479442.09914014634,42389.310828238886,648267.3933062727
562,37.93040022088007,71.54232255047445,9.43733957882679,-542905.5748312685,612919.5150298305,-1477821.7836588803,-620482.0113161823,-323060.0956601812,199796.9248370523,-1540203.72181581,-809002.4110976977,941398.2894531895,-1387718.3036441684,15790.225350736568,28997.699410648343
563,36.99420477754078,69.775989872427,15.312519884959782,-514688.0765921795,637625.8228073507,-617892.0892925381,-1113178.601412793,-1117362.899995029,308182.3772114542,-1453017.586528294,-871587.5135650029,1829650.7570159296,-479057.47282190836,-137428.28523218588,516222.4315409242
564,37.93088091204166,71.54308309981775,15.312180080578749,-381377.8279242678,842451.4569471164,-815896.9559889869,-1103538.474984008,-970027.7202632925,83482.97961718231,-1474495.4420735673,-675342.5570272577,1795014.6721346858,-579716.0092410909,4558.676761156661,488302.672853286
565,36.99481486882232,69.77686412801263,21.187451926352384,-315135.6342528019,852931.4344194774,-514916.6882935609,-1433722.0126307553,-1237831.3916228234,184547.3944480684,-1653994.118080996,-609662.0431153404,2286535.273069452,-379317.1054982389,-90484.42392073166,715478.3568039598
566,37.93144221703954,71.54397819004609,21.18709514094364,-167159.72302457178,942610.1171598712,-394254.35627171403,-1490303.288716129,-1137039.876317459,30706.184159610166,-1607267.3364981888,-336408.0089294995,2324871.3832912734,-206949.14319513133,-24506.98406559282,882719.1601733809
567,36.93685037580005,69.66728866765439,27.06240772834296,330674.7799129961,1393542.4017524864,201050.6937809172,-1818695.5699778653,-1657561.6137223998,178344.4909465964,-1584925.46738903,82829.96096312888,3427363.3818723015,-161921.91854178437,-41009.66993272322,1038188.7499232197
568,37.99052094692817,71.65530497118033,27.062016093671836,-458991.97689925664,1081546.1572001767,-503446.65480191464,-2375002.1454990627,-1507693.753517134,-49554.04599453871,-2642452.4701893367,-445510.62732055085,3207070.623008893,-63992.82111943163,-10320.720396833223,1286215.0310101407
569,38.160591587285865,69.15678725249103,9.145874676177176,-501744.6921290875,440418.8639305624,-151909.14769176184,-716747.272936148,-500367.33544864994,454982.38613164733,-937382.2494734696,-434832.56002895854,1158979.8336121412,-513201.0990288467,53425.10664903464,639705.407377813
570,39.1192785920615,70.9118626548168,9.145663550896169,-554642.9787189509,582842.4916893343,-1536655.9353127978,-551134.9439248657,-280775.39703030564,231471.15253593258,-1601181.006602424,-763851.573532411,856576.1577924208,-1456820.2154329866,-2181.812211313428,30296.5077457239
571,38.161170922397666,69.15755842720927,15.104184153174012,-538522.9077199188,683683.7644294412,-644593.4966637476,-1084239.3410735077,-1199157.8592486691,315457.691851722,-1494749.8808875186,-893287.4473802529,1888604.688313547,-501991.54647396406,-134354.0936331133,474326.42775195814
572,39.11979492635381,70.912664395301,15.103831458475756,-350146.2587151748,816803.8062453789,-808904.2191017093,-1023373.2486782243,-927087.414592968,94470.01365867975,-1394071.327517673,-652839.4279555832,1704664.0839017506,-571056.2984191106,10982.123980008468,509666.9407746995
573,38.16181474382669,69.1584669464917,21.06244573594464,-326478.1878063112,896217.2391516995,-521883.60662287124,-1410328.662874624,-1317249.6072997584,188064.95535301973,-1681430.352324155,-615022.0833991147,2344307.8804457868,-389547.8241791249,-90462.16216890814,690766.7795025439
574,39.12039073126184,70.91359379107503,21.06207919766719,-115456.8811579108,901649.8721241667,-385651.7383021376,-1393362.7760007419,-1085839.345219582,36352.454423875155,-1496290.0672361027,-312698.60398577823,2209529.923886,-196079.44342327947,-27359.08294004011,915958.2391175755
575,38.10250958164409,69.04966877047158,27.020733463407847,353721.39854743594,1448573.4240885363,216887.49470897007,-1792250.267899327,-1753151.8403651745,182479.98411877823,-1597043.3089397782,102323.34152978811,3513902.284754932,-163564.66948623964,-39797.42211287581,1029416.9754338816
576,39.180873074525024,71.02419922867787,27.02033186595829,-411999.34575731616,1011281.0631122525,-515035.06393826084,-2243916.7837337544,-1444941.766268808,-34970.95298424989,-2502843.292545081,-452226.58150141744,3039316.5274631754,-64578.94687584352,-9216.64085622413,1328731.7503676317
577,39.3003640366656,68.51552864920195,8.854210107235179,-525606.4691683861,465821.4186076373,-156711.51064513615,-669043.8466420852,-514640.2850847046,435651.3363803135,-911806.6712812185,-442668.78015834367,1137978.8902336776,-526620.8198172817,52655.61038165279,623281.2492402408
578,40.302629501460714,70.24608808448345,8.853989792448727,-578555.6176503573,602806.3712508024,-1577975.2782664774,-501540.36848966585,-301290.1442186115,240410.82453276316,-1649590.5358578279,-746609.5465289002,842475.5577206956,-1506573.1450326627,-18929.75116783448,37807.859952917635
579,39.30097575892094,68.51633835119847,14.89585076715659,-584589.6720204749,711907.0898266785,-672437.6402438066,-1013247.6189494235,-1252301.878876561,280449.46470721567,-1534582.333685183,-884296.4760696933,1873758.5873172735,-520260.17886861786,-134361.20929773778,431425.89068464393
580,40.30318256709934,70.24692768095265,14.895485590547798,-375118.4123561198,853298.2940790772,-810942.7625188769,-976103.5492111795,-977153.39148106,75391.09854634426,-1420150.3852730046,-627845.5067754951,1715233.0112525807,-569546.128412486,15936.995738002754,522579.8865870928
581,39.30165417514538,68.51728064416454,20.937442269165462,-382400.89103598776,917571.3613534116,-542243.380225146,-1335511.0071674637,-1370816.8532359558,150252.88703745234,-1712965.1543389116,-607108.7712974933,2313001.015728683,-403473.68786854995,-91521.66697917307,659875.6701347373
582,40.30381458826654,70.24789117269275,20.93706597304683,-146095.93733624753,932724.4732748013,-385052.63234184694,-1353419.6854175797,-1135224.535905153,8785.175438582804,-1519601.471093717,-289620.9259542278,2210798.300644652,-186285.4271861901,-28182.2546299561,949845.7626418251
583,39.23965681408513,68.41004188075036,26.979061912728767,306079.34091277636,1462172.4016938086,209990.39483916725,-1687501.8861291218,-1803364.8808478883,136855.04855424172,-1601491.040884772,125423.15064921067,3454310.0276813135,-169864.6991642376,-39703.58425840285,1008453.646410315
584,40.367053921442164,70.35699160532957,26.978650597813036,-474400.1578351898,1023930.1219113793,-532819.5506392119,-2184707.673605962,-1493779.5949986025,-60474.30947570322,-2524471.2904939447,-457354.7540125054,2998536.4579434283,-63885.773097537895,-6856.032613507035,1371746.2945716206
585,40.43476203663111,67.83922854795881,8.562546194855353,-522941.16361898405,437398.48638428026,-147952.94391596,-596717.278715224,-466206.57152780856,438862.11433777737,-883699.7479784181,-391280.1980816443,1041484.3249093986,-532621.9832166261,40432.704028721324,607894.4920849812
586,41.458666440024324,69.5572554748436,8.562318028104837,-583135.8550834446,620056.8214029369,-1601449.5367595956,-470804.1217807414,-344385.3542487798,269942.6621261973,-1692152.7207545238,-724821.9914719848,852446.1417864047,-1534698.0303525408,-29641.758084443372,42896.92743553291
587,40.43540528761989,67.8400731761463,14.68751979853269,-572629.0292089413,661184.9114474433,-688928.5698038519,-897507.901914516,-1186386.7741696874,286564.57008809614,-1450735.5198346742,-871700.7246659268,1722063.5569352512,-536510.105327778,-132968.80311078407,383121.4845646675
588,41.45925565598627,69.55812820884877,14.687143275216378,-369251.63531628856,883742.0575501287,-810816.0800227472,-942726.4255209524,-1048785.9149981595,96089.08336921275,-1441100.217920238,-618952.620397673,1763727.1805290033,-571408.5033006909,20325.771104364238,529050.2109098926
589,40.43611916378581,67.8410485929561,20.8124413068853,-353814.2786105173,850592.9015166331,-557952.139523095,-1195054.6036693302,-1306217.3883487668,155383.0839485525,-1601653.6615811137,-594526.5698406427,2135006.714804777,-420356.37505090144,-93414.89196632699,619313.7908088802
590,41.45992493467879,69.55912434246682,20.81205579890046,-126917.10200922051,964880.1005939397,-376373.6129745494,-1330183.4874304,-1206561.9571514078,19909.374006634396,-1526338.2598104572,-277703.2938093436,2265630.939229971,-178421.88070092796,-27345.5006483277,979865.2348520749
591,40.37280189463153,67.73461963472099,26.937392457991393,371549.3730623798,1368488.3428006452,205431.731674548,-1500286.1667015227,-1723964.906377369,140926.35303423044,-1445740.0571055645,162920.20433640803,3228289.300306729,-178859.06410170524,-41136.23539595582,975535.7708292758
592,41.5245508185583,69.66746791148044,26.93697211796784,-463407.18700682,1048868.290596569,-532894.9995132069,-2160599.262457118,-1584522.3934872653,-41475.444216446536,-2532685.065951705,-468600.3722192665,3053851.5422475133,-62705.364847809135,-2631.399706260276,1412981.7314348933
593,41.564049511508166,67.16655818642676,8.270879592489653,-530318.820677985,470880.09659895854,-154743.35541691445,-558289.082519257,-507831.5137038145,438854.1039473305,-863356.3150647222,-415398.9777617885,1064573.2133305701,-541095.807106364,33322.403914071685,581311.7965479663
594,42.619806130074586,68.86478405894931,8.270644865058088,-567925.6813145443,568316.0784632548,-1633022.4612690872,-396625.4022328166,-281977.23358067987,290010.7698206003,-1721365.9547629093,-658166.2335346775,746900.1241772098,-1567640.693344709,-30722.62724729186,43876.070120658456
595,41.564722207144115,67.16743408570078,14.479184822250431,-571030.7258854815,698596.0407080537,-699276.5313222297,-847824.9421633246,-1269399.8380559746,290268.9095433713,-1498833.3856483183,-850915.8364051537,1778038.0055538155,-541964.7866899937,-128849.81473948347,353505.95283585915
596,42.62042973131108,68.86568608131638,14.478797980593654,-325953.7948385636,820480.4792071822,-811872.4899661723,-825120.6314338064,-940466.2478709777,112734.90003569065,-1318237.0804673722,-584900.0023720065,1585791.2772418251,-578311.596152591,23334.454993616608,536333.0093964926
597,41.56547096341158,67.16844139818862,20.687436619763933,-346325.48646637495,885079.7296129316,-563562.0358825946,-1146800.497456479,-1396886.5707340727,160351.75778699535,-1633801.2818741293,-581411.8569116006,2190405.3460496925,-427559.0451123112,-94110.2421989226,607784.9469010585
598,42.62113643580575,68.866713283596,20.68704221833731,-54534.055105069245,892636.570596562,-368327.6819316196,-1189723.4783181683,-1094338.1696671715,26757.011763134673,-1355498.8983768686,-240558.2116573986,2065831.9435941405,-171651.66824641722,-29195.451833208077,1004821.6265105811
599,41.50019552730477,67.0632760981595,26.89571932772124,410926.676167878,1408990.2958473924,218653.9393939221,-1444178.82657046,-1839267.707501351,144618.99740759796,-1474070.8463210636,200901.53220842915,3311740.225521827,-179999.81532049875,-39622.58526719827,978752.919616082
600,42.68778768794932,68.97384478033979,26.895290372070015,-388779.1993128513,934872.3512237511,-543195.900222098,-1972965.4833106746,-1454140.1636919512,-27123.811858587425,-2318865.9544763407,-461380.719674249,2783143.9258393915,-63173.91859477276,-669.203286627394,1451624.7266941066
601,42.935478211530096,66.27760065972814,7.979215921438258,-377631.71454416774,120476.15422719669,-97551.25969087263,-217994.11676710486,241351.56642743648,420756.85285255895,-792376.1072175176,153199.09062249775,284470.19658717606,-535465.1737821603,25761.76230181429,551931.0823164354
602,44.04389685457483,67.94216770709696,7.978973355680216,-405211.6587580608,123943.9559369352,-1628986.4771294552,-129595.33221264882,380410.04741563083,271272.72615787614,-1770531.2311761235,-351645.73231039994,211922.78353594252,-1587716.5504458016,-43066.53397511092,44461.32809358192
603,42.93618529503209,66.27850876925217,14.270854354163106,-274657.5894934215,136019.67680459464,-661561.9631382305,-277105.32390318357,-37828.442786854706,262987.050833251,-804569.5194994675,-296998.89886516583,301368.54253757594,-548626.6682001657,-124208.97411835902,302562.12954214093
604,44.04456155574433,67.94309960508491,14.270455606963871,42313.60221432931,323666.70970945834,-753475.1953505259,-344737.928109835,141754.2575232693,83044.40404725788,-793499.691163173,-153286.4546303408,559291.2623667751,-584458.2025881478,26246.71244413098,533877.9913401884
605,42.93697510008173,66.27954924680972,20.562436763386607,106987.58701654826,223791.501237999,-557428.3470179016,-381385.3996582958,-148615.68890801983,129037.67977464932,-591334.6754018409,-220438.40761197417,585123.8242504607,-440238.3761698644,-95089.33623083604,579091.1298542015
606,44.04531348365698,67.9441587908507,20.562031948341662,508613.07489509403,393148.46652652515,-302373.1658620081,-536522.2036534314,4239.943891242384,-10155.693355852374,-302518.331098676,-88676.93409050902,990583.6407487958,-168493.4958006631,-30567.603631087382,1021147.2163160064
607,42.86844679708163,66.17651500117323,26.85405098421555,920775.3857367351,599850.9331134369,179216.8181142208,-452679.021202805,-465435.4464138299,96972.76167144654,-151311.7133473498,498149.60589176463,1353005.2444199778,-188520.8883738788,-39350.13215103172,954786.0390846285
608,44.11529805860352,68.04921307278809,26.85361184789928,204052.73657216653,331295.0689117021,-532889.2424196957,-1140824.728217907,-265292.4840900702,-69125.39718571106,-994349.7795966298,-424390.20793833124,1421198.5505991343,-64481.00869185779,648.0729032542692,1482583.6495702174
609,44.57537196910198,65.15552610660644,7.687553033237176,-411574.0352650109,109722.09261294195,-82394.0530103366,-186227.71896276026,285447.9775621238,403635.99630421103,-794053.8969925602,78621.10901285912,331186.79231729556,-529023.446908709,273.3673010228518,532536.4451153185
610,45.70460949926969,66.80622987460896,7.687302701387695,-426602.9704281147,136956.1856506698,-1639133.7511036643,-129398.3610970099,364528.5339096351,297947.82328660565,-1785297.5741931538,-360463.85890477354,216980.89721681774,-1595767.8377865243,-45493.479307677604,44917.604512058926
611,44.57611702442727,65.15646550482252,14.062526048226914,-314052.63905059936,128697.34573207135,-672043.2481382418,-239534.73645776606,31383.089260280285,246355.34521843112,-818695.167432854,-278126.61843036575,239423.24440644996,-555845.2518809598,-117798.07074449868,237400.31744783378
612,45.70531958937114,66.80718895832933,14.062115185062016,12061.420236598875,361186.3257850296,-756939.9701174968,-357704.0736856082,130046.13830393835,100867.8621705689,-799814.5464882083,-170986.33705356717,587108.6594459071,-586998.2950908253,32137.83465580784,544881.9170489872
613,44.57695369012651,65.15753922753672,20.437438950651593,84357.85181718711,218255.54973859416,-573316.2829376758,-341083.2153501562,-87425.24184249516,115275.7843053289,-594254.3177448587,-193541.89367849904,517093.3300414632,-455112.0702018043,-96455.42020012638,532812.7935115983
614,45.70612293278599,66.80827887905447,20.437023160763317,487440.9749308836,443809.95303529047,-298626.34825345513,-564212.40058879,-5744.499449144516,-6956.710454901623,-299028.7719977499,-98606.90753242727,1030260.259242896,-162938.88485528022,-25998.816784408,1051559.9391317158
615,44.50716850132173,65.0553991729957,26.8123843695471,958404.4863973672,583696.4265839997,182557.322310972,-369365.0227661832,-403573.9394323406,85842.32723372328,-83936.46999698576,541421.4658453009,1267173.2394440235,-198457.1333473224,-39923.54646323948,915996.2929002927
616,45.7774566951099,66.91249236613402,26.811934368536058,185167.5641409563,370227.3454755901,-536274.0763956717,-1152941.9407461954,-294310.97612697456,-53524.8584900667,-1004459.7927408605,-427269.0660682694,1450849.6920300042,-60042.25257829638,9324.64690163836,1532560.555784896
617,46.21290247958313,64.03553420139067,7.395884315901415,-456663.69524874236,122503.15735989943,-106538.62860953272,-170931.01668213683,291508.23116769246,389458.49202442134,-809015.8532152342,35314.88780587795,333001.79891098075,-538909.1656120047,-18217.24098385986,494397.19091462437
618,47.36766512126543,65.66818503006179,7.395629539401705,-433591.62109328044,137142.053578465,-1674114.8623070912,-123765.8808861083,390601.656057847,315100.1250831309,-1834309.2882538058,-359545.12669957516,223289.98513147424,-1627533.7988181566,-37212.169765989274,36873.528510547294
619,46.21368058226649,64.03649682268693,13.854188163295358,-354026.88361932046,156284.1493994862,-680432.8516627401,-237753.7840196094,38779.11004037234,232096.09277808364,-823579.5143872639,-307274.470665787,252678.3991704764,-558022.7487327391,-104005.30240483212,206836.716022054
620,47.368414885979035,65.6691630484182,13.853767975743994,-2496.00618969847,368770.9775378861,-769951.0188474548,-345138.4594842979,194648.62047121034,113734.79109513921,-840080.4596622816,-147688.31026546407,584092.7224284784,-606719.4107829899,31322.28199862381,541334.6102632942
621,46.21456167873642,64.03759887946718,20.312431920814756,49917.724459428166,248803.34950701633,-581462.7100377915,-351477.36396132986,-88954.82902837187,101383.69460963452,-599063.8577048741,-214023.18129033435,530345.4029238613,-455315.1305448831,-98566.07501175537,532129.8447042956
622,47.369267202720906,65.6702783642488,20.31200646298697,490683.688839781,461043.2302448487,-290631.18298779574,-554406.9606650779,62322.31982478022,-9099.697623413229,-299167.78404999716,-72096.16309566214,1032359.6832424934,-161989.47952188746,-31179.122022666772,1058565.7056946184
623,46.143224439526655,63.93661167536306,26.77070900520162,974423.3426017361,608910.9363239978,188691.51149438697,-353754.78315766517,-419041.2070235039,73632.52212848495,-86107.80193713335,586683.5718336332,1271450.020523621,-196701.93071673517,-40598.04835058419,935603.4827630767
624,47.44224340671826,65.77338573276465,26.770249453370155,199035.7043931362,364869.2715046464,-537018.5390464468,-1108835.8538720976,-230750.16376523988,-41546.09352460955,-923037.296674787,-454267.8252331077,1404191.5587592304,-64977.14055564177,7872.575579985349,1549780.5659775534
625,47.66409230924524,62.9748142714979,7.2500510946974845,-120628.93478172223,-100258.39731764037,75852.30904532415,-135580.6188972574,-53323.931166378,364947.1766943953,-419235.05949813884,-113728.37838310038,387928.4148272008,-539501.5232793188,-25124.44073455548,462810.7284108985
626,48.87423137201219,64.5667187666629,7.249791644824049,-120393.6631421477,-28873.700111910235,-1509554.7455200013,-62146.24347273196,89152.69561430688,285181.154313556,-1572240.1428515716,-91632.82910318539,5050.8631806986805,-1648863.3357639697,-33347.71269328675,34003.069274765374
627,47.66489719190589,62.97579123825041,13.75002027736308,-86312.10129218108,-2321.8357569399814,-470040.759370667,-243224.33402977794,-532513.3826514534,201607.57439001594,-819760.1234887905,-249623.31064529342,510708.73771429586,-562035.5685253497,-90067.29060618063,167571.62201029886
628,48.8750138106067,64.56770785081429,13.749592250476727,204626.0133775997,224890.62875253952,-582214.1501839968,-336053.84460048145,-321610.24675964087,110719.090406185,-694745.5743774603,-88899.26370172406,630947.330025327,-615719.3239021865,34926.00282916449,547764.6460083204
629,47.66581272879559,62.97690908025042,20.249929170423915,84995.18215566687,210774.90895555634,-470292.0956673845,-430818.7498472961,-673473.415349284,78630.41498448145,-912744.6873522699,-109398.65150735984,847621.3343034686,-457675.748204738,-99810.29418151727,519818.56127437804
630,48.875905367561025,64.5688364132384,20.249495958112,446268.6560865405,411583.8833846868,-197941.1122733287,-628952.4741263732,-469999.80851278437,1436.54432287303,-569712.8737468914,85594.25211291536,1144030.0488318747,-158733.06521297497,-30460.700531640607,1074720.4178629636
631,47.59104822619227,62.8784815410405,26.74987206497515,823717.2349698399,700058.5969482762,218595.2725906917,-478733.61130736914,-1049211.9214313545,41023.52088095024,-667108.6837339982,689000.3733713343,1720479.4148714708,-199317.20239067575,-41096.2355152652,935363.5827479324
632,48.9523806773847,64.6694082673088,26.749404692623806,-81776.57786646011,420563.7838144555,-546237.1402452475,-1233165.6657725403,-801772.294965589,-37118.480461018786,-1455034.9880495956,-355085.2939774555,1602670.3477297984,-63977.88113912767,10598.912120056224,1574366.4547519558
633,48.95662563884781,61.9529990077819,7.250053677941386,-109984.90160857199,-107730.76299832013,89459.18916208434,-100066.79121731607,25626.091121107183,356538.34663713473,-410619.35471740074,-81093.3833715441,363456.26264413696,-537710.8277408914,-26033.937451982667,467236.44461598294
634,50.196627246020654,63.52220214552071,7.249789255451054,-122794.85247997247,-38843.03414635238,-1519738.392499739,-35467.877410045214,64730.579497843624,303977.46745732345,-1586239.769909538,-72172.02813067388,-22964.48108585226,-1663536.2393024308,-51438.793728192424,35554.50296335847
635,48.957451905638194,61.95398362217687,13.750023724804999,-63152.243787812906,-31450.919985072673,-474934.4346667445,-186932.68053050543,-411671.7607087556,189332.2275598815,-728267.1891794725,-210547.05260139052,369276.6433412326,-562471.4872701832,-82827.33500454143,134836.5708742237
636,50.1974363693265,63.523195336853775,13.749589258443295,214747.00998918695,224514.61530187773,-579072.5532737968,-310397.9532713315,-354166.9707643576,120391.3813872439,-712893.9228004767,-54023.28546915435,627106.2802868987,-613860.9105866398,37988.49740677506,551479.7180589265
637,48.958392368439156,61.95510585288073,20.249931882869216,126304.2658860895,171821.7770230992,-474082.6683409085,-359330.34443087474,-554928.8904196136,70817.54094636475,-809627.3947869526,-69249.46002506722,702920.2293803,-461714.215052309,-99168.83507779556,496743.3680072098
638,50.198356945012904,63.52432568299059,20.249493032667672,455566.8028732061,414627.94420127105,-195987.3551051246,-599977.8487193242,-498113.51444244856,5151.393172836457,-577144.7415371367,116723.50913829735,1134628.6243681924,-157310.93072695375,-28107.95201165078,1081821.53973062
639,48.88178574084205,61.858099330768056,26.74987449349196,906120.2589089872,633021.4570186512,222828.83861522152,-360725.00518784445,-916607.2562347202,37679.76832393781,-538891.1450033474,777966.6591659526,1522895.0403802546,-204615.12606114245,-42179.5490811633,911791.5029367891
640,50.27672676194365,63.623478724495385,26.74940123922898,-79891.68147602273,406252.5162523843,-553931.6347585962,-1176603.6444467376,-852655.4804583773,-18794.824526882192,-1448805.6330476436,-352985.334200229,1574220.167265639,-61544.44955759102,13011.491441251112,1588537.1296352693
641,50.24017963598518,60.939956079788715,7.250051593139791,-101663.80164447878,-119648.85978115752,71070.61940762027,-83615.82055902775,23979.364941278785,349665.6788914786,-398867.3131800925,-98583.55064898467,347208.8218110611,-551919.4324331849,-12070.926247132084,462049.1945323148
642,51.52798682984447,62.46889364782123,7.249784675061756,-109606.84192366574,-62908.79291612975,-1558182.674851721,-15956.283121430466,170542.56539701577,316650.15844077285,-1642714.7849233593,-63167.19141735207,-24816.333350804784,-1700289.5588854658,-53625.89042594659,38801.96080677591
643,50.24102373517747,60.94094393699732,13.750019762078185,-47277.80127736568,-43142.07797782164,-476681.99540792155,-164659.10072185964,-433622.0429931752,176754.59962659073,-750975.0508387174,-175663.6014765929,359536.7776522015,-556739.3733170051,-75216.24467607882,147707.29630743622
644,51.5288192401546,62.46988578948061,13.749580813318934,247142.34061084312,212215.38676981523,-580432.1021043764,-278227.07720242115,-178310.08386176405,123779.11755159429,-623797.7601977603,-45773.97505908482,548497.360533127,-618596.9130836608,39239.67041653595,554708.2193322332
645,50.24198655321527,60.94206739428292,20.249927699667225,145366.15001350443,155266.15874209133,-473414.10399439314,-332430.6796589668,-583911.8976911351,62469.932955106386,-837265.5809276723,-27138.34790874204,691622.1335976172,-452432.2861135164,-101852.44241289722,523631.4335846227
646,51.529766362139625,62.47101435044346,20.249484358202718,510442.1911988543,406201.3579899735,-183825.7337038879,-556506.4690181232,-318042.86480510305,3779.3788266373017,-398616.5205933632,74745.82952962712,1056688.5065486762,-153807.55882575535,-30272.071933124753,1087167.8021680396
647,50.16241447848381,60.84757715968791,26.74987041222085,953595.8447117886,599731.0947028255,226555.24222557718,-304196.38703798194,-968361.2009747202,33583.81470176348,-591645.8816109841,853344.3930180535,1518183.6702331223,-197149.8849373703,-42960.60681726872,954366.2095513362
648,51.61115051136364,62.56764788638426,26.74939259137374,-10302.04347367573,369654.7628800763,-549954.9816749531,-1090279.282216233,-656990.7803762904,-5063.547672313384,-1236737.188214171,-372261.0018444562,1418395.9277900748,-61982.7069928326,12792.576066823924,1601710.93615177
649,52.06294794985737,59.30364665578434,7.395890397228546,234397.85917714675,-130469.94227487652,279532.52274749003,-62715.14985153052,944318.0778531028,345810.47317112295,-952687.388905951,231981.12959096604,1104166.6989647457,-538259.7155991832,22271.801569437874,510559.5937285287
650,53.421492728203006,60.771086810005876,7.395620447801308,244335.46792051187,-225515.65521864942,-1406448.2236587852,-42837.739551674604,964733.7668532622,320895.3718259206,-1987741.4108085523,180661.52532657588,419451.47452505346,-1701131.6816362515,-95249.10965144561,46712.01721215142
651,52.06380980025709,59.30462787524334,13.854197315225818,422074.2368792719,-66024.43104475077,-257840.22719481325,-165964.96071289925,1042301.7173289458,189420.0589155544,-1246630.404464705,460008.58886904956,884831.3942353635,-540091.5416835471,-68479.1394912534,164285.88697001614
652,53.42235116437672,60.77206574702649,13.853753993353562,807143.8390046896,192399.2127456384,-346418.20516997966,-329073.9641594691,1083127.503496117,156767.17078908664,-1245271.4009906594,764928.2057717019,1133468.0417993052,-617202.3909684645,37140.43261404589,517609.1944310693
653,52.064794669193944,59.30573836558074,20.312439929639506,702331.6167980888,201689.3593661895,-282852.5019834016,-366559.49198192544,894657.6280467609,92082.41533465056,-1019190.4386426576,579004.6116933046,1061354.3011302296,-447622.6465256186,-98453.28743325801,536065.3822424792
654,53.4233269333272,60.77317648869706,20.31199245665757,1203678.625756907,550356.7712753086,53520.5862893741,-651064.3381805735,945636.0892619267,54445.349016053406,-779632.2658072563,823405.5249389189,1763782.724189927,-160747.9304655575,-33216.02947642599,1055984.0015078238
655,51.98082398286639,59.2150778543637,26.770716188361853,1561483.5893293908,698805.6011221559,395127.84170524345,-301307.4242306202,653837.1432767571,44368.64659249714,-153586.87608780476,1126687.831305686,1682316.076938909,-197759.8625248912,-40805.650123047846,955718.090653907
656,53.50916173362344,60.86594728666723,26.77023390773491,722214.6943026949,606605.970992583,-337804.1458584516,-1170435.1981255398,699323.8980662735,35101.387623122326,-992407.3072439929,50375.53410672195,1933048.2925740974,-66993.28722561715,6395.930274373034,1575390.424059546
657,54.46028681894253,57.01332090676096,7.6875651698756755,162780.63367486466,-64312.17240885517,339686.83905218035,-156450.0037238414,992073.4188987658,285759.09768025763,-956702.5248530526,229125.64029335426,1165732.184877888,-513680.3655145302,44300.04553132751,569056.1399623571
658,55.8417753584997,58.45951895512633,7.687294125913155,151614.39703412104,-189587.50994095823,-1375392.6995129713,-112849.12694187295,951458.6102810947,329443.7955137793,-1959279.854783398,183710.0019977262,362204.0403658628,-1667617.3025014512,-106895.06489278672,54111.28881046489
659,54.461157756313455,57.01427734583336,14.06254645561096,208530.3706626034,39416.36776368806,-270776.592593072,-323185.8741609381,1108509.9484682537,96291.82200514073,-1289630.640002896,222395.3529905894,1044405.4328455256,-528322.3543771708,-75448.0624851976,175828.96672419904
660,55.84265393242043,58.46046327869349,14.062101872621655,588872.6315628338,295330.8057942641,-360498.751448094,-478845.7735908415,1078673.6511783216,127629.81550173328,-1243865.3392394953,514436.45588171034,1253133.5692667884,-606998.5494962478,43220.58460276041,515030.4100569293
661,54.4621581546929,57.01535491848684,20.437458165092416,397050.0252501222,333650.01691706735,-324912.78350100864,-564356.4559251909,963450.2804274235,803.974959204185,-1091665.5538249523,221899.1925657735,1275553.6199253597,-452392.1285177045,-97895.97095251604,520420.83060625056
662,55.84365394627449,58.46153346629919,20.437009066425365,908131.0664830969,703734.4846248562,18837.98352020321,-859442.7546704106,954546.667557702,7994.587912312071,-819616.9801314919,537329.5998728625,1912990.9148867852,-159990.99284895236,-22391.9128513632,1070091.7870163491
663,54.376770939809305,56.925989998887566,26.812401807259,1285442.0624987641,853428.8338929525,371200.7270524041,-477179.2098147936,729094.5879119035,-30495.494262265816,-202489.78457024856,956960.6415949397,1755600.7664194293,-204666.21131153608,-41029.7081193831,925638.1508645188
664,55.93094927875938,58.552936139326405,26.8119174503877,417704.5167912222,788385.5347366219,-370146.52172996674,-1358118.4491427864,692403.3992052551,19111.79154088246,-1106122.2793631759,-140782.69641555529,2082848.5055766085,-54795.877097768476,15813.0478510633,1605833.5811480703
665,56.86014302444687,54.72110369615233,7.979224688194964,90359.91131877691,264.6365130963677,286150.36317181255,-246692.62442281048,993479.5290325944,220343.4281931273,-964225.7326628437,194058.04250562214,1146942.6011609077,-514707.134582471,61052.39887666683,547884.9851754429
666,58.259502999763995,56.149798242264964,7.9789598217240805,60129.394141428646,-139407.55589466958,-1431337.4850829688,-192264.61698044647,918224.0154085379,319191.44337607705,-1975979.1544708107,125513.2025952846,339850.3050393159,-1696707.019948849,-108409.38307002829,43045.05989546544
667,56.86100487448636,54.722014704815265,14.270868376296333,70540.53326175362,178421.14207409302,-281160.92564655555,-493580.71469231346,1134672.4815214812,3411.566202156653,-1285696.1063113194,18698.1516493302,1234798.70435128,-524120.08429566224,-78792.47900976716,262447.43994077656
668,58.260381101973394,56.150687787359345,14.270430463063896,348645.8662828872,372428.9967098459,-425809.70387639804,-601917.9615200071,1077032.1768402497,95843.39776464307,-1289826.1890051528,251878.81208248425,1333212.5360390032,-641082.0744592252,36055.69069480334,476400.4418439158
669,56.86200560393752,54.7230443819269,20.562448191484123,180219.59438487067,510695.24667366326,-331804.6015240202,-787544.2557923036,996289.745916558,-96033.02015988527,-1110116.9882266328,-82635.45679587431,1551862.6845570216,-434693.30548039026,-95618.04184964793,599505.2766417894
670,58.261389630527354,56.15170147304604,20.5620031778844,563636.5139593917,811596.0312913298,-34317.57079337159,-1028614.8065549927,970766.0669000755,-40554.71085381152,-914617.8237933292,232927.92461972698,2022604.8736309516,-174131.46536882248,-30919.90364398301,1017726.136233405
671,56.775505609686704,54.63472888546134,26.854059903882884,1076446.6030301224,1058532.154699017,370202.2196487735,-694230.8378592187,763878.4249730384,-109088.43405830704,-201469.07425339817,694749.1995435792,2011900.8520877308,-190248.97376009065,-40469.12834595157,1008652.7624000179
672,58.34981495397597,56.24195675942192,26.853579690049965,41915.97559496257,908798.1363558254,-419114.69568893564,-1496275.9654925938,700449.3611827621,900.6812209037826,-1306333.3782260243,-319332.13777084026,2157264.932258717,-66051.37585844674,728.85922475178,1533853.6739182011
673,58.4742018702563,53.10138054650031,8.270885250729014,342882.993181434,-956132.663592299,249104.88936548226,-34127.32252918878,-308527.1603052441,214362.45817633465,-1030738.3824392228,116702.21616999473,549891.3852238453,-525292.5260679594,48228.00096190579,558583.425578177
674,59.93411679886327,54.46693773403684,8.270626178714734,306800.2541200225,-750056.4977009261,-1416294.9460397721,113958.83476980802,-214819.7677083754,269372.45978811325,-1525669.5988386867,-687799.5469362095,353917.95615422004,-1718952.660822357,-91158.02861590688,42944.52517798408
675,58.47505064586477,53.102252096037546,14.479192039574647,464873.5543431113,-958793.8366874,-264602.98041501816,16190.533110874187,-1043278.842934904,-3074.5202514534235,-1711260.040134915,459817.9823054867,492918.79507012136,-527126.7685160205,-88492.86865350982,326859.91676284873
676,59.93498507764479,54.46778214741093,14.478761668698903,613123.226999964,-559790.4172196139,-428761.87297798553,-35347.86370296929,-831259.4801047094,73747.80864719619,-1328413.0154777071,318832.7421886782,634151.2100913938,-655952.0437131565,34111.00684278538,476555.8771348338
677,58.476040482734206,53.10323837453784,20.687439401020715,545290.9912739784,-692628.442936984,-387455.2358798785,17592.55900336316,-1235690.4109696827,-103686.02626800051,-1786440.2454429297,506449.1717679455,745198.3861321002,-425869.80400965153,-94506.18664302502,641834.1299607845
678,59.93598757854416,54.46874580029075,20.68700039294354,699951.236426572,-274044.8455896289,-133324.5626815944,-199649.88232696903,-990803.8172605452,-43581.95716498678,-1213182.8502671535,642803.2271782147,862961.4512442878,-176313.01700582186,-26850.254876532734,1010633.9341862428
679,58.38574798486476,53.0188282904986,26.89571900633259,1286555.2354458866,-354537.1244815132,169548.39749002675,331121.72405492084,-1659418.6400451032,-125725.37560988923,-1781989.484898907,1099016.508048557,1784539.48530475,-181253.54218454607,-40721.05354820029,1056065.0362058114
680,60.028195329489584,54.55500728160452,26.895244880964007,-32721.816321593404,-372522.86672821897,-652965.8299764633,-451296.4608009481,-1398398.3281307293,-6383.734694570482,-1968000.717300639,-91811.72554145742,1001601.9298158212,-61016.7061924382,2370.269679005133,1520167.424379469
681,59.33274402124019,52.12259602948615,8.562553439154069,343901.4609385521,-856169.9737114146,261926.05345385853,-69712.68375986643,-124117.33992223273,221462.57251050114,-871524.5309850529,80337.70605373943,540844.3656123093,-525961.6909471296,65748.43928323456,601152.5014555512
682,60.83535033761901,53.4425114282696,8.56229634730284,296542.77571565134,-839616.1899109774,-1424762.4522679548,118055.91388683855,-218607.0749737485,278249.8902608115,-1546678.5774978434,-767462.0090178918,346304.7200524551,-1718604.0702493305,-116946.72470886723,48482.55025763161
683,59.33358210651553,52.12344306877945,14.68752819827104,458436.2583813692,-861755.3550625464,-270654.60504622455,-31507.87575295819,-745318.1221751205,-5101.817795216307,-1368441.8888965412,234762.91622668228,459705.27094245754,-528810.4691060623,-93720.46377868638,348582.1907311243
684,60.83620938290749,53.44332826412216,14.68710258965245,609713.8963171474,-651052.5373246543,-438821.8425047961,-31206.276377909802,-856095.8647143788,75941.93692117686,-1407943.9884942407,298407.7072137795,629375.797768158,-646241.917692329,33931.37138866061,472541.1526893335
685,59.3345558756931,52.1243966966775,20.812443772283807,546237.9669775175,-590096.3755126685,-378408.9639832336,-36547.860729582695,-931342.0456080588,-99765.69018362422,-1426044.931009662,432003.00022610876,571774.5582651681,-426544.9210351814,-93681.43722081048,647133.3999600421
686,60.83719833449948,53.44425557947294,20.812009914407387,694329.0130859388,-372554.27615371096,-154864.38461569403,-169604.8525747341,-1013526.310621342,-38440.032229012846,-1294678.1029317342,642707.0631788223,818881.3920694456,-181107.615935768,-25583.423967578536,992886.9335507608
687,59.24158109923489,52.042807753861965,26.93739131865715,1302113.4024473012,-245177.85210758087,191046.7968672591,273432.77990378824,-1307093.840834527,-116319.18673870756,-1358994.6100627657,1038290.9233134638,1568686.0339562818,-183936.398303951,-42828.904423967564,1042063.3652769045
688,60.93206281311426,53.52762902660358,26.936922245804237,-40790.61181723514,-515052.2487424213,-682197.4490368459,-375252.15844863275,-1451091.93938736,7821.42997673202,-2083592.9457757738,-90343.16406945353,935895.8002487246,-61252.14940522232,257.36739953583873,1490448.5190131753
689,60.20052150739843,51.13530491783708,8.854218437792236,354996.16320196446,-893606.0787038296,245598.38143760758,-93502.06402955655,-108116.3821424708,223913.61200545283,-908050.3619667004,70539.4439315513,544499.3839708916,-536598.4552026486,96011.54730501049,626316.9512695842
690,61.72734489664381,52.42658592018573,8.853963996564907,294596.69851934956,-827458.0218154178,-1438691.458424829,99632.37316952627,-120206.4899464035,289900.2630584457,-1512492.7880960703,-806219.4181362648,347159.424511437,-1727461.1620695638,-130428.17414491989,48821.481838067855
691,60.20134625019683,51.13612568815642,14.895859267921303,464081.56783181656,-909136.9512074479,-279802.54676119046,-35308.2439107291,-731627.3952863932,-12657.218839133668,-1391611.5582343237,201658.78349710212,465094.8446004001,-524429.8966658833,-96903.40363757896,390659.8306755635
692,61.72819270289673,52.42737271744521,14.895439625923377,606531.5932070687,-593972.3750958391,-435558.4777521269,-55787.39889372903,-701078.8178366587,79984.30872338539,-1220379.4177683913,169338.90013753998,628041.2579899537,-635834.3557997844,33686.806006552295,474583.48887157097
693,60.20230177794375,51.13704489251481,20.937443379309542,557130.5913729095,-647146.2436907042,-382447.9908590055,-26208.633024789186,-917828.7055078157,-102026.35078361769,-1445867.4428796421,391358.61490662576,582045.1847962165,-417238.44388730766,-90740.26553825894,685717.520885149
694,61.72916540803576,52.42826248681712,20.937015658661082,686895.5585549475,-310944.24930612196,-151750.91915273742,-188663.4193877546,-851585.8826080089,-30092.35891827416,-1100968.35181728,551299.4445232518,773869.2973901166,-183452.59493873914,-26342.34946795715,976544.3038057304
695,60.107797484652785,51.05721281916365,26.97905911844811,1310821.271571612,-348095.01692210406,174425.82545569324,310480.32127929106,-1306782.2586599065,-112258.73027316763,-1430004.4555726699,997966.9226099076,1569189.6130679632,-175955.0473257351,-40092.16266678231,1074872.2936357947
696,61.82552985939036,52.50981002009502,26.97859616556736,-37492.57546055142,-449850.35779636784,-670130.6962869369,-379449.9952153441,-1269914.5513441572,24155.55478341579,-1866403.3587249282,-110611.21769871384,819540.9468797862,-61774.86255291422,-1639.6668447587242,1469198.731615502
697,61.23220304802196,49.86774612191485,9.145885387308843,284448.51716981316,-309138.6986739654,287981.84046431934,-200733.49851126538,492684.20540245407,193721.9194964836,-663850.2270784294,341019.3956983575,586122.4903402389,-534254.7313718138,112007.2372788644,654667.3754040266
698,62.79878163410803,51.110809982675235,9.145637212827317,198902.40115086356,-432608.4897228878,-1405729.6568728539,-34579.707466597916,367080.7987854088,302684.18375696446,-1578713.2555759742,-316484.0797979023,255761.5899289988,-1688316.3850020673,-128029.48862702871,46545.5984070293
699,61.233005110107385,49.868531695158346,15.104195848578197,331699.75272533175,-177273.0828241781,-233001.77256675233,-263569.9179714015,252384.64255236095,-35922.5915098167,-489463.32516022836,-59760.02670589254,470648.2492005223,-521758.31001163763,-94299.86223022139,425770.0677846261
700,62.799609612702085,51.11155622433166,15.103786200104128,461075.84610145737,2305.599616197447,-411919.0546621179,-275385.8614325046,134693.6399394317,90482.98010468477,-484386.4987693032,-54883.62554092089,590732.515365761,-629016.7457964986,33089.45448020144,461455.11872579134
701,61.233937134637216,49.86940971030539,21.06244934109383,413509.14940121624,153309.40429818694,-295836.4760056265,-379982.38038437587,88465.05817303994,-115887.24774948967,-317131.3970820458,-118124.54446555229,706238.0192413749,-413458.720554384,-88995.02411123695,707003.9835912139
702,62.80056093370152,51.11240086048442,21.062030617329313,542698.5918162001,392433.0543847815,-86137.888231191,-508008.40118700056,13393.880045723696,-18204.38711534033,-86688.8845944143,-45892.99518448725,981575.6377486918,-188898.6619833391,-26314.156805711864,953336.803519997
703,61.13692816099253,49.792552542156116,27.020732973104593,1244983.3655909991,595455.0710711824,331462.15063506097,-152631.2395903727,-182266.67285663896,-133142.882237872,204079.99473554885,679690.952790356,1288129.6397713374,-173206.25189647035,-39361.788801425544,1082543.9243806598
704,62.89939292101526,51.19089134972343,27.02027909840951,-94331.26614421062,387314.6594093475,-526732.9801836053,-773347.4603539237,-321064.2111051008,31785.170984880864,-788261.9083391431,-452667.6402793945,1007179.9617000691,-63557.75698045809,-4389.663834344241,1434782.9772440677
705,62.44766469770804,48.29581300552417,9.43755354351875,272217.0006767474,-275791.17055166024,309592.76076505776,-216857.22557235401,522730.3403978176,163311.53101914815,-660248.2771351441,346868.3108399241,619398.557185365,-508709.6951306289,110194.90914609373,667687.4946459067
706,64.0297834437858,49.519291056575916,9.437315297459369,212918.06619734076,-415081.07069919445,-1340796.7353452018,-55274.80769309473,350020.636738013,289135.70000782434,-1507730.8724424578,-300304.87434981257,265076.0069452146,-1609337.1512437128,-103872.73627395913,42131.64311829638
707,62.44843319242729,48.29655239402375,15.312535070904698,300436.9883893417,-111573.44444681316,-216257.07458342018,-290045.63477372436,326968.1142637186,-51665.734512032395,-525306.4948089358,-12749.936075787062,510662.90024383104,-511892.11239790596,-99275.39405414909,460347.9581178156
708,64.03058115183133,49.51998656489013,15.312139395691304,435395.298723945,17459.302624198695,-415152.1891921092,-275311.55772611755,140803.42294847177,88724.90591290347,-489459.8034697875,-45200.90826580589,572363.1238916279,-626614.3967470188,30483.234790531034,448100.3393539229
709,62.449334926028754,48.297381371262404,21.18745904239232,370814.87283731706,220446.23153408157,-289048.57995573024,-406438.39040193585,167870.16279205098,-129353.8620428037,-339510.3096090152,-108491.52699275197,750214.3610174352,-413845.22763638705,-89151.88480425153,717584.9984290344
710,64.03150516679526,49.52077810295132,21.1870521604511,513383.56250771484,416980.887308831,-93060.24164271067,-501749.45003628725,21907.094005265826,-17759.95970797794,-94121.33844862581,-38547.102895145596,969972.6495176062,-193939.99394654777,-22250.074095391516,937911.0692372273
711,62.35132910435668,48.221702361253286,27.062410776966594,1196138.741651364,657751.1750473968,330659.7246093524,-175329.90982398906,-92000.62072459156,-139395.7428820666,270127.4825283886,653470.1351164404,1260952.0236632843,-175736.10440402545,-39933.30869688148,1074633.9570903513
712,64.13128638275151,49.59799393929059,27.06196902890059,-114656.0785001122,401699.4062962988,-521760.7155968477,-731516.0666076763,-319189.9906948165,41515.973296244054,-754806.1665979179,-453820.90582646476,973909.6846237216,-60639.73255923743,-3681.4094373119005,1407874.266963467
713,63.665227014750776,46.72155366607218,9.72921611610617,250934.11893537475,-236701.19019963912,288888.70949405513,-220819.91047726097,519325.91437203344,138403.76455300697,-632785.788215578,327765.01317255734,608142.4132728112,-486959.0926178891,95904.45251633963,665099.4824289228
714,65.25867811261554,47.93009022169636,9.728989725364574,197561.55331610754,-353647.8609199192,-1313267.0218810854,-73849.26484569584,340622.8726518923,275929.8849720651,-1470683.9467403772,-245388.9583505831,246719.57560606278,-1562402.9552740175,-77925.54968075211,36196.45145485991
715,63.66595851474929,46.72224314402879,15.520864439513272,293150.0359654526,-58637.10904605832,-200834.4799694987,-307092.70840601175,353804.02660113835,-67270.74082009407,-519316.98986498284,-2011.5064744174429,555006.9432892958,-500226.8968349376,-98391.0642702655,515186.09452051803
716,65.25944014306094,47.93073329064359,15.5204848209893,391024.1982574583,51758.246343619816,-430528.0164462063,-279300.7011761516,170532.9138410404,90311.1512656105,-520251.0150089275,-15690.527461462445,548195.9706252615,-634217.2810627786,26447.66325530135,421015.7405721973
717,63.6668256944426,46.7230204381051,21.31245861601144,358628.26338746655,271480.7950675674,-273395.21575073805,-421629.30410066416,198548.58528389194,-144332.47570585294,-338178.42624646693,-98260.0834305202,793152.3523812832,-403322.8435055353,-86717.47145013782,761289.0730580883
718,65.26033222758863,47.93146902160718,21.312065417170334,454507.38185993757,453547.1517552663,-102676.26200607016,-503212.93337175343,59395.464377844015,-16245.414517246438,-118740.58712158322,-35814.65925413005,959933.5179848471,-202169.28657598738,-23875.815050806585,897271.4518276413
719,63.568081876732265,46.648226937477205,27.104078798465444,1171250.4099454943,692907.2937548874,330297.4388422888,-182678.38107372908,-59752.576952851596,-147464.39661096703,283925.16496509215,661374.2259241123,1249155.7516534657,-168745.98899103436,-38371.74071951734,1107675.4560805564
720,65.36079472259564,48.00769856031336,27.103651267565834,-165860.02163632374,435014.0943674517,-515533.08595433796,-704168.6737446408,-277667.46034185577,51798.13067375726,-710090.821969118,-483004.02857675205,946715.8373226606,-64790.55187025661,-10774.047724836839,1346302.7039618006
721,64.54341616125636,45.54134247727638,10.020879387248087,269203.15958174894,-1507808.2626623588,141402.06481993018,-101341.0922331274,-471278.9481706462,128319.0687210575,-1635213.4982131564,119040.02652570754,418970.4334267689,-482651.4766995585,84311.98074641798,689499.386155787
722,66.1700100720545,46.7044349690543,10.02066166973471,295757.1171638799,-1273643.1397306782,-1364924.653334714,119806.25572296872,-505894.4588297927,212471.1107411523,-1853548.7167180805,-813920.1776215922,324658.21843816066,-1539943.6149768434,-59833.922811178905,36244.3379691278
723,64.5441195855194,45.54199444244538,15.729194320518763,438431.5692468382,-1777089.5658082908,-363600.5156728552,80233.5781491923,-1319596.0995353328,-97285.11462894193,-2567400.965003824,307745.694301722,557396.7584677942,-488390.109222869,-102515.7072428882,558800.8173255
724,66.1707431255374,46.70503904980845,15.728827413276697,576868.8838745002,-1378097.3514883134,-551895.0601606611,127987.33448835259,-1301084.237653228,21476.063389699844,-2334708.255437527,383029.6729122866,598555.0547507656,-631138.1343140723,21127.555743053505,412668.695048946
725,64.54495600132027,45.5427301743356,21.437457603185347,589511.2187611691,-1780966.3395254,-536298.82107293,274953.3545975478,-1549225.279680204,-183846.1862208652,-2832774.202392894,243615.4035705378,861404.8569851946,-394180.12232574506,-84635.22499082281,791114.4272311733
726,66.17160539202271,46.70572963177325,21.43707611647211,688338.0563635137,-1343724.710311819,-334043.4456990976,168225.38515589025,-1492864.2272875474,-79364.60181099654,-2417438.4850244327,549897.7637814723,878110.6215955588,-205051.74769373698,-22929.390072706035,872194.927165319
727,64.44411311885175,45.47073771465721,27.14574593252219,1292141.0968887638,-1893101.1332438914,-128861.27658104774,790811.892351004,-1981778.785796293,-184286.11373064114,-3251154.806080766,671141.1610835124,1850192.3320610786,-161416.28491231098,-38214.107963060604,1129189.8611111636
728,66.27411277110663,46.77907598980951,27.145330587527017,-15545.651193326688,-1810172.5002414926,-896154.7105903111,222981.01675560573,-1959226.3510959775,-9174.197929004098,-3373499.868978897,-37500.6568981891,689127.6638519559,-65313.638225166476,-11254.015021779072,1308760.2445087377
729,65.09880455243544,44.73246044514686,10.312545847481706,270764.9620188791,-1362627.4048845356,154175.4726381618,-127002.82500221096,-328468.9919236187,134821.7987358383,-1436263.956866658,89459.59539786987,409117.39124129404,-477893.2258811358,88743.78767177506,718535.6606602002
730,66.74720984768841,45.86504862856235,10.312332139620313,277880.18908676953,-1340075.8069663811,-1367301.9656307166,113705.83246622629,-498309.52031190455,216311.27800563892,-1877712.7594572576,-859227.9530277622,307443.12897469243,-1526912.6652604267,-66209.25395882399,40330.74069370563
731,65.09948876336217,44.73308792806848,15.937527970806556,429962.43948326155,-1600398.5014111917,-348228.0172561646,27611.38399805691,-1075549.2524048453,-92434.08039302065,-2219002.0004780465,226830.76958874642,473507.1517052054,-487893.48534498026,-103930.37432230201,577589.1351595
732,66.74792297803623,45.86562750920651,15.937169086785714,554146.3401135718,-1452070.2348225983,-559612.5436307527,116872.54781497041,-1298463.8032578703,25020.939287648423,-2382936.878313613,356004.0266574891,569396.4133163436,-615114.6972563979,21307.240947240738,416860.2313453995
733,65.10029944148674,44.73379283327525,21.56245994283271,580514.940305084,-1577720.6032370022,-504000.8483282635,199476.1385964177,-1291380.2333097423,-174988.89375950265,-2440968.125072275,190180.14594990024,749581.4678621937,-392062.8871255942,-84664.78765454554,801673.6943983289
734,66.74875983231146,45.866285423602214,21.562086973717175,659194.1120361185,-1443391.5849421388,-358613.5941878584,174763.72348716497,-1487632.2093335593,-72471.71959213684,-2487718.636629399,512647.8817169647,832259.6878185564,-205404.1143287462,-21983.669621410092,859803.8856852807
735,64.9980689983842,44.663677066319664,27.187416436941323,1284587.6444990858,-1636161.004104638,-82199.17412476894,683704.7881705371,-1679787.7923566136,-172676.62968876737,-2768546.019659977,628208.0898169881,1706565.3961126679,-161326.10570899636,-40105.65586495929,1124525.9151505204
736,66.85260669287156,45.937693460018956,27.187009913911172,-45559.78960918001,-1965618.283586354,-928003.1535610603,261070.9449334669,-1972923.8421829164,855.4456719267246,-3499269.8566320343,-70923.01422919073,631011.6441046323,-65453.510648406525,-10818.429416115456,1282741.6892505507
737,65.65814797790166,43.918715346710236,10.604210893375912,262567.0391803173,-1386677.9691658684,136995.94269197877,-146613.77711541497,-313889.2762184542,140978.6716336784,-1456773.1058406113,64679.12696370797,404978.99158333085,-480827.317087845,104480.30437432989,736912.0369982913
738,67.32045255514501,45.030522729791315,10.604001326091128,275150.3926761285,-1283457.138228924,-1358951.2334797082,93178.21527896696,-408046.81635435123,222726.85436473828,-1756535.525491774,-916668.7111356251,305946.2575948971,-1518559.038586279,-69840.97207214804,40689.48513696205
739,65.6588122729539,43.91931830764149,16.145859298802222,413431.63488495996,-1635475.6498658776,-358685.79672878707,19363.463245526935,-1050969.5864109425,-90350.4376610267,-2227034.633933284,196712.64252587888,449592.1796977015,-482199.49040724675,-104676.25103369798,600805.7611563682
740,67.32114557127828,45.03107603343962,16.145508821168463,546879.2587125667,-1341068.773758778,-542568.0664345204,85813.46617224556,-1149800.7919497415,31102.170322364975,-2161819.997702116,273177.1576365772,551885.2585848066,-601201.1965001065,21078.562479743476,419116.6138282568
741,65.65959657539229,43.919992117963936,21.68745991899489,562970.9999213264,-1631374.8648880136,-511919.3108120834,198023.17849234986,-1262741.7547364188,-170093.78435858627,-2454673.3536885316,156070.20202288753,718279.975886874,-383995.7760803054,-82142.69961478157,822839.754237592
742,67.32195627456724,45.031701533106215,21.68709579962197,648016.7547608484,-1318138.0557682419,-342079.5375590056,138132.09224557347,-1328105.024632507,-62600.48163459767,-2247117.852675913,483093.5150093479,751823.4991001673,-205494.6124057309,-22672.086361831727,844019.3243286363
743,65.55647254391906,43.85114509342722,27.2290846309355,1248722.5372199668,-1741226.448301658,-108602.62988556823,694725.1903392618,-1659545.0047017839,-164307.6799552924,-2837318.7111430126,579714.2205269695,1656497.9496487826,-155547.70739656143,-38410.749345918026,1134924.7784525838
744,67.42664716751013,45.10177918518557,27.22868730738067,-39690.01277336746,-1804746.4747964737,-892632.6439282052,220957.7438066841,-1789086.4900869543,13440.709415011279,-3205548.0849047666,-57196.85883162792,525675.8122383468,-66569.1903316382,-11600.77383971731,1257085.103736612
745,66.28242109312943,42.959554118820016,10.895876494831304,285801.5560619474,-739514.5688881343,211383.61588869174,-202846.7643946653,131403.0987951279,123519.68676911158,-801254.9679382135,173679.1999535547,385246.3710471642,-479855.012949782,113895.97464846383,753479.2345597532
746,67.96870448902786,44.03477176193324,10.895673231212651,267588.2459030122,-812513.446639452,-1286727.432164816,10040.577593049924,-42027.1904911119,225726.67684602225,-1322474.7281920672,-808898.3605960502,299720.45588686154,-1486866.7615787918,-65878.89855345206,40299.73677089807
747,66.28306038488832,42.9601291254434,16.354192798201847,422700.27771949116,-778969.0505809536,-249449.64696178326,-134409.8256516457,-304795.8950117779,-108514.64782238334,-938539.0271005095,-113712.06648826133,446532.6737655251,-481070.4938383382,-101655.8236751203,622489.6239450657
748,67.9693723474427,44.03529518209145,16.353853301902568,527613.4541218919,-636239.9222069269,-457166.15365206124,-63840.46049862774,-507949.7737141559,29064.934177094154,-1063059.3753846248,-37995.68199086462,535262.4356383935,-589579.3656102963,21575.135328841534,415941.58181948506
749,66.28381464165095,42.96076903943052,21.812462240679118,575491.7784170228,-621811.7888218493,-342380.1173788184,-75476.44945157159,-481427.8964989096,-184063.33646924235,-1002019.3782231694,1996.3699132767338,611322.8805262486,-379634.8785582671,-81036.76882757922,835629.2414228683
750,67.97015296643858,44.03588502075592,21.812109023326425,635507.5486389747,-447895.112954347,-206913.31973224913,-103893.5014467245,-648124.7764169449,-63174.33183712978,-995505.1357155455,330818.43938218383,645385.8122857397,-205695.1353858197,-22797.42017309317,828859.8905846046
751,66.17916383602078,42.894176353933304,27.270754926188697,1317735.7206051084,-482477.12685912027,141897.9352526966,289713.3193009131,-777775.7950298537,-180099.8944907306,-1016880.1173393383,544348.2897888438,1449688.3565491794,-152071.53445490263,-38160.31583741056,1135872.1575478814
752,68.07631455190288,44.103641075439334,27.27036897531766,22928.817608817393,-716224.5163204543,-669061.4941482005,-114508.13927912417,-1032034.7524209564,10387.013176045673,-1728134.4785486036,3399.4335408714187,362377.8521478945,-67639.93559301789,-12097.152696703972,1228215.3055036068
753,66.98361375813417,41.83668188679718,11.18754276585646,274643.8332935679,-675715.6306044467,218002.15392014568,-216104.97474051578,180868.60654376473,117574.7167898827,-764184.8921982604,209326.3927296257,371788.85607790196,-470555.5872832286,115771.66246510652,763878.7074475028
754,68.67997680591549,42.89609039413097,11.187347820056477,264025.08456236334,-800375.420048197,-1245725.2547665676,-4744.068970914163,-31257.110024206984,223204.3776288376,-1279941.8213132548,-798543.211070915,296409.4421317687,-1436080.7391313522,-50579.90354755174,38853.87261132434
755,66.98422228656028,41.837224640077096,16.56252726301042,403144.1841430998,-691175.8160396621,-236965.86973190727,-151974.04335730846,-212185.321178979,-106128.65071485442,-801920.0096459748,-156282.149201435,433204.65721894056,-474533.26175240136,-103456.67964769865,645953.5023745763
756,68.6806143485711,42.896580162613155,16.56220100810618,510549.866601671,-628319.5374448551,-456051.57079715084,-63809.727336899596,-481413.14232736157,33507.06121116159,-1031732.6841747849,-60890.70580286803,518802.14833731804,-580659.3049813174,19242.6305333129,411492.23391874175
757,66.98494212131516,41.83782744569483,21.937466172431243,551472.9284239891,-535828.6198890958,-326667.8106136541,-95692.56675740954,-383784.9937624086,-180297.54931113878,-853669.9265686423,-44803.372171202,587449.7966610843,-376331.41602017643,-81078.03001687923,843184.5873165037
758,68.68136114941547,42.89713138943782,21.937125611999026,618525.9827306435,-448302.0029902209,-212002.92301704167,-95401.0479853056,-621730.8495218911,-56449.640011196694,-970554.2485542013,301781.80179851694,626993.5034790656,-205788.86996752067,-21488.71374199015,816201.6346290221
759,66.87962936334269,41.77218725942828,27.312427092847432,1278392.3815053038,-390983.5202783099,149902.46473778275,259431.65279154963,-665253.5260227195,-172169.47916540407,-845529.4995259269,493547.8006431669,1389293.0248475363,-151292.8753779056,-38784.116104485016,1127807.4239071338
760,68.78812158609018,42.96386218694799,27.312054368083114,19764.145215494238,-737245.0293503056,-665332.6728330561,-81160.66300030016,-1005919.5219211837,19737.95531792947,-1709008.2270397216,4384.909312921765,321809.7607589328,-67387.30108632895,-11884.006814875424,1198075.54508668
761,67.68495503899209,40.713901945694595,11.479206846584098,261300.06472725476,-645660.947885161,202025.72590227934,-219734.6173891229,199458.09033617622,112876.03900452469,-747141.8427276537,212183.6433367305,352623.04213529633,-462225.75445964007,110938.63832101473,768917.9906526739
762,69.39109990555225,41.757315405752145,11.47902086910004,253095.74988781128,-735231.5510617918,-1214554.4526895622,-18355.267979017553,-1594.4368509403782,221443.21074457653,-1247240.9414338286,-735560.3489665329,286111.03653681895,-1397545.5947395216,-37905.72851436231,37575.50041289574
763,67.68553187022239,40.71441174076608,16.77085791250734,390422.6408218323,-659758.5192362656,-232483.80642640448,-159441.8134681559,-171005.8349996516,-105279.6496074221,-749981.2549714718,-175913.28269520297,424074.85282583674,-466932.60370242555,-101415.33798249549,675897.1704061896
764,69.39170571106139,41.757771262331936,16.770545623020652,486227.34332603647,-560597.7339840636,-452288.68865542184,-75627.63759276546,-409940.2001077659,40141.356104650346,-920605.9420466016,-103778.30360414891,497725.1663373013,-574638.4658204392,17955.354382335347,399313.0600757259
765,67.68621623052165,40.71497739359553,22.06246620056257,536444.3877492668,-516226.6009243327,-317602.3813771632,-97522.1220772733,-342964.2787894529,-177502.6817488461,-799653.5828822991,-70451.70117501605,572720.6895050864,-366485.0093832614,-78775.16627149736,862469.9996903626
766,69.392417495319,41.758283741524195,22.06213890559665,587445.1981681379,-376333.14972017537,-207962.96090689464,-106215.73759032004,-544661.1153301859,-48377.92534375163,-852016.4660971706,255919.0834778207,599246.470160418,-207890.59845994346,-21920.433637981096,791064.4828706466
767,67.58025941764875,40.65030135855367,27.354095497371805,1242332.2903666776,-396267.5477826045,140700.63454820082,258559.76017065448,-623722.7266503803,-165077.04782938169,-814676.8270018763,453403.5080226242,1348038.6961115259,-145212.25434318598,-37288.03685304835,1134877.35828225
768,69.4997568474413,41.82397810377857,27.353736608559945,5823.203951222415,-653257.2801167613,-642388.755291029,-82086.52968923253,-914558.4227473211,30330.388991683765,-1563264.1161305904,-15616.173194022153,289057.45786804403,-70180.49380499848,-14215.44839825954,1153056.8058884023
769,68.27294487096083,39.73207863590458,11.770871201073005,204015.2602349915,-1227734.5201558375,105534.27725474536,-214412.4490010146,-126818.81367891916,105207.65527941029,-1268064.1552313645,38656.67535013249,311222.4972151314,-460560.80147961254,107400.78356420867,784599.7210276516
770,70.00144502387182,40.737889375671585,11.770693121991794,240193.76792521722,-1180488.16322036,-1244774.1421430213,17716.363544999764,-283177.1256364664,194086.58961242976,-1511805.7956040492,-938651.0582135562,265388.3163794408,-1365295.3826207058,-27338.465881061908,36356.49686394442
771,68.27349361865596,39.732560045536104,16.97918935826759,363636.46937143273,-1478731.0711839618,-343111.8163209929,-59094.24079634203,-721585.954489967,-124892.42407222364,-1834411.1003436933,-12305.727500633522,388510.4097108047,-458756.84471013903,-101131.05192370528,698947.4424303324
772,70.00202186392792,40.738315771996334,16.9788897756969,490616.7196709296,-1254713.7702235866,-536501.4860301812,33926.276818973274,-906365.8525088343,4461.329758934614,-1870916.8297902427,78732.5226204665,491585.770586938,-563218.5068177913,15691.134466158688,396556.02849296894
773,68.2741450347352,39.73309294821352,22.187466609939765,536985.5802973742,-1543344.49189001,-478128.6496228868,124182.92922648294,-928695.5244492564,-199066.92919605246,-2081341.6326979185,-36103.3777090163,632957.4491914124,-357065.49388218886,-77175.78892137775,875312.1896004495
774,70.00270034511746,40.738793822970166,22.187151638181735,608330.5054240354,-1287826.728110752,-354314.3512116438,110325.24390762181,-1077011.273943577,-82464.00134969031,-1995723.6027782531,298745.3470864212,663167.6817934717,-208719.39436766,-21937.438244225214,770930.7528304957
775,68.16676077341492,39.670735745031,27.395764021703854,1181609.3249887945,-1714862.5795069425,-121951.28247490397,584709.0961155903,-1270760.095465503,-184042.85006547847,-2467919.765485487,358906.4310120954,1453808.79748034,-139046.77628021364,-37280.49188820152,1137103.7698326113
776,70.1114058707087,40.80210537241155,27.39541792519026,5756.843118224642,-1811281.206193558,-853036.4181378753,242094.3092071165,-1492818.2368909148,-3370.7531836528287,-2912854.2256125202,-54024.704996268156,308318.1493955798,-72035.32020244654,-14435.719121700728,1116417.211930366
777,68.7587614528355,38.87240999007827,12.06253680382189,198697.40267184423,-1106779.3054446322,111200.18073172058,-228999.65425139756,-41358.66432384106,107014.61440026517,-1146200.3800557232,45766.908284384524,303551.7497302715,-456738.8924453531,108331.88479494936,800655.4189262085
778,70.49983449407345,39.85661341185045,12.062364891305918,226118.7139632845,-1186809.6470080775,-1225006.222122563,3048.105740980093,-266650.76499334397,196155.30536593628,-1485865.6768989132,-952736.54459285,252905.06632440552,-1334848.5195422098,-20024.48095679745,36203.50149441011
779,68.75928511785871,38.872867361797546,17.187522058046163,350524.1085659749,-1331701.6468993141,-324526.3309295358,-86286.8800920533,-574964.2685279364,-122677.18507819054,-1601010.2718213424,-76996.52087798284,372302.92343645066,-454684.03968120675,-102105.06092537816,712580.1217767933
780,70.50038589951204,39.85701499804621,17.187233284139324,469809.83924374776,-1262376.9689135812,-534439.2549337973,21481.56922669541,-876557.3760212245,5922.287434684274,-1847719.8378879507,50593.65328106873,470119.8000032514,-545820.77621111,15025.70366934008,404791.42110485205
781,68.75990608063123,38.8733715698373,22.312468410853242,519298.6814379781,-1367500.8373958054,-445186.13953654503,79373.8124287842,-775102.2378206673,-190673.38866193124,-1808534.6263930383,-75079.08413793526,590225.4150366004,-350425.45041885896,-76764.0499751701,881918.5486726308
782,70.50103365882443,39.85746368884042,22.312164206555092,580104.9269768354,-1312806.2591997967,-365394.0470236066,109509.33913149791,-1044255.5742156223,-76528.24011896289,-1986776.5692084439,259985.38378283885,628695.8061790377,-208088.92872934666,-20995.351303549658,759539.7190603714
783,68.65170796985531,38.81233725098622,27.437434091364135,1153900.8591695242,-1490133.6211666763,-84778.90742611035,511841.4154229982,-1091097.481938258,-172927.9613140313,-2126953.498640043,331012.2112458152,1374929.6179709653,-136319.71801605978,-37747.95102370751,1132598.268705878
784,70.61049646363905,39.919396892627944,27.43709911334446,-14556.756336339691,-1863529.3060983554,-860173.6573571153,257580.66698677707,-1464908.9068905807,4119.070615093868,-2925753.151089405,-79298.71859463048,266792.1498922256,-71956.59795106684,-13159.718377480971,1090146.8688709813
785,69.24338909611156,38.015656294772484,12.354201137796013,180002.03140299278,-1115946.733463867,87733.55120135471,-249768.07042489157,-19023.192629323825,105855.48258785045,-1162418.4450967174,29123.2306904156,285084.06354678277,-457468.6715944557,113592.7568176242,803691.5399779078
786,70.99941251043012,38.97242013596279,12.354035561856783,218043.04678003414,-1088947.8420139365,-1195991.4239988397,-27705.674939383163,-187987.01079221594,196602.9092905944,-1350860.6683213578,-963032.8612331143,246997.3103217295,-1304626.2303722417,-15010.103238521977,30720.84119641433
787,69.24388685619232,38.01608957409783,17.39585282506592,322396.31754222506,-1345246.9476621717,-331021.53503535455,-97750.3245193879,-535714.5181157201,-120945.92002512274,-1585742.7511407214,-112196.36654519357,344066.95253061445,-444582.71237925824,-101772.72804828742,723715.010625445
788,70.99993760774676,38.97279632811074,17.395575287437254,451060.9101388522,-1104010.7855904382,-511922.4940955187,-15550.168889979981,-733925.3558576953,9458.39862531816,-1599378.7515379544,-17166.842817390192,451673.2248082399,-529714.7137073796,13535.578088730736,409520.2297811437
789,69.24447742897833,38.01656530110427,22.437468291261073,485126.5798903715,-1384254.2212263914,-446608.5881333697,66165.5177308379,-735187.4549835722,-182898.1566947427,-1787778.1912136443,-105916.154057131,547958.1158013851,-337941.4404140946,-74394.25483030366,891692.7143625668
790,71.00055424347748,38.97321622954125,22.437175133503366,552115.3413866486,-1124819.8363459157,-341192.65874016867,61108.853496141724,-890011.3085947831,-66941.2294219976,-1705540.1070547202,215657.37864942153,575985.5747058636,-209586.89661310473,-21982.699228898426,738118.3216947996
791,69.13531706100922,37.957219027286015,27.479102279667003,1093182.996032685,-1543568.7106976057,-107033.78821611655,497840.26167455583,-1057104.6446836686,-162398.68694209028,-2144949.1108421963,288020.3912318281,1299509.2167293297,-129688.10045363182,-36829.455484645965,1131020.221171261
792,71.1109228277812,39.03340732473558,27.478778682718648,-20682.743171896436,-1608759.1429803967,-805614.1213990417,192549.73552887546,-1283489.6149767032,14207.847543432952,-2562572.5985972807,-62505.34865515212,190021.93970109834,-74940.3444091829,-14058.680093463016,1054922.5155564295
793,69.85095949342714,36.85756885858894,12.645865673293446,180039.6475170282,-239019.16649847577,190568.71230584307,-280313.19445239345,434984.3464172412,73625.88311299655,-607583.0739400181,247252.2928329456,491919.97443146794,-445766.1040340606,103999.79552639503,793191.7731803171
794,71.63048887599048,37.77021044019492,12.645710756305736,178841.93249147153,-412035.355999653,-1065755.850351524,-113398.08949315996,166986.65688000404,197585.67096828448,-1142269.0701330237,-378429.8114206313,221749.60769394916,-1228602.7012782865,6647.121483339909,29375.69752605849
795,69.8514203508674,36.85797122704467,17.604186017446374,254178.09640911844,-125499.96042196298,-166266.1760340805,-267586.45654067356,242417.26800528853,-130373.50939417018,-403780.8996170553,-110710.78333539824,476903.6429055286,-435520.14870565495,-100147.6214045141,733955.145256699
796,71.63097643089331,37.77055393210415,17.60392483996759,337912.7508704376,-102128.6586419306,-396296.4712544296,-189247.82363766275,-69362.82563362084,25543.67538274848,-412254.0298440808,-159245.56145038572,410987.2122685437,-515412.4487914302,10613.029186722688,411600.50258837343
797,69.85197297396793,36.85841319472237,22.56247140492283,373606.0114833322,105967.21228403455,-207737.1322290523,-277191.43117751693,95479.3896575269,-179112.36985278677,-259595.51479024268,-67023.50876368461,598455.1150922417,-328047.6732509264,-73900.88225618716,892487.7492990855
798,71.63155386304288,37.77093983811718,22.562193236559757,399765.54711243487,138369.25778523905,-164316.7388299374,-246612.37036315756,-167324.6738272666,-44426.60099742991,-272490.08342465264,94649.76589144002,551658.3836009492,-211595.93651530944,-21597.347623025253,719947.9587026022
799,69.74130974246934,36.80179299719538,27.52077360236928,1039494.2191963559,361810.5780187565,243277.59105321355,-30013.249067846304,-102994.71151517525,-162106.99818434194,156036.01174685324,417178.7927965388,1071367.5837249337,-124692.64077082076,-37066.51027901492,1122161.3874283978
800,71.74335647448882,37.8283412262466,27.520465397533236,-84527.55960427868,10329.27316189291,-498597.39214737987,-252456.9046397173,-462657.37551661674,29859.87476106535,-788322.6499650474,-182519.41030498865,398046.38168027054,-75609.44659490127,-13908.043955910965,1020196.091369831
801,70.59322545099181,35.3760861373115,12.937530596419634,148335.95222879315,-198705.40785433928,187948.030183281,-268374.6001632898,432529.41550348076,39949.50580611871,-565985.8529349392,193075.58667865137,510488.84081402275,-406483.20722921536,73360.1050149617,763398.4963839334
802,72.38130975667816,36.27204527811364,12.937390146229015,172961.5078833116,-345592.8679263232,-969314.3443571681,-128399.6113016158,150471.89127089473,165339.9893697408,-1033837.875367099,-325335.25603707344,217227.42700399272,-1107779.3811580515,7002.407594872055,66543.10558055717
803,70.5936382000191,35.37644989473404,17.812520166776544,212910.4250178947,-44871.839112756985,-142163.38719737058,-265434.42598928715,284152.5086816421,-127615.88430638127,-393369.0270454502,-73132.64046006405,492376.86621328135,-408313.1246335907,-104670.07416625127,745535.0491803214
804,72.38174892128411,36.27235034477022,17.812279863735874,302360.09845079685,-72806.03989885545,-399326.83922745724,-177600.97025281884,-51406.037705604555,25497.49067691232,-407233.9133962445,-137999.38209530263,375460.5148160313,-508917.25208710687,3078.9589652181016,402801.6873912022
805,70.59414518539671,35.37685284939538,22.68747653883643,324539.3796297526,181864.4853572054,-189513.21983978842,-282441.1708393349,145504.62896753338,-170342.01158647836,-252808.12424317788,-37677.74187541521,607376.5112657626,-314806.31565934385,-75490.97240067073,888415.4136231281
806,72.38228019173951,36.27269781027744,22.687216674234467,366313.6376929795,157762.10330180736,-172793.2198970873,-232238.820377889,-144913.18810710733,-38556.78706125038,-253510.96603808226,84888.9005935314,519904.58654225036,-216937.52748143382,-20482.63810285288,696221.350611242
807,70.48290716903388,35.32123869170203,27.562447255362407,958316.159070326,438990.73946968943,237610.93983333325,-50704.030841798754,-42244.278877486075,-152305.56257498526,195756.35799635356,446878.3582104391,992283.1221665558,-121728.60840524224,-39181.44588490261,1103241.1667513046
808,72.49457667629048,36.32902070920385,27.562157895948275,-92254.27263443924,23343.511973464425,-480932.7850719845,-221737.61003176516,-434889.15582272515,34441.26301830296,-742260.945245317,-177518.59864483488,369935.9981571925,-75909.77737173958,-14490.140562124343,975367.9448002253
809,71.33837475795332,33.889057518592004,13.229193591414164,114719.36968469823,-125470.36835182004,171741.6597300265,-233247.02427622688,419338.3791617882,26647.432363358508,-493045.8264151477,149057.05860736553,504979.4288706869,-360431.6614622685,40568.5387096851,753759.574651876
810,73.1292410421421,34.77942025066957,13.229069435963043,150264.63686534308,-248722.24521692056,-899577.8078675264,-110200.38404822887,114888.89898177526,154675.58092321476,-946184.5039871165,-244568.21589308383,192717.3036610964,-1024219.1248554484,10783.290082400721,101985.29511243415
811,71.33874169432524,33.889383162630814,18.020850548591547,194649.5950951771,21639.73904941351,-119110.02227911609,-255410.42530777742,297917.33658250934,-124256.74069049337,-363436.265312292,-46488.699348829934,507104.2765265967,-376203.7142970745,-102485.93707657322,774731.2101291631
812,73.12963301720899,34.7796901141705,18.02063132662296,267338.57094680355,-48957.985510894854,-416517.075927109,-155121.54434318954,-38633.88247387279,28348.269556196577,-420771.33146150125,-110312.2372501317,332947.0782204328,-518703.8611080861,-3652.1182079423666,372236.3084557156
813,71.33920399128651,33.88974830519104,22.812477384462444,303684.30612561596,231099.88816086642,-169726.89192061196,-273031.56672162045,163598.25938421878,-161392.89921847905,-238203.1257017194,-6957.555038545236,610217.9831061352,-293955.00181944843,-72531.39410965602,903035.0148632104
814,73.13011917309657,34.78000060184821,22.81223564039482,331279.1846621517,171910.62920526305,-182461.01548695698,-207928.97019809426,-121145.49821464534,-32125.56629756793,-237286.85655548048,80915.83152109112,477099.82341484714,-226394.77822991417,-19024.067226902192,651608.2287322821
815,71.227752617264,33.83444834462834,27.60411651868754,905727.3297901773,470163.4137182684,228845.36951407665,-50232.45508593734,-19605.10754621671,-144120.2886381757,196280.91242928704,468937.09175560536,939518.1088376303,-112728.43752324831,-37002.773913693665,1104469.940419318
816,73.2425494865831,34.83594006931356,27.60384604933361,-100399.53369900119,34481.87196940441,-461577.0038961321,-185476.59208619528,-403194.6550719111,39295.477619439465,-692583.4816626988,-170483.87106170284,335572.6870986729,-80111.02560335603,-16181.49860488051,906174.4215282907
817,71.7725927723112,33.00936576085828,13.520857602437513,-748193.7228690217,-5165631.4535438875,-738464.2211122287,-291598.4448109856,-1422962.3598900335,50832.69677114632,-5598083.9167202115,-771565.8435554904,-282639.63724943704,-358191.49205313413,42459.461480776634,791315.6268663495
818,73.57962628626649,33.86589337921622,13.520742616007903,-333125.81351629144,-3698116.9553903867,-1471011.1303281004,59450.31506174134,-1207226.054122974,93709.92798158646,-4229114.539995134,-948407.0852804035,-324732.2739592405,-1008880.9489477142,17323.015601536186,141977.43895272742
819,71.7729347800267,33.009669211482006,18.229181257809937,-903869.3020103008,-7114976.498768105,-1390880.317922356,175123.28349148453,-3071581.144831059,-139099.29892855516,-8452717.084085101,-946112.3227925772,-10896.71182308135,-329036.9228945249,-110703.55720569465,811080.9760020718
820,73.57999109927766,33.866143287697355,18.228973971293904,-384442.193809416,-5336924.530776794,-1324494.2877915895,331149.83894001803,-2627701.0526281404,-52302.9239402725,-6648684.385099985,-458764.16187611036,61587.53459829352,-519514.769468477,-19478.08646937873,367745.1996855743
821,71.77336884475972,33.010010430604744,22.937476665293453,-1034094.0372530834,-8772209.491546981,-1980865.6563572458,860030.88262489,-3631707.964947079,-194524.18887929083,-10402637.027638748,-1286028.5974391855,-98503.56007937541,-273283.59628064686,-69358.54889457731,910838.6086790593
822,73.58044770301976,33.866430251658095,22.937245981815845,-504230.47388637206,-6747339.89646203,-1538475.213160529,783441.094725894,-3113768.3392239185,-109454.45123793485,-8259218.839446582,-731671.170371711,200844.42630936438,-232678.7587405059,-19623.69458523961,611793.3669549548
823,71.66088105720313,32.956802288663916,27.64578359151849,-1043013.4197900267,-11078756.427907892,-2376442.3373274677,1869646.084462815,-4429988.823071303,-167489.43865721035,-13165331.531910535,-1548715.7183893106,215835.06527445844,-107082.12819653514,-41913.24005787239,1084129.6510319912
824,73.6938609014216,33.920233239946285,27.645524840650882,-1318237.5685270624,-8677298.787124548,-2363047.192632031,1390935.2180263049,-3788857.5415845704,-34513.755892171655,-10619329.21178576,-1546852.2903256423,-192402.0461722405,-88629.93815411597,-20942.62436221135,842963.7931194743
825,71.9039660960629,32.7200955912231,13.81252396048125,-615370.7473334413,-4529441.676390066,-631160.6924300354,-299430.9424445774,-1143306.7727755224,50674.321056471985,-4857941.419297339,-646972.2930968724,-271059.4037593287,-351354.8873397563,32717.75265226177,805974.3651078471
826,73.72438486252199,33.548383393343975,13.812408553442218,-437451.6934004157,-4127580.6849709162,-1570504.897922475,34761.901766942254,-1273939.8628796055,92803.49522356228,-4655002.809307678,-1052690.7651938235,-427843.70179230336,-1018807.2837452604,10356.460512906096,137053.47512773934
827,71.90430100688917,32.72039136573256,18.437513532860486,-714405.6633769129,-6138651.921100749,-1214954.2664738833,79736.6179458199,-2524019.8670177837,-134982.06116662818,-7202687.021842387,-754338.9708391995,-110985.85826995963,-334550.5228870076,-108204.37977636894,818112.5423565456
828,73.7247412268238,33.548626526130846,18.437308514263457,-518818.65245528077,-5847005.118092181,-1416709.3887033318,302305.98149637453,-2774651.72707239,-53946.62582707891,-7191588.655554382,-574877.6438090879,-16066.859887320094,-501273.6729876283,-18302.005326265462,378151.36906359997
829,71.90472239307041,32.72072157815508,23.06247641580131,-783878.36968063,-7465917.542356971,-1703004.0174596733,652971.9502851305,-2999867.413739692,-183942.76200990126,-8779073.89605709,-1041000.3710174063,-132725.66242277357,-270007.2891800788,-67147.30590566319,928414.9592624083
830,73.72518392753526,33.54890317423106,23.062249469228632,-677562.4145685099,-7349584.674219776,-1676946.3871023508,778268.5108660731,-3271758.0838158587,-108199.8654386309,-8896908.630543511,-878196.5296201868,71011.6842730607,-229595.45259438799,-17727.27877351074,611986.3504772105
831,71.79138445948104,32.66926704358583,27.687451028677298,-668883.7638093748,-9196743.608457804,-1937635.4417617444,1505546.0455116476,-3636130.504848984,-157724.57217302234,-10878975.879700217,-1179305.3049027184,255018.37057400978,-102047.80244148361,-37364.450374916,1112587.3157626283
832,73.8394186263792,33.60093077750546,27.68719636880117,-1553525.9284093173,-9506535.303121079,-2566940.723819309,1433719.2624270068,-4021271.0369651495,-33430.938168259716,-11515614.715717087,-1760342.201834145,-351045.0377984771,-82816.56897498407,-15817.295985816872,844697.3003368857
833,72.03947859822134,32.42241089361048,14.104190146529998,-666944.5761993511,-4765492.565267221,-681298.9917544802,-323206.1040417522,-1204825.0515227888,50105.56618243425,-5114485.632158684,-698171.2483108938,-301079.25275147764,-343201.53775682603,42721.095326460076,820379.8721641363
834,73.86500387401166,33.23928688306177,14.104073885442372,-404588.2183130834,-3985428.270659611,-1547783.1462055272,22035.680706739688,-1175978.9487428917,89026.55222344374,-4460969.97527447,-1081104.4303086416,-395725.2295951112,-1015804.0390824777,6501.821459698835,142947.76725666487
835,72.03980614284555,32.42269898389981,18.645845649179808,-778811.6327436756,-6381751.441483935,-1267061.564607706,72332.07971260094,-2576220.385536319,-134507.81507599438,-7454443.941758655,-815938.7409221288,-157241.95615453232,-327881.144373402,-108992.37253682571,821093.3031343011
836,73.86535207141391,33.239523362632355,18.64564287365251,-457061.6899377061,-5526553.738372369,-1342828.0341219609,268461.93359395384,-2577584.4069635733,-53552.59766547818,-6761939.723976166,-516228.1562239242,-48275.58223194002,-484120.89322992554,-15728.395953785248,384318.42865159333
837,72.04021484583895,32.423018144597336,23.187476029388502,-859778.2540988929,-7712601.939827064,-1756767.9994670786,646670.2589384425,-3042696.013393923,-180005.93362178263,-9026154.180214774,-1102325.3153247142,-200668.69785353812,-261226.78459647423,-66726.92104517437,929396.8580568227
838,73.86578128535207,33.23979010311242,23.187252692566638,-593956.7796546149,-6887523.429542439,-1577876.9578214155,708206.6785177402,-3026044.80648622,-104259.30845076787,-8305370.6775409505,-798761.6560850128,44775.16660749643,-228851.28331608724,-18772.326682822342,602489.7909911774
839,71.92654405708006,32.37226541801365,27.729118288356446,-779824.7451317988,-9528505.781367708,-2020324.5455811275,1513300.3158837275,-3707519.0932736485,-152560.91139067014,-11223895.195127577,-1264521.3547479906,159761.47779493706,-99681.66528011652,-39827.11016561287,1102955.6133501022
840,73.98032051367564,33.29109451480515,27.728867585172427,-1418282.6017077174,-8824216.40251349,-2406656.531334048,1311726.977299652,-3722117.9678920335,-28541.127760593576,-10680762.64873318,-1618841.6715490357,-349551.2152730443,-84337.91877957356,-16552.560946335772,828991.3193226795
841,72.23704986698995,31.973357631736622,14.395855987788583,-33694.7117885733,-1668433.8271833821,-114351.17027793318,-231875.91355349577,-148381.46745593008,36158.02019615775,-1713310.0075364306,-126789.86075044282,23620.159036985187,-328542.88684447197,45480.191799518216,828852.4202507171
842,74.07018019066878,32.773094299301945,14.395741395282815,60155.92543478019,-1621690.5144381062,-1104671.5469526616,-19202.043185407758,-365184.2439109778,100753.69800722785,-1811062.8002960326,-925554.4356057409,70411.09994578717,-1006657.8055699097,238.96175493781905,143131.58399031658
843,72.23736616533391,31.97363570921462,18.854178414266592,66105.67931369378,-2150648.792680221,-464020.1642919787,-85158.24958873742,-695486.6245090882,-134797.9506328751,-2406842.1820259504,-244485.57364588178,102764.47801332586,-334507.0809537844,-102777.77222125679,819597.1382994121
844,74.07051621746444,32.77332177124149,18.853980339874163,206257.22527192673,-2059564.793980855,-689539.8292922104,57617.02776848788,-976241.3766819962,-39676.32101161006,-2567538.518724791,-191538.97151040778,216230.0922340598,-473940.71150630794,-7851.594574891217,377180.86859908537
845,72.23775894390809,31.973941499831486,23.31247642833708,195683.23403048422,-2455520.2124829283,-630735.2703836027,122153.83163904902,-939922.3243671521,-168236.41973285057,-2853783.9587041656,-313603.31320002483,276815.0230681433,-253873.85541370144,-65847.96786565776,937542.1608733446
846,74.07092851430814,32.773576388941514,23.312258467137294,269820.87028629845,-2430728.133423063,-634391.6591368591,216805.30816211156,-1185119.0060188365,-84937.80457926515,-3027013.480374862,-120247.53950658308,351962.09760782134,-227234.82085684867,-18563.278462548693,594816.8001205963
847,72.12359661541154,31.92424679370921,27.770786068877364,607783.1604234319,-2909379.3072717427,-471442.2001143929,558801.7771767435,-1263099.72828673,-146971.4792506957,-3497069.747896281,-97930.19106709602,821961.5920006721,-94135.90668199702,-37398.1039488448,1114884.3489268834
848,74.18592587886079,32.823797588962535,27.77054126681082,-265735.77578062005,-3229012.545823116,-1099548.2604200481,468242.29690176126,-1613804.9294059635,-12472.19557518284,-4140454.0753167146,-458592.30165507115,4749.794948002419,-82327.86657470798,-14355.557486519187,820118.6914274528
849,72.50048232872751,31.36436692033604,14.68752189465191,-29284.636408786755,-1601475.4595654928,-110147.09631886467,-237898.86923616607,-108079.85126389546,41545.16882238113,-1643325.011686413,-127663.26505006486,30081.08444333484,-330176.5056866068,59186.894704544226,840643.3940874757
850,74.33611174109352,32.158374936483916,14.687411487036858,56580.30493439757,-1627603.9644492946,-1093815.6804481836,-23117.566477249657,-337748.2212432869,103358.5610448174,-1791502.3158741214,-940886.7000025369,67549.67591357703,-991340.3853590551,6026.940366501685,141611.66975439663
851,72.50078326202349,31.364632454641686,19.06251117916085,69374.32478442264,-2034937.3441136885,-441285.75193293224,-86221.90436066044,-632429.540196726,-129754.68008950105,-2262032.428296085,-248070.55679782724,103254.21383171585,-320757.69598690694,-102433.442477578,831490.0399259417
852,74.3364317248662,32.15859117005075,19.062320016527373,195996.72095767,-2036253.7681321348,-685899.2612364877,63366.159119622076,-940182.0470103633,-39095.02628458074,-2519123.9397489233,-213472.9822053935,206440.61354336404,-469452.88572764525,-10000.351170063952,375553.1594600889
853,72.50115690456381,31.36492260822934,23.437477417345352,196001.81381098845,-2317590.566551217,-601030.1061629679,107255.23942701859,-869806.3727352659,-160412.90000749877,-2681759.2954392773,-308362.4864642804,267502.9230003618,-245202.3443319475,-65160.10344192812,943513.5479488431
854,74.33682413371724,32.158831743865356,23.437266417995577,256292.01330295496,-2399409.7905915445,-629551.9068504446,216424.33574596242,-1149061.0335031427,-80285.67229812243,-2972632.8252296196,-134435.87990148232,334399.0209920689,-226518.17814699403,-17919.03942550826,582488.9003041899
855,72.38681959627317,31.315570645018543,27.812454674811974,601036.6900597491,-2733653.6239448804,-439239.5907770302,526846.4691908465,-1179135.1566800885,-138991.7357210182,-3279914.1417947616,-89265.86166394404,797323.4787965429,-90230.03448814595,-37206.520977268185,1114825.2170827254
856,74.45195816033828,32.2086811973811,27.81221750155385,-269422.9635699241,-3189569.4207465765,-1086876.8167843004,468015.2800743178,-1573567.5406323455,-8452.77630411704,-4074759.639901422,-462550.28618445765,-8559.275014922428,-82409.10179709832,-13489.39005951175,799774.9541674306
857,72.76271879097503,30.758263223709047,14.979187622714665,-39643.65022912115,-1595646.3368587876,-120042.60395164473,-245070.88745372405,-89088.85276058629,42127.2520653323,-1637730.5077198716,-137969.45405125525,20367.370731573184,-325882.3170635637,66185.77822676272,848564.0354487366
858,74.60323897216293,31.540768054156445,14.979081310581986,61622.067497874144,-1543583.937261805,-1067340.1971135556,-30718.103143812976,-292307.39599735447,101867.02572862197,-1682631.6968542614,-939489.1969712296,72818.82694800437,-972410.1772606553,7591.792335642703,143141.2997955087
859,72.76300429573523,30.758516254395293,19.270843543696646,53175.6408221561,-2003811.166407905,-437044.9169558319,-92119.96917325204,-602504.838153968,-123489.63281943879,-2215827.572397545,-256120.8533350975,84267.98319106165,-307326.206182042,-100798.37280650648,842487.0720260228
860,74.60354269021283,31.54097304084383,19.27065928170779,196821.186889112,-1901847.2361523842,-665358.8380301169,55469.153899785095,-853315.8659087803,-35463.68023600407,-2337783.2073583417,-237283.923667975,204682.24373292792,-467973.25239966705,-11435.845571238668,365812.8059911962
861,72.7633595734874,30.758791371299736,23.56247786793392,173459.6076934978,-2281276.79778576,-593788.8221412508,95205.52954610814,-838233.8769985064,-152466.14683982063,-2627197.926936163,-312750.8650879933,238342.77979064378,-235623.55919180118,-63967.46016892968,946719.8277480574
862,74.60391586563718,31.541200050105324,23.56227381580404,257088.494538632,-2224282.908239601,-598042.6050162495,193086.74455931582,-1054580.6426638495,-73712.4225669253,-2749425.5657281894,-136589.94492005248,320778.49193102244,-228239.18554149606,-18166.59666676926,562159.4929417805
863,72.64869838060898,30.71014343331477,27.854122711158798,560414.2391545585,-2703871.308889947,-441883.40183023753,507496.6839699808,-1147318.276592669,-131163.24677611902,-3230295.6578771407,-101576.23628186352,746531.4225933772,-86641.35371151181,-37866.93895892034,1108774.2968444084
864,74.71933644538262,31.590317319859317,27.853893165110147,-247932.04250705912,-2949599.3360288367,-1030075.0467426607,429234.5325646086,-1458636.292911726,-3278.4542692680075,-3776174.652512321,-431891.23424582387,-19540.538520410635,-84857.43176853342,-14414.277530894422,769914.5385791368
865,73.0148934140133,30.154728252248365,15.270853313466418,-47201.24211873574,-1547626.5452879788,-121124.59361993388,-256098.98533182224,-59667.656599307345,35407.39678057742,-1592050.3288478018,-134573.83870133627,10671.786522489483,-317741.8981400584,68078.26814260686,857006.140800897
866,74.86505023932837,30.914166557941012,15.270751253900404,55590.572605634574,-1509521.2660802146,-1047340.671091758,-41979.00198107583,-265320.40141239204,93506.3298378315,-1630280.0246326716,-937164.1369165444,66172.796982878,-948714.0196460478,7624.058311884688,150392.66517229608
867,73.01516371923614,30.154969129482875,19.479176498356882,44295.76152685768,-1921686.6245406785,-423877.9115118237,-113306.97357821047,-550068.1017821928,-124034.28839102112,-2111936.926645362,-264826.1542659346,75494.30638565078,-296252.0822658612,-98031.52032025093,856342.4417803709
868,74.86533760099367,30.91436069041357,19.478999222475228,185738.00715743372,-1849081.2555645555,-660571.4356501094,41861.94202851113,-801122.8054454584,-39374.920904049126,-2252450.5763475103,-263842.4134717049,192378.3057619838,-467915.92496958526,-12475.541447011885,356225.4439254471
869,73.01550133140152,30.155230032504676,23.687478622481976,165115.21806445636,-2185325.115729456,-573655.5486983303,61717.23437947371,-782608.182570501,-153180.30623562247,-2502809.2523757434,-313191.50273486465,222135.30874727844,-226887.46938334958,-62569.22901959633,952004.2658331762
870,74.86569204430464,30.914574717780468,23.68728154948283,247687.95001869788,-2152918.527400085,-586769.1022643019,167549.93387157822,-1000382.6545497731,-77134.63886714996,-2644998.442053818,-149952.37217610434,302951.13458423415,-229346.27089177707,-17761.3428165317,545450.5714499002
871,72.90022001537501,30.108009721608614,27.8957907745039,545571.0805713087,-2576832.2471491257,-420870.4518727472,453685.81665405387,-1078368.207988754,-132640.53593833503,-3061537.3238526024,-100729.24824066742,710134.9536427053,-82624.04282689256,-38134.83328301525,1107831.1958948518
872,74.98169619653585,30.962237560811385,27.895568918373325,-239815.4075052031,-2843749.0731295035,-1001078.5040166783,391956.4231086936,-1391084.1713391216,-9444.079669685112,-3625363.4835734544,-423955.9538487345,-35323.54722919436,-85411.19010019154,-14479.16324625921,745222.4602534592
873,73.26182435404387,29.542228564817634,15.56251944082899,-40446.60774115549,-1422391.2957252013,-105683.09607134433,-252983.50454894942,-13411.524681860157,34132.241394677694,-1467285.9431524358,-116346.51980204975,15111.463416784518,-306882.18178823934,67367.45759159382,867278.6641012123
874,75.1167269380248,30.290104209972647,15.562421771862134,45933.947965618165,-1494327.9847232574,-1028852.7395523514,-42545.03746100141,-248261.97154514465,90176.76766580922,-1601891.7703000882,-931456.5266927226,56101.520682820104,-923929.053279375,9134.905382281386,162447.70444070874
875,73.26207974039772,29.54245757753271,19.68750953944158,48715.16555778874,-1744039.572167259,-392373.8565240152,-127436.85712908416,-466150.10107331903,-115716.67300100396,-1901720.2137959036,-263317.51074586087,77339.46140827943,-286318.4356602575,-94583.54996761892,874330.0488395852
876,75.11699843842868,30.290288206384957,19.68733914286719,166596.97853420692,-1828876.7033711395,-663517.4376980197,39162.383253488166,-767250.5860568205,-34350.7835866136,-2209787.9733354743,-287876.5668273011,171867.37762782365,-469899.01445165585,-13307.672505853492,348070.1695144904
877,73.26240007434473,29.542704893496946,23.81247972136677,167692.17977991817,-1977179.9781004665,-531709.1951361053,33294.48509256223,-693035.8565967367,-144571.88076973165,-2255986.0810476574,-299109.69927537534,213898.78686638005,-218501.28663655292,-61145.42627163082,959795.1837675264
878,75.1173348565546,30.29048992349557,23.8122894159564,225195.58236921078,-2121747.8255802686,-584300.8082371401,159703.7339421809,-967257.1599459111,-71828.92875306966,-2593060.6923351223,-163187.61911199806,275395.259998922,-228914.1398036618,-16285.064663485407,534407.6584777678
879,73.14680466822179,29.49619363182185,27.937459391742994,544680.8495363999,-2308096.9143678285,-370056.3343080404,402090.0141508781,-969660.6245288866,-124529.07253685505,-2742082.530828192,-77507.53527970426,686117.6669684277,-78540.81658536659,-37499.986511272364,1111476.0567882205
880,75.23361747284996,30.337417962761517,27.93724504283466,-254632.48965409346,-2809143.3641722137,-990263.5590657294,383813.8070341473,-1356323.992058766,-5913.581888617361,-3566868.8445989033,-429932.65669037343,-57237.91160275994,-84063.93043786424,-13159.127783458724,726727.4181233112
881,73.50996838492702,28.926848265195332,15.854185267868083,-44669.33541093138,-1366144.6347357887,-105775.38549159863,-241996.37262373697,14767.26446528642,43039.408044622694,-1409439.8386273314,-118916.8992990914,11767.382288104445,-301514.79968313925,69597.03027401459,883459.7016887853
882,75.36718946928417,29.66892106846303,15.854092738731321,47557.41815643344,-1418857.492663348,-1009748.0278082201,-31674.58065460084,-229908.08681851826,96446.74550485743,-1522109.2386466442,-917132.6436736484,58193.78000515702,-917854.8189043964,12709.437200432127,169393.27211961837
883,73.51020971952227,28.92706578885048,19.895842139182882,40746.866452334914,-1675512.5402313322,-378795.3466085518,-133949.07353597452,-431786.1389897399,-108444.59391198648,-1819844.9799526902,-261438.54630973024,67722.50587487176,-276179.90106882266,-89634.1201627029,889439.1851114035
884,75.36744600678446,29.669095553664913,19.895678538450618,164252.00717478275,-1734490.3633787117,-654039.2479266897,36074.40565772999,-709368.6713224485,-29710.989645268448,-2086081.9979150915,-306470.71703759895,168275.1108220719,-475116.84001669346,-13172.466433804002,332784.3256511264
885,73.51051316854333,28.927299934761933,23.937480338710298,154914.23805050418,-1904236.6318057128,-516296.1599116142,25881.85818053827,-661416.783824918,-136639.90057034005,-2169255.113123241,-293122.10437074484,196758.66382716285,-210038.40251215585,-59673.702559045036,963182.0357626604
886,75.36776495685488,29.66928533053613,23.9372966400773,222693.64439926413,-2001275.952277875,-561540.7769933093,150880.06563567207,-907521.789954561,-66125.99294434935,-2444082.384105843,-163136.54362003013,267095.84285395266,-229851.3101316348,-15528.264979645412,514748.1974803396
887,73.39475586781795,28.881137961711683,27.979127480635004,518304.56067281985,-2228792.9075039313,-360472.4580796335,384790.52163920505,-934282.177010412,-117417.84531160037,-2646532.7128059235,-76760.81198081958,652332.719875999,-74895.55454789811,-37345.68482222529,1107791.4040742
888,75.48417477699822,29.715839121954758,27.978920525249922,-240447.5488949236,-2648249.234602323,-949440.3483156323,365714.4571740701,-1283328.5061645037,-2011.9106502919833,-3370873.115771628,-409542.4224162157,-57721.59362503374,-85802.28149289198,-13281.26830654662,697917.2024001728
889,73.69061730782023,28.470722632847696,16.14585103133139,-616202.3047331495,-4030246.9600769803,-628484.9320847233,-371685.32550563524,-644346.6660515652,61508.495504972016,-4183484.8127889726,-677339.4634347049,-414109.9206711752,-307640.5050125987,79687.39997038439,907247.4407447209
890,75.55468622049398,29.19534123646493,16.14576151975129,-378251.21111544484,-3488193.5601551384,-1420256.1665071575,-30441.857635256074,-699225.8480909762,86293.84772030027,-3702431.2015007986,-1216000.4204129747,-368269.3158639668,-926315.2771369235,17819.079287095767,176005.13523227884
891,73.69084874431911,28.470931399293036,20.104174896492648,-670322.0127239337,-5069302.987345972,-1032566.315598341,-115072.9761886996,-1658268.3986415567,-110946.78507670348,-5667400.46591161,-683655.1755623587,-421135.6741942763,-258933.45824075397,-90756.90787846665,902956.0216782365
892,75.55493184801651,29.19550841051934,20.10401582800084,-388960.8906802089,-4502455.711905797,-1177027.9314758128,128494.86806099002,-1729886.7977346259,-50068.02512734611,-5241147.548787331,-513666.3085850449,-313630.6766894383,-472549.8923879181,-19669.12362198003,330127.62262422097
893,73.69113879469504,28.471154878503345,24.062480556348987,-701914.8962666814,-5982932.213998746,-1388179.0198433262,289016.9524982825,-2071629.4850652819,-146674.6258715625,-6786793.3202028945,-888909.3406162467,-397323.4692896108,-203012.8573788572,-58606.96387949281,962992.0369319275
894,75.55523661565003,29.1956885228373,24.062301844592774,-472924.32730294496,-5444144.880502037,-1289187.0243545775,425921.36873375584,-2131188.7094799792,-87141.54479615885,-6364748.017320285,-667963.2035195457,-173545.0113197275,-230898.75881244737,-16276.927488596815,494526.31152271014
895,73.57493971692068,28.426072984446584,28.020794883648897,-590804.5011429016,-7249047.66155306,-1542855.3568133507,928591.7430044689,-2582046.328778643,-123884.59766724752,-8331526.386218955,-973088.233499306,-78092.89979104917,-74185.59277901663,-40436.14728498789,1093177.6307258361
896,75.67205960990471,29.241142036190073,28.020593586074433,-1125469.6136674746,-6862703.693303099,-1927732.83881449,878086.408854631,-2694984.086006831,-23498.14156414499,-8139348.447490215,-1289227.8544251064,-487329.843869737,-89124.95513495628,-15476.541007228672,668617.7655238481
897,73.80719558521703,28.165124362199478,16.43751731629975,-564101.4680401175,-3764348.754017757,-580944.4489540781,-377536.15240018617,-567344.511643918,61517.94267420398,-3901654.82742773,-629853.7886002979,-377886.0549839248,-301369.4411653021,83183.84846331234,929556.1653458832
898,75.67579357405417,28.878092070736923,16.43742784713445,-413970.07636953256,-3614021.4485785253,-1453423.301670216,-47211.7682518287,-700174.4953428309,85032.5816153742,-3821211.835536745,-1257051.3173941658,-403151.6736873641,-930166.5897330724,14915.641458290678,181864.62749938742
899,73.80742050556304,28.165326783131086,20.31250748869386,-604238.7940226855,-4699516.008436908,-961890.7263251413,-138686.81956771627,-1499842.6493075101,-109354.77555254739,-5232982.120939869,-616159.5938112295,-416503.81403363566,-256330.18456757488,-88438.95550367408,911274.1851984273
900,75.67603203156173,28.878253911720158,20.31235057265352,-426385.2524668956,-4612480.532527478,-1187498.0861186003,110758.91058533973,-1744111.1340389275,-50414.21943869737,-5345666.8637801595,-530986.46058919,-349710.54674362106,-458794.3300643037,-17004.593693394017,336490.4943184644
901,73.80770038505914,28.165541821440147,24.18748057495196,-618163.7314818302,-5498506.798840731,-1283461.8747895558,232409.1739783707,-1881288.9253285704,-140984.4640242367,-6221012.317982068,-805313.1166057999,-373806.97052425024,-196675.85243304702,-55247.81565412758,976404.2951753256
902,75.67632597178695,28.878426668857873,24.187305123810276,-519384.1103075234,-5550805.575248156,-1312383.3370760933,412152.2290583209,-2142285.9481351613,-84697.44699510183,-6465339.363411599,-698559.4652997416,-218674.19392043105,-227854.04172858055,-14601.5595443085,493769.763278642
903,73.6912072262082,28.12117959227725,28.06246230299051,-473823.464177598,-6580087.680446236,-1388506.7663746774,826046.0806810304,-2341859.78003083,-118608.22364435648,-7555542.432596874,-850851.9171991317,-36023.56120250284,-69157.08917474802,-36608.46537672674,1110549.141086353
904,75.79342021226539,28.923144749219503,28.06226477458057,-1180830.1816422022,-7001455.128796759,-1962181.6886218532,872676.9184486786,-2720503.3993578916,-21728.519083013834,-8278261.630963036,-1333268.7157570776,-532936.652340701,-84859.01728700058,-11989.011552421893,668835.35332903
905,73.92384692618954,27.85955382653008,16.72918351550653,-602303.0599900429,-3902157.802564568,-610506.9784311312,-411535.24110919016,-598706.914717798,60191.94983628772,-4052915.8707354255,-663479.0038680675,-398572.96638224734,-296923.00651020993,89789.84585243245,939990.3460144906
906,75.79682790909483,28.560815071850403,16.729093743963478,-378412.53218484495,-3420457.720852707,-1416526.6875079505,-68496.35142690579,-625854.6416928861,81013.49617813597,-3600448.1771551142,-1247881.0284494709,-367067.7349409166,-925773.4042134138,10818.530021130951,181576.38527565138
907,73.92406521549017,27.85974999543233,20.520839990096327,-648585.5539892607,-4826777.920256935,-988476.420966122,-157660.03902794293,-1522820.0822309125,-107130.39253086929,-5364739.809948235,-653760.0313182359,-445340.05394584406,-251711.22787622115,-89549.04314411359,906671.1472941276
908,75.79705915046463,28.560971570475424,20.520685260395826,-371904.1522367401,-4295532.954686706,-1115339.9427547094,83319.1973187216,-1606396.116119335,-48654.69616842317,-4966463.905902823,-493560.45978954394,-322752.683985788,-447313.5829691988,-16262.287389036082,332260.4275633615
909,73.92433514756296,27.859956688488623,24.31248047981527,-667955.6968893899,-5609241.739434941,-1308152.7862278966,212151.1955415527,-1897349.772895103,-136616.99098782075,-6330569.847274315,-833408.2883420691,-421372.08693584317,-191663.65910850913,-55330.374701980014,971567.5066868204
910,75.7973424780356,28.561137151718913,24.312308284425207,-449910.2188199073,-5130130.679312587,-1222021.792058038,359403.2333106143,-1968878.1199037558,-80268.9705516672,-5966467.908948157,-630327.7530711112,-205267.02817126518,-228713.312300524,-16591.91140789894,477747.7292027115
911,73.80755710421387,27.81631767526089,28.104129580457524,-546581.9665669512,-6733039.533205936,-1429704.3552701059,811665.495067892,-2373348.6118363435,-113980.07607456799,-7712104.878505247,-893574.5272288534,-103646.44930889198,-69604.01965248522,-40095.72901351496,1094794.9681678237
912,75.9146990622686,28.605116347333546,28.103935819291262,-1070975.5913525994,-6413105.379316292,-1824587.0451241003,784147.5772226244,-2504641.8306338405,-17865.425075745392,-7593035.641535557,-1214897.63818023,-500734.7360772061,-88158.8229221911,-14678.607102867549,646796.6709827045
913,74.09298255433593,27.399034079853195,17.02084946396856,-50473.652979573875,-1195061.498766993,-98493.70600529935,-291678.37938593485,71422.7216941268,41111.86910940426,-1270438.1349019366,-97766.95177332363,24176.228923393646,-286943.9449564469,91476.70193834118,940522.7592066705
914,75.97248270620015,28.082716732649182,17.020761743256276,28603.59528547473,-1332780.6473335268,-1001867.5230088406,-73771.73150846934,-140331.78116276267,85755.98927964983,-1385413.774312101,-961657.5117489522,41026.711004160046,-909814.3335197358,7905.9917865865145,181885.86252341827
915,74.09319093433584,27.399222372245767,20.72917317580402,20794.20408104977,-1429468.6240298678,-340019.8648670003,-186174.05694730446,-315140.38361191715,-106947.42574284026,-1541667.3366441305,-264886.00036579155,57859.052194103046,-254323.25885438104,-83110.04658476153,909777.5736554526
916,75.97270328728169,28.082866450265026,20.729022932182133,142872.6740625233,-1537805.1957187273,-597226.5537757386,-12746.63841847312,-587726.1665154652,-35254.59067101055,-1820605.087785578,-316291.1213960332,144737.1337496698,-442860.86594096234,-9178.829352790324,325816.34747634793
917,74.09344848207573,27.39941923173642,24.43748109286701,129976.82443540415,-1572809.6122475814,-450010.6629524982,-57807.1483762434,-520215.10917941655,-127161.70287755725,-1782053.1760431253,-269350.66207227967,158560.38735072903,-185921.32506103587,-53168.5375052354,980082.3441702808
918,75.97297341930722,28.08302346826006,24.437313796278094,191366.15124801232,-1739351.5763398623,-510563.72545552766,82058.91926775595,-762849.6090976364,-63618.35316405604,-2105402.635313887,-169269.02922143397,216122.5139879441,-226496.25598612998,-14866.568702372972,473248.08648479125
919,73.97625014554974,27.356868991046024,28.14579726465775,471695.86237688584,-1788502.52856158,-280281.6545837439,256571.33292563225,-753492.5965401231,-108271.66197645731,-2115330.047521494,-42120.753057747854,560362.4798108045,-64465.97286758057,-36593.18637161634,1109868.6926720715
920,76.09072361276961,28.125895460032144,28.145609104630502,-232681.14030060451,-2262603.0969172474,-859127.1222900694,271443.4463365509,-1101501.8419572504,-4436.528389340184,-2887909.1540600867,-368890.94549602224,-97611.25995181079,-85191.85936511931,-12000.544164454783,641041.2516320194
921,74.31786282222953,26.77477518153715,17.312515621591174,-51472.59814058762,-1109209.080705119,-88236.97415785736,-292397.5403598541,99732.68516697899,42469.94894453191,-1195038.1450832444,-80351.42901096419,26470.921090643984,-285045.1216975434,94112.04319148562,938392.0517110593
922,76.19949835937447,27.45258717057806,17.312432374706898,22892.717642231262,-1297702.0990073625,-977280.4528464131,-79424.70309657141,-117732.61163894575,84604.1805674979,-1338117.6906097312,-949964.084288123,35991.94068630944,-885776.0502986626,12431.931786234398,184221.5073760654
923,74.31805813648218,26.77495379468681,20.93750639478274,20677.55344255705,-1293751.1725968532,-312928.5497025266,-191766.84457027202,-267387.7172607353,-97953.31427486564,-1393150.2486562582,-252007.96376565704,59156.043565092456,-244467.36108068225,-78200.60976170447,921603.2548028369
924,76.1997052054748,27.45272886111139,20.937362714334096,129657.23919867194,-1485739.040762659,-596362.3068076567,-13752.168956187892,-554326.2285524447,-30015.88444548902,-1752044.465923001,-331365.30875238543,130965.6663037427,-448956.22069729335,-10302.056071372932,315517.7103326858
925,74.31830084882732,26.775139398877982,24.56248224259046,125902.37977745605,-1422108.376646639,-420213.48939095705,-70987.2702467866,-469185.55678135145,-119187.1360798471,-1614467.023112008,-253314.81540525667,151362.35225712386,-180258.03631749473,-52188.57304130599,983156.5556043045
926,76.19995990000413,27.452876086126974,24.562321299157663,177712.57062933402,-1673179.1880375175,-499000.9275330866,76401.9293275702,-732627.5206882354,-58180.590427463016,-2025795.950217809,-168323.5038362384,199651.9091127773,-226116.41971375872,-13674.62189023883,460202.6379338064
927,74.20095398455189,26.73294489148541,28.187465686888007,460780.52288179396,-1603118.4316517413,-249034.07176375127,228369.8251530417,-692762.3295739779,-100746.19888464153,-1907232.4829890002,-23297.440969156127,539157.9434244581,-62199.02044998294,-36281.56025360748,1109744.9648785174
928,76.317827849903,27.495371583311307,28.1872847470691,-234684.70671532775,-2182375.36773461,-837081.7270889182,263499.5303033689,-1064017.314157984,-1380.5000193943838,-2789315.806679709,-361572.2191330063,-103253.77572614231,-85020.46874174054,-11223.655104262854,621241.9238746256
929,74.54276192757143,26.15052269660989,17.604181598524434,-57936.93209562788,-1049286.2043252378,-88101.32645222233,-285143.5782021925,123408.59901533271,49709.956219449836,-1142001.536090225,-74338.18315177696,21015.256368914375,-283908.8972264143,94661.2159813997,941026.2577754844
930,76.42649594392225,26.82245126870091,17.604103278841798,22623.32726944593,-1215285.830123,-954805.4302910792,-74591.20913447539,-102665.69563973416,89037.39498812617,-1252261.606796909,-931489.5448891179,36283.21854139288,-876318.6577687864,15887.612406950604,183591.87441786597
931,74.54294486892297,26.15069171257899,21.145839201888403,12831.518466928566,-1210822.5942604493,-295482.52153368446,-199188.65186382696,-238088.23221503242,-89827.46691990046,-1304130.387016687,-242567.90245803946,53224.69214752079,-236161.37777883373,-71992.02828716648,930205.9073787113
932,76.42668962236333,26.822585254740773,21.14570197668018,125040.73928335239,-1385410.0547902004,-587795.1936791919,-18814.354609020607,-503593.04642666376,-25001.42889314253,-1629424.8798262398,-344657.36213446385,125917.7327746634,-456441.4130862122,-9886.03689212141,298746.6042490875
933,74.54317320945667,26.15086645769084,24.687482915518263,112921.58749046124,-1331002.6893529962,-402914.48668282444,-78826.66077892309,-441860.0373919434,-110978.77668003413,-1515778.1500472731,-241130.8938814956,135913.45538340978,-174867.83070588135,-50758.26510504952,981863.4390883173
934,76.42692937292858,26.822722986748886,24.687328238480358,173195.66560286435,-1548662.3161007096,-475724.1164277035,67744.41636423265,-683343.3061762936,-52118.06117428634,-1881669.5630335724,-160896.43671845854,191375.23282648253,-227564.45893332132,-12852.513075836252,438828.655203704
935,74.42568047181922,26.109028923040974,28.22913360894628,436098.94735893037,-1500765.9158365808,-236032.24776853496,210041.31324356963,-661747.671977066,-93617.94986599726,-1794742.4718979108,-14354.77575322167,508398.03140494623,-60516.0532858198,-36038.30325284213,1103542.726814054
936,76.54491334290431,26.864841547244836,28.22895981265671,-222707.35861229652,-2021197.5267094437,-796531.5890897834,246019.03221948814,-1000903.5239483651,1996.20917500744,-2601802.4082406415,-338479.34902428224,-100154.71714660121,-87172.8156806296,-11288.118295372991,592148.2471581672
937,74.70618348138723,25.687943664250643,17.895847428247272,-553886.5439859743,-3311666.29869206,-533705.7743916715,-445448.8286195792,-358253.29399079114,69806.10213179378,-3422637.4437979404,-612226.3812884007,-364394.79198336427,-288622.8716898433,100961.93687906505,958506.6927728825
938,76.59610598021503,26.34217523057544,17.89577193457732,-347564.1363874438,-2960986.6377323754,-1307184.2303067883,-112929.42621526953,-419159.0997976471,82522.21165498193,-3064188.1317702946,-1219952.5652380423,-331594.307418272,-881700.305870191,17889.38586355675,186615.86670986566
939,74.70635765391543,25.688105114195682,21.354172099518383,-567244.3726344123,-3941951.006813281,-812506.816350671,-256847.9633790044,-1147075.9232485332,-86352.1334310747,-4336845.291192509,-547809.3419555122,-437047.56265034195,-222733.51536294908,-72471.42792165888,932641.9415665941
940,76.59629002376982,26.342303092545237,21.3540391244275,-320560.9720268386,-3584985.8535069725,-996562.4523796599,991.9148423003847,-1244730.8169741463,-38991.96017290082,-4086468.010776946,-502466.8533822501,-313174.4137542761,-455023.5658252014,-15369.68747940039,290102.7773535964
941,74.70657462737708,25.68827094917096,24.81248316069103,-566252.5244168926,-4520725.803163783,-1078487.9615248365,46630.414568566805,-1497475.6259716505,-115089.19979949133,-5080986.926668105,-668672.348891695,-415807.0135457102,-170738.57893329204,-50098.679101333735,977165.6960751463
942,76.59651767888796,26.34243307394395,24.812333208913238,-371078.5836965161,-4217120.76230211,-1031878.4438787714,223175.34359087548,-1597148.7155111288,-66798.03465137206,-4887233.229480669,-513573.91903717676,-219270.64135955015,-230011.11904559296,-14407.337002482791,414173.2993422364
943,74.58868336692048,25.64753072370151,28.2708008564936,-426323.8763175799,-5357021.430150007,-1142993.4102090877,543004.7175529479,-1897616.154623358,-96623.3255807431,-6124818.999390947,-684937.9750805973,-116581.74220512868,-61745.18035717519,-39329.879383064486,1085184.581609043
944,76.71487568087036,26.38343797101387,28.270632514796393,-900830.7119424718,-5235823.432393755,-1538537.0021711318,579153.0097621576,-2057609.9260043886,-15228.480950893967,-6204897.537316227,-1008662.2909083199,-461631.31828281545,-91087.00699230487,-13797.67348633744,561019.0348472821
945,74.81122245288127,25.378189026578653,18.187513653488864,-504690.3644028537,-3050843.05763121,-485324.5847097556,-452102.0880103371,-300077.13553033,66386.25989425709,-3159054.2375736954,-557483.4025370715,-324320.36663305457,-280680.65747691086,104183.35927818932,983133.0345474
946,76.70523374390834,26.020608949051308,18.187438092638626,-376094.343336174,-3035900.932786636,-1330443.401877413,-136935.48564015093,-408080.2170605585,79577.36067614416,-3133401.3128235983,-1251029.242454045,-358008.12272258045,-883554.2280656823,13839.169792148083,193335.7696240354
947,74.81139073726531,25.37834478295082,21.562504778139346,-509161.9618445149,-3605016.7877968717,-747097.8601450713,-269889.4030979286,-1027528.50924274,-84954.79299072588,-3959300.2158642923,-486010.60055545386,-415965.7933667129,-218259.62759615175,-71124.74505706436,935176.5614694499
948,76.70541138330904,26.020732098316255,21.562373755806856,-345734.04076735396,-3631976.3792930604,-991253.0157590621,-19345.484227013345,-1249148.4793302775,-39119.52546594534,-4129508.5888346573,-499529.0510094548,-339925.7959753648,-438832.8763503067,-12127.515609920823,298888.03213423555
949,74.81159914707952,25.378503419628444,24.937483164247055,-494842.8682582051,-4086628.597746533,-986700.3327995283,5040.395838518513,-1347159.874617205,-109457.33773346589,-4590529.600404071,-593267.8440159227,-384374.3543842708,-165308.33163025655,-45717.062199800326,992685.2669281443
950,76.70562986035796,26.020856091240635,24.937336301577034,-402470.1779001313,-4251385.840131545,-1038906.4094668671,204557.34975349257,-1597535.105963529,-63628.32468404054,-4916589.032728832,-525092.9434651912,-251080.45130452124,-227067.14315691803,-12199.871412542823,414795.6411398714
951,74.69344282035526,25.338494322374466,28.312468116206013,-329540.18003913586,-4776710.426709516,-1010188.9521299981,466697.73881540913,-1706829.1930786713,-91726.68013039159,-5466690.6097355075,-579060.2276065586,-70688.72153658186,-56377.75422648958,-34455.19259115945,1104851.849682044
952,76.82423334283382,26.06111682712593,28.312303407122794,-934814.0301583502,-5281151.632527503,-1550391.8296832726,565498.94181564,-2065340.4128867146,-13668.854300279078,-6248091.861771402,-1031301.2469431432,-486964.38365458394,-85603.58499054147,-9388.638411925393,565081.5353907577
953,74.91731184125,25.065490634550947,18.47917974432179,-513090.73069021094,-3069798.401199245,-482964.94270799187,-476534.46292359376,-315905.7346918537,57044.81378486506,-3189212.8849967364,-550396.5088469628,-326244.6807537489,-270785.76068514877,106620.34807716393,997991.6263330688
954,76.81331183654058,25.701986238818563,18.479103498815455,-357788.6720843072,-2928158.6912156614,-1300050.4550452204,-155736.1221460975,-362145.48992865504,67666.52639234402,-3012295.9219049113,-1234078.7418240686,-339623.1546162089,-870030.9657549984,7821.463229897969,195550.14056583517
955,74.91747396107431,25.06564073433867,21.77083741696851,-519330.4984619164,-3595518.702061553,-744547.3289664207,-275734.43845408043,-1028208.8839345044,-81783.34661427683,-3951736.784254008,-495817.49377472256,-411842.2514611609,-215150.38335907253,-74357.4874948531,920704.2062834632
956,76.8134829613575,25.702104657137582,21.77070833200342,-316823.5493201837,-3451844.2938262327,-940940.5478578914,-26887.544976672547,-1191126.9053010335,-38037.47936161019,-3927405.4338626824,-469991.65127674054,-312211.30586488487,-426450.55407044775,-12635.61923357522,294519.7717276749
957,74.91767408051692,25.065792207475642,25.062483037779444,-503943.9141826787,-4040055.16654323,-975856.1345723683,-11865.351304392903,-1331451.6542939043,-105184.48908824661,-4538326.793397641,-585967.8075821233,-395560.61431851424,-162063.00809483044,-44229.468032248646,992964.2310946677
958,76.8136926011597,25.702222863995722,25.06233922323319,-367793.95764808357,-4014625.8710253905,-986864.6726281947,180672.64394961702,-1511217.857606245,-60427.07409256309,-4644656.196431303,-487149.61598481383,-237478.68888555162,-227960.8608028986,-13457.548654019518,400681.88357963704
959,74.79938403568364,25.026146359355025,28.35413523816533,-347053.10418364033,-4723360.457647451,-1000891.3511001247,448237.89570461947,-1692498.8847804603,-87573.19892853769,-5407412.262853362,-575006.7737201315,-88885.87635772154,-56987.014087748415,-35925.24935831622,1094637.7578862272
960,76.93241058324534,25.742107743891825,28.353974100679395,-877140.757875015,-4956615.694708502,-1473510.5840735356,526517.1424944121,-1957162.3953680226,-11231.19016071822,-5880220.201266141,-967580.2131036363,-459466.62228727894,-87010.94266392126,-10533.59667466032,547804.8782432451
961,75.02044236309365,24.755097905426393,18.625012511274235,-283918.4396128595,-1639002.8032433994,-367981.8665182125,-12030.114439240353,-402601.0998208952,51806.52741619462,-1755801.906179789,-323120.88110920094,-211980.32208548157,-253452.79728127143,97538.85210799376,968181.3276383595
962,76.92038276623639,25.37973284165807,18.62493797166511,-207611.36905967322,-1822563.3802119188,-1227204.642239537,316190.5321910726,-665911.3410720022,99791.80355698345,-2303164.937506729,-807096.0068540636,-147118.44715033512,-849937.0182885341,2617.0932678080585,188946.81691946904
963,75.02059848136966,24.75524382664039,21.87500413266588,-381710.2883830476,-2465192.1901347726,-766556.2703728925,164673.03939362254,-1102302.2725369642,-45875.61061377542,-3013613.0796491685,-436481.88797395345,-163363.78126759053,-225555.71030057486,-65785.10623924078,914872.4039797344
964,76.92054746789468,25.37984778899301,21.874878197247938,-253608.14881665958,-2611557.236787528,-1039434.8107692364,426431.5674878135,-1348333.2834282978,14254.115871322467,-3431104.30248476,-437367.62973755447,-36128.26415111097,-430312.8361588478,-2900.552688769252,278604.0783296871
965,75.0207924209706,24.755390371972695,25.124983359707795,-432887.2282356495,-3311791.9182832274,-999361.989575302,276153.26379337214,-1366513.7825267825,-65404.56013803698,-3959737.2327819653,-569342.2284503914,-214961.67486182402,-160761.45596056356,-43875.06266906103,990889.5227563258
966,76.92075043422386,25.379961946406393,25.12484269428588,-337967.32365835167,-3452368.787849445,-1056519.967504908,473982.3998795328,-1552455.8571949403,-15030.425872357795,-4260198.782510876,-514618.478462945,-72038.81803888589,-227436.38408166106,-12068.053603960605,395598.0738722292
967,74.90224946230471,24.716480968897393,28.374969028206085,-313669.8749481597,-4358289.603029689,-992858.7005442001,508943.2995549405,-1658174.0043917622,-70078.56738619163,-5079551.4779713955,-550203.0632111307,-35063.63733952429,-54327.19919038539,-33223.899980085196,1101763.0820726869
968,77.03970760790065,25.419101576824527,28.374811472101722,-853436.2669699118,-4640231.947081419,-1472961.3250490935,595408.1699234893,-1919399.2197281315,11883.631006443744,-5607292.104844684,-945740.2477619292,-413597.1864938097,-87054.01104954301,-10014.951896552267,537473.1246545875
969,75.1225846028253,24.441079687031948,18.62501234844837,-265251.75906635367,-1504724.4448313164,-328151.73525120836,-23344.421574444783,-335405.3999775438,53948.11319829531,-1593679.3438828592,-311780.8031468992,-192667.79211912004,-253450.82892084614,95572.93973388185,931614.2100594172
970,77.02447610867547,25.059780240103724,18.62494219936306,-204045.52808195687,-1759957.0855894312,-1188233.165396541,301963.7783133414,-631141.0260583193,99132.3224794536,-2214102.6471450683,-791076.5257369387,-147056.60618592156,-823015.06753666,9243.230591736285,190264.01310364268
971,75.12273510174023,24.44122266736827,21.87500459367207,-349838.7091813687,-2231152.558608741,-709170.1153409726,132559.22222208296,-1001423.5865083458,-38057.611337083574,-2732279.4246539483,-393228.288508621,-164653.6699685112,-223383.83532056678,-57638.88765317496,932560.8292442302
972,77.02463478928327,25.059893085412448,21.874882886031923,-258629.67971287435,-2544498.607468466,-1042824.7977821069,414006.9383979495,-1309610.489628393,19695.111668817925,-3347281.5864910837,-441629.7124410198,-57041.786031341966,-450023.0381745183,-3207.315181978761,269644.057929496
973,75.12292467591486,24.441366492752838,25.12498413998205,-396829.95189199154,-3046166.459725946,-936343.3444425913,241735.95952222013,-1272454.1870073138,-61430.13193776925,-3655540.9879836687,-521774.1993367747,-202024.568740085,-160559.0887593371,-42411.22083625226,993474.9235643947
974,77.0248331690659,25.0600048712155,25.124846637448535,-342364.7331574428,-3378694.26792526,-1042918.4372300797,459758.76879854844,-1532973.4068859594,-11839.645718350832,-4181200.982149814,-505003.6759203176,-77772.78024264962,-227873.2063901446,-9038.197401410127,394106.730605246
975,75.0042557908599,24.402825409690166,28.37496975579711,-266363.4294081604,-4020527.7835679715,-919652.8621016943,462611.42164674716,-1553739.1820870575,-66242.45963308756,-4701603.66724141,-491008.192388216,-13932.215448196752,-53115.58897781819,-30932.04700233089,1106111.3944066172
976,77.14390816342144,25.09877114429628,28.374815663824002,-855598.7732964156,-4580136.895164793,-1455759.0697011496,580383.2073125675,-1899518.808802329,12791.496209890798,-5537537.066025473,-940018.9956992329,-413938.67643765395,-85650.75517700473,-7808.9090318634535,532001.1111614588
977,75.2247458477622,24.127067912033137,18.625012350890724,-268732.3791582648,-1466567.8485316948,-320875.4813362892,-17112.824747580682,-300667.9915696957,62842.49475991523,-1540681.1098917811,-323778.86542045954,-191715.73371400742,-257355.46526516133,89510.45924193774,890071.4734999442
978,77.12855137483511,24.73982209382008,18.624946855555347,-183358.6995235083,-1611503.908146758,-1143799.3100777993,286090.0380177975,-581328.7025625274,104763.36292582839,-2051172.9795122717,-759374.8587718016,-128114.07946399308,-810050.6215476714,12408.981678986336,179403.49177813967
979,75.22489118093608,24.12720766433639,21.875004871127494,-349818.37822119903,-2139287.7526427642,-685202.4088126032,110114.79258231152,-963551.0596497995,-31290.52171812468,-2622469.8881221013,-380528.3175120376,-171310.3340424286,-223807.4761375511,-51423.685413385174,936412.4104573298
980,77.12870432253254,24.739932976463813,21.87488738912864,-234024.45194926974,-2350070.4594400455,-1012913.0998824385,382513.8749820149,-1210952.6976244121,25052.288399048426,-3105669.3593269447,-425119.0217507715,-66219.63019403713,-470035.3093399231,-4227.97615630448,249263.10329377867
981,75.22507631794363,24.127348884751463,25.124984787176466,-402943.7955511319,-2968667.865249969,-919684.2055857203,226424.70781469025,-1252164.1948200555,-57147.720006488606,-3572305.4711719817,-511531.41529001837,-207458.9799248214,-162825.6502318166,-43841.377640796054,980362.1015682312
982,77.12889808800885,24.74004236029394,25.124850445226333,-309275.6182050222,-3139392.1151615214,-989513.1967329103,427065.91998107906,-1446374.0816449004,-8189.4124395530525,-3906350.9175041127,-463996.1216371237,-67833.89095821645,-232882.07642858056,-9389.08487451646,377647.75692519336
983,75.10628391801762,24.08917687383006,28.37497038028536,-281800.7434258072,-3957241.5494929575,-912945.5173541785,442881.46609801287,-1541646.607543384,-62767.8554747469,-4635603.990430962,-486235.21214361757,-30148.607698365082,-54969.92627254648,-32601.645525346965,1090505.5782014031
984,77.24808867969,24.778434455736896,28.374819695923918,-801027.8844897288,-4274106.667599917,-1377726.0737281651,538368.7840415008,-1796221.891435317,13852.38448187608,-5188448.450501518,-878466.1664795128,-385946.0088367827,-88746.81545792852,-9304.556825879841,510719.6750927119
985,75.3239885494414,23.815410874130567,18.77084560800303,-481068.98806051107,-2651023.0776348254,-424724.9692164929,-444670.0049575631,-169242.36990870727,65550.89868151673,-2748750.7656919104,-501419.82795927225,-306646.44126064534,-266880.3362621302,92994.00621724951,900569.1684214692
986,77.23158600053176,24.41625607401252,18.770782461801364,-326193.74363793485,-2517972.471458704,-1183579.0518957367,-156707.0607031528,-232114.6863520349,69648.78885200908,-2566338.33004958,-1155008.8561999847,-306398.08074280905,-805098.5724451507,19273.04790435736,195792.4513832536
987,75.32412927319561,23.8155460418934,21.979171391732354,-465038.8753446407,-2940384.4458319466,-630729.1990016334,-343266.70632704237,-793854.8488902021,-52292.17585915048,-3229578.041901333,-458194.85691954946,-348379.62135733676,-211265.27513546898,-53496.93244459452,946695.7680852215
988,77.23173360476554,24.416363969824552,21.97905700030443,-284957.16420277057,-2918447.5805447055,-901359.5708773416,-79605.0264922593,-949692.367500388,-16200.988898078585,-3297333.9574488266,-525437.9657342645,-281992.39244172553,-476697.39612340246,-14265.384802857428,245888.3774264412
989,75.3243084069253,23.81568286479108,25.18748500876083,-444292.8841784991,-3332886.0633398555,-834443.7499795484,-107510.84304150307,-1107599.3336806144,-88985.79514891565,-3758460.1317889476,-473287.70727945596,-379874.85842950083,-160602.0564459032,-41402.348274048716,982064.2666753696
990,77.23192101580008,24.416469426032307,25.187353745316383,-312338.8992764272,-3368210.033530655,-866201.5154716996,90662.96466111133,-1293946.973870726,-47790.96385652892,-3918179.4853940755,-393731.42873589834,-234839.53414880755,-234669.83001613576,-9613.969709734818,365534.96353386715
991,75.20527265708446,23.778250646318266,28.39580413197949,-276943.41389222373,-3885700.246853054,-835341.9988593047,299693.01172671356,-1444061.8320103616,-76512.04219683702,-4475800.760895955,-442749.36443066533,-79435.53427796344,-56411.674252500896,-34095.07731974559,1076541.5167570894
992,77.35134198779593,24.454113370699247,28.395656890403156,-768235.8989364186,-4184259.403475726,-1284813.589013689,397600.08559170505,-1699027.576896518,-10135.635240528401,-4998151.571283212,-831062.798235144,-408094.52190747927,-88577.61935769697,-8737.071920618022,497762.56166190415
993,75.42220871673565,23.500152695133973,19.062512116497697,-450087.64514984266,-2476521.0321642957,-400953.2306327288,-440180.78579136916,-143499.42027047352,68053.28239652416,-2575397.3144451063,-473336.0966745304,-278828.4968272299,-258761.898061405,88406.92745848578,925875.6247601239
994,77.33168372972413,24.095037413121588,19.062448858645197,-334110.8511703454,-2519336.9737388478,-1189176.8064579142,-158708.5205113368,-236877.62188548554,69330.697970029,-2569639.965102359,-1159074.3708399069,-313910.2954248403,-811157.4994933291,19054.470645519366,206076.21036483414
995,75.42234516135643,23.500282199033425,22.187503928064988,-433686.69634967356,-2739664.8438577116,-591552.2543946302,-351298.36569281976,-733160.5642860109,-48310.83899412826,-3013523.278207702,-433615.09002972464,-317765.4263645884,-210975.34149507797,-49284.8472670141,953733.8673703204
996,77.33182646638642,24.095141307892284,22.187391406247343,-287986.276703931,-2882814.239267791,-882237.7405880264,-95629.66380402859,-939880.9311992818,-12838.74167970477,-3258049.860394028,-512336.1725926295,-282652.2235730897,-467393.4191291874,-10463.071954828933,244247.0963952066
997,75.42251673757823,23.50041276914331,25.312484816971107,-407570.58383225626,-3087016.579028218,-780488.1183048782,-124134.51519599863,-1032603.3811089183,-85257.39788177621,-3488703.7577120312,-429232.510266012,-357139.01318730967,-155392.98597613623,-38378.6404916491,987358.6194796932
998,77.3320059456388,24.095241404417713,25.31235644998575,-317310.7433171433,-3313120.9324423843,-850676.1570771872,77345.45811383,-1276088.4516790637,-46163.85423578156,-3855917.313910371,-385419.4879703728,-239771.0309559712,-229936.51071934053,-7701.495141222531,366661.7236283288
999,75.3033550043489,23.46334678038634,28.437471242974297,-229787.17276182398,-3559191.035001027,-760305.8372304033,264453.8253572086,-1347427.7819138693,-72595.48657251718,-4114696.780246095,-383246.0526580961,-51341.212089064196,-52210.41861856033,-30214.30505004964,1085656.2636605315
1000,77.45153517804005,24.132507851112752,28.437327406282826,-767147.1995346623,-4111161.8593919543,-1266851.623108507,384313.0716953688,-1680951.5929062986,-8778.636644311073,-4919551.417328117,-823491.8777027368,-402117.3870042691,-84848.01964818212,-5417.192081463443,495891.2283843416
1001,75.52044773127044,23.18489981962982,19.35417831524282,-452080.7470382042,-2442524.3641541726,-402281.5177178937,-457226.78682704637,-143177.9495847039,78373.59043785292,-2549606.914132521,-482775.43181453866,-264504.2829632116,-258763.1778572704,92567.69691231649,944539.1697968992
1002,77.43176272404958,23.77381294911969,19.354115259659054,-317827.0879323222,-2412008.9000957743,-1179527.6976111927,-162236.9388240672,-213030.37857176297,75219.40050644962,-2457999.2395550758,-1155692.9156514255,-295671.53043278755,-827868.8242414707,18565.294626973453,203456.7529764936
1003,75.52058012517487,23.18502409252915,22.395836322489615,-436898.2942100563,-2700239.23831835,-581575.7251573933,-365533.0229872744,-725102.6902077022,-44622.916479401334,-2976381.5994287115,-437444.9009328238,-304886.75732426415,-211267.8959740293,-47726.092394430845,947619.1694341268
1004,77.43190093880563,23.773912946759026,22.395725649133542,-261200.2103050482,-2711324.979794233,-837108.264717625,-109278.58560046094,-886434.5112086344,-10353.255610672306,-3068109.2311198385,-488375.6425309214,-253148.58116614667,-458495.55344086804,-7849.222928231335,235202.64835466392
1005,75.5207442185359,23.1851484618403,25.437484515758715,-411213.65424412314,-3023264.0280879093,-765218.247789084,-136970.13333207922,-1019551.2618161774,-81771.4912580522,-3423686.7011525445,-418985.0091121922,-357024.219856379,-152060.51863928928,-37878.29280816346,979804.2290341589
1006,77.43207255383707,23.77400776532809,25.43735900951694,-286539.5921916121,-3097939.9669362493,-800961.3606880906,59559.459950517834,-1203338.1465859306,-44300.33439411103,-3613314.9740682864,-350219.09135234804,-221906.8543953156,-227367.13549063617,-8161.266506110497,355928.82970681036
1007,75.40145895385592,23.14844959692251,28.47913821196306,-238547.69117236254,-3477995.1641178387,-743150.028747726,247288.01145510576,-1331707.2048595329,-68707.51589912816,-4030222.1825120384,-371812.1971189472,-57658.504406941385,-52386.20949714935,-30284.545066756804,1073935.2711718965
1008,77.55170789545113,23.81089625933469,28.478997771953445,-716014.9368307884,-3820542.6959765777,-1198145.9867352056,353100.7929268784,-1589039.1261407228,-6749.727847643938,-4595375.948165705,-766902.2157104671,-372425.45566639805,-86459.19031251078,-5890.268903083663,477215.4999981404
1009,75.6157926433594,22.872031546717796,19.645844124046874,-443284.4508722492,-2342753.9192376286,-391135.50728152064,-481023.5578973683,-125233.24997408684,88656.05774482049,-2462582.879845503,-476045.82930322434,-238545.16824267138,-262972.74216998403,101238.66159556709,965614.7314026736
1010,77.53075059718175,23.44898906859045,19.64578134781543,-317275.58309324604,-2361011.224329392,-1186551.924711103,-180683.63619531435,-184864.20664528548,83770.62468827808,-2402676.109713895,-1171994.4258807483,-290168.1965390992,-848588.5666529359,18329.306629485396,195852.21791322596
1011,75.61592101547215,22.872150964548066,22.604168947286126,-424641.87582927337,-2583143.4764608624,-556694.092097251,-380876.4767762775,-689063.5054862666,-44489.03693499205,-2853837.5688113086,-424868.78883312317,-285773.0867429539,-209490.77519979552,-45555.38281348396,942570.1281082028
1012,77.53088436933874,23.449085133604935,22.604060114416026,-249802.19900560565,-2600763.43647782,-802332.2862787761,-131202.35701036482,-849937.7214983632,-11099.439335944215,-2944770.2255164683,-470634.34932017204,-237493.3469255617,-445477.35536125686,-3878.5543574057792,234784.33286874864
1013,75.61607774429001,22.872269206652877,25.562484229774828,-395009.3068044817,-2861894.6035880465,-730446.6012136397,-158643.2587903549,-971850.3290453884,-80641.54972669255,-3249465.2002110425,-392303.6092238942,-345581.7021712313,-147897.86813166618,-35940.922146852114,978818.246732161
1014,77.5310481385745,23.449174800757987,25.562361604373294,-273582.3072261652,-2956644.5049887355,-767081.4317703182,36887.24860339091,-1154288.3829494223,-44970.5308440996,-3452834.001028576,-328132.42058885074,-216341.8223677921,-223342.39896032447,-7368.676911002189,350192.6801306369
1015,75.4965565851844,22.836311558695918,28.520804920905793,-217273.98433861125,-3262871.536729836,-694724.7325233482,212524.18940229257,-1269550.1218578792,-67211.01342886093,-3792706.2878901083,-334988.5420191746,-47175.42368251286,-50444.567170711925,-27700.72129590652,1072497.191226437
1016,77.65090250630351,23.485311493743204,28.520667908006068,-687765.9341052171,-3627625.7914828216,-1152797.4616907358,321293.5151314438,-1527352.9227304216,-7778.173477656723,-4378217.194392521,-733428.9901543423,-356543.00273190805,-85595.5969749835,-4048.5817109303453,466834.78203457035
1017,75.71006549722662,22.555569324747783,19.937510046783807,-417530.68388993625,-2181922.5697642136,-365013.11634826043,-498012.25153617497,-97156.94259134137,96638.21054663301,-2315263.196576113,-448629.2726386485,-200573.90078764744,-267055.155839534,111922.79910752637,991325.052556907
1018,77.62682599448713,23.126544474568338,19.937447248639785,-327297.77084702335,-2365649.248088581,-1201996.7059680414,-205007.84948960907,-160156.8027229443,90708.44442792592,-2404946.8326371238,-1195672.6760659767,-294324.21620054595,-865838.6714917806,17303.700660559884,186405.62984925328
1019,75.71018957356577,22.555684097614897,22.812501315911227,-393495.69677522965,-2398448.169009772,-516944.02752800117,-381305.34733598196,-638147.6420716393,-43446.854491561986,-2657391.0162793407,-395390.83550674305,-256106.04152691856,-205234.3686183793,-43720.33296841822,936615.6237344756
1020,77.62695524633537,23.126636458704564,22.81239421742171,-249459.8989384552,-2555573.766869567,-774080.2030942511,-147295.31703601804,-841835.4771647493,-11751.883781915474,-2897966.640575423,-448365.61829355994,-232781.6100332902,-426862.7271664518,908.353105202849,243106.5937471806
1021,75.71033902324527,22.555796214218027,25.68748395288918,-358885.75094930024,-2619611.6816307725,-678364.6750347179,-171327.8476987805,-902793.4619108702,-76671.10942147531,-2987934.5374634275,-348491.9791287012,-320435.5910226624,-142729.9763583754,-32036.85571753481,985999.2295618877
1022,77.62711130131557,23.12672118210658,25.68736417234178,-276438.46033851797,-2896204.8253873615,-749549.2195366942,24343.370625598312,-1137909.2815360168,-43490.5393789792,-3387132.9217442162,-317898.2162328001,-217161.36728555683,-218646.13215170562,-5478.116977108148,349297.8042990484
1023,75.59069723875679,22.52020666849401,28.562471873050885,-171452.8067533041,-2948255.6625373065,-622339.3733786017,183910.0876846355,-1180683.5647194255,-63169.366318853456,-3448996.67801443,-277005.79761029396,-16045.367044488725,-45949.31948779747,-22061.73870435499,1081458.6968107005
1024,77.74706998968566,23.16247952179564,28.562338215666852,-683369.5869435004,-3547107.02810037,-1133610.8890712906,307915.82894406235,-1508336.8988659007,-6630.274910145248,-4292949.473853907,-723751.1363072367,-347386.8939540189,-81974.65728475578,315.32518345640017,465189.1212785118
1025,75.80435781596422,22.239112842577125,20.22917577219461,-418789.2706191072,-2155853.506176432,-356716.00478257146,-533606.4091140339,-100258.02453431007,95826.36919510232,-2309224.5224221656,-438015.971462664,-184118.28769328175,-267509.9032644473,118460.99101714809,1011118.2854567922
1026,77.72288331955221,22.80409488719741,20.2291122415487,-311732.21095999936,-2266269.8572756737,-1178861.2787984037,-231441.3199584865,-111298.78996272273,86923.23122900474,-2302324.4678096166,-1180781.6379327783,-273757.2412916804,-867066.87780262,11513.017785362796,170864.1944804362
1027,75.80447708708888,22.23922301617877,23.020833614744703,-393662.99609726196,-2358446.8872898263,-505553.14941442944,-384471.5014421538,-638284.2615402777,-40481.94150663011,-2621628.884059452,-393337.65491533786,-242696.49382672875,-202665.14967087036,-46054.70850465921,911234.8255102055
1028,77.72300765191197,22.804182491302893,23.020728248477365,-223387.68199002184,-2393353.710063236,-722972.5613375152,-154985.74687420053,-801739.1349731982,-12294.568643705748,-2724693.650303336,-411355.3372212031,-203664.9658662342,-408078.84743091004,3054.062990592545,243555.13974874566
1029,75.80461950735584,22.23932899432214,25.812483529080307,-357067.65690861427,-2534813.9363214443,-658411.0048443993,-183402.71655939083,-886184.2392335081,-72507.8365229293,-2902452.3556959247,-341791.6782202759,-306048.56415825884,-139478.8681246505,-29207.689144726424,982819.083947157
1030,77.7231561956158,22.804262480255,25.812366612559632,-248548.3483572583,-2697025.8413246516,-704158.2144123622,7814.147477996195,-1071140.8901651585,-41862.58268986588,-3163573.4859867003,-284934.5646612761,-201224.3534462951,-217477.67405814247,-6619.517251139437,335449.88267990056
1031,75.68485964927629,22.204108480899798,28.604138703478945,-173541.61691829457,-2847293.07767314,-599489.7134421531,170665.98908128194,-1164807.4778898268,-59140.75929762527,-3347673.7617820967,-261416.5224382657,-11234.123813226486,-45677.81348703981,-20233.082526881273,1067219.3363843237
1032,77.84321704860524,22.839641850973685,28.604008357596662,-636312.9157844882,-3280820.1626833086,-1071213.6012091541,280036.61097088223,-1424332.9683693594,-5101.901644309885,-3997110.457776943,-672180.969363811,-319055.252536198,-83351.5421572631,567.651848152993,446927.8670713763
1033,75.8957810831495,21.925072105704103,20.375008201579227,-196656.33478363862,-840159.2346200458,-231477.40289137763,-116234.29905696432,-179757.18367872067,75572.15026033697,-901601.1605771894,-285999.1107414196,-80692.70097645304,-262487.23562699807,112575.9883033272,980438.5475526614
1034,77.817799480552,22.478055498216847,20.374945900483738,-152783.67549299359,-1227713.2325456673,-1076836.1833921412,180414.77597495526,-401850.8856908993,104230.82431686921,-1590518.9945374161,-745304.6024395268,-121509.49445385869,-859611.9839589882,3921.840834134228,147028.66985591923
1035,75.89589559197346,21.92517913983107,23.124999942034115,-262204.76501552726,-1374559.465888986,-513571.19014533877,5956.306802508795,-703193.363027725,-20002.457046796644,-1768582.8156504314,-265040.6239744457,-116711.98142497471,-208733.1657835668,-36587.701397482044,901296.7814472449
1036,77.81791890267408,22.478139953083307,23.124897397659993,-163136.66824616853,-1676658.000627914,-801942.8149444198,233189.09335691488,-949015.0350125371,22307.1808732711,-2304581.468341615,-278085.24253431795,-59070.77294256994,-401983.8878805512,11320.816612165589,250602.64734237414
1037,75.89603288059692,21.92528091407566,25.87498347098392,-290041.5655118064,-1909510.7344005217,-673101.2393805985,68300.58958513076,-911430.9480800515,-43236.867145191856,-2393381.1287872586,-325595.2777022913,-153677.13280337607,-138071.8284225322,-25828.026904027647,977823.4795221925
1038,77.81806183239108,22.478216838988377,25.874869533886898,-224754.5831101837,-2239063.4999327664,-768179.7752032839,256195.53899212898,-1107977.6184178619,-7914.726714086665,-2852270.9164946876,-318512.00407926296,-61214.937672282744,-216073.41207131953,-6300.401337069529,328169.54569438426
1039,75.77604917752826,21.890806510671133,28.624972197528013,-138737.64083068527,-2517725.7308324166,-585230.2157711148,233036.35820765753,-1137392.7399759765,-45106.8369545392,-3056627.155928328,-235005.4299042015,49938.998398311225,-40270.22768365522,-12493.552231354386,1071125.7364067282
1040,77.93833523658081,22.512843135096595,28.6248451081418,-615025.6384977457,-3012747.9079504395,-1072045.1197451702,339657.55236240936,-1393819.6910707934,13101.956442609095,-3770675.046744885,-653102.2866047061,-276041.3328437635,-83238.12207602589,2319.8886634416735,437297.43172404484
1041,75.98608211037515,21.607445994084514,20.37500778073057,-178284.3871751164,-720726.3688472568,-196715.3437764158,-124720.31363903228,-128442.12824841692,74226.99559384033,-769603.8870685598,-262018.48043684184,-64103.732293387126,-265412.04363044474,109018.51933947735,936807.4146714555
1042,77.90982790352894,22.154426959836112,20.37494888086479,-148493.5321747607,-1165696.2576857542,-1031000.5796082168,158684.60937806248,-373776.04681432556,97907.52452697477,-1503297.6474035843,-719706.4977474064,-122186.22431774052,-830406.5381290663,5402.782358357679,144974.6783864127
1043,75.9861921705711,21.607551079430664,23.12499994846621,-229470.51576586667,-1172929.009647852,-463015.3122791697,-9555.17022352969,-620654.5894233324,-10655.330279455395,-1533101.3401160757,-229482.97838550303,-102830.51919131023,-207229.51615684168,-22767.720989424022,914465.868067031
1044,77.90994273953368,22.1545096371458,23.124901204685862,-167260.90397569397,-1612876.9953413452,-801536.9948979398,216847.36391669355,-913426.5936569639,24618.856904948007,-2225227.502112849,-279710.58478033263,-76736.80732179646,-417701.723914301,8925.035451971054,245107.6992208805
1045,75.98632600054292,21.60765061047344,25.87498377077376,-254671.15646872105,-1677198.00607148,-615771.1156492729,51082.452805533954,-832667.4583142459,-38004.671680252824,-2134275.6014949833,-281631.760120839,-131732.91657365227,-137166.51878132953,-17984.762580181476,978149.992472864
1046,77.91008191990885,22.154584961148807,25.874872881811065,-226750.00037747942,-2157550.596603157,-752430.0770836095,238492.1790564834,-1090089.3982501966,-6956.408356310593,-2768607.468780474,-306719.89156738453,-61403.31371638755,-216155.20906634143,-6198.856449796039,328212.1082319958
1047,75.86623100164083,21.573549331619027,28.624972632003683,-92277.54426200554,-2223427.0058367564,-517434.8578980892,210429.546050932,-1058946.9546134311,-41844.29368644494,-2741360.372567824,-178956.4605866286,87177.4251576018,-32808.92600141738,-1177.200249413201,1074573.2784790783
1048,78.03045978370311,22.188834222040473,28.62484861911644,-612135.3796061367,-2936241.522271919,-1051854.77634496,320927.0965437742,-1374645.834712359,12097.826674183081,-3687906.3512541745,-645085.8265167476,-267239.5004520935,-82558.49391706899,3354.8245093006135,431785.8416796654
1049,76.06713764797618,21.329369544540125,20.37500756686936,-264194.2730155917,-968562.8363672702,-266414.90562578675,-148671.4909698997,-205345.08247089782,74423.18289748752,-1044305.733477097,-338069.03540424356,-116797.2461273079,-297369.7602580802,79840.80118717016,768589.765286514
1050,78.01110324027324,21.79125034732256,20.37495223115423,-71975.19252131852,-652268.4921897615,-886543.3231687439,57413.94260695637,-132779.4039426102,95305.21717268728,-960219.84634361,-592652.55767549,-57914.60386072346,-809258.7413395807,-14179.08557021164,83373.25634993715
1051,76.06724388618632,21.32947257600034,23.124999783702997,-350236.7119397234,-1490495.0428153821,-546474.7331848798,-46546.193783,-744284.8666701952,356.8133728361895,-1900885.0273464173,-351583.44194388186,-134738.01864968686,-233394.60006937978,-35588.103883066025,768092.3824050776
1052,78.01121300660586,21.791331020990114,23.12490532523954,-63566.705239502626,-870047.8046664107,-639085.2150365221,90756.8079269803,-494766.14941594313,32982.488190015436,-1269592.8060978747,-251271.55135469834,-51835.36748986224,-443110.07163750543,-13681.125966518763,170386.2254131215
1053,76.06737468824389,21.329570220089703,25.874983875547763,-419990.7615415119,-2114093.7444733405,-733551.4331886165,17068.841904560773,-983243.1976641674,-29071.432505591663,-2625173.8042805074,-425570.3310649232,-216891.80385803772,-168805.96572567962,-42915.54992953027,810207.3834028208
1054,78.01134803727702,21.791404609349428,25.874876643172755,-83601.98951120282,-1159965.835884249,-526564.2900246156,90545.88465735987,-636372.9588595493,-508.525300808204,-1558083.7827586648,-160848.33982314068,-51199.9928382618,-238313.6738934317,-30748.591198890736,250702.4956844583
1055,75.94601319803229,21.300786087400375,28.62497293271789,-364313.6506811382,-3034480.256528198,-731719.4859386152,175203.17809113598,-1313951.6905641847,-33101.21422781566,-3636650.507623406,-397850.06032415456,-96012.82520039198,-69731.58687126506,-36639.26287586658,864474.4716743911
1056,78.13298570638007,21.820333118087543,28.624852518727927,-391098.34949144535,-1589024.01054612,-732394.6676129161,131737.42494512853,-839138.7044177483,12568.42942217273,-2111068.105403391,-401251.03753422614,-200197.8847128636,-109935.5467634218,-25941.88199139188,337109.20057937416
1057,76.52678091562464,18.923342438621585,21.104174162382712,-58076.38120992218,190706.1083547171,55970.16671060371,-279983.3074745945,405579.8110939923,32068.13112628229,-418983.3176105239,11749.959005067572,595833.2524608551,-267181.59984035115,59200.815062848815,771378.3803076851
1058,78.49212218645991,19.293989362432114,21.104130060450714,-14790.069664593306,-57181.17337689128,-527815.3013306656,-202935.8742923178,293114.98946296476,55276.34863510715,-697497.4272562873,-111005.02490947644,208715.9077936137,-675104.74881225,3045.1898730614034,217915.84827144342
1059,76.52686234837418,18.923425314364135,23.645835263997864,-121515.5591913376,421083.04846078396,-25444.445747562553,-312829.4930437691,338587.6193369398,-70943.25791508496,-303662.5597890499,-140449.11325120257,718234.7165621363,-228490.95956580466,-18842.488175475864,767095.8508689315
1060,78.49220532350147,19.294054148206058,23.64575933910797,-51823.01382561721,189791.75506517105,-217646.3274096396,-228419.77000264992,158042.41064484487,-12804.629979805872,-296485.02381763404,-145864.11625238668,362671.55389993475,-385407.4938962896,7691.763344513231,300199.754355652
1061,76.52696344419827,18.923503710489253,26.18748972818303,-184896.12124961178,647365.123152153,-51295.505408790865,-331903.84406608023,266954.2339649065,-98750.96966851574,-301193.69865634467,-140707.3412762294,853074.5364263246,-167634.1390085524,-18461.08399488095,799435.0833682811
1062,78.49230914129954,19.294112009544545,26.187402286331274,-157516.90350532305,382165.41172161413,-96083.21753106093,-236441.50614213067,68175.9535542068,-36320.89058151538,-247148.81921888623,-105549.1341360423,481263.24404015864,-196137.16006666844,291.3744832991253,389013.74723893875
1063,76.40423573323785,18.90040400959236,28.729147835253173,-16246.845755933784,952684.5836350982,165436.24107769004,-236074.32312581327,218211.02330114198,-51958.86344777817,-70717.4237980909,109405.51839017143,1063185.8843647742,-63046.7253489663,-5930.143553767983,849052.5843553744
1064,78.61525128787758,19.317324494372198,28.72904853177346,-443984.02367565443,439106.37660793285,-265849.24398918054,-177386.27147629144,-38785.60452728794,18785.541067400914,-478864.76403474057,-267607.0732485125,475744.9462263512,-75231.15881468661,3696.1967959277627,465401.9280730455
1065,77.37570400666246,14.343745296374378,22.562505723477805,-72063.48568532469,141118.9116116612,31051.76784143894,-182912.63844692503,298114.0169253934,24021.284839223466,-304522.4613131587,-18238.38845586337,422868.04353679717,-198229.2460881842,24826.445663379625,588002.0378203776
1066,79.34220052545069,14.708264744803826,22.56247750214429,-16210.492626458014,13797.05673172418,-364919.3194960063,-148493.2507457117,215507.6273590935,41087.136542161556,-484330.82463933807,-69098.9635961397,186097.03284473752,-474908.1965218115,431.435380429522,234260.51702282054
1067,77.37574838540102,14.343795363455992,24.687503024283483,-110391.2667573171,306634.3402016143,-33259.34733464575,-210029.7856431192,251891.1707928511,-53039.69697199876,-224060.10700745904,-125039.2259982881,512083.05911539856,-180432.53936098647,-29991.34948446445,586313.513362567
1068,79.34224564397158,14.708303840108819,24.687455091435982,-32015.144104899613,198116.33657704166,-155326.35693695454,-170678.986610875,108480.93588611641,-7354.227503708405,-200770.11946227908,-98707.45273351713,310252.4077309837,-282679.27385102824,-70.30524256514302,285291.00835854723
1069,77.37324217530511,14.343367042836375,26.81249587365329,-139024.99468760495,480816.5473419032,-48019.94242029358,-226390.1052628301,198391.6377636443,-76431.19654267067,-214054.95905505464,-114164.06964565074,621990.6389347101,-138869.52375599797,-26786.582910000718,606360.1028068776
1070,79.3448624654135,14.708811329348514,26.81243982915276,-102623.55864362216,332434.6309685921,-76718.48383817864,-178239.98559755672,39210.55560349911,-28126.062902196136,-168332.75343875363,-79217.66728558895,400643.00921113364,-155878.83790290286,-7084.127675349516,338588.15451048117
1071,77.2503937978071,14.320621422531183,28.937490614625997,-31705.183388390404,693950.6824541808,110207.73665382857,-154209.2662801158,155771.88204556968,-41717.031282014446,-63794.95431096746,71306.725803679,764941.4642269076,-58940.9483995242,-18442.674374625552,625780.8231814043
1072,79.4678276262799,14.731619654511173,28.937426062062404,-295596.72790190415,370547.47421949956,-198809.5354234118,-124142.15934786436,-30786.477831164146,9209.332215814267,-318089.6887088587,-200417.74651290255,394648.64611594484,-67098.28364019355,-4461.2150572185765,390440.78219976724
1073,78.22410909586506,9.767235196665053,24.020835743545444,-66345.98764248763,125833.00338551849,-13700.388881575702,-129194.52944609051,187990.93533920866,13202.195747134465,-205202.4979936428,-34552.043681881434,285541.1685369793,-153148.7410645574,17534.973893396353,427765.32844371826
1074,80.19280674987806,10.119457110651867,24.020819486806463,-17806.416949657247,46488.93067194991,-246569.5833300655,-102625.49371885201,126614.2176553628,24310.87091065641,-306433.1812143259,-55129.37910055579,143675.49070710887,-335937.6857217512,887.1060462795563,189037.42908374115
1075,78.22413054712344,9.767262091246351,25.729166547745827,-95978.13842911566,246002.68729420775,-52008.31334615174,-142574.8848162083,148384.32516625017,-45609.93245330223,-148976.9752936987,-109514.73654462575,356507.9473572648,-136523.11121496558,-24597.920786778777,430782.3832301141
1076,80.19282833607997,10.119477650064153,25.729139798077757,-31044.1973626158,176187.96451210382,-106779.68224326892,-112319.1037326524,45422.38506952449,-12318.01456040992,-114557.44883387581,-78866.22686829996,231787.76060839486,-208717.22283500564,-1520.0312034522346,223204.37574227637
1077,78.20619735631394,9.764155691352137,27.437495093436272,-97567.43862061837,366215.4821960894,-42790.63803208433,-142129.81889300744,116751.71206070535,-59836.869730781815,-146717.21841346248,-68032.32266340249,440606.9466202516,-106874.03101670067,-23064.64622451538,442140.1947023737
1078,80.21081253063791,10.122624199215394,27.43746349266248,-88300.73002171262,257694.5632956539,-66662.19928069793,-112626.8896498288,-1730.734678597438,-24083.885225159807,-130457.19646640217,-58012.93103104436,291201.76149068977,-121830.99399130598,-6630.191426837042,255194.28042155103
1079,78.0831800280748,9.742159560558433,29.145824633404608,-52469.29127205518,492314.6504116245,46481.99547875143,-89457.05778249523,91758.50519062993,-30465.219382721192,-69214.49132178126,29896.018588918338,525645.8273511835,-51655.95770391746,-16878.09607302597,454047.78473070555
1080,80.3338831026638,10.144650959126368,29.145788369431024,-184967.8869169082,283030.29758703813,-128616.84477288033,-65225.55959321854,-28345.837243127855,3503.809205887711,-193890.5754753127,-130545.18536654572,293881.3267391079,-61884.56161791859,-4121.043801362477,287948.74521431216
1081,78.66995213067047,7.193270872926294,24.895833981675338,-86233.50598991667,-65068.793360722775,-68827.40253043662,-101745.39661709615,144069.01682118507,26994.33884502385,-260599.17858672002,-55097.72129067685,95567.19799632084,-113370.8186585019,-3925.8651646664903,326790.4489818197
1082,80.651933879071,7.446423880166787,24.895823833964073,-28925.322038915438,-55001.99373617816,-237803.44146953252,-60921.51348604732,85861.99059342161,19625.760303588988,-278693.9787793931,-70271.43934089293,27234.66087565976,-237984.30167956848,-5352.564892325472,148813.84368873172
1083,78.66996365269942,7.1932870872457535,26.354164542977806,-72022.27437590266,36716.96048275841,-80183.73259819331,-91129.0770258367,104418.37186093755,-1779.775813615541,-168630.32998602142,-77203.9536434773,130345.23713816112,-97377.75445368457,-35169.43429898445,348806.5641374183
1084,80.65194506546382,7.446435982649291,26.35414839674965,-12483.861370684299,11614.18672033149,-155782.983394929,-54016.07292831067,20532.814963904526,2443.1456843147716,-158875.25845067506,-53687.69381552721,55910.294220920536,-162902.22859355778,-12447.048081284327,160044.24298048136
1085,78.63641297036186,7.189129048624781,27.812494059918404,-29655.622790949717,123207.11753527488,-58058.242630446104,-66569.73517228107,62204.40954909799,-12342.594380009703,-79486.44388307296,-50696.25321935881,165675.94921631098,-72305.2574636524,-35343.5735678429,363877.7258520231
1086,80.68552181729669,7.450617495284621,27.812474722097857,-19547.2319096822,39692.80068892423,-121668.95209663878,-41056.47720695878,-35219.48480002582,-6964.660865029362,-131260.25091984088,-35324.48576714341,65061.35336958754,-104313.93272764755,-18053.310640905784,168261.48059625417
1087,78.51255231708299,7.173316785141419,29.270824108675765,11106.725861137158,194501.2210435531,-17129.21306071365,-17148.71445540175,1230.2376621713145,-9144.927729354407,-19898.035094560666,12265.681179175166,196111.08775936213,-40196.71916857118,-31567.736030370434,369879.9788873083
1088,80.80940909044487,7.4664473356158725,29.270802248164184,-35717.53471054314,54647.332131256786,-114043.17472502685,-3125.8021747813023,-70245.10753003915,-7425.364133797904,-140083.85279867373,-35098.72206601374,80069.19756037425,-52378.6808247335,-14449.053105038685,185592.68143749615
1089,78.71987497482704,6.57231455931995,25.187500482153286,-72128.35913204572,31017.647888431904,-58829.81975735848,-89297.66960534787,138785.33775862612,25648.342753206474,-203801.3137912996,-44203.88521765893,148064.6680079862,-106696.72657060386,-2066.203515957509,320945.7175870607
1090,80.71293920101189,6.738700907842291,25.18749172120004,-34223.10248949932,-39882.573719726206,-224980.12286949705,-65228.15669200403,88451.65245776266,20131.201815585842,-268697.42905710184,-68510.25335647444,38121.883334853715,-217769.29806419372,-4166.0788357313795,154821.02242546662
1091,78.71988481879661,6.57232860731658,26.562497628812384,-63556.394394744566,127364.16520829123,-67667.24111513802,-79301.41796616383,109804.71397253193,1077.7932427108394,-136772.57079355017,-63916.22794361349,196829.3284355722,-91642.91714272808,-30590.51689964605,344105.5248381982
1092,80.71294851997901,6.738711570623336,26.56248380054029,-18204.304243046852,33758.28384416195,-147169.43094275097,-55222.5663377571,29197.294954721525,5346.484848202516,-153365.37670839843,-49264.82845824492,71014.75382500747,-150525.95920586708,-8400.379730754668,164630.37719316612
1093,78.68096865084257,6.569091067127562,27.937494173142152,-24817.330357006256,218468.0223098444,-40950.982883715915,-60383.95558408029,79123.80770436084,-6307.434190414795,-66664.82947957894,-34209.57432466785,253574.11287336913,-68589.78171185518,-29730.417680794802,364032.24537024857
1094,80.75188650116974,6.741969628741889,27.937477622300932,-24127.160902083564,73935.53565202853,-110949.23217929747,-41425.08705067471,-20207.121809942826,-2497.424359071562,-113726.84216742282,-38139.46605281599,90725.45079088626,-92220.24482310827,-10393.081959537618,176794.9099169837
1095,78.55641327906947,6.558700402900623,29.31249121661104,9916.57631854774,294511.4849829758,358.2595535850851,-17272.865459181052,31568.40488903145,-2942.117807547275,-3092.956519194247,8959.924975921534,298919.3523983813,-32780.42379134093,-23630.710899389283,378678.60730840964
1096,80.87646416180928,6.752375657033211,29.312472634380548,-32879.371832286066,100620.0599389869,-93054.72649482882,-3226.8139349434655,-47159.94720996628,-3061.164085961702,-104120.84082320996,-32728.12267334412,111534.92510842606,-41065.91590182444,-5834.058822876238,199034.94863683803
1097,78.77508877902542,5.911089230554408,25.479167102143748,-67902.84526185432,42502.97421688103,-57139.41637308487,-76975.16281639691,120106.58303411993,25761.216925348705,-177835.5684394398,-40513.20781553558,135809.48883691724,-97975.92666663417,-1986.25846966897,295896.25568818627
1098,80.76865369658164,6.071246542034581,25.479159625232107,-30114.041274650623,-22031.87476643,-202289.14574384422,-58306.86869844704,73751.66416517072,19336.05595931456,-235912.4943489972,-58822.72871524973,40300.161279322114,-199848.40789298026,-3251.6235187178227,151271.0524920901
1099,78.77509713520826,5.9111012112993135,26.77083082631061,-61070.67400853814,136634.49924065894,-67525.64414322539,-69781.4703127821,98003.65661080886,5536.371611357033,-125768.47951647009,-57992.92266340891,191799.58326877432,-89010.62991135888,-27570.32258796611,326530.4808342251
1100,80.76866149730199,6.071255940107056,26.770819044327222,-17460.402377391296,44800.00099628105,-139244.8895753778,-49064.883628748066,25754.841856365696,7438.108400767557,-144491.6469292648,-40909.417957519225,73495.77393029601,-145570.8296567749,-7795.265571163788,160124.31654631638
1101,78.73097719241302,5.90757455269927,28.062494349025332,-24987.61932687574,219178.09990354266,-38268.81515644858,-51191.51839077086,72734.96668339857,-1766.8983259362863,-61874.671606546915,-29683.870978461833,247480.20800522718,-67208.92388531432,-27908.04460291637,343228.07596083963
1102,80.8127995014216,6.074800408011131,28.062480174534127,-23769.061700497616,83755.5574755265,-104872.8979367298,-35562.36240016283,-17589.537607193193,-125.8952842700542,-106650.42476303002,-34097.8112691091,95861.83387043825,-88142.77820653273,-9124.765278307043,172067.8991429576
1103,78.6063885568009,5.897571915674997,29.35415835061771,3493.705087486349,286776.3560157981,-4070.261930175533,-12287.716022174562,28006.54369187607,-737.0425648743955,-6761.82741667346,2984.7033951139024,289976.9231946685,-33290.557850970064,-22810.92996068723,356511.0849691521
1104,80.93740630340102,6.084816348254815,29.35414246521135,-26580.84340096292,111721.9322787138,-82364.87113415767,-294.7591469652829,-39612.920627729014,-2317.164694130546,-90223.82142727573,-26495.66871454769,119495.70788541665,-39729.3000513267,-4989.641122404324,192367.41195223812
1105,78.81287847410763,5.421949842350225,25.7708334897644,-115878.50468690848,-153614.26542258495,-114383.10061877649,-112793.9189254533,126304.67520241329,38528.819113211735,-322862.6987087389,-77018.17786137763,16005.005841846647,-94764.00570056002,-477.1661680145633,283800.69656386576
1106,80.80782831312465,5.563409215367809,25.770826866035385,-70743.09778010228,-173415.04807681462,-246381.44982630614,-81701.83497749874,97695.14958551004,27067.55903498283,-333083.00414711615,-135053.14165086715,-22403.44988523975,-192696.1416944587,-2289.9978739751555,151491.42444179067
1107,78.81288586025822,5.42196016929961,26.979164206350735,-98777.72342918447,-23480.57870476849,-108498.8789941645,-100658.36720051632,97064.08860514608,14923.19065280187,-218740.5957618253,-88812.96397633365,76796.37861004146,-87615.99033010076,-24530.984496213903,318844.918567313
1108,80.807835100365,5.563417535245957,26.979153842197928,-46552.83128258184,-70125.29300288415,-167226.61502742596,-70431.64603176597,37754.69761357892,12742.154175249118,-190774.75428398326,-107452.80968736824,14322.824658459578,-143217.6699117715,-7815.63147233723,155461.8310419526
1109,78.76353836783149,5.418485777026879,28.187494443800706,-53855.29914636671,89560.7234102975,-64048.68754468147,-69344.18655360042,60290.88404776433,3303.295176381304,-105434.59574725009,-55912.7833176721,133004.11578417147,-65596.83809759644,-26926.731097294225,327192.4585328674
1110,80.85719797022341,5.56690753023445,28.187481950338245,-44588.891686976305,-3964.7708530727177,-121148.4364738744,-47770.002001393135,-21740.240106431393,1935.5361749189674,-125726.85891119475,-74061.57356892667,30086.33346619803,-85408.61363708039,-9214.136943676363,165433.7767864816
1111,78.63886163052445,5.4096507071222035,29.395825164672182,-23100.315804060454,181079.74800207396,-29476.17387103424,-21646.326593080157,5772.811174541699,542.9976959479201,-29914.675291021467,-25083.17865222193,183501.11227022263,-33716.69378385607,-23372.108093933883,337103.8926251808
1112,80.98188963973475,5.575754237717586,29.395811188868123,-39092.03721328904,40302.27409783937,-91949.6888510877,-4353.5288196254905,-51376.44349890131,-2842.53955085153,-109800.52081611629,-38959.329403511445,58020.39825309037,-39231.79277731653,-5435.998857518209,184317.9938111795
1113,78.83393689585066,5.095546991083556,26.06249996667231,-106188.64273770389,-99459.19705325489,-116113.76168626428,-108451.11482842767,122156.29245383,41337.152371445416,-291635.67920418986,-69517.24892062064,39391.32664758737,-97143.80398364352,1593.316898885016,290937.32827062305
1114,80.82977088588707,5.224538203448382,26.062493675472854,-72265.69417045882,-160958.0141876663,-253679.3404106504,-84332.25607236811,101091.54972778674,30722.774339954973,-338592.34069931635,-130683.46120104782,-17627.246868411316,-196752.04073467257,-2310.486029593276,157989.33177143915
1115,78.83394360973779,5.09555610059247,27.18749720023242,-90713.44968237898,13012.829869783847,-102810.9326915193,-93212.51732963744,95499.29305864825,15290.554418912145,-197193.12283337998,-81183.1371143493,97864.70744361484,-85640.94306717059,-22291.734055766534,318866.4182447258
1116,80.82977701040718,5.224545615425725,27.187487607899403,-45373.81009458171,-57679.638615753385,-160313.88628586667,-69299.53525375003,39810.21607054837,13344.931874599652,-184847.71262227348,-98275.29759636562,19755.67522243734,-136645.8973060615,-6467.360690589813,158605.65919813426
1117,78.77937702559113,5.092036888652301,28.312494434401955,-46465.555985620216,120469.23076669687,-54343.60984896941,-61625.75230453007,60754.83234570711,4194.519492043837,-90416.31508838022,-45968.123210929865,156044.50323141733,-62244.72947276642,-24727.529287047655,323335.0138043306
1118,80.88435712768214,5.228078619255844,28.312482958641585,-43907.29749837078,7956.624519172969,-116058.3141458709,-45418.37962158435,-19181.561187810123,2130.386529378292,-119324.37046285735,-69062.53001040699,36377.91334819562,-80118.50683291559,-7641.655446718286,168084.5373148375
1119,78.6546441067955,5.083980220608244,29.43749212725683,-20435.298933928352,206308.95655580994,-24726.995250359934,-17942.525768647796,10447.14495411368,1048.177628264766,-26016.883645228132,-21014.885032705337,208178.43104945525,-31549.45988896942,-21341.76519565883,335267.12395764864
1120,81.00910309684139,5.2361455639911405,29.437479336745266,-35050.58033381803,54340.98720560118,-84257.64553189169,-3481.886284832449,-45085.05763116231,-2967.515268293197,-97867.03794106666,-34876.82630331839,67776.62558427651,-36454.12946716581,-3981.3420975254858,186648.88265062455
1121,78.8550733940594,4.769148912720771,26.354166328570006,-105054.43993201127,-81406.20107562235,-124467.64367694312,-112300.62205914852,124166.74006964966,44706.53563445957,-292877.03543412004,-69319.4233391739,51268.174088717235,-99024.3271768351,3111.9317986340952,299045.6685586192
1122,80.85163552619086,4.88566206599924,26.354160341165553,-68227.68276852841,-129661.24896095607,-251075.7640420218,-83211.22300691852,103565.07455698542,31895.32912770465,-329552.6618694854,-114959.11752791134,-4452.916374109489,-197120.9309655817,-3024.1899294075956,161218.97601715857
1123,78.85507937478336,4.769156978473037,27.39583018033121,-88997.32939555724,20373.239430746566,-101452.57988553784,-90149.1270566961,93086.11777861834,15817.05003067478,-190976.64162118392,-79053.8588439075,99953.83061474292,-83360.65871321771,-21932.42107245628,308791.6719249181
1124,80.85164094325052,4.885668654350394,27.395821342011644,-40422.05696721723,-32031.52761561916,-147140.98458628886,-63826.912561302976,38241.26226932529,12507.47404225317,-167532.34337591,-82037.89226095015,29975.666467734914,-129560.69076500059,-6652.45996463216,155240.1397997686
1125,78.79529161600975,4.765690880594086,28.437494432011853,-43655.19549269347,131073.15257876276,-49217.59516054338,-57402.928122011566,59281.557693124836,5258.49380308345,-83653.71389800226,-40955.908013102344,162809.98383663053,-60211.19238179802,-24320.07695689715,311669.76669781934
1126,80.91144036308813,4.889146840113018,28.437483942133706,-40283.172708442624,30087.69451576542,-108345.15334836864,-40591.08327140458,-17382.328138409477,1733.3187174311754,-110674.86678888118,-58211.72671426002,50345.961962095316,-76618.55213681409,-7776.40866884006,163916.80000711256
1127,78.67051222601422,4.75841342949979,29.479159082870623,-21767.948128744167,211926.04018045895,-24629.098895660463,-16314.387076892142,10951.985853363612,1479.9149098404434,-26504.80776350158,-21517.51607058574,213551.31699014158,-32279.40073914485,-21983.462571847343,321741.00249124167
1128,81.03623097448325,4.896433304392082,29.4791474416421,-29095.294971497464,76331.55930089668,-74787.57870330439,-1555.4660904677107,-37667.719077708505,-3127.0742509705337,-83867.22980756279,-28889.750033883665,85205.66546754132,-36235.912327584665,-4766.331970458281,179650.99157321308
1129,78.88056590943341,4.27921418154306,26.645832520900463,-58187.355568298364,108190.05783597066,-74002.42222303484,-68307.18637991471,94025.83072360656,31973.78846859343,-151088.0822777705,-33208.039327698985,160296.4016501069,-98398.55244697012,1915.6589500538546,293173.7545785198
1130,80.87816193748337,4.377006980522689,26.645827229964326,-29674.99487425369,20213.27327805618,-186136.93095072976,-53584.187926344915,66560.2247194108,22887.465425728595,-213565.79455740238,-44938.18095205092,62905.32296252603,-187092.4175258573,-3907.4847806804073,156804.1856361808
1131,78.87536805049393,4.278982887669793,27.604163621210926,-52285.55933413,162125.6561357901,-61374.79261162989,-52365.051101924175,73409.50950916349,10319.481467668853,-99198.23802272679,-45579.105086559386,193242.64729931636,-80534.56449657473,-20828.215858218835,293952.27259749995
1132,80.88336914225593,4.3772512458895365,27.604155950739184,-16247.487570045669,79518.69791367935,-110123.95910415481,-38445.93893428469,20897.076782549884,8472.103499066026,-114143.45868559013,-27161.103205028885,94451.8131300979,-121109.22057450301,-5583.396764986827,155594.53333332145
1133,78.81034675031992,4.275813594954008,28.562494638152383,-21521.91065675112,231055.31619961155,-25769.884077700175,-31690.20329280203,54972.7355749289,3780.6415967132757,-42690.169098214574,-19309.713768453894,245763.40433182864,-57165.68044548132,-22308.221013310256,303473.15144797
1134,80.94839998327316,4.380430889906049,28.56248555231917,-21899.974780274177,112753.57965744531,-83957.30562239014,-23349.04973155621,-14340.924375453944,546.7040593181073,-85018.96961085449,-25776.78028765931,117692.04915329485,-71902.97851669445,-6276.052516014197,164262.2761033948
1135,78.69070452502969,4.269943816756388,29.52082595638658,-8631.16598964305,282577.34983090864,-10381.316742794792,-3998.8308337301983,21407.225924277744,1685.981896118388,-12866.110064209059,-7753.434575099737,284184.41173777956,-31088.761582091003,-20165.537760280644,314766.1711917734
1136,81.06805125735539,4.386308275221228,29.52081595880018,-14086.255495901496,139525.30659920647,-55286.06383478147,4333.685606413869,-22602.34982652411,-2835.5574329375813,-57997.36275707076,-14099.972273178895,142250.3222987732,-34067.35042545807,-3361.168455796257,179523.20262807878
1137,78.91093189986013,3.6163822073176415,26.937499153569725,-56737.31810024787,100633.5170777065,-74048.80592062532,-59293.44603308054,86185.22445950494,28974.141398294374,-140903.91373393085,-35202.56654241827,145953.87333318242,-95175.86347715194,-2506.878032941983,269351.99638017756
1138,80.90883343081698,3.7079336339444002,26.937494833944747,-29247.227691413565,18409.809607555864,-168791.97251726378,-47207.24466462481,64685.81272396962,19162.897104337753,-195523.81551208734,-41495.49420431656,57389.919115282384,-169284.9887591277,-4827.3724777082225,146592.72786795275
1139,78.89532721821418,3.6156729650452126,27.81249702863846,-47057.384180220615,162652.8856276946,-55972.80967598724,-44422.59114125286,65372.80455763916,11284.370287784584,-88519.2996709332,-39382.16022405597,187524.15166647595,-76658.3076311582,-19809.806254593,275283.87038561644
1140,80.92444530662482,3.70865387961359,27.81249079318523,-17983.244368503758,79496.73662867096,-105594.97394446307,-34582.06201073362,19921.863508618935,7843.878110490762,-109253.09472485818,-26752.927118081996,91924.54015864426,-113044.30817134134,-5770.215250462827,150099.9786335819
1141,78.82509229004441,3.612459057975705,28.687495040079092,-23700.192915683758,225147.79060646432,-28673.40618210686,-25339.423895813703,46573.18649808286,4138.7811439806,-41554.14592151998,-21359.916677221725,235688.25410741524,-54421.083473830055,-22008.709657816173,285819.04851727095
1142,80.99468750261792,3.7118763804981345,28.687487656080382,-17870.428373506416,115036.56663998128,-74296.81382604054,-19282.47519073783,-10767.329524095403,71.43819057475983,-74926.05895285413,-20573.18809660435,118368.57148989281,-67151.72001405343,-5414.4810785501,159619.2034438647
1143,78.71583552537024,3.6074553940012355,29.56249325181564,-10986.16128444024,273550.3902198983,-13938.860702247839,-1070.935204320828,18010.858807760946,1900.1471973245132,-15854.909685660916,-10197.239728347455,274677.51764721883,-30591.670929245058,-19493.243488921235,299151.610623613
1144,81.10395103628716,3.716886329447296,29.56248524326908,-10236.227581615502,142677.06806698677,-48361.367472604965,4789.223169630857,-17984.76695744381,-2727.987021604876,-50169.33934236433,-10269.632288675637,144518.44464380638,-32465.39409918089,-2098.2112179685564,175455.47530032822
1145,78.9411095185781,2.959797694694663,27.229165778684838,-54159.7974208976,101048.15961892591,-76792.29415742637,-52832.779840826995,78729.12415735876,25862.700173607984,-132237.5166142168,-37250.23753586317,139583.82219068194,-90254.28440194271,-5639.500326973779,252023.01714134307
1146,80.93969355253648,3.032613135699399,27.229162283095373,-26646.184473865742,27692.134375616108,-151473.4889892139,-40661.3471959642,59744.139308680824,15115.264150448964,-174409.8641950487,-36056.06279932737,60038.38790691252,-152665.05267680134,-5936.682988776879,136382.58162350664
1147,78.91508740053501,2.9589032472486734,28.020830402886723,-42642.59427890684,161830.01007987955,-52924.320700069606,-37508.44356205606,58383.595903773356,10447.031078811597,-79388.04656190916,-36142.48273253168,181793.62439534388,-71784.70363144134,-20313.284141370295,255187.9458897711
1148,80.96572100267811,3.033516474972574,28.020825440258893,-17335.095298911776,83844.08807406668,-96512.08905218245,-29394.568369183715,17223.21053214524,5778.838459393678,-99082.02788763722,-23897.985926535755,92976.91753714536,-102741.8410091394,-6059.985082817584,140741.90309081526
1149,78.83962186840684,2.9561818152100443,28.81249539578876,-24351.970526789955,220770.7746496901,-30948.522268138375,-20007.252210272538,38369.44288968657,3641.3053563943618,-39734.625658449295,-22754.484055609842,227959.39156882084,-51172.56145597701,-21794.253670659607,266395.79183694307
1150,81.04119184056451,3.0362448580307673,28.81248957005219,-13460.845080052088,119662.32789541373,-63933.499246811996,-15219.68001783723,-7119.10833924012,-823.155610080011,-64249.346765894574,-15125.56510565315,121642.89544009735,-62322.707597768356,-4735.03856160044,150790.08052013317
1151,78.74073788628512,2.9525324825372863,29.604160519093963,-12013.92127674054,266026.62224270834,-16262.29719256115,1673.3610317325931,15385.022176378128,1836.0620410280246,-17639.17993767829,-11484.301922960165,266873.88563404494,-30122.9434584824,-18633.63944118223,280571.2458022378
1152,81.14008069990437,3.0398993672074406,29.604154308713504,-6310.205389147151,146929.82712080976,-41457.29228043459,4585.190297832659,-13012.198049108743,-2509.870313693269,-42484.77382171067,-6323.3030233180225,147970.40629625676,-31707.463193928266,-910.4137315495904,166302.9910962572
1153,78.96316945860215,2.142518349288638,27.52083220781484,-39367.99357664822,135683.88510956196,-59292.4823315143,-35120.83642490986,56116.111553936134,16678.92145699222,-88299.88238941507,-29931.756281417984,155255.04787223245,-79521.17137171606,-9673.038320308086,225830.40256452147
1154,80.96269629882475,2.1841008233123915,27.52082964688557,-14452.201062585078,60921.29029665552,-113416.61271482926,-28869.07331027076,41672.43615017538,8272.776606133792,-124820.79205930693,-20081.82320834441,77955.09178689253,-127912.85520622141,-5410.01531948003,124126.03830581706
1155,78.92672101073708,2.1417965102637084,28.229164125529376,-30095.531809061657,185189.82725961722,-40876.39804238086,-21904.01470857252,40865.320312480966,6256.629499411408,-52756.47161642442,-27251.785985479688,194226.15501007874,-62590.15524478457,-19838.37675300331,234381.28754421367
1156,80.99914822776604,2.184829359023578,28.229160569766403,-8980.380017069278,102546.30978721296,-76399.7375501032,-20917.4168147279,8281.776635831366,2460.1971918695444,-76960.82906325236,-12538.305343079628,106665.3266263724,-87773.02501107809,-3374.4930128348146,134078.02926447522
1157,78.8460124150613,2.1401370480401916,28.93749584125756,-18991.203663157154,227872.169171089,-29363.409177456662,-8207.721684260054,26299.137801857,1863.9655820687856,-32563.757045121027,-18706.953524782755,230788.26690037892,-46206.1552243842,-19188.022523552037,249138.1291949196
1158,81.07986028004068,2.1864941173665065,28.937491731293814,-4711.7348674854875,130092.64268808851,-50150.970053585734,-10290.585524535345,-6194.689247012331,-2110.496043491953,-50497.729053193674,-5345.847796083625,131073.5146162946,-54997.10951081109,-833.7346684318005,145556.4403434769
1159,78.75749404106652,2.1382653416042605,29.645827627290938,-9604.931244952022,259419.3605560049,-17803.356913887095,8333.799941150864,12283.16628041464,1624.1534110039258,-18528.025792603712,-9684.783535703555,260223.88172547313,-28609.870906510187,-14941.738978561578,263607.40604105615
1160,81.1683818069328,2.1883699139464055,29.64582335293396,622.654763628394,150653.56358595268,-33771.202174649065,3746.7343801068255,-8390.970125211235,-2411.711276293532,-34296.120045807664,667.9714977741918,151133.16472296548,-29513.22958084306,3533.5242887308873,159226.6399929921
1161,78.96977164075034,1.1488133809062315,27.812499027140216,-29767.93956020441,127308.33820320253,-50258.73342866522,-17087.6209501458,32508.737717665826,6261.248714550232,-59016.63650667464,-28284.4777428659,134582.77946387348,-59016.75357351512,-13333.977567798875,189268.10357642203
1162,80.98518217009408,1.178127712932593,27.81249737796481,-6077.569610809387,62005.744085540406,-83753.14393128788,-24081.750429291395,27851.284855361017,4858.098840519906,-89932.67571565698,-11596.588327395804,73704.29458649596,-95301.69867413497,-46.39534284099567,110308.58160168743
1163,78.92290278693622,1.1481339746142776,28.437497724356252,-20089.91779729628,180038.85714685835,-37700.10792061624,-3633.7928767892636,20894.808865709285,-52.24693426690088,-39691.45960846085,-20150.457121117688,182090.74815852445,-48756.22971596394,-16121.703140717507,213556.47266584577
1164,81.03205297270559,1.1788116754150346,28.437495551912228,1197.5524078826493,100765.26669471376,-56722.87357495377,-20161.882993403393,2992.3667765012415,1560.3980699888052,-56847.76195229596,-2648.420825326326,104736.12830526488,-68751.51231365341,3721.246977624326,124582.97118751274
1165,78.84478720182173,1.1469994618700659,29.062496389265295,-11145.470892713303,218914.2485064666,-29985.21179171803,8205.204129377216,12652.421702258353,-1181.6606776728108,-30758.314466369593,-11300.383643814119,219842.2639322189,-39422.71433095967,-12338.022936724936,233348.31107888918
1166,81.11017051042941,1.1799498124446648,29.06249400127341,6217.640047182456,126372.1144905454,-37208.93379969259,-12570.813583363773,-6414.534847608147,-1896.5527426328395,-37593.00810682476,5068.845691576074,127904.98315328397,-45570.888340139616,7224.900036302938,138156.0597908331
1167,78.76667130230356,1.1458644688311759,29.68749508338706,-4051.1051841330773,241722.1266951202,-21586.032769432597,19858.001673283547,7429.356924918097,1009.3646031214927,-21807.906663431222,-5634.778704568548,243527.67410955415,-27669.321854261758,-8215.712630054513,245742.05051748804
1168,81.18828795834088,1.1810876650343987,29.68749273066326,9670.149753622234,143242.7656453358,-27691.613427361117,-1645.8281425990292,-5705.543730981221,-2186.171898705243,-28015.01714512352,9784.844959449958,143451.47415727048,-27339.01917988611,11297.713708202296,148765.0811222965
1169,78.96864220141337,0.15841389455972757,28.104165837965486,-3449.2060796379374,146286.4438814439,-34365.21943358282,13038.393436078471,708.1914989029981,-6926.136672922908,-35911.79302253869,-3029.550134827312,147413.3615255891,-35073.61263407732,225.56809028334845,176501.68472738704
1170,81.01539986882017,0.16884942073223833,28.104164995614695,5023.751915123719,67200.05863808242,-48919.814307804474,-29407.52167785546,7398.007006156504,6746.87772653944,-50901.08483933042,-4851.142995954271,79056.22408068637,-65183.731006920294,3138.819406727492,101034.84558223565
1171,78.91135404618578,0.15816779671971637,28.64583132875773,6430.337509239544,186660.0259195482,-23099.882180197048,27999.13786239712,-2975.285654288956,-10584.888608870046,-26672.85166266425,5657.687834180731,191005.6450770742,-32468.312705990404,3243.2150620557445,206329.1900202241
1172,81.07268883135714,0.16909815967158373,28.64583033568488,13231.997505236082,99524.9481788684,-27382.95649036573,-29376.98706846295,-8735.74968338728,5835.8721922566965,-28399.938779932447,4455.705656775984,109318.22231689518,-49179.21405912966,7194.349662172621,117203.38591316958
1173,78.84365035790074,0.15776991874753826,29.187497038006963,14152.59381524282,215660.4759166663,-15184.608792392384,37693.753337332295,-5065.86214623473,-9174.598448832425,-17975.908402201414,9939.385628050071,222664.98371366813,-26938.383047999097,5865.6902477171125,226205.79800263332
1174,81.14039337550186,0.16949820541804161,29.18749607087613,16682.29459645823,122042.22237475372,-16702.820624889275,-26015.53457649886,-14819.01757347502,4742.805083894451,-18398.371371691443,10661.732135456043,129758.33558255808,-35376.13059339022,10724.418519967778,131592.58257078577
1175,78.77594649526972,0.15737181229960454,29.72916275416064,17085.941949073764,231933.38003632086,-13005.014337528919,43246.81476046647,-3988.6630905449183,-3924.611841677693,-13521.390245738456,9138.072664814646,240397.6252287894,-21052.95860179482,6327.304538799086,237214.76058187668
1176,81.2080978154027,0.16989809454460497,29.72916193406798,17233.857712782497,139962.88821625535,-15621.2354964908,-17958.2290336144,-12378.722626359764,2891.507193513732,-16667.612338800634,14698.85642028417,143544.26635106353,-23549.20340761708,14523.354486486885,144090.29602190893
1177,78.93848414458382,-0.8217071649054736,28.39583236419964,5987.296139367048,93363.23525333297,-31687.540455664668,29102.643782432035,-8717.486151559755,-9367.249733585033,-33919.82930192364,-1496.0632534007643,103078.88349235972,-35882.40089878237,2693.382516988644,115093.2097633724
1178,81.03715182865764,-0.8505487309344372,28.395832158575793,3771.951953602982,50569.809370005394,-31888.15823680975,-34622.39375502447,263.91775632018147,9054.422916835058,-35240.13246094784,-11425.716777760192,69119.45232550663,-47570.3286760732,-5055.978183680363,78512.32146828037
1179,78.88119973969998,-0.8209774642510599,28.85416519453658,13198.910820546978,111023.58439296066,-20056.78504855361,37812.3413748139,-7305.582499398636,-11854.541263585861,-24059.437912234265,3489.265809108332,124735.88226808005,-33316.17101067701,4866.018180406991,132041.32248122845
1180,81.09443654651696,-0.8512770952597053,28.854165005210493,9426.524213130471,69548.81918848191,-18487.53859112476,-37083.37941123211,-6474.72314664751,10676.212670900479,-22722.12014561461,-5040.548097213416,88250.47305331564,-40596.191248944706,-2316.2445399253647,89968.21609082006
1181,78.82391536914389,-0.820247896041302,29.312497794871664,18049.01532902706,127326.09498907489,-12788.080820239156,43084.95642253622,-7840.229428366578,-12780.69650019642,-17924.249438453036,7375.624331051725,143135.65460526408,-29632.22714267122,6016.168887978901,144661.49248851158
1182,81.1517210893812,-0.8520055322046147,29.312497672067654,11545.38679097177,84646.19621627174,-12029.890589018105,-37677.27530024966,-8934.271516737399,12006.174711673828,-17739.054688249787,-155.05958035639762,102055.80668683161,-34694.47637054107,60.006056300846886,99749.23438184326
1183,78.76663093658095,-0.8195183891115871,29.770830410558723,17758.01251619497,139969.15478196702,-12857.905419093506,45577.66131316454,-6902.0219040451275,-8850.120851024145,-15505.936899240522,4761.899947936133,155613.2988303728,-25311.76039297318,2826.3452435111785,154153.99010308518
1184,81.2090055080229,-0.8527341238383445,29.770830395064813,10462.015430505922,99655.67287383048,-12004.9815971444,-36307.14647970302,-7452.4640636057875,8789.321656364917,-15370.727613108615,123.15638444511895,113360.2779358555,-26811.4709925104,-965.4282650994782,110066.82666053703
1185,78.87921639820213,-1.8108834373542442,28.687499162659343,-1327.1279405487621,33411.86070265855,-33426.69682189463,24752.805777674977,-2152.2462248115917,-6378.242601081306,-34775.19699234139,-13143.758441828511,46576.99137438507,-38383.2264508394,-7189.593774797202,54859.34822734871
1186,81.05051919050908,-1.8607316584539075,28.687499168702995,-979.0406409499446,33106.015940613644,-30731.278039512417,-26828.21146531133,-1022.515535583523,7766.895768229637,-33268.53684895211,-13457.68995497822,48121.924064081635,-38926.549997608876,-8062.152652763153,53490.99489322804
1187,78.83235377920056,-1.809807265178612,29.062498745585284,2552.5113872606544,41019.064871052644,-24040.70576693907,27861.716911118623,-1976.3088768183939,-8224.851372290606,-27109.20682734868,-9391.851551312835,56031.928870035714,-35421.49661458419,-5509.962730513435,61403.0994068194
1188,81.09738195016718,-1.8618072145372426,29.062498765091174,2821.0614895778854,43297.412122183916,-21440.658290127547,-29155.591438917698,-2917.9836965024006,9533.85178999825,-25790.71259196582,-8696.135711900672,59164.66362550075,-35932.26442650158,-6044.9184244229755,59748.82212606275
1189,78.78549120038276,-1.808731112459664,29.43749837031117,4422.587498719067,48642.51241835757,-18464.36648460095,30079.68155837822,-2334.2361043245655,-9859.567836199183,-23626.638514128237,-6157.042771450078,64384.41471805399,-32887.61868986606,-4659.007436776661,66921.36865562218
1190,81.14424454505324,-1.862882687102808,29.43749840520875,4404.930916168654,51732.45117604427,-15790.039442382676,-30823.908196740686,-3314.601735196792,10769.841806733055,-22296.46261742735,-5009.204146036533,67653.00941329413,-33218.98333325279,-4860.373051665403,64992.318435507965
1191,78.73862857532748,-1.8076551290658716,29.812498030037453,3027.7614942931777,55048.41742825698,-16558.91580867202,32181.602159225175,-2277.473953604073,-7597.553168546092,-20901.125512434224,-8325.215163445237,70743.60378975756,-28312.149480774966,-8607.57117494928,71909.31335908797
1192,81.19110705111898,-1.8639583394314325,29.81249808539338,2880.314295670625,58467.71843379357,-13742.510099416417,-32710.271496118756,-3171.8909225805355,8044.723873752563,-19253.015889645554,-7187.210504807445,74045.74902450075,-28197.29093843146,-9116.808153506592,69667.55346222543
1193,78.8201630367503,-2.799038056538746,28.979165982316545,-3473.6519222965926,17150.285734938327,-31008.30869902124,15911.224504234044,-1677.031689218251,-5323.8474031105725,-32041.590612583524,-11373.431428097882,26083.347154301904,-34543.154249308616,-6937.564899753703,34145.81601106874
1194,81.06367197883587,-2.8719349342235962,28.979165988802038,-2237.881569662608,22699.708710788276,-28319.265859290936,-15998.13435450928,-4298.163144508989,5850.290163334156,-29588.522142573955,-9480.783272626193,31211.866697034868,-34306.31927112021,-7689.710693255718,32375.886209226555
1195,78.7837236735223,-2.7979082633674737,29.270832204327547,-1085.5705925801622,22465.158248487278,-23308.484068901267,17207.825432479633,-2517.348014889666,-6206.769769872224,-25025.30038631214,-8922.511322782531,32018.91529610053,-31015.474975431505,-6333.028715428794,36901.3274638743
1196,81.10011122045366,-2.873064391963181,29.270832210335968,229.89376564009035,28524.266117762047,-20513.789204566303,-17293.41945161372,-4927.957377312953,6593.940265338894,-22432.659928881483,-6962.7543965573905,37635.785004274716,-30666.09482517524,-6980.733922963893,35512.64996796676
1197,78.747284460488,-2.7967784971522565,29.562498709745213,-367.31815789062057,26281.433231997325,-18832.45332709668,18507.177475633103,-2361.266709691524,-6512.036520249714,-21238.72198109598,-7912.417989454786,36232.8017175608,-27741.44794887144,-6746.678809013863,39257.59879829404
1198,81.13655043659305,-2.874193750847967,29.56249871413316,941.6065949342792,32683.02883950291,-16336.356681514157,-18546.412303229798,-4545.515973672558,6757.0305238763785,-18752.029934203973,-6015.550009771754,42055.85869689874,-27497.380898930976,-7374.93793131053,38029.5226206019
1199,78.71084529483366,-2.795648888681685,29.854165246625723,-1723.3574003358935,28239.165720384535,-16865.962809657278,20292.41810135616,-1844.7325498169487,-4638.4978305831855,-18729.539422057784,-10354.070658903076,38733.45559135222,-23266.500741434433,-10008.352454056363,41102.08229806807
1200,81.17298973117516,-2.87532326788377,29.854165249069844,-610.5387611280366,34630.74947811342,-15098.055698732494,-20184.058134687868,-3657.913120693512,4826.79084717317,-16756.80839237761,-8603.635475531846,44282.59888616234,-23532.663116967484,-10771.65474394737,39558.98712164828
1201,78.74295239719586,-3.775048554780236,29.270832567735777,-3409.789473936934,9184.025904227961,-27148.108032135046,8819.311375726882,-3059.2098642595565,-3359.5801424928254,-27713.002991098496,-7824.558448743813,14163.689837998294,-32027.54070405466,-5928.975136597313,19518.32980791395
1202,81.05751875663077,-3.893718685480952,29.270832569678788,-2434.6332956053575,13992.069044963464,-23058.73361586131,-8520.238854141082,-6092.628532635811,3697.2435181658784,-24302.616779037864,-6001.456704961206,18802.775617495867,-30901.55067800713,-6290.366495877402,18154.218872041492
1203,78.71694328847202,-3.773767588611287,29.47916588982314,-1769.8147690041978,12410.004645026314,-20613.877363822496,9643.77614583667,-3377.3089260505617,-3800.961638257765,-21427.432013352303,-6419.224058238568,17872.968583790498,-28823.11240067584,-6022.343972047025,20489.807590462813
1204,81.08352774576426,-3.8949993437168793,29.479165892197827,-922.9718900389744,17528.97320228526,-16812.44895495278,-9300.766209545254,-6129.604622307425,4059.938790076854,-18269.75615015865,-4660.8343326189515,22724.142840071097,-27436.190217813437,-6245.402626373214,19713.955257572674
1205,78.69093431681213,-3.7724867605818075,29.687498981911915,-1438.4650528739885,14261.40840688362,-17574.46118917852,10554.120414605339,-2819.578311355356,-3788.656455822384,-18427.65516760192,-6364.366545565083,20040.503877998122,-25574.622478585865,-6660.524421729629,21422.258129848262
1206,81.10953672285558,-3.896279889229129,29.687498984497804,-824.5561974314232,19563.08144257394,-14576.58336071921,-10114.283351377764,-5067.109161842793,3971.632722272773,-15827.808484743211,-4719.957952157138,24709.708321323662,-24459.97633875109,-6802.038406652586,20993.75872249667
1207,78.66492536506333,-3.771205945125976,29.895832092685943,-2435.211872977632,14782.448889014313,-17358.794551062216,11772.671002574469,-1645.7689413540447,-2659.2670868788455,-17824.705194015107,-8131.692699472746,20944.840358462323,-21958.49391891384,-8294.503225590106,22298.477024206128
1208,81.13554580536781,-3.897560695234819,29.89583209530658,-2148.036484267952,20285.28649294382,-15535.869560739378,-11139.62713348513,-3111.5300149203745,2828.796255404002,-16134.747824510448,-6524.84014663746,25260.96841908441,-21579.31352059253,-8414.455437315219,21924.90015176191
1209,78.6466933960674,-4.760281577238349,29.56249943161332,-2488.310971756009,4748.553881088142,-18057.944166900208,4528.074437707087,-4450.8512342834665,-1246.6020035976667,-18905.4498711259,-4623.496500995212,7731.245114553037,-28016.31517332659,-5634.322184054968,9429.905264060548
1210,81.03295138043353,-4.904715576274275,29.562499432359022,-1505.5713302236513,8818.665149412445,-13345.05263487378,-4173.068113111722,-7857.7351291900595,1473.0477555856621,-15849.546671883267,-2881.6528360132784,12699.240692211557,-27912.738276297845,-5442.290894054713,9761.194591236468
1211,78.63109690699795,-4.759337530698591,29.687499338798546,-1260.553890828592,7060.850143470876,-13351.016285737558,5098.728715144987,-4356.212737763199,-1640.093616180073,-14271.020271004463,-3667.5828546750213,10387.88309258421,-25430.582654810907,-5609.972921822419,10162.015990605458
1212,81.04854774954688,-4.905659528634006,29.68749933944681,-448.47002536420405,11352.880792502106,-9154.364635000788,-4630.618611839044,-7294.279831759033,1732.7637303675062,-11489.994488830916,-1997.5588920051446,15237.599512973185,-25339.72112446367,-5433.17525666308,10523.757429877698
1213,78.6155005468747,-4.758393488369261,29.812499253951614,-1269.0580722751752,8056.026697511399,-12987.364534720735,5744.359834662502,-3299.127522434956,-1685.414642870728,-13551.834289756162,-4003.8884179590814,11355.326798230726,-23024.388779726112,-5777.634290654498,10929.387075375287
1214,81.06414411448159,-4.906603484813743,29.812499254474385,-766.2774786073473,12449.744453977648,-9839.996113733388,-5152.438813499521,-5545.6058733657865,1760.9482068829936,-11174.53539432257,-2535.5801840520526,15553.586440011539,-22937.11255625174,-5608.521832213846,11313.985753654619
1215,78.59990419202444,-4.757449324458675,29.937499176506517,-2327.7502987912826,7980.185566460438,-16156.48673653119,6521.644735701728,-1509.5466554748093,-1138.8894009586677,-16294.38751259127,-5473.765216576944,11264.101260306179,-20750.702793779077,-6172.1441469286965,11697.610868083122
1216,81.079740599059,-4.907547443983132,29.937499176871945,-2260.667121952385,12380.972013031038,-14508.296453832761,-5784.717910594031,-2831.5284988300937,1330.6710682524977,-14849.530959824304,-4260.322906757027,14721.862303827214,-20695.493620903053,-6020.463911714953,12079.942180385257
1217,78.54988827443518,-5.756193693651247,29.85416631256166,3516.3212108190573,8400.859582896366,10088.263126044527,2244.840682051507,-13579.37591686764,43.4434396209304,-4701.968100196516,3740.125207382531,22967.286812573933,-23848.126028527564,-4881.048308880093,4878.18663310349
1218,81.00892961761615,-5.905033065470649,29.854166312503235,4385.283267553572,11006.504146071915,14451.719445735125,-1842.350358087505,-18299.84439371519,-1178.623362685108,-6095.230845229392,4823.776620475805,31114.961084114206,-23861.00245978879,-4842.616901105924,4996.902949277481
1219,78.54468940170784,-5.755879055164764,29.895832785952855,4305.323074779571,10029.265758095164,12497.944978296386,2444.2165118951034,-11882.97089159604,-388.40651292772947,-1140.2998111592601,4567.2683520877135,23405.565270242667,-22597.87155358046,-4711.209833667242,5162.611630471425
1220,81.01412836700347,-5.905347676816401,29.89583278584913,4944.230276253731,12510.975554979625,16013.031847525714,-1962.0400289128272,-15496.785743337236,-623.768618780074,-1854.2991422734588,5436.580362438684,29885.956458593846,-22612.715888206454,-4677.3461495717,5282.974533846472
1221,78.53949065445167,-5.755564417131549,29.937499510416966,2799.609784268745,9320.717771012838,5830.086266182102,2667.929876863485,-8397.95598792912,-510.0571359934194,-1427.2130275236545,2806.673561885217,16570.953287102115,-21387.54325180029,-4548.080493808158,5464.752191742047
1222,81.01932711587715,-5.905662413551917,29.93749951026544,3136.9021854798557,11617.74120644584,8218.840265754432,-2107.209700060905,-10759.950150442693,-145.10892782154113,-1461.6440573407144,3495.090070731037,20940.03764428981,-21408.068548078183,-4519.228804004767,5587.378618159985
1223,78.5342919076012,-5.755249654512543,29.979166235912267,-811.3411847905795,6466.117004277439,-9165.203499850044,2910.3836060775056,-3288.7113764500914,-187.2056789128743,-9846.95006704496,-1734.4787375619671,8071.001124243749,-20239.722069919626,-4397.027430403908,5774.983571726734
1224,81.02452598930145,-5.905977025625445,29.97916623571641,-828.969184858598,8535.384838596194,-8114.2562619237615,-2272.4822823791355,-4222.291096427024,118.89630546962601,-9144.976094356876,-1270.3103028843386,10007.445789055055,-20244.026324918894,-4366.263615396514,5908.441096742585
