element_id,centroid_x_m,centroid_y_m,centroid_z_m,sigma_xx_pa,sigma_yy_pa,sigma_zz_pa,tau_xy_pa,tau_yz_pa,tau_xz_pa,principal_min_pa,principal_mid_pa,principal_max_pa,affine_principal_min_pa,affine_principal_mid_pa,affine_principal_max_pa
1,0.3179090165160373,78.764159628772,29.85416637181393,-1205.385103447712,-141908.27331560213,-85026.92399409422,264203.3726468181,-374693.59676978114,1871745.293564727,-2024243.6539603074,-35777.09184052097,1831880.1633876844,-39229.00561944696,-7878.522620811061,177273.09763874905
2,0.34870231627393694,81.22750699699472,29.854166377976217,7040.797062660815,-96731.18075474068,-61696.20258864534,-271580.7906398425,-238815.98805249474,-1895105.1162481233,-1991411.7353067212,-28425.918161586742,1868451.0671875826,-39397.06153234408,-7584.726779966329,180043.3772723841
3,0.3178439061148634,78.75895172904028,29.895832808807413,-5910.896896503233,-145066.91831009614,-108610.70760144641,266145.1015038869,-263035.2898963515,1349053.6178645662,-1509827.4085424743,-42593.47498228098,1292832.3607167092,-36170.245439020735,-14072.574219593402,178720.80146150937
4,0.34876745711546986,81.23271489692706,29.89583281455167,13746.712821241035,-88317.95817836058,-39919.90152426802,-273473.45863190264,-164141.71721827824,-1365107.2280240573,-1448615.9773984463,-22736.762232543493,1356861.5927496024,-35607.58033227926,-13398.057147300626,181144.6712822336
5,0.31777879486573013,78.75374371625854,29.93749949465155,-5967.676819474964,-144554.4123258083,-112203.37920740835,268247.81958656706,-157524.76002000575,816576.5338358921,-984000.8437916755,-46965.55202013822,768240.9274591223,-31983.1872552783,-18554.74850692162,179720.94111486123
6,0.34883259537246974,81.2379227850044,29.937499500544586,15372.092837956156,-85895.6504667773,-36798.56884014554,-275599.96061416826,-95092.15138885891,-826082.7007900182,-919347.04632831,-23462.94101244575,835487.8608717889,-31486.486590977445,-18034.2343677717,181996.6473915482
7,0.31771368206966244,78.74853571461102,29.97916618075186,-1389.4379659799233,-140249.71459552416,-95599.39926370239,270544.0743657485,-54833.8859204214,274922.26794354996,-482750.98793681595,-63241.99818083662,308754.4342924461,-27342.709090624376,-22058.89787999975,180601.89708078932
8,0.3488976057553975,81.24313078707569,29.97916618675182,11489.390296254154,-89767.04872413141,-53884.144585651295,-277969.94373496756,-28720.132920427684,-277936.72442334634,-442046.5425353246,-42992.12114253434,352876.8606643303,-27066.54155150615,-21886.943792027607,182672.82901186316
9,0.9849652072122542,78.79228197062507,29.562499481060538,941.5898756590395,-156531.39817465504,-124538.08162661354,362608.7270004753,-149042.24982886077,865917.0216053963,-1070875.5499920142,-44864.32331911984,835611.9833855247,-58607.83673078521,-10105.351258469354,242351.25778647064
10,1.0148467906850798,81.18271837982455,29.562499532704553,23286.61370817482,-65235.055640540086,-43594.538385718915,-380435.3455055196,-38706.153795958046,-863408.4767859676,-971650.947370538,-33079.38379399751,919187.3508464514,-57097.027967790906,-8046.754359683745,241816.87086957518
11,0.9847699780065707,78.77665810819107,29.68749922778238,648.861026077393,-150655.09962758358,-143291.1420441384,373458.6113317906,-104899.14846765439,638278.487814405,-869075.5249507927,-57021.361961856455,632799.5062670044,-46695.533507127315,-13435.1287803045,250106.04551989737
12,1.0150423284903412,81.1983422233457,29.687499289294752,36365.59043375295,-44501.160056614084,-12818.354679517235,-390708.21757899376,-13065.671476786565,-634350.2645421808,-744539.111211917,-24075.669368334504,747660.8562778732,-47117.76047073807,-13099.943387354575,248820.81207580358
13,0.9845747282334372,78.76103418545337,29.812498983959884,3874.1825652580737,-146115.56067663908,-140358.27156972082,383449.579282777,-70124.6461474654,394544.86399650364,-665502.0300550614,-73217.02986969583,456119.4102436554,-39197.03302620009,-18024.50029423169,255767.35082356527
14,1.0152378307250183,81.21396588209026,29.812499052466038,39466.43960856476,-38612.84496941281,-12804.379401811215,-400733.98266557517,4314.051161325319,-390227.39852266293,-551487.4170125944,-29640.902844031243,569177.5350939665,-39842.81874555528,-17805.04207904515,253987.69225177568
15,0.9843794575875978,78.74541044510705,29.937498744176775,11479.522053926921,-141530.81485683008,-113391.79508414541,393600.5382183906,-38213.39617850917,136998.70739359388,-501746.10618670797,-92446.84011047667,350749.85841013613,-34103.62856161036,-23393.166199397634,260175.99527736724
16,1.0154331710368847,81.22958973839481,29.937498821964653,33042.83526503604,-46495.476924408526,-42622.05969161673,-411569.80076646747,18312.589992127556,-132883.51266392466,-435393.21985793056,-53577.18204991982,432895.70055686124,-35367.50690181329,-21540.366000701804,258177.67249731038
17,1.64845909384963,78.82046006390033,29.27083237750301,20166.90248648697,-198275.3434070464,-163142.11628604197,468216.3693301199,-133478.29700314064,659300.8330814334,-967236.9627657484,-60034.65094950731,686021.0565086545,-55342.927479465594,-2176.244217644889,358287.6901603913
18,1.684556373973694,81.13787389026379,29.270832467696774,43807.29990105271,-45172.93321867366,-38375.454535832345,-519018.25746223185,15597.43304651451,-699083.5253400574,-862412.2340147644,-57687.664076535446,880358.8102378467,-81695.92218799546,-6310.942440671887,314435.2541652215
19,1.6480360075875693,78.79442171085516,29.47916534366612,16071.858925756722,-176499.457931091,-185412.93739133113,492894.2323490942,-94738.21327473024,507150.9057311491,-851967.078469834,-86128.83426829762,592255.3763414662,-45409.25410704473,-7388.143797632992,367358.7306770029
20,1.6849798470558985,81.16391229104623,29.479165460315187,60624.069376662934,-7432.177744006232,5024.622046788087,-533355.196084854,34285.94846763494,-512793.1338816903,-693338.9906413977,-35208.346824626904,786763.8511454692,-62845.58546317088,-10670.703686706205,323803.688193197
21,1.6476130379298546,78.76838352818632,29.687498069110564,20155.49333609188,-166531.31860855856,-176752.15774333416,511336.9521202223,-75148.16958890637,322117.9801671746,-727753.863482914,-105614.77056569367,510240.65103280684,-39722.93222183231,-10330.040843909837,375459.51692979713
22,1.6854032904856462,81.18995037077622,29.687498234899326,63715.695273319194,113.60812531886586,5145.278388822665,-548721.9539133593,45403.021356554644,-313461.6064114665,-580557.1527641425,-35042.848153635954,684574.5827052391,-53138.50699055675,-12976.899457587411,331998.9709269882
23,1.6471900943800921,78.7423455914823,29.895830800028442,29531.766492896953,-165509.58611372675,-140622.34224793038,529143.8408777175,-58508.73930944933,118184.92129963347,-635575.0362908192,-115827.13197900305,474802.0064010623,-34393.50104047923,-15909.119767983892,384122.1854246373
24,1.6858268019188685,81.21598842416553,29.895831032255696,54030.26446810766,-16148.045251637548,-35724.5497926214,-567656.9254495288,52938.94700458548,-104811.98141350468,-551983.9613028301,-53291.44220495102,607433.0729316297,-47643.69214739857,-17811.794891444697,339330.9894730414
25,2.1384537094311415,78.84776792142739,28.97916572682972,-84797.77353272476,-518926.00553025276,-279402.43081242143,1062668.679694868,-238011.8048684011,1037720.9056256713,-1877878.4152132776,-157950.26742720854,1152702.4727650874,-29993.577667861584,8145.888907933954,440615.56807289366
26,2.194335836972673,81.0918175578987,28.979165683660852,-5963.72725116278,-77554.00003887105,-58486.32958649132,-1230241.5059622857,42289.03308437471,-1203336.232225234,-1736925.36144546,-110084.21459321227,1705005.519162147,-104433.98333889646,-9950.207692858228,340928.4761447443
27,2.137509546689836,78.81132215487179,29.27083141829816,-85357.01789248134,-418520.38621427567,-346879.72630969464,1166492.27097379,-184278.2415297166,843822.467391284,-1787212.955645741,-196438.86991950186,1132894.6951487912,-29263.098969038587,2794.210503519083,488010.3229646726
28,2.19528019262177,81.12826370079006,29.27083138252241,36087.33414673529,27818.81607112128,42500.01282862749,-1263931.0342301328,94235.50077946484,-879230.8601277387,-1462268.5147919813,-50582.085367459506,1619256.763205925,-79319.31548794924,-16010.190779538247,359538.65455501946
29,2.1365660359595853,78.77487677023645,29.562497261008783,-72186.27834780606,-371831.7706472661,-324742.0209699762,1221705.4096018686,-170705.25794122467,544850.1214544546,-1639347.9268676424,-204876.3483446723,1075464.2052472665,-27686.815632934104,2745.7409299063293,506065.9197930442
30,2.196224592381599,81.1647093027882,29.56249738209761,43755.83172744974,42356.8783125131,56733.7213241728,-1295900.9039429778,130635.80003495762,-531426.7507739776,-1315087.9849951365,-36657.73807773736,1494592.1544370097,-65908.77410278535,-12301.087183365695,373246.52124217583
31,2.135622738320618,78.7384315325583,29.854163075063052,-55237.734875477785,-372954.15579429053,-252248.32680113538,1265194.2035338965,-161275.7417603087,206059.29276391925,-1540629.1733747043,-202617.06675495417,1062806.0226587548,-24597.161721286804,-273.7881763718944,523805.94491279655
32,2.1971690059262854,81.20115459963594,29.85416341809912,22234.244779166136,-4399.614246977417,-22568.57776131742,-1335360.3989788105,158310.885682167,-169086.73352628452,-1326542.0407143456,-60691.77691711747,1382499.8704023347,-53821.4515673459,-15535.842452155985,390495.1101809815
33,2.4656393700359147,78.87397132174947,28.687499262241488,-73700.15851054872,-553165.4463938966,-291018.0816017996,877288.3159078746,-206863.59103577634,636004.1398934798,-1490791.8347178916,-184396.3701093854,757304.5183210323,4494.988477858879,16597.657311323455,507217.3938908662
34,2.533493906339425,81.04478350263024,28.687498697705962,-15370.277116110961,-32107.1665634391,-124129.40824116292,-1372437.112114025,49481.68981188301,-1035902.5568665251,-1736439.3758116844,-138277.8916921782,1703110.4155831498,-101632.92340952047,-1006.7555775532364,361765.7822410646
35,2.4641741522676943,78.82711920463856,29.062498163836125,-66853.04258520647,-425272.3872828545,-360986.07100734126,1076553.5229956983,-175729.69914936618,603148.777707765,-1573528.2675941475,-226059.14709186423,946475.9138106095,-9056.274687249908,20401.912556526342,606163.3524762867
36,2.534959281362221,81.0916366739126,29.06249757559973,34058.038177905626,75295.87609642537,-9493.831153396968,-1447234.9352943301,95766.86434677619,-780856.3933743782,-1560203.3087668493,-70405.38379996542,1730468.775687749,-71990.98785339826,-10593.548981225422,398040.15220386116
37,2.4627100732750873,78.78026727575661,29.437496753762588,-43848.33825063941,-345626.1927960715,-322900.3938624149,1152271.5076728035,-162333.0082933864,405683.98154743685,-1488837.6283187584,-222048.26027655392,998510.9636861865,-14720.17597896449,26382.973891858594,641738.4543696607
38,2.5364246745482317,81.13848928740597,29.437496526174435,42856.07353422387,75140.29569756804,21787.345967128695,-1488599.689797785,135683.7224893141,-469700.0164390558,-1469443.7468675745,-50897.924905118794,1660125.3869716143,-57453.96599795344,-5473.03380585155,411906.78786858555
39,2.4612463215526494,78.73341540505416,29.812495206085742,-26440.753462681983,-331211.8510126837,-260506.35514039663,1193244.8189550603,-144415.68148251838,164012.68951795247,-1422222.123863713,-220651.28571244,1024714.4499603909,-23233.402330761983,27256.048248381587,661557.780724613
40,2.5378902446479126,81.18534145406805,29.812495505931604,22960.291083222757,14053.914716918262,-42431.99764128447,-1522115.4618170534,165077.07198961193,-135367.11676474413,-1503929.0370949141,-70126.76289799815,1568638.0081517687,-40321.72062568402,-5178.917310434349,433659.59588309296
41,2.7967326079341692,78.90010756105256,28.39583313135593,-82106.02213016819,-637087.6634896471,-389357.7870886931,457553.2546491378,-231986.4543672598,239074.96689438596,-1050728.9969505793,-251596.55746032853,193774.08170239953,47330.13759035989,64276.63308443681,679288.1955803523
42,2.868746089961087,80.99781744488052,28.395831401045637,-12122.872514630762,48085.234824677274,-186209.5837392063,-1296094.5251221354,40544.67615546753,-780706.0860680587,-1511065.649440353,-159208.00004974904,1520026.428060942,-93919.4039653708,2688.023216674089,386236.3433408514
43,2.7947465116284214,78.84285125576179,28.854165178107642,-72756.05685882289,-531696.0200475155,-443542.42736636323,801688.0726859926,-221988.64430235137,367210.5530319515,-1320013.0853375695,-287632.6664440885,559651.2475089559,23405.349515493486,66180.64047662598,823097.2237057488
44,2.870732590619271,81.05507584945467,28.854163317275358,33646.03255576438,134212.4392040563,-81833.30140959714,-1434858.766436159,62828.60724626404,-627055.3239768252,-1477699.0192709614,-93226.94268091541,1656951.1323021003,-57243.30859989325,-8081.72256189228,416405.1658450577
45,2.79276179186748,78.7855947874998,29.31249636482703,-38364.354886059984,-430626.7231528671,-366500.8893882624,924906.920227857,-176900.59596895022,275966.7475549135,-1285899.8703293498,-270815.47343133367,721223.376333494,11528.166678472204,72913.81894259868,876097.3981555247
46,2.8727189638769954,81.11233378175969,29.31249513433302,43377.39593374112,120686.0219947898,-41568.60455036766,-1493244.546016947,83356.57471306282,-380457.5702908252,-1445269.2806871324,-71506.85672598703,1639270.9507912828,-36769.47507662852,1386.6792936543943,432609.4517667436
47,2.7907775721337647,78.72833829544163,29.770827228869805,-18553.613360859395,-393454.0506812758,-300619.1871821389,974563.3554645571,-108235.58634653191,121868.98625297821,-1226458.4496138454,-273174.70696439606,787006.3053539674,-8701.570081069274,71258.3313650553,890228.8990731621
48,2.8747058376807537,81.16959115552136,29.770826969278744,31966.786285786784,62176.85961635781,-72584.0639743171,-1505738.8725854948,90922.69393148793,-92085.53875807849,-1458744.3798633707,-82819.36686816516,1563123.3286593636,-22939.231851148805,20240.36090603985,458553.1469692687
49,3.1243007425632134,78.91387797641298,28.10416755716492,-132328.5031463678,-755719.2969114687,-510998.3612170221,-185487.17470312404,-293666.8849564304,-128358.88106862975,-1009488.7580861372,-315278.16848331655,-74279.2347054045,49947.288740053955,91134.92864550065,738304.0728732714
50,3.2073676470231063,80.95905366394342,28.10416410664635,-21713.750117060976,66937.65627836884,-276734.5315636897,-1145290.8987169284,-4736.1062536595155,-552668.1672823128,-1292080.6125620427,-205910.98323893422,1266480.970398595,-100155.15743387773,19988.270406392698,386907.44273122
51,3.121989671037654,78.85663481678256,28.6458323135614,-118915.74374726652,-737365.0464234762,-559836.4634363874,234305.93246457394,-307199.2916706052,96702.84864729823,-1034543.7700567157,-341500.5254986857,-40072.958051728725,35145.78827311272,78963.09580419608,939685.7721227871
52,3.2096803093720903,81.01630062217313,28.645828364164448,15239.696630667975,160612.71339533545,-185401.31002239318,-1323458.4269356413,-11645.010087010736,-478017.3103984592,-1349454.8383593494,-136910.32204849724,1476816.2604114567,-56711.84846693486,18755.87449295091,415863.87663997593
53,3.119224228563903,78.78898458265382,29.18749632117585,-79959.87441144336,-660254.986065689,-455039.1011020896,411595.8108412424,-215923.30817040498,124038.27957787941,-989515.6654273442,-339432.4577018603,133694.16154998264,13778.996208735332,85675.36710732647,1021562.6729451409
54,3.2124480356479923,81.08395376845999,29.187493152900746,35825.472724562576,175214.419177751,-122657.23586707309,-1414602.1026179844,-24540.890669267566,-297403.42370763706,-1355034.3749661066,-99718.33931364992,1543135.370314997,-32652.35574457969,35808.055300194326,435481.43569724547
55,3.116459511398452,78.72133406289973,29.72915979244218,-57766.10974399184,-614628.7914892007,-374900.8545103248,484679.2795631922,-77461.00473285944,69744.87472371849,-914448.5140076573,-356400.31266441615,223553.07092855632,-6737.334256559216,81690.9844179964,1035282.8606213301
56,3.215216290980869,81.15160625664757,29.729158000896298,41744.72723723956,152099.60658338288,-99115.72660446577,-1415148.3536595667,-49127.90698184248,-54768.90625972432,-1323716.5155118837,-94704.74806955925,1513149.8707975994,-20575.567755809938,63807.12224954752,456886.20184572355
57,3.4547827467280117,78.91504036694838,27.812501703259873,-184428.34968032053,-820085.7757039752,-579736.6338767075,-701668.8915512218,-336196.3902839297,-304688.4678079179,-1492790.0109534343,-367016.171027262,275555.4227196931,11726.529713190286,88766.73763052517,671346.8435725297
58,3.5429179551532295,80.92873395251702,27.81249659541006,-76972.30370351108,13990.166619140116,-379068.62064851157,-1070733.9480115583,-71820.33820734987,-412995.9134858604,-1246625.9830353342,-274637.95091432513,1079213.176216777,-123564.48963534087,27428.040859652006,361234.14830506593
59,3.452733670701092,78.86821320242058,28.437499828141185,-181734.4231075898,-902443.7122593347,-640055.2092002991,-349569.75298260286,-384811.6704277023,-91185.92426500509,-1282895.0683018265,-409191.080098312,-32147.19616708543,21895.570720087657,49938.12960016276,879630.4889839054
60,3.5449712857519553,80.97556705909432,28.43749358787103,-18569.17101626155,107850.38568828754,-296061.3224486051,-1238428.2252726061,-108754.02821669845,-373104.8058088468,-1314007.8131759746,-197889.27617322773,1305116.9815726234,-73320.31501666391,35875.05023286933,384645.297369253
61,3.4493183878495373,78.79016536215657,29.062496634452796,-146340.06784572103,-884311.2418237266,-546833.5518967705,-162677.9756167248,-284321.8861360787,6954.665689558606,-1067106.1783360331,-410419.4570651904,-99959.22616499507,-8903.199884192116,62547.09353971735,1007034.7575009519
62,3.5483903017673555,81.0536198654291,29.06249099589839,15576.970786560538,161453.7704405947,-205114.5529215494,-1367874.3968377283,-148524.24535108716,-239238.87643112533,-1347929.7244875578,-140458.4829395935,1460304.395732757,-41127.98279608189,53897.10653589111,409473.1541970604
63,3.445903303098259,78.71211685275601,29.68749267389723,-121058.6788060149,-852719.6421519502,-448326.14516147465,-63528.35051665343,-113150.94463179266,28399.99310566672,-886102.1299561204,-424920.22645250644,-111082.10971081357,-19171.389053675593,61991.078811443294,1042202.6690121501
64,3.551809768368931,81.131671942119,29.687488582200757,40081.18774690642,185054.30388360907,-125587.88178288998,-1378974.7555721956,-190256.55967159002,-31151.421589219986,-1288668.357096527,-113624.85762315476,1501840.8245673073,-24528.78605894488,79497.43530838816,426406.3990681807
65,3.7850202362983922,78.90841366745353,27.520835651627866,-238011.16010396116,-868548.3755999415,-622516.0163037915,-1034104.7290268319,-372313.710914195,-350310.08724738046,-1845401.6355191148,-414961.256252827,531287.3397642479,-20083.210084350507,89440.0144784009,648465.377634585
66,3.87871158175695,80.90620428447754,27.52082914783706,-95608.87249121028,-37353.56106730153,-450545.29149809206,-1060146.5267984641,-131679.38470240988,-331843.5669845046,-1262302.2827172433,-328614.64815206523,1007409.2058127047,-147088.935033431,20930.574108091674,350021.28777869756
67,3.783331513121383,78.87199922191422,28.22916724403298,-245889.3061820534,-1017002.5152357895,-697369.5048568805,-801016.8482938859,-463497.1726294221,-181877.07738492513,-1748942.201913885,-479174.5983755389,267855.4740147,7910.04656730307,23967.67343202829,801224.03146465
68,3.8804079819061914,80.9426270193295,28.229158852054702,-43196.64453344531,10348.89239794956,-382690.8051006003,-1192624.501992776,-198492.28326035797,-298825.3975351425,-1339416.8634435679,-255594.89505108408,1179473.2012585558,-90728.27530236432,34564.76539949218,367192.6553438102
69,3.77955997838033,78.79136249197789,28.937497100407825,-205774.91272467177,-1048469.8486933135,-620364.8614891889,-649663.3844732288,-387944.94577845966,-59654.849985304165,-1549886.9761055405,-496919.13061497046,172196.48381333632,-26161.56134300449,34290.453067607436,947320.6761092644
70,3.884185442335759,81.02327112478675,28.937488859217684,-16786.969671430605,67933.11078803672,-277893.86483947886,-1337193.38678124,-249709.63568067283,-198563.58931640742,-1401422.1662654653,-189819.36157957706,1364493.8041221695,-52860.61393694581,53279.8013499757,392962.2605653161
71,3.775397343074663,78.7029220397907,29.645825971829957,-179827.08872854317,-1046368.0853220532,-508439.61145286023,-540820.2145607894,-217851.92687791138,3609.634924262513,-1351450.5713839584,-479532.26092753484,96348.04680803709,-29924.31371589538,38747.74652770881,1011402.5826327747
72,3.888353701482035,81.11171708748172,29.645819181949435,20028.599189419583,118633.10947793155,-160334.8425724869,-1366317.1057583448,-290917.89466931426,-17570.53582751111,-1337474.7572240434,-144970.6899921779,1460772.3133110856,-28227.00546242427,76478.61773243824,413685.3575287912
73,4.111690473959288,78.89206758869437,27.229169746680338,-271478.5553684964,-892342.0302316857,-637606.3301658598,-1229162.1678283287,-397269.3382512604,-332947.9548080586,-2040900.5025272681,-446656.1275268387,686129.7142880646,-44449.15309625063,89825.51047371305,655832.1881347327
74,4.21786317714161,80.88923335324743,27.22916193906342,-124323.4322599156,-65513.49325612327,-514571.33869794785,-1117181.7722155207,-188346.7612517502,-292306.60589182004,-1351589.656429506,-378670.3139945837,1025851.706210103,-169318.60147421516,14323.406745190978,344300.5183860124
75,4.110329747940899,78.86606779504855,28.020834291926015,-277471.8515727396,-1071387.8908584323,-724232.6048930269,-1110454.383497775,-524299.5653996586,-206991.48200816405,-2076725.6835109657,-516964.7085127318,520598.0446994989,-11839.409630585396,23436.321004813573,772918.7133309572
76,4.219235332598349,80.91524389872245,28.020823827000903,-91523.71839379253,-69674.85984168662,-459517.8580555904,-1234260.0423554692,-287871.67010397627,-260116.9619845027,-1464295.4762608144,-310423.3479334018,1154002.3879031464,-107960.84261186501,25547.388406135928,355240.44360191294
77,4.106332519689864,78.79065860502,28.812497537561544,-240081.45154208262,-1130975.0926680418,-655986.8219820354,-1030871.9325871235,-484420.7716056943,-88395.3649399023,-1967143.082165779,-532923.738885768,473023.4548593876,-27834.09927607144,15580.851121548472,918935.561729867
78,4.2232410494854005,80.99066311761354,28.812486673885033,-54727.454140158225,-22962.03487455366,-343388.6207399143,-1390220.4964074967,-349678.35372014216,-180081.88543973904,-1545915.1740129208,-235638.51114496286,1360475.5754032575,-64403.241342953326,43539.84578385695,381593.9438637368
79,4.101065221285863,78.69184523810176,29.604159663469265,-217131.2428675706,-1163436.5782761942,-544571.8482183291,-944843.6051287215,-340938.30743089825,-8448.211464172122,-1815937.9207421355,-508349.4737782974,399147.7251583388,-30886.56211844543,23426.019422920675,1005352.8714462211
80,4.228515735904491,81.08948453603576,29.604149957170524,-10622.157687688814,36470.881489097206,-197010.07576292305,-1443014.8586899133,-390145.42293797346,-12286.464557848778,-1492998.5333865518,-177799.812236502,1499636.9936615392,-32158.56038320359,63653.05733021061,407874.0100225586
81,4.441376899828611,78.87349435986944,26.937503530431975,-288726.40656725643,-901569.7253289643,-639000.325447961,-1336894.0714049814,-416704.24024629995,-286657.469892301,-2136721.334050942,-469938.3496234509,777363.2263302106,-64167.47407847516,87347.17092936423,674144.1631744257
82,4.5537882352579935,80.8703283194109,26.937494524783855,-143467.21780932494,-72125.78019930488,-562826.8546514495,-1210350.3243892868,-240483.76358796176,-267637.7341004554,-1462386.8821274296,-419232.2258355766,1103199.255302927,-189699.74032014943,10136.238569770007,341644.66996249673
83,4.440506898262608,78.85790129379326,27.812501472551315,-287417.42745414656,-1092501.2136900644,-733180.5171233963,-1313471.114303629,-568857.0069159025,-196379.96632175188,-2278568.4222781095,-542923.726741217,708392.9907517191,-29763.230366033702,27651.80601202662,776016.6043612508
84,4.554673983527994,80.88593458849931,27.812489063951297,-126501.56078823155,-122507.51272583484,-520462.04147368955,-1334356.0436533147,-374661.27308507025,-239618.75963825965,-1629433.8752810098,-355403.01147987565,1215365.7717731297,-123484.65559933268,17756.03186242008,353050.68894392124
85,4.436560727596127,78.78770674263515,28.687497869770727,-251088.66859966042,-1164608.8620347122,-664788.4351009964,-1318775.6279661336,-562398.9330501261,-90665.36530975072,-2268366.778975815,-548527.2544648276,736408.0677052737,-24400.809149709152,4366.463659398597,913967.8649448068
86,4.558631683072996,80.9561421413186,28.68748446664798,-85014.95257275921,-99987.02693005526,-401188.56932660704,-1514511.1390413453,-454103.423001007,-174461.2085347031,-1754636.4933719519,-275304.8847618556,1443750.829304386,-73457.7076740696,33227.846392914966,380383.99146636983
87,4.430416788581432,78.67851050401542,29.562493109309255,-234632.66890455247,-1231977.677355204,-561644.0397814612,-1281462.8253690742,-458078.56238481787,-10077.463811681473,-2199536.7828061776,-522554.33777152875,693836.7345364891,-26241.12226795419,12946.963567824245,1014263.641361464
88,4.564785063938379,81.06534972332004,29.56248042930843,-38570.34757935363,-49044.02720574707,-232877.35998595413,-1601431.3933334684,-498628.49797222053,-11078.850638056454,-1734174.8119550988,-209178.0868211395,1622861.1640051831,-33939.409537944266,49745.201559227215,413254.1625411547
89,4.767945203985547,78.85514564841543,26.64583719673115,-323804.8326020333,-948455.2589646876,-666477.3498245197,-1481094.0585796374,-468317.7312026541,-254926.6395801472,-2316677.283817078,-506045.7277747382,883985.5702005764,-82143.74000333225,80651.89460687591,678875.2347349131
90,4.89283021206616,80.85119870948411,26.645827061758975,-149692.65347123175,-54264.09289121682,-577968.7991381853,-1229993.1069819324,-268089.8627939785,-221882.6264475558,-1467401.804343173,-444398.3721781273,1129874.6310206663,-209538.538129696,4437.658244509462,327736.5640170255
91,4.767663805893017,78.84995422524409,27.604168543074252,-316140.7777004796,-1152026.0165401162,-773076.2749682957,-1539177.1872767594,-651658.1078829274,-189175.76975563288,-2555707.767670232,-585295.0895016771,899759.7879630169,-50071.86019237053,27128.925766745306,769395.1958110945
92,4.89313220394887,80.85640621830998,27.604154234596205,-143029.85908738206,-136329.34294761164,-548498.745432686,-1367219.340483598,-426331.54639520816,-207057.1051651925,-1684612.0775950234,-384888.68081623706,1241642.8109435812,-143569.3868119034,8096.367997994062,342693.1419766919
93,4.763623050311377,78.78498589436028,28.562498081718566,-279581.2155704551,-1230651.7245532156,-693600.3080390253,-1634938.9309773839,-679049.7380285455,-91659.89845607418,-2644181.7477317546,-576748.2616422542,1017096.761211312,-33166.30611613412,-7259.592091541028,884614.7957196024
94,4.897188016584605,80.92139113523093,28.56248213215213,-99957.34552928603,-138528.24700470903,-434452.95113530324,-1566146.8306385046,-522949.0978071249,-161770.55166209757,-1854004.2449613083,-300551.827703265,1481617.528995275,-86909.9215545867,19796.583462914685,368784.56578565383
95,4.756115500244997,78.66544015362983,29.520826479182904,-272042.4920273284,-1337181.2589752264,-592442.5027849898,-1667727.3099608335,-614757.0859972322,-10165.135432212206,-2678372.6325215595,-550453.6570246029,1027160.0357586184,-32497.349074323185,-6068.255177207161,980333.5236179266
96,4.904707379500353,81.04095178234024,29.520810725943388,-54541.74372889757,-102379.65093539332,-255302.34102005255,-1679691.8907722395,-572900.7228968013,-7841.977747975846,-1867442.0284209382,-229404.1702756888,1684622.4630122832,-40634.7216723518,32386.891056538,402492.5354757067
97,5.2573850178208446,78.82141692630688,26.35417091642099,-75483.04065196737,-481422.34322717396,-348502.7556310971,-764922.306831495,-185901.17048218308,17097.43212368571,-1095291.5376071201,-341603.4495887131,531486.8476855949,-103392.20512980557,84655.42239908375,740080.8833013406
98,5.400976731437027,80.8162405410492,26.35415862446081,-84517.71028913814,-54717.68163106327,-480598.8831823527,-670138.0851436757,-109177.45903835417,-36154.816716867215,-775565.8715458178,-447542.5436266785,603274.1400699427,-251928.47728227772,2558.126998697814,338188.3642424386
99,5.257400496269272,78.82142806632324,27.395835131292667,-29492.275061351815,-573936.3984867103,-429312.58288700157,-829337.1328907862,-289069.49796672096,1173.8216426768756,-1242904.8583589704,-390100.2291588561,600263.8310827628,-66974.27896882112,31389.85298716089,807781.0684623932
100,5.4009881160056015,80.8162504855202,27.39581751291657,-43199.055802789895,-99457.3207433276,-418356.36573346757,-747763.5890068946,-199623.8845499795,-74528.63497438333,-899759.9566867705,-344895.9447081436,683643.1591153294,-161989.38452822148,5459.491255115311,354815.81433183164
101,5.2531199996404885,78.76169790842438,28.43749805594807,37538.40933526278,-597324.2297571491,-386595.7125477302,-909927.7840716225,-319938.0685411228,29308.09120149184,-1309602.8661754855,-361073.8113960656,724295.1446019344,-42185.373292007745,-5376.95719251217,903855.3284479538
102,5.405288435390122,80.87600283596797,28.43747802086081,-16281.284161594986,-113562.86809605523,-344239.4598246765,-869274.7516963165,-266158.604693534,-84339.25990677607,-1028917.0760675482,-263996.32207224704,818829.7860574685,-94270.9659567106,12429.154385626089,383303.83200787863
103,5.244152632110637,78.6370317630567,29.47915991507979,50267.16659492746,-663241.5290250657,-349505.40221881657,-955610.902610519,-321615.8946314968,36881.73197773187,-1384862.591880398,-333556.5103473675,755939.3375788105,-27594.98686839747,-14147.38623682516,1001780.504866159
104,5.414270914871632,81.00068930619486,29.479139397676686,307.21458543974586,-105554.55648391832,-225140.00922983795,-949099.5746775885,-312816.2217564147,5097.862876740629,-1064625.9418927971,-205675.73392684633,939914.324691327,-41587.43064778702,18159.53188369929,418041.3590272171
105,5.919051638272126,78.77169381791408,26.06250429397865,-81201.82282036784,-526828.4188150425,-393009.9982186649,-858685.133710162,-213965.9675424652,47889.874738827966,-1215413.8250088033,-397402.18026053486,611775.7654152634,-126485.56549985887,104720.36773615265,844496.1321246005
106,6.068872805129781,80.76606860850691,26.062488819196215,-104342.08129499815,-49192.093599913234,-575830.0743119918,-772793.6122723775,-136645.32147163752,-25799.560654873312,-891375.1789324819,-539602.6977284725,701613.6274540514,-315684.976683524,6201.3683598604,365487.20080251165
107,5.919071617090234,78.77170892687887,27.187501737164453,-48561.56784167419,-606946.2436552105,-468098.5009081199,-965123.3748927217,-347340.87143255095,27987.3933545924,-1406943.611795866,-439714.20332048135,723051.5027113424,-87713.07214887447,32653.76368943112,856092.4030782466
108,6.068886652974545,80.76608256953546,27.18747929134125,-62682.46772001593,-106489.52072547082,-480723.21746053355,-879043.5136144088,-265217.66631675523,-78585.8699862751,-1067542.804922253,-390329.27750863245,807976.8765248653,-185428.83448096592,3555.4784460958576,364618.7423069172
109,5.914990685736823,78.71719057712004,28.312497752322706,28390.616142871557,-610011.7736612104,-405792.30188594956,-1101186.3080709109,-397165.9183086223,46179.05279779797,-1515271.3985501402,-386913.74701402604,914771.6861598778,-56442.19175400841,-5087.44258692022,925233.5112162043
110,6.0729932378723195,80.82063117203515,28.31247202046849,-35197.27700031485,-131176.52507566445,-388089.1220703426,-1040684.0496409105,-350499.9505157187,-91428.69262104963,-1244055.121110592,-292417.71058662585,982009.9075508964,-104239.21493524105,4436.639241213,394313.3095094281
111,5.905636989040451,78.59255648966004,29.437492851918478,49541.112255313375,-677863.9504236516,-346027.16705350333,-1194865.921343035,-422903.31085480785,53661.26465018555,-1638453.5606821573,-337091.1233053688,1001194.6787656845,-32192.06062070393,-20686.901820402134,1014601.0937386537
112,6.0823664680373,80.94529341844853,29.437465834735534,-18962.882011057347,-134343.16451401217,-255994.25743092407,-1157589.0189009933,-411926.3242382377,-632.1277843606604,-1322170.3892964807,-228595.01784844763,1141465.103188935,-45024.47810250021,4408.908876356878,431487.45196209644
113,6.5807209356411125,78.72199053436887,25.77083786810691,-82215.02647654252,-563058.839918918,-440897.0365789386,-984596.3930720147,-245420.97015980183,47959.87048780964,-1365593.3655300387,-442622.17254987336,722044.6351055128,-144564.4650983949,134823.75667750827,932100.5517717876
114,6.736767588988582,80.71587753534533,25.770818834528384,-115619.78481494013,-34776.323699269706,-672764.6527794744,-871219.7122705005,-156656.41667993573,-26483.604524825092,-997990.4017242923,-628285.8379960924,803115.4784267002,-384777.5136377499,13602.331920880213,386729.96802494465
115,6.580744493459263,78.72201065625049,26.97916836887169,-69243.17370590619,-637284.5766299723,-519343.2064336771,-1114914.3197466815,-423452.48991291993,47854.55292803321,-1593474.9451371296,-495604.69091861474,863208.6792861889,-104987.17202943955,30474.100981679134,907640.8475140315
116,6.7367836694816825,80.71589656651156,26.979140571197036,-74026.6358991986,-96187.53508887166,-532867.3124370665,-997064.3809131946,-327405.49632027943,-82853.13848594391,-1209954.1022530668,-425763.0223370992,932635.6411650291,-208402.49903463083,5116.30736312105,371152.89126195846
117,6.57691169777888,78.67270220452207,28.187497273835245,15948.906421154737,-615649.3058590657,-430961.7242006244,-1301092.7787963815,-490909.11979295244,60221.64427445344,-1735214.365376986,-416086.51402687654,1120638.7557653273,-67241.02691466021,-4901.614051304991,948538.0741661914
118,6.740647869672697,80.7652451124637,28.187465491700447,-45861.929813465074,-123732.87482189317,-419297.5179749771,-1197861.6673183988,-427400.79066677403,-96454.75668513415,-1425346.5767002553,-311662.55165838863,1148116.8057483088,-115352.80911548217,-77.9706258915071,397942.1343843936
119,6.567172015961594,78.5481033034113,29.39582556307277,47380.26046816961,-679161.1036112127,-341449.60841877386,-1448116.4024085696,-540947.3593378277,71623.32931357958,-1905436.1207549125,-341514.6916239094,1273720.3608170045,-39373.07916154183,-21014.85735697603,1025646.6905606377
120,6.750411798691558,80.88988165325122,29.395791668886808,-29434.049199847148,-131834.02142411363,-280273.3856842628,-1352370.5608221758,-504990.0261682373,-7517.0220256049915,-1545314.0569944198,-244230.0112844074,1348002.611970604,-51996.6924497253,-4022.0836106448623,434389.9224374556
121,7.069707236464468,78.68220507794099,25.479171980739764,-455777.1166642918,-1154213.81130992,-930791.2874093296,-2236288.5518267113,-823981.0451743046,-213140.92334266432,-3316468.7031648327,-742914.4459699327,1518600.9337512248,-152918.04015797432,150895.05909872014,964022.297711636
122,7.244433173716013,80.67451264297087,25.47915038086809,-232179.6233774417,125489.52751078887,-961370.7190595573,-1906808.1023394729,-585296.810620133,-213663.00040035511,-2215548.130215562,-744428.2428740489,1891915.5581634003,-428173.97731558274,20691.283139213654,401439.7585949233
123,7.069733470430671,78.68222962564775,26.770835105045087,-478561.176918669,-1280340.6089494638,-1052468.8427216269,-2587603.055590346,-1272868.2827425848,-147781.04302217677,-3906588.4510913645,-829025.4128698427,1924243.235371447,-115622.77805440502,28537.518250869227,946191.3242798366
124,7.244451212588707,80.67453617686037,26.77080307577815,-216897.83338472265,-20866.86592112403,-833791.4853769178,-2238038.57791795,-1014403.8771632425,-232677.41141664598,-2764685.432945405,-540843.1797566388,2233972.428019279,-231554.37771102143,3701.9914332592025,363041.3484082484
125,7.0659050631648475,78.63815212812071,28.062497015518403,-374227.66012115544,-1188308.0070983386,-838561.7366788622,-3098798.0825750455,-1439615.815968119,-81713.01499902911,-4293570.7902809065,-695906.8296580889,2588380.2160406406,-75819.4710388653,-7911.8494128412185,956401.9212553501
126,7.248316021627183,80.71866268935146,28.06246046657068,-171109.8101893231,-60813.65498398343,-622400.877729421,-2725111.9505196256,-1225740.029386288,-200736.28320857714,-3238836.261780884,-392876.287396097,2777388.206274254,-127447.51380675621,-4939.015801119091,390043.3696656837
127,7.055000614745259,78.51365632059078,29.354158630636277,-306486.67586563993,-1277251.7700411566,-598150.25592488,-3524668.7731420095,-1565882.2796823676,27150.992873422187,-4692249.198206097,-570601.9605488682,3080962.4569232888,-46676.59216448898,-24276.977361687903,1020812.5591497918
128,7.259248740416876,80.84320489557227,29.3541192874902,-128672.00191828757,-53370.723290587266,-364525.8206421901,-3106819.7008376596,-1374115.3171719357,-39889.134661723554,-3525021.5303088953,-296150.43094026786,3274603.4153980985,-60494.08546605711,-10481.79117639034,426777.35631799686
129,7.395350981125314,78.65154774670285,25.187505928047493,-428908.1983601695,-1076119.8747693491,-875089.7556132197,-2238368.012446828,-814013.3508914467,-182878.6882997518,-3245331.2257102337,-710637.3372705001,1575850.734237995,-155006.90110602975,153517.39097121786,957781.8025224208
130,7.582527123137032,80.6427635226882,25.187483053405362,-228187.7847582431,197307.02922500303,-979745.1808656025,-2064175.86997021,-654224.2077676257,-218017.9524561775,-2357086.935561802,-751776.3851340875,2098237.3842970463,-443555.6339322359,26153.75039018705,407127.5417898416
131,7.39537963499583,78.65157563284983,26.562502402309335,-455457.74274886027,-1209467.0691195414,-1025852.941541147,-2597668.587147928,-1301700.3566601432,-112335.75126214963,-3866266.5644240873,-825332.5458971959,2000821.356911735,-120865.57680711911,30844.80470341726,982705.6713826051
132,7.582547047034443,80.6427904176943,26.56246766911572,-217231.77383939366,48247.40447955165,-868456.5278504833,-2437499.4642916094,-1154391.2307493382,-232058.4050199834,-2982285.8544969377,-556342.0609904096,2501187.0182770225,-247663.5335332572,7870.69527430126,376852.79552540806
133,7.391749935388777,78.61271286947311,27.93749704902329,-343606.44100779825,-1089361.0573744602,-809396.6550953618,-3126613.80552876,-1482170.1318376006,-53287.697954296214,-4259633.794293908,-684216.4601701191,2701486.100986407,-78065.7900729216,-6019.8925998704835,985946.9251355198
134,7.586217828072613,80.68170972564849,27.93745729140432,-170094.91900146948,13769.319276747643,-632739.4871610948,-2997574.6744207055,-1396813.123090478,-202405.3463299804,-3526742.3084403537,-391722.2440303862,3129399.465584924,-130844.5568906377,-2046.6177279132273,405140.3901472028
135,7.380069866167985,78.48828897819834,29.312491635236082,-263618.9519188981,-1145907.6428591728,-553076.5005057482,-3584288.092572172,-1619926.8179780922,45634.92446686576,-4670044.5190678695,-538472.5520849382,3245913.975868987,-43094.63238637616,-18887.25700405803,1052437.1773807474
136,7.5979299041832125,80.806187405724,29.31244857910801,-121314.38972426097,34357.385343732356,-365576.8192326757,-3474403.154214598,-1581270.1697946477,-45215.75813613627,-3902670.265393817,-289238.39347689366,3739374.835257505,-58012.965458427374,-6951.755639850729,449218.6426942829
137,7.724110129602568,78.62064675309986,24.895839806227126,-437760.6503972125,-1070424.5967103015,-874980.0944453189,-2371321.771202226,-884599.9212937783,-177051.79015060485,-3393311.3090351736,-709903.7426964261,1720049.7101787669,-154597.47146671088,152067.42173956803,950399.5228771309
138,7.917505002351976,80.61125836017823,24.89581547226247,-221764.14697178418,233065.57381413272,-971015.2074906679,-2105801.302029352,-685285.9449920552,-199598.15223026852,-2379405.399435948,-750419.2308431498,2170110.8496307777,-451227.6214753617,26509.82157609945,403535.5939638207
139,7.724141418258952,78.62067788560105,26.354169725875,-469530.7310966075,-1213146.9503434468,-1053624.2020265954,-2768225.7378275534,-1429724.1361045297,-105316.80670731039,-4085516.7842258834,-848091.4221281208,2197306.322887354,-126641.50908767559,27629.840397309894,990254.1028507494
140,7.917526834001128,80.61128854449588,26.35413220858482,-213020.5180609754,91616.03445817882,-873136.3447517981,-2505894.5015352103,-1219914.1579275054,-215581.3356914419,-3046729.167166692,-563903.8563849702,2616092.1951970677,-263644.02417933143,7265.514621330284,374640.3828112603
141,7.720904908260476,78.58701396070784,27.81249707168964,-348925.3332202319,-1065425.2707745892,-827450.2359714956,-3352169.6095298603,-1633256.4757577265,-44420.104464593125,-4516715.363983945,-701876.8523403157,2976791.376357943,-84345.85471034431,-8803.19874273795,995246.238061327
142,7.920809033664673,80.64501710153587,27.812454090662392,-165961.07112348647,65404.77917405931,-624903.0661576627,-3097564.4825845724,-1473440.9077209253,-190498.26010933917,-3619235.3932380425,-388995.5354933267,3282771.57062428,-140630.26305386925,-3963.6389022067865,402300.79574198916
143,7.708838856914522,78.46263181123578,29.2708245826455,-257568.4238309096,-1103882.9039234223,-542612.7766312135,-3901111.380857116,-1802139.571936332,56573.77775136045,-5002466.893230898,-535715.6201010153,3634118.408946367,-47011.0685630334,-20920.737528063673,1050971.6854648076
144,7.932911154172118,80.76946116756444,29.270777813357377,-114932.61895697874,92326.49768463739,-363512.38064887276,-3621593.065496933,-1672161.9747758764,-45740.40977526096,-4044230.5460416237,-284648.16027125163,3942760.20439166,-64496.74352184339,-9582.085415533475,445113.9960525565
145,8.049553026339254,78.58799465274114,24.60417388321391,-444635.7518071067,-1034711.180975645,-859735.109520584,-2445058.781546489,-936270.0818921668,-159815.0864689778,-3457668.3623200934,-703104.2424691329,1821690.56248589,-153646.15592243322,149872.55924928095,951170.2350858324
146,8.255383687688006,80.57735869278761,24.60414798541182,-225030.83789517815,283184.13594692247,-974179.9399299055,-2175996.431892459,-741591.5716860748,-189232.7747658006,-2443199.136652731,-750673.2911626953,2277845.7859372646,-457932.17680089996,26141.176106135783,404121.03457045567
147,8.049587146316556,78.5880290343154,26.145836813301386,-479818.43990742695,-1174564.1827312813,-1058228.4968611991,-2878706.9237375995,-1531123.013545476,-93732.82899596069,-4211348.544783264,-855509.0027635791,2354246.4280469385,-128813.52893105104,23859.196613651373,998268.4933832671
148,8.255407456570602,80.57739225140065,26.145796378217106,-218868.8938660724,152317.1568482224,-883762.3116084135,-2617754.3898744527,-1321390.7194900168,-208822.34035578647,-3169584.5613697805,-567852.3493257902,2787122.862069307,-273186.1858581973,7059.534561714523,377347.19440742437
149,8.046679000304904,78.5595709681803,27.687497122550237,-353217.4901906855,-998579.6927182495,-829726.2996027982,-3501692.2987368265,-1749590.5504748006,-34029.0743150755,-4665524.504608672,-708162.090227339,3192163.1123242765,-88611.86740548942,-10930.333697572347,1010749.3640045673
150,8.25836592698477,80.60592339915898,27.687450823134174,-172198.4279277699,141689.50264157163,-621619.6396510772,-3252448.0562417754,-1587943.224908683,-186348.74387934245,-3775236.0593361403,-384756.5405632744,3507864.0349621377,-147940.40010756147,-4371.869685193448,406234.673460176
151,8.033838413485356,78.43527094196432,29.229157768725333,-248290.02815296093,-1006312.9093183974,-517586.13320418843,-4121453.385599244,-1941675.42094792,66453.29151015698,-5198271.175976643,-520001.8801623335,3946083.9854634297,-47899.671492634625,-21088.578544086715,1061546.5400492738
152,8.271246548022614,80.73029395548637,29.229107186226354,-116934.26820139658,185714.11074852478,-359772.77101494675,-3842423.969009299,-1808993.7964857824,-51029.19297372637,-4260736.797693761,-275974.9787889584,4245718.848014901,-67548.80842151718,-9682.843537826693,451074.66711049067
153,8.37789832720234,78.55296776089038,24.312507693174204,-436141.30583984486,-997276.2696427801,-833232.3800536509,-2470363.4916461376,-968184.01891493,-132103.78429544187,-3458540.807139828,-692911.4224233695,1884802.2740269217,-153100.4360396696,147353.13360370483,958273.7440399227
154,8.58994408788042,80.54168858242701,24.312480260649924,-222770.7879927151,331328.8831577298,-983796.7410877658,-2285405.394519253,-815466.1747732552,-183948.96703246157,-2550996.3197993943,-752623.8839180032,2428381.5577946454,-464608.74281145306,25895.23983375459,406421.15505362843
155,8.377935473335354,78.55300549587064,25.93750416094607,-470766.4811727338,-1128098.9692982454,-1044971.7571199187,-2938336.748972166,-1601228.8497214878,-73124.25918738704,-4261038.327387085,-853970.4389999823,2471171.55879617,-128981.31032469078,19754.74692227118,1009900.9056596878
156,8.5899698379961,80.54172561200076,25.93746079585582,-218557.44415426208,205539.59717363556,-901816.0860045791,-2783461.1478584833,-1456921.2726511108,-205835.6136047384,-3359988.4720960725,-573204.0304683892,3018358.5695792558,-279153.1666971195,7406.319579854891,384930.7890345239
157,8.375485437247667,78.52974087021263,27.562497190020697,-338294.1293523549,-930927.6181778267,-820151.8791376966,-3587298.997140194,-1826483.5680839194,-16663.086617509925,-4728508.385677706,-708051.7313244282,3347186.4903342556,-90791.44970875066,-12027.46668851272,1032446.3963790645
158,8.592475053954415,80.56507227256789,27.56244757623071,-170024.69644097533,208832.92241615854,-623950.3979810835,-3475365.4490445037,-1741519.7448758315,-183652.6655032952,-4011908.8013653527,-382401.18581277644,3809167.815172229,-152220.00943386732,-3217.769597427011,416841.15050200734
159,8.362259197835643,78.40548567327514,29.187490705890273,-219591.77217023872,-912793.3784791826,-486504.2888950007,-4256419.421925743,-2031599.5625272752,81767.74878753444,-5289079.389712573,-500602.8735869108,4170792.8237550603,-45920.46758147426,-19280.954915539467,1084200.3853440846
160,8.605745497405698,80.68940733711257,29.187436311510254,-109943.86920249359,267417.46096072334,-359242.99988604605,-4155724.1933129886,-1993509.431856896,-54855.90580112379,-4583120.9538286105,-269385.41716296464,4650736.962863758,-67196.45626059051,-7497.514117602797,466716.3714043711
161,8.706245386823822,78.51796044178916,24.020841465486413,-446164.68345388735,-992868.4037421624,-838050.7060614453,-2582561.22431085,-1048460.8424803944,-120673.62706960682,-3591985.9476217236,-700349.0133597375,2015251.1677239647,-154689.95234697612,143577.57584138497,958669.272837176
162,8.924502176847163,80.50599931178891,24.02081249458879,-218081.49931425953,361130.8147693141,-978056.389602825,-2301670.819314394,-848523.1049198608,-164611.16303894424,-2556348.4733993774,-752973.8388721411,2474315.238123748,-473418.8608506932,23556.86124517948,400266.7182090731
163,8.706285710655155,78.51800165213956,25.729171474588703,-481703.34611554316,-1114374.7410715849,-1063799.5036213587,-3108739.2832617764,-1748180.876720963,-66629.83091590457,-4480097.764729616,-868559.8551005931,2688780.0290217227,-130111.04227946077,13883.582626023279,1010772.7558191
164,8.924529956660834,80.50603995327171,25.729125145536408,-213527.3054563076,246630.97706983238,-899045.1931538967,-2839988.2470991346,-1526441.956920344,-191286.2604247675,-3417740.602618497,-573723.4421721417,3125522.523250266,-287004.3536666162,5127.932098608486,382883.4330386925
165,8.704342654139756,78.49992579646354,27.437497219827964,-340529.41014755564,-887142.8559662461,-833919.5131903525,-3815956.9405587283,-1990407.730103685,-10703.001186506217,-4985116.946461449,-720007.7441744059,3643532.911331701,-94735.75959250302,-15692.096092139553,1038755.658077753
166,8.926533510805651,80.52420709822348,27.43744426193454,-163572.01254296536,264778.1939097832,-611789.6592946897,-3558975.7349711065,-1816076.2061266361,-171866.65937099408,-4086092.714641775,-376826.3449321534,3952335.581646056,-159983.53784760323,-5145.00787189897,415378.2719386424
167,8.69073124737532,78.37571809633171,29.145823601016847,-206857.96369304054,-844072.6229414489,-469922.91258510854,-4584369.428462115,-2227501.6187705677,91870.77269800568,-5622200.604088962,-491933.9868865057,4593281.09175587,-48804.49076937353,-21971.55215977619,1084666.0819819444
168,8.940193732235016,80.64850460615206,29.145765343319265,-102375.77490093365,333054.6618032793,-355785.67739721085,-4286504.9221191155,-2080596.0729723328,-55345.8902648105,-4704742.550650119,-263512.3577793258,4843148.117934581,-73153.91694715849,-9602.894051051282,464538.2858199125
169,9.031253919617436,78.4812433442197,23.7291754817444,-454088.56909855694,-956954.345510171,-825467.3424390389,-2631453.2920583882,-1101910.8412586525,-101410.85892987227,-3634959.392968307,-699108.5084842399,2097557.6444047787,-156555.57442773873,139323.9497792274,961291.2203463649
170,9.261930537855228,80.46787940423044,23.729144938084783,-221566.21670214608,414122.30436938035,-980005.5983444611,-2350101.8396434393,-906005.1432981065,-153152.59350916324,-2600926.58056488,-752537.0015037351,2566014.071391389,-481413.76881868276,21938.73821004497,396609.899007493
171,9.03129756857452,78.48128814348284,25.520838554337605,-490383.0454707849,-1061353.5412647894,-1061763.8994797105,-3209421.902061946,-1857344.4612626524,-55339.345918589555,-4594174.31866239,-871473.6321944145,2852147.4646415194,-130433.02706851672,8578.715501272703,1016669.0055155095
172,9.261960422456713,80.46792383794207,25.520789189209864,-218534.15650602238,313672.26393577835,-903677.1559654012,-2942381.353802796,-1634254.6826989923,-185960.9155920232,-3533709.5083304155,-572402.5846272788,3297573.044422049,-292890.10396395903,3780.492591135036,385051.5882430306
173,9.02984550184688,78.46840313302015,27.312497264879482,-344468.43054746056,-803053.1461971697,-831349.6791981416,-3961609.5476677446,-2111406.6145931087,-3225.958517330103,-5126006.754470022,-721134.4088282064,3868269.907355457,-96771.82979863536,-18223.452451742498,1051638.3312384428
174,9.263478559705586,80.48090973781217,27.3124408934399,-168200.04298206046,352089.4192333835,-602902.0886904543,-3703073.80687243,-1934527.589384302,-168193.96014035132,-4229135.709425536,-368539.7539524439,4178662.750938849,-165100.866476388,-5410.540677313304,420805.7034297341
175,9.01546102524115,78.34428818506646,29.104156760005395,-194734.49507617636,-724061.6722525791,-439871.9695639253,-4802424.023086702,-2371298.064469288,99743.68842421057,-5807235.1434994,-471025.34572391416,4919592.3523306325,-48963.109799468526,-22566.66247142893,1096283.5019400371
176,9.277916534777638,80.60512492474743,29.104094533747897,-104142.54782171015,442077.93455955054,-349261.68655942107,-4502301.391036353,-2223062.522066943,-61224.47260233333,-4912931.906609895,-252106.7467516301,5153712.353539945,-75553.16055224446,-9374.982052772793,472345.43368631776
177,9.359134826760831,78.44211458169823,23.437509267713637,-446001.013453212,-920186.1487591865,-800392.007307909,-2630059.4149893727,-1130780.475031035,-72781.8249018457,-3610963.0772216795,-693162.8501655617,2137546.757866932,-158850.3645618772,134591.29357477534,966598.9859835913
178,9.596018559805755,80.42802992961498,23.43747720899711,-218001.76945280746,468123.90305169084,-986550.8506617021,-2441488.2215357875,-983015.1143936107,-145709.60296833675,-2691015.016524162,-752592.8580307662,2707179.1574921096,-488633.4695668045,20923.861782541513,394004.7296746496
179,9.35918198499627,78.44216313595284,25.312505914012206,-479729.7633323485,-1007758.71268467,-1044022.8803332768,-3252326.7838839516,-1925589.4324020448,-34216.484813042305,-4624527.189503833,-868235.2197815918,2961251.0529351286,-130464.35108570805,3738.136605057629,1027483.9027752632
180,9.596050643449551,80.42807828663885,25.312453536047325,-215819.2239926407,376115.26670263236,-916907.0818006605,-3102923.3426414635,-1780134.8474091797,-182920.53250349284,-3720719.5365280593,-573788.9236947809,3537897.4211321715,-297750.26949488424,3480.588439774376,391066.6090996156
181,9.358301830930081,78.43446049813468,27.18749732854153,-329238.61148796,-726938.2432119208,-818241.79820226,-4037705.9643236254,-2185070.8190003824,12687.810801868985,-5175853.703143122,-718110.0856495155,4019545.1358904974,-97256.92871886234,-19349.775101015766,1071896.9241012938
182,9.597002486582024,80.43589216990081,27.18743756449482,-162395.78517489354,431402.2239469379,-599715.7364062546,-3920802.013175599,-2098043.0374457273,-164886.01095752695,-4458842.120332255,-362190.6545455171,4490323.477243562,-167933.63370508217,-4145.008595174932,432416.5275016179
183,9.343532574731045,78.31039628612707,29.062489693580034,-163324.73631773746,-620812.4916645297,-405801.93156932306,-4923559.959441426,-2456481.722273476,113763.90920953198,-5878874.926677211,-448371.47053283075,5137307.237658452,-46383.891244063074,-20965.485066663834,1119574.9356733428
184,9.611830053252003,80.56006805862985,29.06242349760477,-94267.26947258908,539842.324679767,-345200.31583575765,-4822451.43910709,-2422647.3995723655,-64635.46064347134,-5239828.368174125,-242257.06638095877,5582460.1739265025,-74375.45273942206,-7118.438131424772,489554.0499325204
185,9.687017941632408,78.40300528182966,23.145843031582793,-455289.77380286576,-911088.7566344454,-804766.2731317471,-2722587.079458118,-1214154.284070272,-59372.09309453293,-3725033.8140724283,-703293.6449955616,2257182.6554989307,-162889.72619065444,129111.56167134564,964852.5881087633
186,9.930104201672258,80.38816119198503,23.145809474819703,-213314.26388817962,497971.91019380355,-978122.0336830076,-2434172.274727652,-1011100.316436858,-125229.64394049151,-2673373.107499908,-752122.0766558563,2732030.7967783804,-497174.1181418725,18370.902282668136,384008.21395502
187,9.687068774476108,78.4030577430145,25.10417324837783,-488211.5738376571,-982380.7611581977,-1058720.214479442,-3417641.244037985,-2083312.0896491988,-26793.12443203439,-4838737.739493391,-880792.6668629559,3190217.8568810504,-132060.6271774467,-1920.1487602573184,1028062.9243629541
188,9.930138584825288,80.38821363194647,25.104117842768034,-210043.6651059103,418934.95666136005,-911139.8639701663,-3140978.7981400564,-1844299.6100435539,-168408.80906851852,-3759483.375554236,-573030.0351968331,3630264.8383363527,-305795.0597053081,1123.7191172999715,387501.28279514407
189,9.686809183921941,78.40053212403194,27.06249735717717,-328850.54083635425,-665302.0055280809,-826631.6616150228,-4274232.668898652,-2361084.287520607,18373.11841781335,-5436104.633843582,-725699.9908384937,4341020.416702618,-99762.90132399098,-22727.50589063823,1078078.128456736
190,9.930475876951931,80.39086140114777,27.062434169115747,-154235.59060710072,487519.12825314817,-584829.4912080866,-3980795.958257104,-2166990.214391135,-152677.8350150937,-4509012.412265851,-355323.22510355763,4612789.683807372,-174684.18559176486,-5816.0499437847,432418.8770796957
191,9.671655656111227,78.27652121786569,29.020822599271167,-145129.44401928483,-528393.8893553221,-383012.6090946806,-5267016.582069394,-2669612.4817067133,122507.13088808558,-6220630.448308444,-433196.27458421607,5597290.780423373,-48849.091873624566,-23982.28060589498,1119590.9832733525
192,9.945693007687586,80.5149959478855,29.020752373540443,-87527.98887190857,604076.8833059601,-341809.9398499466,-4931889.547650209,-2503986.6636298876,-64681.08882527263,-5341409.914335876,-236932.2224583464,5753081.091378327,-79317.07685657311,-9264.222692547213,489456.4543493104
193,10.011541460925319,78.36222859294254,22.854177041705473,-463229.07416157256,-870513.2044595042,-791104.8493468093,-2749366.0910767107,-1265659.5145141832,-38880.98121462867,-3744741.3210917283,-704639.3844425195,2324533.5775663615,-167687.32491025512,123259.73161317242,964189.3968998687
194,10.267029536422646,80.34582647120743,22.85414198124247,-216246.83074752026,555898.2385638189,-975566.1327978298,-2461623.892960504,-1066338.375018451,-112054.56814770805,-2696045.265211488,-749715.2954032854,2809845.8356332434,-504843.0661299476,16455.667610307595,375338.26303072274
195,10.011596155992063,78.36228509117382,24.895840356288932,-495967.65909497265,-919867.6768028897,-1052738.4932309797,-3506171.0381410336,-2193843.41795634,-15942.41981069416,-4939225.880816309,-881896.5201777319,3352548.5718651996,-133668.21704433946,-6536.180121566759,1032387.5345978945
196,10.26706636324992,80.3458831940799,24.89578187126719,-214380.2900163027,493817.50957615697,-912796.6127067059,-3229848.5976013173,-1953005.4602557619,-163095.02879913128,-3861767.6920939814,-570281.7256117032,3798690.0245588315,-312826.5698210312,-83.87443872628685,388284.3103605297
197,10.011648920303266,78.36235075330254,26.93749750088756,-359500.4175689011,-574504.4754423609,-824857.736409806,-4432102.730730305,-2494756.83860496,18732.432921112984,-5604951.328318098,-728691.1296535039,4574779.828550535,-101246.19601999788,-24954.068600143884,1089894.384415157
198,10.26709761934184,80.34595093410003,26.93743064041811,-134970.86874293847,586616.8176588202,-570852.2899347164,-4118971.6610280373,-2293542.761496945,-145006.55297600472,-4634417.294478536,-341568.0278438908,4856778.981303591,-179974.77427405468,-6947.442217003267,436160.2690262913
199,9.995723867890923,78.23844317561094,28.979155875764746,-165698.9339271029,-399844.82099240395,-360804.60198529577,-5501111.146253645,-2830810.057217651,119396.6937972729,-6443067.709746436,-417110.70172379253,5933830.054565427,-49326.85045907861,-26303.32137384969,1126959.8750695826
200,10.283091684414465,80.46999452990667,28.97908133865472,-63313.88381385757,728509.930509373,-323599.800968859,-5147202.869364282,-2655979.6015408672,-63361.83998372581,-5532095.91059459,-216653.3074590732,6090345.463780319,-80463.26395795823,-9445.665370224215,498604.1951248547
201,10.338906754355373,78.31900488071324,22.562510800283206,-455743.0539657347,-832160.2261958522,-764252.3450954333,-2724609.786048908,-1286676.1145676451,-8398.177718632815,-3694998.8418787206,-701732.9374332589,2344576.154054959,-173950.54377758305,117768.95119728199,964761.0138743323
202,10.600592931609592,80.30180431501122,22.562474347839366,-210897.94548646364,618210.839480008,-976077.1061368916,-2533588.2723192396,-1141866.490162008,-101343.4342796543,-2762944.44084445,-747457.5123998484,2941637.7411009516,-512104.1332362123,15183.388759016376,366577.43735097256
203,10.338965575418495,78.31906561642586,24.687507741599738,-484145.4760775793,-862442.6834407173,-1031425.323272216,-3531871.539895564,-2253851.519868398,4986.848087234994,-4948712.033171322,-877521.7738063594,3448220.3241871707,-135468.37055089034,-9807.68482347975,1041203.697434053
204,10.600632375211392,80.30186547126581,24.68744623397794,-209635.79343536095,566034.4745059359,-923426.0738897766,-3382357.6057693036,-2105650.715359117,-158685.39668672523,-4041029.3383471793,-570743.917929968,4044745.8634579442,-319693.4101307483,-279.52753840686375,392269.77246144705
205,10.339022500876304,78.31913715251784,26.812497755139145,-345314.27153807157,-495625.66129940003,-805962.118851898,-4516359.771602801,-2578090.0871535293,35249.09533256648,-5665671.164527785,-722828.1466003893,4741597.2594388025,-103525.17655523702,-26638.148131150934,1103457.6771664373
206,10.600666102911134,80.30193933525338,26.812427074338625,-126791.149434499,674543.9444280288,-572046.4032384442,-4355497.10618244,-2481720.05093013,-144336.45529869682,-4890824.6928485595,-335925.5825642834,5202456.667167928,-182772.70886261546,-6767.377849424835,446572.836720178
207,10.32271374104752,78.19528591452308,28.937489018823015,-141674.47894907984,-296227.0660120704,-334174.985705816,-5630996.778570098,-2929051.620531691,128111.85495500833,-6535182.205063108,-398077.98196171375,6161183.6563578565,-47717.345402621046,-26971.5046798919,1143117.7938672905
208,10.617049454735398,80.42593976503734,28.93741001128501,-49767.94499246581,839733.2247982254,-310150.66617807676,-5495160.577019272,-2883237.0566696515,-63172.57909968656,-5886703.855679125,-201407.2269266453,6567925.696233451,-78611.48812770654,-8060.088208511047,515763.5921293264
209,10.663179785320128,78.27623817689353,22.270844438179797,-468445.4030134125,-816363.8834234945,-772369.3750553799,-2842225.2965820413,-1393406.1533855929,2956.4373732288436,-3841580.8073085044,-715953.9413706139,2500356.0871868306,-182718.79684279545,114815.27837369095,955563.5979964061
210,10.937247612652996,80.25732482850441,22.270806689302308,-202602.3208958279,651205.9453085377,-952810.7673129356,-2452390.7913626023,-1130965.7151268553,-72282.43393595908,-2654134.690289184,-743620.5168257602,2893548.0642147185,-521857.87891496625,12736.71444567349,348987.4673317242
211,10.663242983677115,78.2763033135097,24.479175074544578,-492162.473882533,-813076.4323884507,-1050963.7075359356,-3751821.3664181414,-2468666.86864201,6834.097313579293,-5233046.786924447,-888163.3712826247,3765007.5444001514,-139437.83062663223,-13977.52001379631,1034389.6114978262
212,10.937289878129265,80.25739067861177,24.479110528399342,-198157.62122397943,616288.2068170955,-903926.8186432323,-3333800.790786919,-2114419.0100202337,-137616.107522689,-3967354.3315147823,-566113.3207281893,4047671.4191928552,-331223.2083841816,-3327.6708361084134,383713.3562180579
213,10.663304179358136,78.27638099814179,26.68749796553127,-341920.9448293481,-392240.8690082591,-808983.8341615886,-4852379.575980842,-2841343.0789195974,37079.520708657976,-6036880.374247717,-721705.7783527689,5215440.504601287,-109187.94982386255,-31926.19923128604,1095443.206205436
214,10.937326217686358,80.25747102381835,26.68742338879018,-113314.02931835293,739729.1589145479,-552854.5481465405,-4334575.96732532,-2504813.989665528,-131403.7384560824,-4841913.0880798055,-326185.0537223633,5241658.723251823,-190938.44071638948,-10802.530111610882,440745.81760941027
215,10.646225572518501,78.15264362029127,28.895822104763866,-122320.85387973893,-140812.9602275779,-308806.58641535713,-6125558.803143066,-3254523.3669557986,129333.95686956472,-7035089.7668705415,-374930.19229318027,6838079.558641046,-53951.55498815859,-34104.31751590977,1124146.074192856
216,10.954485484337928,80.38137145278951,28.895738540464873,-38036.548318494926,917654.664870174,-294060.7294751109,-5486224.824756222,-2901537.358575204,-58735.44689783692,-5843147.18789389,-188997.65833819908,6617702.233308659,-86588.59892941965,-13146.477146556092,507274.82135077275
217,11.14871535820389,78.20593327475552,21.979178463860585,-188847.53517405936,-429749.7562871076,-361653.93890191044,-1381579.2857490408,-539914.8231211879,214031.74140068196,-1745983.8797076247,-483640.0842728823,1249372.7336174292,-192258.61021313324,117541.75042759285,973502.0759379005
218,11.441346101190524,80.18439259705161,21.979137259413335,-192053.93074027752,239161.10540491136,-823713.950608784,-1242473.671428146,-440838.5511213734,63097.092196397105,-1354006.0034446637,-773534.2631659036,1350933.4906664174,-548550.6700204671,11071.030551066915,336727.04544499156
219,11.148784409838926,78.20600541491143,24.27084221751654,-169101.13147029938,-439138.3882482362,-584413.968442564,-1825190.8026435152,-1030270.6608157558,192474.45167015825,-2376096.326503886,-648545.932016806,1831988.7703595927,-147412.2482100549,-19926.072199006318,1044317.3324537047
220,11.441392017925834,80.18446602547564,24.27077220490527,-157134.42457039247,222179.6608975915,-698682.5658996002,-1691359.3002103728,-907095.8349825416,-20164.45704112969,-1995185.4962523042,-548533.0325998678,1910081.1992797707,-333645.33712124766,-1843.247587897078,395175.9965266028
221,11.148850976572596,78.20609178798004,26.562498069332023,-73621.8126997365,-248066.95290005408,-502661.75860235695,-2349995.0762570165,-1195287.3513086669,177789.84264405322,-2773126.93502545,-557950.5884080152,2506726.9992313166,-114555.11173697279,-34782.24583729798,1110052.2794531505
222,11.441431708001646,80.18455555322315,26.562417441352164,-96009.3202370482,282595.3499088591,-450376.21865236515,-2192216.785268424,-1093661.7355869513,-47246.35675479371,-2430450.341583814,-338975.2664075927,2505635.419010852,-190055.385556052,-9051.88021129153,464439.737488798
223,11.130617028998318,78.08252783980429,28.85415534865784,109395.96828275963,-101989.06046766171,-167075.9891915003,-2943361.7543419027,-1411083.7102569656,192274.2242283744,-3215002.1155632962,-265309.37756859104,3320642.4117554845,-49820.024258273304,-33248.54051142003,1155921.5815302604
224,11.459753887229432,80.30830146522666,28.854064878432776,-98340.67722777149,347399.020993395,-357957.6586528126,-2844402.230875483,-1324927.0262171475,-49517.65614944978,-3069917.133460829,-272674.1294833014,3233691.948056941,-83418.21096059367,-10842.977740662081,536176.096406503
225,11.804795766169269,78.10677633014024,21.68751246416501,-196266.0260620106,-428334.9186740919,-380278.07950979925,-1445664.5646981031,-601827.3721462777,235865.90435455885,-1822610.7637213296,-520085.1157944236,1337816.8552698519,-207196.77435702248,128968.00106743135,1022316.720108169
226,12.10360582827936,80.08432143459268,21.687466008647835,-209796.88472024136,279211.10861617833,-886830.4926762928,-1327515.5312270226,-511995.2051661165,77151.2104777779,-1458389.114634078,-827750.870621358,1468723.7164750807,-597442.5679739988,10976.621261497932,336527.3519561159
227,11.804871965618256,78.10685881902683,24.062509611018246,-179863.48168819468,-404881.8499991893,-604877.5696652215,-1929246.995099847,-1132020.5823625815,206466.56627703834,-2500268.063638504,-675862.476990328,1986507.6392762263,-155379.6150121494,-29560.908905087617,1056281.0814671407
228,12.103656266461721,80.0844057392739,24.06243180822971,-167043.66422132732,266876.2746349923,-721210.9449800127,-1829724.4673953592,-1031503.2153918666,-20399.486766680235,-2168269.006759748,-558106.2392023558,2104996.9113957556,-334445.01389636664,-1652.6751519463185,403074.20585573686
229,11.804945206048544,78.10695681661774,26.437497986934503,-75930.18253790066,-192283.58338859357,-509266.5963002993,-2498112.527208827,-1300238.5966407736,187961.27952932208,-2921954.5731622246,-570614.0115921608,2715088.222527592,-119950.87273232646,-37663.45636887703,1127544.5123850745
230,12.103700129634445,80.08450730453421,26.437409227810623,-102406.75100826552,337002.14973257785,-462030.1104851586,-2383780.234334594,-1225670.064508801,-46772.50375522604,-2641193.320977912,-345898.5132871832,2759657.1225042483,-190679.48825874712,-10203.289026038416,481801.2431773044
231,11.78633088402656,77.9834620812236,28.812488204312857,122883.54292756658,-29374.40821895449,-148205.10298247266,-3133244.0596138374,-1535334.148709467,204811.98494468888,-3390257.604093578,-257567.21649740453,3593128.8523171204,-49294.73487252709,-35582.76707443271,1177049.4762044023
232,12.122412043549938,80.20820851607986,28.812388542673624,-104016.58105822417,411624.56020688807,-366702.28388196556,-3107099.7137708524,-1480975.6048693943,-51046.185554227486,-3348746.0117038703,-277366.50660782953,3567018.2135783983,-82572.74916895687,-11160.749810899499,562020.0955804506
233,12.460879228206494,78.00763859187192,21.395846566002195,-204516.26846800846,-419904.5863681825,-405872.2694886741,-1545253.1460783386,-673646.2246822409,246479.00796340467,-1936346.2727018502,-553872.8420724508,1459925.9904494358,-218995.35524635168,141047.09962546124,1067075.6369058066
234,12.765862492292746,79.98423124275213,21.395795014171036,-223312.4622595243,313737.0972574689,-951162.7756727507,-1386858.270246031,-558134.523632258,86794.99056417863,-1532682.9971509853,-881193.2733423149,1553138.1298184935,-653461.5412854519,13593.122714879239,330696.26525638055
235,12.460962240969337,78.00773252962591,23.854176857209808,-197545.1756246983,-368923.3809395131,-633705.6041033032,-2072084.820371021,-1266552.6104455192,219437.344802351,-2678717.308031719,-709836.3496099117,2188379.4969741157,-165497.894761738,-36999.46402488443,1070440.3635227396
236,12.765917673739104,79.98432738833411,23.854091145961124,-172757.55280049914,310018.8140776382,-738155.4424263466,-1923683.2535969552,-1125207.0482986763,-18195.056519783528,-2284919.4392006956,-566170.8390253357,2250196.0970768244,-339650.54745520186,-614.398949677456,403997.9907694004
237,12.461042547544555,78.00784305380257,26.312497676485236,-85663.7628811291,-128365.39728357915,-519740.2133332125,-2698857.9286699346,-1443029.8762750742,195487.31714756452,-3135881.882106545,-585544.9438622564,2987657.4524708805,-125690.39380845803,-39335.11683129416,1138999.499050823
238,12.765966051259177,79.98444190698406,26.312400628578366,-105277.51021558428,386737.6051098452,-469063.1390693791,-2518276.4339892627,-1323536.6714798901,-43763.31700900781,-2784641.675645205,-351465.0724773887,2948503.703947476,-194174.6132966134,-11336.983810169037,489755.97231145634
239,12.442048581544894,77.88442090445346,28.770820871515564,129453.83104296641,56050.986056304355,-128862.93144169112,-3398724.4860959584,-1708975.8872250163,216635.99793994485,-3651909.1239078995,-250612.36160936378,3959163.371174843,-49091.95927830221,-37531.360128825196,1190250.2279120255
240,12.78506768910918,80.10809680798641,28.77071177795748,-107490.51135914735,466744.4296024739,-374454.1260868396,-3291340.4202116407,-1595565.1829046274,-52162.23274455897,-3542217.997218331,-281647.1761691182,3808664.965543937,-84908.55588370406,-12361.852759968378,576962.3276735115
241,12.945507221601803,77.93132716422116,21.10418086631513,-532541.1304950657,-645096.1732072078,-871615.6105080588,-3332888.69853635,-1978564.3917797096,52336.90147117532,-4488191.733878954,-829016.9995354572,3267955.8192040804,-228986.94624326288,142984.24324197587,1087107.0716410023
242,13.269000447285988,79.90494537999001,21.10412637000462,-235918.56089423102,1065518.3640899707,-1149090.2831408756,-2885614.5575591642,-1659554.493677405,-37366.17879401902,-3179902.4504285497,-858157.5089296268,3718569.479413039,-686870.2231175974,17515.114049958047,330718.65168195957
243,12.94559578534272,77.93143013277725,23.645843976484326,-532988.229407804,-362177.4716541626,-1131124.0572601832,-4590061.907251027,-3466055.6848999043,33223.766542516525,-6302149.5281638885,-944499.5002667513,5220359.270108491,-168320.05206231025,-40369.36004642243,1082328.2011175915
244,13.269059903149785,79.9050509864278,23.645752635843344,-214692.30082324083,1108230.4575668252,-971435.7941566636,-4102028.0469907997,-3019557.310165256,-148863.6188800504,-4945782.555743264,-552868.5329239649,5420753.45125415,-352978.1277765141,-2504.901953899383,392570.05094328313
245,12.945682407904885,77.93155125283039,26.18749765061306,-338381.5450428852,296462.5001729866,-778880.9032225558,-6100508.767949906,-3923395.2587979273,44568.32095707614,-7329973.039689061,-689923.7821345177,7199096.873731123,-129665.71321978793,-41633.14408366366,1142742.562151622
246,13.269112487934388,79.9051766834166,26.187394244888104,-117302.79915790464,1338404.108368477,-540440.4793745775,-5466461.849801939,-3481320.0643083346,-147249.8395170002,-6060647.887210683,-282429.3467307328,7023738.063777408,-200943.20621765006,-14200.94547489678,486349.77091312816
247,12.925537211227475,77.80832630088318,28.72915403186751,-40031.725457456894,760525.450201562,-127695.36046380422,-7812449.33603879,-4533184.971740059,145498.24317314016,-8626806.635835068,-231920.19972933625,9451525.199844703,-53478.967883128884,-43032.5489291737,1179846.806032782
248,13.289374629022618,80.02865731858482,28.729037592786735,-24869.51009346632,1650745.7601787956,-225739.1638760763,-7035800.586097143,-4029050.542321962,-80497.51091116229,-7405073.191178825,-106275.05845623091,8911485.33584431,-90226.04765591014,-15583.185302935522,578103.5416564039
249,13.267935400139972,77.87635450441644,20.812514749049427,-501904.92579862406,-565178.571833857,-803247.6291614478,-3222017.7573960223,-1898435.1498139822,81516.88079072522,-4277752.855808137,-796755.5608637102,3204177.2898779195,-233817.0311288876,138641.97353040683,1080314.8283440156
250,13.603763448182114,79.84795109936681,20.812459562928794,-213955.6871450357,1201961.9588147178,-1137018.6697986752,-3005675.621314081,-1757656.5442381215,-34506.99124836618,-3266028.0494309263,-840214.2234920528,3957229.874793986,-698180.5653853337,22602.890281254706,326853.92919452547
251,13.268028634473575,77.87646373827708,23.43751152893158,-502299.0204397813,-277481.4967278637,-1076180.178256788,-4470154.487161094,-3413871.0783918765,64698.808535919925,-6098896.013835613,-925797.2658484653,5168732.584259645,-173441.9504013054,-37516.87351235076,1103931.4899987672
252,13.60382665078685,79.84806324206382,23.43741709414164,-192873.5262651766,1276154.7152151735,-977010.7735738731,-4313217.606833934,-3264057.1706056846,-144983.88794995428,-5184240.015491657,-541208.1522743752,5831718.583142158,-368324.7107748717,-849.5245883319724,395458.75675925077
253,13.268120727958431,77.87659338142369,26.062498009825003,-309258.1274783326,398460.4750993983,-736684.4322288014,-5988646.452685149,-3895746.9896058524,69386.29135158185,-7144191.218379305,-672431.2690500884,7169140.402821656,-133561.58762009334,-41139.97569136746,1159722.530690491
254,13.603883021684187,79.84819789020644,26.062390386032785,-86659.65527848265,1541080.831079137,-521189.8327781718,-5804528.444717546,-3786847.054170982,-147847.72479672483,-6406363.509130574,-253657.63365465557,7593252.485807715,-201250.0764613609,-11389.378398386261,500992.4266842573
255,13.247209743998082,77.75350395391882,28.687487258524065,265.00385987589834,892199.4385384955,-85998.52357757685,-7673961.456783914,-4490070.0631027585,159072.67435262378,-8395010.58422718,-202649.2761516297,9404125.779199604,-48776.80724255547,-41116.790749204585,1208137.878948589
256,13.624919274376724,79.97156182026534,28.68736584616025,20781.817165538727,1919850.4127502956,-177597.3138648552,-7552406.307508414,-4408515.401753339,-79791.1555306913,-7893758.455703872,-57295.590921945186,9714088.962676797,-85350.5259738715,-11573.007027171332,603196.5693414956
257,13.590376514098127,77.82145915585102,20.52084850910286,-504105.7140956888,-513413.60014091263,-797680.4361829085,-3355723.9781600675,-2017823.1424983677,83875.34773623492,-4427493.696272069,-793653.8944991601,3405947.840351719,-239545.29915474917,134680.7838399828,1060029.5889877763
258,13.938513008390938,79.79087984463503,20.520792417247314,-204403.67684695765,1218159.4287801902,-1099283.4497419223,-2900136.3286316083,-1701336.7453418185,-10343.662223800653,-3118687.711973668,-830627.2007951596,3863787.2149601374,-701881.6052219043,23922.613700548016,313726.32113825623
259,13.590474630751785,77.82157451639691,23.229179049020253,-498661.16556629934,-182190.1045594189,-1085689.1023366295,-4703103.141423106,-3679271.137008588,66377.45295586044,-6402518.049339765,-925731.0620998718,5561708.738977289,-178306.55648768457,-38250.94561923682,1101892.0688929553
260,13.938580027762743,79.79099845161994,23.229081526707663,-182302.05494910892,1316925.0027875928,-953804.4411483118,-4202842.314189914,-3217490.116630781,-120038.00532791375,-5032223.237584917,-542063.4264054729,5755105.170680562,-387288.4099545372,-2912.7719977355578,384830.9969704501
261,13.590572245263703,77.82171298685506,25.937498313730934,-289913.81231162103,573181.5490814506,-723333.5419236772,-6349661.426139135,-4230092.502440265,71873.78698006709,-7537933.390378666,-655801.2696287936,7753668.854853613,-139946.35428673227,-44959.873150999214,1151699.036339986
262,13.93864036017301,79.7911423627331,25.93738644712529,-73869.39617594035,1596433.1352888662,-496837.400398769,-5701937.830987955,-3760553.598533299,-131130.4862698154,-6266252.838102905,-245707.0375902475,7537686.214407312,-208657.62090910724,-13895.17566976081,495603.5436941341
263,13.568897142730412,77.69876892814662,28.645820396005174,43894.079434136045,1155126.3297602842,-35581.53871975769,-8230217.65242504,-4907841.965352775,160760.8191380723,-8935544.546226935,-156144.61293945363,10255128.029641053,-54428.55676945245,-47210.1628496335,1190443.9097049688
264,13.96044926119565,79.91438034233758,28.645693991097268,28362.89716692979,1983374.9790660015,-161755.93168019876,-7437280.854847808,-4365558.722018404,-72946.92621661143,-7736969.118659238,-48960.874909824954,9635911.938121796,-92951.1611057527,-15983.138326129652,596452.9307993922
265,14.072934280074858,77.73300033880862,20.229182771009054,-242399.98680051145,-307869.6504632224,-366935.1558974346,-1630162.4175875825,-769412.6508275869,277356.630802465,-1991943.230878456,-557052.4926748835,1631790.9303921715,-238810.96037766937,133939.08549714673,1059583.5376577568
266,14.43952214008066,79.69909968261388,20.229123041651626,-253115.22820220146,468167.47518860176,-983264.4939895128,-1460145.6676836265,-652270.0387968484,107805.75038945946,-1595073.0615009323,-909852.820612665,1736713.6351104854,-714270.9070410457,22229.042554562333,303329.29398132587
267,14.073038935336495,77.7331248242947,23.020846521895095,-237636.58727197154,-193822.68606776188,-631780.7043172237,-2263121.1931268866,-1509105.3106802993,251718.53985242604,-2882212.945430446,-742279.183763805,2561252.1515372926,-189433.1232411646,-42090.60870311975,1106898.4386895928
268,14.439593969910463,79.6992280911281,23.020743159325026,-213131.9937061177,515219.431163998,-775289.0214565238,-2102878.1270861686,-1358064.3936632504,-563.4528737375878,-2495404.062082703,-597178.5525245094,2619381.0306085683,-393062.0606757926,-290.85397417945114,396207.18973731017
269,14.07314341339099,77.73327534635963,25.812498600723895,-133105.27267855307,131519.4594619957,-504420.4461387212,-3023820.289780835,-1751481.030616678,219280.81399734147,-3448268.6006272337,-601181.8155686688,3543444.1568406243,-147486.14747867166,-46161.593164042046,1164696.7567966704
270,14.439659494714748,79.69938465593522,25.812380167552345,-144558.02107997215,639106.6616204842,-465531.852853328,-2837125.3201583945,-1616309.384364077,-40341.37292911725,-3110476.5204087403,-349827.2598555645,3489320.5679514883,-209234.81338840586,-11619.904399957937,516203.7813460724
271,14.05032156414941,77.61055155235923,28.604153752944956,118388.21507008479,428632.0892978659,-58753.501489040034,-3882192.4656843375,-2090883.4263143355,227334.3026358622,-4062016.126538322,-208652.63773471263,4758935.567151945,-50190.23661412185,-46443.96955263563,1221757.028688804
272,14.462626012851914,79.82242841521585,28.60401981071324,-154285.63374012188,790831.1395722183,-355517.7992240045,-3798219.805893182,-1953978.0927136084,-62500.936650533105,-4033063.2109156195,-261749.97116000543,4575840.888683718,-89355.16673240106,-12947.418595335783,626210.1918795814
273,14.724835629064637,77.6093172951143,19.937517053483802,-249587.56782020722,-287881.9043531476,-374576.7017468866,-1689662.3572290556,-842294.5777534893,290270.87437156774,-2062145.8826111716,-580160.0344922115,1730259.7431831416,-243454.7963925906,138977.54506122734,1084612.9518609517
274,15.09756427626173,79.57427162657655,19.937451565391495,-266721.5121082278,514350.9814023917,-1029926.7074385773,-1545318.219808999,-742745.1813547472,117732.20422650174,-1709099.7024331286,-942483.2717616543,1869285.7360503697,-746777.6597702872,19246.69532265427,304874.70787721843
275,14.724948412014607,77.60945469588866,22.81251431877466,-247358.6285493992,-146259.5534062277,-645854.9458462502,-2354560.3171153893,-1613676.0871425353,262718.80120459857,-2994293.8967305273,-762862.6744480543,2717683.443376706,-196107.73148193178,-51566.698374190324,1109478.1838341975
276,15.097641959885815,79.57441355744369,22.812402491902347,-221500.3778321967,572786.1416048087,-790811.7321537801,-2236527.9895644314,-1497831.8590330032,2671.782894623142,-2665990.76561272,-605426.9331083526,2831891.7303399043,-392504.2743608153,-572.2274800731742,406846.4837692303
277,14.725061359373333,77.60962081384648,25.687498744051755,-135033.74349943415,196514.8168132641,-506822.09181802685,-3147143.5326659586,-1856611.5488517275,230065.92014383094,-3572751.763569055,-612037.6088294401,3739448.353894297,-154329.93068563304,-47272.66228935108,1179418.2554897158
278,15.097713923466248,79.57458616611046,25.687371516356713,-149985.53734428846,712864.0092627059,-471741.2465282552,-3019412.538123693,-1762218.6000243966,-35464.980836548886,-3309558.5996258613,-356921.49842543044,3757617.3234414537,-211389.14029405115,-12072.648046851602,532335.4358482684
279,14.701863749302792,77.48698504664395,28.56248673951914,132984.3359066634,512496.50749709836,-38050.911706500745,-4040094.7175066373,-2215570.032530944,240435.35418877873,-4205073.526651873,-201131.76322269608,5013635.221571831,-49885.59037930221,-48739.43761924562,1242010.5991577446
280,15.121069974634615,79.69757503458274,28.56234281594476,-159223.0904315564,880279.2616201788,-356974.39981705166,-4056237.8397961976,-2129593.7173415706,-60385.455484165956,-4303668.98623184,-263808.3410553717,4931559.0986587815,-88082.14062778329,-12532.154609454243,653575.0192842341
281,15.376740579103327,77.48565368122306,19.645851287587448,-257768.21784015856,-261993.93496807123,-390249.5151243383,-1781732.436482742,-930129.6763431062,296213.05969002866,-2169430.8288060324,-603738.6878950336,1863157.8487684983,-245818.98250217005,141486.37365990394,1110749.83413875
282,15.755602729532825,79.44942470765342,19.64578037611839,-277389.2566133336,544284.3865253783,-1081959.5338184128,-1594393.0940000906,-797633.4625650097,123354.60005826475,-1784741.3960719095,-977255.5181325213,1946932.510298063,-789883.7051352486,17274.340599663752,302241.9856839268
283,15.376861287915144,77.48580482940116,22.604181814560313,-264333.3213289206,-88969.88752780095,-666966.6905341964,-2491195.489185313,-1765525.8310035432,273257.4200611278,-3170634.5632756255,-789393.5943806464,2939758.2582653533,-204857.77176996757,-59561.29714910578,1111547.9775233855
284,15.75568639730751,79.44958087767974,22.604061448178985,-226523.96091840017,618828.8753624468,-801035.5140506967,-2316168.3969457415,-1595084.1794809822,7562.028248973015,-2770576.282238074,-611930.0891368124,2973775.7717682365,-394372.55629055557,-387.21975223241975,410932.3755439499
285,15.376983170846033,77.48598722212157,25.562498538815962,-143182.61150519853,280724.7580641767,-511581.4214520617,-3337483.080049853,-2014499.1964588684,237595.83292264823,-3777206.8651888976,-623266.832150745,4026434.422446559,-160273.71969333326,-47857.53805353521,1187599.945052117
286,15.755765091669534,79.44977024744661,25.56236239892353,-153067.06652955405,769436.7882081803,-475250.45310221927,-3130532.1539571257,-1859352.3014912566,-28436.695236830266,-3428207.798692036,-364188.6379692622,3933515.7052377053,-215739.5188577912,-12891.637419405382,539693.2213561595
287,15.353410684623746,77.36344254246927,28.520819408909876,142832.7224623118,624791.3202596821,-13922.547064784972,-4295804.047236259,-2408817.118395904,252569.6105919843,-4455114.953660986,-191774.26462546992,5400590.713943666,-50768.778892821916,-49684.49149545344,1254968.3298944347
288,15.779510757622173,79.57270266415094,28.520665325377525,-163936.8118161767,943587.3452979794,-360823.83404386026,-4211819.385910025,-2243392.4112481433,-58032.73304872942,-4467301.6917977175,-268459.0072413536,5154587.398477012,-89910.16041831029,-13233.175618397547,670234.5513408877
289,15.858166045329767,77.39122735331816,19.354185602525575,-534658.1866209421,-186224.8335449515,-821991.6482154806,-3799079.9184070383,-2657554.33830046,105714.08852434433,-4998718.858521545,-826598.122802092,4282442.312942263,-251800.30700665142,135732.54987038855,1121659.0413423083
290,16.255414423010016,79.35133206623351,19.354111788207987,-223454.54399881174,1651873.0078158427,-1226382.519752854,-3288166.7840462876,-2286988.7157677435,5152.539731143647,-3650802.78607194,-867937.0722686767,4720775.802404793,-814942.7017098453,18311.881308295327,306580.84418790176
291,15.858293164561935,77.39138900730771,22.395849094885957,-514011.9032852175,430697.30292473227,-1101852.2295064286,-5452366.792305758,-4745017.357669025,83312.663012129,-7383051.612613655,-928979.9303074456,7126864.713054186,-202646.54038323916,-64773.588687099415,1117782.5368086249
292,16.25550325861632,79.35149931505916,22.39572276800288,-188425.38578957424,1900999.5755023102,-972471.2358475617,-4880144.373760241,-4181794.0211021495,-121831.69490510147,-5939280.910373784,-510565.74058686965,7189949.604825826,-405228.0437516976,-4194.094256123672,404687.04415032116
293,15.858422985096187,77.39158492047235,25.43749859905778,-271531.61356978945,1420481.4060601145,-643246.6891885494,-7440549.622148814,-5382275.092656941,79535.52109891718,-8677644.754781105,-590544.9594968376,9773892.817579716,-164174.01223636305,-49625.42679884831,1188320.9059412992
294,16.255587955894867,79.35170292913568,25.4373556610064,-68176.59268334974,2335583.1099621565,-439316.21901935735,-6693298.022216741,-4795045.525131172,-133909.3288871101,-7336586.134746394,-184878.7651087013,9349555.198114548,-222327.07071108796,-15133.781497872364,537515.2859387182
295,15.83370895420805,77.26928381038738,28.47915256489052,148109.45659284573,2268820.839759544,192787.83600884269,-9734266.571271382,-6270956.112788554,173970.0199882586,-10326495.496947631,21420.285218269673,12914793.344090596,-56322.59203816222,-53776.6526175302,1244531.016737742
296,16.280488194517005,79.4744212572846,28.47899061664568,47240.409601277206,2898028.180630753,-44561.78869085584,-8838963.172593419,-5568905.795982051,-87836.2074951241,-9131462.32178639,60917.57973446675,11971251.543593097,-94698.65211827283,-16081.876326126916,672833.0515511143
297,16.178305831511427,77.32420452139301,19.062519483159594,-503203.32312167255,-120955.27843384023,-750191.3586539796,-3644162.059060598,-2540391.9184773406,131480.78894346004,-4736923.333710304,-792609.9504284027,4155183.323929216,-251925.218528745,123944.81308903567,1112745.3707429832
298,16.58780481632595,79.28182660241643,19.06244527083015,-193795.66399635223,1804364.7977073505,-1205614.22664438,-3400516.1772617055,-2406147.592000748,5057.2423484619185,-3737036.816693495,-836706.5834300531,4978698.307190167,-821167.7685293194,20827.63165108264,307148.8386224293
299,16.178438145940476,77.32437320526462,22.18751678669311,-485538.3337627129,495976.7296449465,-1042564.137048609,-5273797.8172416035,-4636741.425922253,114458.31978474687,-7109612.139774118,-911257.1474717642,6988743.546079507,-207793.60781607058,-63369.005141199814,1132686.7266731388
300,16.587897922043982,79.28200126743923,22.187387307753212,-155544.57360004156,2114540.064641376,-967199.2789626775,-5095628.667511478,-4480290.991876625,-117661.18099073187,-6196286.745778237,-486845.47057701997,7674928.428433914,-420076.08085417264,-3922.7650015389167,407060.5578173909
301,16.178574790831792,77.3245798528919,25.312499072754218,-247112.60988838127,1495373.7590669226,-602870.1317063307,-7250139.411807333,-5295611.852814536,104533.31435086633,-8410838.929582708,-578190.1970859326,9634420.14414085,-168829.64316214478,-49306.48243237554,1201631.1076367002
302,16.587987775468164,79.28221617518334,25.31235165544708,-22515.99857196363,2607009.2148708575,-404143.81826024083,-7050997.035673348,-5165941.698533964,-132567.7197799831,-7700875.595966347,-142679.82524961387,10023904.819254613,-223037.57337981102,-12299.616711219855,551452.9487415575
303,16.153101600087112,77.20244584797078,28.43748583107947,180326.136056001,2360212.9180917097,226208.20926895877,-9481096.14489134,-6150528.837491222,188433.00329328165,-9982658.708802084,40725.81367671168,12708680.15854204,-55013.460063517785,-49381.409834490674,1271682.261336471
304,16.613658307764737,79.40479176892934,28.437318585296563,113705.13610135228,3267014.823626188,28146.27659618249,-9401363.444814876,-6032892.301394818,-85407.5822010447,-9649825.921906644,130882.06978077043,12927810.088449597,-89905.78364201277,-12295.100216495035,696850.6980224362
305,16.501513958952724,77.25658971126644,18.770853354891145,-498220.29408087354,-69656.71569802117,-734025.3955971469,-3704087.4610752356,-2633887.5660468074,135981.5187425325,-4808909.538564348,-783122.6909836156,4290129.824171919,-251366.21301087437,110892.054915629,1092483.4600710864
306,16.91712632434272,79.21291313970612,18.770778382511292,-188574.6288438976,1795784.5428893766,-1176677.3411719128,-3324366.391926543,-2374655.5748270093,18802.90594031003,-3647315.096295237,-825439.3559358369,4903287.02510464,-816660.1880636241,19893.046531277607,302330.2280947629
307,16.501651597336846,77.25676518239163,21.979184437077507,-477763.8729940717,583346.9033290595,-1036771.2630513993,-5419043.220513153,-4852220.886265794,122602.80496640118,-7314697.895491752,-907895.1704749888,7291404.833250331,-211858.4210063919,-64305.8221204051,1132982.1439915288
308,16.917223621800293,79.21309491121724,21.979051873654225,-151337.7786023307,2140313.567004294,-956103.9015414645,-5032665.101339942,-4479118.858189854,-98178.83069108047,-6125758.563009817,-493140.59000930976,7651771.039879629,-437258.1221647324,-5614.53043499864,400277.0330877366
309,16.501795182573485,77.25698293720103,25.18749945440052,-228200.23401968804,1650644.1171996947,-583225.4444844502,-7503092.5000758255,-5576368.599590854,111701.56985004434,-8696187.05252507,-563372.5306285055,10098778.021849131,-174526.2287743056,-51650.7313221123,1197474.3989982791
310,16.917318780379215,79.21332135846741,25.187347609164945,-16621.480154799414,2649973.9034618833,-389906.5308542955,-7018227.644206055,-5198704.066214181,-118188.82909636095,-7663974.939687155,-142939.61524018817,10050360.447380133,-228731.22794459184,-13112.63751472026,551293.3046515658
311,16.475946703827837,77.13494247006656,28.395818983393752,220168.38299978565,2591091.2910774476,273551.0668643049,-9888298.812965175,-6500700.0556055,193411.096525527,-10381783.099984653,80065.06790511528,13386528.77302108,-58623.8596536145,-52267.64844994991,1266162.5838196203
312,16.943376376605162,79.33582872264327,28.395646489936958,113990.29399733571,3317219.5869590556,38414.670084002195,-9390337.872363664,-6064032.180057968,-78201.16231106661,-9630444.017488752,132045.53554172782,12968023.032987418,-93821.34789579293,-14643.449889915899,698735.1197091972
313,16.821229711950757,77.18760729934748,18.4791874634235,-497950.6075823394,651.5218678424717,-701470.6666536909,-3672627.5273510786,-2669630.0966765317,144134.7995797293,-4761156.929324695,-768108.7788072727,4330495.9557637805,-251809.87342156097,98573.92152225511,1072276.8789982118
314,17.24906161050953,79.141295011249,18.479111537336294,-186801.03745067888,1849815.193993142,-1149770.6400294134,-3295523.535776641,-2415246.4644291257,22962.081874175354,-3624316.6372099775,-801075.8896111251,4938636.0433341535,-807938.0534783755,17940.968803924487,296580.12270929414
315,16.82137288849114,77.18778936657702,21.770851902015277,-481202.7235623256,684912.8182706409,-1012696.7523733639,-5446835.032881731,-4959243.85224888,127067.32283645336,-7354767.52514984,-896432.2056414183,7442213.073126212,-215516.30725022507,-65857.91753084004,1134011.4548538234
316,17.24916313724255,79.14148386939615,21.770716184268753,-154459.91834210337,2247527.173308536,-945682.1149004721,-5056474.0725265825,-4582968.568783898,-93777.65464838683,-6167543.791799735,-486055.3092642548,7800984.241129949,-451674.82980006316,-7173.600333854818,397546.81490605214
317,16.82152352934507,77.18801840460807,25.06249990619459,-233586.10923897068,1804805.5941342032,-556946.4522360588,-7592345.6836066665,-5733617.573895272,113291.9968806789,-8788652.703498337,-548070.1071368714,10350995.843294386,-180188.4213839036,-52919.12135411404,1199521.6902944604
318,17.249263838664294,79.14172217248978,25.062343573851404,-21524.432363654138,2797123.875104279,-368776.63728023355,-7105854.038429363,-5348868.624629532,-119289.48476021958,-7759938.818729224,-127078.11061390198,10293839.734803516,-233543.6480742714,-13010.652176154523,555623.4551575526
319,16.794918561127748,77.06615521636061,28.35415241660875,227044.82510472264,2813772.966002929,317321.2270105103,-10055628.388339091,-6692906.218916409,189311.46877847,-10517131.073860614,115210.8480203733,13760059.243958399,-61180.4819396136,-52812.19654147489,1270585.6308007194
320,17.276090251251112,79.26407789570908,28.35397460501937,108977.67252339341,3514941.642413894,72095.7425326748,-9561663.362644656,-6245778.9837218365,-83705.63433850402,-9785665.997129144,159841.22411760676,13321839.8304815,-94719.62958089022,-14992.00661280631,708389.8190335222
321,17.143562434172253,77.11593887001426,18.187521308233432,-485787.212217401,36675.818133563735,-660683.6742365189,-3571402.689339327,-2646892.5028110268,165659.47750748962,-4626912.114652437,-757118.8885628518,4274235.934894932,-256169.39626632916,88619.00690732159,1051859.4828862618
322,17.577500241812473,79.06828956692578,18.187444499627052,-170201.0665361,1925467.4203210466,-1126819.5231520012,-3325037.108264619,-2508864.0568764913,29117.450717581196,-3664546.153061791,-774510.1366026445,5067503.120297382,-799970.8748025408,15323.658378760105,287203.1355059767
323,17.143711510979266,77.11612761236617,21.56251968854995,-467688.2379749725,732245.7009712799,-979433.6233423313,-5382772.628608532,-4958216.013828993,146724.99317083744,-7263744.77180993,-888961.483247085,7437830.094710989,-219149.1763790492,-67064.3334937862,1136561.0643254612
324,17.577606067461563,79.06848552679561,21.56238085321581,-136163.34090894053,2376086.910494799,-941359.5432718153,-5185255.404054715,-4792159.482308945,-85067.57041657047,-6339898.7692162795,-476168.4153766839,8114631.210907003,-463951.81270564697,-8286.501841557767,398977.3858178044
325,17.143869400174275,77.1163682317438,24.937500436647625,-221584.3661836401,1867363.974764234,-534365.1923895611,-7546974.904925726,-5763738.367826829,131365.02697929041,-8725097.828141266,-545506.7407626046,10382018.985094905,-186075.28160609616,-53162.117882447616,1207189.0479568422
326,17.577712492129002,79.06873584301972,24.937339650057837,5143.253162839799,2971572.488738431,-346692.95217124943,-7341067.009086668,-5621670.546834897,-113815.90098139009,-8018832.32050431,-105329.96271706463,10754185.072951399,-237218.92926629566,-12068.290946232122,563961.0311829712
327,17.11689010112388,76.99460152080573,28.312485637578273,247186.03526396665,2898100.586892615,340649.2771333072,-10017247.461468128,-6720141.690665767,200320.3639403156,-10444848.224308793,126559.52656229978,13804224.59703638,-62624.24436285672,-51205.222218570074,1285476.424579839
328,17.60492565470251,79.19102130545733,28.312302565800714,146557.57391296595,3754700.49054983,118240.41557627928,-9955163.35199291,-6584784.098298383,-79225.74781046089,-10167827.91541048,199815.67041697603,13987510.72503258,-92929.90045762261,-13775.006714926076,725433.4144257234
329,17.45981516838442,77.04572117292525,17.89585492175909,-475400.8563229794,150987.7630199425,-652998.4383378826,-3711590.3216224127,-2859567.036253452,167525.51775362776,-4807441.270614795,-748754.7402107406,4578784.4791846145,-264743.47686701006,88060.17288805393,1025929.1458298459
330,17.91201798728468,78.99383224577083,17.895777326559227,-168002.3271613723,1869900.7260338152,-1085812.960137052,-3087111.6505526886,-2367224.5617162357,53922.632557021716,-3398950.434473852,-764165.5718169085,4779201.445026153,-795820.5925013032,12608.367113106338,272610.20253428695
331,17.45997042139404,77.04591664775066,21.35418735890117,-436082.0392545043,969031.6174662898,-971376.4551852511,-5710483.59619578,-5413639.993677952,141962.00889563293,-7699939.194905467,-857755.0670641703,8119267.384996172,-220035.75153652445,-71095.69969526096,1121860.4179755903
332,17.912128279591872,78.9940357035923,21.35404532595004,-131560.35729222943,2350537.080051776,-908009.3424969929,-4909098.009705043,-4577067.928465197,-56703.34422987048,-5982877.109001709,-480784.7556291619,7774629.244893422,-478763.7786988381,-11634.071440192585,389188.178291498
333,17.460135617780733,77.04616893161705,24.81250087253338,-157224.5321930392,2253408.6155718016,-484030.72817821393,-8066562.237691815,-6327734.553264184,129146.08009725685,-9275332.392650323,-484538.9590076181,11372024.706858486,-192090.07002473925,-57555.85600479274,1191454.7271461901
334,17.912240636912777,78.99429842735634,24.812335502270464,10591.40537751501,2961125.6175337695,-321851.3739036998,-6998029.433422689,-5399124.663796152,-91866.00883599401,-7602386.054305427,-107618.70145791199,10359870.40477093,-246107.57905689222,-15602.408177914003,555694.0007082131
335,17.432022061036268,76.92468044747983,28.270818709554867,362360.9664094879,3481586.9253888195,461980.070016169,-10850549.819906548,-7437891.6739125885,199646.7374865863,-11204512.670431845,244187.24393982862,15266253.388306491,-69980.02832499181,-58254.273152554364,1258106.7780144112
336,17.94060083185984,79.11633309568258,28.27063025775474,138034.91015292984,3730194.377779094,120229.89426481386,-9487908.817359768,-6289884.00321032,-69094.66334456428,-9630206.987503566,189340.8128520358,13429325.35684837,-102372.10103475557,-19768.710182842922,715069.4102030778
337,18.095539175004635,76.8917620524498,17.604189715784294,-153347.39242628473,-95282.80656984361,-150914.8140401964,-1090790.8405421795,-528209.8868481505,400259.4884881602,-1223129.1684404525,-447933.2054208836,1271517.3608250108,-268956.82517965575,87292.54247946313,1019454.7532379432
338,18.572075414681528,78.83414454243851,17.604105900438984,-268223.35478196025,347390.9732825769,-1020465.3217013608,-951028.18723704,-413550.73268143873,152897.1134346575,-1170098.1719394103,-894654.2407149045,1123454.7094535704,-818055.549672507,6338.471270605625,246021.57223131784
339,18.095705765556787,76.89197308680178,21.14585554441463,-114822.64886665985,28647.03948520345,-474235.7333508366,-1632001.728245279,-1108065.3942409463,373838.0402533222,-1899547.8425065556,-708104.7908533814,2047241.2906276435,-246804.47275155666,-71767.79324411257,1113521.7344340608
340,18.57219373577006,78.8343649311766,21.1457044087315,-214537.67330212455,441262.10858012113,-781761.3026409333,-1484493.213774949,-957105.8669936883,52785.985665983375,-1784546.10538559,-641540.3933013872,1871049.6313240407,-478919.15813234233,-5049.929038938289,404968.9829899785
341,18.0958824427882,76.8922455746822,24.687501480932884,-11066.047510486504,303438.4402124749,-414029.82193093956,-2233221.3416732275,-1308597.5901713027,315044.593091383,-2357389.754360823,-585806.1486716347,2821538.473803507,-204201.37954808518,-59767.53227058073,1201839.713397776
342,18.57231585359771,78.83464886526545,24.687326567994837,-127548.01103060806,572021.4329868495,-463122.349308413,-2075779.7458380105,-1168005.1025240591,-6993.478217520777,-2241897.6888348795,-372749.10888398706,2595997.8703666963,-243330.182587318,-12735.098478464684,590009.2384853812
343,18.06625932839395,76.7711360539208,28.2291520931398,299401.20219636254,653012.3434729251,51835.030234876525,-2945887.963750825,-1650822.1725180259,284287.22184493416,-2810464.3830551673,-131344.51287099387,3946057.471830326,-70367.87110247287,-51700.17637808905,1301691.0361498157
344,18.60220590547065,78.95634766802658,28.228952982580974,-209164.0207856842,711465.3102122666,-426564.30947002745,-3006586.4311526,-1495806.3005394908,-83169.59789640925,-3204713.4139354513,-315389.20829433226,3595839.602186338,-95086.13785282538,-14788.710916606526,763188.4481362624
345,19.062901437038196,76.65119640331889,17.31252510182355,-176460.36492518018,-69419.50028064934,-161696.7383074765,-1140556.6924309498,-592868.5784708253,429578.7378449014,-1275715.2877729773,-496420.4492078236,1364559.1334674947,-299079.8839475123,104904.46605353495,1053317.8425912848
346,19.545504393634566,78.59209050310818,17.312430764536444,-307198.54364493693,395225.5969839262,-1095326.619048431,-1006771.6569681343,-485940.0113475784,179377.5114399015,-1273063.2682671607,-952962.4454188116,1218726.1479765298,-884564.0711446145,-74.16431634314084,225730.90669923398
347,19.063084837127466,76.65143385523548,20.93752433569738,-143313.9209903071,73906.73030824214,-502804.89253016305,-1712228.3282372537,-1204621.0782530708,388242.9378040774,-2005651.3006267908,-748876.4215580011,2182315.6389725637,-267261.5203928464,-78278.69308053529,1108343.2668172289
348,19.545635037062727,78.59233846065146,20.937358413751014,-230692.93202042114,492394.08188838256,-799328.0312413869,-1591422.078680083,-1072848.5658128269,59843.79061111447,-1923972.59484305,-657080.4179991867,2043426.131468811,-476332.66813644586,-3081.0696459167684,423798.54241026414
349,19.06327777347287,76.65173607463089,24.562501752324177,-25660.291696747896,359087.2692516537,-428695.88424873835,-2333560.566225361,-1400545.0871474354,325683.83637860726,-2466616.4895534064,-609283.5242302411,2980631.1070898147,-216425.81587756076,-62346.67482132128,1210763.421614726
350,19.54577090975456,78.59265278351401,24.562312439393942,-139992.88303770145,630462.1812544942,-471312.2765716956,-2214761.079444462,-1283769.0584027783,207.9006579496838,-2397582.7487135986,-384890.38714104384,2801630.157499739,-241833.7643154703,-14674.552637386976,616963.1557830727
351,19.03329113455136,76.5307492108895,28.1874847837081,313411.1125410157,726293.2787065747,69364.50694530166,-3068469.566185368,-1759234.7620736838,300558.82810321875,-2919668.017819613,-129484.85497632294,4158221.7709888266,-75787.73227885355,-52516.100283677406,1324232.2971358579
352,19.57605285558444,78.71428870608597,28.187269915685768,-226455.18985767366,780735.7546423378,-440006.4846270247,-3207326.527157272,-1634425.9571091319,-77593.44400110049,-3422113.7470091893,-331708.3288828491,3868096.1560496776,-93207.44947442655,-15092.7861541699,805103.7440212476
353,20.027242490013112,76.41143122247696,17.02086015365016,-192673.22113728462,-30285.49069475312,-178366.7275515464,-1215573.7733597164,-658005.0929038443,456071.6502717027,-1344656.0717077607,-541745.2325209803,1485075.8648451567,-327857.4808667335,126712.63457389327,1095826.241904713
354,20.52195299382934,78.34923468069384,17.020756120883952,-340555.2157267916,435149.922775466,-1181270.1377036036,-1028528.8007440052,-508610.7918728212,198621.33465840525,-1348013.2150864168,-1001024.0506686948,1262361.8351001816,-972090.7889599018,3518.262814313416,193796.64243951754
355,20.027442941628113,76.41169771886621,20.72919219741894,-173669.74793346343,145463.317204421,-533963.7087033438,-1828281.9072624731,-1342615.450523405,404618.6925079342,-2153646.990251545,-793245.1949770576,2384722.0457962165,-289436.3436884181,-78374.1957604205,1112347.3214865937
356,20.52209747981452,78.3495126518578,20.729011325408866,-240896.8745418953,541633.8469782951,-816672.6348506883,-1642056.1746956946,-1139621.083394966,65772.69240565444,-1990827.2936082436,-670767.2771723209,2145658.9083662764,-484871.26434487745,1274.3471433183145,427112.2231246131
357,20.02765312386554,76.412031347326,24.437500844228108,-45114.17900534114,452328.66368698206,-441919.86823701364,-2488817.3401277876,-1542824.9918340114,334872.06327330985,-2633992.408740342,-631572.0584342427,3230859.083619211,-226983.73810101443,-62355.468165534425,1219927.6903828736
358,20.522247914804815,78.34985923154198,24.4372968144255,-142356.3178971357,680477.1834214202,-474228.99363975285,-2278608.1473626443,-1348149.438510862,7439.437087554993,-2462120.3163985475,-391538.72282907466,2917550.911112154,-242846.72276157542,-15446.191712023596,630992.5391641113
359,19.996926242544536,76.29126860433628,28.145816223182194,323440.6139933433,854942.7271347307,95937.83534385817,-3273391.4028414604,-1932846.4338155484,315966.500436533,-3107046.8023982323,-121723.34221086756,4503091.321081033,-79302.80907545544,-51382.99717906067,1344476.5526384306
360,20.55330052372586,78.4713335882443,28.145585365880187,-232852.79222651286,834253.0546588837,-451507.16357904434,-3300590.7738694674,-1707443.7876829908,-72901.26747732745,-3517338.813035375,-344370.12140378065,4011602.0332924835,-94422.38640986405,-15388.900083164168,832821.3853026791
361,20.81814140978644,76.2042720538384,16.729195438969032,-399539.3821305322,176194.25619309174,-341367.2887792275,-2006245.871060903,-1523734.5319752747,400505.1984096234,-2434452.7855080916,-745467.6576818865,2615208.028473311,-346149.33356132475,137637.40414023987,1122368.4842598443
362,21.343052920298717,78.13406314292524,16.729083970495765,-399876.4260314514,1044236.2010688027,-1275200.3308312178,-1694480.7768653452,-1270837.9737852083,191361.39424268625,-2099149.637608793,-1059988.4559717553,2528297.537786681,-1033892.9361341157,8808.932792466241,172351.86518418207
363,20.81835668573602,76.20456326876761,20.520860087515846,-426664.44433270383,669248.6012655713,-696678.2922748937,-3140250.782167198,-2870025.226535212,334046.100549,-4052928.249582531,-905474.7281819207,4504308.842422425,-301001.06328376575,-79688.80502558552,1119381.7201516347
364,21.343210419651825,78.13436714321804,20.520666864817805,-354937.78408693866,1304532.4229576949,-883309.0086577816,-2802406.0542065133,-2486163.6966208788,38367.741807251026,-3496454.9088503295,-679136.4749471056,4241877.014010411,-500548.41045783885,2963.273479584242,420057.6463054045
365,20.81858290577433,76.20492500193305,24.31250048016877,-304304.02868191554,1307481.812975996,-471353.59738472564,-4361663.625082304,-3251639.723668856,269436.0562964921,-4885176.058457667,-669896.3471155372,6086896.592482559,-235240.06260225238,-63616.00358106996,1225708.4851952172
366,21.343374682876405,78.13474320112465,24.31228386771314,-287285.0628233914,1616458.2986339275,-442329.7843066758,-3949492.365009369,-2857488.5859608282,-16117.204403632706,-4344193.261750041,-373228.83763122035,5604265.550885122,-245602.72462649186,-16354.693669786358,639998.9194547187
367,20.785983572370853,76.08469046790007,28.104148439466506,124353.02925658756,2041862.807573337,243795.78017505695,-5767251.556225894,-3886134.6824870906,276672.3962847845,-5774100.659704369,-48812.14451469039,8232924.421224039,-84170.10795905426,-52198.22238793748,1354111.8723428063
368,21.376328121452282,78.25574578258095,28.103903901635146,-348408.4975891989,2019701.6342705248,-297156.70413875615,-5502992.32561318,-3411299.6383136734,-75291.5723179795,-5777741.560579757,-243944.86831843978,7395822.861440765,-96324.10531876693,-16689.784245083843,853013.4426852104
369,21.450700134994765,76.02571189867508,16.437530406242992,-391082.9158039687,221956.4022980096,-316211.84766278614,-1975524.9391027251,-1511709.243758744,419634.73053985584,-2364239.384283646,-745119.4469399002,2624020.4700548016,-355321.409574866,139425.74709641494,1132708.1427683155
370,21.99370231486477,77.9505824789004,16.437414006333082,-399438.8738478201,1170008.024519309,-1299176.7823303167,-1766705.6866834874,-1385209.5042751983,203055.152170542,-2190260.8566067475,-1066686.7156725319,2728339.9406204512,-1068559.8877178137,14758.76847461973,162847.67513365787
371,21.450928446188556,76.02602315448266,20.312528722955612,-414417.0660271732,730527.1235152134,-684341.6823131964,-3099886.8882056125,-2870933.4089980726,355660.0866710124,-3978838.054999446,-913193.2597937689,4523799.689968057,-314447.66656111414,-77389.39824014108,1133739.3108952139
372,21.993871316375678,77.95090744790492,20.31232615353331,-351273.86542681186,1474638.1958734926,-889296.5494147274,-2944621.457207779,-2710021.7668299368,48854.958186574964,-3679723.5785351563,-681697.9884688194,4595489.348035932,-517300.9165214949,5954.450021759137,418206.6206585092
373,21.451169386508926,76.02640964930407,24.187500960403593,-288148.1397969428,1378387.9434448602,-459832.588577606,-4308794.937491991,-3251636.06753199,285798.9507757971,-4795388.576341716,-672372.4803534698,6098168.271765495,-244929.47381010719,-64318.52425385782,1236058.4345199568
374,21.994048416628925,77.95130924838804,24.187274310923513,-273475.23689137714,1820102.8475098687,-420178.9475833336,-4169032.947702626,-3108805.7859969595,-7020.285222879654,-4567760.593290602,-360603.5802495314,6054812.836575294,-244949.68118748275,-14243.128166777462,660928.1881141863
375,21.417453446767738,75.90650711214919,28.062481260815513,161114.10402063368,2124508.857152324,269610.8343895591,-5677295.068665856,-3871028.539159941,291115.2868424054,-5628188.70460339,-34670.60050726934,8218093.100673174,-86954.91326508558,-50450.4097945914,1377591.3493505507
376,22.02814450037768,78.07202971841843,28.062225786208007,-328665.5445027631,2287979.7205147487,-256260.75696891162,-5836365.225886537,-3715685.4034524458,-65979.45385510204,-6084824.852770069,-217361.45219269558,8005239.724005837,-91857.35237924948,-14802.641397599065,887188.6213385097
377,22.08330606226542,75.84732083718323,16.145864971186153,-401050.34213598,310973.40428817854,-312652.51219533157,-2063138.536705899,-1643231.7278728809,429404.52218681807,-2465350.12393741,-762069.562335897,2824690.236230174,-366640.5274070256,143980.57906958237,1129495.4598868024
378,22.644303266459925,77.76693297551753,16.145743507631916,-406046.72898455587,1196660.1190629634,-1317494.0337022394,-1728850.2666039793,-1373027.8918148528,216739.41354628245,-2158720.7212558603,-1079250.5818008357,2711090.659432864,-1101530.2842569416,15419.702775434207,146168.528526227
379,22.083547825019735,75.84765239714201,20.10419683190083,-416560.87715114036,884028.8118818043,-688850.1170317341,-3260268.4007414305,-3115696.3992327363,365077.6073520499,-4192368.4804392485,-922222.1340589975,4893208.432197175,-324255.34237965837,-76583.87325457216,1132523.7259447011
380,22.644483980476696,77.7672792711374,20.103984873725473,-352305.3315305592,1516973.82840919,-892463.8211226068,-2899165.7566158585,-2701343.0215778234,63725.56171003388,-3620362.3922222718,-694901.0087773222,4587468.07675562,-538758.8799695414,6357.511950207041,403371.26786793815
381,22.083803795252315,75.84806452144808,24.062500795135705,-279214.9946677369,1595972.9846164552,-441856.29996897205,-4536545.361829654,-3525498.66229665,293657.1283940307,-5034406.624789009,-665176.889859306,6574485.2046280615,-253621.31741143766,-66235.1764929181,1231110.5318177282
382,22.64467458354021,77.7677076279638,24.062264064560157,-264738.4222083009,1864178.6273565984,-410212.62363188213,-4112092.6306449026,-3099856.936669549,4872.7901402829475,-4488364.510211187,-361787.1804200094,6039379.272147611,-249214.5868428178,-15667.921970609379,664507.9789461498
383,22.04897770963595,75.72851606391752,28.020813377073182,201824.25449649553,2430217.298184392,331615.0177099928,-6010606.40862095,-4204896.10656324,300645.45440234663,-5920907.52786407,7779.325272852557,8876784.7729821,-91766.64868287246,-52473.67019168193,1375817.0105987194
384,22.679908143711668,77.88812559061375,28.02054697031453,-326719.81409083155,2327108.548241567,-255844.2652303964,-5758314.592779783,-3689590.727359205,-57642.3169144803,-5985211.0707794055,-224101.50680339613,7953857.046503143,-95257.2847639644,-18121.885904866496,900156.0774970128
385,22.86585361049503,75.61056242780504,15.85420050647844,-280134.6782610684,141022.76003366706,-161885.50256709487,-1323410.1147062634,-799257.9688372852,488791.2313807207,-1432294.0226355374,-594411.3107956562,1725707.9126366968,-375889.6532416616,154718.02792721082,1139191.0967280013
386,23.45678643218065,77.52122251182573,15.854071142548497,-448722.5927629534,636177.1657401449,-1341861.7766875748,-1091590.601896043,-624800.7547607697,223648.35491319673,-1536622.4782932266,-1080966.0052795408,1463181.279862384,-1147145.6775661418,17500.10518356578,128107.19374876026
387,22.866112546065374,75.61092011646974,19.89586551801509,-288779.350961235,410576.04171275056,-581634.0925274186,-2016189.449137494,-1635681.9665013938,411973.1340778509,-2401280.171304073,-867744.3409827754,2809187.1105109444,-341637.8730281996,-75247.51684025816,1134556.980275251
388,23.456982301318032,77.52159654793859,19.895640904942816,-356218.9691046295,810104.3116489247,-882191.5644806393,-1797391.9434128136,-1395916.0702751589,62792.01747001836,-2233435.0506272963,-726888.0026643273,2532016.8313552807,-552279.4501820938,10921.408690937484,407229.8889286738
389,22.86638677569087,75.61136334741715,23.937501097207047,-177845.82180252983,791938.3944471411,-468321.30937088386,-2736685.8534533554,-1866062.2770463235,320810.1059862557,-2924069.010348273,-674728.6122561407,3744568.88587814,-264590.09456774505,-67951.7397817303,1234857.177672734
390,23.457190176366876,77.52205725556483,23.937251609310678,-249823.93808926223,983446.7215120019,-475883.0703463324,-2516188.153084204,-1637417.0719429366,-5404.8437112696265,-2744368.097195796,-401956.2956611332,3404064.1059333356,-248074.7165073218,-14449.312684474675,687635.9401230472
391,22.82970721515882,75.49240435830637,27.979146088313158,249298.37124546422,1329229.6398012992,169530.3117248804,-3593317.00204223,-2323599.6334426496,301190.91608831583,-3385579.6511584534,-81009.29722070071,5214647.271150798,-96180.72547343174,-51347.99619967473,1391860.0358480753
392,23.494310946765037,77.64194711294785,27.978865985562425,-386273.16588572867,1209410.6890498092,-463331.0821074288,-3676026.7108422653,-2052190.7859290235,-96128.02775565241,-3934264.1107898317,-362586.39041888155,4656656.942265364,-91616.85730588346,-17331.203313494214,939918.5143863545
393,23.813312849745262,75.31096002332296,15.562536356889275,-291375.2490131798,183789.94820679494,-156199.89507793926,-1369845.7121789271,-833182.9642956301,510070.3012126192,-1465962.9597945255,-609922.9427611722,1812100.7066713732,-393787.50775078795,175402.34479592493,1170830.9748775312
394,24.41618246414569,77.2179281252839,15.562396783004893,-483761.54986639414,714024.3364580324,-1404214.5648037242,-1160715.199821238,-696963.4664582665,243357.05128579264,-1629634.935884099,-1139751.552546941,1595434.7102189537,-1210837.617192019,18086.33414209935,109744.34531449982
395,23.813592854465018,75.3113508018209,19.68753475954603,-303931.0756749342,463729.8655357594,-599657.9866088696,-2064454.1597927175,-1696584.1239978282,424185.17885904876,-2455505.303818195,-895685.7780182431,2911331.8850883935,-356166.80857784965,-76715.67244346098,1134372.4974861715
396,24.416397128326764,77.21833629979766,19.6872946103005,-377605.9701720731,899567.1232016012,-898102.8853402806,-1906905.4034793267,-1529698.5714733652,75317.243068663,-2370630.1038775397,-751097.0706541018,2745585.4422208886,-560757.5312814306,13955.358699570059,416560.5767625165
397,23.813888920506173,75.31183107423377,23.81250128811036,-182913.9716661538,850126.2959981647,-477932.5121214339,-2777465.186664291,-1922420.3482017019,330008.59927911864,-2962504.5650341846,-691167.9248253132,3842952.3020700766,-275294.44052080513,-69611.79466208462,1238527.0650635837
398,24.416625884276606,77.21883464513024,23.81223678050671,-262150.7734790941,1081295.134329173,-473447.7106515688,-2653034.2127423487,-1776692.083599921,7386.799761274812,-2890975.9433632833,-413518.5213171039,3650191.1148788957,-245504.3602648949,-14515.812426636854,712738.0491834987
399,23.776484250401545,75.1931380931903,27.93747836566252,274366.9857945064,1402616.659309758,189841.72113517797,-3626648.180112204,-2389374.4788693595,315264.60866466205,-3395118.707223936,-73649.03236471933,5335593.105828101,-100627.6209195057,-52122.92928545359,1406358.1741237189
400,24.454512250707104,77.33852972742588,27.937182247049215,-402856.51292253175,1326993.678253789,-463265.68352343346,-3873780.0651085884,-2220492.974375029,-84223.26769895732,-4139084.8699918175,-375251.450435165,4975207.802234808,-87315.7598008271,-17288.590194407894,985416.1440371627
401,24.760796160641394,75.01143255930953,15.270871429427338,-307994.8888157181,248516.44199371815,-166333.4678535441,-1463122.2544290484,-909238.2068248946,526395.1533341579,-1548698.1033845462,-642373.180597489,1965259.3693064915,-409401.15666468977,192753.8525048636,1201201.895886422
402,25.37555465113289,76.91456075324209,15.270721764164387,-515352.3623397719,757424.9538789031,-1475688.081519996,-1190161.5767244175,-716664.2131522826,257249.06951162615,-1698232.7448112215,-1185003.1578941734,1649620.4127245292,-1285485.4831316494,22334.82867508335,80941.9725595846
403,24.761097313846797,75.01185767067774,19.479202334841148,-331677.499382265,557853.9151690585,-623990.6727570883,-2182017.9273424363,-1840386.864132341,433724.94526037795,-2604945.499168811,-928896.7827696399,3136028.0249681557,-369654.6129514357,-75892.43335386679,1132018.3143826332
404,25.375788942218136,76.91500403858906,19.478946706754204,-391993.71241730935,951361.5592993348,-910180.3524360398,-1944363.8415557072,-1580787.6607944712,85509.79709346763,-2414444.0309028095,-771216.8564170365,2834848.3817658327,-571384.2274953759,18034.777432006824,414319.5468571824
405,24.761415716364755,75.01237572297325,23.687499609578154,-201727.4731534759,963113.66938291,-485055.89373106754,-2914494.352144355,-2068435.3333660464,335549.83833260887,-3113371.182854935,-706818.9300190563,4096520.4153723577,-282094.0300397333,-69107.01815943913,1239682.5084583235
406,25.376039308765918,76.91554063668559,23.687220253540737,-264518.289661774,1127253.9870933874,-472253.62241102994,-2685291.950315307,-1824153.7271002068,19989.888692899705,-2919112.12201867,-424052.469601284,3733646.666640539,-245870.9981713143,-14848.409554141675,724070.8816390974
407,24.723289204165717,74.89395871133381,27.895808780059458,285817.7316524681,1553967.2632273172,220603.0023877764,-3798518.124390039,-2569502.922925795,327997.0070277585,-3551753.0063143247,-62683.014406660346,5674824.017988547,-103055.96714246727,-51575.68637970315,1417245.9576569023
408,25.41468926120232,77.03503203099838,27.895496838090224,-410035.1434808182,1368017.8254183547,-472373.51461416873,-3916814.803924159,-2272563.508773039,-73684.77256184278,-4184121.3799182037,-392358.59175578464,5062089.1389973555,-86721.67845431967,-18144.12239074573,1015353.2268353642
409,25.537212192347365,74.75527964481725,14.979206578948324,-496745.26707130874,753824.3251572109,-298409.78474639606,-2412127.479433497,-2086962.116696326,456624.60638551187,-2820123.060502153,-830363.915717078,3609156.2495587366,-421270.6688141493,200634.10619272874,1220720.725183242
410,26.18161080105682,76.6485259804788,14.979049412202404,-528123.1777828177,1702011.9228023915,-1514985.8077773415,-1982747.7858995975,-1765469.810728187,242162.6563077168,-2553347.729894002,-1208821.7405080101,3421072.4076442444,-1339110.114403395,23820.207106811853,65556.71106926975
411,25.53753161653686,74.75573331271137,19.27086986502991,-550118.9505580576,1525508.8146554334,-726332.3826492898,-3705645.8509163237,-3880867.1481344453,347552.8381894274,-4829017.213389964,-980338.0319258535,6058412.726763902,-372195.28977284074,-79573.74846552125,1130008.0221840444
412,26.18186273305823,76.64899910297494,19.270601711277045,-474956.9050668947,2122552.1298378306,-917659.2561626727,-3287226.949938468,-3387953.823762538,53823.10708912527,-4192382.6748277186,-736981.1792941144,5659299.822730098,-585656.126115718,17129.63868985508,406712.0306805818
413,25.537870225149096,74.75628428838013,23.562498563217183,-417353.52865337743,2352430.9409969104,-417582.019038165,-5021239.761142097,-4288208.906987251,259507.1119695863,-5626239.978417782,-673676.6159515703,7817411.987674721,-287062.4110524991,-70026.86351234485,1236262.0138322418
414,26.182133019769154,76.64956967227232,23.562206777308536,-394692.6995408037,2506683.137689225,-363971.7511590533,-4567058.703229543,-3789242.249621651,-7485.750038103951,-5049913.892725008,-369124.75438604935,7167057.334100427,-247369.09435347663,-15190.86538635872,732765.476886988
415,25.497910447241196,74.63851643353813,27.854140118588273,153971.42174534767,3388381.716952479,503684.1543376383,-6572433.757669675,-5075472.201668504,278915.3880297091,-6457769.782730403,105984.85402709342,10397822.221738774,-107050.0024854038,-52407.005084313685,1418733.050028029
416,26.222654481972924,76.76847605689406,27.853814879902256,-504893.0958875874,3071785.838295452,-212631.8026203604,-6369122.324850339,-4460196.552439529,-79193.98198786168,-6682952.122245443,-233720.62784821208,9270933.689881157,-86808.26233410857,-19406.37376192542,1038329.9185960484
417,26.157383321365035,74.53755917205336,14.687541459046656,-488285.6616287182,803742.4377216512,-267134.3799346219,-2382612.268227713,-2040644.0174646887,472961.85076520714,-2729809.6994192344,-821639.7086624774,3599771.8042400237,-426911.75555979175,200452.3420871161,1227574.8801052016
418,26.81952857214992,76.42476517460447,14.687379618685778,-518323.1304353402,1873543.1742641544,-1519654.5040763393,-2078072.1924079855,-1894482.6988052062,249246.81769825658,-2644634.982430637,-1205050.7176671787,3685251.239850292,-1366786.6962579584,31037.889350086847,61227.51939195417
419,26.157718635382736,74.53803571982064,19.06253828619612,-538534.546482732,1576693.1654578703,-707205.5358249517,-3645346.656290269,-3825465.2310233046,365042.75782931276,-4708043.888700218,-982406.9492092959,6021403.921059702,-379207.3715046141,-78005.53208754867,1136097.228048292
420,26.81979558140719,76.42526212164944,19.06226096596169,-463576.7842844634,2346474.154062506,-907245.1981026828,-3441520.64325847,-3641464.915853593,67127.37090622653,-4378084.1334433835,-733611.7006865385,6087348.00580528,-600446.9767699812,18337.250535797957,406712.91569245735
421,26.158075393639084,74.53861508326936,23.437498624855845,-403051.2522972148,2390786.4958950956,-406868.2554489827,-4912785.486626729,-4227969.1798015665,273567.9002922957,-5475285.065995035,-675643.3223126807,7731795.376456615,-293637.92913514667,-71013.48216758097,1235832.0517753053
422,26.82008375601651,76.42586173393758,23.43719714956871,-372128.8615402243,2756415.0789709156,-327779.74190045625,-4773587.160496526,-4066340.59823109,5598.931800455715,-5255829.123199802,-351915.3450633285,7664250.943793367,-245806.5998253721,-13051.05499642693,753059.7121085459
423,26.117023898828645,74.42125249708447,27.81247237031434,186301.12977267185,3414068.9755937094,518248.42003866116,-6390410.6754421275,-4988187.700300264,292193.07312260574,-6228560.476243652,111889.28715804436,10235289.71449065,-109887.9168339311,-51309.83514854422,1430563.171988438
424,26.86173153368363,76.54441906417227,27.81213671936245,-475522.0493461614,3389858.5164376907,-156773.3840644703,-6670423.021039897,-4794655.498533288,-65583.35919566319,-6954983.909453546,-202302.67527163256,9914849.667752234,-82333.76900067151,-18165.51721376503,1071216.5249590487
425,26.77761232569785,74.32000480545065,14.395875791408496,-492068.0805540692,948101.9551486231,-253997.2702375906,-2493319.9538162383,-2186551.22208945,479628.2577083348,-2835782.6842323807,-826841.2257161264,3864660.514305471,-438074.2598968992,204372.39020711396,1216313.587521268
426,27.457388176632225,76.20083905808679,14.39570908602448,-525755.6293388782,1890397.145929824,-1527333.8969394749,-2040885.6600699357,-1848190.4847381106,258551.1776016026,-2589779.1663147225,-1218141.2117577568,3645227.997723951,-1394221.6172014573,24182.840997951444,55022.47531124191
427,26.777963881337406,74.32050439868794,18.854205844228026,-530915.8581069222,1793588.6697500148,-694137.8077892064,-3818455.23253424,-4094754.677959653,370021.3614681131,-4920761.849587186,-974870.1036044769,6464166.957045548,-383495.29981657787,-79036.69427191302,1124544.2881156309
428,27.457670319281473,76.20136010152945,18.853919509416432,-466662.1948114247,2369915.1761642634,-903768.8436398818,-3376973.8073069435,-3580686.2666621977,84339.23499903598,-4274124.798923927,-750097.5045817661,6023706.441218652,-618796.1603351026,16631.36729319217,394519.15390891326
429,26.778338877920586,74.32111243243585,23.31249773282864,-383022.83603571064,2660309.5748520955,-372630.6840453126,-5121824.194767091,-4522120.829643755,279277.0971101071,-5691311.362897564,-654191.7578907646,8250159.1755594015,-298513.45704028377,-72819.22272948916,1222116.3359365053
430,27.45797689157532,76.20198888455491,23.312186744905592,-363806.9695463282,2765357.908431572,-318428.83144522307,-4665745.467263217,-4001755.6534648137,21377.426359463312,-5116985.217934236,-358735.196538937,7558842.521913193,-247885.3826541194,-14341.898275927486,758594.4913007428
431,26.73620321934692,74.20417620306245,27.770803670478024,241642.82472660148,3774450.2395837065,594176.9579030231,-6682462.603261469,-5347992.694630472,300682.3343320524,-6479836.227984286,166024.8390009796,10924081.411196638,-113214.95333639772,-52668.65119418908,1423735.6111852445
432,27.500744221969804,76.32017645050382,27.77045778676479,-477073.1703445298,3370930.5933385654,-164441.4151344382,-6507097.549364968,-4701278.256447098,-53052.890586450994,-6774760.802650554,-220337.62433636218,9724514.434846515,-83819.88249798102,-21084.201804280467,1088327.161907731
433,27.54384591147753,74.03483416339779,14.104211133436545,-404657.5139428688,494890.50997152686,-139549.8355844752,-1597344.6678863226,-1035525.6310356143,532396.0835797222,-1650366.3215884506,-655031.4379759752,2256080.920008608,-446595.68857784104,217180.64130214404,1214278.4114357657
434,28.252938777284715,75.90486516093596,14.104036472915533,-617285.0660507114,1007366.9102983346,-1586065.542984366,-1277282.888786208,-819040.2411975978,255286.20040564268,-1840867.8350114776,-1266519.8207063363,1911403.9569810713,-1431448.4496047455,18093.088321316893,48806.888524937734
435,27.544217889842052,74.03536306625469,18.64587385674797,-456477.2639502526,887132.5429778595,-645318.403498082,-2347786.360772194,-2103608.515837699,400074.14754308277,-2822800.4620262156,-958350.0218656089,3566487.3594213505,-394756.09101348626,-79148.87558942245,1110634.5803796842
436,28.253240337846243,75.90541709137271,18.645575534811524,-513514.13854667393,1262969.6542422639,-940886.3911475189,-2080160.3900908318,-1823631.1367455274,77656.64851084225,-2617262.262904476,-820446.3324521739,3246277.7199047217,-624168.452992158,20568.401430935977,404689.6006683846
437,27.544614401400786,74.0360043564649,23.187497190202038,-345143.5428783317,1331881.3585663878,-491739.58240187535,-3059923.371571267,-2348448.3516096333,290500.74453955895,-3318355.193735956,-718012.7185161866,4531366.145538324,-304572.94259274605,-74867.86283811626,1212133.7509996104
438,28.253569623565973,75.90607973705742,23.187174540033684,-376512.8964972778,1450992.0994145332,-455321.55258129234,-2836429.7799515426,-2087655.1528627325,7949.8027572137,-3114124.886661276,-435030.61909289006,4168313.156090129,-244912.6140974757,-13875.840580565398,783640.2279818117
439,27.50066742535244,73.91977527899147,27.72913553844779,200252.34544536984,2036612.043674342,294149.0990498541,-3942564.936532044,-2910240.394788505,287637.17268884514,-3689776.487825493,-12340.509336792835,6233130.485331851,-116875.27926868969,-51898.324079041995,1426186.542166633
440,28.29819083166956,76.02362471438039,27.728777092931807,-574833.0958618757,1746294.905447355,-471532.301609394,-4135644.874749033,-2580805.184563385,-94221.74807481616,-4459725.935095064,-415846.4489658786,5575501.892037027,-79914.00074020983,-20694.456833589815,1128483.3655186626
441,28.47074576017565,73.67664560080782,13.812546629209338,-417394.7721785074,552118.0077518276,-135139.06303106775,-1650703.4511458147,-1049989.33272238,547408.2615922524,-1684598.7231421946,-657094.4912997931,2341277.38698424,-465244.116344532,243085.46565433868,1232687.4725985862
442,29.19151957098622,75.54224695426039,13.812361733675322,-651914.9953909222,1106470.8636350124,-1630925.2683293908,-1359640.7324113145,-889192.1549839431,274866.47679126763,-1916438.7268608508,-1331769.35671798,2071838.6834935306,-1488655.0494820029,551.0504733588643,52210.16157902651
443,28.471142282425667,73.67721108193095,18.437542085013547,-474930.9507684303,942072.3560942868,-657435.8285380302,-2377333.7973214267,-2139763.873232658,402156.8616261816,-2853356.9154319502,-975171.6077538057,3638234.099973581,-400732.95591946057,-86031.54039201717,1086359.493816858
444,29.191845028236493,75.54283615282368,18.43722936527246,-529251.0034806231,1366536.5013611882,-938921.4863936367,-2189897.628442358,-1962157.9052701746,91445.09406386265,-2743905.1426640744,-837273.2348801286,3479542.3890311327,-619119.0183056705,19780.64896683656,427555.68572080997
445,28.471563807891833,73.67789022572134,23.062496255396507,-350610.2697592222,1376765.5167641086,-495421.46696435177,-3058208.82953144,-2372979.236306675,295081.7674372549,-3313697.956768361,-726833.1441695997,4571264.880978494,-310212.24410563166,-77060.9843828243,1197644.3078211132
446,29.192200857077726,75.54353643566728,23.062160334512445,-384349.48186114006,1555821.3885812429,-446193.90515945357,-2948628.084846613,-2223644.709276555,25100.764501495076,-3231693.2143870094,-447829.38940159447,4404800.605349254,-240173.26379264056,-14725.115984544307,813051.0053680427
447,28.426911141794196,73.56197388262116,27.68746680307627,225657.93506998802,2081549.3415396074,310124.15648327896,-3909334.0569499577,-2939851.1623585406,298759.7182051757,-3641543.1923920694,-6013.49505815746,6264888.120543102,-120540.56605120492,-52952.88185606312,1423504.7640081663
448,29.237577560236716,75.66084053854345,27.68709401325724,-587306.0443629799,1866518.771828604,-466076.6726971775,-4285194.310788441,-2745293.9328649985,-76676.21793041883,-4616680.162385199,-431651.6783367464,5861467.895490395,-75418.28691264751,-20373.299402602675,1176475.9981274847
449,29.39767496970407,73.31853188793085,13.520880755501462,-431954.1620676713,641613.2818107093,-145722.97405287283,-1758480.2171556267,-1112453.1113685893,554747.5304272834,-1771922.517520443,-674190.0273349494,2510048.6905455585,-480955.79972506274,261963.8766356171,1248136.685559857
450,30.13007273685427,75.17955878624574,13.520686223852348,-681837.3875399504,1143986.6136408378,-1689834.8270978685,-1392958.4179226789,-888093.3855491343,290586.5121922792,-1961536.506801829,-1385105.1358416334,2118956.041646482,-1560373.3681648471,-24734.832441298087,61200.53332087476
451,29.398095191556273,73.3191343746871,18.22920793237004,-505516.9120776466,1055965.3760667315,-671476.2248844871,-2477462.188936809,-2279671.299538482,402008.59738315677,-2986276.914462153,-995489.5542263603,3860738.7077931114,-405513.20166019344,-92106.36087240744,1056058.1413907097
452,30.13042277295791,75.18018502161121,18.228881378055096,-535349.726188426,1405266.5237838926,-935151.285624677,-2211448.343785424,-1993993.84717847,101886.05716672928,-2760400.0317834113,-847628.6400986492,3542794.1838528495,-613345.4180934543,20007.300360608268,441779.8501798756
453,29.398541768698273,73.31985060448773,22.937492906224527,-368289.0644859881,1496362.3346515098,-491924.5461526194,-3157675.0060568997,-2506808.1322074034,297247.03049222246,-3427724.2828554614,-733620.3725733996,4797493.379441762,-312192.0816920967,-77103.11322465427,1183058.196192176
454,30.130805165929896,75.18092205408473,22.937144299956852,-380605.8742265128,1581518.3944450857,-442768.76417845354,-2942994.9306032076,-2243394.3730123616,42038.65350680085,-3216905.8039911175,-460405.20606534893,4435454.766096586,-238102.87775632326,-16242.991621997036,830444.0730959561
455,29.35318709391031,73.20425585252025,27.64579575911372,240042.51114029693,2229511.7228393545,342096.2505249255,-4021368.467895281,-3108654.4353351016,308932.53306441585,-3748684.04517169,6415.727328532755,6553918.802347737,-121569.57176750274,-52397.34265153198,1421449.1248411087
456,30.17693437284878,75.29797557078012,27.645409136003412,-588739.3810968752,1874950.8063193683,-476229.8194310471,-4264802.627016087,-2764942.080769965,-60809.91514539062,-4600544.823520803,-453947.65500039136,5864474.084312644,-73977.30731580137,-21008.62858351261,1211838.1317783273
457,30.156579628962184,73.01439109842349,13.229214910536482,-584964.341594172,1568335.5549406777,-211654.08590824885,-2913963.1134275743,-2548743.574326999,467332.9784382147,-3157596.7270832174,-825310.4798075631,4754624.334329037,-488000.5506543948,265274.1104277361,1255491.0597411455
458,30.917940751175767,74.86370520289577,13.229013758151625,-647611.9433473303,2493318.1205372345,-1648485.3021424944,-2357734.3443158045,-2182140.610620715,272222.84268010687,-2906824.783279441,-1352789.4318523651,4456835.090179216,-1612309.0263944028,-40237.91273993172,75339.6934654995
459,30.15701928855389,73.01502337699412,18.020873977275958,-665718.4966519219,2547532.173575971,-672775.0962532924,-4158517.8848723997,-4753000.735263957,305997.2280128478,-5391005.701770854,-971882.3207408997,7571926.603182511,-401727.7308694887,-103105.0748008472,1030006.01585723
460,30.91831227923735,74.86436162801081,18.020536629885346,-580050.8287109699,3006843.64971797,-856067.571753113,-3701948.012283362,-4192561.6847770563,60622.81492521962,-4725734.002649607,-758590.9067770889,7055050.158680585,-612863.5075642581,12999.04865989846,453619.4641329613
461,30.157488308720016,73.015771333865,22.812490540854157,-519184.3706587751,3404637.588366013,-311388.4955366035,-5349220.165243201,-5138472.444349975,217947.34726312058,-6033418.118228947,-627925.1676931273,9235408.00809271,-314199.57955830166,-78162.47599432465,1166479.128072915
462,30.918718466267453,74.86513075262454,22.812131524713394,-488368.6923726356,3369026.3437068174,-255075.49032876815,-4906350.531277737,-4576831.721688687,10057.002674086454,-5467310.025710783,-372519.03862466954,8465411.22534087,-237490.2804441577,-17023.557585337123,846153.1057393856
463,30.110345269122725,72.90093992082215,27.604125974220597,190995.626237566,4620825.650492014,750530.614146558,-6833483.770855165,-6064320.983615065,254170.51215845012,-6698258.185459872,256718.10344858162,12003891.972887434,-124332.14812470559,-52646.44089560124,1412900.4743407273
464,30.966681692033532,74.9814836815006,27.60372789668933,-657295.5392329658,4000367.8168795374,-126711.80892533553,-6753543.758587943,-5347067.5767839365,-70755.71969518893,-7171821.360227239,-258974.10363871307,10647155.932587188,-72706.94866616889,-21385.350629246142,1241543.1468770276
465,30.761944271183687,72.7583651177612,12.93754894036476,-572504.1745667256,1592808.0130821452,-181926.14394064806,-2876172.153178829,-2455048.825719119,469255.2575520176,-3053643.5082397014,-796151.4377093165,4688172.640523791,-480305.0910152514,249829.4405667629,1251303.5431558227
466,31.54063920226083,74.60054297654622,12.937344199916115,-626344.1041658814,2687942.9545391626,-1635973.3256203905,-2481872.82421339,-2312244.817371057,278327.8004123983,-2993995.8052005544,-1343884.4274603112,4763505.757413756,-1632802.610014488,-42624.84970745479,101598.62428668755
467,30.76239956924557,72.75901983928513,17.8125413432406,-656931.2873751393,2557126.6125340853,-650857.6216023427,-4038552.6891637756,-4629898.227217706,320968.27504641074,-5201128.576654147,-972137.8756476827,7422604.155858431,-404674.13380241673,-106603.40479134295,1012815.3114927902
468,31.541028222592754,74.6012219364344,17.812196495131086,-555540.2252946295,3251556.0498624095,-826747.066191241,-3837344.5734027764,-4452924.227535188,72238.87919586389,-4889277.388554179,-740112.6829412899,7498658.829872005,-616098.2770879855,10578.338112613268,464950.00143305125
469,30.76288868967212,72.75979488905412,22.687489761948967,-507525.19721714174,3381183.77152801,-304829.93367577763,-5172525.269992915,-5005756.906918825,230600.1591015784,-5815279.892353035,-632382.5537352555,9016491.086723384,-318534.9088371776,-79831.54529334506,1151273.1276213238
470,31.54145523682164,74.60201840152294,22.687122826422254,-455933.04046160774,3632619.0374925067,-211312.60968013504,-5069845.4375663875,-4854063.469851131,26239.03352576789,-5632748.111056211,-353285.85916139826,8951407.357568372,-236275.56094863225,-16042.95154857457,868095.7310414746
471,30.714682151055605,72.64543696402087,27.562457547819317,216777.364109591,4553254.250155038,747279.1120129704,-6557019.040315433,-5896479.822092431,266385.6170078226,-6396059.666016934,250038.41240248593,11663331.979892047,-127454.00162816037,-52199.38847827749,1409064.4951623422
472,31.590522879908,74.71795284421532,27.562050649455546,-618007.9618025846,4319118.991727742,-65387.98569496209,-6980346.1219144445,-5688150.086865844,-54211.33594963231,-7386574.281499647,-229079.7312186703,11251377.056948513,-69195.01579153334,-20395.27697962135,1273213.6209010608
473,31.373104434185883,72.49999827403423,12.64588231081549,-573738.1323098337,1677597.4011109355,-172073.11589136475,-2961354.21036206,-2547530.6217067367,454412.5970602825,-3146766.409949371,-779032.3400103084,4857584.9028694155,-458935.7360082742,216333.0003315814,1226537.5365431516
474,32.15754459312529,74.33972647753322,12.645673635359387,-631342.8169629439,2672526.1540216664,-1647177.2394715934,-2514836.2853479614,-2324591.552915697,277466.22218004125,-3029028.705886903,-1356936.116697871,4779970.920171903,-1639398.7928160515,-59986.91611256886,133627.99536220043
475,31.373574318400365,72.50067355543294,17.604207626806634,-661502.0758797915,2676217.2425177507,-640643.5717475507,-4110421.6642504763,-4783634.634949428,328873.29144396045,-5307323.50653605,-977618.8630501472,7659013.964476606,-409689.95735515864,-110837.03317623946,986233.9904602737
476,32.15794979685372,74.34042568690258,17.60385567290286,-561246.5741621291,3266036.036129627,-822515.6470341061,-3827353.0762692383,-4471971.215244461,86028.54572065517,-4883429.817449202,-754319.896193592,7520023.528576184,-619072.5803413198,9632.831752904178,469366.6936712693
477,31.37408378826997,72.50147566581428,22.56248781286404,-504012.0346603012,3507760.915683841,-286866.16133623477,-5248980.506610981,-5166480.5291240765,237309.49450780475,-5917482.332078377,-630000.8302670456,9264365.882032726,-320144.11941333686,-80697.19364331676,1132891.3726724992
478,32.15839768169364,74.34124910176435,22.562113434173668,-457255.61366088246,3635472.111537665,-211472.82795202313,-5039862.636501583,-4876044.924127537,44613.01261509357,-5613628.56968084,-373625.6773829959,8953997.916988594,-238250.40291189155,-17093.85981391433,880916.6744835845
479,31.32553834259387,72.38729839312991,27.520788031262708,242579.43795441813,4698906.799410764,779143.6309782685,-6645354.092516393,-6097194.176401018,275850.3959020329,-6507739.902366736,263815.4529747837,11964554.317735402,-129643.91781849043,-52567.1256373152,1400898.5325352142
480,32.207845592921444,74.45705752650565,27.520372696254285,-628494.8833472901,4291068.6777066905,-75347.58416068228,-6924306.886054125,-5709765.885158292,-38345.09403128122,-7363384.202690361,-257688.67430316535,11208299.087192243,-67416.76060206963,-20913.93626975007,1298203.6149174168
481,31.82378327820353,72.30615989553452,12.35421560389236,-226853.59650592133,4959793.125250289,-52760.642526238924,-6164206.218935677,-6943891.375001002,248835.7778460849,-7057277.032125451,-396999.0226980072,12134454.941041594,-456713.05968892906,189351.02336106982,1212839.0867213178
482,32.62542279242021,74.13842724520772,12.354006361957582,62593.76180323935,6981124.464974331,-1202301.6475691576,-5141742.3899028115,-6250477.239426098,162954.36360653638,-5756984.604450515,-558719.2165846007,12157120.40024353,-1644632.9463692377,-32082.95120371736,134770.27853315408
483,31.824264411628164,72.30684956436265,17.395874075804862,-28864.324981174897,7638391.32869237,-276336.0718985717,-8677920.50014321,-12411657.616764316,130924.71400986957,-11845748.574610066,-232189.42032958084,19411128.926752277,-391860.07215279114,-131311.17312601226,981512.7294397528
484,32.6258403375427,74.13914109597874,17.39551766977112,189627.97094184207,8383327.947545086,-319822.01294295955,-7761257.463698604,-11158785.653376663,-47478.34603048374,-10164240.75235019,70237.36778333307,18347137.290110826,-629784.9747292802,-16829.494237285915,487229.6445349997
485,31.82479126887006,72.30767432618792,22.43748671148473,396045.43303631013,9792275.506067775,663537.3911600122,-11218530.387686577,-13338881.213105164,79885.99218182165,-12809952.764034698,428595.0972813936,23233215.9970174,-323387.9809402452,-81506.61238999563,1112884.8807566303
486,32.626305945612565,74.13998755036202,22.437106737350643,369580.25163082266,9371242.653357027,674373.4165101866,-10259629.800378537,-12017422.635936327,-63812.22255758509,-11488611.503104212,562004.7318438486,21341803.092758406,-240118.24921128925,-16157.218753011339,892165.5631645815
487,31.77518817300015,72.19398704071602,27.47911955966915,1516194.3610524177,12430301.075685846,2397850.543687722,-14454422.006166868,-15278096.437036486,184660.96699186423,-14358306.762584431,1752745.6831744623,28949907.059835948,-133062.971058246,-54196.83843797687,1385933.9260496297
488,32.67684699575317,74.2553535343381,27.478697847912006,456202.56071171677,11015653.978483446,1329948.9249627527,-13639935.164558286,-13609879.642459398,-73211.97423764794,-14022348.419985835,972388.9070163214,25851764.977127425,-67086.55084536008,-21546.49459156235,1313697.7328580061
489,32.1225809989479,72.17311779803461,12.062548758544214,-229464.4450271125,4792061.4315165635,1853.9104889065493,-5869516.47632291,-6517447.522502268,269226.04553873825,-6592470.328101502,-393099.34151368955,11550020.56659355,-450228.46737760154,152578.44843582044,1203326.3905483945
490,32.93567293944974,74.00037465439898,12.06234212459109,154012.46228051907,7331590.120877058,-1112892.9629748703,-5287483.469264906,-6435834.4290561555,156745.98992521234,-5808582.326899634,-462480.3784524021,12643772.325534739,-1644007.7315849494,-22673.773412903953,155551.33033966078
491,32.12307060171057,72.17381654427578,17.187541561115225,-54235.21698417654,7393268.658351018,-247313.03676926112,-8275400.809711718,-11866947.95878411,160572.64249961756,-11257701.841713972,-267296.594766297,18616718.841077846,-392963.011505224,-130508.04027461598,972791.5285692821
492,32.93609917826037,74.0010980183683,17.187183583725194,296841.4591907654,8887415.58712809,-244796.91421147017,-7980926.927336623,-11687959.145810781,-39204.51527099865,-10464816.260265278,163556.35982789934,19240720.032544754,-649308.8205468818,-24525.803465397526,484862.0657487704
493,32.12361197838696,72.17465988930441,22.31248686247232,349365.0434708302,9480318.4905141,634321.6335920657,-10714767.946819274,-12826867.755000027,103517.83813030123,-12241655.72205921,365105.14525004965,22340555.744386166,-329024.56446094066,-83247.53179940175,1099829.4532819083
494,32.93657915144233,74.00196348011185,22.31210320249737,493651.16835059645,9943246.09740338,786530.0542507127,-10583611.732656073,-12646262.479558015,-56305.20562940899,-11862491.560767502,670520.4956724902,22415398.385099698,-241917.24730031574,-14698.435256356976,900353.9960399199
495,32.07330814608718,72.06130625558193,27.437452008681884,1441732.029046571,11976555.335078785,2306790.4012669288,-13737100.524192799,-14629405.247932874,198498.83442761478,-13635859.446196035,1653526.6757033407,27707410.535884976,-136233.4828528318,-53722.27366301995,1383215.0248254281
496,32.987850948805374,74.11703702915443,27.43702612354293,614850.299844285,11744702.456631342,1497463.8281623404,-14140541.123210965,-14389873.186745683,-63634.99750665089,-14513239.925604502,1117163.221545077,27253093.288697384,-66435.10988539273,-21383.50744550644,1324531.0764831542
497,32.4242538528891,72.03885097000968,11.770881937111561,-191886.44407220068,4933372.629995709,48621.85061654402,-5917934.108000259,-6615366.281683242,264789.2503082694,-6617267.203325461,-347563.35881114623,11754938.598676661,-441929.3147721436,120231.9396744094,1170171.988214256
498,33.24304882144538,73.86354867394466,11.770677094839266,132993.0307753326,7122408.709856767,-1090632.4608620878,-5145913.262170498,-6216622.7021450065,159706.0629201778,-5623746.008529093,-474787.0612896944,12263302.349588798,-1624403.378483368,-16804.96481990984,169542.66505620303
499,32.42475171676048,72.0395580105763,16.97920875325437,-2238.049341738224,7627740.287095584,-191215.07630868442,-8386112.355644251,-12161573.710556334,169205.3598733154,-11426976.241996404,-220491.22529370675,19081754.62873528,-391275.9536363657,-133094.3049281426,963223.0155773521
500,33.243483091154744,73.8642807761665,16.978849447583517,272604.24878907995,8731473.824578749,-252538.51307404973,-7781518.68401514,-11448279.021361707,-16624.180274503524,-10218927.522280624,124631.59901881272,18845835.483555593,-669604.9524044768,-29597.39352584093,480071.7496590829
501,32.42530767032687,72.04041995270265,22.187486714437952,414188.2326455144,9786345.06709182,697572.6299127156,-10876878.535795595,-13217967.527891312,111091.13113057944,-12472914.906564813,420037.00397679786,22950983.83223806,-332360.7895944467,-85096.28379669483,1082629.6450623558
502,33.24397746341901,73.86516507131186,22.187099530591315,467247.73620611476,9778496.98037632,769178.7839471395,-10344848.548399065,-12460665.49900728,-37256.952710526304,-11638905.87248183,627901.51704415,22025927.855967253,-244517.64500910684,-14310.546352895939,905106.1687748145
503,32.37466270953487,71.92724682611646,27.395784164372465,1537218.1398989775,12382843.782557085,2399277.27630674,-13997233.884100055,-15114532.002393419,203591.2978581679,-13932852.099353887,1736572.6672951458,28515618.63082155,-138374.56261956238,-54543.408106589515,1374337.5478282722
504,33.29562066662116,73.98009930672579,27.395354249462095,563319.3320297287,11505602.604259433,1449424.798133776,-13816023.32925887,-14150049.006380942,-50196.19702486286,-14238317.549212577,1051232.4336882285,26705431.84994728,-66496.44983390029,-22023.838840448403,1335515.1529895635
505,32.72222445138144,71.90398385111433,11.479215470317786,-186814.49941815948,4993680.100314475,91565.3905585336,-5810893.282221416,-6568490.4365836,254069.02324354317,-6482300.313279655,-315946.9351629092,11696678.239897415,-432944.08141458576,92757.50386634469,1129986.3053107073
506,33.55240924348547,73.72352791690378,11.479011900403766,134377.31008623494,7117133.515987211,-1044104.2834973782,-5065489.865182024,-6178311.867522436,143995.64894415197,-5543414.035613493,-437053.13286356704,12187873.711053133,-1594150.7728012803,-7150.899810234508,174066.74017153014
507,32.722730552058835,71.90469858222191,16.770875796510815,-2940.3200464169495,7731972.643430801,-144395.6231260579,-8304561.860698476,-12174142.892468575,158780.90800301032,-11340107.505783437,-195129.60051909112,19119873.80656086,-390687.4152756566,-137534.65420660342,952119.6089853211
508,33.55285120665973,73.72426845455983,16.770515174649795,267189.0817719167,8820489.741384957,-231626.39769681497,-7703878.633937528,-11464945.028882828,-23572.043225554393,-10156878.332829272,136068.7247951769,18876862.03349416,-687399.2901206813,-36942.76604760322,480482.7390842622
509,32.72330105543634,71.90557886268263,22.06248669647183,404358.06518627144,9917156.942107026,728642.0326787413,-10788723.072235547,-13305227.748708567,96631.01451143209,-12434584.52794356,439076.3994144349,23045665.168501157,-336468.8250540079,-86767.05504529372,1066627.2676443425
510,33.55336016531687,73.72517145214651,22.06209603109404,456060.9419640647,9892122.689812202,793807.054637077,-10267369.522025572,-12547578.94318335,-48386.891817888136,-11614108.990998205,640020.2319478599,22116079.445463687,-247332.94969346066,-13785.235343008599,910895.4773315424
511,32.6719595531394,71.79274811358229,27.354116691287608,1531242.9192856634,12540807.93271788,2429072.630651634,-13898073.010985142,-15219496.076304384,183519.78180654877,-13883792.691248372,1761485.5816137218,28623430.59228984,-141182.022438233,-55078.70589155431,1366302.4090815615
512,33.6057303166668,73.8398043453779,27.353682743466976,540518.9026417332,11630211.236824531,1472853.9605646282,-13735813.930161918,-14252654.496611824,-64134.709770815956,-14214652.921082107,1059465.3328874605,26798771.688225538,-66391.54526759741,-22317.777478620483,1346537.969328293
513,33.02218695302781,71.76593912790744,11.18754887511458,-193339.23448179872,4875025.331704815,112896.48775268486,-5598795.5850875685,-6387726.875649142,264442.03564741864,-6247250.361616498,-321421.05691242364,11363254.00350463,-428198.60406726546,69518.94639371455,1083971.850819656
514,33.85805952092198,73.5828880730421,11.187346467391556,176711.05904381187,7223865.068361041,-987304.5155492972,-5081163.425098792,-6291311.61765684,139345.1656638693,-5571964.3125903895,-377506.78318204015,12362742.707627982,-1563144.8383186432,4642.805127507784,166136.5259290418
515,33.02270153252282,71.76666139066916,16.562543192641737,-16547.87921417551,7596804.558630271,-123572.55228946637,-8091335.846789506,-11921622.182367934,178239.68235736666,-11055262.739358239,-215435.7052664502,18727382.57175132,-390731.54100154067,-142117.8369675404,938495.9394045174
516,33.858508921160734,73.58363693667657,16.562181355271353,319704.3238763339,9052936.933147075,-194092.77517928835,-7795607.104079583,-11746135.987184322,-11822.681721773593,-10314654.09694052,175873.29983656225,19317329.278948084,-702267.364385696,-45212.16746034344,486075.383475846
517,33.02328667363868,71.76755986143085,21.93748679201914,378462.1923904503,9749050.992308134,713080.5032209316,-10524137.069564871,-13098146.63750403,113759.83336979397,-12181785.764033778,399292.3663318408,22623087.085621454,-341745.3789400845,-88755.01900941809,1050499.782240348
518,33.859032467252966,73.58455832927305,21.93709280052228,518658.2666357877,10173316.788232638,850302.4339484726,-10412287.357156986,-12920550.647442121,-37606.256752730675,-11832322.409833768,686978.9580414767,22687620.940609183,-250470.80263538312,-13542.785697438205,916523.7093006657
519,32.97160516439776,71.65491171284647,27.31244907070435,1493530.652254481,12299868.818366643,2379514.891955477,-13534163.891723478,-14956510.291888146,193775.7137581826,-13567372.044317838,1704272.95720908,28036013.449685365,-144552.8303120057,-55675.202200358464,1359130.9152556995
520,33.91177352359386,73.69904976076378,27.312011232521574,616476.1761351246,11988466.683868274,1555924.150542092,-13980473.944562003,-14715741.156401029,-53063.338769364236,-14507044.703139244,1121000.8567884911,27546910.856896237,-66425.13521200718,-22697.04494881784,1357128.9711718129
521,33.31933046766224,71.62924506877376,10.895882110338416,-124426.81062591448,5155547.199332348,169045.16902535153,-5662242.311817951,-6641486.481781242,261694.62271597283,-6329801.367444714,-258508.0808500695,11788475.006026566,-430290.0737169915,63841.7870785996,1038860.4319192558
522,34.16652837899153,73.44089787001508,10.895680792854334,133037.34558934276,6871322.416810878,-984366.2800462481,-4777028.4601633195,-5962770.836616588,147528.63511464698,-5277549.742117085,-406175.8790419142,11703719.10351297,-1533312.155333471,19133.59881490887,156191.1343290212
523,33.31985373440203,71.6299749185603,16.354210316635765,89370.82127048727,8069374.016347861,-33137.174913866445,-8308658.172582779,-12475117.665325833,180728.93745489974,-11380801.860054344,-114451.33573734059,19620860.858496167,-386567.30582000647,-150427.58919553307,924075.4492760529
524,34.16698518227476,73.44165542289586,16.353847240199066,268284.37549030315,8715124.876437863,-216327.2257521674,-7423544.4769758815,-11231386.545539575,13305.369210383897,-9833667.763621101,111150.92685659985,18489598.862940505,-715233.6253520253,-48689.19855257971,488811.55242084654
525,33.32045342559172,71.6308912887849,21.812486621383925,511645.32159218844,10344193.7874906,832325.213537395,-10833087.041657718,-13772490.423268884,118533.92865264854,-12573617.140067993,519545.8768593188,23742235.585828856,-344446.454174399,-89978.2468900174,1033870.8570737072
526,34.167523367413274,73.4425950615713,21.812089326118908,462180.5341480253,9813754.16391212,803428.200116483,-9937114.826853726,-12421800.320639974,-15874.581379212395,-11320801.941347986,611884.2237766574,21788280.61574796,-253452.90031161677,-13542.671501462266,921330.9747051802
527,33.26807970240138,71.51859450118096,27.270781165325303,1683815.329014053,13100389.668865083,2563164.589004872,-14030100.406579018,-15806940.368726715,196909.92862262923,-14076428.922748955,1880132.2280991124,29543666.281533845,-145802.31028691187,-55937.80796483079,1350079.347163213
528,34.22098783670661,73.55677625541531,27.270339446841884,520156.29933038447,11495912.996770984,1454070.0693645668,-13322240.194700828,-14093035.137489902,-38720.24098915587,-13868032.024797857,1005649.6853649509,26332521.70489884,-66434.10350637617,-22831.04087821074,1370897.6141834
529,33.762397630651094,71.41859497582358,10.604216320881077,-594383.2047815687,1858041.6411935836,-41115.60877333628,-2604581.681910155,-2525784.24931575,399662.0262600155,-2795453.8873322024,-689789.5635076934,4707786.278478572,-406547.55126442853,30098.250111905672,971919.8726166091
530,34.62655806887636,73.22225079175803,10.604011913366357,-566585.2285511835,2694863.9382985434,-1445537.549820311,-2283763.2158128535,-2289604.352662456,192276.61439271845,-2827408.9789646803,-1117879.539500303,4628029.678392033,-1487332.4614372863,-7902.388356707363,161155.4212273366
531,33.7629336967002,71.41933714468668,16.145877336711393,-689923.7632243905,3009860.369702751,-488148.0117322813,-3856303.188058938,-4880489.867545591,311368.7804161152,-5058341.14470309,-915221.5865671933,7805351.326016363,-411897.7199909387,-133304.57516207124,868821.0883788166
532,34.62702569441513,73.22302232757114,16.145510445961374,-590162.2894869533,3528064.8047157074,-803223.0929216372,-3604434.5801103776,-4577172.483761234,93631.46131102275,-4739905.72358642,-760711.7312755848,7635296.877169122,-716246.3534244574,-20790.786472868676,471332.39280911814
533,33.76355142988953,71.4202749104546,21.687486207859138,-563491.9004210634,3893431.260306461,-208472.7762835126,-4977980.935087885,-5439198.17964127,207378.39805009187,-5785459.685599866,-606078.9937839641,9513005.262985716,-349322.04381369863,-93215.96571618335,1014737.9259760972
534,34.627582606021484,73.22398365874744,21.687084105382482,-491613.3942027481,3972427.4309365368,-151922.47462464916,-4821861.653991923,-5153144.8405059315,42595.08002933993,-5520151.944543442,-373092.8975276882,9222136.404180273,-255342.19586385274,-15848.596907801468,932456.3103301022
535,33.71013662614677,71.30850085680451,27.229113283801155,233404.4499210189,5175744.9737901,859619.8932580989,-6324392.6746867625,-6441617.773067057,222132.14385430748,-6325523.962964726,324507.15353292227,12269786.126401026,-149128.69824285986,-55640.95501014244,1342412.6861683181
536,34.68212643849196,73.33768852185884,27.228665931434808,-721078.2828692019,4660712.322454455,-14321.726384725422,-6703170.805395238,-6052202.149559039,-47611.58207325379,-7291927.51684191,-277159.12762406387,11494398.957666501,-65779.4962224994,-22406.91824861505,1391797.518518744
537,34.35986734490382,71.12998975585629,10.31255064952575,-608592.8718135369,1844645.6799732044,-51488.78755461238,-2491813.9967461936,-2584542.518791566,401366.50695611455,-2755292.2354183802,-724795.3549587777,4664651.610982213,-410759.53344422864,24796.40976982944,897120.8230450362
538,35.22966803683824,72.93094331292032,10.312340426087962,-558844.223862729,2721781.5644132495,-1438068.9454715182,-2247186.55747245,-2429640.2234565564,195408.5002550716,-2903065.692388839,-1081034.493399798,4708968.58086764,-1457049.7070168653,120.11329192049776,133321.13034000326
539,34.36042109350977,71.13075028354926,15.937544422893598,-698040.7936734569,3001710.386536091,-488935.886909646,-3780925.110336212,-4889794.507646479,321687.7525388075,-5019186.125979241,-931089.1320637217,7765008.96399595,-419986.26420092606,-143378.66775458833,825630.8797295438
540,35.230150373732236,72.93173485725552,15.937171305596124,-579689.944473742,3585469.094082665,-790521.9168367493,-3630372.4899667557,-4717647.929849786,106572.4740607575,-4825995.326775022,-759036.8177101,7800289.377257299,-704907.8982981389,-20600.067573663237,498324.8672007245
541,34.36106068138437,71.13171310300368,21.56248510519082,-565953.014204592,3860707.700738882,-213402.09585519042,-4881247.151306218,-5435659.383561406,218167.14885048577,-5725867.998185533,-623461.5579676974,9430682.146832328,-355627.39424666594,-96027.14714921618,985729.5589612515
542,35.23072982601737,72.93272110891596,21.562076900038278,-479424.0989029007,4039251.909268761,-142476.64701418206,-4847308.085186646,-5297040.653641512,56787.68065557579,-5595503.804989942,-380124.63750401675,9392979.605845638,-254071.91499452703,-17634.63406322419,952532.0065639508
543,34.307316170371465,71.02013363526433,27.187444473283605,245139.37904338865,5113759.231561033,850074.5913623217,-6188759.134738722,-6433765.26247824,232457.03306601848,-6240427.318036316,308926.5766865503,12140473.943316512,-153484.1469610581,-56873.04448250603,1327377.074129724
544,35.285648818204976,73.04628275302066,27.186990038753446,-713860.0929105557,4736595.660819854,-3833.5659196053166,-6747669.284934266,-6229911.32421158,-29850.305789952687,-7389688.141826714,-293494.0152725921,11702084.159089003,-65296.634089449544,-21918.854770905287,1420439.1221336783
545,34.948966014962124,70.84560781393782,10.02088412607194,-586584.2534014151,2005451.3212240636,-37036.84990342287,-2461941.8938251263,-2770571.9117067424,412992.6268261221,-2770604.922734604,-742049.3095554424,4894484.450209272,-433734.0785295776,36780.85971254267,856796.8722708755
546,35.841145338701146,72.63540661779172,10.020669784762708,-557154.2416598704,2587691.6429507374,-1452938.836264303,-2044839.9109126376,-2312766.0929524666,205484.94231434944,-2770920.744039279,-1062368.7679571193,4410888.077022962,-1464520.9084379636,11605.089792906592,113797.9806628493
547,34.94953848851028,70.8463886427863,15.729210588398677,-657523.2944918728,3283704.9065125873,-451051.1384310321,-3843445.4454993177,-5218897.909526203,328044.2855168295,-5176098.941941363,-898189.9109505273,8249419.3264815705,-424831.1439271894,-150413.15831107082,784236.6176455328
548,35.84164390064372,72.63622065142593,15.728831161483974,-568971.7871692133,3437760.6181761,-790007.8113152595,-3408450.293606341,-4495464.666664809,121894.55151469944,-4571032.033221286,-764401.9203440079,7414214.973256919,-697082.6197171756,-17184.677228641613,518960.9148976573
549,34.95020006630138,70.84737615142816,21.437482946461635,-509266.1067181134,4181596.6324019427,-155250.26112249005,-4981800.99455109,-5783833.054316281,226690.45192086836,-5878130.501417398,-580969.3852543542,9976180.151233092,-359181.85373259406,-96745.08966307124,962456.8713934548
550,35.84224606321341,72.63723200223535,21.437068556581615,-461243.5363651209,3869449.3150543687,-156174.4940304777,-4557405.395065849,-5040939.203123117,71677.09447618946,-5275976.492145975,-393392.75504360447,8921400.531848349,-251074.1088149351,-19847.54712129683,972153.5493084006
551,34.895079679954435,70.73651911388711,27.145774539817968,340799.7991796017,5528794.035245572,944929.5581779942,-6358037.2539333245,-6872521.180330622,240705.271065006,-6433263.243396901,384260.0447256842,12863526.59127438,-154224.8139664271,-55080.934015061146,1319557.1871953406
552,35.898586911107316,72.75012211241295,27.14531309824761,-711597.8511295859,4496315.178263105,-49172.77438467089,-6348337.8643714255,-5909994.248996545,-14006.57647345946,-6986068.437190495,-335825.78115462826,11057438.771093966,-65249.93661781395,-21536.12757493625,1451226.3900655184
553,35.82133755523033,70.39687157713242,9.729219738620234,-525052.2726764937,475984.16321954865,-60926.656767394685,-911505.823756402,-593296.3177034208,478029.57287760347,-1080376.1468085959,-434219.8707397121,1404601.2513239677,-458661.6064619855,43789.64266001101,822673.5072756502
554,36.746976874943286,72.16972957564695,9.728996366103608,-584217.6307547413,687394.314731291,-1615558.7731441362,-747968.6958215587,-368395.66109193495,185335.752747481,-1678452.2005950147,-929857.7449886218,1095927.8564160506,-1492574.956360322,15656.300056253642,76193.40642327604
555,35.82193937844088,70.3976862317366,15.520878286179856,-556437.3902149086,763464.20640641,-602814.9725960793,-1382136.4011500722,-1331091.6899468456,355622.534576411,-1711342.6148138328,-935803.2918449405,2251357.7502541947,-456625.48191887286,-143695.37560227248,713969.375543974
556,36.747503163789645,72.17057979181891,15.520487795058528,-453472.8735477659,944739.7551452792,-953351.4943752008,-1282472.1136585856,-1087977.0943307662,87121.1825110023,-1705599.1787063463,-791900.2230578737,2035414.788986533,-679047.0812619694,-1249.4894535457524,537225.306570279
557,35.82263124966056,70.39870542650269,21.312481680001216,-352591.89464531856,1026454.5823329852,-534420.8374332727,-1778564.5423463515,-1510103.830506353,220989.92222132295,-2007272.8087023676,-675254.0560285718,2821968.7149853334,-370014.8442943207,-100369.5564886648,923421.2783803372
558,36.74813683324946,72.17162344410391,21.31205819823048,-205033.8902391839,1075731.5327692886,-464624.3828072009,-1742600.0769974007,-1312615.7144641818,32948.420294330084,-1884315.109371548,-398005.6490795427,2688394.0181739945,-241937.04290128374,-23045.104324324653,1008061.491857117
559,35.76544927585425,70.28893681974237,27.104105635351203,387965.156281216,1663555.6591450248,266771.86925214005,-2251342.212815555,-2055237.9488494943,205152.3088292785,-2000073.6475086566,117868.92648306754,4200497.405703969,-160606.1407144307,-55042.935235117395,1294854.2101633255
560,36.80660021608669,72.28348482920374,27.103634220006793,-547940.3167021775,1222014.6120145447,-607699.4913057357,-2801080.667754857,-1775267.5992999987,-77581.59149212112,-3151306.751873137,-519853.55802265543,3737535.1139024235,-65095.48047584653,-20459.031712565473,1494217.5137419086
561,36.99370705770517,69.77530992223875,9.437556214904264,-551904.5113516881,482573.1326556562,-68758.87905095817,-857505.095151978,-578253.6534956016,500825.3575370902,-1067961.9468134833,-432384.17420142656,1362255.8632679197,-503397.982545583,64529.45058613822,805429.8794273869
562,37.9304334679738,71.54237914440711,9.437319947739976,-622035.833203001,716700.2302477991,-1663384.8625255527,-720206.9850987288,-400509.3574675771,227715.5803098118,-1742032.4757443033,-933064.9837534653,1106376.9940170143,-1548755.7100479547,22148.201268119654,42168.183306772975
563,36.99434870489885,69.77617242405469,15.312546538855129,-589075.3189046348,750757.0474334545,-636149.118118179,-1300560.4867051658,-1335239.0495081886,362660.9520484378,-1680982.8024824476,-973681.7982875584,2180197.211180646,-487760.4529886553,-146491.33350103442,640979.899910026
564,37.93099928743345,71.5432776452939,15.312140841621238,-443767.319941025,985151.9953070325,-936367.1871249989,-1286903.1265568885,-1164263.365781001,101951.9381810769,-1732446.2107561138,-779112.933356227,2116576.63235335,-652770.3459099302,8126.600534186315,578939.6980531239
565,36.99507984059651,69.77723093645997,21.18747956966061,-358198.3087824524,998605.0966361033,-549980.7448372443,-1684022.8654775894,-1500344.1086958945,223486.93316649564,-1950063.7825338743,-685227.5434065041,2725717.3689567847,-385241.6706020273,-103406.95900981897,871029.1071419176
566,37.93167308581327,71.54436049500075,21.187044627018537,-187712.62204002665,1106980.5034827339,-455116.37021994864,-1747600.5712490876,-1381783.880910202,43711.27166175897,-1905308.446866358,-390245.0208680509,2759704.9789571674,-226511.8160681431,-24581.989811535434,1058426.415797832
567,36.937242231967716,69.6678580368653,27.062435490786797,427433.5119443085,1623378.1536778426,269283.54951032856,-2123700.6369288554,-2037949.5661863838,210919.81406677648,-1899347.472439334,135277.04927547288,4084165.638296341,-167711.72094940374,-56609.436289391735,1260450.9766047858
568,37.99086797971601,71.65589375359333,27.061951830173626,-543460.5011752031,1247253.2955472795,-614691.0093333537,-2807222.205910828,-1860427.4279082343,-55161.806144825336,-3179307.362869462,-541691.7649536225,3810100.912861808,-63172.295206696035,-15510.722036892863,1556968.0376844096
569,38.16064178455174,69.15684042930052,9.145890379149247,-566917.2618497298,521985.2179765728,-86372.59460758234,-830973.6581655231,-604392.3593374867,519639.45623403497,-1058749.9934187774,-458763.0950601883,1386208.4499982256,-539468.1928353433,77631.28928558587,794422.816982981
570,39.119314991843275,70.91192267993765,9.145642868545043,-634972.2078516514,681487.2417385252,-1728250.9093752133,-639071.1267536985,-350609.86265912466,263573.2145871302,-1807506.9021124975,-880802.844935241,1006573.871559399,-1625651.1782674748,7239.4560316073885,37784.31562594704
571,38.16132208669552,69.15775052983709,15.104210909204296,-616261.1806000508,803823.8960500251,-666073.8099143645,-1265762.317095633,-1430108.7227489252,370555.7715645315,-1725291.840515459,-1002194.9882707751,2248975.734321843,-512343.6441539571,-142462.54609904488,591422.7741382411
572,39.11992209790966,70.91286807560992,15.10379052206448,-408032.48922392254,954787.6815693085,-927757.3136555948,-1192409.7585837243,-1110764.111227625,114803.78064582782,-1635657.893034216,-753617.8170514075,2008273.5887754154,-642940.6699231593,15610.78428245713,602216.6204239649
573,38.16209315470452,69.15884864043792,21.0624731205672,-370813.2698052825,1048856.818082495,-557768.3397856061,-1655868.939270799,-1594483.1387978375,227840.54355204222,-1982105.7877785738,-692704.8285060595,2795085.8247762406,-395623.82872909424,-103520.51683634697,843237.9831209143
574,39.12063681262037,70.91399052794326,21.06202689770873,-127865.43865373003,1059340.6043240177,-445117.59936692234,-1633357.1155040658,-1317105.0803099917,50961.49615729718,-1772553.6608741442,-362829.8791536214,2621741.1063311286,-213849.34338111657,-28438.3135999924,1095834.939422844
575,38.10292136256953,69.05025795451878,27.020760818399445,455921.6872078214,1686853.3284075083,287420.73277650843,-2092334.555696172,-2153144.4837860633,216722.58532674692,-1918316.3657407204,158944.6156723046,4189567.4984602532,-169185.11730269878,-55038.54507455116,1253202.8061731472
576,39.18124220658773,71.02480726004808,27.02026551758013,-489045.752083086,1165842.075705665,-627957.3865845737,-2652914.5152281597,-1780343.4259506392,-36749.38132584631,-3011961.4394833352,-549789.7189370736,3610590.0954584153,-64545.771646664,-13865.138649215396,1606003.5724378186
577,39.30041586626154,68.5155846173121,8.854226210702295,-593531.0421534178,551050.4301048086,-90908.19450027842,-775105.5229429082,-620511.56773832,495954.61613659153,-1027043.0239613979,-467957.56225464476,1361611.779667155,-552929.2031803177,77078.40926869624,774488.0741333388
578,40.30266869873194,70.24615073359115,8.853968342913308,-661866.7144580988,704163.4709445863,-1773266.0185012165,-580895.4767819806,-374275.37385056424,272739.4814730048,-1860976.7882658734,-859798.2154968579,989805.7417480026,-1680394.51681636,-11862.101392008857,46149.167589000404
579,39.30113352760331,68.5165384870121,14.89587798398247,-668821.4178426437,836628.7714434676,-696592.2193458702,-1182458.162205044,-1490914.6300587538,328349.68570844806,-1767042.5626723727,-993497.0444694156,2231754.7413967424,-531258.9297969132,-141849.41088827132,540840.1697632468
580,40.303318269388285,70.24713908743362,14.895443418450471,-437031.3042221219,996723.8588659547,-929236.7704783666,-1135952.7829007066,-1168431.3666102039,91529.36060359856,-1665103.45710956,-724103.356374179,2019662.597649206,-640892.7446018264,21477.23692213684,615922.2757568189
581,39.30194550775663,68.51767551009576,20.93746985695743,-435158.20095854794,1073961.2345138667,-580483.4363359546,-1568093.4325898348,-1656926.489558471,181908.7864911873,-2018311.4147707117,-682841.617781937,2759472.629772014,-410031.433167923,-104961.50929420849,807826.0746015074
582,40.304075866435156,70.24830079001579,20.937012380679178,-163889.52085082163,1095498.578572271,-444326.56219582295,-1585186.817251934,-1374932.430886406,17364.29798174805,-1800370.571580452,-334940.9329054848,2622594.000011564,-202263.75171250105,-29741.85537805382,1134001.0094205216
583,39.24008809840241,68.41064892023559,26.97908932823213,401858.7971029556,1702647.2845686513,279323.94322970486,-1970262.0015094085,-2212087.019003956,161255.99075886377,-1926961.5268746156,188620.85691277514,4122170.6948631536,-176147.56145301132,-54841.560270116825,1230993.5959384348
584,40.367445364871706,70.35761716605262,26.978582700272177,-563128.2166665677,1180234.936533735,-648815.7393452444,-2582534.4390235306,-1837913.4810778631,-68261.93649224179,-3039227.437205177,-554842.5490277593,3562360.96675486,-64292.02309655129,-10764.675441841642,1655681.4187669163
585,40.43481518502678,67.83928664495306,8.562562810474507,-589818.8518464406,518368.38619882625,-79918.21368963327,-691049.7921166287,-563242.7629720485,498720.76319240726,-989345.0843284049,-411704.97457569145,1249681.3795668478,-558519.4857003083,63277.839736822345,755920.7022090659
586,41.45870801710545,69.55731986720097,8.562296133978544,-666618.0834954384,723625.872596517,-1797956.3074635086,-544631.0237407597,-424068.9466976962,305950.4005416342,-1908447.3809069367,-834016.2682519206,1001515.1307964276,-1710496.1977510941,-24415.660228636305,52041.362335718615
587,40.435569161892246,67.84028005867106,14.687547792488267,-654419.5008999363,778453.5356514547,-713347.5588644689,-1047945.6153540615,-1410514.9388153946,335229.00608856225,-1660797.5540725277,-982657.4359208002,2054141.4658803777,-548051.9630923262,-139226.5815422176,484239.9174889993
588,41.4593993030774,69.55834566199083,14.68710037346547,-430527.44114682445,1031571.4397122422,-927955.6274392647,-1096004.9851545705,-1251746.3224696014,115498.93923556413,-1688943.7438883982,-714220.4859953161,2076252.6010098672,-642360.7414311155,26739.87094595716,622505.904867667
589,40.436423041149474,67.84145514267301,20.812469532700117,-401398.4285576081,997136.8267619227,-596976.3270092246,-1404785.8130576685,-1576052.8556019622,188366.13954296146,-1882710.75175756,-669063.062323997,2550535.8852766464,-427900.9603588427,-107124.87022167197,760916.0637865318
590,41.46020094678532,69.5595448356138,20.812001442757488,-142366.6869600269,1132862.419228931,-433945.7902873302,-1556886.0003647364,-1459444.3776126052,30836.222066043025,-1809544.9429206387,-321602.7901397695,2687697.675041981,-192640.50692069082,-28987.207414888504,1167880.5909331315
591,40.37325251391519,67.73524289415039,26.93742039217849,480191.60575446085,1595591.3274115967,274791.83988956315,-1752978.275857411,-2111804.288525527,167292.65069171545,-1742408.9392070523,235272.16887053833,3857711.5433921353,-186118.95516415656,-56643.206061157005,1194395.1333137965
592,41.524964203622844,69.66810874538142,26.93690323556646,-552042.8928711474,1209086.4428102975,-649044.6211638994,-2553456.31020004,-1947052.0388843776,-44942.22386026853,-3052174.4559912113,-569453.967763253,3629627.3525297157,-63259.309169070366,-5521.729566694344,1703496.7401979864
593,41.56410332135765,67.16661772063519,8.270896208199687,-597802.8640802153,556730.1764464899,-87864.0098003003,-646153.3023407771,-611073.02343787,497621.25168282125,-962490.1567566226,-442975.0751378104,1276528.5344604074,-566870.7001512978,55370.576572491525,723522.0065026369
594,42.61984955877779,68.86484951397934,8.270622228783314,-648798.787905383,663854.556175141,-1832508.2447075546,-458524.3370963141,-350444.5796688636,328277.66730967397,-1938465.1781240394,-756929.9824713907,877942.6841576339,-1746880.2896761885,-25989.565321224654,53058.287389730416
595,41.56489115315547,67.16764639702363,14.47921274011417,-652169.0544530856,822064.1081887078,-724317.8764364284,-989896.5731670194,-1507209.5362771456,339142.20304478315,-1712800.179297824,-962617.6076434039,2120994.964240422,-552792.1014344257,-133157.61634938372,448850.5057804782
596,42.620580455608966,68.86590825268551,14.478753680604733,-380786.75662066025,958279.7157321302,-928349.9762373206,-959208.218208812,-1121387.9592346502,134795.76261970084,-1541541.1548560108,-675767.932900555,1866452.0706307152,-650300.3658691578,30236.847459593868,629835.5793562857
597,41.56578621956741,67.16885803549212,20.687464563168902,-392646.50058484636,1037829.6802984767,-602782.6067817146,-1348518.9313482915,-1683831.3227666742,194480.4049094597,-1920660.5187573694,-655859.9171879749,2618921.00887726,-434792.4417473855,-107741.81908816578,748108.6221406844
598,42.62142629500178,68.8671429945133,20.686986252555446,-58795.5165399508,1049600.9286211308,-424153.8691634395,-1393244.7128377736,-1321285.398505148,39417.715751977434,-1605684.4754069985,-278427.2394319092,2450763.2577566486,-184949.08230549746,-31342.26722080247,1195341.105672631
599,41.500664323991565,67.06391379657124,26.895746820386243,526729.6445388531,1643043.3430653028,290033.7433283739,-1688385.2579650162,-2251274.690966709,172684.46279171552,-1783063.3819648214,280474.49593757256,3962395.6169597805,-187001.56695790513,-54724.41135852361,1200485.9817944947
600,42.688222226701605,68.97449903369893,26.895219630588766,-465695.45090881543,1078411.0434673515,-660366.8498588635,-2335056.0199564993,-1784408.6491441098,-26963.172428034726,-2796754.022681859,-560644.5569554289,3309747.3223369597,-64614.20395597619,-2777.0702026439367,1747548.5295407204
601,42.93553323256069,66.27766212541243,7.979233041419311,-422080.80720079876,156237.82279945337,-19800.629255537177,-254573.3706289405,262181.3193236672,476922.239016078,-864144.5212640718,215493.89163791438,363007.0159692746,-559046.002311763,46982.16381389481,689066.9775785792
602,44.043943000141624,67.94223457061855,7.978950290270477,-462033.08385433396,153284.99714365066,-1824488.14609328,-151440.0981606039,421719.35643505445,306644.0407856058,-1982756.376816945,-401358.5307804437,250878.6747934249,-1767874.6859640947,-40412.37782838643,53807.092465161506
603,42.93636066564506,66.2787270789336,14.27088314443428,-307821.28087836684,176913.89270544675,-674724.4785365296,-332219.9196503311,-46459.28188407734,308253.37553190516,-866806.8055433353,-318108.4801209167,379283.4189548022,-558642.0778420685,-126132.06796747587,388769.7187142876
604,44.044721286493676,67.94332686362014,14.270410613959754,44669.65254438936,383806.7933866348,-857113.1336976028,-406066.4385274144,162612.78331612362,101160.06345057282,-905835.8583108683,-181329.15067372035,658528.32121801,-656810.6868549463,33790.578567062024,625976.0120327726
605,42.9373042557714,66.27997659782105,20.562465511257475,140059.54316171457,279306.7191828448,-588100.9765228172,-464750.4067468107,-169694.32355148334,158803.86872537964,-629538.4314162313,-260015.5929140953,720819.310152069,-447397.09106316546,-108846.96400011423,714952.1654802659
606,44.04562055518508,67.94459808594735,20.56197521769279,598857.0060963433,472879.0480282344,-342761.0814648545,-639651.9378617889,11400.687759569295,-2684.9317993217105,-343009.1778064173,-106690.86899292223,1178675.0194590632,-180947.89260418297,-32866.31557485402,1213423.4468042175
607,42.868937555126145,66.17716774329118,26.85407915055772,1135578.2134579646,721184.7139514348,252593.31849052652,-541800.5653673818,-561508.3621470607,117430.27578753806,-159482.3645015194,624782.9463219002,1644055.6640795455,-196382.57809737354,-54452.50872523612,1174090.6247040979
608,44.115758678450106,68.04988102326506,26.853540108747065,234318.48798503383,389025.12952282286,-642138.4407801214,-1373170.698697033,-322788.835129427,-75588.14248985951,-1203015.8569965318,-517204.25723391527,1701425.2909581824,-66431.00830454753,-1019.5045774884965,1783321.1897476306
609,44.57542839473176,65.15558973434335,7.687570850414884,-460635.82312769815,144075.62444921827,-1546.7137814459275,-217790.2079943317,313523.3983264202,455402.97929322865,-864883.3586372659,129022.6914880344,417753.7546893057,-550928.3368540399,18379.202994232073,666327.1873046729
610,45.70465873257905,66.80629791727152,7.6872794051783755,-486404.7853896478,168062.2110353479,-1833845.7659772167,-150630.19376452963,403313.5744411764,335618.0148586858,-1997130.6137848112,-411635.2614631167,256577.53491641185,-1774905.2345495261,-43432.97238869433,54288.96003735052
611,44.576299599978235,65.15668983140365,14.062556084813584,-353200.9650675936,169165.6186694584,-684547.9745336979,-288858.0145093865,35684.91138038148,287641.29969374154,-882420.1499475036,-291504.58496001776,305341.41397568816,-564892.2687255836,-116825.30344077403,312223.420584301
612,45.70548937159428,66.80742059261135,14.062069833857374,8878.65995660954,426913.680824712,-859865.7442103494,-420307.0029918754,149123.8681833989,120711.92007374001,-912043.7352408338,-201972.49303482744,689942.8248466336,-658882.6233693028,40760.239673057746,637947.5263186509
613,44.57729862460817,65.15797715086747,20.437468960209085,113487.12587121561,274188.060360026,-604577.9070548916,-418497.9535978592,-95449.76786983156,142130.82454204193,-632039.9622167383,-226501.43166868796,641638.6730617762,-462514.2607972721,-110180.91254847602,661199.4381249603
614,45.70644940917725,66.80872667153996,20.436966019813944,572812.5789063342,532021.2969655787,-337722.3551287025,-671297.2443500886,-334.7538589696047,556.1497360235472,-337722.7099372289,-119189.9706678008,1224024.201348241,-173832.03371426748,-27506.788038641695,1248069.366689866
615,44.50768438780655,65.05606666883773,26.812413697438487,1180749.8281995729,705358.3188958371,257466.88758230477,-446759.4516604716,-485346.8060290581,104938.66689322816,-74548.51843565308,670466.5815585415,1547656.9715548265,-207241.54630113926,-55508.177757287296,1130324.6995602497
616,45.777946896326974,66.9131725235411,26.81186198664089,209350.5427742808,435391.6041987377,-646071.3265726799,-1387386.6160540124,-357313.5747848266,-57077.80393290053,-1215740.0384198562,-521272.73329951806,1735683.592119713,-61195.80299101512,9153.473405229122,1841586.7254020185
617,46.21295869010422,64.03559830412642,7.395901704196666,-512153.0085540736,158626.4574768805,-30207.541971226266,-199772.61194516634,320734.5651985786,437329.9826867561,-881424.2038719289,81971.23256317004,415718.87826033944,-560909.6798320294,-2628.811037213985,619699.547381586
618,47.36771608454771,65.66825243488594,7.395605407033642,-494518.9839927429,167835.7569792918,-1873338.1664921758,-143440.1102922006,434100.36242852965,353641.0085258973,-2052298.3022104702,-411081.5638881072,263358.47259295016,-1810844.47085664,-34408.71864107845,44750.470493909655
619,46.21386792864678,64.03672417666073,13.854217464049857,-399058.0582621266,201719.79056457005,-693726.8718149371,-286710.68871343596,44482.28114878225,269599.7055383894,-887278.7686322769,-324116.54434654844,320330.1734663315,-566609.7899073671,-98369.46085487478,274951.1996769983
620,47.36859241198159,65.66939592777435,13.853720741929362,-8826.559246272489,435247.7966892145,-874986.0291219807,-405013.29366724705,225876.85048853123,134296.0997575494,-959525.0027198555,-174679.06760008793,685639.2786409047,-681961.9422847632,39713.40058392501,632701.9399752212
621,46.21491949088087,64.0380434809828,20.312461013402434,73400.4959475613,311065.06455808016,-613342.1325857278,-430946.87030755036,-97249.56952021219,125247.35756217231,-636105.9375942006,-250537.38739107028,657766.7529051846,-461592.43416525575,-112109.03978473914,661050.6397015613
622,47.36961029259287,65.67073055966716,20.311946968777125,574817.1354450684,552045.4987777489,-328946.15020865644,-659175.7176580577,82161.31992817715,-2505.2534609828103,-344204.8769347167,-82856.63611083131,1224977.9970597087,-173551.48153539686,-33494.61353221361,1254321.978646844
623,46.14376234229629,63.937289390711015,26.770737255623473,1200536.8344477597,737624.2824378309,265137.92253450584,-430659.2981372266,-504248.81393735105,91073.8573424594,-76560.40935200319,723400.714978034,1556458.733794066,-204678.83576728855,-56071.84223968775,1155890.0348456008
624,47.44276022860047,65.77407329642809,26.77017442411824,222613.84743809316,430588.6101163228,-647029.8551523832,-1335912.8538031182,-278468.5995652057,-42883.335679728225,-1118934.4252914095,-554755.2479700928,1679862.2756635356,-67808.3084787259,7800.269774242966,1859864.8810773618
625,47.664148917309504,62.97487944417597,7.250068494408108,-121945.48151033939,-100392.09583538614,181613.1190417887,-158743.91804098288,-82411.602184901,410926.0202022638,-431058.3503976834,-119192.73553372499,509526.6276274716,-560347.9066712743,-10469.132624709937,582335.6733662824
626,48.87428464411489,64.56678611932703,7.249766938613142,-130549.67396615264,-25210.80429808976,-1681122.8795453205,-71738.27936210672,82777.36752385502,319097.8213920911,-1749476.1022217316,-102906.99586332681,15499.740275495244,-1834822.4380150675,-30293.985868395688,41450.92953855884
627,47.665089196997265,62.97602124424742,13.750049528232491,-81526.86892884615,9799.358920677128,-445234.9985223448,-290944.82500619104,-632667.3548132537,235618.6099977333,-890965.92199511,-272390.9987750388,646394.4122396349,-570668.4505321658,-79635.18322473693,227479.04901226948
628,48.87519880680823,64.56794176216188,13.749543880812668,239235.86995710002,261909.53307927673,-652634.1148528408,-391145.9147839208,-384668.03148521914,130042.9234779522,-793070.4946285354,-99172.71266239487,740754.4954744661,-692402.5755344632,43950.82861677133,639219.9607433772
629,47.6661816792243,62.97735811189844,20.249958099392188,120038.62974352311,256020.5268114317,-479377.75836200453,-519948.51679864,-804148.3825211077,98495.58782300574,-1034349.0632904744,-108887.4578239061,1039917.9193073305,-463174.3011163055,-113574.65231193764,647108.8355193905
630,48.8762631971414,64.56929100376865,20.249435093405225,530049.0650351404,485535.0097315451,-216476.622789438,-740952.7011148712,-560530.7411324296,8459.64294041888,-663770.92993352,107133.8478405888,1355744.5340701784,-170113.94161055482,-32605.195929843558,1271952.8877399727
631,47.59160449891557,62.87916509072744,26.749900058876406,1020878.5869909136,835576.3035501525,299911.64530537545,-575559.0249453085,-1275810.1995408966,51624.440327074146,-796041.1490274314,859137.9455506578,2093269.739323215,-207475.74951083632,-56525.23318096504,1157268.7530350331
632,48.952920424039846,64.67009914673986,26.749328113542557,-109815.94654767419,488337.6494773759,-657744.3160719946,-1477611.77501014,-976219.4944325675,-39488.954835354816,-1761455.9990427592,-433133.39086094685,1915366.776761413,-66981.76446312819,11065.810777230154,1887521.0322159096
633,48.95668355034005,61.953066132160075,7.250071646635634,-109505.70478496267,-108553.89842507623,198545.28004889764,-118115.28634535169,9864.260095998721,400311.44667633163,-418975.8753701168,-79970.56832939015,479432.1205383657,-557925.966850745,-10755.039735964114,588063.8355104906
634,50.19668343409033,63.522270283867215,7.249764339967598,-133060.96711066627,-36732.93951464014,-1691865.4047104062,-41190.23836993506,55158.20205520891,339674.5530260378,-1764920.985368223,-80568.31630978984,-16170.009657699105,-1850693.2378726103,-50854.27084423091,43293.987002321446
635,48.957648904033135,61.95421655234358,13.75005385966998,-54918.81943330432,-22727.0667039603,-449843.45149872336,-226348.37542309117,-489368.6983311408,220976.7856712031,-776096.1357765064,-230489.45928110435,479096.257421623,-569989.0187552009,-69388.68583234929,187684.16172560697
636,50.19762876572011,63.523430482753604,13.749540723747605,250660.32306249562,261581.2838924886,-648530.077551025,-361760.2829885324,-422252.4235700754,140764.91859298808,-814259.7718233832,-59116.00487499434,737087.3061023366,-689873.1727313114,47659.29708488788,643431.6640512771
637,48.958771280720406,61.95555792825137,20.249961699834287,167828.64342182208,212914.19331411595,-482954.51781531516,-437934.26764138497,-660882.2585674471,89542.98676314257,-905320.3869651165,-66306.00637429499,869414.7122600346,-467014.5272235557,-112858.45796831466,620295.9690148558
638,50.19872779720277,63.52478121664638,20.249432096354866,540219.7879382538,489958.0595165087,-213775.7044579555,-707965.562987456,-593960.6017975981,12774.247519474864,-672816.156726281,142793.37620570965,1346424.9235173785,-167996.60593859706,-29724.187555104883,1280534.451352879
639,48.88235737719532,61.858785352642144,26.74990337502109,1117919.7089960424,761802.3856435921,305952.43220104265,-440420.61429778306,-1113449.6143885264,48836.15197529265,-636823.2127626808,960053.5938968443,1862444.1457065132,-213433.62934828835,-58054.616053849895,1130350.0704618646
640,50.277285713350366,63.62416947969167,26.749324542737398,-110303.75662107999,473466.71189220034,-666833.9312178291,-1412912.0360788298,-1037277.3688267948,-17508.572683709448,-1756171.9439669359,-432871.6694706729,1885372.6374909,-63861.15240438516,13872.899064627974,1904490.245928424
641,50.24023776953252,60.94002377725118,7.250069256873016,-100036.87501518524,-122221.93799348449,177656.90489324438,-99350.66234250004,8317.026365207446,391675.7539422244,-403306.3650450319,-100126.15448532895,458830.61141493544,-573215.3841096096,5452.576002532286,581047.0585325632
642,51.52804478839292,62.46896117511267,7.2497590543316255,-117971.32873324267,-64433.00583992276,-1736087.9919531234,-18685.588379737907,178922.6320680629,353388.95247410383,-1828061.652784245,-63443.40741491861,-26987.26632712524,-1892989.4914510953,-53512.46935296526,47034.55698474054
643,50.24122409810187,60.9411777329108,13.750049302021182,-36996.428191640065,-35623.807122620856,-452177.40183222527,-201064.1337668793,-515042.91602128604,205929.61060806274,-804349.7829372084,-189810.72231494845,469362.86810567055,-563726.1337580137,-58114.16153855224,200213.1614747511
644,51.52901737087712,62.47011998829895,13.74953094356937,287938.9378719224,247565.5209275693,-650617.6606301817,-324640.8808890135,-213899.13913081502,144138.4270236701,-704427.0236715014,-52818.912881877615,642132.7347226888,-695867.8176227261,48970.99083336389,646821.1891946902
645,50.24237337295579,60.94251991506708,20.249956809372982,189231.57003736158,195265.04492042813,-482509.78443462384,-407622.29237661185,-695761.148747375,79883.36275570831,-938853.3621493306,-18352.446391443704,859192.6390639398,-456285.92797402025,-115695.35317450992,651689.1277839803
646,51.53014816319167,62.471468043235596,20.24942195118338,603806.0940570056,481087.7863670818,-200076.4263891056,-657807.6254260514,-376261.1216756974,11042.769939148187,-457353.3573658913,90144.36313717175,1252026.4482637013,-164724.8015454467,-32327.593473303423,1285976.2379395184
647,50.16299908481288,60.84826263424151,26.749898547073283,1172915.467338676,726331.6619209218,310775.8919708279,-376657.3318965553,-1176948.3378303726,44989.8412214874,-700131.5431885092,1046793.9845458481,1863360.579873087,-204763.01425653038,-58460.93252558026,1180624.8842000738
648,51.611726336420745,62.568335233851926,26.749314357361683,-30148.803617856523,433510.4213911778,-662037.4481229042,-1313107.4007514375,-797100.4775162418,-1081.6644815961015,-1499866.783040794,-457944.91127712204,1699135.8639683332,-65131.09855613534,13836.990874772939,1918632.977206407
649,52.06300697835814,59.30371548581287,7.395909156582418,290787.7306610792,-132933.98124033376,422589.3634539641,-72267.92901226955,1077323.8588503436,389598.3536830556,-1035237.596775392,288632.2012682295,1327048.5083818713,-558669.7822755394,45506.5562032102,639885.2452008729
650,53.42155329770193,60.771153766101556,7.395595268430951,292716.6512822245,-251269.5322953823,-1558440.2556814183,-47476.322187010686,1102240.4490432811,358673.5698272322,-2230939.217666584,220452.66312047842,493493.41785152885,-1892923.2063032216,-100337.61790283189,56147.47340871488
651,52.06401475148948,59.30486189247804,13.854229028762198,521621.251686091,-59388.13009398531,-190694.3095505942,-196810.50778043125,1226872.2719083878,223850.27593614077,-1399842.525076125,567566.718647789,1103814.6184698474,-544531.6614193714,-47572.773503899356,217515.07001062855
652,53.4225568533316,60.77229748223782,13.853705355186584,950119.5817596955,222886.5676748064,-373150.457451255,-379659.99275338254,1276286.6597680792,183399.82742196546,-1446213.8984921677,909648.2303328707,1336421.3601425441,-692851.0096197783,46872.61143327369,605627.37497226
653,52.065191172146505,59.30618820984448,20.312471579352597,865372.5985328882,255454.49672341885,-249975.560826146,-442970.533343855,1086966.6748158436,117145.2568732856,-1180211.7479700667,739901.3167381589,1311161.965662069,-449934.8172787144,-111878.09794276427,664903.2921387814
654,53.423722460044274,60.773624046237174,20.31193175675817,1436322.6962467514,649539.7217403387,85451.411743213,-765760.2018973904,1148602.8048889823,71672.95364649531,-939530.9617847466,1011152.7934339158,2099691.9980811346,-171568.77144541717,-35289.72735981318,1252525.91574691
655,51.98142383130074,59.21575670390947,26.770746993899603,1919077.481305957,857530.4594354513,519995.61891291395,-373537.20693207195,805565.9121819942,59216.341228595425,-172860.09194013558,1400001.48406516,2069462.167529298,-205599.85198678577,-56212.23754080916,1179545.054696632
656,53.509758217065524,60.86662352844678,26.770157488461614,854278.1640437976,718731.3730685432,-405312.9093157116,-1408355.2086349686,861438.99700403,46823.06313364792,-1219298.670794817,68653.24377073951,2318342.0548207066,-70266.63189715755,6467.399543730019,1890520.960993403
657,54.46034648382404,57.01339041605139,7.687585470710156,209116.4118434997,-56773.84250301588,495052.7293996055,-180012.63679789842,1135262.5996416907,318480.8215689307,-1041307.6568456854,284368.8075288593,1404334.1480569155,-533128.6555323048,71029.08571209942,713069.175072463
658,55.841838412210514,58.45958459219218,7.687269957814615,187664.09585628106,-209910.58224213164,-1521740.9181403625,-128283.44198305458,1089775.7444942263,366415.25482485484,-2198989.8790813517,223672.0850581033,431330.38949703414,-1853986.5522064404,-113064.23509087069,65037.63281277183
659,54.46136623760545,57.01450862194858,14.06258116276971,275349.7621392884,62290.64820675555,-203684.0221328124,-377863.08732908376,1306771.9898747806,112713.13833343278,-1450595.0550489314,298396.8189574963,1286154.6243046669,-531261.4621649742,-54959.057324063324,231586.84239805755
660,55.842866700287495,58.46068876149469,14.062055565403085,700684.2707913438,342609.05588141433,-386879.5740781085,-553308.4784217038,1273546.5602049334,146550.30714995347,-1443415.571215151,620367.6195388193,1479461.7042709817,-679271.198942272,54340.441235937105,604288.2491810777
661,54.46256274374916,57.0157956404795,20.43749329121781,510415.9128307841,408406.4876893975,-298023.1774348599,-671355.3967584209,1169504.747572865,7029.405106531948,-1265530.9429328889,321688.4405731861,1564641.7254450242,-454949.89544413885,-111367.78967987892,645284.6837282163
662,55.84406255435767,58.461967131321245,20.43695130317422,1096147.893648351,829278.6651897372,47617.9724203971,-1008619.4878104985,1160078.1310638185,14075.018364748252,-982348.240412364,675850.1434878651,2279542.628182984,-169092.5981166259,-22180.83989535492,1271394.816428138
663,54.37738394333238,56.92665198303215,26.812436271377212,1596570.7329376603,1037894.9224645421,492720.0089388024,-576777.9888328551,895666.59869199,-30990.966283557616,-230347.9338205666,1203811.6594288342,2153721.9387327386,-213751.6463628662,-57015.20891241962,1141149.1985146366
664,55.93156567390699,58.553589153008275,26.811844172943328,498253.7786110764,932306.7237919127,-442840.8460654742,-1627324.3897578556,853901.121851483,25262.035981157478,-1348905.2917648552,-158346.30679587252,2494971.254898243,-54951.37138628001,17313.22181652754,1928647.6535068708
665,56.860200643975894,54.72117043982376,7.979243672099064,125935.41106979054,17130.023238854454,432082.80710163334,-283967.3601337345,1140085.3703198852,240948.88111810607,-1051944.8559116595,243668.61559258075,1383424.4817293575,-534549.8741571377,89727.67147935583,687635.6853566155
666,58.259565745602124,56.149859461505706,7.978934933933996,83108.74489075049,-152711.12999862514,-1589750.776263376,-219749.3368251648,1054817.1874430717,352604.71647759277,-2222037.860043413,154270.8952405916,408413.80343157175,-1891317.9713494652,-115151.69271783356,52322.783642202456
667,56.86121134911331,54.722236488204196,14.270900606126972,116110.27308686002,223140.76691414675,-218073.1222753705,-575134.7835715198,1339454.690898338,1452.0516398416119,-1448103.9650270261,66190.04878374103,1503091.8339689209,-528645.7422678825,-61569.87273690248,334136.6791576559
668,58.26059495256877,56.150900676567616,14.270382296484785,424437.33504756767,432199.9070387173,-464131.4367290287,-695849.3404889294,1274298.4624412085,106350.35510962806,-1497354.356735314,315163.23372820654,1574696.928364364,-720103.4887365936,45731.94516227999,560008.3586378233
669,56.86241010690021,54.7234666173871,20.562480497316702,258324.1712801672,614898.8589443216,-307964.4857251763,-930774.4568977068,1208708.5647302577,-109626.0371168489,-1288160.0391419502,-32824.00705176597,1886242.5906930286,-436641.85763798974,-108506.12225400288,737671.4584933996
670,58.261802599652384,56.15211213197823,20.561943031079004,696284.5575931194,955019.778394899,-15546.448499468359,-1204827.593492338,1180540.9451215821,-46157.07735618852,-1089446.9750360872,315777.46274367627,2409427.399780961,-187194.7612711609,-31857.220247772326,1210223.1934974804
671,56.77612117280162,54.63536240491457,26.854091461492217,1353529.0929170018,1279478.3919857664,491817.29111214145,-830323.3829055073,936579.1191530635,-125691.1124167331,-226592.08226805835,898379.6689706881,2453037.18931228,-197425.74552781068,-55796.65537056765,1238503.6428789776
672,58.350440028118406,56.2425751142823,26.853504083339384,56526.236845481966,1072807.9332098842,-501402.871867136,-1786652.628754129,864944.7774144731,1041.2364196578592,-1577599.797955445,-374567.9319449377,2580099.0280886134,-68643.29330021705,-264.6206959290303,1843530.3050390603
673,58.474258281358246,53.10144555264006,8.270903188104139,414208.4428636696,-1091474.3623125453,389459.36861277337,-46322.84220983228,-380860.1459145127,237196.1240255157,-1183755.783629736,204204.47487505284,691744.7579185806,-546841.7434031204,74891.87146797574,698288.3300813679
674,59.93417930125335,54.46699580156306,8.27060078969702,365012.03556454694,-860069.3145269367,-1574593.5549149334,127379.85173847724,-266595.35717797297,298394.62627647835,-1713417.1386414475,-772138.9387279415,415905.24349206494,-1920267.222659619,-95704.40446807884,52095.321132207806
675,58.47525509255094,53.102466365806585,14.479222167299687,558363.1106640323,-1106384.8507306336,-201292.91159973596,910.085709925809,-1243634.6861077228,-1437.9281632797215,-1977253.0618464956,558337.1364379001,669601.2737422582,-533264.074305046,-76254.68080753667,410838.42210332915
676,59.935198387460844,54.4679852326676,14.478712164683209,719528.9530038422,-652978.810522477,-468376.09985941334,-50691.54059425922,-986505.5520573654,85610.31378462588,-1551671.1470537437,400411.8385494791,749433.3511262169,-738741.3774729325,43064.75685247882,560547.0269458496
677,58.476442505272644,53.10364519320428,20.687469262506063,651216.4260698017,-798537.9343490673,-378552.63592785783,-8901.069076581005,-1491584.4979279265,-113280.85478213197,-2097229.752980695,631457.0307446588,939898.5780289116,-428632.0217703921,-107173.56299978576,787407.9771960344
678,59.936400344207755,54.469137681526085,20.68693854965592,827754.2837779253,-314598.6717058705,-134375.86199241807,-251233.7102596232,-1190197.3271511672,-44349.319462891974,-1438443.475778305,758201.4648988097,1059021.7609591316,-191024.96116270815,-27299.53383903952,1201086.6559360647
679,58.38636095291212,53.0194376567747,26.895748063046515,1551758.903393384,-376352.60803056817,248849.23889051762,354127.01130116824,-2031873.1929861938,-140844.04947561692,-2128114.9781082952,1375882.400523529,2176488.1118381,-187341.645651647,-55891.587404826816,1294797.0411231893
680,60.02882107487688,54.55559682913348,26.895167678650093,-74364.64015886773,-425394.2000309145,-782394.8036430563,-574324.4958550887,-1702149.1430333934,-3083.233292724022,-2381652.596680253,-148911.2298406427,1248410.1826880574,-62963.917014446895,1349.0786166219186,1826272.8992518527
681,59.33280102650147,52.12266162750652,8.56257176610141,416016.3933381906,-976335.8146551322,406063.43333560694,-87226.23801246789,-165382.20247423294,245502.00052357692,-998291.554182863,168180.65791460927,675854.908286919,-548208.1665739971,95602.80419929372,749317.4147428537
682,60.83541380464119,53.44256914038022,8.562271321051504,353644.83020580374,-964131.086154011,-1584745.8839800924,131453.6273535986,-271047.4287617696,308931.37265087327,-1740193.4620155436,-862578.4957099778,407539.8177972222,-1920832.6442108853,-125034.08047255556,58680.89857438161
683,59.333786474213404,52.12365456743102,14.687558877398455,551564.4819145345,-993641.2842369664,-208479.21520521163,-53389.64653093873,-891526.9145965038,-3428.212226911096,-1576216.121930526,369303.9113677078,556356.193035174,-535443.7385756315,-84168.37284612609,437059.70833478635
684,60.83642322553484,53.44352715671285,14.687053975720403,716018.3764029125,-759347.1644396408,-479684.8203229462,-47027.34710144884,-1016661.8043406644,88606.79347771165,-1645969.0941647424,378465.3019263446,744490.1838787234,-727509.7157408027,42981.020951933904,556647.4309129696
685,59.33495605991076,52.124795029766766,20.81247420930748,653387.065683239,-678103.3405367495,-368480.6505281837,-70685.52608052231,-1125356.717386415,-108244.38749588303,-1665922.5990100012,594022.3916635365,678703.2819647713,-430302.07677548233,-106428.69719491985,793229.8892360756
686,60.83761027183108,53.4446369718559,20.811949257813097,821422.8424329036,-428468.2555336665,-158752.13056248467,-217871.2047059585,-1218762.626920637,-37887.51208651693,-1534780.5580875066,758213.4622759145,1010769.5521483441,-195966.81693245977,-25723.634080918277,1181955.757251731
687,59.24219034790583,52.04340210188273,26.93742103017894,1572316.9793657295,-246877.13152571942,274735.35944078385,288354.4186263644,-1602616.390758732,-128954.16253805398,-1615628.3269812423,1321570.727615169,1894232.8066468674,-190713.32043865297,-58706.94457435995,1277291.6812242998
688,60.93268632037419,53.52820082862506,26.936846434959403,-85067.73543643548,-589295.1127153703,-816409.2606709115,-486776.33637801075,-1767264.2384198068,14281.619099086558,-2517205.2311794716,-149611.01314897687,1176044.135505732,-62312.56202793253,-1518.4365839795717,1792997.299386265
689,60.20057887622685,51.13537052854543,8.854236599246619,429136.8470680848,-1020282.9182712266,388598.18985055975,-115262.99578119245,-147197.1007697449,248813.52556575811,-1041070.1551174128,159955.54432941333,678566.729435417,-560667.5857856311,130887.47106504966,779484.5854453002
690,61.72740898481938,52.42664300673497,8.853938886920131,351826.57517462375,-950658.4373430936,-1601971.0012103466,110127.21283914814,-155925.53492103482,322696.41997691826,-1693628.168837162,-916159.0574906603,408984.3629490057,-1932718.4092048076,-140220.44797955093,59161.82058765682
691,60.20154988192131,51.136333538532355,14.895889513760808,558021.2304948962,-1049370.7744248519,-219920.3531774115,-58333.40727587819,-876715.9580712764,-11626.39728600676,-1605929.0784834935,333194.5644630121,561464.6169131149,-531350.9686231422,-89518.06365723013,486522.0032631004
692,61.72840641345353,52.42756674054205,14.89539111944383,713172.2585619078,-693339.6657177473,-476662.3943253313,-75485.953782339,-833223.7369251335,93641.81652052263,-1425250.6712510334,225618.02994061515,742802.8398292477,-716304.228512241,42611.023201287586,559457.7341913927
693,60.202699107275315,51.13743354713144,20.937473323493183,665736.1988842082,-744100.0272099162,-374073.23543369485,-59193.20649138291,-1110978.4470261936,-110360.60854397126,-1691126.2296108878,549883.1118468416,688806.0540046421,-420898.99103776074,-103120.64153634296,838066.8879411421
694,61.72957540739324,52.42863248977492,20.93695529813298,813832.2832294375,-355998.51275284786,-155296.58182360252,-240143.86749683504,-1023640.4667674067,-27918.778589145462,-1302550.4758251202,659434.279398028,945653.3850800795,-198748.0114779211,-26800.18749461552,1163800.6958972071
695,60.10840163849553,51.05779073049139,26.979088392157852,1582525.1553551499,-364874.7221649269,255947.02790403223,331254.13574137114,-1604600.1536480805,-123341.77036470055,-1698446.6269733456,1280453.8732436749,1891590.2148239268,-181824.14588860812,-55422.73759888827,1314459.4072820023
696,61.826149606850464,52.51036304419266,26.97852084482876,-81154.91498889858,-512108.49910752976,-802603.9535095757,-491093.1476073507,-1546067.7108056357,33912.145496905,-2254149.066679372,-174513.99731305183,1032795.6963864203,-62775.945402503545,-3981.454013350516,1768626.1690660212
697,61.232259327586505,49.86781026891987,9.145903667465173,348543.4440617636,-343268.9671669978,437924.39071768534,-236180.53215631054,558552.2386952285,212801.10450283147,-723012.7258451676,418160.25949048676,748051.3339671325,-559284.3115129913,149100.30988347097,814591.7597468377
698,62.79884462513638,51.11086494521285,9.14561285600342,242199.81825096192,-493684.05242308695,-1565893.0987356012,-42830.46644594412,416463.7329497053,336647.1413989616,-1763801.3248345735,-357840.2351857441,304264.22711259173,-1889800.2252545094,-137165.75714267738,56674.873399112774
699,61.23320515420104,49.86873295445581,15.104226455287277,407660.78978485544,-196222.88213233885,-166729.72081556838,-316730.9942588141,293784.3103157083,-40497.53524999858,-524265.22968004766,-9031.367459968771,578004.7839769647,-530115.064775486,-87289.17578465205,528532.31478983
700,62.799820200510034,51.1117421369208,15.103739224179815,548003.9870507157,746.3843982129474,-449919.5742318783,-326263.71054891776,160942.57347994728,104249.8856460022,-542680.2633242497,-59312.60866200154,700823.6692033014,-708443.9537369437,42112.28082416675,545262.5476419879
701,61.234328024132886,49.86978446641109,21.062479871152696,505491.678829364,191910.89996887092,-273817.275198858,-463419.91051113146,108083.03654818873,-128736.14169703727,-299541.6518573882,-139521.31244774297,862648.2679045084,-417915.183252211,-101090.64201916223,862194.8822755015
702,62.80096531600281,51.112754796388856,21.0619720875128,653230.4752212063,465499.02486170345,-78634.35461582792,-607532.9762156093,24653.39255418266,-16009.880486067823,-81865.5237677886,-52780.11069002493,1174740.7799248958,-204560.55204904324,-26732.57279455488,1138441.9626350591
703,61.13752315127762,49.793108632688956,27.02076295682459,1516937.5551534763,736693.0236637811,440879.5694333398,-201438.39925718686,-226906.7578626648,-150196.09044926398,275397.7903271891,845179.5529699851,1573932.8049534229,-178985.38679956252,-54758.874162014574,1321011.0595223668
704,62.900004823955086,51.191419489104035,27.020205874497204,-138246.9834616923,464336.10478570824,-634682.2096357313,-945927.01038229,-382814.0233776704,40670.770854746595,-964193.8640974395,-560716.0587298027,1216316.8345155271,-64200.69848692853,-7520.784454404085,1729876.386841712
705,62.44771813380944,48.2958740943672,9.43757198252474,334543.30516746885,-305121.4120830752,463014.13016128977,-254875.255155543,595322.0204292474,177961.2190299453,-720090.4838927486,422089.949344932,790436.5577935,-533002.0085723087,146599.98940096115,832794.4618096887
706,64.02984372362371,49.51934239063205,9.437292316365804,258604.61706410028,-473948.2653803304,-1493075.1040188447,-67083.45743144982,398142.88474984834,321403.9347554864,-1684805.5503021544,-339346.6069005542,315733.404867633,-1801386.7096973443,-109187.49180967076,51622.023499621115
707,62.448626221957625,48.2967436400013,15.31256633337245,371600.0330439607,-119821.32204523162,-147432.00041166105,-347312.6108623353,382641.6946402592,-58928.94199353856,-563999.2366107292,39411.79082011377,628934.1563776834,-520486.8809858252,-94109.78834291309,570482.0933509079
708,64.03078540909908,49.52016112272224,15.312094897520762,519207.6539793542,19407.79858439837,-452810.0684131774,-327200.55769249407,168719.71813507404,102307.6655306114,-548266.17772387,-47215.401328844375,681286.9632032895,-705241.6545306365,39310.61759717879,531315.5969264535
709,62.44971491308968,48.29773733848427,21.187490635748592,455225.59806457005,270018.45913148386,-266316.98865781503,-493260.4551593207,203427.1377859969,-144633.09997815505,-335763.27236152464,-119266.93213207026,913957.2730318343,-419613.76793902373,-101561.04847163876,873308.8527984775
710,64.03189985005592,49.52111121089587,21.186996421192607,619579.3643827307,495903.5977255057,-85606.55924010536,-601339.7172786072,34964.65948459436,-15454.945745930374,-91964.50841860576,-41386.833345869854,1163227.7446326064,-209776.17559715448,-21704.00726579821,1122234.8084127186
711,62.351909685204475,48.22223031912942,27.06244198028837,1459895.221350632,809334.6886134583,440389.70581712393,-226141.80514365784,-117849.74552800153,-157304.68951361623,361595.6279841807,804927.34609535,1543096.6417016834,-182465.23566175846,-55635.170904715254,1308292.6696323995
712,64.13188570661796,49.59849103274673,27.06189892507544,-163383.78997836774,483325.6046151168,-628890.2536931327,-897276.119863387,-380648.0555720839,52447.739945200075,-923935.2059916353,-563866.6205770455,1178853.3875122974,-59842.95093851144,-7057.6439248899105,1700270.029575937
713,63.66527698401055,46.72161101992546,9.729233648476345,310042.4730728236,-260666.45670324215,437589.4983659945,-259700.99390248096,593702.4835102985,149060.53061340665,-689950.0235266377,399706.1430883388,777209.3951738749,-509791.99886501,129724.93106158549,829896.7707207536
714,65.25873523476945,47.93013724283435,9.72896739124257,241047.2848104485,-403599.6680217506,-1465090.0035404088,-88740.11703665233,389449.6672185294,306350.56666976144,-1646478.5122640613,-276247.26204780815,295083.3875601578,-1751316.5629100609,-79652.41534261924,44733.39373383692
715,63.66614327131523,46.72242299574234,15.520894363667194,363189.9016386806,-58132.937559090584,-131295.65754995024,-367440.9318403421,415019.7000241976,-77515.31017234594,-556874.2950735235,47491.31723202988,683144.2843711334,-509451.42160467454,-94362.80856719839,635775.8002476898
716,65.25963669793116,47.93089540109435,15.520441177852717,468578.9825758972,60223.86389227635,-471571.0533508241,-332375.9911882192,204929.74558298144,104007.28320594563,-586148.9868365116,-11181.519683356677,654562.2996372178,-715048.5916047798,34519.57715940752,500798.85013791587
717,63.66719266805707,46.72335574911263,21.312489000022794,440301.5394237959,329896.8120318619,-249489.70963623773,-510693.9478881745,239747.1463705496,-162337.5387272555,-336869.24169902346,-106478.57380387104,964056.4573223146,-409451.3965938039,-98846.1691700897,923996.808791103
718,65.26071495321222,47.93177967521222,21.31201052973496,551278.0992714211,539865.7683486016,-97104.3144266323,-603318.8635891518,80401.729419665,-13766.923442850166,-131189.68771509224,-27218.37152959111,1152447.6124380734,-219939.3652042665,-23567.531699494455,1075424.6295739352
719,63.56864507236157,46.648724463478004,27.10410887479956,1430618.2091332362,851231.7772198226,440218.86602096946,-233844.88860540907,-79901.65153301129,-166625.37429133581,381013.6904521327,811864.0733627554,1529191.08855914,-174911.17324662794,-53618.27375005112,1345291.090853699
720,65.36137827484214,48.008162606158585,27.10358232295859,-224434.0643571598,523378.81860938965,-622132.3130754239,-864404.8437278474,-329864.8510904284,64746.23741121105,-872555.4032802592,-596948.5875306267,1146316.431987692,-64482.67119815712,-15708.60250745455,1628544.6638402576
721,64.54346433092208,45.54139792453118,10.020896301360281,329521.6447346013,-1740735.7810001748,267693.1016769987,-128339.63832376446,-576416.5253315995,139898.9556104139,-1897901.9204576616,203371.87003197582,551009.015837111,-506444.9721486358,116753.8111514214,858255.9568981007
722,66.17006548052626,46.70447934925864,10.020639775814258,352948.17048939504,-1474406.6574284327,-1526611.1856205766,130575.65917797832,-608943.3042931248,235385.68661581195,-2137262.0075046886,-894612.2236934924,383804.55863856775,-1728300.0939187566,-58888.47491973804,44765.70232966952
723,64.54429898785999,45.54216667868431,15.729223205078306,525404.3758229816,-2066810.4187405445,-320157.9179386867,69417.90706368671,-1590389.4053356547,-109855.38679470404,-3007885.4579491494,434766.8055029608,711554.6915899392,-496986.14582867426,-100837.8737081785,687416.4874114529
724,66.17093432645143,46.70519250586924,15.728784397684421,678968.1365984753,-1607289.7947602249,-611322.8310060578,131234.3853066697,-1556854.7865865596,26807.85895453965,-2748195.6765099894,507600.2106193719,700950.9767228094,-712358.1779470824,28079.552871461357,492250.8431227015
725,64.5453132013234,45.54305045531798,21.437486975237995,696897.1437619734,-2072145.5993167446,-556517.2604792626,287573.87366514205,-1894282.892787322,-206157.9543159289,-3358302.9911041213,381247.3866940643,1045289.888376024,-400922.9962101424,-96311.28485774698,958480.5727915138
726,66.17197855865268,46.70602354819727,21.437021957425422,812181.818914654,-1559031.5267980709,-365968.64527088753,169225.03032299172,-1813059.4170700544,-84910.45491121562,-2873245.992470585,699771.1970609166,1060656.4422553645,-223516.58071751287,-22595.22062581044,1046962.2738653142
727,64.4446621484352,45.47121227371414,27.145775074805215,1555988.0955624308,-2169620.658433077,-96949.82588788669,892733.1609794438,-2454034.777194359,-208358.23645575234,-3871151.270536383,915947.6609550129,2244621.2208228363,-166850.55218724927,-53428.58296609138,1369341.5554220218
728,66.27468260513608,46.77951459187327,27.145262663830202,-65858.33260027034,-2095956.5119219478,-1067995.3627487952,211658.49183350627,-2404285.1276324065,-4909.736166495998,-4047141.7501338627,-78896.60344775947,896228.1463106073,-64795.195952014634,-16429.340559954988,1585338.4923379947
729,65.09885276664589,44.73251596292738,10.312562833252017,331921.6568936221,-1573306.9696120308,283700.7737652943,-157953.71350907988,-408321.2970190426,147816.9411002297,-1666897.5464237314,177173.45819796485,532039.5492726514,-501335.2902732358,122578.61070495039,892998.5566153353
730,66.74726532560067,45.86509251046894,10.312310644574229,332615.2813665369,-1553041.4202985517,-1530401.495422797,122975.04336564537,-600899.7587026913,240510.46900676098,-2169034.4460380888,-946199.7929417056,364406.604624982,-1714842.6588345799,-66229.69741982881,49824.34111321043
731,65.09966593164692,44.733256627541934,15.937556869065562,516267.4732828359,-1862493.9362159611,-303371.64105537464,9616.20331233829,-1300402.2716381548,-103919.51493859255,-2599689.4164639926,371113.1878318437,578978.1246436484,-497584.75178020936,-103428.10389996755,709564.3093404676
732,66.74811190876648,45.865776686907076,15.937127018411857,653200.9490882994,-1695157.627314154,-620530.7097940268,117689.40651919068,-1555996.1530560006,31568.634385848603,-2807766.636437288,478177.28560663137,667101.9628107762,-694297.051092937,28314.528091009248,497615.34018905397
733,65.10065057420391,44.734104117227204,21.56248935948787,687548.498158854,-1836409.0857803593,-520101.3044529048,201788.39405571076,-1582797.2494992954,-195545.21495268843,-2893424.422681802,327209.5639136633,897252.966693728,-399839.5318380217,-96499.74524942874,970282.1775573076
734,66.74912699462061,45.8665692349674,21.56203409345726,778936.2467944976,-1676590.0584982666,-394488.7007509306,176493.30679837993,-1809486.6625772472,-76289.09430073905,-2957910.869009934,660965.2895745294,1004803.0669807047,-223715.0501723247,-21585.13205108137,1033371.0367080686
735,64.99860779281408,44.6641365857201,27.18744571259158,1549098.0070497734,-1871953.916157568,-42592.45630165562,770848.5524333662,-2084890.1031541473,-194323.47993961145,-3294902.8453511815,866410.6943959021,2063043.7855458301,-167188.32781335377,-55790.247411067794,1362305.3690107907
736,66.85316646203773,45.938115469680696,27.186943545575517,-100868.6165670309,-2278868.008204736,-1105663.985614784,257082.63705662932,-2424066.638276352,7579.760725726305,-4196744.465740058,-115885.90463253504,827229.7599860411,-64689.57387464926,-16167.602067624422,1555387.239313112
737,65.65819608942954,43.91877059879454,10.604227677177276,322787.2992694826,-1602904.646581628,264794.0135249727,-181373.51127666092,-392250.99547081237,155652.57022983054,-1692762.8284094345,150740.33109858067,526699.1635236816,-505090.960096748,141691.41362111716,915037.8714214968
738,67.32050794197689,45.03056596549646,10.603979988440535,329891.90804975556,-1488537.8619465716,-1522243.7222885622,99181.71702455344,-495087.24421139155,248613.81928110035,-2026908.4302621256,-1017320.4408151596,363339.1948919073,-1707203.5119734786,-70150.78000849226,50365.2695420296
739,65.65898689578272,43.91948308848491,16.145887722628114,497300.65228973865,-1905691.807660829,-316741.5529491974,-157.77647897439425,-1273331.8748079771,-101006.04721066637,-2612848.307670714,340293.17228634463,547422.4270640807,-492208.61509436055,-105231.32351509374,736845.4662012544
740,67.32133199310006,45.031220678470625,16.14546729638982,645667.3916315923,-1567069.8847071512,-601632.4184856128,82065.7464646525,-1379742.6724349395,39147.14238696578,-2548611.5328152133,376505.92330078664,649070.6979532565,-678968.1774209591,28047.442518174277,500668.66281477717
741,65.65994116736823,43.92029393461162,21.687488828298118,667535.7303787331,-1901129.979676435,-530562.4816664937,200517.29791439534,-1550962.0252551774,-189434.96268965284,-2912630.462116056,289952.2153034426,858521.5158484174,-391858.1679415939,-93710.31851940544,995030.6765764395
742,67.32231701388206,45.03197497834071,21.687043724819098,767072.9410493094,-1531349.727293835,-375665.53716561524,134675.24798855142,-1617112.8700785488,-64394.34533532849,-2672311.672390214,635980.8493574236,896388.4996226501,-223816.81523351552,-22559.988282613944,1015774.2965333957
743,65.55700044239077,43.851589059846226,27.229113466563415,1508127.6834908712,-1997011.8181292699,-73512.06130717741,785126.4839008163,-2063505.0088493647,-183974.31792007675,-3377793.133902908,811108.5537555665,2004288.3842017665,-160858.30443451967,-53765.67375260763,1373689.0167023414
744,67.42719627338684,45.10218438221116,27.228622008538505,-93358.9174542629,-2092827.1543786833,-1065114.7607351136,212319.22672155738,-2199692.5563128106,22886.02645164061,-3846578.462542013,-101277.45149246168,696555.0814664152,-65844.1769597438,-17198.67659524272,1525991.3618225441
745,66.28246816687052,42.959608250555476,10.89589314227791,350275.8762557551,-849573.9223797119,351008.3163682687,-243982.6603355785,136378.13689242562,134659.28973476222,-917527.2404532137,278609.8300513828,490627.6806461432,-504676.88539972535,152963.28403161143,935205.0697452041
746,67.9687586323754,44.03481352528904,10.895652473012252,321714.93031198636,-940705.7914388,-1440772.940856278,4609.705962790993,-61122.65190251056,251839.0250402135,-1482952.5049486652,-933816.7680389988,357005.4710045732,-1673015.1569345982,-65497.96773531012,50180.02361159832
747,66.28323065699577,42.96028850490939,16.354220992254035,509272.92156217585,-904750.6797187013,-191717.48242991825,-173323.77720714328,-377167.76463854284,-123890.09404045207,-1094296.2290885672,-32735.351144841676,539836.3396469658,-492845.5227264001,-101996.85385075679,762536.3540502812
748,67.96955425144114,44.035433669571596,16.35381300370458,624804.4340995713,-743939.7029279395,-503702.62102270056,-88259.72973038079,-609655.7422305532,35575.80259680881,-1246311.2291752226,-13350.313936329663,636823.6532604838,-665942.9543702912,28810.074738424577,497394.6746174921
749,66.28415023974611,42.96105931864677,21.812491005962247,684514.7039759238,-719618.2506833854,-334664.36820470437,-111882.84978710419,-596460.4399087867,-207975.12272332204,-1178319.6121114022,83208.11862480264,725343.5785744338,-388364.1837213279,-92550.39167895999,1009673.1363768671
750,67.97050459808165,44.036145783722084,21.812058473324,755212.6106806559,-513248.05904335575,-218890.5210246506,-143379.3735851679,-786752.3311327526,-66804.90497467623,-1178579.216504039,429584.0672364194,772069.1798802692,-223906.7009717943,-22874.146243346484,998834.2505883926
751,66.17967786116704,42.89460216251249,27.270783715307967,1592744.499305603,-526571.9019893911,219106.05769906857,318214.0769750812,-974669.1229576651,-204890.6724484607,-1205059.234316055,747423.0837082486,1742914.8056230866,-157288.6054729394,-53565.83619303789,1373289.7919177352
752,68.07684974367231,44.104026455721545,27.27030550933799,-16940.187653454574,-821549.4397085372,-804572.1065024999,-175099.15020663242,-1265259.369432336,17477.30115045719,-2084427.690696891,-47662.745907439166,489028.702739838,-66967.82640055676,-17917.488546703167,1492677.8541906103
753,66.9836587278629,41.83673397291351,11.18755925268867,337727.4963088904,-776511.7847693652,358669.6971195198,-259387.24633012427,195466.23884835068,128372.38637867724,-872906.4059352985,314585.5520253202,478206.2625690227,-495812.57957511966,155412.9968619774,948626.6269089773
754,68.68002871480896,42.896129948993526,11.18732797903153,318066.44077807944,-927791.2363422655,-1395324.6623184828,-12733.314702652424,-48281.634099823146,249798.89546125603,-1435172.0456089142,-923914.5674127174,354037.15513896215,-1616876.148113168,-47609.59530599024,48654.19879796219
755,66.98438613747342,41.83737690147259,16.562555304632195,487153.148482634,-803403.3118798,-177995.62378315028,-193144.21522485564,-266852.61809629435,-120966.87804499143,-936794.5985304464,-83064.75968132495,525613.571031455,-486819.5940537902,-104777.46920820445,790550.4431015169
756,68.68078984073104,42.89671102579833,16.562162435773264,605975.3712791912,-735162.9212397062,-502297.56652369106,-88444.31960340244,-579157.5727646125,41346.75013307885,-1210460.8601394258,-39952.91034180012,618928.6539970197,-655791.4009897141,26246.09093118681,492970.2550936478
757,66.98526585878707,41.83810380110037,21.937494963205197,657156.323186063,-620533.223703181,-317308.6181285742,-134018.4224989893,-478795.3757875742,-203452.56342546418,-1002688.8892312453,22793.89278685109,699209.4777987023,-386032.13623964204,-92969.15375650139,1017839.4802734074
758,68.68170110149282,42.897377359435474,21.937077096775067,736341.0134971031,-514026.1573856354,-224616.75704561904,-133285.2152810937,-756231.6632897032,-58408.089209123624,-1149662.3758939353,396116.69673572073,751243.778224063,-223863.68849118266,-21358.777149407564,984861.4283306149
759,66.88012598366176,41.77259185366313,27.31245602246136,1548025.322442848,-421863.1207154899,228448.94280801612,285206.3269520393,-837853.1620786238,-195286.4976397068,-1001714.2421036604,683224.0623160881,1673101.3243229468,-157033.0142002556,-54376.57964702049,1361707.4767223536
760,68.78863973101582,42.964225092491944,27.31199327829826,-20382.43562611079,-847076.0190858723,-800612.7435547776,-134523.8502228017,-1235272.4889413514,29203.505755191913,-2062138.7819335582,-46449.545026498636,440517.1286932958,-66441.35158025137,-17757.955192035268,1458023.9368769275
761,67.68499778784114,40.7139517464094,11.479222732436252,322544.30682452343,-742964.1270544652,339288.3198574399,-263866.5513875635,218378.69323362387,123464.3236238823,-853493.6577342381,317114.03622724634,455248.12113449007,-487583.38360876864,149818.5481309568,954926.6753030877
762,69.39114950132017,41.75735255613018,11.479001642886898,305820.9697205607,-853039.2055228486,-1362055.8493110735,-28461.053188227543,-12402.186379074246,248544.026770223,-1398427.9305635195,-853667.1213616473,342820.96681180527,-1575426.602781823,-33150.924343342456,47380.79265886736
763,67.68568892298617,40.714556445503334,16.770884984396332,472846.83858073025,-768119.2255274113,-174330.4478668743,-201704.4710060822,-218413.46529590533,-119841.5617214001,-878707.0799924014,-106635.42457313939,515739.66975198535,-479864.26722654334,-103207.10013880082,826230.2965127459
764,69.3918743785335,41.757894165100886,16.770508121867984,578685.1518165984,-656397.1258951647,-498734.05281008605,-101998.14268379807,-494233.424987805,49528.513371128494,-1079300.527616505,-93097.88669443174,595952.3874222841,-649603.646471499,24748.65352365964,479290.8522482831
765,67.68652742370287,40.715239321235416,22.06249409136476,640166.5105617396,-599202.9881735287,-308116.6021090128,-135268.80882851902,-430656.5360132381,-200022.68818444223,-940852.350871891,-8981.450030451215,682680.7211815403,-376267.98930852767,-90585.1908201376,1040377.781347612
766,69.39274502910739,41.75851448340858,22.06209163859391,701060.075098548,-430169.70909076463,-220370.75665567844,-145219.7880590168,-663348.9964986613,-48606.862470462926,-1008670.449834181,337627.29668600066,721562.7625002855,-226622.52473653262,-22092.523937569862,955930.5216510955
767,67.58073769068093,40.65068422044572,27.354123617272215,1506909.4168813822,-430364.40463488735,217542.46836644757,286010.3947023922,-788884.3251256684,-186649.04018648778,-966612.5862163196,634593.7797417946,1626106.2870874677,-150520.0700436418,-52535.11789831851,1369042.7887288253
768,69.50025689460784,41.8243181359012,27.353677084355105,-36139.70523161077,-750089.9027935293,-774388.1786046098,-133531.50664583017,-1124167.3460808103,42213.63435940928,-1888684.31819001,-69852.88789550046,397919.4194557604,-69760.79537390794,-20601.294375989306,1405518.5550637618
769,68.2729861639328,39.7321269381951,11.77088665067012,255252.72609292425,-1426938.7114336605,227211.67280556983,-261162.20707235124,-172284.50683611375,115733.59816109878,-1480346.6865863397,125649.32469088341,410223.049360291,-487108.63347932097,146054.8501119496,973946.6566340718
770,70.00149292785387,40.737924763585156,11.770674504020247,290313.0484553208,-1376180.2832991057,-1399203.2258984884,11262.702459485365,-349162.1217208692,218035.80880825248,-1750497.9705758353,-1053232.0476917552,318659.55752531864,-1540643.7706098263,-20853.60313586362,46088.46175423031
771,68.27364513838918,39.73269869898721,16.979215686938986,439869.6365713037,-1733599.6915894768,-304360.37219784834,-89712.20798215456,-887799.651251718,-142207.19844248713,-2166442.24475304,97865.27226775503,470486.5452692648,-471827.2095021765,-103911.76440396986,853669.2677810992
772,70.00218468712252,40.73843205181687,16.97885337396533,582647.481489805,-1472970.7434409466,-597025.14468281,22135.81029361402,-1097262.0946512285,8693.092512211273,-2216631.8596783434,146381.2400089055,582902.2130354857,-637002.2250811356,22009.16222521381,476743.8407425968
773,68.27444524590004,39.73334273655582,22.18749382277157,638312.7800813809,-1811293.238998719,-497282.62890260085,120130.97085115536,-1155824.324793141,-225231.98994541747,-2483822.541959808,62262.643545775434,751296.8105940929,-367063.95772397844,-88801.66939267548,1055264.7901817432
774,70.00301659380253,40.73901143654599,22.18710568672647,723157.2574435668,-1503752.42599307,-391856.95367261366,105313.5258766373,-1321856.833992909,-88231.77787347489,-2382302.5469252532,427572.8096087758,782277.6150943596,-227677.25705555844,-22360.67587267719,933057.4254971563
775,68.16722253943948,39.67110000346059,27.395791564974434,1433343.0142824973,-1984694.469558112,-91395.96948130324,667337.3050752276,-1598929.1666139362,-209375.6488372951,-2948747.5267108795,544966.0109040864,1761034.0910498756,-143819.57043328937,-52544.53068186168,1370694.5175727091
776,70.11188904350111,40.80242542729501,27.395360021972312,-39668.09115695825,-2113649.6962263416,-1022745.0123270653,246768.13222722927,-1847400.512358686,2543.115704305502,-3505902.7887234325,-76868.80389600624,406708.7929090752,-71946.98778002706,-20822.024701890008,1363001.198941702
777,68.75880197635045,38.87245751741916,12.062552076824907,249534.5871757291,-1287102.9239129834,234231.73808345187,-278082.4659142232,-70438.28415985574,118330.31616938523,-1337412.3539633483,134631.9861175733,399443.76919197355,-483459.26679092116,147669.98043233337,993627.5006083301
778,70.49988147696027,39.8566478325519,12.062346871570728,274413.2493493995,-1385347.5005544566,-1377757.8878624158,-6061.893083693408,-330241.95102954074,221312.81594718463,-1723498.3948470985,-1070220.0925880205,305026.34836764634,-1507310.2724902802,-12353.936970941773,46271.38232432494
779,68.75943220076944,38.87300138453594,17.187548056140507,425191.7555179608,-1563574.4309127468,-284212.794980473,-120325.04172060749,-712270.5695168099,-139438.163466524,-1893245.2935089585,18879.149324865026,451770.67380883533,-468666.1791545657,-105984.9221546515,869746.3092913318
780,70.50054414623801,39.857126202179856,17.18719810766597,559184.5136932675,-1484124.4993037758,-595277.095071593,7506.82020533162,-1063679.6773261079,11014.3201738571,-2192547.1647093003,113033.9410928007,559296.1429343978,-617390.4411455682,21209.28107426861,486596.14342025045
781,68.76019672063363,38.873611362456145,22.312495379244186,618634.7179755876,-1607464.0159659213,-460158.0546639264,69516.36186961713,-969051.6769785762,-215337.8258535993,-2160703.8011049638,11611.250740547699,700105.1977101564,-360867.6493316034,-88589.54929549164,1062637.1892074249
782,70.50134021056826,39.857670633398136,22.312119767671803,691062.9697374993,-1535433.6081303144,-405254.2135641974,104811.80210584421,-1284410.0224608104,-80834.1434379819,-2374188.503233073,382392.7267911774,742170.9244848829,-227037.5634846029,-21406.922350716453,920195.9355074838
783,68.65215489893231,38.812685797099114,27.437461496682154,1402353.7497204635,-1724825.9775101207,-48199.024039652955,584591.4922556852,-1378109.5468778892,-196116.3105426903,-2543610.9313726183,506839.21219441283,1666100.467348895,-141209.60293389417,-53206.63389543679,1363883.047394652
784,70.61096463951266,39.91970038043596,27.437043012984855,-62970.622653773054,-2178685.966455954,-1032036.4119682623,266946.5019768901,-1816042.9303865281,11970.985950804292,-3524066.684127718,-103044.22502329128,353417.9080730186,-71970.30712348348,-19348.85240912387,1332088.4312279355
785,69.2434288346333,38.01570288786292,12.354215994128632,228015.75635495735,-1299918.5325563801,206825.39906078007,-302935.228352362,-44764.16423346014,117608.59049320551,-1358096.437124536,116496.03086458579,376523.02911930735,-485052.6315645239,154510.2590518429,997664.2047592226
786,70.99945851273782,38.97245346232195,12.354017939633502,265526.0427218585,-1272225.9436500345,-1346043.9880283258,-41727.083558758495,-236922.64984719752,222550.36307820465,-1560340.9124462474,-1091574.2869611746,299171.31045092066,-1474527.9737886172,-6335.435984699678,39964.72739110993
787,69.24402926025726,38.01621874439168,17.39587806212841,392580.75756659504,-1582711.5133547129,-293857.59566927655,-133764.51037885572,-666922.3466980739,-137090.9825320297,-1879442.7575486535,-23513.724685412162,418968.1307766723,-458523.84592542297,-106529.72624916455,883106.2774056538
788,71.00009098550355,38.972902161225136,17.395541005655936,538219.9036638761,-1299787.794705896,-570417.4117280364,-35088.77130228587,-892745.7243715449,15550.30147159473,-1899634.3027247787,27194.663279154145,540454.3366755687,-599592.9331303418,19392.276877366774,492494.9134352133
789,69.24475818460846,38.016794867457044,22.437494534376977,579213.9299722282,-1630690.0391175374,-463512.82995307224,54642.98095526499,-922486.9071972488,-206099.10190386546,-2139670.9740725365,-26086.820043394415,650768.8550175487,-347764.28278488514,-85928.53469289454,1074598.5544534512
790,71.00085065104624,38.9734122523556,22.43713179665144,659501.1932578656,-1316072.247633967,-377739.444757522,49212.43761338984,-1096302.3513110382,-69462.74891579323,-2039383.5238312208,323992.97529024864,681080.0494073492,-228982.89493404527,-22738.914306901548,895847.3034646777
791,69.13574880379528,37.95755171910946,27.47912905186814,1332064.4796961937,-1792426.475079909,-74916.85563614371,569941.0324421879,-1338980.261539827,-183453.3245732856,-2568573.830539961,455043.84429842245,1578251.1352216792,-133762.02959434257,-52053.23713828735,1361808.966493367
792,71.11137546171884,39.03369408332302,27.478723955400195,-69096.96841396776,-1882203.4758099823,-968872.3920243338,192993.63216604473,-1592530.384636766,24195.468565458872,-3091674.21269788,-88880.64686883011,260382.02331842636,-75535.20226093607,-20290.8821188873,1291148.4387389813
793,69.8509966105294,36.85761308261841,12.64588003730665,228139.32404459352,-269613.65542759444,324795.68080561084,-334234.7820434833,503246.4438876864,78325.8728542124,-677450.1534422744,319200.6277016682,641570.8751632166,-472873.30428113986,143136.59327905826,985554.3539259704
794,71.63053185305436,37.770241242250194,12.645694242701575,220090.43677097472,-477478.4970191958,-1197512.4123927024,-138733.84823311822,190671.07945225394,223030.0569732873,-1286548.393101545,-438981.2040293743,270629.12448999594,-1389222.4805624823,16256.498366026284,40674.56377653603
795,69.85155419274493,36.85809280827279,17.604210646644393,313295.9082386327,-143597.28366077621,-103852.2319576825,-325004.5255087332,281868.9150301566,-151041.84701137544,-438332.5847263001,-84146.62588362637,588325.6032301006,-450862.2650845173,-104854.45518183398,896146.044031752
796,71.63112081645359,37.770651515486676,17.603892563075938,406873.6632989926,-118153.50983798258,-437097.6291127113,-233348.28439359082,-84164.08484689018,32501.524654680456,-458789.2924942679,-189089.1194610824,499500.93630364904,-583758.9333151453,15954.701433495879,495084.192600071
797,69.85223850777844,36.85862867516253,22.562497309040552,450134.5716260338,130026.38438062917,-184490.12632896553,-341035.4971117763,107184.70967354161,-204927.54806360955,-245107.51634862955,-84435.85428202487,725214.2003083521,-338118.52698611986,-85329.1614951529,1075775.3731698713
798,71.6318344772979,37.771120894494274,22.562152133036154,483117.3167251204,176268.12616962986,-170767.9520582283,-307331.9982721956,-201695.72937938556,-45429.13823120261,-306091.3117426247,115789.65036621236,678919.1522129343,-231664.60921548348,-22406.784770552204,874571.2333369788
799,69.74171986977868,36.80210497451996,27.520800199937224,1272817.968723222,455193.14439605194,338071.6466264997,-45742.04149729597,-144479.9408909244,-186300.1768959743,209861.4750380433,547264.6511449589,1308956.6335627716,-128381.09207942727,-52495.26380754942,1349964.3908542506
800,71.74378674090626,37.82860610415818,27.520413244374247,-140148.53759798728,27642.86080901054,-607349.4635691723,-326861.2870945141,-566511.2234646906,40374.439954791866,-961864.3012108208,-262152.49295131076,504161.6538039827,-76586.35322580852,-20187.057858414195,1249599.3513337118
801,70.59325773932932,35.37612643897946,12.937544265008658,190947.7996471588,-223903.69175335384,318102.9972051169,-320118.20270957984,502560.03544968506,39079.349598062836,-631411.3044156828,255544.84058057805,661013.5689340269,-431063.0065508276,106690.09435721034,950500.7394306082
802,72.3813477115299,36.272072035864305,12.937375285871632,213508.67082662854,-400875.28875848197,-1089079.567710984,-156445.01656033134,171991.00469999493,185970.07739520018,-1164200.1727430294,-378614.29758917436,266368.28468936664,-1252407.9928937582,12199.487160910465,87805.32522671527
803,70.59375910924453,35.37656081155235,17.812544036845924,265230.2274593315,-48671.26653485724,-77201.87901590775,-322179.11866290856,333748.6778641129,-148484.08805195018,-422455.6222387166,-48381.336431578966,610194.0405788622,-421452.16780536366,-111009.64366789615,911675.0679013937
804,72.38188021956873,36.27243693084874,17.812250363639166,365983.6876594235,-83066.37854768717,-441336.15107399906,-219764.6722453241,-62902.44208636433,32602.15096356773,-452092.5426033034,-165208.1384959622,458881.83913700277,-576791.4766528333,7075.118415192393,485576.6236535526
805,70.59438955635036,35.37705003603144,22.687502130938174,392566.87683563045,218713.1990348418,-163819.18480747996,-346026.24941653624,169183.1471448886,-195101.7540781603,-238595.26693539627,-50265.90021914593,736322.0582175346,-324336.3327342619,-87458.13712428544,1070895.599367223
806,72.38253950147863,36.27286011716381,22.687178527552582,444283.7806841731,199369.6680202472,-180814.31111623681,-289878.00476494554,-175002.77480293062,-38322.76809048858,-281902.17806069786,102844.00554670831,641897.3101021731,-238358.1800891318,-20842.364641338885,846851.2801651411
807,70.4832884962225,35.321524647230056,27.562473745195618,1177892.5573572444,544075.7706125784,331386.15858741355,-68047.25301380336,-69018.90720045456,-174894.42136010082,272295.6382316551,564185.9889732007,1216872.8593523805,-125630.26091851736,-55022.54174179531,1325626.8554445915
808,72.49497797644533,36.32925903413899,27.562109095890488,-148905.6302975166,42019.569438988285,-586857.0713820178,-288465.0264382261,-533777.1578844865,46374.98647106665,-907076.5527733862,-256209.1891032701,469542.6096361104,-77181.1340451675,-20631.73155755046,1196374.8431114778
809,71.33840133835831,33.889093391609926,13.229205909193832,151223.0481775956,-140028.13318145124,294252.0280356835,-278763.8964953294,491718.865687267,23393.24481152638,-548985.9101108961,200572.14785457202,653860.7052881517,-381226.9159655088,66327.70348392964,938999.1899939112
810,73.12927338593397,34.77944229918599,13.229056046767123,186959.86340264336,-288292.3700166039,-1013075.2342229771,-135054.7707939346,132463.8365151815,174172.8938029585,-1067181.7729828048,-284995.02308727923,237769.05523314636,-1159863.4990714372,16321.761472718012,128400.39613490421
811,71.33884896099565,33.88948280350069,18.0208726359947,244180.3249244643,29749.32207130229,-52031.164783014276,-310345.174947176,352094.61323360185,-145585.33425193687,-385420.8726313197,-22843.243368361316,630162.5982124333,-386227.1108867866,-109233.87822887469,948135.8334913106
812,73.12975060382578,34.7797654337527,18.02060374465455,325490.15463749046,-54455.828292833816,-462856.5425938498,-193154.7781370481,-47311.646603541645,35677.37287931702,-468525.4265261006,-132745.3505313324,409448.5608082397,-589207.1580091043,-1157.2489853251748,450133.7068427538
813,71.33942638007004,33.8899267233346,22.812501504099338,368161.0471044222,276489.3661120731,-141585.13485218876,-334006.3622078827,191818.87374953003,-184827.89874496462,-223858.54526577934,-12533.879765734393,739457.7033958202,-301632.8997739605,-84166.48438288696,1088683.3524984885
814,73.13035646496908,34.78014407221412,22.812199352009497,403023.2576673392,215813.33935546715,-193206.37398924405,-260148.81033123616,-146607.90158261318,-30536.062619435685,-261558.0116239441,96599.2984244608,590588.9362330455,-250821.31599939437,-19161.06670843698,793578.2777765652
815,71.22810427426897,33.834707960612064,27.60414167762516,1116597.431959849,579230.3245854905,320975.78845128726,-65912.54687173944,-41039.51207134214,-165305.79030919002,278490.60832008475,583141.1555388484,1155171.7811376937,-115680.25146004846,-52328.41193007217,1326512.3038407515
816,73.24292105410782,34.83615209257228,27.603799475867064,-158410.47839830717,53523.80417529514,-564609.138752756,-243148.7463856543,-495942.3401700187,52622.01101519325,-847988.8626075847,-247966.7227915905,426459.7724234072,-82837.30618261208,-22474.823096581626,1113518.6159590296
817,71.77261697262558,33.00940002511134,13.520869157381854,-870092.8612457718,-6120056.490876312,-775590.3897069411,-370716.897023929,-1760674.967756588,57908.39154097323,-6667723.254545841,-890959.6087498917,-207056.8785332955,-384391.965243623,69094.7564127798,986715.3504600584
818,73.57965621948387,33.86591323565685,13.520729960315931,-385657.0260627072,-4379242.299672614,-1686919.6595102623,49399.38526226226,-1480344.8665921423,107085.27582880126,-5035658.20547636,-1041427.1450769899,-374733.6346922299,-1143673.5159893292,24261.807943395943,175441.97759397398
819,71.7730354833361,33.00976329159685,18.22920219646518,-1063419.273495836,-8473938.11264204,-1552302.1519489016,157443.96252329528,-3815446.140841012,-157478.83453302184,-10165029.254700717,-1097639.5495018272,173009.2661157672,-328761.9302779752,-121934.04267749423,992525.2113592974
820,73.58010173730433,33.86621272261604,18.22894721514963,-450766.5750383008,-6349614.481442673,-1532508.7905609175,354544.93182339583,-3245685.327777396,-54960.47930474313,-7994105.681213502,-510461.56497016066,171677.39914176762,-590652.8210888504,-20950.751183339944,446939.3857103652
821,71.77357932369281,33.010178556795964,22.937499689629828,-1229079.8326233877,-10473569.953245437,-2289930.6133846273,970615.2102867673,-4579908.767318615,-219141.84420400162,-12579318.265844045,-1462788.0460771867,49525.91266777611,-278402.1354205673,-80099.62187292495,1098901.5665393737
822,73.58067251363398,33.86656303573373,22.93721056980692,-596295.7597498314,-8040256.384421147,-1800466.6266623163,890214.7854691232,-3905708.531975201,-117846.59494482755,-9979473.924978916,-807675.0976623162,350130.2518079385,-258595.88984390663,-19777.436976169036,747943.6209907199
823,71.66121548291434,32.9570467077182,27.645807725874153,-1209533.6043248172,-13201316.989858445,-2780516.0118021425,2193663.296609939,-5645063.241656364,-189451.37023073676,-15928259.747623838,-1725036.8558411272,461929.99747956824,-109058.46948026857,-57675.95000268879,1303476.8026622054
824,73.69421439685934,33.920429686512435,27.645479426967768,-1615518.3784075547,-10337759.199343674,-2828529.6800328996,1617871.1753331532,-4793218.598531851,-31954.528670006082,-12857161.360165134,-1830643.5747468388,-94002.32287216325,-92733.95456787368,-27519.316579891994,1040157.7791655347
825,71.9039917183308,32.72013133183047,13.81253571544113,-712989.3581671292,-5369788.452611643,-647958.482457606,-378435.1751640514,-1422695.874201495,57775.883397847116,-5789350.30098867,-739375.8154848486,-202010.1767628563,-375180.08299919515,57454.69878914536,1003553.3802273558
826,73.72441620074281,33.54840407927247,13.812395750567651,-509196.6505840088,-4892273.344791304,-1804501.4774339062,17812.78643232052,-1567091.7781005872,106635.98252022862,-5548900.763717394,-1161352.3285511932,-495718.3805406287,-1156209.8741586222,16503.85958928437,168651.92116352206
827,71.90440226094569,32.72048570922567,18.437534426306335,-838845.3162588973,-7317759.170018205,-1346862.6836031866,49377.10412551094,-3144567.06921512,-152676.91484361014,-8668374.659185963,-868096.8206624873,33004.30996815845,-336420.03936334455,-119704.81775449784,999105.3548403824
828,73.72485217914672,33.548695679112846,18.437281839447074,-611128.4687547421,-6963774.98668859,-1642946.7752170386,316992.41864577145,-3433599.9308252977,-56423.336182738814,-8655418.777918551,-654731.4079046948,92299.95516287556,-570230.165147346,-20163.5522371887,458637.17309562396
829,71.90493103435041,32.72088785437651,23.062499250050397,-931402.7821875282,-8922095.178138476,-1962734.3402616708,730550.6536658659,-3791615.613349086,-206892.9019997416,-10624181.663513295,-1164183.3073872123,-27867.329687167094,-275989.79450162064,-77842.36102252787,1118308.0783520455
830,73.72540644923913,33.549033642479,23.06221442509882,-803645.7875371911,-8767103.229028054,-1966380.5191466403,881454.189865047,-4110482.6539525674,-116290.84694072265,-10757732.18074364,-987683.4314629533,208286.07649471101,-255305.21028198357,-17957.922695353307,747397.0449663197
831,71.79171397134894,32.66950718031036,27.687474995904623,-764096.0094150659,-10965553.283122733,-2260049.8363360222,1766226.0599922289,-4642271.879101194,-178067.79023165366,-13171066.121096134,-1283062.9422641005,464429.9344864214,-104054.18259949585,-52814.867492440106,1335147.2838808522
832,73.83976650073767,33.60112253799531,27.687151520554927,-1897391.798963115,-11337305.998860262,-3073843.2237420413,1668727.8070769215,-5094271.077427791,-30652.614829063416,-13950396.30677654,-2091079.6284981717,-267065.0862907064,-86389.65885283292,-22003.459962864712,1040362.906098341
833,72.03950555594108,32.42244798095754,14.10420206860002,-774390.6304809599,-5654816.2667559385,-705376.0932844542,-408713.6184322136,-1503025.0251243422,57720.22216699662,-6102339.161794654,-800552.6879749988,-231691.1407517008,-364731.9716337752,71268.79736817394,1019871.7949885889
834,73.86503662472678,33.23930839390076,14.104060831890138,-470257.3008358453,-4727306.233297005,-1778350.5032628684,2984.008960197689,-1451767.588026415,102587.61706020548,-5322416.388067996,-1195718.8267830934,-457778.82254463236,-1153653.0154685962,12372.40050088108,176003.48417382262
835,72.0399077900727,32.4227934456933,18.645866441045243,-916346.9716091619,-7614731.623530387,-1410314.3010337092,38877.58543196547,-3214690.9944092915,-151647.99521583624,-8980022.102286227,-942959.9801346053,-18410.813752426846,-329230.13046772225,-121184.87519493632,1002789.6401765996
836,73.86546337801192,33.239592245541026,18.64561624211385,-538051.2734141636,-6587861.330419856,-1557292.4813163492,278398.3815056163,-3194602.050823367,-55637.33794170605,-8145276.704003174,-582434.1000352447,44505.718888049334,-550831.6990433171,-17098.613868357254,466371.0606035291
837,72.04042146931052,32.423182400982306,23.187498619296882,-1022693.3411581018,-9224671.526052114,-2028673.4224030585,722301.1949722321,-3851165.2978485734,-202174.21481577688,-10931325.889844162,-1240733.7244411646,-103978.67532794659,-266264.31585610256,-77139.06674629741,1119967.0302565563
838,73.8660016153417,33.239918336958155,23.187217963631593,-704309.1119411017,-8222052.127610786,-1850166.3579166331,800415.0744603242,-3806605.9682932617,-111671.93588314012,-10049312.596756898,-890376.6107723828,163161.6100607592,-254304.92021309916,-19175.921312716164,736931.7536466867
839,71.92686844288747,32.3725010862933,27.729142025207945,-897345.5075609267,-11371118.080016682,-2360382.008505378,1776330.6030088384,-4738393.359598018,-171867.35144425806,-13597759.75261384,-1388136.794482267,357050.95101311477,-101300.95545859332,-55578.2593553328,1324417.8241295852
840,73.98066294436073,33.291281760926296,27.72882324264751,-1736891.2801904012,-10531326.87340967,-2885087.8502844903,1526468.595375848,-4719001.263760752,-24771.486911219865,-12948800.367229506,-1923045.5112447343,-281460.1254103213,-88168.78466920865,-22597.671834398454,1022400.7048276148
841,72.23707693057895,31.973395095323262,14.395867890321162,-23786.59995146253,-1978196.541816191,-38088.158564526995,-286751.64624512737,-204497.15202667902,39465.11415297734,-2038781.4427902603,-70836.235121133,69546.37757921376,-345410.09567156,75275.27609329321,1028137.0720904224
842,74.07021301455985,32.77311575196726,14.395728399480959,80928.29857835971,-1922234.9383079812,-1258423.1519998705,-34836.45793353991,-457401.14823051734,115414.73043334766,-2155669.6048292248,-1037772.5313280973,93712.34442783002,-1144834.365325851,4941.73331534061,176039.46336304172
843,72.23746619903265,31.973728837870098,18.854198988050392,89952.37686595484,-2569302.1944324602,-463525.58239868307,-122899.05577464167,-881820.2019711933,-154473.42063882158,-2899281.628439553,-180893.0216204435,137299.2500948077,-340221.37176181085,-112609.78699695058,1000379.9321999587
844,74.07062574255708,32.773388999142696,18.853954120073315,252071.12859581108,-2456374.9392623305,-787617.977020513,47515.11219101746,-1212088.5711369826,-41035.15313790427,-3093665.6711981003,-158791.03505350588,260534.91856457407,-539670.5379910163,-7125.595740659945,456980.4535292369
845,72.2379608742463,31.974101775782895,23.312498753176147,238124.61645458266,-2942709.6930201473,-692864.5938735381,123254.92676138454,-1202062.8703523728,-190645.26931032666,-3464493.6849502693,-270061.714904402,337105.7294155689,-258628.94342413527,-76260.88116356592,1129392.4569854313
846,74.07114381868493,32.773700492216534,23.312224383684672,327722.51850848633,-2899106.993782091,-731074.9134625584,235163.83984013204,-1490783.886869031,-90698.93930068964,-3665447.3908078945,-60620.716647277855,423608.7187190081,-252696.92670240416,-19098.529185021493,727413.0273230609
847,72.12391269704199,31.924475578084866,27.77080956379275,760744.7394209129,-3467253.014103628,-514634.90596459794,654930.341736068,-1628486.4228049153,-167274.40285966123,-4245761.727783596,-3333.961334508411,1027952.5084707927,-95114.09623838517,-52924.52921342571,1338030.2317042132
848,74.1862595012932,32.82397794774019,27.770497797543666,-359584.13638419297,-3852678.946920013,-1328445.178627876,534160.0944733439,-2040890.8999947447,-6972.65086895925,-5036201.375930107,-524133.0983689687,19626.21236699579,-86144.86383701173,-20039.282445529538,1011035.6151285811
849,72.50050818272251,31.36440370909334,14.687533547316033,-18424.2767402507,-1902118.0884819087,-32989.661359994265,-294069.5606369301,-156537.68807407242,46664.177614265885,-1958306.282131007,-71176.11839749955,75950.37394635363,-348293.8279098638,93023.2930864002,1041843.7210348081
850,74.33614335726784,32.1583954913607,14.68739884313579,77036.61677793233,-1932488.5486428356,-1247496.2522376215,-39586.10178480341,-425884.8971027823,119462.73353873094,-2136625.1734573096,-1057212.46886292,90889.45821770464,-1129014.463805473,11948.832851566263,174051.76607246164
851,72.50087952807053,31.364722671664108,19.06253136106857,94081.93918336392,-2435778.520598013,-437863.75341700314,-123401.52572726778,-805589.9371558496,-148368.45432849653,-2729875.254609271,-186972.78589217822,137287.7056697975,-325071.17977566324,-112437.50736595101,1014569.5696099557
852,74.33653739855599,32.1586554191246,19.062294500430493,240441.10588698077,-2432554.3033697493,-784203.6918577107,54827.4081023529,-1170384.958732105,-40000.73453199418,-3040113.78162839,-185581.52732920946,249378.41961712125,-535007.5506669293,-9824.69849216859,454967.49020056945
853,72.50135131024192,31.365076818643956,23.437499387492988,238987.69155098288,-2783055.8336136863,-659018.9215504691,106946.01741195847,-1116276.859337153,-181370.49700214705,-3262008.498614857,-266511.3968343548,325432.83183604054,-249437.6768449926,-75514.12971409927,1136555.9672987382
854,74.33703172018576,32.15894993806424,23.437233232469545,312162.3393833764,-2866532.5918008685,-726187.4226830704,235774.5744134037,-1448552.7439597237,-84988.02664912566,-3604942.244070895,-78449.227688654,402833.796658987,-252167.69000218093,-18349.6051003887,712640.2565767665
855,72.38712400762965,31.315789981226462,27.81247784466162,753269.045019744,-3264234.257961178,-477256.73767986347,618901.2255176578,-1524752.6603227244,-157711.45338796615,-3990038.844783629,4043.4652335692713,997773.428928759,-90779.65655685352,-52809.313919501066,1337477.3277825157
856,74.45227982303452,32.208852489629216,27.812175187165067,-363797.1180938352,-3812331.786426192,-1314893.3883604032,536031.3181917523,-1993682.1345063332,-1861.2638718836931,-4963847.17762325,-528761.0814596117,1585.966202431178,-86544.74062342918,-18909.363532181877,986263.8497051485
857,72.76274340751431,30.758299228996535,14.97919898175415,-30715.24647224252,-1898909.0719005866,-45231.54938800179,-303111.3789820821,-134505.58605022787,48104.696767186084,-1955093.477189639,-83446.97326223349,63684.582691041214,-344367.08177442354,102314.91179543939,1051134.237298245
858,74.60326929492243,31.540787639538955,14.979068959430645,83293.6604100485,-1835606.0809308044,-1218710.5113397539,-48333.475282502026,-371487.68876104057,118455.80342437139,-2010028.1782500874,-1058604.6779481503,97609.92433772823,-1109197.3560774913,13818.476172758668,175691.99079441655
859,72.76309670614428,30.758603431215835,19.270863205772148,74930.77075395978,-2403195.5535259293,-434144.4170272161,-130385.41066888439,-770726.7905957535,-140746.57260887683,-2679394.121089279,-197240.85863990744,114225.77993000188,-310242.99601102644,-110442.20777019234,1028041.1268286915
860,74.60364432860139,31.541034211057482,19.270634351962656,242029.08118276857,-2275673.3774028863,-760943.7448084035,46403.86415706154,-1065287.980774267,-35464.244600464735,-2825585.005473939,-217300.54798544044,248297.5124308572,-533918.5584036165,-11562.025461852152,443565.90221362957
861,72.76354646920927,30.75893948226331,23.562499325806108,212393.38444123266,-2745075.363168005,-651949.2818860163,93312.22776789688,-1079132.5935392408,-171888.85266816962,-3201887.992578228,-273251.1817721506,290507.9137375904,-239076.71980637047,-74002.36166852828,1140865.8534451923
862,74.60411562727454,31.5413123074636,23.56224137570754,313731.10378982534,-2661534.3489321424,-689670.8470076139,209448.67105562298,-1332243.1231756813,-77114.69806498368,-3339355.9273327496,-83950.72343803964,385832.5586208577,-254513.52266496088,-18622.647935306544,688543.5168415064
863,72.64899122091771,30.7103533898447,27.85414538935494,705135.8722953312,-3235756.443301101,-481522.3526525118,597393.7348192063,-1487459.5387746114,-148296.04086526865,-3937389.169733625,-12213.739606048077,937459.9856813914,-86644.65789199725,-53600.59477379335,1330500.8843113696
864,74.71964608406338,31.590479600210216,27.85385184525446,-337786.93221291923,-3531612.242185822,-1248604.8650846228,492070.73638228263,-1850926.9363560802,4515.717630952274,-4608528.340021895,-492700.0263090505,-16775.673152416526,-89683.95670476611,-19782.16522279286,950579.0508810959
865,73.0149167479108,30.15476345219111,15.270864412116243,-39981.96051381901,-1845414.5764770936,-47383.94238189317,-316565.03859448485,-99215.17328342638,40546.513152293126,-1903777.2147423015,-77797.22529902519,48793.960668520995,-336129.6831930983,105251.54588416929,1060997.551346844
866,74.86507910306673,30.914185131751616,15.270739259389332,76117.85181720497,-1798332.81985938,-1197783.6129568014,-61675.67251118052,-339638.83861195133,109123.21200287486,-1951465.22852227,-1058447.8695900498,89914.5171133428,-1083910.2693170386,13813.997106978344,183858.79288400803
867,73.01525222648203,30.155053284270483,19.479195697643696,64092.60558623588,-2309336.585171057,-419753.8212705383,-155394.19833150902,-707681.4318841391,-141785.82377472377,-2559090.772714298,-209334.51569730163,103427.48755623966,-298432.77608570614,-106831.53156270097,1044970.1790355112
868,74.86543496554287,30.91441878948839,19.478974958822874,228981.51545424492,-2216452.06409952,-756280.7511928027,30679.77790352692,-1003309.3472227127,-40291.7804273542,-2727222.4339614534,-250713.08793833762,234184.22206171288,-534470.083851513,-12839.881276330718,432189.8984137023
869,73.01568075940754,30.155372207002195,23.687499638782597,202345.64974336186,-2635460.314969938,-629494.7346578089,54252.721990142156,-1011477.2761907785,-173465.46195164594,-3057013.825274822,-276429.9132804381,270834.3386708752,-229839.87448485498,-72160.20512909048,1147365.3104985813
870,74.86588379003679,30.91468114329307,23.687249932119588,302617.1925527806,-2581043.638673014,-677269.3009760382,180011.26655534015,-1266891.333631183,-81731.30694212057,-3218215.758866908,-102065.42650519326,364585.4382758293,-256161.32094034614,-18156.111292063695,668394.13389883
871,72.90050142151853,30.108210604155076,27.89581303595051,687627.3867626265,-3090548.452115368,-457502.93088903185,534734.6131546231,-1402584.532999599,-150904.27891473004,-3739903.5140514625,-14089.969271424246,893569.4870811135,-82089.09601406922,-54042.55305318451,1329237.5394916972
872,74.9819936415579,30.962391030228904,27.89552867781462,-328076.9244728391,-3411736.051652504,-1215622.5860370675,449567.10529895785,-1768649.341780799,-3412.314314572271,-4432863.076440036,-483755.3539676559,-38817.131754718415,-90640.16657584351,-19748.135574519107,920571.9171463579
873,73.26184623899684,29.54226285718523,15.562530275625605,-32016.60231899121,-1699528.8145260168,-30103.1734144722,-312791.306938394,-42140.8404669816,39723.84946564986,-1756955.9504462304,-56238.3681650686,51545.72835181869,-324920.7320291795,104799.91618181932,1073277.7538703587
874,75.11675424854374,30.290121778189338,15.562410191065936,64823.18850906746,-1783662.8071565544,-1178645.1212022146,-62382.42792341483,-319678.8404872398,106057.12746796146,-1921394.4679595195,-1054346.7567720048,78256.48488182257,-1057398.0566266016,15654.896505276343,197492.14763797112
875,73.26216418525627,29.54253863475724,19.68752831700862,69645.23110291781,-2100466.5165709164,-383156.28814026876,-171442.76251071438,-604765.6673174793,-131862.3091639743,-2309448.6300105704,-209818.05860738596,105289.11500968978,-288093.4018808074,-102172.39464001592,1066885.0683323739
876,75.11709147961692,30.290343359097683,19.68731560155237,206678.9677736403,-2196271.2037846195,-760518.5747892791,27728.002671228984,-964020.3197286961,-34003.351165920736,-2680375.3694608267,-280213.14607673185,210477.7047373007,-537375.9710788213,-13886.4044496321,422315.7673367067
877,73.26257190239434,29.54284116244131,23.812500363162464,205839.54110599542,-2390571.00903186,-580789.604175414,21759.630097011923,-900235.1393956413,-163254.26821345012,-2762702.227093206,-263216.7460115487,260397.90100347574,-221009.13875518285,-70395.66997147912,1156539.0189735473
878,75.11751862706302,30.290590764837724,23.812258674572426,276146.6796327105,-2548883.3927607136,-675240.2489155484,171528.14557315822,-1228148.198152568,-75218.94915649958,-3160947.7659932734,-118902.54650115743,331873.35045087896,-256075.9003771408,-16438.944879579707,654636.3789346479
879,73.14707453475967,29.496385551169553,27.937481301017197,687113.3556634514,-2774588.9356399667,-397615.36533469555,474931.22343490104,-1266133.2709882818,-141240.82390919857,-3358549.463503776,9850.290169029111,863608.2280235364,-77573.38577640198,-53465.88366154828,1333056.2483950718
880,75.23390286010509,30.337563020272366,27.937205939486986,-345703.6431873782,-3377373.3541989904,-1204319.304018652,441778.9354051311,-1728139.8425277395,1078.8656583166692,-4369533.6538950205,-492696.6897932343,-65165.95771676441,-89422.40351965584,-18138.522757024366,897515.1964743222
881,73.50998865397817,28.926881466437244,15.854195687904635,-37094.125722714874,-1636095.920188281,-30713.037623172335,-300033.54117793415,-6321.0954120214465,51382.39625137314,-1690545.1390124059,-63676.80541065384,50318.860888891686,-320146.05342397525,107210.5003451665,1094438.2948136977
882,75.36721510517026,29.668937549607808,15.854081618121342,66989.63953059138,-1696798.8672494716,-1158763.0558031988,-49026.31807756787,-296582.679437619,114641.47420972536,-1828197.0324072759,-1041389.9922886256,81014.74117382236,-1052940.4909196175,20225.92135657378,205077.6292057282
883,73.51029005948716,28.92714360946574,19.895860359698958,60311.95531595033,-2022640.188810645,-367770.89523934555,-179095.66553567594,-564147.6914193233,-123061.62905281695,-2215579.5354398265,-208223.91429157922,93704.32099736681,-277413.34332715167,-95494.7825817768,1085405.089141422
884,75.36753473241679,29.66914778138026,19.89565559391284,204481.1514492291,-2086816.8773751499,-750026.8334463753,24818.62262762781,-894503.412457212,-28258.40018818252,-2535096.513279413,-304381.44493650214,207115.39884361875,-544082.8143942321,-13709.396745708333,404034.9933210333
885,73.51067738395133,28.92743022266471,23.93750045751906,190860.15665584023,-2308059.8313167295,-563792.7658960405,13771.937681470914,-862427.8571184434,-153671.6790460771,-2663198.7546012457,-257711.10398205364,239917.41802636968,-211998.4575800821,-68477.26886238727,1160967.4945202533
886,75.36794082111871,29.669380670677157,23.937266616366756,273665.5016489249,-2408869.1477037286,-649019.9427049875,162370.42537263548,-1155174.365808119,-68229.48196251031,-2985160.1316126604,-121225.17729656197,322161.72014943085,-257692.88832464567,-15541.915153723241,630793.6938148815
887,73.39501424350195,28.881320912217944,27.979148873185185,655883.6951600414,-2686204.970924555,-387161.5747283019,455726.4770644844,-1223575.1157877236,-132668.46796187674,-3249990.388343074,9037.644330735237,823469.8935195248,-73354.13013896579,-53351.69133506436,1328835.8136056936
888,75.48444826761224,29.715975961827553,27.97888239543633,-328419.4800826925,-3190613.739517064,-1156885.8005867545,422227.65828285407,-1638175.5331403348,5985.144584812364,-4138265.7068286035,-469255.86089426413,-68397.45246364077,-91751.23725640145,-18137.10685488,862599.7046060511
889,73.69063717407889,28.470755672689876,16.14586125983719,-721363.3588841569,-4839112.898145383,-649711.065238312,-470737.55088809464,-838894.6222825105,76618.63904212475,-5047252.438708868,-769821.0228412405,-393113.86071774387,-329520.88447946106,120020.62143785626,1125342.6585398428
890,75.55471132942839,29.195357393267766,16.145750617626554,-442600.0881974873,-4184217.369167485,-1647729.648408737,-59122.97038449145,-889890.017302269,105101.18210004864,-4465430.873974891,-1381502.1474343662,-427614.0843644533,-1064551.954344446,27004.55188668899,212439.5665371571
891,73.69092700643492,28.47100746206951,20.104192771505335,-795721.1488760336,-6121901.547377273,-1148013.2034451328,-179364.71585021133,-2119595.00320713,-123891.82557619778,-6909904.356877914,-795301.76637448,-360429.7764460423,-256256.29464276097,-97782.44674936887,1102108.8217975327
892,75.55501819485433,29.195558938183176,20.10399320828062,-460994.1842640601,-5428670.584745814,-1373725.7055917357,118104.74204898675,-2187388.503701035,-50798.82332912323,-6385004.197858309,-535208.4259527813,-343177.85079051595,-541553.4089108577,-22397.177528161137,401821.1936476324
893,73.69129812071344,28.471281195267878,24.062500282729054,-843463.1250847835,-7244455.239629179,-1611348.7861871552,309889.37701806944,-2672213.6197435036,-164455.50038951644,-8317285.236126634,-995491.6157795995,-386490.2989948882,-204556.77611984307,-66927.15925090402,1161221.313803799
894,75.5554071531649,29.195780093980446,24.062272325420405,-565993.2342009617,-6574867.17243799,-1522614.604485356,477416.31735919195,-2723956.243005547,-92323.14883930383,-7786005.955475422,-733261.4663625818,-144207.58928630332,-259160.2103415659,-16369.593653218073,606973.7835718666
895,73.57518992759407,28.426249531825395,28.020815880515126,-683311.6072755156,-8758431.139601126,-1813096.1489059161,1100867.3229603486,-3356275.028333869,-139845.8250679066,-10213927.994370135,-1063765.2910223738,22854.38960994881,-72575.54514295052,-56995.12813827301,1311782.1773263891
896,75.67232431759447,29.24127287941804,28.020556186187463,-1397675.7054803446,-8288127.821682231,-2337326.7363448264,1032223.1619874078,-3463018.048997497,-19459.684225413785,-9979437.711995358,-1545704.2979285687,-497988.2535834755,-95776.938275684,-20560.08201644554,827650.2149411653
897,73.80721627579281,28.16515817585168,16.43752764203139,-659323.109046161,-4525011.302076112,-591659.9361862792,-477755.00810344116,-745572.8768312075,77095.2878509696,-4712976.785196923,-709676.2182168055,-353341.34389482584,-321554.62934455,125371.15152746839,1151536.663225451
898,75.67581945827686,28.87810874810942,16.43741680911715,-485533.0965223587,-4340050.764547719,-1688030.2676585522,-80610.84546091098,-895532.4196007543,104319.22761982297,-4614653.927725981,-1430048.131301648,-468912.06970100116,-1070371.19687758,23622.065739884707,218824.22830320479
899,73.80749859030124,28.165402515347495,20.312525266383417,-717008.9648085177,-5682590.256514046,-1065453.2460215937,-206170.81772817063,-1923966.3791981414,-121831.32191123105,-6388971.042631548,-712954.561642501,-363126.8630701116,-254096.4607038445,-95504.77171972745,1110995.8908322174
900,75.67611804366916,28.878304010560875,20.312328035324423,-506485.54012396594,-5567861.310449389,-1387420.8582214813,95485.81185561192,-2210480.319439867,-50774.75395935386,-6520644.595867836,-561992.4789991033,-379130.6339278957,-526065.472761089,-19543.431798206413,408969.5261446964
901,73.80785737913963,28.16566607310524,24.18750008502309,-743063.5233721756,-6666225.387731772,-1487604.8734226585,244070.37807125287,-2432702.166476198,-157769.7592899095,-7633881.268664641,-891248.4396307808,-371764.0762311858,-198110.6206449448,-62927.55988977851,1176754.5468730668
902,75.6764938996109,28.87851626287419,24.187275937228435,-622630.3054208353,-6711215.722819369,-1551740.357427726,460345.2956676377,-2742919.817478176,-89318.39076580953,-7917502.4747292455,-773484.3748181835,-194599.53612049978,-255834.5224011227,-14518.182506061217,605541.853833793
903,73.69145235245551,28.121352130234527,28.062483073053492,-542875.7104716252,-7959176.392682931,-1628726.665474269,979908.2550057042,-3050313.7572614644,-133643.37278895127,-9274471.900839873,-917276.7242943746,60969.856505420175,-67100.56739309881,-52680.51833234993,1331810.8534563067
904,75.79367941506275,28.923271882763874,28.06222789741007,-1465654.7529908111,-8465264.685478946,-2381200.561372698,1026802.518548884,-3500819.1878110785,-17271.50732650544,-10160190.784408705,-1602653.8517596757,-549275.363674077,-91004.21020211164,-16624.665265245545,826842.8513596574
905,73.92386846820503,27.859588367792163,16.72919394434548,-705546.0203140975,-4696062.033555725,-625275.7315346139,-520975.01035175286,-790351.5903875311,76229.54376943999,-4903305.337579178,-751406.120383345,-372172.3274419122,-315861.6054836359,135809.5160524284,1162985.770371356
906,75.79685457809892,28.560832254379626,16.729082491372083,-443007.9143194583,-4111858.777813426,-1645130.4155116044,-105863.55907927883,-806748.9139157321,99968.53501261999,-4353636.77566542,-1420927.85064939,-425432.48132967966,-1066458.2170123935,18743.54238811485,218811.35492523955
907,73.92414310785391,27.859825356766525,20.52085763982892,-771327.4904003217,-5843219.943832042,-1098950.4743075012,-230852.23000887866,-1957774.7272604418,-118708.72385446834,-6558230.185246021,-762951.7336237136,-392315.98967013246,-249464.3977115391,-97168.21804535648,1105880.5027134647
908,75.79714480769901,28.56102121427881,20.520662785398486,-441208.4321130547,-5191114.997781688,-1302596.0675741169,63913.59327607871,-2040442.2867511306,-48402.15495880538,-6065565.9754336495,-504615.3901502787,-364738.131884931,-513168.14168430795,-18572.33170995939,404211.29162731103
909,73.92448982128214,27.860078844680338,24.31249973661278,-803985.0683789594,-6807855.647214991,-1519185.8632853853,218820.2773577615,-2457922.166558805,-152519.01460749414,-7776907.501958083,-931183.6620383838,-422935.4148828663,-192971.5144872144,-62586.90958863302,1171580.206026872
910,75.79750779931973,28.561224770769577,24.312279397664582,-539090.8984849032,-6208920.990651619,-1444403.7062458238,398746.37130646093,-2525037.8374465625,-84103.56637686589,-7314481.707935946,-688336.7881267301,-189597.09931967157,-256854.6436028979,-16766.839454745957,586840.3926211254
911,73.807797182384,27.816486207540862,28.10415008127967,-631706.6620664806,-8153308.299420924,-1680100.4641126394,963275.3397447583,-3095582.138366853,-128097.58020823241,-9476554.215673437,-973026.3399396023,-15534.869987004971,-67568.71112302023,-56829.48898597393,1313745.7275423128
912,75.91495279178545,28.60523980856106,28.103899427412895,-1333758.9683379522,-7762281.194825612,-2217392.9089456555,922509.5293166034,-3226309.048311536,-12627.755310435237,-9330705.286779266,-1461254.5692693554,-521473.21606059547,-95012.43835763118,-19530.08185532402,800890.4213203082
913,74.09300370823411,27.399068330846596,17.02085980138083,-44052.82919907634,-1439958.8792723883,-17299.540777897695,-361587.3184605312,58695.10243329666,51417.45343750222,-1531226.3862339007,-31347.46976432695,61262.606748865444,-303288.73570779,139711.41319554887,1161616.672290981
914,75.97250877597808,28.082733619720567,17.020750593722052,45014.16899739241,-1602671.6587046748,-1154428.8531793305,-99838.8166316664,-192636.48377581718,104511.22742337004,-1676022.6879339446,-1098342.5635235494,62278.908570881074,-1050034.482791338,14803.416154876,218812.38538728282
915,74.09326668505155,27.399295974460156,20.729190558940374,35454.4141875449,-1738241.8378261195,-326163.8196373297,-241876.6639386446,-423585.30645326356,-121026.84256220846,-1892132.7610338363,-217993.9389002846,81175.45665821718,-255738.67963587033,-87926.57479846633,1109255.761838952
916,75.9727864604208,28.082914495841536,20.729000877763703,179420.68707944348,-1861159.867440836,-685613.7416106872,-33071.98096895446,-749709.6527200982,-34236.13160684898,-2226867.782362734,-321267.2144989894,180782.0748896429,-508767.46666696295,-9239.98565265182,395063.47689188283
917,74.09359833901769,27.399537553250177,24.437500046646104,160979.42564077443,-1921057.4103142365,-489138.7343203636,-85401.61250244691,-688644.6106650459,-143456.9681125994,-2205960.428126525,-236854.956771839,193598.66590454127,-187381.62167169692,-59766.321271880435,1181673.2800312429
918,75.97313343349299,28.08310761776976,24.437285509507085,236769.65553792787,-2105476.657499879,-590363.3562337862,81504.3572348458,-978754.7230911969,-65958.91447100606,-2586291.040698019,-134550.59392604366,261771.27642832432,-254631.88756587563,-14786.459093411111,580537.2179953487
919,73.97648224252623,27.357031445056773,28.145817445586697,600670.2088392929,-2171256.4123795265,-292794.1488224129,305046.5750312419,-997782.4151237963,-123092.48599909301,-2619033.0374624254,43462.90102405648,712189.7840757207,-61633.190002614705,-53045.62847206275,1331431.8364772866
920,76.0909687016801,28.12601341940234,28.145573533657878,-319030.39282204607,-2742932.991165651,-1053068.478062226,313519.20421261305,-1413729.9264422075,2347.446191462166,-3568112.1577233626,-427236.09730190964,-119683.60702465066,-91918.2021953941,-16375.680247656794,792784.4873859386
921,74.31788228836828,26.77480807153501,17.312525621784573,-45299.54221928312,-1339760.80425081,-5993.419187140244,-362966.38394559966,93521.75440531202,54169.74479787562,-1442149.3831000095,-11850.78293029151,62946.40037306733,-302862.9186539025,144018.84388051342,1159422.6352723762
922,76.19952255209769,27.452603023613392,17.31242165413137,38383.31135823537,-1564225.5929956392,-1128193.2992778567,-106759.4973892405,-166035.13638169356,104341.31009166541,-1623071.8230210594,-1087755.659035678,56791.90114147663,-1024778.5630858664,20527.739730651054,220716.95116094543
923,74.3181297445405,26.77502415710023,20.937523316672443,35602.375842135516,-1577902.3606112206,-294212.6733191786,-248216.78619748875,-364855.03214897594,-109989.03177332858,-1715427.8532983768,-204135.07312094912,83050.26833106203,-245814.29982920442,-80630.42990918281,1124235.2222571135
924,76.19978393078519,27.45277426566816,20.937341370861482,164112.36323047575,-1802279.4216106636,-685273.4056531291,-33801.61784305686,-710472.9915449057,-27518.33608902213,-2148268.1130625736,-340260.2934292384,165087.94245849582,-516749.1016497275,-10576.557755991846,382276.13835433463
925,74.31844332434535,26.77525206553458,24.562500782317645,156415.30158692767,-1743425.7067163265,-454634.274205893,-100268.40155499453,-625223.6353537366,-133888.72650636412,-2006391.5399956896,-220397.29769939854,185144.15835979756,-181914.92281852325,-58294.59947886215,1185592.1245583328
926,76.20011213168208,27.452955406401372,24.562293841450888,220771.49028336862,-2030507.8066777028,-577282.329223311,75661.68364680323,-942922.6616040653,-59217.206937883995,-2494945.025887576,-134519.14992221497,242445.5301921454,-254647.99306697876,-13320.6334135201,564151.7508659489
927,74.20117507612964,26.733099093010427,28.187485431818097,587957.0216875265,-1953313.1793147353,-255957.95511425822,272557.5450772515,-921435.226231001,-114073.44468200451,-2371473.2928499896,63573.716297178864,686585.4638113434,-59141.30702807894,-52821.215207139,1331150.2173492208
928,76.31806142699105,27.495482408330446,28.187250255425287,-321262.8981010257,-2652886.9102496314,-1028052.793071013,305825.7086442703,-1369056.492879149,6267.432882195347,-3455542.5701637,-420786.71345027786,-125873.31780769494,-92120.05803173101,-15347.618543411038,768007.3423501669
929,74.54277973579548,26.15055417498814,17.60419116246771,-53117.96913437563,-1270657.463658857,-6430.7890038271435,-354926.72738179186,124183.45854283692,64184.65533793618,-1380162.117936498,-9419.453071525611,59375.349210963555,-303218.40703204944,144512.9685104382,1165147.9549412455
930,76.42651830328877,26.822466098798493,17.60409302588112,38242.44733460591,-1468358.5279371093,-1104619.0901088011,-100642.58675206803,-146872.21182035288,111009.30985436375,-1522463.9940736925,-1069840.472231961,57569.2955943489,-1016984.7864638364,25077.88444509018,219180.64776010544
931,74.54301246053166,26.150758784933004,21.14585554662922,26347.639634294494,-1481365.4807269445,-273837.7333568933,-257288.81924978667,-330026.1038137752,-99921.70939807716,-1611541.0202217954,-193522.77506710085,76208.22083935386,-237616.4023812609,-71719.91559373686,1135278.337075604
932,76.42676401162089,26.822628081540643,21.145681226672473,159135.719313053,-1684652.4936785088,-675869.2387993367,-39196.143905086654,-649196.8302038031,-21151.293593115028,-2003288.3511743094,-358155.32291379344,160057.6609233101,-526440.6778804259,-9976.075610751015,361724.98321854544
933,74.54330848038732,26.15097348890117,24.68750090143144,141011.91021941876,-1637763.277172976,-435219.8097077481,-109102.19426370692,-592094.8892346341,-123917.26383921373,-1891140.5511869078,-207489.24086048716,166658.61538609103,-176793.71177482585,-56169.44954093195,1184630.5797525474
934,76.4270739899233,26.82279759190378,24.68730147020239,215785.10602017376,-1884333.1470126803,-550171.9020333255,66456.07349322949,-882291.7680723163,-51735.249080546455,-2323866.330590098,-127904.7248922794,233051.11245654564,-256939.24512050961,-12294.479785078038,537873.5724686278
935,74.4258908160931,26.10917496640101,28.229152767111934,558458.218089552,-1835790.6898082646,-241172.14561185945,251675.68018149745,-883529.2730585602,-105489.9842943063,-2241157.2654268853,72836.07209264535,649816.5760036679,-57752.7302304222,-52075.06228457476,1324060.3075282509
936,76.54513565148757,26.864945441587064,28.228926253824653,-306510.85913364333,-2464143.571909949,-980545.379949865,286631.2912421373,-1290830.7691552888,10518.847245221958,-3233117.2233978184,-395412.7783639871,-122669.80923165336,-95002.78326640505,-15294.038473650946,732346.0484740464
937,74.70620091159876,25.687974752237018,17.895856791149164,-651548.5684388351,-4016451.0602005203,-536499.877175647,-566496.0067479507,-500774.94013883185,92024.91334813021,-4172587.5421455214,-691515.8419940032,-340396.12167547917,-310691.35910313384,152800.3811108341,1189149.2516459483
938,76.59612775005556,26.342189797347594,17.895761889944737,-408144.69778164645,-3586897.8338747695,-1527309.3508215717,-160096.60498270416,-559663.4498480546,106053.68306380644,-3734171.9215761404,-1405197.2389325073,-382982.7219693415,-1025660.4279637386,28210.037026020756,222217.74423259706
939,74.70642324352674,25.688170350802068,21.354188086066458,-677896.4220001762,-4812308.464919699,-894903.5543326291,-349785.8465767514,-1504979.1746592396,-93351.71820668907,-5351641.558803965,-652137.3100944737,-381329.572354065,-221567.2766864351,-72596.33983182894,1138760.6619129856
940,76.59636203778234,26.342344453198848,21.354018688978368,-381290.66224080685,-4366687.018630079,-1166541.0282385477,-32750.71549129659,-1606860.5740495196,-36048.35360286515,-5034681.040855837,-502495.6235577711,-377342.0446958238,-525405.6560437392,-17556.753767602644,352124.38794618874
941,74.70670532974066,25.688374229982827,24.81250072687316,-686143.3677913273,-5536387.32665886,-1253730.3609548358,24631.22864382561,-1966820.8707331624,-127620.3322545888,-6302676.068866558,-748651.457983893,-424933.5285545708,-172989.51938545716,-54903.68685206922,1179660.7969018542
942,76.59665721937829,26.342504484037228,24.812306924065194,-447095.04611463426,-5146134.594656975,-1223456.0863124332,240552.70381229732,-2071221.0770664571,-68319.47225330537,-6044031.710315209,-553065.4547302177,-219588.56203861564,-260160.67352478293,-14058.329380159192,508354.0046192092
943,74.58888615442962,25.647670961476493,28.27081956262966,-492653.6017827408,-6547359.564715552,-1345307.91460668,648589.8427174808,-2504468.893741697,-108558.31759457853,-7601473.728220142,-738696.8827471954,-45150.47013763387,-60422.54035175139,-54868.57738046822,1302496.0155678024
944,76.71508975418006,26.38353685601989,28.270599651523465,-1133694.8123596907,-6392897.4291518135,-1884815.7895202127,685914.5122280782,-2674931.8964078072,-9971.06717551977,-7695122.14018288,-1226168.914023684,-490116.9768251544,-99802.18164431781,-18146.1919979042,694837.5074763986
945,74.81124074905088,25.378220705755542,18.187523110340464,-592351.3691540374,-3704888.979741394,-476649.2021781524,-574693.7600820437,-429980.3793687869,88353.97747797436,-3856903.9552647285,-622904.6083057353,-294080.98750311945,-300468.2447937319,158684.31600226474,1217781.644209011
946,76.70525626258423,26.020624053345706,18.187427873367962,-442713.34172342124,-3682246.435087247,-1555970.0728018903,-190949.09447706924,-550758.2880054695,103261.94737329168,-3824130.710483838,-1442728.318145888,-414070.82098283264,-1029203.7395537703,23293.01413520752,229540.79493595037
947,74.8114561631193,25.378409566436208,21.56252065788601,-608241.1491340401,-4408150.01558264,-818310.458489815,-364331.51982191735,-1354941.1049397055,-91492.23799274428,-4894865.157301696,-579398.8932865007,-360437.5726182996,-217345.27279279765,-71620.85070225313,1140643.6703791774
948,76.70548302641775,26.020773114731576,21.562353386783748,-412278.18968907767,-4430010.85972642,-1161249.3721246303,-58896.24536864128,-1617227.1201374496,-35738.227565080866,-5095885.147649011,-497678.9452482321,-409974.3286428872,-506967.44889830094,-13981.655720129233,362110.1366530278
949,74.81172771110025,25.378604715338266,24.937500485018226,-599834.208508112,-5013523.133568116,-1144446.3937448994,-24004.045645744314,-1775168.6036098339,-120994.0063553158,-5705423.524474364,-653158.2482901021,-399221.9630566649,-167665.5036981199,-49482.41494150377,1198060.8736252133
950,76.70576693591998,26.020925846857175,24.93731033188276,-485878.3723174019,-5195167.075782929,-1233090.0393384213,217360.12022201045,-2076011.0862321332,-64425.69458410887,-6089118.335304612,-572347.9882726291,-252669.16386151398,-256958.52214828265,-11498.29138369088,508461.06507502426
951,74.6936409580384,25.338630930356864,28.312486547466403,-375510.3822099122,-5848053.083740174,-1185294.1316415288,557918.5801483303,-2258646.4584842403,-102817.16339301142,-6798451.018856948,-611044.2738579893,637.6951233293669,-54840.43344163335,-48954.59099079598,1325489.084985435
952,76.82444230816515,26.06121264536784,28.312271035413993,-1176269.2869896903,-6457708.208123268,-1901627.1089566548,670322.6232141695,-2689654.9150931356,-8068.577823027445,-7760049.484075947,-1258187.1830983125,-517367.9368953493,-93526.5923535558,-13120.85821159285,698584.4685284791
953,74.91733105525395,25.065522858989254,18.47918931241156,-602836.4866302783,-3732909.5616223384,-472467.6919379018,-606536.312411885,-456358.2734437413,77678.23641159588,-3901460.70909859,-616350.9173789272,-290402.1137130013,-288006.20473065134,164748.87216656658,1233003.8584433976
954,76.81333519391539,25.702001898414874,18.479092968628613,-420695.46693875565,-3556074.1335118595,-1520675.6677455795,-214240.39142526258,-497737.2332294796,89259.31783865305,-3682203.7842736742,-1423442.3792432032,-391799.1046793193,-1014379.8109576505,15742.845004685294,232129.99949648298
955,74.91753919232332,25.06570501276846,21.770853159942824,-621417.5526709908,-4402783.475523009,-817080.3961866894,-372574.6939277006,-1358666.19828671,-87152.89010142138,-4893409.78986593,-593006.2291458144,-354865.4053689495,-214982.78996132658,-75990.39721531478,1123523.5969779214
956,76.81355427397376,25.70214533383819,21.77068801215275,-377443.5669647624,-4216019.776764585,-1101844.2001358152,-67399.16362589203,-1545541.5126661363,-34007.869025869935,-4854103.0602746755,-465399.1941846227,-375805.28940586594,-493104.0936891533,-14683.92841959648,357037.4993419414
957,74.91780051423487,25.06589146607948,25.062500069900327,-611632.6352127257,-4963949.424742055,-1133033.596747756,-44766.221452980055,-1758565.4589811086,-115870.87685598903,-5650178.950061981,-651595.4363950804,-406841.2702454731,-164754.33118526946,-47257.22781509759,1198885.0514237857
958,76.8138273051973,25.702291007814402,25.06231353146715,-443977.32564581477,-4912481.948072385,-1171045.114717818,189462.51987142456,-1967725.0697164054,-60592.94788184834,-5761065.988787694,-525284.6471609544,-241153.75248736906,-258117.59184679107,-12927.83339179815,491543.54434713454
959,74.79957753535743,25.026279309674294,28.354153349437276,-397771.3466921272,-5791892.3552811565,-1175570.034985108,536458.3388668086,-2243626.7175524905,-97834.84531585293,-6736147.348075822,-610421.69760347,-18664.69127909784,-56872.03319805653,-49634.55348166863,1313623.588653911
960,76.93261457349743,25.742200577759967,28.353942177991318,-1106815.5678756116,-6069901.106376242,-1810212.413923758,624738.2061929989,-2552172.7595124943,-5086.435157261747,-7315452.312243919,-1182630.4980257049,-488846.2779059872,-95429.95484277121,-14360.757288344308,677742.5943800348
961,75.02046094319275,24.755129427134566,18.62502191806176,-337252.01343556005,-2018113.222818728,-355636.9537271613,-12284.510609768759,-533056.9104684022,67871.8999386703,-2174378.9564406667,-365537.6357653856,-171085.59777539683,-266168.7344797358,155000.4828527085,1194315.7185314135
962,76.92040529447648,25.37974806341038,18.62492754097306,-249834.34504792583,-2235756.953630583,-1452186.2351881834,387990.6517543521,-854934.0734070471,126021.84223009754,-2844539.155831227,-917795.8137946965,-175442.56424077155,-992098.6565964126,8517.75219723752,223989.17284525267
963,75.02066187471323,24.755306561931082,21.875019624132882,-463449.33589286613,-3032093.675856272,-864134.4006206818,201477.00910442465,-1429527.2205799222,-46557.08492686489,-3749923.4143060846,-504748.5448705514,-105005.4531931878,-231197.00031387075,-62923.29976408183,1116778.9405075726
964,76.92061666337234,25.37988730599082,21.87485821233816,-309828.84178119473,-3200392.568511749,-1240403.546945204,521645.1383997533,-1729328.6307647189,27373.289778728533,-4262876.375345304,-481491.6863498,-6256.8955430452315,-498400.648161959,-720.9314616425137,335940.281762872
965,75.02091558694659,24.75548700712542,25.12500011951494,-531320.9626600114,-4075894.754789206,-1176824.1721668148,338769.37659707427,-1792904.620087728,-69118.69224853616,-4949201.459838956,-646723.1392203362,-188115.29055674004,-164052.50500749596,-46491.54298931444,1196611.9770643038
966,76.92088149810432,25.38002799523158,25.1248173689654,-413832.40062252234,-4227896.92693109,-1269982.908108918,578606.6768113389,-2014296.2690631829,-6634.8340142713605,-5301917.951773744,-576380.198362776,-33414.08552600753,-257706.28000864608,-11277.123945414669,484730.1318001077
967,74.90243802316924,24.716610183446946,28.37498684758692,-359993.57607677963,-5352158.14614872,-1173273.2964978146,623585.1288961779,-2197660.356893096,-77330.27546126668,-6344447.103469305,-588705.6140475204,47727.69879351099,-54450.05288219902,-45733.2890154316,1322576.6605083114
968,77.03990619556117,25.419191318562344,28.37478003462865,-1080732.2763457054,-5689824.653345685,-1816946.2693444637,721595.5302763494,-2503396.2302280096,22935.596318142972,-6991713.836624747,-1160168.0859874182,-435621.27642368904,-95642.71509467417,-13694.403819665,664837.8679604942
969,75.12260094124338,24.44110927317538,18.625021297032582,-315139.79440423066,-1857515.1783445755,-310189.79396689695,-25839.746760482856,-447842.54646656907,71202.67098038564,-1977811.2427752311,-350566.78100382653,-154466.7429366462,-268873.7444310563,151729.50638402812,1151381.155496152
970,77.02449619571064,25.05979407385213,18.624932363206522,-246099.03969336767,-2163709.683076486,-1408292.9704726115,371230.90368982195,-811841.6261206379,125944.64132379598,-2739646.5546810087,-902421.7033252337,-176033.43523622272,-962307.1652066654,16756.669317176304,225078.2475733359
971,75.1227950118324,24.44128279164035,21.87501970125749,-424690.33597212884,-2750036.8106185435,-793825.5743829441,162943.71097224057,-1302712.1096170195,-36966.63821802734,-3406572.182349081,-454959.1443694959,-107021.39425504045,-229199.54942438292,-51202.4597125401,1139369.0326663675
972,77.02470021124756,25.059930697000652,21.874863491583724,-316211.21612513333,-3123490.3986662603,-1245179.649028187,507472.6036199352,-1682971.1290347665,34162.81449109349,-4165561.6385179376,-485578.6987363568,-33740.92656528682,-522201.19246544223,-1004.2444412550431,324673.4400073503
973,75.12304337426045,24.44145988573511,25.125000637959698,-487844.7953501106,-3757404.6430723704,-1101056.1909319565,297742.070094667,-1673341.796878936,-64204.1781965992,-4579736.937357156,-591002.0733610744,-175566.6186362054,-164492.9962958426,-44444.28094352798,1199897.9472888918
974,77.02495944351122,25.06006840768242,25.12482175831448,-419861.708605799,-4144880.307692628,-1254859.1203504868,562414.3273088698,-1991993.8138429967,-2536.2840956125096,-5213058.522767091,-567632.0677702499,-38910.546111570846,-258560.19597284845,-7587.071911504492,482065.8425493246
975,75.0044390127093,24.402950735521134,28.374987307204684,-303002.62749041046,-4947448.623735742,-1085560.537190407,568429.9112505374,-2063554.3787221666,-72672.15901285528,-5886169.63749912,-518714.4860170072,68872.33509957204,-53441.83903987022,-42662.329332302,1327626.2754240183
976,77.14410105975425,25.098857761203114,28.37478473320618,-1084335.3065266365,-5625437.265375769,-1797842.1101561924,704850.4180216586,-2481512.949668194,24160.991417766825,-6916508.308580909,-1156299.342300583,-434807.03117710544,-94121.91351923566,-11135.448718220026,657311.8454906335
977,75.22475998463841,24.127095642675883,18.62502083411746,-319952.4682077506,-1814426.4941671754,-303465.1199473695,-17941.456263199827,-401351.3753362295,82932.25499070332,-1914423.1538391162,-364590.4429552002,-158830.4855279793,-275887.09639507456,142242.75902536506,1104709.4743101927
978,77.12856909432371,24.739834575230333,18.624937696453866,-221219.6123512781,-1985925.1478553105,-1356935.3082454586,352709.6264249052,-747366.7087082299,133662.42947560592,-2540687.582638922,-870168.1412292734,-153224.34458385294,-949260.3883143972,20890.460173419036,211987.0088514245
979,75.22494773896302,24.127265197114653,21.87501955174971,-424993.88649729465,-2642022.591719997,-764589.3512531368,135821.23819497146,-1256968.345631742,-28626.736773140525,-3276253.118344094,-444903.57206530805,-110449.1390610249,-230398.1040310909,-41625.47366798337,1145283.1936763169
980,77.12876609790723,24.73996875215491,21.874868550562578,-286300.91531516874,-2890143.2177390205,-1209247.2667886808,469874.2869193431,-1559743.921917447,40804.013420938994,-3871848.1879118937,-462402.75094470824,-51440.46098626779,-546380.465319942,-1962.6920200825575,299726.1037564735
981,75.22519065224043,24.127439081481686,25.12500098602518,-495992.41702288063,-3669079.4545091586,-1081983.0518522707,279862.82159438607,-1649470.8002820073,-58847.047084700636,-4484541.287100968,-583859.8252237461,-178653.81105959584,-167792.5613054712,-45599.2734017388,1184736.0490042337
982,77.12901968290888,24.74010344569925,25.124825980556956,-379852.76266688807,-3858182.0870190943,-1190807.505428559,523618.8180121426,-1882259.1484684134,2107.753373961868,-4879767.892584433,-518632.30195871025,-30442.160571396802,-264865.0511121145,-7850.87458131981,461776.2682656006
983,75.10646190618428,24.089298355323706,28.374987632271303,-322904.1751069359,-4878833.714197105,-1079336.6759854474,545504.9397626385,-2050674.8968281846,-68424.89570653962,-5815249.756627459,-517233.8292669889,51409.020604960184,-56368.05248340369,-43742.37865131316,1309310.2131031798
984,77.24827599345299,24.778518018352557,28.374789234297545,-1018252.3782190052,-5258807.483463404,-1703990.5418529292,655101.1537504101,-2349791.1725358963,25527.5793233368,-6493143.724782404,-1083279.6679610466,-404627.0107918866,-97891.17891970272,-12807.757567063658,631421.8558153625
985,75.3240020084646,23.81543801213543,18.770853933564144,-566999.4646380222,-3236719.383882202,-411439.8959207506,-568710.1498024191,-268115.81928528723,90414.68198855325,-3373069.4499391913,-565877.5342281344,-276211.76027364767,-290345.06001585495,145529.23817683625,1120305.1000979121
986,77.2316028933847,24.41626817611269,18.770773611945508,-384425.729310092,-3071337.170544532,-1391800.796978702,-214252.02114916648,-332935.8134821333,93919.11937615607,-3148427.150188418,-1346066.2913339527,-353070.2553109549,-945401.0655328005,30071.76536257446,231021.19064503632
987,75.32418421887606,23.81560205200165,21.979185779812212,-557142.2936433644,-3619678.662601077,-680438.6637440303,-454187.8014528836,-1067741.9097538672,-51340.47375245485,-4024485.493574879,-539326.9841519475,-293447.1422616446,-214281.7221562512,-44654.538750367705,1159385.9946627293
988,77.23179346474507,24.41639875078032,21.979038465090145,-339642.98267949466,-3582270.479724167,-1057208.5062867855,-129307.4703339374,-1248094.0100968059,-7293.300623246902,-4099033.0611359878,-552701.5369567614,-327387.37059769715,-554797.3482191068,-16241.51081693175,297161.6659883051
989,75.32441969738318,23.815770576615463,25.18750091603994,-541754.7059858672,-4124726.6769843316,-966665.4908742858,-158517.15114557193,-1478150.65576002,-96805.8039584524,-4716647.992766658,-540145.5008083645,-376353.38026946137,-165693.9707516226,-42431.63388696783,1186943.1136711473
990,77.2320392048819,24.416528603701863,25.187329629179285,-378484.47652484244,-4147084.9809234436,-1029298.3177796345,83298.74516514177,-1697659.7535790706,-45456.74412405518,-4893756.660512619,-419264.1548906884,-241846.95982460928,-267284.2496505074,-8100.412935505312,446979.6842269566
991,75.20544597704026,23.778368573767587,28.395821083186334,-315841.68598108774,-4800876.595019657,-980591.5463865773,360035.9239933572,-1929492.3595026499,-85301.31102087924,-5622723.8903384805,-462878.7287840464,-11707.208264793682,-59004.85887987457,-44910.9543638539,1292374.6923109908
992,77.35152417636964,24.454194101699905,28.39562689311702,-977097.3578743619,-5158649.585640975,-1587258.056322982,473369.11282568984,-2229336.0781183974,-4208.471541745933,-6263487.879208574,-1027641.2223510387,-431875.8982787057,-97869.86813034577,-12137.30043583272,615249.9714510576
993,75.42222297877463,23.500180381326764,19.06252054548628,-529789.1613907027,-3028007.858869166,-381303.0272054151,-563947.8648587788,-235425.35158619878,94263.5242095621,-3165342.9038689965,-529794.971554927,-243962.17204135904,-280057.6606752843,139888.60344463232,1151976.2714680678
994,77.33170135362126,24.095050111011354,19.06243987085501,-394232.763304044,-3077339.0458314577,-1399450.3522212002,-217686.83924133828,-340838.9669532945,94412.5529130062,-3157818.3367290315,-1351319.5216083475,-361884.3030193233,-954150.409231426,29879.332539200386,242399.83002276343
995,75.4224001384033,23.500337687674058,22.187518153249044,-519607.78442558803,-3379469.780882448,-634394.4918342999,-463961.5277975435,-992146.2778408875,-46165.62968538494,-3764547.069075487,-505538.44009497244,-263386.5479718759,-214967.99348233207,-39549.93847834342,1167656.887551763
996,77.33188617714723,24.095175934176428,22.18737291191025,-343632.0705498026,-3544115.688205477,-1034752.843659518,-149982.19676840713,-1239339.733085484,-2632.0104802577707,-4058265.027007612,-540549.761966875,-323685.8134403076,-544433.7511308506,-11395.11398428331,294649.96654522774
997,75.42262620277442,23.500498621099144,25.312500434680643,-497447.3694042585,-3829583.151411208,-902924.4874702459,-177758.1023585247,-1382814.0981787997,-92414.09869557602,-4389794.074647223,-490197.12456520746,-349963.80907328095,-160447.38384745302,-38932.91253053228,1192904.862838906
998,77.33212206587444,24.09529923620157,25.3123326050136,-385111.76537017187,-4086391.626733141,-1011550.2959919124,67018.00690827174,-1678188.0305916525,-43466.56233789041,-4825360.118498659,-415888.5962048917,-241804.97339167385,-261882.2234059653,-5953.639153429364,447805.0042109154
999,75.30352410400425,23.463461349317143,28.437487877843793,-258773.60939038277,-4407991.006311562,-890194.4495537418,318336.5618622113,-1804940.6485809071,-80687.43578993544,-5183273.976426474,-392954.17772872536,19269.088899512604,-54437.18208565207,-40317.97480468387,1303293.8283246234
1000,77.45171280656865,24.132586022864047,28.437297857173903,-976814.4220989766,-5077909.200297978,-1567566.075568617,458295.60119069926,-2209439.9941370143,-2547.712161278972,-6177109.107811532,-1021734.1879431397,-423446.40221090155,-93572.18380203473,-8307.529136233408,612249.2526785692
1001,75.52046283321712,23.184927961613024,19.354186762274278,-532402.0101498049,-2990346.3458347754,-380009.19451823167,-587173.6960542904,-237684.46400384555,108152.73099890588,-3139129.1328499815,-540341.8050441137,-223286.6126087155,-279493.1852726078,146558.98809621783,1175856.7823607067
1002,77.43178109305748,23.77382623726678,19.354106125946302,-374470.1958749527,-2950294.6313866302,-1388499.7128806235,-222301.21245331434,-312105.7952141035,102667.54304160566,-3025346.510443003,-1348874.6554435408,-339043.37425566197,-975705.0918525564,29604.971738240103,238750.4725495509
1003,75.52063520539346,23.185079054321015,22.395850354744383,-524417.113802945,-3337506.3430090747,-623738.4722435015,-482818.36186689406,-985445.6285585089,-41276.39357272151,-3727216.9669525553,-511673.7508787772,-246771.21122418708,-216265.31709500516,-37962.19148877268,1160193.9413672863
1004,77.43196057950259,23.77394742615488,22.39570716161394,-311149.3088123888,-3338921.125508025,-981004.1242378574,-166487.20628055025,-1173300.4040667743,770.2695987147952,-3829972.519860807,-516115.65088788804,-284986.38780957635,-534489.7765803108,-7805.67300338055,283379.0638887141
1005,75.52085191929842,23.1852324494555,25.437499811078457,-502706.5548302285,-3758480.148921099,-886365.3582893878,-193629.81860336548,-1368762.2411530097,-88241.77524374952,-4318141.848208732,-491513.85165351233,-337896.3621784734,-157313.74346078423,-38408.16554833918,1183911.4399188075
1006,77.4321866700729,23.774064268841823,25.437335402269607,-347740.3749736985,-3827923.0402576677,-952083.03815056,46293.568093755974,-1586233.579661517,-41290.501011602144,-4531129.240660199,-373281.8534741207,-223335.35924760485,-258977.93511015445,-6573.521870587272,434817.68943838926
1007,75.40162392467067,23.148560831034445,28.479154488793714,-270488.1975334188,-4316903.399458212,-870737.1890762146,298148.59999435337,-1787331.1392308655,-76058.87794332253,-5088913.561761115,-384933.82287822745,15718.598571494993,-55089.32732795051,-40136.52576888814,1289716.6487825965
1008,77.55188106210046,23.81097192683885,28.47896863577013,-914789.6732421287,-4728393.6661939835,-1485414.3509893264,421658.76668232057,-2091704.8433572298,-102.42213347975586,-5782978.839282528,-954646.1305112955,-390972.72063161776,-95627.07221832933,-8839.696082668292,589641.3042163809
1009,75.6158086985478,22.87206011571159,19.645852578180776,-521926.0637871326,-2871818.520477155,-363093.2022119743,-618434.8006047667,-218035.2012943947,121835.06039950835,-3037135.8072874267,-530284.5395003047,-189417.4396885292,-283693.78527265356,159761.3907797805,1202144.7162952637
1010,77.53076975650143,23.449002973630222,19.645772057541038,-373911.16707919905,-2891781.3726529595,-1397367.5734427506,-246131.9893263942,-279500.1006197069,114286.0929593141,-2961478.9022706407,-1370561.5901527542,-331019.6207515139,-1002084.5094381459,29783.54457514639,228944.23348181424
1011,75.61597629456107,22.87220544857244,22.604182798127752,-510568.3930198199,-3200099.1541767954,-595508.1383077243,-502293.6701842073,-942068.8144216104,-41103.63867981478,-3583526.6417334727,-495739.5391095682,-226909.50466129987,-215110.64050134228,-36014.905251811244,1153274.0362212327
1012,77.53094398312497,23.44911947463696,22.60404163519843,-297725.5400363322,-3208559.8929349403,-939827.6820927568,-193915.245424759,-1129714.6585982558,-4.966670221793986,-3684633.6347431447,-499144.34011809994,-262335.1402027856,-519540.0284403185,-2672.988478060023,282271.98129193136
1013,75.61618377697067,22.87235138277248,25.562499211663006,-483685.438242987,-3566607.6096365834,-846045.1791284641,-219889.86532890348,-1308912.194472082,-87286.73914156106,-4109516.8366101077,-468259.3088157693,-318562.0815821595,-153172.44723818667,-36317.19815703732,1182757.284368302
1014,77.53116026808523,23.44923000347646,25.562338248670248,-332430.8269065748,-3660346.1750994935,-911933.0681140727,18905.51645891453,-1525377.7093369046,-42453.502134568735,-4339239.913337796,-350774.667711008,-214695.48907133553,-254350.29947067297,-5743.848663394498,427679.41583044175
1015,75.49671756810216,22.836419556802817,28.52082084528981,-245247.14984910202,-4060224.9123898866,-812741.214371669,256505.39672888877,-1708106.6859811014,-74699.10514231093,-4802558.679731758,-344560.8677481928,28906.270869293447,-52901.906587979625,-37224.683432771395,1288222.464119452
1016,77.6510712492993,23.485384717798787,28.520639196494546,-881004.1008832749,-4499146.306883376,-1431952.1485164957,383925.0059257076,-2013967.7135411599,-1685.3349144885694,-5522368.873064018,-916567.613217937,-373166.07000118773,-94695.89426475194,-6733.822464991907,576678.589473032
1017,75.71008262994565,22.55559828492438,19.937518516047668,-490471.69721410976,-2678500.1901330356,-327961.40447995864,-640836.3927361807,-185876.00862465025,132666.13075280175,-2860675.031409634,-494556.82787347806,-141701.43254399204,-287224.5140486924,176288.86038712563,1233059.5739583825
1018,77.62684609139214,23.126559066859297,19.937437726666165,-385998.40018577507,-2901361.0809755204,-1416069.6612304908,-278124.9762669636,-253152.85065639365,124029.18955847624,-2968496.682494764,-1400768.4494175701,-334164.01047945244,-1024049.8844574147,29091.349826462534,216660.0103215292
1019,75.71024508189797,22.555738109538755,22.812514990417224,-473392.0670838078,-2979532.3521238794,-549764.8431784932,-502513.14006833115,-878304.6540731912,-39711.280956318624,-3347547.5893232278,-458538.9909364736,-196602.68212647876,-211181.0170771425,-34937.1607519148,1144506.469475024
1020,77.6270149329057,23.126670688767355,22.81237573562433,-297699.5631615155,-3158821.8856611922,-906470.6018242086,-214765.78118894476,-1123027.5884264046,-487.5889448269997,-3634908.2157959593,-476935.6737245549,-251148.1611264019,-497852.15535732714,3241.8652557937107,291586.88859721174
1021,75.7104434127958,22.555876570118393,25.68749861868619,-439892.1881072291,-3274463.493691048,-784445.0649222696,-234511.66508661956,-1220332.4892051045,-82643.75834286689,-3791205.8394319937,-422563.6056704776,-285031.30161807605,-147764.46025113045,-31988.049935822855,1191522.508111678
1022,77.62722154506524,23.126775150700595,25.687341074794105,-336458.0828242764,-3592599.524970878,-891629.0475406093,3489.593137346731,-1507271.220123703,-40717.951669280665,-4265938.009307206,-347911.32420143246,-206837.32182712498,-248921.75305878156,-3626.173628950213,426219.920634735
1023,75.5908542748162,22.52031145105561,28.562487442027376,-189639.33354963711,-3680405.914017223,-725198.7297024045,222693.18486442568,-1592926.6078671794,-69936.77059549464,-4382933.682935701,-277058.09595209925,64747.80161853483,-47256.42485412861,-31205.819366521217,1298952.9427834675
1024,77.74723446052393,23.16255041602402,28.562309927094493,-876628.0437955831,-4408778.319409075,-1410676.666091709,368682.4426197779,-1992540.0361076281,-307.53340054540234,-5427115.85840148,-907770.5585435183,-361196.61235137045,-90403.484111688,-1734.5275201456525,573935.0935278211
1025,75.80437622225956,22.23914219719328,20.229184299980894,-492047.1872135526,-2650567.4892754704,-315175.46686545084,-687770.69118173,-198112.79495416666,132497.5952112859,-2860342.842021584,-481188.50145070546,-116258.7998821842,-286003.7879781601,188094.2173179339,1254480.1922256364
1026,77.72290454401023,22.80411022943813,20.22910231889136,-366932.9764777762,-2783207.9973191847,-1388606.22093288,-312034.5048158383,-196558.8767201058,120031.03228086696,-2845189.1293253372,-1385648.1755140803,-307909.88989042543,-1026331.5530026047,22159.88271180498,197127.2343999365
1027,75.80453286297342,22.239276562139565,23.020847088074582,-474651.179363684,-2937186.881049125,-538573.975201467,-507504.0835546083,-880704.7389928049,-35785.46761951061,-3311785.925074059,-459916.111061403,-178709.99947881408,-209497.51595310646,-39228.513230636396,1113042.162800854
1028,77.72306746761289,22.80421659444444,23.02070974429483,-266006.2405918304,-2964225.0564023666,-845574.29162295,-223809.42717121905,-1072702.7701268045,-981.2546505419914,-3426055.33108119,-436697.015390069,-213053.2421458896,-476019.5859224665,5988.617998455813,292151.26979090297
1029,75.80472232876855,22.23940751943549,25.81249783422205,-438450.0005384371,-3177098.980068186,-762045.2081497479,-249665.07008133453,-1201361.6980391876,-77720.72299024696,-3693755.480760042,-421128.4617366872,-262710.2462596438,-144520.5515254537,-28744.069838566247,1188381.4732352484
1030,77.7232646311063,22.8043152391385,25.812343742679705,-302420.8680794217,-3352451.9342944887,-837147.5976189419,-15869.089740456064,-1422367.502124564,-38929.20708248316,-3993687.07055295,-309570.41805314,-188762.91138676266,-247587.8975879104,-5085.605398076205,409566.37908271456
1031,75.68501283666687,22.204210077154283,28.60415387989985,-193293.1956632312,-3564791.9548116745,-698714.8286470951,207234.7350519275,-1574624.5558481743,-65119.992590928014,-4267393.845578769,-264963.83560856566,75557.70206533617,-46704.03739688115,-29477.45564855083,1282206.8769460453
1032,77.84337735710447,22.83971047182046,28.603980454162286,-819293.636265783,-4087453.3727080924,-1335915.4686826174,335992.4677338227,-1884445.5897139374,1511.5946893140167,-5066144.995847601,-846446.9206014902,-330070.5612073995,-92073.45435757277,-1485.9954525368364,551744.2232591277
1033,75.89579933053932,21.9251007462182,20.375016552406517,-234877.15088639638,-1065217.5675883153,-189109.83726188936,-140046.0795814509,-267150.973605488,103436.36117232725,-1152942.3993427444,-315048.11869445,-21214.037699406184,-277953.85534216184,182830.05079419087,1214032.8681357594
1034,77.8178203166782,22.478070712627545,20.374935952261367,-186001.9109848056,-1538099.2889289565,-1287317.5922065158,227870.0319716871,-542800.6960276637,138534.8454414681,-2008238.754846122,-857134.1281370965,-146045.90913705932,-1018251.8483168586,12283.303939237396,167815.24960025452
1035,75.8959501322413,21.92523134563984,23.125013108646346,-323990.95817264006,-1739564.5952633163,-571431.8820674687,11520.852780553994,-942132.6040447729,-13561.964148207535,-2263993.2168573844,-325080.19900950295,-45914.01963653823,-219961.35853004304,-26843.74058280985,1100543.80723263
1036,77.81797724223401,22.478173238581245,23.124879144319817,-202721.80858866975,-2097462.00640485,-963729.6458300181,291856.233485475,-1246544.1887165431,39195.9315886346,-2926134.183917919,-293562.6928698839,-44216.58403573383,-469535.3031126328,17761.85969584669,299083.99065604765
1037,75.89613315161178,21.925357138626065,25.874997424019433,-362773.84124326974,-2412336.873961243,-795798.1681840017,90360.71900778635,-1224752.8527203756,-43082.226341478905,-3072778.822752608,-387473.27007037046,-110656.7905655364,-143411.42374266146,-24894.683280383575,1182900.342100428
1038,77.81816737415042,22.478268027585838,25.874846969550124,-279797.3519081135,-2794641.7493204153,-930431.478133594,319571.2030045929,-1464075.3884148463,1650.7533893503871,-3621810.0944758435,-356494.20240232104,-26566.282483957788,-245973.52192171267,-4829.997828378925,400377.3355577904
1039,75.77619828717584,21.890904884310043,28.624987010054113,-153544.83097173914,-3165916.480804323,-688495.0482720518,295563.00513467763,-1536765.9537094827,-48414.32719980591,-3917124.466388005,-239505.32770828434,148673.43404817473,-39485.24572246948,-20969.528983108554,1287397.6811458513
1040,77.93849106081039,22.51290942246585,28.62481761394906,-795761.5886156668,-3763968.312863439,-1343919.4115605673,420987.05115232826,-1844303.030171165,23890.430504945874,-4796259.442389185,-825780.9359029868,-281608.9347475018,-91787.17929127603,474.54886106206794,539484.1504097532
1041,75.98609870129066,21.607472833714986,20.375015707563627,-213003.7050204171,-919878.455288293,-149974.94362048106,-151182.01746790626,-202301.25248818964,102108.70674236471,-989589.0841641201,-288348.1370502817,-4919.8827147894735,-283278.1186403671,177107.90390417172,1161339.5737840147
1042,77.90984686239177,22.154441193519094,20.374939362840855,-181201.5203466296,-1464580.0755429019,-1234730.1463927394,200807.04516558046,-508695.3300918415,131007.27187941843,-1904235.7293100473,-828895.1124957362,-147380.90047648567,-984971.4500534968,14343.41208413987,165218.6087709598
1043,75.98624397773773,21.607601036842315,23.125012683789382,-283880.24234544096,-1493889.2440325606,-509263.8015652455,-7349.828344269701,-837519.9254983962,-1906.9574217947363,-1973107.8826832213,-283864.1455192564,-30061.259740769277,-217907.3981614658,-9250.156539840293,1117701.8902787925
1044,77.90999810474338,22.154541480832066,23.12488344372222,-207975.06330752658,-2023419.4614745888,-964259.9580253097,272638.7565764192,-1203870.6170202594,42097.989452228605,-2833149.3768625753,-294508.97178478824,-67996.13416006074,-488800.7866228189,15083.116980556133,291766.25638775266
1045,75.98642269644111,21.60772404479034,25.87499737138102,-319878.2256470972,-2131138.749339401,-726500.6522593799,69496.24113313059,-1123363.2392191621,-36645.03345153628,-2754419.050437662,-337609.2823046304,-85489.29450358532,-142914.64805741594,-15727.792846424036,1183656.4425023857
1046,77.91018359003213,22.154634269203935,25.874850695444636,-282738.2501382305,-2700342.292955107,-912458.5635678343,298768.4003203478,-1443096.2399599312,2865.6750654372754,-3525222.683836744,-346717.80431490985,-23598.61850951692,-246220.51701891632,-4670.504547129989,399777.66369985684
1047,75.86637572335222,21.573644382920037,28.624987106540033,-97192.59734898817,-2809705.3283533435,-606650.7981254356,268472.4926406785,-1434105.2910100115,-44409.455599642024,-3530774.5397075154,-174162.55392276225,191388.36980250926,-29604.22717799829,-8352.762060884384,1291612.8722743657
1048,78.03061091984162,22.1888981719398,28.624821544358774,-792769.7898365357,-3677643.71725939,-1320540.1267318595,399491.32567287004,-1822208.4955023923,22699.195905775567,-4702740.4384334935,-818521.0781993667,-269692.1171949255,-90649.07581444382,1605.5993662782525,531851.4967362822
1049,76.06715290664741,21.329394916878794,20.375015165430867,-321205.42755702324,-1229771.1545353937,-239858.81089709498,-182048.0370456994,-303093.1913344803,102122.45389928944,-1337018.7229155772,-390187.7733795309,-63628.89669440438,-323428.9863580157,139818.2174376908,959355.4928011773
1050,78.01112027238366,21.791263580330877,20.374943213408173,-85914.66979892782,-824531.4426607633,-1058151.533853831,75326.19229347374,-197042.6901667317,127213.7753864887,-1190193.7034007008,-712286.4043200532,-66117.53859276719,-960988.1073220376,-9571.973212423169,91752.12435027648
1051,76.06729341637217,21.329520593836577,23.125012100201612,-435285.57138973224,-1891485.2395592437,-613842.9708421787,-53852.13319674499,-1003217.4131584483,11393.528354879987,-2442875.08580945,-437856.95205617027,-59881.74392553416,-250669.73371413592,-21346.910021568976,942545.3019269558
1052,78.01126519856844,21.791361352461532,23.124888103849727,-78377.71302577693,-1098588.5323673163,-762265.5512464141,116961.54813501037,-659565.8426639219,51568.049759401154,-1621063.69806735,-254892.07064393064,-63276.02792822675,-519715.4124917192,-11702.1033099947,201859.52674556753
1053,76.06746836130017,21.329641259630897,25.874997116954724,-527207.7429547224,-2679620.7000763947,-874491.0051011809,27211.46291452308,-1326047.1562773185,-25986.65221150406,-3381170.439844641,-530719.7632657357,-169429.24502192112,-181743.5821424225,-43582.51656191719,983198.4835408056
1054,78.01144552913433,21.791451916006647,25.874854891127434,-103763.05168416657,-1458744.5290759099,-631259.6680236611,115721.51695396005,-845770.6626449297,9863.370464790307,-1992214.612613366,-153662.440560752,-47890.19560961876,-272806.8653432387,-33821.89750824154,307359.5208138727
1055,75.9461542489397,21.300878325826886,28.62498708280296,-437563.39182199864,-3825199.6205499205,-875109.791107986,224779.21134542476,-1778537.373440719,-33811.74189755052,-4669226.404095262,-466346.15310413553,-2300.246280507494,-74098.00402014735,-48478.65831410729,1041955.1899685778
1056,78.13313167725182,21.82039454867466,28.62482591538279,-516711.36046027974,-2001719.1744368505,-922749.321891821,165761.5145172084,-1111832.54741049,22313.021835341522,-2708635.208911869,-522179.0221661533,-210365.62571092817,-123107.64841238568,-32850.56947287702,419525.74065055035
1057,76.52679356832104,18.923364024894227,21.10418121353638,-56876.04625155029,244917.9104410886,164508.4621549386,-353162.28087777377,492841.0446129393,48877.03493591669,-486129.3334785769,71288.89993717548,767390.7598858785,-290061.28795745916,108372.55072145839,971714.130642371
1058,78.49213558034728,19.29400072832178,21.104123008063006,-7852.078785200612,-67702.38969830135,-617944.8479764024,-258829.34633494233,351204.13474789803,77276.18407841082,-831709.1893499179,-128160.25378033645,266370.12667035003,-804080.068861055,10958.76220606797,253699.08355227206
1059,76.5269028219746,18.923465255104325,23.645846828691283,-146109.048865266,514059.0845961361,33947.49317061773,-392224.7803569191,422601.43919161474,-81972.60370145596,-373022.6893232749,-125211.3036038343,900131.5218285976,-248104.08162730845,-2948.6584000339412,947996.0767654562
1060,78.49224701435396,19.294079118593114,23.645745754845077,-59504.96460107168,230133.64710501157,-242027.49599448737,-289836.6344514564,193349.2736405493,-8854.839291356866,-355377.2796780502,-167364.93170092048,451343.39788842323,-453257.9575680597,15238.026964917004,355676.64306689583
1061,76.52703981490279,18.923562239548975,26.187502514685146,-235076.41077901787,783517.6720204541,-25895.976439383085,-412163.3263339912,340082.63683641545,-120940.54888067479,-380961.45143055514,-146937.06600455992,1050443.8022371684,-185335.5959058572,-12918.687788374982,973912.014518617
1062,78.49238757189497,19.29415009322843,26.187385003264577,-197276.01855180084,465794.12735810503,-98467.33829727682,-297414.05976434477,87771.11601556571,-40876.5952431408,-311357.28802698967,-111728.35336067835,593136.4118966953,-226038.87281000504,5872.628400021309,468379.95524908
1063,76.40435077760249,18.900479359470612,28.72916171283424,-11912.840645700344,1163985.2299671946,243538.5079891136,-285109.2499175724,281304.9972417123,-65653.97767673028,-77398.29978556429,165143.74350727242,1307865.4535889004,-71502.9138223205,-8868.496821934934,1022445.2479518566
1064,78.61536902901278,19.317373220457473,28.729027141123513,-589827.1287196507,524882.8246878488,-344461.7023733865,-217671.64599030965,-43956.13449202583,24300.52001328982,-631693.2907040331,-346085.43551735417,568372.7198161992,-86153.16526217983,4829.69363507689,564773.2553513937
1065,77.37571305743771,14.343761126095142,22.562511463179426,-76869.80105909624,185756.17975301616,123411.78245058336,-237287.917496525,364701.243966173,39225.8390298874,-353851.6060090371,28168.770007734995,557980.9971458053,-215224.1978153153,65590.34930797081,753019.2478059991
1066,79.34220971800939,14.708273053347217,22.562473051523785,-10495.927990706521,18354.441968935702,-426015.5497542359,-193879.86292129077,256813.92231501118,61039.972911563316,-578013.7575647027,-77546.47750958086,237403.19929827677,-568332.390095335,8158.444002742833,273004.0139086302
1067,77.37577480349464,14.343822464494817,24.687512453371333,-137060.3424669786,377872.6450862966,13996.70984923208,-268339.882201197,317639.82061465614,-62407.09856260112,-279135.34478733846,-117017.62603994404,650961.9832958323,-198637.19051941307,-16679.89768609548,733093.6153746371
1068,79.34227249203306,14.708320096764249,24.687446728775825,-37614.1436894059,241265.26298161532,-169097.1254021186,-219380.35143247398,128986.37482633648,-2574.0839731119427,-236575.4013097715,-114473.09210223299,385602.4873020953,-332673.94258294837,6883.950453617565,335791.6934217454
1069,77.37329048304447,14.343405263102376,26.812506652939998,-183823.47514373128,584972.4925511972,-28252.383136435004,-283986.1073973088,255953.9504834782,-97017.07805690815,-278198.2947178532,-120866.68433032052,771961.6133192047,-155877.70563856242,-22938.027734692743,743576.7008172916
1070,79.34491187633687,14.708834594365419,26.812429196485613,-135517.77147820633,404149.74470235937,-77771.21963072529,-224885.5800301304,46800.35579099093,-32103.17144893605,-218433.74446763354,-81591.26461502616,490885.76267608756,-180183.81927629132,-2180.193265100529,403622.0922040524
1071,77.25046562810806,14.320669214157157,28.937502530890406,-40946.91891878992,852130.8829197132,171454.70240303807,-184906.18672018952,205203.94155337955,-55155.713292639324,-78689.17559567919,114441.47881092265,946886.363188717,-70274.8691080083,-22132.216507054272,755060.6661609763
1072,79.46790096975623,14.731648278593777,28.937412693014103,-408951.4631324285,439104.57643478364,-262161.182827309,-148714.10462833312,-39085.73942250986,12411.376900055842,-434462.5790697587,-264235.6103947794,466690.11993958394,-78967.91018377995,-4522.623208302771,468618.95665284
1073,78.22411488132067,9.76724600278389,24.020839490459846,-75395.07465078685,164317.93429127132,47376.53970291767,-170959.26227210756,232157.22405596453,23763.87106472908,-241757.4336464562,-1230.2644227102212,379287.09741256834,-168318.98551806243,53257.84466255296,551305.2586192915
1074,80.19281258910874,10.119461900838388,24.020816679386087,-15032.67941059723,57835.327979632944,-287157.60304379225,-136957.34968706945,147763.18010186238,38988.748691859924,-363806.6993354034,-64297.33617504169,183749.08103568855,-404594.1089531289,8591.628984009069,217462.21937551687
1075,78.22414586259202,9.767278914393533,25.72917249468092,-124777.55230739986,303926.32726599055,-25810.080191273504,-184622.75348222794,190829.81244683778,-57024.88122657808,-195012.61298024273,-106367.93024473145,454719.2379922916,-152656.147697934,-11571.40872215877,541795.5668819512
1076,80.19284384449232,10.119486202037217,25.729134682974305,-39255.836383280024,214568.79981877306,-114681.09170406534,-146306.29433820513,48929.234338424845,-11114.915191906242,-125856.66167359217,-100856.15016740268,287344.68357242254,-247320.58778285066,5367.762705528989,259401.0169464256
1077,78.20622411785041,9.764178214292327,27.437501960310115,-134089.56121242384,448796.3529977653,-29842.152732746472,-179748.6640399764,155153.00941197344,-79684.77013722052,-194668.00482980564,-70782.1629063832,550314.8067887838,-121285.61221547853,-19917.34537480572,545681.1305543216
1078,80.21083991134878,10.122635643064601,27.437456932640004,-123281.09862669845,311115.4700315548,-71987.3902756618,-142334.49678648275,-7550.298118384129,-29231.89804367089,-174631.91337062969,-63122.245208899745,353601.13970872393,-143266.84051777405,-1426.4829220717588,300651.6346146072
1079,78.08321887954502,9.742186655368103,29.145832217592076,-76060.10493523945,608344.9244960587,83348.70187592146,-105338.09408432184,124989.99722476084,-42662.713560742086,-95489.15345810207,57293.6504411087,653829.0244537342,-64436.82925899489,-18934.6776493801,552072.9979082039
1080,80.33392276334207,10.144664497124147,29.145780179044934,-265997.0830009554,333809.3165868978,-170954.32608129416,-74021.94275583302,-38777.32808935602,4672.445873642178,-274997.0848501186,-173906.62937536766,345761.6217301347,-75758.14157475361,-3733.483063085572,342633.69785854116
1081,78.66995607258454,7.193279104149605,24.895836559588357,-101859.35083236475,-89779.40036975309,-28333.242736305772,-141048.821763562,170781.23261469384,43735.680249214674,-320496.69772706256,-31637.94712570329,132162.65091434226,-125070.05829414427,20851.65706818708,418809.5227994121
1082,80.651937672513,7.446426705583111,24.895821890009856,-29746.225774173345,-78086.98527068729,-280505.8208505433,-85085.23861201294,92339.61201469634,33814.48377856072,-329932.69715272024,-96000.3915195079,37594.05677682418,-286199.9345192948,-1917.4308229407475,169774.6027237434
1083,78.66997332909266,7.193298824685261,26.35416843260294,-89009.08957562492,27337.862233582156,-60026.5951369613,-124455.52076836389,123175.87384382996,4122.392791260573,-209660.9771042241,-69604.55431157828,157567.70893679833,-106250.51403302744,-29598.356832897705,437704.6191347056
1084,80.65195456077907,7.446440666255247,26.35414489899853,-10295.627617243323,-2077.357166110858,-177192.1296549148,-73693.69222475232,8464.73696812544,10853.790524980432,-179093.5879294498,-78100.22691863033,67628.70040981114,-191216.0123352077,-11955.491780744464,182948.48239973147
1085,78.63642927446315,7.189144058272351,27.812498556719845,-35552.06319059975,126886.48840865688,-44869.934951361436,-88082.34869927638,72194.67729049531,-12390.094180995431,-87718.957060156,-53175.47684214582,187358.92416899756,-77409.77416012766,-40666.23620647912,449776.4208316831
1086,80.68553809952363,7.450623356365561,27.812470141426715,-25057.57061868409,22668.49795797999,-142337.29647020315,-52439.66607270833,-61297.56660042726,-3017.970126798347,-165514.2266661962,-48016.081749986566,68803.93928527548,-119630.73352985973,-21314.33267926577,193916.23451760798
1087,78.51257549608063,7.173334192814988,29.270829004225373,15802.329025181905,212141.5539539525,-1176.0798687034985,-16816.339767330468,-7096.955410620385,-10279.65440215675,-6882.8380343099025,19899.818574208242,213750.82257053253,-49904.20608769108,-39676.88085425214,451440.8317644666
1088,80.80943219664427,7.466454034342588,29.270796600888737,-55077.88318120554,31571.514756695637,-147551.5629322,3754.853216688688,-103349.01956910887,-6669.004777532494,-194891.74760501675,-55217.90991786007,79051.72616616702,-58820.30497031594,-22689.794556414086,215849.72775233904
1089,78.7198785815568,6.572322445159535,25.18750285549611,-85202.09840213423,35839.70168045581,-19137.8962506732,-122971.30686796478,168655.6049701684,41013.91131661384,-244983.69749064266,-20885.57534483842,197368.97986312947,-117794.42619359565,23318.14958480387,410234.6516676172
1090,80.71294245583599,6.738703420361521,25.187490034424858,-37090.97982041016,-56025.55558231407,-264955.627829893,-91247.90846532896,97215.17621038588,33973.687738358625,-319164.50181176607,-90007.25583146058,51099.59441060955,-261511.12624278042,-905.7481398021312,176845.8297253126
1091,78.7198934323618,6.572339466408728,26.562501156506055,-79611.38550340426,149660.96603730047,-46956.621182725896,-107345.73906427783,136849.47966607413,6835.624033511079,-165074.3226379795,-58532.76343500361,246700.04542415336,-101213.60729519458,-23618.641893547625,433198.3033113953
1092,80.71295665554555,6.738715656955002,26.562480768108774,-18621.246574328856,29230.783949575904,-167097.6745595442,-75765.3895535689,22336.020163296715,14040.220651045618,-173517.6177671207,-68108.67914154506,85138.15972436863,-176187.37328569195,-6982.20589426078,188154.77758597283
1093,78.68098299159024,6.569104724611747,27.93749825055402,-30217.76732778964,259258.7477426324,-23295.29358185084,-79057.4546969734,101138.71100098839,-5275.668775477435,-70837.42717198952,-32614.465793655567,309197.5797986371,-75285.05325146901,-32386.587468856807,452254.0667063
1094,80.7519003928208,6.74197468772816,27.937473645960416,-32530.729750828563,69915.94341506224,-129492.84739154603,-53356.95943585213,-38928.692341808506,2217.4915195350573,-137467.07091651217,-53226.80662730416,98586.24381650396,-104397.55628211136,-11349.928763245898,203876.200027611
1095,78.5564335341015,6.55871606703864,29.312495651229387,12592.692104049638,352620.97372486885,21537.515368759312,-16430.366655448877,39544.7164465273,-2661.695240906526,11692.199141598863,16979.914101311042,358079.0679547675,-42145.86713695936,-28557.94452880185,464933.55396779673
1096,80.87648379366264,6.75238139140941,29.312467761936205,-51958.357044087876,94706.35271340354,-119798.99114283614,3535.674033899942,-70429.85633796112,-1363.6553633165668,-140857.46233165162,-52042.449932515905,115848.916790647,-44774.288028601906,-11487.136600281021,232614.97343029582
1097,78.7750918875262,5.9110966337610185,25.479169190616744,-80855.06887614857,50751.42585895704,-21390.138117042927,-106671.21459022132,147652.47297796866,41098.788154262584,-214602.97807975026,-18325.996505371626,181435.19345088745,-109170.28222058188,22952.29249925787,378495.0368414954
1098,80.76865643616507,6.071248760551589,25.47915817407628,-32420.758992526593,-34378.517948636014,-237853.1119971024,-81702.43583358424,80509.05339286008,32735.344695872733,-280251.1656476061,-77107.70788389961,52706.48459324066,-240381.9826975767,311.945073051287,172563.6263933995
1099,78.77510458187719,5.911111069086224,26.770833913721876,-76890.23205966229,163030.94082135567,-47961.02113963637,-94904.36545092525,123683.88459205843,12539.994549746254,-151193.76741863758,-51812.98862654464,241186.44366723916,-99019.36530827927,-18915.41379040569,412104.0083490332
1100,80.76866842929267,6.071259498619923,26.770816414402077,-17921.875430985747,42611.0919615848,-157672.8107745441,-67392.00846759473,19743.868992998232,16688.04301408661,-163877.2383419671,-55562.487413721225,86456.13151174327,-170744.91110534765,-5817.041266504073,182269.87721254697
1101,78.73098953161923,5.907586765595365,28.06249793926132,-30788.69714352803,262089.92161011434,-20429.253027499086,-67098.13401638537,94463.89480293676,522.9191896825378,-65975.19386811834,-26247.67090025835,303094.83620746405,-75121.79937725606,-29297.414315858434,426986.31024260406
1102,80.81281132166288,6.074804764354942,28.06247669978274,-32463.069616228084,82195.59984431465,-122590.01079626128,-45451.3096702675,-34298.63006935357,5212.269864865472,-128236.49215205396,-47805.638268049115,103184.6498519284,-100060.20502746968,-9326.401000139162,197358.4660185744
1103,78.60640586623123,5.897585767000283,29.354162251151507,3094.022923519122,344078.7786986198,14416.408926681353,-9958.786628017164,35699.82487544583,143.13075666262998,2629.4095949907855,10776.048332086084,348183.75262174313,-43496.26338663056,-27311.73801459498,437770.89359806856
1104,80.93742292935002,6.084821245501986,29.354138215465987,-42979.28887138696,109449.84850070413,-105230.8089148234,7456.275277561461,-59547.49836607645,-432.8457849203541,-120668.7594767907,-43271.44209747154,125179.95228875597,-43577.8596658492,-10357.99847394102,223530.168051544
1105,78.81288137966152,5.421956984758435,25.770835398611055,-139297.88813162653,-191954.3689884661,-87630.37973858634,-161703.13406805779,146154.77107960917,60170.217012086054,-402584.8389235964,-52765.34553721528,36467.54760213288,-106180.49614133743,24610.061381631498,363510.15950170264
1106,80.8078308107868,5.563411282290927,25.770825569011375,-81306.64514613646,-219088.71700054378,-288994.0888846782,-118845.98800399306,106692.58840921221,44709.70220030249,-403320.99114101054,-174160.4637049278,-11907.996185420092,-232269.76937754912,1937.1363904408586,172992.85855476683
1107,78.81289264929745,5.421969370195565,26.979166986324373,-124374.23194355048,-40871.65401481358,-96914.69858314184,-142588.46015558238,113865.7178308094,26065.343557230513,-279141.04978607316,-82120.34154576849,99100.80679033573,-97352.13797613121,-14726.343857087199,402944.6058684826
1108,80.80784131417305,5.563420755921146,26.979151480700438,-53582.794129319496,-101617.49662202025,-190217.53476283475,-101305.54153553974,30115.308539787435,24708.50223378914,-225146.1265462304,-146787.5435423629,26515.844574418847,-168189.72899188322,-5577.085190827555,175682.46837089173
1109,78.76354941617224,5.418497003052653,28.18749768310373,-68793.57292125723,90838.47934374076,-53437.315406524576,-95601.78413898815,71922.57359508394,7601.0409907756275,-134420.7029678055,-51452.00936576089,154480.3033495255,-74014.76003319836,-27747.493547831265,406919.61545589083
1110,80.85720840274217,5.566911404647914,28.187478825440976,-59731.05696481392,-34113.35403556678,-143727.99001708094,-64987.00256440739,-43812.37752378146,8163.3780657185325,-161684.9847644458,-104226.142711602,28338.72645858616,-97165.06333007393,-9346.111238418252,188403.43985204384
1111,78.63887693038758,5.409663295643278,29.395828683075273,-34041.80536205902,199126.20270542888,-21166.943238866457,-24129.896515413977,883.6021572883042,1844.636992555569,-36750.58759387037,-20931.254409346424,201599.2961077203,-44950.483259912406,-27656.02296485782,413272.61573171854
1112,80.9819041430182,5.575758553091575,29.395807384013253,-59959.85662648128,9363.79421630378,-118590.916871971,1131.548125295941,-78184.39959414054,-1170.265869794174,-155641.25965659815,-59978.245688045405,46432.52606249506,-43229.14780207938,-11072.835998378552,212674.38151340894
1113,78.83393993592168,5.095554072047849,26.062501803066354,-127165.6507277322,-122501.48664279259,-88707.68392440196,-155657.2481904657,142028.86091567756,64144.6732589758,-360604.42822868266,-42718.130138171786,64947.737071927775,-107837.13234722611,28446.257666431702,371473.4863063216
1114,80.82977347400828,5.224540267676585,26.062492411526833,-82945.89459854882,-203282.04198682096,-296401.3075385671,-123037.86340773579,110874.97185813516,50138.529603233044,-409466.0949255368,-168107.70187275994,-5055.447325640063,-236945.52810491988,2409.1158019458426,180003.22089626748
1115,78.83395021021127,5.095564972306509,27.1874998076119,-114669.02136041239,6802.043899260418,-91199.24556972564,-132187.47920888665,113758.21488223263,26158.028028309745,-249538.39537222247,-75180.1248819316,125652.29722327649,-95311.8595589026,-12551.476019886028,402802.4049030895
1116,80.82978299270889,5.224548682186713,27.187485376982625,-52083.57538270629,-85170.83123841076,-181209.5218770951,-100152.263634043,33365.12704727637,25538.96646524192,-218011.2527356521,-133356.5869731386,32903.91121057856,-160108.8195512199,-3728.727739669428,179136.73259881194
1117,78.77938740069602,5.092047539113177,28.312497457114798,-59302.7594222322,133379.00324000046,-41378.41150720507,-84870.83373772044,74550.7762791177,8415.516306022162,-112573.49835736351,-40186.47696425746,185457.80763218418,-70515.08945612345,-25301.24706600407,402119.4121703594
1118,80.88436682518045,5.228082222765962,28.312480044779964,-59254.49040105851,-18159.588048870697,-137951.87610857288,-61823.5666590622,-39610.385832544256,8181.801283421753,-151370.87921337178,-98431.38954647457,34436.31420134431,-90767.37005856041,-7380.593708697288,191491.2850612759
1119,78.65465819786084,5.083992023878813,29.437495403455063,-31062.3816707769,235086.19022930122,-15449.037478988568,-18979.11513446366,8868.127132503509,2274.0251837797905,-32897.460674756614,-15259.69134273442,236731.92309702677,-42501.0153235697,-25182.882209123294,411771.6345825401
1120,81.00911631744935,5.236149537688679,29.43747581570706,-54300.73991933793,28543.78948362,-108139.15197275946,2281.402000582976,-68931.65103910025,-1489.9190511638903,-136868.33490561592,-54362.02883299612,57334.26133013463,-39601.54251020181,-9448.582619912588,215363.1602411227
1121,78.85507659390169,4.769155871872113,26.354168085633887,-125245.43975960353,-97410.66058415367,-96513.01021609303,-161854.49767480922,142194.0072269275,69084.3822349887,-358861.1043130656,-40562.32498121429,80254.31873442973,-108983.70465577302,31562.869429626277,380114.0288098523
1122,80.85163822645455,4.885664110315231,26.354159090338086,-77866.7882454168,-164325.49798829408,-291997.62997897586,-121559.82990552891,113942.07777129953,51999.57125662735,-396680.7368054169,-147640.00419746817,10130.82479019814,-236861.85742543527,1690.2393965649226,182739.2280715361
1123,78.85508578277998,4.769165505249695,27.39583261215202,-112936.61234975452,17355.65322094319,-90790.12683479671,-128422.22565112753,110843.56763622185,26500.65949578737,-241271.84501166665,-73893.8194553292,128794.5785033878,-93312.07533340901,-12588.621261162125,389298.412546973
1124,80.85164669230103,4.885671563939865,27.39581923746459,-46032.295662382225,-52137.91188355134,-164911.14433825988,-92337.40136880707,32732.503136684267,24216.225836528447,-195298.6616057099,-111229.18175434967,43446.491475866154,-151548.93972663276,-3957.415563297166,174619.41775568423
1125,78.795301329491,4.765700950658385,28.437497236024935,-55814.994345147905,149040.28318551066,-35152.911280235814,-79354.88023214256,73428.30889044431,9512.96089100018,-103410.9966762332,-34129.093419026045,195612.46765538625,-68771.32906968349,-25049.27953284298,386714.55507668154
1126,80.91144934257606,4.889150181734481,28.43748123416596,-54965.92104827097,11247.800432487893,-128928.98865820056,-54788.897833583265,-35870.382864444095,7318.882798122734,-138086.58973209476,-83573.08013817699,49012.5605962881,-86902.8738471597,-7805.055516220015,185631.46261990716
1127,78.67052515554465,4.758424462200452,29.479162112167632,-33558.938302849,244090.03144679838,-16090.58725662854,-16823.02186991299,10204.985238526238,2619.8262404771626,-35132.95639463618,-15916.710720847414,245490.17300280445,-43837.01983131907,-26292.77962456364,394428.88775954954
1128,81.03624296743814,4.896436954207407,29.479144195411013,-45957.05989262344,59186.876298241405,-95104.04226173376,4985.5783168841,-57768.18212571239,-1871.1451112415523,-114336.47660467263,-46183.72811757224,78645.97886612905,-39695.72040518695,-10708.870940167613,205741.41011995752
1129,78.8805689953714,4.2792207105859426,26.645834110588837,-70015.88322246443,137558.11459512138,-43773.77647848382,-96016.2432555435,114236.56798844274,49608.36951054243,-177051.22280217786,-8423.521963561916,209243.19965991296,-107790.45346082619,29810.755800780476,371883.0673780595
1130,80.87816447187967,4.377008869354664,26.645826089156884,-32423.209223967926,17026.17038182859,-215530.03294247237,-76055.33390445258,72600.97780119916,38183.17693074804,-252431.4588065111,-55836.20989281099,77340.59691471039,-223950.9766994917,610.08531259191,176839.51024109067
1131,78.87537387561198,4.278990775465795,27.604165788702208,-67946.4054131172,197759.5186000176,-45711.242347034204,-72072.1897642935,94252.45977103424,17387.31886658057,-118332.54720847965,-40350.99270843406,242785.41075677995,-90885.50332594382,-11666.410208095425,369852.99438627745
1132,80.88337425199924,4.3772538562898164,27.604154086352267,-17854.010855521614,86506.25251719111,-122255.26410758021,-53119.89172128573,16543.573315379705,17487.02252383272,-128313.36988722735,-34393.434187567844,109103.78162888452,-141223.56017008642,-2441.4908539246244,175322.91481925678
1133,78.81035534707637,4.275822764675203,28.56249713308556,-28201.23969288211,282009.1435522953,-7492.821550117966,-41265.530060116536,74033.45568210655,6579.410643409259,-45376.67834191964,-12637.076392820778,304328.83704403567,-65524.3867769363,-22914.413373003907,376701.32564055594
1134,80.9484077651646,4.380433838687331,28.56248316826531,-31690.675815088318,119808.19763060838,-98714.79953675845,-28544.315755980948,-27166.399710544352,5021.872419534319,-102075.8742437656,-36890.250820212656,128368.8473427399,-81385.33473751346,-6018.0809405900245,185656.3798301545
1135,78.69071577756048,4.269953741476494,29.52082862880384,-16436.377611509597,343641.53595494607,2319.5813515854243,1061.6073813710868,29100.92303699469,2529.790054077828,-16795.795586420827,211.1913046132915,346109.34397682943,-41984.068082042155,-24718.130453234375,386480.2586744438
1136,81.06806148438426,4.386311485535388,29.52081312744482,-25232.185952537453,147225.1410122757,-68140.47368008216,13619.229014356255,-34399.32343638068,-1728.3181673041163,-73504.66280143743,-26281.810406045017,153638.95458713855,-36970.22071028537,-9085.581654751959,204945.11057035503
1137,78.91093457905524,3.616388022928082,26.93750049783415,-68790.47129396023,129866.37889731242,-47886.75536405169,-84177.7188233795,104110.43089428268,45065.63935121265,-163863.1425051744,-14617.499242806498,191669.7939872814,-104203.90760242484,21593.538618242274,342358.2331689163
1138,80.90883555034443,3.7079352622091517,26.93749389146942,-31841.797028728408,15935.083438449466,-193999.78374629043,-67806.93052439652,70573.33723588656,33000.40909936541,-229660.39395349906,-50536.39360421193,70290.2902211416,-201377.09428071202,-744.1115327799641,164867.50106965587
1139,78.89533209863986,3.6156799122311205,27.812498850183374,-61052.50668778625,200499.36809138424,-39769.632607392115,-61673.02068506023,83857.28847684569,18254.534630753224,-103860.31287519324,-33038.43876688538,236575.98043828458,-86292.69210449414,-10922.641074961943,346275.80495996407
1140,80.92444945389363,3.7086560738893253,27.81248925546316,-20844.98996247656,86346.66546230199,-117737.14506498657,-47864.417726806714,15586.909677002463,16318.171146839968,-123217.77608096827,-33974.32451315263,104956.63102895976,-131130.2635028796,-2900.739046529223,168468.58501174438
1141,78.82509935549005,3.612467009826238,28.687497133471325,-32373.650854634165,275779.91788071994,-13551.797519587577,-32816.23410233845,62942.310769118194,6613.959907369235,-44772.677544061145,-17179.80551000631,291806.95256056567,-62282.370389332056,-23291.419191430163,354668.13007230486
1142,80.99469371817118,3.7118788325481633,28.687485689244873,-26003.665118934296,123012.07238281469,-85847.9647000836,-23096.549469340396,-21791.219237067035,4067.0315275270414,-88144.34652129226,-29491.72829909059,128796.51738417966,-75541.87802516833,-5291.218742539864,179378.57854589508
1143,78.71584463897821,3.6074638764864413,29.56249545831689,-20528.000151291315,333301.5490744474,-3669.5902507301507,4704.45680465099,24755.346947841877,2674.414914246532,-20944.42646582017,-5129.228282499227,335177.61342074536,-40740.85447015824,-24945.852930356672,367346.3229145213
1144,81.10395910335505,3.716889011556179,29.562482934767605,-19799.23934058453,151438.2560756466,-58346.830533672946,14056.730358082052,-27736.719244709126,-1754.0334862818072,-61952.208292590345,-20939.353310391598,156183.74780437106,-34784.23534247679,-7744.356405642662,198911.83646463737
1145,78.94111184418233,2.9598028149916127,27.229166910767,-66025.14862977719,132403.18167859386,-54759.04158231472,-75656.74900686377,94259.10159260657,40111.95281500639,-151373.92640293587,-21281.08116210115,184273.99903153896,-97886.25248428134,14539.734559659559,320407.15632708435
1146,80.93969530277614,3.03261452883222,27.229161512732148,-28826.50430756622,28197.29296385128,-172318.28225716046,-58761.832935702936,64893.639441659274,26897.536992649828,-202462.74428925192,-42983.76854635154,72499.01923472808,-179993.85310229735,-2813.2891317244103,152247.61381174444
1147,78.91509144044637,2.958909279674904,28.02083190951251,-55625.61556797363,201631.22250900726,-37793.06651412772,-52507.95140168932,74758.37969685551,16478.211154338103,-91127.03235848752,-31174.146758661784,230513.71954405523,-80176.72052874912,-13773.92326737955,320181.4796311582
1148,80.96572428393364,3.0335182890579095,28.02082419831404,-20882.578795042973,92051.36569621286,-107456.41428063717,-40419.4016674879,12749.222638821544,12816.603274519703,-111123.95484213141,-30510.90867883771,105347.23614150181,-118126.67088454668,-4051.0349169696406,156517.9467949906
1149,78.8396275711019,2.9561886051332995,28.812497108067266,-34656.647613686364,271993.08634362434,-19050.712254791593,-25663.64196693598,51785.319207819266,5374.728048773591,-42796.949369000504,-21723.316879728536,282805.99272387556,-58019.18448014026,-24742.52953265813,329693.3218843591
1150,81.04119664990344,3.036246863740204,28.812487991074505,-20130.354626565764,129736.28117156475,-72181.52541138881,-17370.178178470367,-16043.377422549003,2294.00680746953,-73464.61835234817,-22113.275172567977,133002.29465852625,-69516.31156917293,-5268.86888814988,167510.92632810355
1151,78.74074511571959,2.9525396143292246,29.60416228823725,-22993.26786010008,325387.54318318836,-8049.997050148901,8114.0325406911115,21333.00131719769,2351.428429866165,-23426.595046513947,-9170.363786837957,326941.2371062912,-38979.22975665444,-25774.803714384954,344052.3152478334
1152,81.14008684839206,3.039901575044287,29.60415248004812,-14455.207171397065,158015.402723466,-48544.07340629288,13742.788245922531,-20484.276954873272,-1742.5238279588427,-50560.224838412025,-15542.985448610527,161119.33243279855,-33752.9619862008,-6653.237331016344,186245.31501830326
1153,78.96317130055056,2.1425225708809488,27.520833096386028,-49742.03523325073,174144.8050617747,-41334.37309279715,-50062.8319981818,68179.38978663152,25799.104400228505,-97109.58026390204,-20562.517535287487,200740.49453491624,-84669.70915476073,4853.14830812216,287385.87140413397
1154,80.96269755230774,2.184101941628032,27.5208290890258,-15197.796072269015,67073.31607420085,-126967.01415909381,-40864.82220028657,44708.640365473046,15702.48829708577,-141598.36657899988,-23401.107616703586,89907.98003854151,-148375.0400461415,-3241.393245197338,138021.9488585
1155,78.92672405724889,2.141801412429323,28.229165277704528,-41196.54536543171,231511.86854991334,-27564.873912751427,-30321.181785510224,53922.69124382201,9641.993665414291,-56700.50212582189,-25552.78087403649,245003.73227158867,-68068.30895974298,-17054.556145906674,293653.1328054726
1156,80.99915050038688,2.184830771021661,28.229159680859553,-11825.48801261001,113289.97506671865,-84162.37046166,-27102.906232715304,3495.660826292724,6843.2991931869765,-84995.58314674252,-16631.46514921634,118929.16488840754,-99044.81267843035,-1834.8031635600832,148201.06447515488
1157,78.8460166092687,2.1401424626244316,28.937497120268702,-29687.99414936341,282235.0361994142,-20935.14737592297,-9167.853241442504,36635.32887695762,2217.841915674059,-31637.89280248554,-23596.43669345304,286846.2241700663,-50328.266207135275,-24920.866020829195,308572.36114012555
1158,81.07986355543444,2.186495668147272,28.937490604684626,-9163.575515375283,142496.20199418897,-54610.82112558393,-9575.145631713329,-13064.4664256031,-284.9305898004448,-55491.22206782813,-9739.195851722618,143952.22327278048,-59942.8875236697,-1424.9065310055908,160447.17068876897
1159,78.75749926454726,2.1382709283797636,29.64582890546386,-20927.1616664694,319351.7857057129,-11712.32490826481,16833.9067563183,17598.72754054202,1789.9144422650484,-21849.73051140226,-12558.148348821476,321120.1779912022,-33863.08223465149,-24840.238467331415,324318.3131940549
1160,81.16838594056047,2.188371635522709,29.64582206144881,-5171.72602297955,164065.43668659014,-37691.581253868884,12868.07426109505,-13526.372704243817,-1909.096268579464,-38628.04058700656,-6120.639869325125,165950.80986607348,-30576.139302155043,-1261.7212188149063,176801.31417282225
1161,78.96977285108422,1.148816512873896,27.812499651054683,-39164.66231199528,163962.71413647194,-38253.71819800257,-26128.007464681996,38637.889708854025,10516.780979250763,-58706.58804902676,-28512.896642537467,173763.8183180383,-58834.12092035623,-7683.167732433594,240662.13064075605
1162,80.985182855845,1.1781285467888882,27.812497046996945,-5634.573709211971,68164.23942938377,-91316.01793848159,-32422.95999595682,29895.538339142022,8674.196339792907,-99063.39590525965,-13719.4647416099,83996.5084285598,-107506.87656905103,2191.5957685065882,122057.83581803895
1163,78.92290470118652,1.1481375006263677,28.437498479858434,-29996.057524659453,226595.04720942627,-30105.77286162456,-6371.004173028015,28172.842192148866,462.45531384441176,-33547.91146342739,-29761.5085254166,229802.63681198627,-47502.833536045575,-20435.96698269186,268395.2899720496
1164,81.03205421313162,1.178812702025301,28.437495029422024,514.9883430259797,110238.00017509187,-60401.787207028814,-23964.37700233365,-704.9441373070176,3764.0195882873495,-60637.141707971525,-4267.442447275982,115255.7854663365,-75330.80573816402,5764.6893492512,135641.82902238215
1165,78.84478976872322,1.1470032574829465,29.062497166792806,-21142.591529951023,272504.8470299323,-26604.59262648014,12121.285057803876,19048.60225747348,-2214.6867438329937,-29011.43342037128,-20428.085506460404,274197.18180033274,-38833.58438915011,-22061.491146319615,290439.2468946846
1166,81.1101722915423,1.1799509416464014,29.062493342500385,4808.388824353038,137007.83546080414,-38368.742306221204,-10948.789162363337,-11310.876132180876,-1115.1753446023195,-39171.25249835091,4003.7201101950336,138615.01436709194,-47996.26367934883,7997.654034156867,149763.14011527054
1167,78.76667443416004,1.1458682986660096,29.68749579406938,-14175.250657699013,298882.63188114594,-18926.20382113839,31514.139209709105,11290.80310480004,819.5771630005474,-19369.728000002506,-17271.115289884423,302422.02069219557,-28108.5567031659,-21252.200201358122,304435.8951215633
1168,81.18829018661586,1.1810889280509829,29.687491979156164,7219.526048595479,155009.52320388495,-29086.23076058092,6174.319089575584,-9175.099054086433,-1964.9670103459937,-29617.248994244073,7030.141522122046,155729.92596402153,-27432.700991258553,9407.409646185115,162557.86664439045
1169,78.96864279020255,0.15841587903096743,28.104166189041578,-4632.763893018891,190934.50715356797,-27861.428507339617,14423.252041726477,-955.1792447011351,-8124.421297482827,-30475.609152256693,-3087.487435078548,192003.4113405447,-24389.988204874506,390.0524260829155,226124.20027475402
1170,81.01540013649809,0.16885007958908588,28.104164850434586,5336.953427997672,69994.75035466225,-51437.714929362715,-35707.746253229445,8396.917419043997,8057.568407566852,-54229.27728006232,-7853.723389434479,85976.98952279401,-72182.87755452559,3542.8125300922475,108204.59627485683
1171,78.91135494039429,0.1581699208282771,28.645831694306796,5526.214236171567,237710.62803332682,-20141.38703824801,35909.62327704599,-1403.720995810271,-13456.845703155139,-26606.286232751387,6520.191639352892,243181.54982464894,-26238.558472522356,1466.486691374977,262383.6180009744
1172,81.07268933798582,0.1690989376033981,28.645830104173264,13208.265896050154,104955.39973144584,-27380.50608618802,-32583.56577164923,-11391.85271477805,6369.943043881659,-28731.046980708856,3027.1774038889475,116487.02911812787,-53456.451055236284,7974.3400592287,123132.84411308255
1173,78.84365152943407,0.1577721446169883,29.187497347149595,14050.490944578618,270573.4091888313,-13408.970900158718,50708.51577491379,-2227.568710867323,-11556.062259446866,-18659.888258403305,9576.76705569881,280298.05043595587,-23761.80295052685,2753.3722032160213,284831.67978804593
1174,81.14039410843199,0.1694990541848027,29.18749577943005,15839.118075416369,128700.53207013494,-16053.037728713425,-25635.659240562363,-18399.8042696655,4880.9295791437935,-18447.920148305995,10315.357998542373,136619.1745666015,-37804.94092338309,11576.267146356871,137434.95967920587
1175,78.77594789303166,0.15737402288074673,29.729162958707224,17033.710684869453,286764.43792592594,-11163.696552596375,61454.446218315774,-1626.338157012292,-4558.3894534770625,-12244.371429762254,4751.750034554811,300127.07345340645,-19698.337265432867,650.4442561031726,295812.19769566134
1176,81.20809872149174,0.1698990265385417,29.729161599567156,15705.324093078252,148461.95411216846,-15724.625505380893,-13702.636102946612,-15138.31581352607,2975.334223974837,-17201.41942319632,14369.236129032839,151274.83599402913,-24391.40497882474,14724.822041855286,151552.2507246235
1177,78.93848429901594,-0.8217061803045145,28.39583247804775,9560.089242647009,121740.37188053389,-30701.937686999932,34563.29027109703,-13074.182345988072,-10791.45949404442,-33556.256804003315,1145.7236724892607,133009.05656769502,-31319.032311013296,5779.927076176279,145927.62079009926
1178,81.03715187509242,-0.8505481804139394,28.395832139586272,3433.871518235177,54944.80242358161,-31988.351890668917,-40994.87175265602,666.5155461590246,9662.19296634453,-36576.45689635633,-14790.23190423283,77757.01085173711,-51026.63151694923,-6323.191096194324,87526.35350121406
1179,78.88119996026107,-0.8209764527795617,28.854165275745718,17785.6842598071,140513.165192232,-19633.52689519571,46221.935141752394,-8714.41665035653,-13233.802792707469,-24117.573293182333,5926.070541134003,156856.8253088918,-30701.590907688995,7396.893251453307,165830.4793194119
1180,81.09443666147594,-0.8512764821085914,28.85416495638922,9044.426588606191,75729.87728113087,-17940.990987740042,-42326.49629676932,-7620.116098339507,10941.96645490975,-22825.901035441548,-7786.627326687642,97445.84124412622,-43320.97587243113,-3408.178000161677,98577.9737103382
1181,78.8239156569218,-0.8202468512188903,29.31249781853373,23668.254985931067,158107.08133137805,-12074.967285810228,53423.591431894056,-8420.14252681919,-13764.064743537907,-17512.82605070378,9637.532364483526,177575.66271771918,-28027.07652772707,7828.4182966407125,179607.90342975286
1182,81.15172126256897,-0.8520048815249484,29.31249759831298,10595.134514515219,91726.83053535208,-11471.940791055396,-41549.92739699532,-10321.024791894992,12287.11198109574,-17931.96052840495,-2120.708633758011,110902.69342097486,-36986.240053283844,-725.14653634882,107946.7107332609
1183,78.76663127293928,-0.8195173441257453,29.77083035763728,23435.0994559467,169792.6489051103,-12459.41728225736,57434.07182054321,-7623.06950736607,-9230.280700790134,-15054.484867471087,5667.104074783968,190155.71187148677,-24948.208192876355,3384.1893716843188,188366.92220762334
1184,81.20900571468219,-0.8527334419671534,29.77083030037547,9180.171951154149,108038.74880971757,-11727.783555047794,-38888.82767517885,-8440.621480957258,8988.561064432066,-15521.657981629849,-1380.4993247008383,122393.29451215465,-28065.28009095649,-1899.3676703157453,118646.60181157665
1185,78.87921643229376,-1.810882975193346,28.687499178994535,173.925584352035,42663.53550629336,-33770.87588307619,29062.777008264642,-4397.659286241474,-6575.736898433597,-35019.38993423097,-13852.588460298806,57938.56360209899,-38370.79264640466,-6847.264559376171,66700.72274853305
1186,81.05051918018074,-1.8607312504647853,28.687499182279172,-875.8251208419733,39668.39063027087,-30798.339103293387,-31576.55413328983,-1780.2585560817104,8174.090368863848,-33695.40922158703,-15573.722821356632,57263.35844907917,-40074.40261014826,-8478.61831884454,63160.270564693354
1187,78.83235381205586,-1.8098067896026224,29.062498739972888,4628.9191799368655,50290.78802422326,-23993.81519207848,32595.506064606354,-3319.921477531284,-8142.187739371816,-26722.34244332847,-10099.645421785546,67747.87987719562,-35558.13981452668,-5342.162324343236,73769.88855890177
1188,81.0973819537546,-1.8618067800565343,29.062498764396313,3241.24647651355,50850.455934392274,-21324.965972972394,-33780.7301093408,-3827.9064236388444,9741.88338231558,-26021.124272910183,-10275.411091004376,69063.27180184801,-37151.71925545691,-6441.742947107982,69607.26043137583
1189,78.78549123798939,-1.8087306218300647,29.437498339221875,6818.710762816561,58239.57378664617,-18340.08542117948,35029.16138270468,-3468.5285068462126,-9905.439086107983,-23216.37091648557,-6653.987805954702,76588.55785072347,-33221.21934375679,-4661.750356086522,79449.16871237339
1190,81.14424455538972,-1.862882236121542,29.43749838878095,4840.461200204099,59808.54480675034,-15501.722393263193,-35280.3154786904,-4011.73494057607,11022.678063842643,-22670.61431854513,-5998.817180645787,77816.71511288217,-34512.93157204717,-5213.965377430847,74836.49515542673
1191,78.73862861709465,-1.8076546278044319,29.81249797039165,5415.883736575381,64722.24265936429,-16693.089912825777,37154.535770162074,-3197.3820831401435,-7762.661282816159,-20830.85962233223,-8723.059567867553,82998.95567331369,-28804.48390045376,-8731.828487844794,84400.7082255161
1192,81.19110705963324,-1.8639578817109008,29.81249805336746,3233.0596194197096,66816.30412426936,-13389.624416505147,-37113.26673918947,-3683.5296649226793,8243.820619284583,-19788.44329815889,-7918.380913686289,84366.5635390291,-29313.15525244288,-9810.816550753796,79507.77817584215
1193,78.82016306180049,-2.799037796990301,28.979165987479533,-3111.0910413684514,21484.509365240767,-31057.769070987455,18875.07659319575,-2851.3348848893033,-5737.452023727864,-32207.414186610386,-12628.080644909118,32151.14408440435,-34790.35737490683,-7229.837432366239,40991.17264285491
1194,81.06367196650787,-2.871934677355625,28.979165996007502,-1954.7112207178488,27714.273634218196,-28456.93402907782,-18804.026699379483,-5709.0384013522935,6166.56846903743,-29872.875663049224,-10583.289072912916,37758.79312038468,-34633.76343421773,-8191.918106279262,38615.61794243971
1195,78.78372369476928,-2.797907993144736,29.270832200835613,-477.36381372550386,27169.329968025842,-23173.993864022224,20209.06871940833,-3502.71244212706,-6441.12266615494,-24961.29807992861,-9959.13094877271,38438.401318979464,-31271.177846555936,-6642.013521234665,43887.95027724827
1196,81.10011121224643,-2.8730641249441367,29.270832208887388,801.1394327458129,33955.46665303326,-20420.77147602509,-20131.2835844608,-6060.855703388452,6740.905674321177,-22381.921142276107,-7818.029693356137,44535.785445386224,-31035.952912489003,-7447.574819932236,41962.10796507209
1197,78.74728448101804,-2.79677821908465,29.562498697149643,323.0165912633329,31227.003071902327,-18642.522773341727,21534.352478882192,-3052.289574948756,-6707.775441557296,-21172.145583821468,-8746.619688147868,42826.26216179326,-28038.05053912787,-7066.457755879981,46319.87983260096
1198,81.13655042891807,-2.874193476777336,29.5624987032326,1643.254275390238,38386.14404065469,-16110.77377531338,-21421.981209907135,-5373.252403618459,6881.2319784539195,-18562.19826563138,-6680.342174947451,49161.164981310416,-27892.3434590342,-7866.831584511726,44578.069225631676
1199,78.71084531712359,-2.7956486055121736,29.85416522476798,-1050.3055473491768,33396.67538432432,-16729.906045064006,23356.86195032077,-2203.6609138466224,-4766.308046847083,-18785.451943386903,-11064.969897708488,45466.88563300654,-23499.112805484176,-10428.372512776486,48297.45853458905
1200,81.17298972133021,-2.8753229912250737,29.854165228594766,74.35538477675982,40391.36692879425,-14870.234120903438,-23134.14312570898,-4207.283997297793,4926.967400565504,-16602.964585145648,-9239.761906649946,51438.214684463164,-23873.78820559773,-11461.458943797552,46119.29192141322
1201,78.74295241269903,-3.7750484036480922,29.270832571237133,-3196.412181216285,11720.951695256685,-27389.614166727762,10491.807669266753,-4182.566141187003,-3672.6454241272104,-28126.8999241269,-8520.055862210274,17781.88113364981,-32153.15462979859,-6065.375861162404,23552.845995270076
1202,81.05751874933827,-3.89371853518115,29.270832572767915,-2253.415870154681,17230.371316615372,-23137.083251563432,-10083.15579314849,-7626.728471806835,3915.225593260364,-24739.25486620457,-6511.716153117749,23090.84321421959,-31022.687679352835,-6629.708154935148,21886.940422634678
1203,78.71694330201254,-3.773767433462832,29.479165889324292,-1409.9511321779173,15156.285184827797,-20691.778227634873,11323.620114595162,-4252.083556085597,-3964.0117723470116,-21605.275309264478,-6981.676520858066,21641.507655137553,-28968.385028212317,-6186.748318065392,24576.752864567556
1204,81.08352774032534,-3.894999189546779,29.479165891265808,-597.3315523703222,20994.124447300626,-16705.22639562113,-10883.937897310901,-7325.615647062431,4169.778020114455,-18379.55572205456,-5055.165467411724,27126.287688775483,-27551.487068840255,-6575.021039220315,23573.184137876502
1205,78.69093432986897,-3.77248660263379,29.687498977161432,-1007.9581616999421,17152.27746139541,-17568.399158180844,12250.687941631591,-3423.702146811176,-3887.9580133881423,-18452.722324912196,-6851.380431841814,23880.02289826864,-25711.991490862594,-6879.276252865827,25531.13524151346
1206,81.10953671791,-3.896279732417292,29.687498979336997,-434.47006113952466,23173.26971157253,-14388.192811382487,-11718.697191590805,-5879.251707959254,4043.5604774751496,-15716.283600436465,-5055.846742064424,29122.737181551413,-24574.775811961965,-7146.371685279011,24930.307909242503
1207,78.66492537872867,-3.771205786159926,29.895832083539812,-2012.9921845272183,17699.651156656044,-17391.048736977173,13502.109400253077,-1986.1636391557552,-2712.177661615537,-17859.626542684386,-8618.66399232205,24773.900770158092,-22073.988139033176,-8629.3109795755,26408.385311357004
1208,81.13554579989875,-3.897560537231816,29.89583208586206,-1763.1097102717722,23957.013964308637,-15377.161388469027,-12771.815566747151,-3514.368143567498,2870.6627314728394,-15987.324250231342,-6836.913955394206,29640.9810711934,-21676.152787118834,-8817.353951059662,25910.08640845979
1209,78.64669340656116,-4.7602814940455636,29.562499432858218,-2343.9225341991087,6272.898809769943,-18232.2983720678,5459.330095958896,-5792.715701290619,-1491.007437912886,-19536.8142436211,-4901.365138050543,10134.857285174681,-28069.726919283086,-5765.182983245272,11693.666599586006
1210,81.03295137645917,-4.904715492421769,29.562499433734544,-1409.7398308952256,10903.98844406629,-13456.917141930297,-5003.347117237518,-9735.194310539433,1599.745187216611,-16870.779097357838,-3000.4001038654164,15908.510672464006,-27959.696941960872,-5558.703280416577,12074.577594766482
1211,78.63109691682769,-4.759337446585486,29.6874993385319,-1051.31500501135,8667.652432101684,-13401.916114137162,6030.211160262216,-5369.031349640957,-1783.2310076548745,-14651.057665434706,-3892.9040947795584,12758.383073167444,-25493.169736613527,-5757.636580148211,12444.878613815345
1212,81.04854774629504,-4.905659443835469,29.687499339293183,-272.46199318894924,13555.124152154727,-9100.158775784606,-5460.971316431434,-8704.806802827597,1793.2394334826267,-12058.825017959562,-2051.504566472578,18292.832967613314,-25391.53163581124,-5560.634709944796,12862.070736592097
1213,78.61550055644227,-4.758393403729501,29.8124992521223,-1029.870235351461,9704.794296735772,-12987.868073535914,6680.722506614771,-3955.9067827394306,-1766.152629540325,-13694.346986694329,-4230.872797901583,13612.275772444307,-23094.147682892377,-5946.411023409692,13221.410701871362
1214,81.06414411153233,-4.906603399433326,29.81249925274762,-550.5475545903628,14722.208737716799,-9711.320367720968,-5986.51796005174,-6450.060089036436,1790.2666510541578,-11318.981867876122,-2599.305899097686,18378.62858237927,-22989.412544844356,-5751.624490463697,13667.576090663835
1215,78.5999042016654,-4.757449239698261,29.937499173108453,-2089.654241039533,9631.837030855113,-16174.356910176812,7467.475879353844,-1791.5947639023602,-1168.6277287884143,-16333.269288417403,-5714.938263608629,13416.03343166481,-20806.012662313424,-6360.185164912916,14001.39969901949
1216,81.0797405960524,-4.9075473584504685,29.937499173552112,-2046.901940572915,14670.305153112178,-14407.341562830465,-6627.127944261071,-3210.304144309781,1340.7624901250265,-14791.16349210408,-4351.149619942469,17358.374761755353,-20748.723762011792,-6186.697977263231,14440.21553585119
1217,78.5498882817587,-5.7561936532254165,29.85416631276845,3568.9835106014643,9377.892992799605,9840.890067231,2711.742798169146,-16520.06912390914,-273.58949830862093,-7196.625545632613,3658.959512133063,26325.432604131624,-23887.990094891065,-4917.972831504467,6199.208813040955
1218,81.00892961450359,-5.90503302421094,29.85416631272017,4390.53595845955,12282.115656337244,14207.221872509686,-2219.039949956017,-22144.53177338421,-1256.2179665073122,-9365.144546222205,4822.171236435338,35422.84679709335,-23893.673611603765,-4875.274194893795,6340.289337764161
1219,78.54468940892083,-5.755879014721512,29.89583278583089,4411.808097462033,11064.310233068918,12442.798476703672,2907.534110643595,-14017.207105751257,-588.3748457977936,-2699.266946811569,4556.239127069704,26061.94462697648,-22637.86393097472,-4755.212657078565,6483.564911336049
1220,81.0141283639979,-5.905347635564583,29.89583278573506,5009.75473467841,13850.753392043242,15986.68710562923,-2335.730138599996,-18277.004678345238,-705.4347862815971,-3924.823526997685,5502.915980740503,33269.10277860806,-22651.270696256033,-4718.724547469996,6624.664081145817
1221,78.53949066160791,-5.755564376702131,29.937499509963725,2930.0972322929815,10380.897647980739,5858.285235776973,3129.7294551985133,-9702.997201482203,-619.8903126270466,-2285.7357324249238,2855.410947783359,18599.604900692255,-21425.82038196736,-4596.812554461948,6786.884209997692
1222,81.01932711292355,-5.905662372333505,29.93749950981369,3230.269043072839,12986.632589718156,8291.897768461786,-2479.913173135432,-12454.584408791909,-204.86704852796151,-2568.3151047397187,3606.8214895405845,23470.29301645192,-21451.60892293941,-4567.222905196564,6928.060184727739
1223,78.53429191475219,-5.7552496141310625,29.979166235124563,-687.7690264478142,7516.636528689978,-9166.52006649311,3372.816763349151,-3759.4528634958147,-220.58224590417768,-10002.486611937795,-1766.2181988997838,9431.052246586632,-20285.349737101897,-4451.582402791258,7094.862165259976
1224,81.02452598634727,-5.905976984461347,29.979166234924126,-739.9564247146272,9898.706251120404,-8060.193098687936,-2646.240900870127,-4821.264033301023,93.25043188893426,-9310.024228158498,-1244.141529641046,11652.722485517377,-20287.488132151084,-4417.87883867711,7250.4410394970455
