element_id,centroid_x_m,centroid_y_m,centroid_z_m,sigma_xx_pa,sigma_yy_pa,sigma_zz_pa,tau_xy_pa,tau_yz_pa,tau_xz_pa,principal_min_pa,principal_mid_pa,principal_max_pa,affine_principal_min_pa,affine_principal_mid_pa,affine_principal_max_pa
1,0.317907012350069,78.76415940095562,29.854166363823104,-6176.514418017399,-108506.2966850867,-80759.82050498603,191709.45690231185,-274294.06522047933,1360836.6544749546,-1484173.0086620054,-31239.61564267031,1319969.9926965856,-32589.92262144387,-9425.547828476207,126970.85856223815
2,0.3487003680737903,81.22750732970916,29.854166366035376,6616.040143797138,-67194.76381515933,-39979.40450426783,-195811.81618895428,-167800.41096405758,-1364043.3061083467,-1429392.3900313047,-19074.33978395484,1347908.6016396296,-32345.005956618967,-8868.127707381562,130707.44834693536
3,0.3178419022064504,78.75895150858037,29.89583281168174,-8620.49209123219,-109968.46007845331,-94446.35503213665,193225.200321688,-192860.68872752017,981398.3710369203,-1108474.910119331,-35401.711938054534,930841.3148555635,-30163.67026624051,-13550.279234042615,127884.64828712583
4,0.34876550898627956,81.23271522235444,29.895832813041633,10986.552716410448,-61735.755898159725,-26625.232436019738,-197288.16419430004,-115139.58094235293,-982790.7834736534,-1040491.1490787584,-15602.136237815139,978718.849698805,-29603.2161155056,-12799.325486443391,131570.9890974116
5,0.3177767909574134,78.75374349990473,29.937499509111216,-7628.069093099777,-108688.19517297791,-93273.61935709872,194870.40412936325,-115811.53414838808,594639.4221074416,-723945.4640789963,-37914.62672454209,552270.2071803621,-27051.1525367877,-16601.87549962273,128590.90522706558
6,0.34883064806803493,81.23792310641255,29.937499509863027,11555.408119852355,-60734.90587594701,-27263.28399644157,-198921.43073696268,-66481.67617332736,-594548.3575665435,-661140.5208515107,-17068.02418287983,601765.7632818543,-26591.730475531476,-15877.060177072179,132272.85367118128
7,0.317711678323824,78.74853549932861,29.97916620698824,-3175.1739285215044,-104555.3131385531,-77008.37919782453,196665.1008699083,-40709.072176863025,200834.890171318,-355898.2630256298,-50249.10869464262,221408.50545537326,-23660.7279267594,-18956.688431085935,129251.23172294674
8,0.348895660205206,81.24313110748473,29.97916620708104,8071.797610423782,-64355.8708883631,-42801.89717900758,-200721.58082420647,-19690.50986861333,-199295.26786345374,-318634.7500155021,-33754.07982999355,253302.85938854876,-23437.949793924497,-18307.814854534634,132862.74489543185
9,0.9849622323411313,78.79228176581309,29.562499494230767,-6470.061295091498,-122149.66059676786,-110881.80816366103,263094.38404208084,-112892.36814701145,631864.8816235173,-795578.7662961073,-39871.5874439801,595948.823684567,-47652.66312699392,-10699.432079576629,171207.999358345
10,1.0148439902933841,81.18271870180844,29.562499518139308,19025.483505899778,-40704.805704649465,-27645.806836319083,-272737.02130475675,-21639.236618512758,-616212.2822471032,-688335.0202052849,-22513.951996323995,661523.84316654,-45003.94177457811,-9359.149111743895,176499.82160428702
11,0.9847669841437682,78.77665793819278,29.687499292661315,-5877.299336391181,-117762.88227009424,-122491.77709846034,271399.4458809674,-80664.13853870875,466775.48914542067,-647889.7231364981,-48649.24248527872,450407.006916831,-38947.82873015372,-13404.568827827638,177211.07903577358
12,1.0150394999794508,81.19834251610811,29.68749931759121,28235.357772051073,-26414.803684985003,-7044.849983505645,-280816.6456994401,-4557.035529924942,-453405.2833135076,-528039.094301608,-16946.581718793703,539761.3801239622,-37444.69967617558,-12751.482891833868,182211.67925398092
13,0.9845717183793327,78.76103403337032,29.81249909851431,-2269.020740321739,-113857.75873224468,-116288.78499743415,279218.73963207024,-54904.30127440953,289381.34790361277,-496904.2371720247,-60160.40895274623,324649.0816547703,-32988.77981853897,-16944.254145285413,181691.4095301692
14,1.0152349850769051,81.21396616246157,29.81249912309182,30021.888962785404,-23127.00398444293,-9600.7829967598,-288672.23901633936,6665.166101347589,-278873.98929619376,-391899.1190719952,-22775.560904587557,411968.7819581653,-31679.06298524666,-16292.116399534832,186489.5349826237
15,0.9843764335651864,78.74541029626035,29.93749890878042,4767.054611851454,-109627.43678825647,-91185.29673635305,287272.4692209163,-30897.052213245748,101247.15347631159,-373406.46298361756,-73580.22945958015,250941.01353043967,-28319.638129499657,-21322.285886046873,185281.28721608553
16,1.01543031919114,81.22959002105199,29.937498934077702,24742.889162950483,-30022.411746963753,-34433.800141657324,-297012.2622130193,15540.141322012769,-93999.16002070287,-311020.6250772109,-42880.42253143294,314187.7248829733,-27085.522314762078,-20106.834602607458,189971.41581925788
17,1.648454598200709,78.82045977484171,29.27083244142436,1481.8235871365468,-159834.57247571458,-144083.35517776338,342776.53487883724,-106170.03738806312,490880.96935890696,-737093.0351476967,-54704.38617917942,489361.3172605348,-52555.102310653376,-6452.046937929837,245566.5847251772
18,1.6845525504405403,81.13787420927804,29.27083249892418,37288.60679457098,-17165.818402684563,-20506.69757720978,-366827.0217643296,20401.783484750966,-490998.4479700222,-594454.6688724378,-37915.95110723898,631986.7107943534,-59627.260705562105,-8900.8211562144,233008.4497657572
19,1.6480315539826906,78.79442147680962,29.47916551833923,438.6832572263993,-145156.3028993493,-157602.52657546045,360670.0235444573,-78516.13653482958,376559.0014853271,-648843.4160480495,-72665.99330144271,419189.26313190884,-43027.873398790245,-9557.239721725227,253765.54122971644
20,1.6849759606149188,81.16391250867385,29.479165581080355,49354.86169661052,10072.284004589394,9602.674467630695,-379987.1918648155,32913.54241083106,-361527.5582039215,-478466.81828294107,-23046.44915097638,570543.0876027482,-46435.22985300266,-11238.047852320387,242039.5847272008
21,1.6476085711563697,78.76838330936175,29.687498361431718,5203.6996038950565,-138686.41136835114,-146741.6402126966,375117.52370837965,-63750.80033279953,240238.49351674647,-555063.7761752129,-86090.54247356676,360929.96667162696,-37001.50947821008,-11349.93527521877,261427.86372583406
22,1.6853993618062857,81.18995054657104,29.687498438757675,51287.216558002634,14851.048876500752,6433.514662487297,-393252.2600868823,39578.804611350584,-221003.1024652912,-402525.9108041591,-25242.603993436325,500340.2948945862,-39253.94770929452,-12664.200326435122,249874.14893198726
23,1.6471855922959946,78.74234536695097,29.89583121574509,14149.270690737532,-138199.07064722656,-113442.38704722386,389682.6039843413,-49978.98165467118,89341.63734379518,-483758.624319226,-91909.90693289273,338176.34424840583,-31100.04686447096,-15912.256778376603,269505.1380499714
24,1.6858228519425962,81.21598860520048,29.895831314630176,43581.904715410965,1350.650995371793,-27814.435631485307,-408601.5867832744,43202.09156404094,-72277.2804703461,-387648.15289125644,-41109.42666399693,445875.6996345507,-34200.36873154501,-16972.602524265112,256856.6730731682
25,2.13844745296657,78.84776753990599,28.97916574546063,-83820.75845891418,-414260.7846119492,-245572.53064038052,796261.7361488689,-194358.0825589958,791985.3349804984,-1451915.1092007426,-134830.94728563013,843091.9827751287,-41544.24531337791,-1885.0001399452344,296582.8781324983
26,2.1943311784911246,81.09181789210479,28.979165767466753,13725.31921169884,-9475.577470324704,-9761.866187367179,-848462.5261054012,53167.78080389515,-828724.3413537698,-1157495.0425998128,-62775.07872508758,1214757.996878907,-68961.21718333586,-10323.275155604802,260001.66164218186
27,2.137503551064705,78.81132178710365,29.270831589946333,-83515.84366939783,-351755.29873986717,-291685.13148133236,867043.9845820746,-159274.0557645646,634632.0714367772,-1376115.0004413927,-160793.4861743352,809952.2127251305,-36908.5765593189,-3621.2281722996163,327948.73105563596
28,2.195275433700278,81.1282637743121,29.270831606987123,43966.39428441479,71762.85531776259,60499.09401012655,-885289.1136154567,92278.86995517691,-611259.337726543,-978411.143417079,-22112.870924829178,1176752.3579542118,-53862.38069258852,-13437.169633770889,278400.331327667
29,2.1365600794522734,78.7748763670639,29.562497653810606,-74004.41461431424,-327878.9750617199,-272340.3003987097,909691.4522044155,-151854.3347934084,411200.32643355767,-1270870.1595993256,-167194.76643094156,763841.235955523,-32340.50280403539,-2303.2030513510563,343052.041160855
30,2.196219767684764,81.1647092501687,29.5624977288178,48546.71879437057,85059.69201099529,61851.30062760397,-916696.5610824868,116494.97994008497,-370840.5696736629,-887942.1318059126,-15503.571744588353,1098903.4149834705,-45164.6788244991,-10468.350783464039,291744.5905351377
31,2.1356167383479865,78.73843109263203,29.85416371690927,-59786.18299293748,-336281.988201497,-208676.3613408527,945762.5502511105,-143743.21295166234,158268.2672418531,-1199336.73201878,-163888.65863663828,758480.8581201312,-26346.848730840855,-4849.032248512587,360523.50426945527
32,2.1971641290964063,81.20115452564676,29.854163876858934,30499.308374715358,48732.68949891116,-7983.62748193637,-951466.0701402774,131374.11895823551,-115381.9874366521,-912017.24019735,-37473.721699018555,1020739.3322880588,-36582.95074547994,-13023.732438197398,307311.7740528312
33,2.465631234758829,78.87397092914685,28.68749903827352,-72449.50838486708,-425506.9018716808,-235208.17929109847,692052.843735796,-161961.01067184279,523377.6594425099,-1188717.6771766301,-148387.83671818092,603940.9243471649,-23939.46413075968,-1543.807013176537,329699.25293982984
34,2.5334888201204935,81.04478383130437,28.68749886637224,12268.615447302971,24336.65507692946,-45763.95290649722,-916651.0718314637,59267.152310069316,-692838.1290116212,-1115315.7231237642,-77274.23053264499,1183431.2712741443,-62510.18302065383,-3496.842360462364,280125.5961515678
35,2.464166557704821,78.82711863781512,29.062498128519117,-69146.10055967308,-353416.8599235253,-285645.83851232124,822556.4315159563,-146355.58810999573,469635.17256794753,-1234549.3569588494,-176034.32706121367,702374.885024544,-27425.35431631377,4304.312086122657,392181.2967157279
36,2.534953986367668,81.09163652553869,29.06249794383872,49261.70551316801,119366.27002830095,33687.47170630156,-992107.6268230615,100941.00729090105,-530060.986722026,-1010299.3139816406,-31168.28323028647,1243783.0444596973,-45963.89100894451,-7558.331859608004,317875.1277084749
37,2.462702589838608,78.78026652524703,29.43749708438782,-55921.61689060078,-315747.9016267261,-263136.54145837645,878633.8092393047,-144073.50102029074,315559.21205490036,-1183336.9804205587,-176289.54806722485,724820.4685120805,-25710.94944928428,10090.634000729136,418908.94799040235
38,2.5364192749212373,81.13848885682246,29.43749704974956,55997.73041154562,132351.78640384966,44822.988400916714,-1035294.7636970488,129310.78923024544,-320377.5951353553,-962520.2245920703,-20123.201290950925,1215815.9310993333,-37383.58915917774,-2906.647969824037,334669.2545369195
39,2.461238815632815,78.73341453183164,29.812495982338852,-43388.773377650024,-320480.0110035528,-213472.50903020197,910387.0017508314,-133586.8821244678,131838.64713390375,-1140621.466576162,-175833.23629366347,739113.4094584207,-25854.990076389757,11941.839180110748,441314.53471003263
40,2.537884723119496,81.18534091299507,29.812496168649133,39380.18713950394,91361.06053947486,-17369.618138237372,-1069579.4414680696,143705.31403952994,-88827.46839055838,-1005912.6376575046,-39116.5457653263,1158400.8129635723,-28513.481408155352,-1192.9102836104075,354312.03629125573
41,2.7967218889194143,78.90010708052239,28.395832431489353,-65054.17525252117,-435804.1666604934,-267872.3527520344,448355.55435931194,-153009.91830531796,268745.4516878747,-867068.2991666174,-177313.03937369393,275650.6438752626,4169.942722049394,23542.32383934205,428536.3146599843
42,2.8687408004890766,80.99781767192587,28.39583179826913,15186.396097624023,54048.03564409251,-83702.92699374733,-818879.9216348369,49946.69295090892,-493199.3255001745,-918687.4179008234,-91017.89052683309,995236.8131756259,-53312.61999388597,7374.853028216568,318026.8150968938
43,2.7947365616961495,78.84285020272546,28.85416468638434,-61371.20670984356,-383920.74825095996,-308276.36128469504,670750.504464637,-152946.55535159376,316965.6111465462,-1050272.2526857585,-202817.24778001572,499521.18422027567,-8805.420549019955,35068.33165116766,515180.22140923294
44,2.870726912364627,81.05507528188154,28.854164012589493,49959.646639285136,141380.7447957994,-15471.883496490671,-946519.6234904537,80839.26421486818,-406956.9211898604,-919442.6919841587,-49668.56842642688,1144979.76834918,-35306.982049768965,3918.0667015790914,358074.98376557545
45,2.7927520223070283,78.7855932502087,29.312496416754012,-43179.460679991076,-338002.5867186938,-268823.12375322764,757282.4829502056,-134647.6644089033,231248.13738790652,-1043914.4828611135,-197507.80939624383,591417.1211054447,-9013.38770218837,42404.00487134816,553177.6689841421
46,2.872713107249291,81.11233265298122,29.312496026408336,57365.934787519946,151405.8304425903,-2415.9669517030634,-1005398.2320349572,97225.58215206036,-247903.95861927353,-916338.1418901689,-38567.008724290885,1161260.9488928672,-24189.188473375943,10902.532405768998,379879.83718028374
47,2.7907678487983425,78.72833643521957,29.770827990368847,-31169.194435604746,-331787.2697339202,-227425.86914348672,787958.6433297525,-95355.34616981882,107388.72129340548,-1009413.0770134125,-202234.73505367708,621265.4787540777,-16361.316580391041,46322.48563077945,575004.5849703675
48,2.87469973600124,81.1695897116817,29.77082803159835,46937.441394513226,118049.96141971316,-43772.53707031906,-1027955.6984461967,95424.14570802363,-55384.7915615655,-946857.0898725425,-52845.642855270766,1120917.5984717207,-18609.314011966006,23337.948068536425,402700.63387725054
49,3.1242869722395974,78.91387717200098,28.104166200405764,-74540.6036951642,-445047.58407258394,-309807.63598019857,60595.80066955887,-160980.2667379225,31706.02641793202,-561535.5108051479,-203180.6451976211,-64679.667745177445,12263.024547498784,35508.91428120297,464868.500475331
50,3.2073623253521584,80.95905368469207,28.10416485458629,151.84989249222235,21329.751123560593,-145117.30999263606,-655714.8274904921,16436.097405770153,-309797.1454667398,-725736.1741743619,-126717.95150101985,728818.4166987985,-59619.327995208674,18959.386105585272,322317.62963580445
51,3.121976639431779,78.85663283331834,28.645831097730042,-66387.05469698727,-436306.0381342677,-338599.8994864835,330414.21627885796,-168277.73646919182,142165.97995336523,-746097.3366414222,-225968.20547372225,130772.5497974061,-4065.2923805000805,51976.07397386275,583327.9200701169
52,3.2096743846470517,81.01629937470958,28.64582958055139,28341.387730771126,104803.82083159006,-92718.26354929703,-812936.4912623601,31059.00853044135,-284121.21513828344,-797400.4490514294,-90335.47366032442,928162.8677248182,-37860.66171841055,21997.30396684261,370108.64981128497
53,3.119211387519029,78.78898164064762,29.18749579046084,-44870.60503987771,-399399.41515764943,-285069.8562591921,450739.223299669,-119091.86999779199,132700.61279077307,-768688.2163105928,-226352.9772174157,265701.31707128946,-7292.632839644709,60445.66942152897,638130.2974933216
54,3.2124418354668767,81.08395150897566,29.187494652443597,40495.11253200769,128604.68350280453,-72402.74620870693,-895893.8518127521,25525.729217570384,-177238.03737018027,-828883.1413667253,-74520.76699979792,1000100.9581926286,-23717.284212573755,32377.617979070168,398304.9222088291
55,3.116446810558159,78.72133043898705,29.729160224038537,-32532.154348126744,-382222.0263827223,-246273.6901220922,488052.826556652,-37350.74577371446,76005.30310457681,-737085.9023770625,-237968.81126013142,314026.8427842529,-14677.168044974827,65085.872629358935,658325.8008351277
56,3.21520969044313,81.151603316857,29.72915973033013,41347.896911841905,120327.35965437122,-78644.72084870082,-913170.4517130704,1973.7568922187331,-25661.200620162548,-833576.8016787645,-78596.62839026519,995203.965786542,-17422.531873127973,49365.056699692315,418202.42680117744
57,3.45476624639254,78.91503911037069,27.812499713827417,-99712.74146361358,-451908.2165202196,-337837.9482201551,-253411.0476471979,-168857.4405863685,-87571.68394478816,-687789.5499394669,-234449.80615334705,32780.44988882527,-1025.6008971042909,24249.189987532172,429252.64051584696
58,3.5429125669938584,80.92873366788571,27.812497674122262,-41988.363393245185,-40560.36935925041,-210541.17757169178,-548745.0020016728,-23665.368431916,-193344.53627419376,-645772.6580168493,-174833.3268070205,527516.0744996824,-79689.69717337971,17105.947268842316,287273.0300652342
59,3.452717424238449,78.86821001721091,28.437497808880888,-88530.77275989956,-487042.48068985355,-362327.89663178555,-25393.292763579586,-185542.89065298453,18085.794285584838,-620617.3949418701,-234882.60797613626,-82401.14716353212,-14957.96637580811,40597.986401189664,553002.4584230229
60,3.544965092483623,80.9755649322309,28.437495360767798,-4567.080867370922,27145.003545864754,-168198.80805044484,-691831.5762876279,-26177.19238610751,-194278.76178366493,-725836.5254453864,-138847.66574897297,719063.3058224083,-53858.78052383613,25106.30025920699,332237.8808461826
61,3.4493021236138763,78.79016057359026,29.062495304546392,-66966.83827699989,-474761.25598171394,-313485.71604023635,102473.55402099759,-122402.70256503765,56251.27388092383,-567974.2346860622,-247550.04559826897,-39689.53001461912,-21734.60441468958,53457.45941833228,633527.3727439223
62,3.548383763930137,81.05361613771268,29.062493205206437,14124.934373655786,66735.87724983043,-136810.31109946655,-797831.9916538049,-48023.777699119586,-124964.55796980496,-781443.1533716947,-116034.41286435735,841528.0667600718,-35158.211241943245,37277.53279535711,367987.10224652116
63,3.445887195795542,78.7121108467744,29.687492447070355,-52225.12741649344,-454636.85838007095,-269497.3378145867,152239.6062877044,-17905.016269067273,50581.63112299098,-510349.7133803151,-271434.46808574186,5424.857854905903,-22131.932614024518,60891.78845597073,662376.1108654845
64,3.5518026995610263,81.13166702700863,29.687491122580205,26900.24319713052,88019.02363494466,-108211.62408111375,-825077.5638556365,-81771.95446559374,-5795.903389513349,-773774.0841958183,-105654.78764302522,886136.5145898049,-24030.646477719136,54499.89957674416,386322.3610482563
65,3.785001654047738,78.90841194700624,27.520833148699843,-129315.48287915465,-477816.89348635415,-361477.7894889577,-447097.8114404361,-181125.5133727908,-121394.12078229037,-875843.3967379124,-269062.584385356,176295.8152688017,-18052.462804593346,18747.444854465804,415159.2475666733
66,3.8787060389504435,80.9062036022489,27.520830511114184,-57255.07955246867,-77400.60042211965,-254583.29094144295,-508809.13819846563,-55657.418157021806,-130498.7348718817,-623214.42244936,-211905.86722695304,445881.31876028184,-95948.49296033903,12271.066528027348,275007.0613480014
67,3.7833123920384284,78.87199476361408,28.22916449419625,-120453.62120744889,-545099.5762636209,-388103.9246650728,-290280.39327245654,-212882.2885644376,-40987.03941331256,-799178.7089005001,-291135.6142802374,36657.20104459464,-23599.46913726663,22423.830931751487,509968.68619728356
68,3.8804014417561183,80.9426238444867,28.229161153899142,-25402.127085767785,-48305.68154150352,-221605.24008389344,-614150.2213850024,-74153.64953388752,-133992.3594918605,-696610.7725638995,-178539.4227442044,579837.1465969392,-66001.16768402825,21963.011783587557,310349.1513686338
69,3.779540385783321,78.79135566177986,28.937494925169645,-96492.65914303098,-555781.6801855402,-347618.8047316088,-180755.14441294657,-155441.78159123403,13554.131865110165,-680509.0889790605,-299305.4287087223,-20078.62637239711,-34404.121313608666,38037.37066026771,601658.6582191797
70,3.884178484424577,81.02326565248539,28.937491788086213,-10778.167701057586,-12829.663631236057,-183220.92511134307,-722649.8418291573,-100167.06727075575,-88902.92814611581,-765172.705968226,-152572.9472755975,710916.8968001867,-44223.94300703922,35456.52059757513,348394.1472793387
71,3.7753777591617106,78.70291329624807,29.64582491939011,-80012.91844141486,-542814.4858358778,-297159.95506370463,-123607.2885164376,-46387.58184292752,35494.310048955434,-578529.4752216261,-300616.21273956716,-40841.67137980382,-29227.958713789576,49391.05511558641,645510.7403522225
72,3.888346128882813,81.11170979506063,29.645822580021658,9923.668027068585,24442.45426415745,-132094.29588244724,-762116.0548460507,-130332.93523345311,6218.882433729984,-757278.8364935769,-130041.20816680595,789591.8710691615,-26846.88044146912,53677.820771090446,371181.14656657504
73,4.1116702684326905,78.8920653931552,27.229166797478065,-150147.63070652063,-497514.55610139616,-374445.1125676626,-560175.8228862184,-190642.25141039008,-116895.57240455027,-990891.8052098553,-294473.66874507745,263258.1745793529,-33798.04061742886,16796.28386188372,417351.51283551194
74,4.217857452939771,80.8892322001483,27.22916357920608,-76402.79360938384,-97954.18231280074,-293098.5015237475,-521914.5551926535,-84361.21502389436,-99911.53668326688,-655929.5350486529,-246587.13079191456,435061.1883946355,-111334.65200898804,7474.256982528729,267967.8882093638
75,4.110308113549573,78.86606201833187,28.020830888709703,-141473.9364437022,-584762.9905918221,-405272.8994104334,-471145.3063437099,-236662.40960618213,-59810.52915435468,-978438.9176915204,-321769.2979475671,168698.38919312943,-27183.552980391687,9189.560012028289,494364.0382011047
76,4.219228360351514,80.91523950898993,28.020826655110664,-55817.8542576583,-104960.25626283855,-266677.2565726948,-602907.1090139046,-118901.73416123474,-100838.5017655465,-735457.4187699322,-215136.3581586337,523138.40983537445,-77618.47188588064,15041.095986814202,293750.1209430309
77,4.106309787733578,78.79064958757397,28.8124945567954,-116401.49327736095,-610183.8587636475,-369148.2179286189,-402749.68204774393,-192867.86853281804,-6554.28795505791,-892712.7701278043,-328992.05081214546,125971.25097032261,-37912.300414866775,25777.423468933102,587693.3346337982
78,4.223233552331277,80.99065561021322,28.812490330054,-36478.42766700027,-81271.65417196741,-220848.60055208908,-707984.5755573772,-147183.3248729331,-69275.88483558422,-807710.3252815737,-183588.59298811835,652700.2358786352,-52334.97400062772,28673.563125935318,330944.02574837464
79,4.101042167552093,78.69183346758693,29.604157746873778,-100582.31942479243,-611300.5494931937,-318241.3559111499,-355655.64374679467,-93726.3005972861,27621.764226516287,-804195.6693661213,-319007.0295002393,93078.47403722463,-30604.27002749032,40236.39660979811,644322.9063021841
80,4.22850757778565,81.08947443879549,29.604154252784802,-11435.351566847228,-40512.199094533804,-154157.08797484677,-759702.248606713,-171964.39820099523,12731.861455311684,-806032.9210742838,-152613.52813145175,752541.8105695077,-29790.92438272384,47508.00209146362,358222.20737510186
81,4.441355403746456,78.87349167023893,26.937500173642963,-162553.26332231401,-508267.89732918795,-381200.91864379344,-625441.6518043691,-198702.92667011727,-95070.4741763717,-1053637.2022967986,-314880.8265897795,316495.94959128246,-47835.911840865425,14695.5244646085,425286.3541715372
82,4.553782325401041,80.8703266763813,26.937496417685225,-89890.80776393187,-104349.23101801539,-321559.30343456345,-563329.7518155095,-108752.06797513584,-82077.52259176526,-707759.0725344508,-274715.84141282074,466675.57173076086,-125513.76127863888,4132.256654631914,263700.72151603666
83,4.440483012587993,78.85789413501737,27.812497475428867,-151429.09910900338,-607140.3880817541,-415294.41187338147,-592057.5385326284,-254835.69009215778,-57422.83332394565,-1100440.9977425172,-343220.2596928819,269797.35837126034,-31805.459307872457,1028.2367849710865,495863.19537247374
84,4.554666486537143,80.88592888866141,27.812492397937806,-77202.31084064921,-141276.93797533124,-301542.71037998184,-636331.3305520735,-159741.47600359746,-82672.94630370213,-805769.742699173,-245260.12823708792,531007.9117402984,-88222.90617119627,9214.636144425007,286107.2526878906
85,4.436534966665369,78.7876953523674,28.68749413165768,-125202.8382404815,-641608.0576845579,-378951.6311618964,-572761.9935496432,-224705.4759148169,-11289.705234728399,-1067599.41626146,-343606.0690495084,265442.95822403266,-37475.681829802954,16268.262921617052,586365.2965475018
86,4.558623534759483,80.95613237702088,28.687488840576087,-56925.04506762719,-135866.26153026609,-252246.89745087008,-744066.173924455,-193969.63529495793,-59667.19210889061,-893479.5638677599,-209432.85127793808,657874.2110969346,-58620.13801844079,21574.553835291303,320894.6789267003
87,4.430390200442161,78.67849536694888,29.562490322882084,-112432.74613965969,-660373.5715650124,-331380.9299018195,-550503.384414852,-143116.60167084733,25453.94436836689,-1018560.7612371449,-330723.1315460409,245096.64517669435,-28742.94928546919,32742.290398129833,651768.0531595398
88,4.564776233835387,81.06533646718698,29.562485637856252,-30518.44672543275,-101941.49891249968,-174194.3055710077,-811279.7879696673,-215045.8842788155,16317.888686944787,-907231.8561244197,-172798.1508413289,773375.7557568086,-31446.726504798717,40275.67756434601,351741.2765780572
89,4.767922755651972,78.85514249409529,26.645833508180118,-185394.89335425323,-539955.2905182537,-400779.88076062663,-703228.7676363097,-223548.55079973457,-77418.68726184414,-1154748.6050521943,-341843.96818072,370462.50859978056,-60337.85044207202,10493.802052361054,425236.0195012697
90,4.892824162026892,80.85119653631327,26.645829216595565,-95190.28431153327,-93872.17303109734,-333084.352850369,-575334.5217943055,-122595.12145777415,-56411.74303319148,-712303.5380637001,-293383.7071516946,483540.43502239493,-138845.91324095696,393.77625289445086,253508.73312007132
91,4.767637932601859,78.8499456857268,27.60416402521279,-172337.84092679532,-651157.7219093074,-441697.5432826001,-715042.4470313933,-291985.2725381076,-53324.01941090591,-1255289.8641695632,-373578.02584526193,363674.7838961217,-41369.00499717103,-6081.248157176635,491945.5861861411
92,4.893124124881691,80.85639909958358,27.604158087070264,-86481.6571484404,-150827.58577415603,-320251.17623506265,-647100.1989026056,-185356.74270228625,-62069.62844111573,-828821.7402281489,-266208.1633879134,537469.4844584033,-100961.54025459863,3039.7148706601515,277198.2069108685
93,4.763594437208053,78.78497202259305,28.56249365586265,-144718.8604994349,-693314.8828224255,-399207.2139388388,-744969.1443486522,-274038.07777123834,-12660.467594055093,-1275251.5834614942,-364712.57356546965,402723.1997662647,-41437.68730249054,4366.749981434532,571242.519605374
94,4.897179119331589,80.92137885405893,28.56248725227481,-66716.71030853999,-162701.0656183506,-270842.18348825723,-755473.5716685028,-226306.6144718325,-49033.11839086046,-932154.2784512013,-226104.18941472843,657998.508450782,-66195.78648232235,13348.524272914032,309388.5252496584
95,4.756085432251883,78.66542141477628,29.520822870101995,-137085.30548707963,-734397.5935672686,-352613.02557663416,-757399.7579875549,-208104.2244142347,25337.532595108238,-1277163.2619043766,-351038.5680787746,404105.9053521686,-32790.6423440253,20169.27060485833,635321.2046206468
96,4.904697790043351,81.0409349463006,29.520816900282945,-40594.177532563204,-139630.21948867582,-185993.33721835655,-832148.480881519,-244626.1791324648,20235.856669942405,-959477.9796312589,-185348.2261157732,778608.4715074364,-34547.83965446686,31045.580527133236,340745.14975247066
97,5.257360775007907,78.82141231213907,26.354166711021115,-41558.55046343044,-281899.6713411459,-251511.88618176788,-372987.1212892579,-94748.23609042165,52360.14322391584,-560646.6513929309,-263776.15624623315,249452.69965281998,-78071.23253728967,9670.493051798954,462098.37280779314
98,5.400970109123341,80.81623685488805,26.354161407422882,-44852.33991447089,-64659.16601332011,-293292.6345522116,-321683.2066805659,-56556.43272228832,31512.600437351684,-380858.8636203485,-295807.9918353385,273862.7149756843,-167467.57961874953,-2008.47493881574,261531.8252695995
99,5.2573714071006465,78.82141663939905,27.395829822911008,-3863.0831525272806,-330862.30825716164,-276856.20662860957,-401119.59222749487,-133950.53995883296,32500.159631899034,-626153.8254094443,-269978.40911310026,284550.63648424606,-50826.93632077108,-8038.370954895692,515441.7592078588
100,5.400978926765411,80.81624038397065,27.395822370818266,-13017.370519785632,-94337.67057596424,-258702.84995568896,-360745.71773071546,-92424.70208430925,-651.0563804753352,-443457.4140412895,-238524.7287959706,315924.25178582134,-113548.85125478558,-80.11166753759233,281420.4781278203
101,5.25308698113204,78.76167952191031,28.437492639933513,42532.01161343392,-343507.6537869515,-248758.2609065968,-437436.5112175966,-132057.72265464603,38378.93436882999,-649269.9112682613,-246633.5803943923,346169.5885825393,-42670.475230657896,-2290.9198865614158,584657.1677303959
102,5.405278202953028,80.87598588612167,28.43748441198475,2064.7664068660015,-107624.34764268596,-219867.2030252929,-423298.95969082374,-120081.38887339499,-13342.999322214599,-513613.4052457814,-193988.43827442845,382175.0592590972,-71393.99824356704,7378.696938802566,310460.3484633353
103,5.2441172742224245,78.63700684835833,29.479155138935635,52258.816080932855,-371543.4267593042,-227538.52476248782,-460090.1150398329,-115598.19874233255,42562.77241565724,-678712.2120104532,-231474.8165805973,363363.89315019164,-30070.707042311715,12749.490465906198,650523.7567205491
104,5.414259920008117,81.00066616673585,29.47914711107208,14334.092799801489,-101391.38156767088,-157887.8244280493,-472668.2761027572,-135074.02502887507,25231.544345956736,-539038.9278271405,-158075.63901871262,452169.4536499345,-35221.75188645186,22435.0003825959,340097.3459748146
105,5.919024401658138,78.77168668442387,26.06249936151607,-45576.901150739235,-310737.68172426085,-288563.5415872679,-427964.1070612577,-108343.40437983596,71627.72924304014,-632296.5094799746,-308011.08977314015,295429.4747908467,-98239.36556080918,15001.748405417327,527815.1989202723
106,6.068865119024898,80.76606242913715,26.06249257299337,-57046.983685583175,-63335.37081442374,-352810.5262783463,-379453.60918551974,-69038.89603505966,39882.46762946636,-444857.04630442476,-356312.46813614777,327976.6336622194,-209319.62848737798,-2045.3262290908242,282273.863883248
107,5.919037917306142,78.77169275853619,27.187495339433482,-14579.38651817826,-353580.85701154533,-302876.3990209199,-479021.2452372673,-160713.95862036716,48476.87086691777,-718909.1672618112,-303378.9433271353,351251.4680383029,-64610.131347364964,-10156.202678311729,546032.683205269
108,6.068875786969896,80.7660676999391,27.187485678129924,-25447.507988977857,-99523.24570200752,-294430.1907294627,-430698.58264627855,-122695.07482151779,81.23891929340968,-530505.979519556,-269057.6677113018,380162.70281041,-129566.84609774993,-2986.954331805167,285730.9741390891
109,5.9149515496222485,78.71716514882732,28.31249102263115,36860.671044724455,-357774.1407254603,-262381.6413308809,-546099.2067943881,-167102.63058903627,48789.73461814624,-765369.7876086412,-264557.09843161586,446631.77502864006,-47619.26984497241,-8961.385564167822,600152.6644445828
110,6.072981012024378,80.82060708019837,28.312480235962905,-10049.291125198422,-119366.85593176924,-242901.58575745093,-511183.4166357393,-158139.90838224304,-14775.491684096047,-622581.3671809669,-212134.52804599592,462398.16241254413,-77908.18759843746,1164.293223709735,310977.0920884252
111,5.90559434530029,78.5925222118265,29.437486547659088,51208.90920136105,-389157.07071751554,-229577.25282028003,-594886.7797597046,-161108.33268966925,52081.79814909183,-821472.792663273,-236912.61664151322,490859.99496835173,-29699.052298361046,3310.72158777644,662404.6656677534
112,6.0823533240802,80.9452608552896,29.437475682535908,1487.3666305530314,-119964.44460903358,-172267.67971293855,-577635.782523778,-177430.21490027593,24451.41499431573,-667857.7638749479,-170896.99281025887,548009.9989937877,-36619.25608188823,13397.938383515728,339631.5299887103
113,6.580690341211679,78.72198076369196,25.77083215714204,-46759.71775119974,-334790.8165059646,-328423.71860823507,-501807.78139807365,-123287.87534083506,71495.32594579739,-721012.8479819475,-345520.66550780693,356559.26062435505,-114161.68573337093,25543.105810014393,584568.4735456787
114,6.736758709440625,80.71586862691301,25.7708236261218,-63189.329516367856,-55344.568620866776,-415095.0464709684,-438360.46510410414,-77883.95452728629,38620.933554529314,-506598.28868651896,-414630.9125875442,387600.25666586024,-253738.5194565753,-251.44432409891544,298566.08846671414
115,6.580706164757552,78.72198916914586,26.97916085758603,-26363.699847617114,-374275.21914292936,-335812.34718199517,-565027.1394142624,-197105.51718098586,59945.41977480479,-823980.2299232767,-339753.60822053696,427282.5719712721,-78076.68281190237,-11315.937105348721,578853.6128151626
116,6.73677098331543,80.71587624597103,26.979148642285608,-32220.53377959155,-92654.85956889177,-325290.01482492115,-498669.89648852276,-152171.17961150635,-1813.7157189470952,-608073.6052439536,-293119.628744707,451027.8258152561,-145134.54198916676,-3545.179876335824,288497.7571666599
117,6.57686643799879,78.67266882119516,28.18748928822064,29169.739013097278,-366782.0396980693,-278929.97900504863,-659117.3543067109,-211193.08297838364,57701.0138746344,-888020.6622406612,-284073.9474787769,555552.3300294173,-53311.59985223903,-11946.40156983977,617004.9099412541
118,6.7406334065799705,80.76521282992407,28.187475675510154,-16266.854151709183,-113946.6229691934,-259553.07209958963,-598844.9706928242,-193874.84553920402,-16840.802196888435,-718853.7888784977,-224486.58451233467,553573.8241703401,-85099.71616469136,-2712.504207363105,308473.01089066436
119,6.567121986740357,78.54805844469497,29.3958178035777,49254.93346779005,-397482.98940546747,-230816.3853167472,-736983.7729953497,-214962.15270990165,62477.87992791098,-969723.4706109359,-242570.8106727036,633249.8400292153,-30084.884806524173,-2464.3572316028535,673421.0685101841
120,6.7503962062332095,80.88983825842196,29.395803817498653,-5217.140013136148,-117456.30069905755,-182754.44091033048,-683626.4050182246,-219193.12895757591,22132.423549844403,-783997.2384759607,-178936.23770724953,657505.5945606861,-39770.82496052262,7093.638397759439,334674.19578266353
121,7.069674403063943,78.68219394786507,25.479165698821554,-269406.62924882455,-679222.2802847603,-590577.8546160271,-1146265.6021543106,-398874.4556597823,-57948.509141520946,-1742568.3468389544,-522118.05995392706,725479.6426432695,-120654.68920480745,32378.38457926715,604442.4012973611
122,7.244423532567632,80.67450211184614,25.479155813149642,-145839.67740018922,1816.4828125253262,-568936.5881832527,-966841.9064536404,-274292.53134472575,-53398.04195829614,-1133930.1844578383,-495311.39915457054,916281.8008414924,-281126.9775950105,2442.499522945163,307680.6367835819
123,7.069691977873191,78.68220447337286,26.77082673504665,-269570.8202046107,-757542.4966770022,-614333.577938216,-1317146.7696327788,-588420.884170585,-31860.02076967557,-2017492.7330287986,-535586.8733699637,911632.7115789336,-88362.87839055854,-12801.546948229652,601967.6101965978
124,7.2444371742523,80.67451188442635,26.770812385414658,-130458.57196842856,-90354.0042248439,-480391.17260117066,-1126927.5173012067,-464278.33206107013,-71363.78869321317,-1397588.314303235,-373422.4740215726,1069807.0395303643,-160869.46872098433,-5296.183410152032,282756.11928618903
125,7.065855391398691,78.63811272165981,28.062488102731518,-207523.06826707046,-726240.5207138441,-494643.60777922766,-1573871.9361061226,-628896.5416839131,-6127.4385132289,-2202815.0520045073,-451890.2428530805,1226298.0980974461,-59051.613063477154,-15275.670148843945,623292.9736948453
126,7.248299736061411,80.71862393655553,28.062472152315053,-108319.05370088108,-129263.21841849934,-368626.1417296347,-1371076.8097614108,-551544.7268723304,-63410.937325814484,-1643987.806867681,-287114.8282725752,1324894.2212912408,-93052.12349212923,-6276.1642593298275,300260.58637159516
127,7.054945069976506,78.51360309633206,29.35414981078388,-169905.54214101573,-775118.3752246551,-378554.5163995231,-1797135.313659752,-642789.6241319813,46964.328136729404,-2402590.3890706333,-384768.0354167314,1463779.99072217,-32371.297010014205,-7531.418969277933,674184.9511343804
128,7.2592310887556115,80.84315257361476,29.354133236786215,-85834.17707471226,-128729.73434074777,-236436.9981719599,-1575682.8126058506,-598983.66251406,11512.043609215658,-1799271.6202511848,-225010.50285812654,1573281.2135218915,-44313.94168770487,2381.6878163858914,325426.9108685313
129,7.395317202579953,78.65153649460382,25.187499315424347,-256669.27420378197,-639725.1937134074,-567583.3329665186,-1159424.3180825256,-397577.09109612793,-45354.697888717405,-1720914.7354206974,-508517.0669443887,765454.0014813782,-121344.25869941403,34362.51107850561,598607.9111900072
130,7.582517266313311,80.64275266555427,25.187488687036225,-145604.40880958943,41107.7126705687,-583269.2185427791,-1058123.046705937,-309397.9921830832,-58346.51520726643,-1217225.8473142756,-502994.73253477947,1032454.6651672551,-290699.2369125514,4919.673078183527,308804.4033423794
131,7.395336382782506,78.6515486455955,26.562493435330172,-258938.97803158095,-721666.4560351333,-609557.3572721006,-1335420.8478064665,-608896.5261168713,-14673.964311139176,-2012632.6107231928,-539804.3472801028,962274.1666644808,-94224.6833976539,-11774.38020052777,623411.7490921475
132,7.582532216814334,80.64276407483435,26.562477653910072,-132536.32795717864,-53668.16445443139,-502877.15487764415,-1240641.477797796,-533613.7341994509,-71947.22801174631,-1518113.8568562197,-386494.91047405306,1215527.1200410184,-172042.75308362878,-3388.0193451767277,290720.06992261414
133,7.391697486081166,78.61266961623797,27.9374874904332,-192199.6067932162,-674715.974730477,-484386.21228172455,-1602293.576774749,-656794.0361813522,8137.787802292953,-2199944.1639480526,-448759.49528459884,1297401.8654272335,-61608.03706803166,-14538.344614665462,640785.7694211367
134,7.586200250743353,80.68166681448494,27.937469909585904,-109062.60515329207,-90517.74031617853,-376068.48615455185,-1523233.390036743,-633796.1798769321,-64546.32531008566,-1799760.931632428,-289431.2112009515,1513543.311209357,-96215.30634785807,-5177.946772956324,307425.14230319567
135,7.380010581519207,78.48822988292572,29.312482094340485,-146568.4562188135,-706904.5508567402,-357457.6625304443,-1844037.1540659498,-675844.0292541552,56380.6727283361,-2405824.153381576,-368972.20880753326,1563865.6925831116,-29774.8160050159,-5930.48932297885,694186.316795498
136,7.59791071603881,80.80612880204464,29.312463709787824,-83995.67645378853,-84015.01095480236,-237011.35599650556,-1776966.9990257001,-695685.5533969621,9344.14936417426,-1999883.4053499775,-222941.3094338431,1817802.6713787247,-43461.33346915532,3913.1801040211267,336087.76271031273
137,7.72407545154265,78.62063522728106,24.895832822110116,-263577.3460339654,-640272.4196928377,-570075.2349961201,-1240895.660042805,-434696.4250120128,-44119.88967226294,-1812448.185373583,-510296.84363602207,848820.0282866814,-120467.31095754725,34627.14697890559,593443.4399088615
138,7.917494937921397,80.61124709221843,24.89582137272451,-142156.27964637638,65546.26542576775,-581725.8623925903,-1091435.521425216,-327031.99119091977,-51381.66190069119,-1238949.7894773567,-503733.29844177957,1084347.2113059368,-296004.333727439,5302.441774052244,304504.70095603296
139,7.724096370359016,78.62064898037897,26.35416012962015,-269165.15737489815,-727723.4868187681,-630160.8043057524,-1437226.3148970585,-675073.6753960238,-11873.938184064926,-2141058.0838227677,-557204.4127342334,1071213.0480575822,-99646.67011112571,-14187.489700387981,627667.4296886554
140,7.917511215817275,80.6112601318696,26.354142874306298,-130345.22905390411,-24896.854829282544,-509270.1970661771,-1289778.1866893787,-569149.8494375264,-65187.100077763345,-1562180.3682419183,-392911.67963577056,1290579.7669283252,-182805.70937884072,-4060.775811807872,287664.6256455827
141,7.720849662142891,78.58696668107103,27.812486864764505,-197552.18608418017,-666250.3904697848,-497879.3807261565,-1733347.0912167302,-732711.7514083829,12771.904998501994,-2346605.621439025,-462066.4843622792,1446990.1485211824,-66900.30865488474,-16471.671001247316,646742.029888578
142,7.92079012702826,80.64496993702349,27.81246763738015,-105774.15501803471,-56312.67352778245,-373692.82244179,-1590664.0516901512,-674059.4532382393,-59337.202888299274,-1857895.3116809945,-288787.96405735106,1610903.6247507385,-102869.94878465986,-6687.891098259846,303678.2940668196
143,7.7087757598043405,78.46256651002466,29.270814332643653,-144783.53219424363,-689579.1977502541,-354644.26983833633,-2025028.0781657028,-762419.5726523002,62384.64440449352,-2591566.4581917995,-369766.34983302123,1772325.8082419864,-31735.597158847235,-8363.19959147138,695246.2845003951
144,7.932890358080049,80.76939605837956,29.270794129955355,-79630.13061548374,-45509.76637585595,-234366.97196283945,-1869168.0801733765,-742002.9623494307,9118.922214302847,-2081768.6980641861,-219463.33942595753,1941725.1685359646,-47083.73400884027,1799.6212368519632,330842.9369265649
145,8.049517545775277,78.58798280444732,24.604166532735626,-269320.5643609727,-625293.6251159136,-565707.5665341339,-1290928.5832841927,-463978.6252013782,-36432.35008436073,-1860703.7663517431,-509520.0372432431,909902.0475839657,-119978.71914529148,34559.25189800456,593034.3913825179
146,8.25537337984061,80.57734690943303,24.604154185718635,-144472.30923077007,95733.87434099521,-586811.1439447307,-1138809.4431441883,-357750.03448763845,-47861.80038139255,-1281902.2519225103,-506447.3259718959,1152799.9990599006,-301388.3074876716,5446.440479148876,303025.4388329005
147,8.049540320301865,78.58799818536689,26.14582657232218,-276777.9915494926,-710701.8979643134,-638239.8900859671,-1507954.1456342002,-730479.1379453414,-6396.911299233332,-2221558.0410973937,-565606.9106483986,1161445.1721460198,-102418.63284899222,-16441.575469969,632611.0874563375
148,8.25539100329766,80.57736165088329,26.145807740934032,-133875.82081179612,11313.245656208921,-517957.42009391065,-1361084.0730312595,-622784.8622321918,-62985.87217350365,-1636159.9150698802,-397282.83822558296,1392922.7580459649,-189740.61016483264,-4124.1583787412765,287588.0263232454
149,8.046620963598318,78.5595195843599,27.68748625893153,-201574.21737865152,-633428.9876843699,-503251.7647186398,-1825733.6107582327,-794881.5607355173,18325.10247261894,-2438169.862779341,-468987.98025843303,1568902.873256113,-71179.6859828472,-17614.19699611837,656245.5691660626
150,8.258345595504638,80.60587178051051,27.687465296296924,-108606.2523665413,-11254.269607969138,-373844.9106836382,-1686679.6542894922,-733079.9687289452,-57821.01307361029,-1949375.597654409,-287892.363994823,1743562.5289910831,-108285.35894533344,-7179.635464674246,304150.8559801399
151,8.033771483927113,78.43519924140796,29.229146817697398,-140212.01370432228,-640581.2567563016,-343771.754047493,-2157198.9594501946,-832788.2712748542,68020.04574384258,-2707726.627110686,-363092.2522362807,1946253.8548388495,-32468.54529147887,-9002.473592999935,703148.0236093053
152,8.271224008053705,80.73022197894524,29.229124702010672,-80519.03593274427,9187.540839120164,-231464.20842616112,-2000197.2310892148,-810540.6602086712,6688.406796539177,-2203410.758935672,-214719.37296736048,2115334.428383248,-49138.58406389258,1346.866024712078,331804.95974859607
153,8.377862090716388,78.55295550525729,24.312499963885145,-266155.8448774662,-607411.2853153001,-555005.7837374882,-1316485.169049545,-483065.62238189887,-23322.620371368048,-1875406.405293678,-506274.5022805798,953107.9936440034,-120179.47729977244,34377.28061330769,596536.8051174518
154,8.589933528500373,80.54167627851743,24.31248674245247,-144092.03136341227,125313.68174145138,-594799.9754333317,-1207743.2613039657,-396552.27565766545,-46939.48994703699,-1348092.486461993,-510052.95028414275,1244567.1116908432,-307072.2753512546,5660.647389088663,302764.6011728147
155,8.377886835642693,78.55297259270512,25.937493250433032,-273255.07204460044,-686841.0886094208,-636066.4057037737,-1553613.4692008563,-771024.1136611577,3535.6087493621612,-2262839.4765743394,-567976.9535947697,1234653.8638113146,-103927.51809552734,-18415.488346409136,639987.3429383403
156,8.589952522322003,80.54169279830558,25.937472835675685,-134362.39436052213,43813.97588951676,-529531.6247702134,-1461787.6572992827,-692462.7481821931,-62791.56696939549,-1745409.1022941761,-402032.87542947975,1527361.934482437,-194668.42266947054,-3583.931494153293,290715.5864672312
157,8.375424534106548,78.52968519016898,27.56248564752834,-194367.89779093047,-596408.29674224,-501657.55140669347,-1887000.5332939778,-839231.9187238936,27125.140274485235,-2486309.676936803,-471324.72566059616,1665200.6566575358,-74172.44710769023,-17832.046079587388,669668.7171571932
158,8.592453225065933,80.56501611469962,27.562462946755463,-107401.09761161476,28988.952671772102,-376341.0976634979,-1819820.9930956976,-810233.4342137676,-57227.14114170043,-2083515.6938397805,-287784.8213561054,1916547.2725925453,-112028.02043645737,-6566.455882943873,308960.4498498698
159,8.362188311653238,78.40540723012309,29.187479035997097,-123958.30711203435,-588822.3857588276,-328687.3670812687,-2247787.8129613474,-881731.2333982486,76057.45704204396,-2771121.1556704016,-353106.1242582843,2082759.2199765565,-31873.01745863228,-7891.365951691912,718219.4415638489
160,8.605721103237972,80.68932829334233,29.187455003854467,-77103.74980945946,57813.08212288817,-230161.29708926324,-2181895.570068165,-900712.5813013195,4725.906589652696,-2381482.691434814,-211085.21572561146,2343115.9423845913,-49531.474441539176,2468.4311220985246,338975.0782357163
161,8.706208498427676,78.51794776106814,24.020833376221752,-273968.8318973152,-608878.2960369436,-560826.3221061329,-1388338.5370223061,-526549.0333583333,-18368.19953318248,-1960991.569648501,-513082.8810236564,1030401.0006317658,-121988.23940635425,33174.77291402825,595703.6986858071
162,8.9244913783118,80.50598646587638,24.020819265206654,-141651.4212938079,146918.73461127412,-595179.9203142737,-1227946.7579362728,-416245.2484634258,-38652.898492945016,-1360856.413925692,-512302.23537809605,1283246.0423069801,-314323.5311506073,4537.52157593886,296852.2397890843
163,8.70623530541354,78.51796664401144,25.7291599096354,-281517.3203117758,-682782.3999879634,-650232.5684344422,-1658230.0022968743,-849052.3116830405,6442.757216486773,-2393427.93072165,-579501.5805578522,1358397.2225453209,-106191.24927415763,-21632.4437479993,640997.9440702414
164,8.92451177047649,80.5060048636501,25.729137874101063,-131411.82367678056,72509.16333370307,-530579.0914973642,-1505976.7116601581,-731813.7782011566,-56688.131654348224,-1786809.114923407,-403339.1155437144,1600666.47862668,-200749.91864858163,-4576.9018782914745,287476.4520869985
165,8.704278886520022,78.49986569122844,27.437485015833907,-197668.0167587101,-575009.9519879726,-512020.5337386266,-2024385.2951040945,-924285.399053631,30267.213865524067,-2636234.041264998,-480850.33794573677,1832385.8767254264,-78248.50937379585,-19767.91410593299,674111.2752707538
166,8.926510135772782,80.52414625503901,27.437460539156458,-102723.57818913276,66970.83180617029,-371145.7791137273,-1881197.6756456967,-851757.2750958168,-52095.06908609879,-2134499.5907133063,-284810.2120897534,2012411.27730637,-117707.3919606953,-7691.986764413829,305936.7568201487
167,8.690656366663164,78.37563265296019,29.145811230973003,-117887.92697944763,-553613.6722276863,-321615.97791967023,-2441497.1305788276,-977675.7757918453,81629.23689187525,-2961861.4867928554,-349806.7677916013,2318550.6774576525,-34263.333803682865,-9500.138709031884,720090.6758560995
168,8.940167394974814,80.64841821542845,29.145785231621094,-71833.71922656945,102522.27430586412,-226663.12833092303,-2269587.2251717974,-948081.1368966438,4176.925170082193,-2456870.5519970893,-206491.00962453245,2467386.9883699934,-53217.339553993945,927.7583960413192,334933.1073841331
169,9.031216486699186,78.48123027245096,23.729167049026294,-280400.1412637944,-592906.0721267782,-557890.590724004,-1425770.7865445178,-558022.2907364679,-8952.098450478976,-1998249.835433215,-515288.0721549216,1082341.1034735593,-124091.39912652934,31890.036863293666,595986.2817277318
170,9.261919481328265,80.46786598266708,23.72915200127893,-144139.12159770718,179851.42058005743,-599873.022849441,-1264649.722823158,-449006.95202336484,-34050.210334739844,-1394178.7296352678,-514771.11917078035,1344789.1249389579,-321272.5470438786,3828.9746332079835,292664.5105558366
171,9.03124544738974,78.48125103652139,25.52082633924672,-288171.6167294557,-656771.8819331507,-653940.2543165025,-1725839.2710652056,-910632.0873446688,12128.747730071611,-2469458.0621624882,-584687.1824055264,1455261.4915889057,-108112.39212954899,-24260.290406316177,645017.974401983
172,9.261941314515175,80.46788637984113,25.520802606328875,-134363.94529495988,113678.84229679257,-535536.8961235278,-1574215.2043448873,-790905.6457881051,-55000.93921051355,-1858780.4973559882,-404136.01630375127,1706694.514538044,-205765.53406212412,-4954.987591613025,287042.26685362146
173,9.029778870972809,78.46833853525578,27.312484399268577,-201166.21859473988,-530355.3588981642,-513871.2353893927,-2118605.8889515433,-991266.2337428218,34450.213469923256,-2726447.9450296946,-484237.86120687437,1965292.9933542723,-81221.58832775296,-20745.65219908964,682651.3002931469
174,9.263453534625267,80.48084401114072,27.312458071207992,-104585.41743285581,119931.11575259942,-367717.92037374724,-1974497.012364832,-915184.2893885034,-50800.8880952391,-2221669.6952015967,-280906.3271972825,2150203.800344876,-121943.33021570445,-7720.77135178672,307387.7475881694
175,9.0153821147834,78.34419556711855,29.1041436896947,-111212.12296063057,-488828.88991641684,-306967.45488999516,-2578176.2068030746,-1052715.4700243112,86246.12022764463,-3076183.654019476,-339362.21032637457,2508537.396578808,-35203.86850360834,-9505.61140265707,728559.2137576363
176,9.277888102363752,80.60503083248248,29.10411562528829,-72331.28879311822,168309.51665325742,-221984.2894832797,-2402758.4165035076,-1022334.4665811793,1114.6644386544556,-2578215.861286139,-199694.43380087253,2651904.2334638718,-55139.97230328989,935.7980197581488,337203.8682220875
177,9.359096904478625,78.44210109516854,23.437500480399315,-277336.6171114505,-574131.6783312119,-547482.8692391233,-1436890.4233714468,-576641.4204412623,5427.939659962952,-1998919.3955718842,-513962.54880281974,1113930.779692918,-126559.30536006746,30518.130489847434,598080.9087469861
178,9.59600726179737,80.42801598860214,23.437484532471338,-142896.06681465125,214115.96819565483,-606281.2016938853,-1325324.0244297055,-491126.7040707929,-31556.2229247056,-1451770.2347102356,-517195.98984001286,1433904.9242373663,-327761.11784490495,3497.2239708825646,289312.5011758632
179,9.359128134751796,78.44212385446764,25.312493031867835,-283573.03750981705,-627763.303525721,-648861.8003066401,-1763853.7413495253,-952194.4549023866,22762.779667173163,-2501515.9446874205,-585666.1746405347,1526983.9779857765,-110006.67062553958,-26297.602010014507,652057.5614032976
180,9.596030591592834,80.42803848156352,25.31246761077901,-133325.3963231836,152769.5430254129,-544450.9171420925,-1674830.4035454101,-868462.2831151163,-54612.36433561469,-1968532.321389348,-406304.3199644225,1849829.8709139077,-210233.7996938382,-4663.324715672092,289337.4489498809
181,9.358232259018356,78.43439122283077,27.187483783680307,-193338.24148605426,-486477.1252433256,-509570.68456198805,-2177904.759304292,-1036127.0026700367,42727.89480286039,-2769935.8198094135,-484361.6676332338,2064911.4361512796,-83238.79249452137,-20623.184590322,695953.1070507239
182,9.596975736418877,80.43582149780367,27.187455610902752,-101159.6836147292,168641.61018361198,-366824.5692518648,-2108426.2359795156,-999984.0144373574,-49846.562105651596,-2355007.603077882,-277947.232566224,2333612.1929611242,-124878.17849402738,-6734.800056046602,313007.0600928882
183,9.343449494424245,78.31029615311408,29.062475898777823,-92861.1360986789,-428747.00996559917,-289237.23324759735,-2665947.548079287,-1101796.7491343827,93649.50531823863,-3132760.884812657,-326703.8465746821,2648619.3520754627,-34509.5781742796,-7890.98494009227,744271.7362573496
184,9.611799406773425,80.5599660916354,29.062445764996035,-66927.4759597877,228116.82228839467,-218455.73923514786,-2593713.699542396,-1122966.0081029378,-933.776438645378,-2763239.65378175,-193688.6777816674,2899661.938656877,-55179.13971011248,2336.5425011568127,345665.4358149518
185,9.686979647321191,78.4029914153499,23.145833913206296,-284704.9946649232,-571741.3329923658,-552668.128958523,-1499163.7173078074,-623392.2062419171,12053.720583989916,-2074573.9932879389,-521852.48869231605,1187312.0253644432,-130258.38712921097,28407.69635568496,595535.2946241832
186,9.930092702363877,80.38814676090655,23.14581706039102,-140392.96847743524,236748.88465025692,-604936.9450652684,-1332680.9440560713,-509450.4701478686,-22005.843224475993,-1451744.8882736426,-518744.21574737097,1461908.0751285674,-335184.61735858995,2144.1126928422673,280769.7286956694
187,9.687013255952419,78.4030162776929,25.10415972295599,-290420.41347076755,-615977.8003262246,-660765.4753665074,-1868569.755194261,-1038337.3432923129,26373.540817280133,-2632083.793719048,-595874.3469816997,1660794.4515372482,-113033.19081115031,-29289.80019750172,652694.5535400548
188,9.930117591220244,80.38817146181536,25.104132585396357,-129938.37047516936,183246.32785773452,-543925.9597910225,-1710045.4706105264,-907214.9329483468,-48193.939827794675,-2001090.2652793983,-406750.82464338746,1917223.0875143283,-216640.6291619932,-5790.077002811812,285189.731561163
189,9.686736678136075,78.40045805841052,27.062483155055816,-194811.2416195143,-452768.8464338269,-516467.56550858024,-2324810.897288728,-1130076.0403044051,45801.834725799694,-2925944.7629751964,-490952.8762454579,2252849.985658733,-86579.5480962012,-22138.830091098538,700617.7640996622
190,9.930447354354932,80.39078566031927,27.062453099252725,-95585.7503328743,207379.16075015874,-359959.13108813955,-2158331.9955078745,-1040873.1014798699,-44316.569264888225,-2394794.7818092518,-273945.4048271904,2420574.4659655867,-130054.60945606696,-7590.157657356136,310893.23713331355
191,9.671568362983457,78.276413323351,29.020808098041236,-83231.89204981903,-377372.1391013071,-277761.7880308196,-2875341.985794728,-1209622.6074065578,98472.2095866022,-3333651.4790640716,-318904.91222756024,2914190.572109687,-36782.437677687325,-9422.547991512001,745742.7181725686
192,9.945660052588776,80.51488584579535,29.020775838347834,-62073.720334225494,273003.55819484254,-214980.71466239297,-2672691.811818142,-1169788.593314524,-1472.3038192434053,-2831073.7103253743,-189138.18259962247,3016161.0161232213,-58467.84849053216,815.9016051713037,342893.4863255928
193,10.011502920463904,78.3622144312668,22.8541676173297,-291094.23162286915,-551390.0175042035,-548355.5607382915,-1524712.4944470476,-655225.7865055877,22898.42744603453,-2098521.221243864,-524922.4984995798,1232603.9098780805,-134452.28685061572,26261.864318080126,593536.2939320325
194,10.267017846982057,80.34581156389271,22.854149827631673,-142526.7931371852,274016.1866506105,-606778.8601362727,-1358243.894787344,-542509.9482375227,-15881.262033290026,-1473015.9898934357,-519681.1901711371,1517407.7134417251,-342124.1416961207,1193.9123368617709,273252.50616857543
195,10.011539032945711,78.36224149359485,24.89582619837412,-296531.93435525196,-582939.5876634349,-662134.117454641,-1931419.8849295971,-1102681.4425558362,32102.230739816277,-2702199.9269904876,-599837.747402787,1760432.0349199455,-116122.82820005981,-31591.327873786955,655693.5966174375
196,10.26704438442678,80.34583860745576,24.895797277948212,-132575.27499547502,230092.18047902972,-547451.6431919293,-1772625.742882456,-969320.2918980466,-46289.21734620917,-2067600.6653461389,-406625.996234116,2024291.9238718802,-222526.18866020124,-6238.6997618065925,284005.99222357
197,10.011573425733303,78.36227185467848,26.937482594277068,-212635.365668575,-401890.66529900394,-518283.87768674246,-2429948.4846724696,-1205338.8053750368,46635.02938177186,-3034283.023115702,-494947.8509857749,2396420.965447155,-89277.58389728206,-22914.31764050954,708589.7385611752
198,10.267067278393395,80.34586994288188,26.93745049506474,-84820.60527092661,267658.62840613397,-353438.4159679077,-2250389.8278984814,-1110848.9358037065,-41105.78990174963,-2474635.7645375067,-266696.7973076789,2570732.169012486,-134426.2037635192,-8082.834608008641,311462.10843950475
199,9.995632259552448,78.23832736861876,28.97914061832614,-94396.3888000873,-304775.65791957505,-266189.0967752447,-3026406.662649227,-1296461.178024974,97812.21477907928,-3472371.9858198687,-310359.44795297907,3117370.2902779416,-38113.04085351803,-10171.62417101666,751656.6502113312
200,10.283056318152356,80.46987594776215,28.979106049571698,-48303.375767228805,348554.2952887601,-204013.75919587645,-2809594.740496113,-1251054.5030866775,-1291.3909544780995,-2946728.189365187,-177096.45659384533,3220061.8062846866,-59795.940080347806,525.9221201004966,346107.15327249654
201,10.338868051795302,78.31899045168169,22.562501078183793,-288240.9718675733,-530038.3311183351,-536074.1173304599,-1522291.8841786098,-670879.7300737288,39316.06489729267,-2083596.9758155849,-524793.8736701375,1254037.429169354,-139529.59115045393,24305.978571878986,592576.8438622425
202,10.600581105744945,80.30178904127624,22.56248241760831,-140116.1543659104,314591.7747369049,-609487.6391189701,-1408859.0914222025,-585560.2045980748,-10945.83396440821,-1517980.0014057823,-520394.43891454616,1603362.4215723528,-348689.80781634944,643.0466751500443,265855.3569107353
203,10.33890684384877,78.31901984874992,24.687492944352744,-291099.4998991247,-550148.5299737998,-654913.4583884105,-1960943.0711609186,-1141505.4152033655,43050.62852834479,-2723461.430017229,-600086.1255042618,1827386.0672601552,-119385.85866224192,-33012.02600972495,661591.6862099604
204,10.600609402379572,80.30181853623131,24.68746226886889,-130307.02608204905,276037.2102420762,-555296.2542617988,-1871242.5444313013,-1053319.4560975723,-44970.36091074355,-2175639.667631052,-408226.1863113511,2174299.7838406307,-228372.18743068218,-6070.136733690325,285273.17545307544
205,10.338943889385442,78.31905325360798,26.81248208257695,-205028.87155181094,-354925.0219297096,-510587.4694637724,-2496277.7373513454,-1256053.700745802,55357.26910979643,-3085390.350641812,-493165.7354754417,2508014.7231719615,-92304.59616483399,-23321.908205362735,717924.8981386053
206,10.60063393557098,80.30185306132543,26.812447867864975,-80492.10945850179,321924.1045357481,-354465.67943463626,-2397737.2826878927,-1210824.7604355358,-41520.028705267214,-2625372.585084505,-263893.80822382396,2776232.7089509396,-137368.2402630767,-7807.669732822076,316412.4904014515
207,10.322617615768362,78.19516186731016,28.937472937707135,-80417.0499573437,-242687.9895786407,-251409.2604283616,-3122218.0998326405,-1354798.158458274,102563.53543362314,-3542763.2338518994,-299220.0264609442,3267468.9603484967,-38125.593500840536,-9823.30507886732,763113.8128160989
208,10.617011620041785,80.42581255967534,28.937435981501604,-40376.46246251186,417102.28067155706,-195528.10850715172,-3021470.2106268248,-1367751.1336541194,-1577.3748696470313,-3151539.7721003024,-167768.5340734309,3500506.0158756273,-59458.99283512914,1281.9876039595235,354804.42505246383
209,10.66314110516373,78.27622361021665,22.270834504289287,-298189.1474160177,-523860.95027754275,-543106.5100933729,-1598165.5813524555,-732331.2467108849,45957.79513938487,-2177337.340647848,-535398.8465452266,1347579.5794061415,-146068.1853002666,22639.86547099441,584996.5182305797
210,10.937235721373808,80.25730924807138,22.270814995321786,-135638.2333482549,339436.85819172196,-600070.6482587499,-1373601.555417485,-585366.7754927746,4301.655414486939,-1467012.2206698519,-519912.03227762383,1590652.2295321927,-356863.2373228773,-902.8926974370423,251934.30121798225
211,10.663182751443008,78.27625545647874,24.479159690878678,-298256.06868632894,-525005.6045466027,-669723.541688733,-2097689.277859472,-1259650.7648378194,43997.41304884647,-2894046.9487127475,-609819.2225121422,2010880.956303224,-124051.10646896834,-35953.85143314655,657394.4754656286
212,10.937265912772386,80.25734136333487,24.4791272143849,-123762.13068964533,311159.2281610059,-548270.5278703147,-1858545.7978166018,-1067004.1219514066,-34637.52756322806,-2148973.4571904577,-406676.7072677889,2194776.7340592924,-237154.41323138025,-7974.87422640092,277815.3607458915
213,10.66322252281677,78.2762920836144,26.687481566336942,-205383.19668356096,-298839.2229144982,-514663.51720740134,-2701067.0944812098,-1395551.5491652305,56411.52991998266,-3303737.453951463,-495321.31502865907,2780172.8321746616,-97617.98070264459,-26556.876708190583,713362.3061076251
214,10.937292165903608,80.25737930157128,26.687445156178832,-72306.0038199858,366259.76147454395,-345219.9969665382,-2404123.4494707375,-1232194.1688543286,-35545.2679078557,-2614057.5079025035,-258093.89340778184,2820885.161998305,-143459.4136428654,-10333.20272316744,310216.3982593573
215,10.646124959901032,78.15251121337934,28.895805244514197,-71491.19375305458,-157294.32685260387,-237928.18552324027,-3419208.845952771,-1520297.4571662867,103615.5223913923,-3832246.088625614,-287387.0336156509,3652919.4161123657,-42913.50757820891,-14313.791434693803,752249.4355458936
216,10.954445063583899,80.3812352899321,28.895765810406168,-32247.65593734852,470544.6691911563,-185571.27629048945,-3038245.815733671,-1387146.5014070466,151.93556535265603,-3145010.925547091,-159049.06632390543,3556785.7288343143,-64536.94988140354,-2409.769503018794,346373.7653911399
217,11.14867545261825,78.20591683113703,21.979167908946,-123248.59696135158,-283793.98132732586,-318980.85254543426,-788054.1125917456,-288476.5362691948,160069.97973986453,-1013639.0045971184,-398591.24682621483,686206.8205892215,-156543.78229103697,22509.806953541807,598963.2129116167
218,11.44133332316983,80.18437490238395,21.979146358219616,-120644.3995418361,117742.94276465391,-539961.3356186482,-705407.9118868043,-231377.71922339546,75530.59915029022,-761723.5403786253,-534574.9191666134,753435.6671494081,-377888.38386207074,-2212.7591596714974,244223.97911787336
219,11.148720878977263,78.20595259323595,24.27082578202124,-96183.03237280984,-285478.24500596826,-419484.08211779664,-1035634.4309924626,-536156.7747738592,141459.97092081467,-1340717.5075632392,-466301.8225520272,1005873.9706186916,-131140.54648246575,-38225.65955459621,665090.0840406378
220,11.44136591286217,80.18441126864758,24.27079013964409,-89952.98268832566,107240.42987680383,-447530.2810885314,-955801.7532236072,-465978.8363776034,24108.86804189283,-1099354.6449891876,-390008.9528110846,1059120.763900219,-240556.02971368897,-7010.821152148301,283267.1607316159
221,11.148764050647628,78.20599385612114,26.562480541789302,-29082.980533187114,-176705.31705965195,-348770.9080048084,-1328008.5469515403,-598413.4088017374,128693.00513902138,-1541857.4102842612,-391094.6417234958,1378392.8464101094,-102473.0001045015,-27293.19189584719,724706.6617049107
222,11.441394293191095,80.1844541307654,26.562440720252656,-48949.08952124145,137262.1922486638,-295635.59742635186,-1232649.7796122825,-548068.9974054198,4488.85267958751,-1332121.7154395909,-256487.72339528738,1381286.944135948,-144419.19419280533,-9077.797307025012,322894.3244171588
223,11.130509312905833,78.08238197587144,28.85413728923028,86758.59805218375,-89611.4293093521,-152467.62180456799,-1671241.976784298,-668888.6890965725,133364.4548984386,-1775963.3862529087,-211444.58611183168,1832087.5193030043,-41926.69295290363,-12362.030122086946,773803.9655197363
224,11.459709106745835,80.30815093712405,28.85409406192861,-51595.34875259144,180925.67856879657,-219320.6346164709,-1593609.193162284,-642006.8333302772,-1.9652269925855401,-1671105.784133652,-195461.065895412,1776576.5452287984,-63287.13788273668,-1031.8644625355255,362154.82218757505
225,11.804753226608806,78.10675623397897,21.68750090502576,-129059.19223059443,-283310.61654984724,-337336.87433812127,-835512.3142347691,-323956.6407048984,174674.55137178343,-1067698.4778763803,-427202.7802443206,745194.5750021377,-171687.66754534372,26623.703420525544,632176.1729223346
226,12.103591376570087,80.08429995270916,21.687476321993085,-132805.19401738577,145087.73277543398,-584216.2533043515,-763733.1563418423,-270802.08900987037,84017.05342424707,-828895.6997126174,-574112.5705885602,831074.5557548744,-414672.2175862892,-2857.953603985554,243501.16295934736
227,11.804803242470772,78.1067978425065,24.062491682333345,-102918.23577914626,-264642.28233938105,-433850.7303827579,-1109150.849346394,-595113.8674972225,149788.53193740253,-1423042.29848882,-484237.19182923576,1105868.2418167708,-139656.7485725503,-41840.304012752305,675140.8701165722
228,12.10362687630742,80.08434248203412,24.062451583808656,-96735.68279613135,138302.53365404473,-462053.81680757506,-1047624.0976888265,-535709.979573667,22717.815820143023,-1206345.1223005985,-396994.6841507091,1182852.8405016458,-243528.8870635882,-6612.581335792873,286088.5963227582
229,11.804850613414512,78.10684540524542,26.437478952160035,-30604.759896162377,-142413.5666112603,-354291.6011656335,-1430554.8624449933,-658687.6669018307,134806.05010019345,-1640969.3126662823,-399961.97035637376,1513621.3553496,-107824.97574348829,-28248.16582235201,738438.1900255065
230,12.103657839011994,80.08439189919932,26.437434567953712,-53860.82016260474,174128.59861406457,-302496.42636033957,-1358098.4379297476,-620748.6198311253,3540.362949352983,-1463079.6848062973,-260512.74023213302,1541363.7771295505,-146614.42837017376,-9528.923586494982,330814.61684474786
231,11.786213197928447,77.98329701996437,28.812468529421306,94933.40888602176,-44077.58335722512,-141618.98232800842,-1802601.964023351,-739124.4774105246,141118.83717158527,-1893065.323830288,-206629.34841300818,2008931.5154440845,-42691.867818281775,-12852.691449040296,789911.5189210653
232,12.122361060210492,80.2080381783077,28.812420257243556,-55391.17163222616,225711.47597440274,-222870.3324631572,-1763585.9354198396,-725929.9035371782,-1880.2400361337682,-1842129.8087360999,-196853.62592650947,1986433.4065416288,-63671.35293827515,-1277.4216917876463,374664.4876663424
233,12.460834000821599,78.00761496358739,21.39583408967928,-135732.9001136932,-278416.6187178788,-360412.0067664436,-904811.3130120869,-365292.59682378755,181479.00857486136,-1144535.4788047601,-454367.3348347015,824341.2880414458,-184585.2233253388,32852.51289142559,661107.2174738866
234,12.765846413575977,79.98420599842376,21.395806471351694,-142129.83844011684,170036.12431969866,-630308.0775482489,-808444.3404159765,-297533.528173695,88756.18775244517,-881327.7949132161,-612446.2791578542,891372.2824024032,-455595.36865425645,-2152.6698103353724,239030.47201555746
235,12.46088841211912,78.00766316071417,23.854157571899112,-114324.95443901327,-242380.6714565527,-453568.57284769195,-1206230.832214416,-672545.318599373,157671.56515615337,-1537266.5794673988,-506686.6167084442,1233678.9974325856,-149889.8375071242,-44279.76062846938,686125.5250211934
236,12.765884936178557,79.98425536091719,23.854112860174716,-100766.85203980467,169434.50384882133,-473937.18268550735,-1115314.9707193736,-590830.9401476376,22323.5930635561,-1283513.4902610353,-402729.9698879763,1280973.9292725213,-249129.509328312,-5830.711982794836,284305.6497316866
237,12.460940230628676,78.00771761923946,26.31247727663431,-37123.60758730408,-102867.28517453,-361985.4224104422,-1564927.2454702952,-739296.7469795066,139645.51746867658,-1777888.2189822712,-410434.92053161643,1686346.8243416112,-113395.79962728113,-28871.611407925866,748378.7761895161
238,12.76591867517781,79.98431194148087,26.312428166339675,-56357.26471828121,209631.92242917133,-306889.0451169494,-1452797.2006572173,-677441.9359185104,3780.5311145900555,-1558349.5820290144,-263378.69889483426,1668113.8935177894,-150474.4020758211,-10107.341941117915,332586.0256686444
239,12.441920735795541,77.88423578883472,28.77079970297007,98403.96561499608,9638.521815758639,-130233.18148863567,-1979477.6869249786,-834695.6302207495,148704.59329862575,-2059892.2574651511,-202171.4352142801,2239872.9986215504,-43630.40982399292,-13425.735299410711,800688.2874443328
240,12.785010127147904,80.10790576812454,28.7707461715112,-57478.89395512057,266700.48280153895,-225789.39476453705,-1891270.1690581385,-790991.2103115937,-3881.6035792532793,-1968061.4120777494,-197529.48160893604,2149023.087768567,-65984.67002825195,-2164.041772000172,379940.982859212
241,12.945460784148167,77.93130215314667,21.104167904599915,-344234.3085921734,-420022.9956321957,-629242.2067400641,-1961721.0371086767,-1080687.2810664645,73163.01134217657,-2625992.4314290974,-624455.1935988117,1856948.1140634762,-192156.65884475026,35882.29149506618,670288.5372823421
242,13.268983615503048,79.90491838183684,21.104138383745735,-156506.55141016876,620011.1252716812,-739551.3699133705,-1694029.9154974297,-896756.1110017339,19705.07908912321,-1818739.9942396933,-608267.901598827,2150961.0997866625,-480102.1934060911,-151.72702075986842,236581.16523019972
243,12.945518826840026,77.93135564955358,23.645823786971746,-326904.76033916214,-251495.1332531189,-731205.602584262,-2687367.86934187,-1843271.5038795564,55865.841917829144,-3592429.2612296217,-652887.671408918,2935711.4364619963,-156148.7017234272,-46031.1310272541,693787.5246165004
244,13.269024885846804,79.90497331361689,23.645775650459694,-131174.8313052192,641248.7040877377,-593000.2743950626,-2396611.6985544497,-1593677.5484472062,-49037.02631081477,-2769449.777276818,-399354.28441837186,3085877.6600826457,-259807.1509554657,-6990.407615403397,274808.6996637614
245,12.9455746432382,77.9314159978749,26.187476245821834,-205252.66786168597,121185.53082805435,-503966.41671590495,-3556451.0546609573,-2014374.0305277992,59195.63714493867,-4145293.0567112593,-481834.4213209617,4039093.924282684,-118029.8212148958,-30309.221847487956,751950.573971519
246,13.269061244696282,79.90503613596522,26.18742340852478,-71239.38038461405,761336.1340927648,-334679.8350700457,-3177189.7662631855,-1787086.7506240762,-50944.862772195695,-3387266.1588903316,-226386.57733137193,3969069.6548598083,-156080.94833533888,-12009.223200377148,327640.4345175523
247,12.925401759108274,77.8081262257244,28.729131752766023,-22215.075352954125,396539.16600491066,-129511.56988893703,-4562467.2825417295,-2234742.6778793563,114952.1543027942,-4861258.793445072,-199552.57522415987,5305623.889432251,-47241.34415351049,-16985.417854776344,795545.4558432539
248,13.289311821661897,80.02845030288323,28.729074031441947,-15768.705175992625,958837.8487439537,-132824.69999433728,-4079380.719164765,-2012664.8346349201,-15709.998890866531,-4123398.942466902,-97281.55072757433,5030924.9367681015,-70189.15613241296,-4594.042934729851,376629.48405354924
249,13.267889241651465,77.87633012335463,20.812501697091065,-327466.0734099274,-372320.503059866,-592875.6757514384,-1908161.4525766785,-1044438.6927609129,89073.0407653866,-2519518.332102824,-606516.6809812826,1833372.7608628739,-194876.33636851574,36123.62284260494,663398.2782996697
250,13.60374680560976,79.84792451698186,20.812471549050056,-144043.22342756062,707209.2967586687,-735301.8193546314,-1775370.5387274101,-957391.5987259804,20098.65825098084,-1878275.3331880493,-598838.2942090303,2304977.881373557,-488433.51765020017,2904.102460709756,233073.91716414315
251,13.26795039473822,77.87638738536133,23.43749081386747,-310154.4429862432,-198771.3588609436,-706407.6882642701,-2633634.570202041,-1828630.8543508425,73539.46555579214,-3496445.7939398726,-645292.0499258474,2926404.3537542624,-161665.17920307172,-44782.36036462849,707567.1437269639
252,13.603790532595145,79.84798339585886,23.437440671716516,-118678.09396131526,747197.0075258189,-598473.533654597,-2535903.0848686085,-1735198.3897698382,-47838.48575166477,-2916470.4061349244,-393797.81273602636,3340313.5987808565,-271133.428800771,-5924.243392015134,276526.91986150295
253,13.268009703972556,77.87645251097373,26.06247587718735,-188064.5607078821,187014.4667558169,-482767.96584914223,-3512395.0767298923,-2014301.9943698475,72944.29904917674,-4060271.4744935245,-472458.8942963334,4048912.3089886494,-121551.40161449759,-29596.95018513188,764242.3529937065
254,13.603829295481251,79.84805125602847,26.06242050704048,-53190.3870768972,887652.8650848053,-322852.21706110245,-3394370.8110907096,-1956437.0254523775,-52264.77081820722,-3595491.488875845,-208920.14479076111,4316021.894613411,-157103.06491091757,-10150.809083553424,336891.3710331574
255,13.247069140001091,77.75329400809035,28.68746417613848,2564.470383128617,481504.7920241031,-104807.02028385681,-4508352.551407971,-2229740.0753803537,122498.79347104098,-4753591.45671742,-181034.85553694933,5313888.554377745,-45648.65917117585,-14185.708353845339,815495.8840197027
256,13.624852798357837,79.97134425881504,28.687403581645942,11891.95636933652,1126416.8705841189,-102793.12510203646,-4405140.514415581,-2215907.3434888497,-15901.684179501102,-4413717.976601914,-66714.82628921965,5515948.504742553,-67830.22258194466,-1796.5948232699236,392344.0727656972
257,13.59033073837274,77.82143538803065,20.520835374633418,-330652.7003188809,-341676.19163112034,-590134.4438418982,-1998384.511124156,-1118408.0388262772,90288.14148204755,-2619719.3921754765,-604997.5175064123,1962253.573889989,-198104.01017809144,35035.20128279714,648857.8204121488
258,13.938496619055261,79.79085367662486,20.52080447960305,-138697.95892403217,722596.4065341256,-716705.3533596338,-1723085.50070859,-934032.5243502628,33124.24075547518,-1804476.9683641528,-593631.1198915023,2265301.182506115,-492172.4057115728,3740.258280038098,222357.93744839434
259,13.590395157119643,77.82149636868036,23.229157840474453,-309996.64825917926,-140253.5561372696,-715997.3887205046,-2787404.5234154076,-1983712.6139358513,74186.41219274684,-3686364.740519275,-648360.6275402943,3168477.7749426146,-167127.90513313847,-46617.59133118048,704705.5588384275
260,13.938542860422952,79.79091650025343,23.229105678964885,-112902.05255637047,778235.9539520058,-590070.8381903545,-2486269.447141179,-1722890.23439183,-34631.53347901738,-2846865.87379408,-395638.16457096767,3317767.101570329,-284755.7977902306,-7632.788216432026,267718.9049148371
261,13.590458003989449,77.8215664817346,25.93747549443903,-177881.31338953675,293678.9144802866,-476142.4554040564,-3745388.207417415,-2201169.373584818,74135.78643388693,-4300256.620589416,-463980.4799327755,4403892.246208885,-127395.3653621692,-32493.59729879428,758991.3703916599
262,13.938584136446938,79.79098961761585,25.93741755711353,-45308.59136732953,929157.4999425939,-310404.9498834601,-3354531.5259124036,-1955744.6256042097,-43887.06142769993,-3534381.37108257,-203548.44895302306,4311373.778727397,-162785.10174545273,-12098.624193700316,331283.7080674375
263,13.568751366424284,77.69854897050998,28.645796560760225,27571.1782314514,641368.8024403533,-74137.03223444038,-4861203.496955577,-2454002.0605503405,123677.06845655192,-5078276.525796825,-152962.37157379906,5826041.845807987,-50431.37059031218,-18321.074766469606,804186.6196310838
264,13.960379031869863,79.91415207862438,28.64573306133095,17635.657261468354,1174933.5615691307,-92722.65320716129,-4363136.5960353,-2207813.5171172647,-12878.509672923708,-4346512.175918398,-59708.714547470045,5506067.456089306,-73051.86908314477,-5242.568988055003,385107.5744426525
265,14.072887453806365,77.73297508324984,20.229169059197794,-164265.00198323594,-213461.75946745396,-345184.1717776079,-981453.5713456149,-429766.76111824205,200342.54171956057,-1207479.5711296645,-462153.8118835914,946722.4497849584,-201063.1536269787,33967.01624729262,652440.2231314718
266,14.439504995634802,79.69907172649003,20.22913582712455,-164793.11162532098,272997.59142696793,-664362.7010085614,-875917.8548955214,-359166.8816713945,98286.64588037012,-943668.9538819548,-639687.8767543876,1027198.6094294278,-503715.7518186242,2976.7790708201856,215475.9558107786
267,14.072956194928405,77.73304159058422,23.020824307893253,-144097.77470575707,-137072.7619341512,-469257.69916069787,-1355859.5363795236,-825896.0515487952,178152.01636187834,-1695014.6137688844,-538883.0241279184,1483469.402096197,-175441.46598164528,-48561.179724971465,708889.2900186782
268,14.439554351912728,79.69914051303245,23.02076848888195,-129082.0444963283,303594.37964387855,-507566.4809485793,-1255590.3046229477,-736458.5619807465,29706.04037337526,-1438777.46897249,-428103.2119048532,1533826.5350763141,-289626.4747088834,-6132.059767365994,274079.8692732199
269,14.073023424644763,77.73311859417312,25.81247468509803,-68303.95908720262,57219.79612738182,-361915.2548749735,-1803413.6605550419,-925831.6270865125,155505.39294329155,-2000653.4756804244,-426933.4056280112,2054587.4634736418,-133469.50673545717,-33016.91012136765,768974.0097152384
270,14.439598846470716,79.69922090329786,25.812412791389796,-82862.0840409363,373662.4860286407,-308746.8605294854,-1685071.1654713189,-852520.590492638,3320.554356225692,-1784154.5243405073,-263934.7636870078,2030142.8294857342,-164242.5235786362,-10702.402353032225,343438.00057891186
271,14.050167560278243,77.61031567172907,28.604128744449426,91008.9400180883,240300.91047509163,-88728.88122733352,-2324071.73732224,-1058094.844781598,158054.5071962321,-2344255.277441419,-176992.87628012977,2763829.122987395,-49839.3159517646,-15724.803793125478,826110.8823994861
272,14.462549608070171,79.82218318550994,28.604060829829734,-86485.10376662784,478568.47405916743,-213531.42048194195,-2245416.001870079,-998106.5710217684,-11595.963400397926,-2294721.0564451087,-183628.81474715692,2656901.8210028633,-71308.42364744273,-3219.194739619994,403292.1319250318
273,14.72478620524447,77.60928839023764,19.937502335584092,-169957.61309267848,-200698.0135535401,-354261.2828096008,-1028171.0602126677,-474392.9007911395,209567.85254421458,-1259462.1295193736,-480309.5807507022,1014854.8008142565,-208441.14140571147,35642.074877278144,671884.1728902046
274,15.097545400192894,79.57423983132301,19.93746553256807,-174613.1716985022,306003.3222535745,-698665.5056067619,-936883.5653052102,-412838.4294886094,104148.21585436743,-1019659.9555444192,-664957.3540479633,1117341.954540693,-530452.8952220322,1328.5784613009027,215265.37959776924
275,14.7248602772589,77.609362749353,22.8124906281928,-150954.97373625374,-105512.77651279652,-479963.7196963133,-1425775.7798665275,-891518.1545236045,184742.34542068056,-1774868.75239074,-552810.345398002,1591247.627843378,-182845.2304452262,-52563.894657447854,712447.83532533
276,15.097598496895682,79.57431687294462,22.812429608291758,-135117.85417325128,344491.22512199706,-517853.1964102312,-1349595.5750219873,-820293.8892951241,30066.569717661074,-1550138.8472630163,-433139.7775102215,1674798.799311753,-290828.98102561,-5853.0231260402525,279088.43706568505
277,14.724932904453008,77.60944877068309,25.687473362456647,-70131.09186956793,101182.54268939733,-365107.0651869604,-1897144.3714088025,-990989.5406165698,161861.31941574748,-2090900.0470861986,-434623.3851626253,2191467.817881693,-139638.2723115067,-33719.98757530838,780367.7377028951
278,15.097646930367214,79.57440659198474,25.687406203378497,-87344.8756409536,425093.10429989663,-312535.82844654797,-1812510.0967865388,-937936.5811599195,4652.581328592639,-1915429.4772244086,-267413.9771105466,2208055.8545473507,-167002.37212520308,-11041.738086871866,351643.3625897933
279,14.701698193731568,77.48672672364671,28.562460165274125,99862.49297835666,298012.5815594637,-75552.67223421739,-2444610.0553043843,-1134087.216970858,166211.55870270898,-2448854.123156764,-171282.45754445187,2942458.983004819,-51278.008974894125,-15790.072310166957,841485.3423753539
280,15.12098495560963,79.69730670138328,28.562386412349515,-89750.57800309695,542398.7248931034,-212869.9558779661,-2423374.1077365475,-1098363.0833133666,-11713.367314051124,-2470459.6488056537,-182779.1869534082,2893017.0267711026,-71355.0823441746,-2972.3304908694113,418448.8957663347
281,15.3766885783524,77.48562115145305,19.64583569191638,-176610.1504462553,-183898.44985776622,-369203.3129569424,-1095559.1791838645,-527932.7022660788,213374.42623968402,-1334913.323917773,-499015.1357306504,1104216.5463874592,-214386.82150222932,37637.73157192771,689359.1654015167
282,15.755582119664105,79.44938902974508,19.645795435216833,-182522.7405976489,329448.5836356015,-737514.0269701591,-976730.3542049777,-446951.3545912454,106407.47362589478,-1075263.8428725707,-691019.2239606971,1175694.8829010613,-564027.744790618,73.07916113492222,212091.36259241347
283,15.37676786118461,77.48570398763692,22.60415681899958,-162587.44397491284,-67386.04339544411,-494731.5932114184,-1523716.991006635,-984324.7776704794,191423.44057096768,-1892674.2530013814,-570560.0044633866,1738529.1768829932,-191904.2295211395,-55666.9740812372,715560.4719303596
284,15.755639034584654,79.44947488593618,22.60409047695408,-138973.82798983323,378987.84091725375,-525307.9772777286,-1411691.3645583005,-881996.0896506001,31257.877362254858,-1624210.8348151597,-436890.80486571626,1775807.6753305676,-293578.35604978714,-5326.5338858910345,279603.9138050137
285,15.376846199699289,77.48579953879558,25.56247187876167,-76227.5344841366,157552.53256319312,-369201.48621581733,-2032328.7436412547,-1085188.7074429805,166550.43984676807,-2228184.539140461,-442504.20848573046,2382812.25948943,-145408.0674191502,-34215.630664481585,787336.1412076942
286,15.755691594068809,79.44957447439748,25.562399318923262,-90229.20525995133,467067.2775139604,-314800.19180986646,-1898272.1560466283,-998563.7587956119,7131.058262855596,-2001336.5130805233,-270718.7981258766,2334093.1916505434,-171032.89563729794,-11607.58251460838,353779.5297192045
287,15.353233400359564,77.36316117752129,28.52079145169603,105346.64110696247,374077.1987420685,-59864.470678190235,-2625504.677862846,-1246436.6512533906,174009.09318920548,-2616021.8177412963,-164170.36110780787,3199751.5480199447,-52803.1925416837,-16048.93871131973,851387.6072578318
288,15.779416784363537,79.57241060634284,28.52071168369308,-92756.16697313558,591374.4100039864,-213712.56828247584,-2541436.907994335,-1167974.1734930035,-11962.922426594909,-2586136.536865633,-183255.16980457958,3054297.3814185876,-73420.36132924007,-3523.760378106259,426070.05990955734
289,15.85811308880918,77.3911935700413,19.35416959485221,-356085.60237892,-131819.66315092117,-623335.9429382394,-2347683.4940264933,-1525879.2650939357,101327.07954858849,-3040726.9816648928,-636136.2187215345,2565621.991918348,-218568.23303360975,36875.81382464919,692676.9068134988
290,16.25539306787015,79.3512947508749,19.35412731161409,-150692.06809313846,1030721.1564097666,-814537.2036419229,-2028072.039532463,-1304414.850711635,37161.74298461032,-2177473.9859875343,-628322.0167289067,2871287.8873911463,-584103.5414587276,659.9249350351483,212636.99130694004
291,15.858196638257889,77.39128301890021,22.39582325521025,-322966.37557997234,260524.3672197669,-737782.604297413,-3354084.253226249,-2652297.5823531956,81543.88365798225,-4365117.765758127,-655836.0965153138,4220729.249615824,-195337.25000552932,-57946.991299802976,719558.6801118946
292,16.255453323621996,79.35138760818634,22.395753043242493,-114381.01187370688,1184145.9719245732,-605364.9111730324,-2997081.403967456,-2325721.3155817483,-43443.18478295954,-3459938.0522195064,-372043.1359769212,4296381.237074262,-302360.09782207315,-7173.4189928739615,272973.4126466429
293,15.858280080269669,77.39138655758306,25.437471001240343,-166228.14891085005,853473.0700188086,-430529.07210034144,-4555309.274857101,-2902894.720396372,76845.44471807746,-5086568.516467486,-423513.0090205311,5766797.374495635,-150107.28995011668,-35582.25953790076,788321.8622115368
294,16.25550961561179,79.35149565710375,25.437394220623737,-37949.19757046795,1437885.790814979,-270582.92465844343,-4088676.880048056,-2582875.135336779,-52264.17217802743,-4260136.810277956,-155922.19388253227,5545412.672746556,-176349.84872724468,-13287.197040126619,349894.17475087236
295,15.833522929529186,77.26898550741326,28.479123584508848,96232.33265318233,1380765.6224222973,75252.5249238612,-5964223.716030964,-3263840.224001546,133416.6215449474,-6032384.963304793,-32159.80045225109,7616795.2437563855,-56861.96200494213,-19410.4688522702,845119.8291050361
296,16.280387195682632,79.47411115186095,28.479039074323886,39766.777715139906,1811086.838617718,-6166.24544075242,-5380914.828443129,-2918785.9119900446,-25842.588665412124,-5278365.493066639,25991.218804835276,7097061.645153908,-77460.55095683383,-5750.53649871924,424272.53663154074
297,16.178253499421324,77.32417172371382,19.062503456250234,-338109.68506223796,-91965.51136345003,-582474.3309719901,-2263066.7664905665,-1467539.4299814547,115800.9510130763,-2898629.814416035,-615557.6224158732,2501637.90943423,-218069.6594453965,33329.567568224724,684396.8937701756
298,16.58778379181959,79.28179007785891,19.06246064600015,-132446.35465789185,1132430.7594865814,-803987.1076206141,-2107832.8426068453,-1381791.5824425167,35756.281883735726,-2239263.2627600706,-609110.1690738947,3044370.72904204,-589711.1050857633,2531.08637782832,212583.11948553394
299,16.178340566711462,77.32426573295653,22.18749047178644,-307028.4439672198,303949.2267244598,-708627.8025966985,-3260418.378286566,-2607586.09215241,100042.89419680796,-4223971.47129549,-647880.3368342926,4160144.7882903246,-200715.39028731943,-57387.01036103067,729583.5678688792
300,16.587846869698822,79.28188777135679,22.187418057913867,-94000.97236273106,1324588.8649152452,-603324.981333511,-3145353.973410694,-2506985.2645335672,-41915.53249744057,-3623006.350991811,-357683.3998824172,4607952.662093231,-313306.6717171414,-6732.49922158103,274480.9405914753
301,16.178428430539032,77.32437566451121,25.312470779717575,-151291.04150596814,907197.7668189761,-409227.6038096377,-4460517.234224979,-2872569.935643629,91348.20881646517,-4950455.3084329795,-416475.4200005147,5713609.849936865,-154170.61100063275,-34999.2653556023,798495.0267033993
302,16.587906431508145,79.28200257902748,25.31239115076714,-9237.671941714594,1614673.521531756,-247433.4260209566,-4328791.832269405,-2797609.026684668,-52526.53480016423,-4485790.602182033,-128253.60521975676,5972046.630970873,-177198.43950355813,-11313.105605678958,359440.31144046923
303,16.152909695800993,77.20213655747168,28.43745609033767,117102.83869669342,1447212.3268146093,96465.02072739368,-5837689.829705733,-3219253.4322794583,141747.18806742667,-5854851.431464867,-18453.01445355139,7534084.632157112,-55710.54373232558,-16419.223776748517,864886.2700632508
304,16.613552485421756,79.40446994505841,28.43736835184833,82401.00819356728,2051684.5035512033,41334.13506189606,-5751574.91461783,-3177989.1941652526,-25150.5165733399,-5595337.000816085,72275.52698378627,7698481.12063897,-74787.7148804594,-2851.982773097977,440478.93558406335
305,16.501462305301896,77.25655779072311,18.770837251336726,-336103.5823245323,-58983.675840939686,-572036.2632198782,-2311445.9140009033,-1530847.2826582275,117897.04375529775,-2955127.0493687605,-608366.1627275405,2596369.6907109516,-217082.25393998108,27873.81800231408,669877.5610980759
306,16.91710567650435,79.21287740293562,18.77079371954921,-129360.3220385327,1133322.0938852252,-788840.6003583036,-2070715.2244104175,-1372085.6103878915,42897.177470656956,-2196577.264638431,-601769.0301560988,3013467.466282917,-588303.2016723559,2414.3538056684683,207967.9441868115
307,16.501552987816105,77.25665625013959,21.979157676027302,-303424.5381943461,363382.8761955352,-708508.4775630068,-3366977.5261590313,-2743841.435138546,104697.02416155739,-4362712.348267064,-647681.183498568,4361843.392203816,-205641.9817238732,-58800.39635997098,728490.1614419946
308,16.917171537085466,79.21297978583961,21.979083099911676,-91820.65113003628,1348391.6514579721,-600515.5515310281,-3121888.898138923,-2520731.4668034264,-31168.27200461619,-3598105.3568299827,-362337.5541478816,4616498.359774774,-325868.4571128209,-8039.007467647717,268549.1602923221
309,16.501645362674275,77.25677284113398,25.187470513772855,-139715.91456262715,1011865.3333966024,-397631.62937096396,-4638584.347930302,-3040388.209048979,95305.63063391089,-5135241.866776442,-407215.19906624674,6016974.855305703,-159584.9051551418,-36865.50640331742,795775.0757160478
310,16.917234472021207,79.21310154726578,25.18738806453321,-5268.142259568849,1651257.707271003,-239580.70550861425,-4329636.709855115,-2829870.5996021875,-45044.9353927024,-4482221.504226258,-127141.04298852234,6015771.406717602,-181621.8267825128,-12094.109827524868,358001.55231844843
311,16.475748830633467,77.13462196843189,28.39578853353135,142461.43216377246,1601399.1645036358,128046.0084247677,-6116978.886960281,-3420163.0614134,144737.00452700743,-6108683.385981098,8333.226989782224,7972256.764083493,-58816.03464344209,-18637.22940435532,861206.456770411
312,16.943265714817375,79.33549522239018,28.39569759574053,83883.998244002,2095521.398568565,49011.63543711847,-5771705.9644634845,-3209308.3496068926,-21750.122843295776,-5605860.844374807,75754.83562888071,7758523.040995611,-77845.96116603604,-4738.056580588094,439803.8998575504
313,16.821178856340428,77.18757629266072,18.479171274758592,-337167.6330551063,-15025.616314765153,-551976.8515217097,-2301872.923506113,-1561689.1132626517,122635.80378433556,-2938693.3187701916,-597991.9637792789,2632515.18165789,-216947.2398600291,22466.637771385547,656194.4577363015
314,17.249041327709758,79.14126002559023,18.479126889789637,-128361.07158499479,1173320.513412813,-774113.9981397274,-2062203.1672270957,-1405153.1711448526,44593.04304322347,-2192676.407876744,-585979.7104686912,3049501.5620335247,-584126.5970014745,1793.898210871291,202908.94677248455
315,16.821273305611395,77.18767912364667,21.770824683975924,-306988.10522370203,430789.76084679295,-698007.0443083161,-3400178.2936400906,-2820405.2032776885,107630.21520012824,-4404565.506897485,-642746.1645601164,4473106.282772377,-210059.81501679943,-60175.1071363243,728509.609521195
316,17.249110002792598,79.14136712687758,21.770747873796896,-94095.17422018538,1422826.5345442176,-596979.386884572,-3151764.1852619685,-2594498.245158599,-29024.349128312046,-3638066.413619858,-358538.47771077976,4728356.864770099,-336472.373174531,-9016.786508134088,265759.8475934686
317,16.82137028103078,77.18780252427916,25.06247030772093,-143234.28735465294,1115715.2926887427,-382996.5631684041,-4715474.063257569,-3142632.4012969234,96579.10637475725,-5207422.752520334,-398137.66916950373,6195044.863855522,-164828.80113350946,-37833.48880002606,797410.6526160608
318,17.249176467710647,79.14149608107637,25.062384968909114,-7949.185963397729,1752280.345695329,-226693.31881146692,-4404581.13110909,-2926925.392352499,-46181.343799262446,-4554897.2047886085,-116170.40613456453,6188705.451843636,-185400.0610301407,-12185.599861395527,360069.1448389987
319,16.794714690544694,77.06582356338897,28.35412125644206,147614.2256793654,1750665.2869875776,157004.19010124012,-6248635.450163351,-3539743.416282174,143084.20371234248,-6208402.189342171,32198.92010357239,8231486.972006781,-60893.53999385813,-19134.951110369093,864739.4442658788
320,17.27597455338291,79.26373250577237,28.35402704220544,82269.29742938571,2231234.6206233623,71719.65298869926,-5904301.078343415,-3321551.474058707,-25104.508708771413,-5716317.549072657,95725.64212505947,8005815.477989044,-78892.76600320447,-5058.62959020687,445117.35805274756
321,17.143512468551982,77.11590877759141,18.18750502953531,-330575.00522896275,8068.700973260915,-526869.1025035433,-2248264.0251013176,-1557458.4654649966,135644.14441292975,-2868522.743963731,-590046.5888552843,2609193.9260597704,-219505.76072593342,18063.005942024945,642947.777789828
322,17.577480374210012,79.06825544801737,18.18745985034598,-117771.00647255965,1228089.408655438,-760959.2773696235,-2090078.0712496531,-1468877.2152203575,47561.44918169501,-2225547.656217045,-568560.5115558879,3143467.292586187,-580357.9017413671,826.6351025616674,195612.26757115492
323,17.1436109328102,77.1160160683108,21.56249198489145,-299841.2954434442,464741.78966197476,-682179.0428197554,-3376185.9681433206,-2835368.5145863234,119453.65405141452,-4369087.469966929,-640079.5257557568,4491888.44712146,-214323.137681609,-60996.547376068454,730217.1613818076
324,17.57755191871997,79.0683673168747,21.562412964775262,-82541.16477766755,1512020.8720136886,-595773.0672622407,-3247404.7678792886,-2727885.503402404,-24576.859142895522,-3754124.436780103,-352366.81276833854,4940197.889522222,-345601.93112368655,-9501.597031542167,266244.0817245356
325,17.14371264808583,77.1161465043244,24.937470150348616,-135746.88681944693,1163735.4519323623,-371181.63566083193,-4709246.546946025,-3175309.2034847387,107121.06747827261,-5189043.844265751,-396672.0718344971,6242522.845552333,-170013.40766307458,-37942.817696714,803160.8351193889
326,17.577622037504323,79.0685036077027,24.937381939426594,9352.189850720111,1871736.8180690696,-211989.16158331907,-4571642.639074259,-3091020.718157976,-43956.300811568115,-4722367.395103985,-100837.3501815197,6492304.591621976,-188316.15475466446,-11623.806372659354,365381.4826273277
327,17.116680060457004,76.994258509325,28.31245374587129,161303.21873629407,1815391.728590529,173136.4777446093,-6253651.194622041,-3571910.9179807794,149574.08718967566,-6188329.84186539,41617.98898668971,8296543.277950136,-61909.11878218204,-18005.429960594654,875916.3495864617
328,17.604804832039115,79.1906640959101,28.31235629061447,107542.56598261348,2395238.792646935,103124.87304766872,-6175373.632040264,-3517348.2685337854,-23196.108910846735,-5959111.856270902,124166.8098859922,8440851.278062128,-78076.74115819915,-4093.594165760462,456253.21222811297
329,17.459766333771437,77.04569218326799,17.895838677219018,-325374.9263729436,81050.05346926404,-521255.6173114434,-2344910.7008331437,-1694194.020674213,137066.83545958676,-2989234.65018722,-584002.5769818443,2807656.7369539407,-224890.2032526607,17639.79087588701,625087.4363189224
330,17.911998583522195,78.99379903803104,17.895792728170406,-117120.40077357885,1197086.092302282,-739452.6349712159,-1948425.3454875564,-1394990.852833676,62149.993353426726,-2074876.4321914786,-562023.3060769411,2977412.794825906,-579453.1426567333,-571.6785525823839,183364.9416633221
331,17.459869009801338,77.045804008926,21.354159244454912,-280916.80478914495,619155.978810975,-677992.8229570918,-3596981.306928828,-3112920.9196503595,116465.09023720137,-4643539.230813522,-621411.3280738073,4925196.909952071,-217252.6704029118,-64308.58074478061,719103.1398642446
332,17.9120731149938,78.99391596073696,21.354077922020217,-80860.33207935252,1501230.6562431846,-580906.4509392965,-3088226.9480067706,-2621164.943441566,-8072.248126479851,-3559566.960334404,-356542.49605328584,4755573.329612225,-356720.4748658304,-12077.160959208726,257876.46072084358
333,17.45997551896444,77.04594157721584,24.812469967985052,-95707.35095682362,1414020.3307633814,-338543.366781979,-5054737.162888366,-3503286.5961854537,105413.54314256425,-5526546.415048476,-358173.3990102342,6864489.427083289,-176332.68140341842,-41507.58410477554,791229.1168167972
334,17.912147027017465,78.994059879413,24.81237875798658,12245.27835332841,1873396.4722595133,-199603.29745826486,-4377655.553489279,-2984922.5515639656,-31805.218215037457,-4495375.804784188,-101905.10371577909,6283319.361654546,-195069.96459839528,-14539.250740304644,357384.0234996984
335,17.431805986264994,76.92432627972946,28.2707861768023,233938.85857662425,2192559.344504427,252418.03459771548,-6800698.238227614,-3972880.230173268,149206.1820813851,-6648701.9520229455,117966.86207015802,9209651.327631555,-68308.6656591826,-23386.89979340669,856022.4847404798
336,17.94047470442095,79.11596370527796,28.270685355660163,102490.08695570438,2390194.6470939387,104094.92865116044,-5910975.4204432145,-3376428.0874256603,-18081.328749878092,-5665291.127205241,119278.42520946785,8142792.364696579,-84986.44974533378,-8909.603976712919,445899.0602242023
337,18.095488814103884,76.89173020407682,17.60417255094607,-111538.63283022124,-81344.83928958129,-223109.12540147523,-696554.6109461668,-311299.748701623,275881.22589153476,-794103.7237904879,-395394.35603334225,773505.4823025523,-234628.8772375395,15878.28590312024,626427.1152689282
338,18.572054297746917,78.83410816135564,17.60412244823925,-181412.09749268641,216284.56975798006,-723035.1900916729,-604447.6256563102,-238005.11331548856,116812.17000481054,-782861.511022843,-607024.3775399877,701723.1707364508,-598812.2638764542,-4351.8541601518555,165665.72355359275
339,18.095599080682334,76.89185216812228,21.145825955595356,-71238.22034998673,9208.415744949656,-404939.5705737858,-1037936.4012528539,-649064.7998889136,252694.59481520264,-1189945.8990587594,-537600.2366370328,1260576.7605169695,-234967.62929743342,-65654.54970225024,716561.0946426183
340,18.57213405359263,78.83423613504294,21.145738615196652,-137501.59750426275,280830.3801867877,-538540.4975536321,-939493.8563548907,-554555.3564460322,50518.33450750478,-1097402.428128512,-462057.51163425,1164248.224891655,-357895.3230538345,-8567.492461864987,269042.7406299474
341,18.095713071854444,76.89200221056491,24.687469095210663,10226.3407792867,189824.00399180062,-327668.8851921725,-1414747.4845265965,-741806.4728376254,212049.2041184871,-1447276.0469799344,-429127.86008051486,1748785.3666393638,-185638.0893782617,-42392.88029169713,800405.6034694506
342,18.572214077457406,78.8343932230801,24.687371772315604,-79680.38060186784,363910.59858999454,-320965.0946231993,-1307434.5614696897,-657830.9898806808,10778.745468281662,-1365765.2332550704,-278302.09249645576,1607332.449116453,-193882.66029300846,-12459.783185700637,380146.38594230753
343,18.06602985074709,76.77075744043319,28.229118076790225,210514.89937822882,419418.6465163926,-17756.032940670964,-1879419.5917995914,-896297.8156437494,193303.8650706088,-1714241.8213212925,-125524.91384446394,2451944.248119709,-68258.25864739869,-18807.13856859697,887253.1820525967
344,18.602068026157944,78.95595233705723,28.229010589679202,-126143.38223098114,472307.7500415954,-259424.9583840653,-1878918.607099377,-811235.1219098935,-35424.11115510218,-1923905.1889982747,-211829.27133493772,2222473.869759761,-80370.66868334536,-5153.719445555084,478519.09492227895
345,19.062846865211213,76.65115795616646,17.312506274290115,-128825.82927656337,-63010.52694692524,-236742.0669419257,-735968.9669304859,-353194.74591016327,298717.1351228112,-834379.2224525235,-433238.32230388926,839039.1215909985,-261971.88442436684,24498.884119847404,651411.2188868615
346,19.545479627363846,78.59204732705294,17.312449297997205,-209408.12704279707,250913.78568785588,-780312.1377317887,-646751.5154410502,-283294.24791791546,134971.67988422088,-856259.6757615742,-651604.0573329964,769057.2540078404,-651474.0391479023,-8676.152276199502,149723.97680359572
347,19.06296835162161,76.65129706597445,20.93749242051768,-90403.03685629333,41171.00109897417,-425886.1519085715,-1100843.9521896853,-713247.1887260353,263272.11707679986,-1267260.6804026677,-566044.8100806691,1358187.3028174464,-252283.05787562075,-69121.32214777425,717354.985809679
348,19.545567349346896,78.59219323547813,20.937395470423724,-149412.201446952,318504.1975659808,-551423.3750510784,-1018319.0249629379,-628426.8116536387,53697.61731573782,-1193588.128015828,-472913.0158256353,1284169.7649094134,-358148.79410990194,-7158.868513932932,280390.8306277462
349,19.063092916365868,76.6514656614999,24.562467237422425,-451.8968701189733,230143.28457347662,-338583.4309854492,-1494741.0846944437,-801978.8176036649,219169.15621531417,-1529243.3178438984,-445513.11515793815,1865864.3897197454,-196261.37239576242,-44053.62291604571,808835.3831558211
350,19.545655924901183,78.59236939268315,24.56236075316074,-90071.27224534858,406943.12338886305,-326473.0006323965,-1410600.9665604872,-729924.138888601,13269.455037230284,-1475714.5614185175,-285114.01951739204,1751227.4314470273,-194465.57861124832,-13715.512387308563,395516.59498052055
351,19.03304040614327,76.53033192686902,28.18744865355399,218072.6530761134,474119.4714126252,-5827.849897357184,-1980225.6118394248,-966495.8784122842,204146.32389856258,-1799983.1628060832,-123509.25470492287,2609856.6921023866,-72299.64825415304,-19479.740040205706,904034.7852029968
352,19.57589669093546,78.71385386881754,28.187331323823802,-138846.01211429806,525469.3993226148,-266874.63464492006,-2027189.1479389304,-895916.6065579493,-34130.515965726154,-2075939.5962091465,-219961.59750125447,2415649.946273797,-80143.24518025626,-5353.284967079179,503695.5780968539
353,20.027183936946134,76.41138683876515,17.020840082453645,-141957.85562189613,-35455.669501869204,-254644.0166019885,-792264.7086587843,-395617.01668281533,317974.8359509126,-885820.8084418707,-469262.04226901877,923025.3089851356,-287564.42397521116,38138.76250766046,679401.3488377733
354,20.52192493149431,78.34918512687362,17.020776576138868,-233914.5019156459,280723.30958581954,-845628.0513431763,-667394.4731840424,-298635.0964549534,147203.57116484627,-920944.1072632691,-682425.1175905997,804549.9811808658,-717714.50111974,-7094.7472748291475,126394.16790316919
355,20.027316917118227,76.41154503792276,20.729158498384173,-111304.54559802363,90959.24625453114,-449265.82862808293,-1187564.8639052114,-802814.216605071,275078.26098071743,-1371197.6250581776,-597268.7921662191,1498855.2892528216,-270844.6812736274,-69146.16377375096,723392.5218488139
356,20.522021679021783,78.34935081450003,20.72905166276066,-157573.30672627862,355322.18682403513,-565157.7643567806,-1061482.2630679377,-674338.3190374156,55615.041157724045,-1246380.6308023173,-482432.16860381805,1361403.9151471113,-366046.53765091096,-4282.528545973533,281266.55710599397
357,20.027452730148482,76.41173352629092,24.437464776626847,-14767.698078439964,295638.7733796113,-348295.3521862007,-1610784.3748760833,-891863.8353440781,225596.4006624944,-1647152.7293054124,-461121.2242443376,2040849.6766647208,-206074.2526136568,-44080.70038584347,816981.9354018543
358,20.522119351358096,78.34954750484229,24.437348792422927,-93925.23019734278,445196.98115842737,-328746.41249662533,-1466388.134293165,-774033.3766449091,15608.810983701924,-1530261.9255889957,-288301.56545746844,1841088.829510923,-196442.6955867466,-14056.577320658596,402332.91722123104
359,19.99665396760793,76.29081203740206,28.1457785864276,222574.02775160308,565824.8336721909,12404.277480503923,-2134486.413224904,-1073634.4484241232,214642.151092537,-1933075.6387388376,-117245.85164554768,2851124.629288684,-75453.94949711875,-18945.34837009661,917925.3173361004
360,20.553125357889968,78.47085833349763,28.145651128720523,-144836.78738176846,568958.7008232477,-273318.43295857264,-2107681.89436261,-945656.7561420136,-33731.73780070956,-2153991.573510399,-225849.5193631015,2530644.573356406,-82001.02289457765,-5474.037250049928,518904.8043365332
361,20.81808033586539,76.20422420147048,16.729174469466898,-283235.6431171802,109464.50147731125,-359325.5560726649,-1317133.3180876481,-933712.7186452872,287116.0096458683,-1582213.9759366314,-603666.8719499619,1652784.1501740594,-302527.0080391792,46068.25461985919,695924.7454423265
362,21.34302269926338,78.13400946229493,16.729105769464663,-274783.13681699464,692342.0818629875,-907302.7113431263,-1110282.7169363173,-770788.6542882314,145768.33040430106,-1353609.3530709264,-765738.6804306246,1629604.2672044188,-765167.5344006175,-3910.7282626689034,109981.70863355543
363,20.818223422879182,76.20439891004615,20.520824966902747,-282147.2245227534,445673.4938663565,-547870.2735046501,-2056882.5146583705,-1722197.2250539723,235585.79940032045,-2559082.70342052,-668934.2300506954,2843672.929310169,-282924.9507974922,-70139.82021962643,729731.4869153113
364,21.343128029178136,78.1341925881434,20.520709754870232,-232054.33628012158,866353.8573709091,-599871.5861263087,-1831392.9094649665,-1482688.1777946309,41675.65094953201,-2178100.8722323286,-487583.30440848554,2700112.111605293,-378826.716560125,-3232.120397980605,274873.84290407365
365,20.818369742641256,76.20460540105358,24.31246308091151,-190015.61966048204,864143.2237029851,-358924.6018124375,-2845709.230427583,-1880386.4507437549,190289.58606553604,-3043515.610382737,-482635.42035999184,3841354.032972796,-214517.6439456515,-44915.64900985524,822507.6073637515
366,21.34323442080834,78.1344082488656,24.31233882057918,-186331.37879748945,1068376.5569820527,-297192.46579372673,-2569211.4083128152,-1646225.8375312884,5003.463298172933,-2691440.6131373253,-269133.24161195516,3545426.5671401154,-199465.2774679225,-14838.99154426149,406221.030951543
367,20.785693023786443,76.08420160104069,28.104109511529643,87862.38943070814,1356378.6058998916,115582.61566017356,-3775586.6605346496,-2169857.047436996,196983.42844805692,-3580063.718173204,-60554.232759557126,5200441.561923534,-79476.6847619327,-19845.16739853838,924554.9502865938
368,21.37613613965218,78.2552363093711,28.103973249337248,-213398.68152767082,1365071.959341565,-163215.7849524269,-3558232.132831659,-1905169.4245354522,-30848.625783614236,-3545421.3168731,-148721.49529277364,4682600.305027341,-84237.43753460371,-6548.2479331051045,529317.2294513092
369,21.45063792344469,76.0256627078721,16.43750880280361,-279259.0752234073,141302.11196461756,-345702.111317006,-1305520.7232090405,-932677.9476819715,299967.48466800543,-1547167.7165189213,-605504.360746062,1669013.0026891874,-310285.0146298691,49002.31619853131,702962.7122666348
370,21.99367108948543,77.95052707592305,16.43743649984062,-275795.1884836379,781535.7964445613,-927576.2633659242,-1165387.2714960775,-847043.416468792,153062.53138974903,-1419367.3254803617,-772689.4239783755,1770221.0940537367,-792693.548009722,85.41964440637841,103088.76598059898
371,21.45078999093995,76.02585105514594,20.312492369629187,-276005.8660296398,489973.54138035804,-545304.3659497953,-2044228.7983856339,-1735354.5290589342,249357.4133855768,-2529038.374311754,-677048.9863140216,2874750.6700266986,-294671.9010545207,-69688.95898663084,740508.1078566513
372,21.993784102286547,77.95072452876416,20.312370663647528,-230719.75470136962,985694.3634484403,-605681.9574058817,-1937916.3996706929,-1627758.7405810724,47157.08615383751,-2303782.0725047514,-489586.2553815558,2942660.9792274954,-392041.67478892114,-1346.3921709000829,273429.13063814974
373,21.450946011931123,76.02607356902926,24.18746226842327,-180691.15741222684,918030.2689473238,-353996.1592198268,-2830340.1788644153,-1894042.2695140636,200106.5736607487,-3005435.797850504,-485371.58443411574,3874150.334599889,-223039.10281536233,-45364.95056000261,831558.7610906843
374,21.993898683700838,77.95095691862129,24.187331321254817,-178093.6914941041,1211012.2984308028,-281869.96555268904,-2731117.8591778413,-1802930.0201340197,9308.67616809401,-2843303.9447351904,-258663.24200982795,3853015.828129028,-199597.7587271584,-13449.31343115812,420582.8013451627
375,21.41714762016363,75.90599243844095,28.062441058866778,111037.66681843746,1421619.1558780735,133729.7416435799,-3742652.4582040943,-2177380.5884462427,205750.08999612386,-3509796.014874085,-49866.86184831312,5226049.441062491,-81441.73308540815,-18587.46154983145,942064.9092953583
376,22.027938410520232,78.07149322724831,28.06229770566975,-200133.14162318246,1554515.1765903416,-134001.08885498613,-3800040.2748550414,-2089175.4885779286,-26398.562939745658,-3751325.5957876076,-127044.03844491186,5098750.580344691,-81529.17106208106,-4933.874913824601,552419.2635742209
377,22.083242912152727,75.84727041755046,16.14584288614665,-287417.0962813314,203863.1525185879,-344171.23753568274,-1371883.2529105523,-1021633.6465915361,307528.12271148927,-1620484.9548141412,-617304.2181360921,1810063.9916518072,-319428.83542911574,52958.39389037783,701320.1200807204
378,22.644271203847275,77.7668759458906,16.145766867698093,-281691.3502038849,804098.0985968662,-944905.5076700201,-1147477.1154845436,-845103.4182537406,161584.37145504187,-1410379.1730463414,-781926.748181853,1769807.1619511556,-819088.58312948,697.9270033550386,90455.58308937632
379,22.083404293037347,75.84747271074652,20.10415949557975,-279264.14861809625,598044.9098353224,-551184.2583368326,-2164059.34556128,-1895804.1888047627,255676.4924231582,-2676652.3772953292,-684836.4544873255,3129085.3346630484,-304412.26784143876,-70500.73383384009,739635.0215364413
380,22.644392088251397,77.76708810669001,20.10403121162018,-233010.21478639718,1020031.951287912,-611453.8554650854,-1920347.8821347142,-1633735.6880824605,55167.68260185368,-2281007.852224323,-499137.86128801235,2955713.594548764,-408544.99210956815,-1446.3572174841647,261993.95026117002
381,22.08357026010176,75.84771193902955,24.062461107410723,-176146.65192605526,1071168.9739239756,-342552.42128245527,-2999283.733762071,-2066460.5900893137,204833.06967538196,-3167828.078379139,-480381.6403615378,4200679.619456142,-231606.43950485587,-47085.13223163173,828264.4712634941
382,22.6445153345163,77.76733789252027,24.062323394161133,-173921.63681697537,1248251.6520830276,-276340.4288790798,-2711211.384637643,-1809850.1226888269,14937.217951190909,-2810485.4298015544,-258317.4792321664,3866792.4954206934,-203396.62147409035,-14790.219298208316,421531.0714788789
383,22.048656504963027,75.72797540539281,28.02077222104948,137016.0775561112,1637490.9879947214,177455.01286462302,-3986949.9038564735,-2380853.492950624,211902.93173463072,-3705546.3911390654,-18624.98223154665,5676133.451786066,-85857.49912102263,-20399.126994966406,939510.2127907663
384,22.679687704166998,77.88756190124735,28.020621728738313,-199984.85753955762,1591460.513378461,-132898.2177953981,-3772145.0774419904,-2088001.6282901797,-23049.535835932697,-3710130.253918034,-129075.79840354186,5097783.490365082,-84616.41879141831,-7543.369651500135,558603.765494407
385,22.865788007756095,75.61050885695647,15.854177477140666,-206588.43177046938,82571.99405575718,-253878.45027279,-886185.8913319914,-495598.46928673686,345393.5192856784,-966443.1531217673,-514188.6690768195,1102736.9342110846,-329587.76528125297,60257.267870614254,710413.3610628848
386,23.45675230709634,77.52116168640981,15.854095813066582,-313671.57115049683,425281.19084563793,-975023.9887355943,-728067.4306845113,-378525.6472620519,163476.5833371118,-1071783.8760527386,-750119.9365396936,958489.4435519789,-855675.4520646243,1801.8377787225731,77562.1256458265
387,22.86596127733122,75.6107291388702,19.89582659830128,-194813.9926312681,274723.84768963116,-497756.7370615498,-1346811.1593890835,-1006970.7176627973,283924.07797730475,-1569302.2899172474,-659699.2288963107,1811154.6368103724,-318625.35259569244,-71067.31193790775,742626.2871354059
388,23.456883386719223,77.52139300729962,19.895689489376572,-240514.46721288777,546143.3163394477,-620110.8727186713,-1195778.7168585777,-850506.4175130221,50093.62602605022,-1436401.850641446,-525219.043709804,1647138.870759138,-419505.77805992536,1282.569841305494,264694.4551379424
389,22.866139348482196,75.61098884110795,23.937459887712414,-108761.04865720708,535301.8253325023,-374300.4585650648,-1821565.6606789695,-1110289.101323195,219758.98740772548,-1874248.872957961,-497622.1708434133,2424111.361911604,-241729.07659535334,-48308.975781136374,831911.3309048342
390,23.45701774613405,77.52166418105415,23.93731357303522,-171500.60737064804,661523.3420806068,-332878.6439520881,-1666580.7719385002,-967157.1951379428,3801.425449598085,-1751032.8653421623,-294299.67459256895,2202476.6306926026,-203218.92305850098,-14221.467043487479,437222.1496010592
391,22.82936583274657,75.49183080870341,27.979103468027976,166871.95341074513,904909.2134552435,63916.62024756087,-2410105.410804414,-1332037.452768701,210451.66760529397,-2157454.1215326292,-89540.80109361449,3382692.709739795,-89429.60542872302,-19693.5888339579,950800.7562097257
392,23.494071236506116,77.64134866032349,27.978943951207622,-250667.0903105773,842487.6218131046,-279262.20473871747,-2414159.6183401486,-1170663.1376601325,-51596.68102455809,-2470382.8235783568,-233028.86593227863,3015970.0162744457,-82470.09101679783,-6872.266264267849,585349.5421472646
393,23.813243061763615,75.31090115183869,15.562511999339376,-216150.142902304,113491.35783439042,-254563.25257771206,-924861.3390871014,-520534.8440390916,361808.9811159893,-996852.1165835204,-528886.2269642384,1168516.3059021332,-346015.5974017891,73593.03696340755,734138.8354042395
394,24.416145182326584,77.2178614739055,15.562423118072903,-339953.9477499727,482208.90753216087,-1024754.290968648,-780849.883948493,-426454.16684385494,176943.8203818213,-1138859.2716412405,-797604.1434619066,1053964.0839166865,-906557.3590649287,1641.471017397783,63874.88129891389
395,23.813430946760977,75.31114429620682,19.687493827702486,-206723.83513182588,314227.5670345603,-514263.76925832755,-1390516.7246224494,-1052888.5259921658,292114.3518989599,-1617503.1079756075,-681399.3931854288,1892142.4638054422,-332056.2305475982,-72857.3481972406,745013.6511482468
396,24.41628895191093,77.21811646775963,19.687345930890064,-256515.3869279421,611721.7961184714,-632989.823749562,-1279755.2697332383,-939675.847463462,56548.31682941077,-1535430.3581168787,-541693.3876266554,1799340.3311845008,-427279.4191425537,3337.552751977511,270690.9380148852
397,23.813623514683634,75.31142859890292,23.812458229401233,-114292.4673643733,580285.6532335911,-383186.73142363003,-1863795.933351127,-1152855.914109026,225110.13081670878,-1913485.3386347685,-510095.28072412737,2506387.0738044833,-251909.62599670084,-49817.729229678924,835782.8856239046
398,24.416436791335983,77.21841274931647,23.812301791172278,-181730.55519500017,733388.997592593,-331459.36140811944,-1772315.6763113944,-1057315.4998013745,9970.175323209209,-1858114.0672185232,-300004.86518825416,2378318.01339625,-202380.2359091601,-14586.262364303211,453747.5162882077
399,23.77611739225091,75.1925239457079,27.93743395669689,180885.53132888538,963356.2365465843,78386.38746688285,-2452940.8384282836,-1381765.8289680537,219371.32665749628,-2180049.7443427667,-83854.67987253425,3486532.5795576526,-93237.03346797009,-20274.085846096812,960972.8033410944
400,24.454248594496,77.33788967995746,27.937263873279647,-262892.1285754714,930964.8633198317,-277976.8936594908,-2565547.269620075,-1277125.5668674777,-46118.23067326675,-2617627.4351623286,-238023.08160695626,3245746.357854155,-80209.1719477988,-6751.8072623298885,615480.5654121931
401,24.760722176583535,75.01136834218298,15.270846092522847,-229438.8205266599,160370.89696898934,-265169.3191836399,-995736.8184952695,-572347.3156587326,374469.49934353854,-1058995.9406090945,-554999.2839861398,1279757.9818539228,-361197.8477083234,86047.35267286921,756616.276726165
402,25.375514383908317,76.91448806502683,15.270749974506328,-364104.559791551,515908.02393666346,-1081012.0587084326,-806972.5368332498,-441005.36544540647,185991.80993454828,-1195705.1004677499,-831807.7380185063,1098304.2439229367,-965139.8496440161,3758.0004271729686,43341.64319306501
403,24.760924838718168,75.01163545516017,19.479160063538988,-227328.43197492612,382786.6428442999,-533844.9976659694,-1481329.9348253016,-1150500.621560799,298665.81054683053,-1726555.1521627908,-705735.6048493246,2053903.9702155194,-344846.7431653553,-72842.70951594891,745271.285981988
404,25.375671517963763,76.91476766295705,19.479001304099466,-267924.6681232926,652044.7022966603,-643356.890750263,-1315114.7289692517,-978434.5833971427,61172.875507609555,-1575449.6845181037,-555114.5897764107,1871327.4177176189,-436241.37367635674,6292.738036163992,268487.20523523306
405,24.761132282016426,75.01194509854153,23.687455476439258,-129304.97966588565,663478.6120946659,-389371.34630835603,-1970702.4943271813,-1248897.374453827,228224.15374386642,-2023535.911509164,-521132.94625596725,2689471.1438855557,-259592.318355985,-49891.89736358047,836806.6994257416
406,25.375833391096783,76.91508971176584,23.687288938572745,-185470.96031518833,770511.6403097969,-331041.94473789696,-1807581.1603745723,-1093606.4943580327,15815.66710025217,-1890090.6853017025,-305239.5407284457,2449328.9612868596,-203294.18708584682,-14922.78996897809,460517.1622092925
407,24.72289666092586,74.89330376654395,27.89576338134093,185739.27343180237,1076189.8975373989,100734.63212925271,-2588241.5109544564,-1497514.2189915685,227637.21916040318,-2294001.4695276883,-74495.70019947068,3731160.972825614,-96074.55400975764,-20071.45674678716,966686.870326447
408,25.41440119565831,77.03435021140263,27.89558276874893,-269457.094282949,967520.0053874255,-283342.0653981677,-2612926.2007027576,-1317148.0301369042,-41848.892085353036,-2664036.1727670166,-246755.7074531655,3325512.725926492,-80507.3242686272,-7256.639678206278,634301.2913765699
409,25.537135610976843,74.7552124442817,14.97918057848259,-360351.92163736856,523011.2219959183,-348422.49632179766,-1653518.5660823523,-1339365.2588411418,332068.5872260798,-1902327.9746082288,-676192.834046912,2392757.612691893,-371065.04388537724,92882.39438230348,770450.2197574661
410,26.18156868140356,76.64844941240653,14.979078882841568,-372249.7234315527,1178014.7887401157,-1105032.212001424,-1357469.9986196426,-1122547.7971554853,179131.46033374753,-1713027.3236256281,-887393.449305957,2301153.6262387247,-1008372.0583752876,4095.616595336517,32271.575743529553
411,25.537351160293834,74.75549979313732,19.270826540440645,-377326.75941972976,1065490.0174710518,-590580.0586209185,-2536775.87371503,-2435801.954205153,245798.66255808008,-3162925.7142680273,-732416.8021698259,3992925.715868257,-350942.79877437215,-75334.55369353051,744764.5997527556
412,26.181737957499784,76.64875022481084,19.270658790945873,-321442.4707680224,1467754.890432153,-635715.3923930121,-2247321.4439765923,-2114820.1680650623,43461.496245370254,-2713877.481931381,-526410.5259225912,3750885.0351250917,-447805.7261480184,6066.708931263178,261859.62020885127
413,25.53757212598374,74.75583169490562,23.56245349396109,-275997.04722052225,1631905.219334363,-329382.272282325,-3422365.021360664,-2588979.464661424,183037.41397851965,-3623539.690756066,-486015.6045889056,5136081.195176484,-265930.702920387,-50768.084350398545,834661.6303188417
414,26.181912872999725,76.64909532979343,23.562278369164915,-267443.77854141744,1728125.8876621497,-242529.21248960635,-3106577.6635850803,-2279265.402222475,1697.237859015634,-3243361.6485836525,-252846.13209067035,4714360.677305449,-204848.83038659257,-15517.543089159717,465528.3098848508
415,25.497496365772307,74.6378284274493,27.85409385654724,99541.91886325018,2357863.887778783,306243.412826448,-4492941.790226794,-2965717.8890148452,201920.8742397239,-4127888.7534649223,60310.118623699986,6831227.854309704,-99819.53510028256,-20905.272850040343,966214.5264947452
416,26.222345176827645,76.76775937248098,27.8539042871213,-320600.94591193483,2160550.578022176,-93076.20552282908,-4299694.043306673,-2602164.8175625373,-40988.19052830533,-4242389.077103032,-117164.89084365129,6106427.394534096,-81235.08376074287,-8296.876649950222,648337.100064179
417,26.157305683637315,74.53749115728077,14.687515003390939,-356191.8120203441,559047.1789871079,-329055.4906061017,-1641466.9646743038,-1316316.4389904893,343493.3392684965,-1852573.7383388001,-672334.6614068858,2398708.2761063473,-376208.5128705319,95060.47647001027,776541.7780036508
418,26.819485821668362,76.42468725040317,14.687409633053576,-366695.182926163,1302988.45605091,-1112199.04718064,-1430261.4689692932,-1212443.1743329612,183812.75097252167,-1780154.2314495472,-887902.7305718369,2492151.18796549,-1032034.4884667168,8899.635326266396,29831.333037462253
419,26.157532544998784,74.53779501001176,19.06249398940482,-371670.77921645675,1105068.8593026213,-582936.563637632,-2507745.297062169,-2414340.8953804784,257065.38322988502,-3101198.3172256355,-736676.8704568348,3988336.7041310044,-358438.7490591724,-75245.70089571513,750062.3256827565
420,26.81966560089317,76.42500530853323,19.062319488501387,-314542.6505529173,1629483.2147668193,-629694.1617677488,-2365479.7104211273,-2285879.9290498467,51237.4893475024,-2844554.356275972,-523785.3091034967,4053586.067825621,-459577.77449892537,7138.1084841858965,261947.42943084822
421,26.157765726673407,74.53814624221613,23.437452527416543,-268021.7991437208,1666014.7788665267,-324850.4442556062,-3364380.084998331,-2566180.4724382935,191125.61963437952,-3542371.6710841213,-488205.6235581915,5103719.830109511,-272566.48725433374,-51460.30483213155,835426.7170047442
422,26.819852339549243,76.4253702590283,23.43727063080454,-252494.9705862886,1908506.6477092505,-216407.3357521547,-3264019.6595142977,-2458195.648233846,8746.155177533625,-3385193.747292003,-237823.75955190012,5062621.848214708,-203687.34564706753,-14175.152882886123,480478.4092659528
423,26.116592039875,74.4205384839752,27.812425124262013,119760.73347725929,2386747.712818228,317378.7131157824,-4389897.723148503,-2930049.78872828,209685.20456552878,-3996759.343651855,65352.00705033509,6755294.496012787,-102100.85370915903,-19990.2739515028,974751.061460231
424,26.861404732323162,76.54367528053841,27.81222850614226,-299604.5845080601,2392433.3388145175,-52199.06380903395,-4525935.160299799,-2811079.738769119,-33601.63545590674,-4426088.387996265,-90157.17434389738,6556875.252837587,-78175.11114069779,-7089.287243853473,671899.9285972316
425,26.77753377394327,74.31993590143645,14.395849054592246,-359995.8621405383,663342.4379358708,-319759.28340821166,-1726075.8456121627,-1419138.4885875161,349114.9311407747,-1931572.5586520245,-676023.6452221693,2591183.496261315,-385312.23043224256,99279.5340411863,770236.4214273106
426,27.457344871355062,76.2007596893533,14.395739864689144,-373509.49808201083,1319930.8914283286,-1122588.3340572275,-1411288.504024593,-1188442.1561608794,189964.4766947873,-1754465.3967297561,-898852.9401888637,2477151.39620771,-1055496.4911949728,1799.6181876020921,27368.38950206793
427,26.777772239834285,74.32025649805949,18.854160903854716,-367966.54251880624,1262494.1674158021,-576001.1659540609,-2639615.3918398404,-2597558.720646104,260210.2010350841,-3252035.93510136,-732262.5225397031,4302824.916583998,-364403.1884185192,-77037.60807006215,741824.8056912278
428,27.45753524989019,76.20109530857465,18.853979714521017,-318419.53152677993,1652024.608009201,-630634.5401763765,-2332005.887670669,-2259493.779852819,61430.99548097155,-2791525.8732736832,-535796.0002585197,4030292.409838247,-473999.337168832,5916.828916126859,252682.10995020642
429,26.778017731960734,74.32062736427106,23.312450988617442,-255264.93231367983,1862291.3832955165,-301060.87774335034,-3523935.166517682,-2757220.6365592554,193955.31945588306,-3690223.0202339394,-471858.3619019569,5468046.955374382,-278583.61994193954,-53084.49324839738,824973.6566113192
430,27.45773420678157,76.2014803058243,23.312262405425436,-248513.15421227633,1922242.2159652733,-210950.1610462435,-3204719.7723825006,-2431210.5369225023,17270.490916827224,-3310557.194000638,-241234.1342572548,5014570.228964646,-205428.41148883596,-15438.172718794387,483738.84060999815
431,26.7357535726879,74.20343621611403,27.770755836185195,157230.75859825267,2650569.114817618,373108.9710496546,-4610408.152815162,-3155837.097407638,214712.5437297266,-4162707.472625858,106733.83716900008,7236882.47992238,-105596.7032183669,-21302.03521103992,967417.305008189
432,27.500399777250045,76.31940562969913,27.7705522558635,-302077.2147096986,2389303.814934606,-57041.42677097407,-4433175.61878042,-2769209.787765516,-27314.219311531724,-4327668.1067823125,-100406.11544922659,6458259.3956854725,-79759.78810331908,-9396.92867860922,682188.2391610371
433,27.543764527422827,74.03476189989615,14.104183633421211,-301870.5588137965,336562.67157026636,-252035.4748720864,-1110517.7305556398,-666955.3442464519,384063.96610185306,-1151876.4038536767,-570903.8110786148,1505436.8528166753,-395170.0816046846,108864.83531366785,772316.1541642214
434,28.25289330379812,75.90478155764322,14.104068455571346,-442482.80539667443,700944.1649353344,-1178326.2917707472,-885179.6252301743,-515610.97200833267,185507.93526080283,-1313772.4417725643,-907493.774167881,1301401.2837083584,-1087205.2168110702,-5791.715237783583,25759.724186173997
435,27.544017555646228,74.03510375676684,18.645827703458778,-321574.85034002876,620183.9871903657,-563672.9529193956,-1627274.842991024,-1344235.9061197839,278363.01731468557,-1910534.6473834151,-737199.695760781,2382670.527075137,-374561.83030286466,-78308.58924691574,733794.9710009416
436,28.253097279033856,75.90513962647722,18.64563771492966,-358013.1272443131,880462.2832923961,-673530.7806436848,-1438073.320246272,-1154656.0832439705,53284.91448618608,-1743629.5389095088,-592418.2692885099,2184966.183602417,-478985.80524014484,8508.330772530131,260791.0662895201
437,27.544277566100142,74.0354975469025,23.18744931165095,-235862.31533833523,934441.500865066,-402015.6437924842,-2110387.076633672,-1447566.334740103,199236.5610851065,-2195561.192267274,-534717.0918634055,3026841.825864927,-285488.1005187921,-54423.15258974577,817970.698632868
438,28.253311349212428,75.9055480459171,23.187252521910683,-268182.6554419194,1008919.4893516599,-320946.69128476357,-1949790.9340504643,-1278480.9717506948,4881.372875979021,-2054440.9088708877,-309437.7992387934,2783668.850734658,-203216.76311003597,-15295.547474682033,501842.5906952173
439,27.500194659315913,73.91900271035853,27.729086627356462,117476.8125912564,1436391.878777075,155077.31172497783,-2739488.2006398826,-1733895.9413582918,204640.88199243348,-2418282.6714176857,-39016.07650797704,4166244.751018971,-108825.46916748595,-20795.097302962982,967894.1821729472
440,28.297823021199562,76.0228196571846,27.72887444705914,-385813.04343869054,1252641.4202645363,-280958.6345847168,-2813460.5883371835,-1528379.1433728188,-57450.23570209407,-2886750.0338916616,-256632.38516198928,3729252.1612947797,-77064.2189217864,-8930.900247949365,710605.0568838022
441,28.470659324603584,73.67656716202535,13.812518012905832,-312677.4351807453,379285.6131296806,-252547.59647168565,-1155074.2375892426,-679457.9112146875,396395.25711715216,-1183808.4593184064,-576265.1722821158,1574134.2130777717,-412555.57537111576,126731.6860952009,788674.94138075
442,29.19147043588431,75.54215641129072,13.812395253610132,-469364.17532680766,775168.8547212225,-1217017.944624175,-948728.1654782397,-563928.8447845938,199716.53238437572,-1370359.6574768135,-961015.7335388965,1420162.1257859506,-1135041.4447050714,-19641.740080193107,28426.042066002756
443,28.470929855083916,73.67693554638389,18.437494374050853,-336254.17374889646,662443.6671256889,-575702.2233875578,-1657528.7548736436,-1375486.8019634706,279065.4064507912,-1943561.9938614152,-750705.4589700775,2444754.7228207276,-382447.96551490034,-83101.39060424193,719021.1088824737
444,29.191691180165297,75.54254157671777,18.437293902524882,-370217.0547994494,958054.0068334438,-673250.6218049955,-1523873.947030724,-1250473.105903034,61091.0881126469,-1837497.1226741234,-603166.5906518473,2355250.0435549696,-476579.110960688,8323.134238334895,277193.90826230566
445,28.471206730448383,73.67735559638464,23.062447002836045,-242186.17943704355,971242.943484779,-406677.9822889949,-2120634.5976927653,-1470736.043830481,200919.05818512334,-2204592.9775025593,-541421.1540616169,3068392.913322917,-292201.5285383886,-56155.87862567838,807780.4485322284
446,29.191922941324172,75.54297619429434,23.062240903274674,-275033.43979929644,1087446.376270574,-314157.26241086563,-2039306.580484681,-1369272.037381841,14421.985261701238,-2142165.482272769,-315311.2613996279,2955732.4177328087,-199970.2419645634,-16076.33349983955,522476.06821427506
447,28.42640944531354,73.56116146056989,27.687416560975862,131363.79022375634,1476011.6461460858,167002.78800529303,-2731536.1535254004,-1762150.7046362034,211025.63476643863,-2397965.447560985,-34121.30117865182,4206464.973114772,-112225.85067563524,-21570.445902259118,964312.790157022
448,29.237181064369267,75.65999494021949,27.68719456953567,-394832.04073835106,1344908.5573245417,-275881.756437795,-2932251.0761224898,-1635421.4498683743,-47913.90466589392,-3001298.1597153707,-263248.33239164687,3938741.2522554137,-74204.3156428332,-8570.263567966324,744021.3907613051
449,29.397583271992335,73.31844682304661,13.520851496949048,-324789.928800468,445963.01605014235,-262837.3079597187,-1238405.1476566186,-723162.0162585261,402778.7591667071,-1251306.3918510387,-591851.7274826665,1701493.8986236607,-428501.82109852805,141002.91083766162,802391.0182124367
450,30.130019909790683,75.17946067123341,13.520721505259043,-493249.15404949896,806076.9807803935,-1265843.0222254798,-977932.4091662063,-564613.5265017803,210769.48566625692,-1412507.573355297,-1001878.1716151459,1461370.5494758575,-1193414.4646054995,-37568.18778863577,33770.459896563334
451,29.397870797328117,73.31884224574512,18.229159497043764,-359328.9881570296,747325.8486439179,-587276.8705584257,-1737251.4904432837,-1473428.1634523512,278266.41913134715,-2043200.1742231997,-764863.9482370926,2608784.1123887557,-389359.00190060696,-86756.37128910239,699040.3367920642
452,30.130258021921172,75.17987297223723,18.228948866588144,-375742.9998446889,990111.6371037095,-671521.817592434,-1547575.1505232467,-1278164.0631043753,66354.00866787165,-1858812.3208383296,-609214.2172533785,2410873.3577582953,-473104.24702551164,9000.798167927556,287619.15298371366
453,29.398164573990577,73.31928820478569,22.937443206057523,-256846.79511507304,1061183.8592113648,-404998.77109465067,-2200876.3874243353,-1560911.674994907,201181.39184531936,-2289409.838027944,-545278.940442591,3234027.0714721745,-296289.45337314403,-56526.99583742904,796306.1538759866
454,30.130507543053053,75.18033334199586,22.937228148200507,-274090.01943932223,1110362.0018977458,-311621.35217484605,-2045929.0788930599,-1388840.1374071813,23788.91295292945,-2143230.7096212055,-321873.47354351665,2989754.8134483,-198257.80846498016,-17117.324384354666,534616.9198739503
455,29.352656523556426,73.20340388278561,27.645745122883053,138206.1757404121,1589079.2584840762,191029.0022197806,-2823329.060876431,-1873111.5179078123,216956.0673444027,-2475153.627266716,-23255.49332048171,4416723.557031469,-114087.89770069093,-21394.65943204967,959246.8626817924
456,30.176508953497848,75.29708982532146,27.645513614546488,-397045.3911003658,1357802.028835454,-282409.9164837919,-2931849.0502852597,-1656123.6268094908,-39733.674693485445,-3003461.6575904014,-275993.839162676,3957802.2180043748,-73444.4417059963,-8881.2731543585,768263.6908317504
457,30.156484418250493,73.01430190549183,13.229185305089132,-433007.71278182435,1123033.3025178397,-300294.30061702855,-2066290.5186214535,-1692610.902128741,346209.56666055793,-2199419.0174008547,-687630.8086282302,3276781.115148071,-435788.0740521139,144794.26977127107,809459.1165276396
458,30.917885425421556,74.8636017907909,13.229050124805173,-467524.4289652478,1778211.9323565848,-1232631.4829867305,-1670354.1106615984,-1436933.1521641747,201750.2009159387,-2009443.307066016,-1014700.4547059289,3102199.782176551,-1237221.349312609,-48302.890190395774,43067.05686022305
459,30.156786019333175,73.01471941186276,18.020824998907468,-469796.3125752077,1826301.7244060384,-570851.9136257182,-2939197.5349498037,-3085451.8258134914,216179.85533960556,-3633846.616249419,-733240.284870347,5152740.399324877,-390833.3633432487,-93301.42485489097,680822.2121446396
460,30.918138877676093,74.86403652647951,18.020606247612072,-402897.0455375172,2135396.639933499,-600460.1721729792,-2616107.700396463,-2709708.08569869,41548.24482925963,-3151042.1166427652,-537812.1781284376,4820893.716994204,-473397.23081125185,4841.509719996475,295331.0347997807
461,30.15709500047717,73.01518766603591,22.81244040491939,-357134.8318541356,2431063.776570908,-259825.83693479735,-3757584.498187034,-3198386.185352828,151862.72048670807,-3971092.6606654674,-449980.41368383996,6235176.182131281,-300249.5736522661,-57507.230616418194,783771.46415103
462,30.918404397645467,74.86451950316466,22.812217884707188,-340689.66837239964,2385128.7141554253,-162681.15445678693,-3444168.3091150466,-2840590.5274196356,6263.967161300049,-3596750.6853994587,-239865.39975108468,5718373.976476787,-197555.6994977322,-17885.604913932963,545562.5055343058
463,30.109790785864043,72.90005636487369,27.60407493936664,115419.46585610823,3312429.648973597,495308.98299790674,-4810788.265675498,-3657123.3234284744,185921.03050148315,-4346401.603282155,181779.1018811698,8087780.599228598,-116971.22426133,-21807.64408652949,950415.9846684767
464,30.966231429135206,74.98056493439945,27.60383547028504,-427153.5137638706,2887903.3060308453,-21191.018015419366,-4695283.309320859,-3218277.08629839,-41852.008348872856,-4644776.946052086,-109169.16963284882,7193504.88993649,-72840.80221714704,-9210.94644509586,788475.4391324229
465,30.761847193743677,72.75827404913022,12.937519115944712,-425940.8121797963,1142764.8205507868,-280967.106569823,-2048060.350292914,-1635368.5179671112,347420.3328764419,-2138789.4451117488,-669309.3777111528,3243955.7246240703,-431950.36792794627,136065.3715136165,808978.3453580375
466,31.540582669856192,74.60043697886572,12.937380880836603,-453771.7492196942,1924148.9922184353,-1227465.832082142,-1765869.4589816965,-1530102.9561331393,206148.2814979385,-2074901.1363762831,-1012222.7550661481,3330035.3023590306,-1256995.5153662316,-47373.755598325166,60070.15664756294
467,30.76216024680622,72.7587085284626,17.812491756594085,-465810.836669425,1837272.1643961526,-559626.5683028263,-2864156.1895399317,-3017699.379840864,225601.3277684644,-3521377.840842205,-735018.7091137029,5068231.309379812,-395033.27537368704,-95759.96638441006,669128.763467874
468,31.540848761947863,74.60088881444184,17.812267173763303,-386191.1731908126,2316225.7381624873,-579596.800330238,-2722609.7539377166,-2890365.2363227136,48538.43285270328,-3267520.980753066,-523762.67333098967,5141721.418725494,-476233.4383912297,3518.3238831291264,304055.48327199486
469,30.76248292141092,72.75919592071037,22.687438941733944,-350989.4975489568,2420540.5572388833,-258146.57340516546,-3644330.6319004945,-3127429.4335464654,159012.32822058394,-3839743.937470837,-454057.48885335075,6105205.9126089495,-305307.0617737179,-58766.9126574179,773198.6580192933
470,31.541128388736475,74.60139114062625,22.687210673210277,-318020.340221451,2578875.11434315,-130275.86294599145,-3571986.2651880155,-3023549.5257905913,15912.196498169575,-3709387.7821200076,-223177.80164631823,6063144.4949420355,-196130.0108620308,-17284.730937854212,562294.3811782486
471,30.714108213054132,72.64452898126187,27.56240583290069,130946.40369944193,3273025.1988998917,493539.77754688764,-4630444.086995287,-3568873.8640453224,192681.55668995096,-4158355.303971503,176764.1598378727,7879102.52427985,-119615.05798124253,-21384.36836013243,946713.3664526168
472,31.590052457098924,74.71700891247107,27.562160214398343,-398051.8129623744,3124906.2304057158,24469.04943088931,-4869760.0091998475,-3435473.652096451,-32268.097839648963,-4785496.948441445,-82397.29741740727,7619217.712733079,-70254.60756820203,-8179.427481858729,811937.8763372642
473,31.373005252066292,72.49990454421174,12.645852364711736,-427940.4488816352,1208043.9450284522,-272683.420705123,-2117944.9548847415,-1703293.346821112,336979.8098002392,-2211920.6148352725,-656237.4710233469,3375578.1613003127,-417954.3984546135,114614.08674532376,793969.9512835997
474,32.157486612390855,74.33961737356802,12.64571086946304,-458935.2347672279,1919881.1289948085,-1239008.9596105944,-1796503.895981566,-1543680.120198442,205412.44886575587,-2106789.33462697,-1025020.5291049706,3353746.7983489265,-1266525.1195514943,-57120.55598491459,81266.18766961302
475,31.37332902747078,72.50035474327441,17.604157791419773,-470413.45791135635,1929209.5676619038,-553422.9859060498,-2925283.9049473493,-3129600.017724438,230429.56959481994,-3603116.0511832195,-738521.0852179091,5247010.260245626,-400575.87079577334,-98802.75348660293,649601.4638069086
476,32.15776447113313,74.34008476617193,17.603927655870294,-391263.61105915543,2333477.08649818,-577458.202492037,-2724829.889084932,-2913822.4427252854,57017.91934880742,-3274865.4199664774,-533301.7514849908,5172922.444398457,-478664.75513125025,2968.375368617997,307495.09083986527
477,31.37366558987629,72.50086132388985,22.562436745694555,-349473.18986847275,2518813.813234982,-245817.96609436115,-3709354.7386984667,-3238016.248871652,162369.30816325938,-3914079.887890525,-450843.3004850173,6288445.845647691,-308622.2132018845,-59818.204699918664,759194.114817529
478,32.15805828233428,74.34060623420666,22.56220306409471,-319849.7722490097,2587541.5976205417,-130351.64862575964,-3561737.590530636,-3047480.1449792054,27001.559520686453,-3706778.516691172,-235889.06081980537,6080007.754256751,-197189.21492739808,-18166.821752257983,571991.8192652155
479,31.32494485887343,72.38636596267011,27.520736064859314,148224.8115131762,3388066.1159457355,518570.08397621114,-4705646.439115635,-3701846.013432967,197921.30238914723,-4233063.226323785,189338.27536200138,8098585.9623969095,-122006.57649186702,-21817.64822264133,938289.3330000998
480,32.20735521935265,74.4560890315444,27.520484567569543,-405666.8128917129,3113479.326627578,18190.908134847647,-4843422.537648235,-3459299.244188415,-23320.397156945135,-4780284.553641967,-99609.82932285787,7605897.804835534,-69111.70774270929,-8467.057707434966,829656.9298245951
481,31.82368433689539,72.30606658484999,12.35418592535833,-166949.4176081369,3616163.2663961006,-151928.3668913088,-4429633.001354709,-4707717.720359387,194889.85163146313,-4881565.644841271,-354422.91039021936,8533274.037128143,-414185.61866638664,97743.99777302054,784627.0169960455
482,32.62536499182698,74.13831805787545,12.354043506755758,49246.98283147067,5046831.0498289075,-894833.570138572,-3695302.873485985,-4225640.280249254,127339.51644645227,-3935711.07758443,-444494.6720654752,8581450.212171707,-1275228.782776645,-39221.20288431494,86198.08695215565
483,31.82401652709786,72.30652813064756,17.395824200062087,2600.416040675016,5544394.24904926,-234432.90272714756,-6210986.533316157,-8148427.626439775,94189.63727452622,-7879120.915400261,-174264.90763718876,13365947.585400244,-393108.1242826884,-111290.6523036803,643697.3039751998
484,32.62565197344317,74.13879703465592,17.395590342077213,158845.28003335767,6017166.827979971,-173733.102308898,-5561811.503102622,-7310389.751961461,-34220.488369828454,-6715071.732345435,71487.94106321156,12645862.796986656,-486926.2552069075,-14307.258185268205,317385.6227871348
485,31.82436505218311,72.30705084098531,22.437435460485723,315664.4748637292,7059030.64605615,488078.1748172408,-7971455.050282515,-8360929.815685985,55925.953860447014,-8253820.1158863865,342252.33865661034,15774341.072966896,-312674.4767450056,-61063.46283186159,743966.6002451836
486,32.62595792663392,74.13933492854272,22.437197608453147,287423.91021473124,6699436.167597443,545235.2169888543,-7296938.013731148,-7523565.414541827,-45724.62300613611,-7412004.7374965,459050.47522692307,14485049.557070607,-198355.57858227167,-17799.478501077454,580152.6484550999
487,31.774580571046105,72.19303750114778,27.47906740950036,1088472.1131065143,8991146.380860789,1716561.2968895703,-10247848.52517955,-9275694.110611228,140067.23359226447,-9074994.293223187,1298666.5777864289,19572507.506293625,-125329.00474424346,-23183.426363583967,925678.2089885803
488,32.676341608862934,74.25436723966419,27.47881142256071,398807.07421060675,7974685.958152697,1055249.651390909,-9619362.231076468,-8266984.216927205,-44151.050022743715,-8906313.620661722,824481.2846263385,17510575.019789595,-69137.08178564903,-9019.233728157462,840194.4822824984
489,32.12248456430648,72.17302799772204,12.062519591054224,-171083.5691715629,3495086.6955791544,-115367.3550457788,-4226567.91625908,-4429855.34552438,208794.7871897254,-4577329.942307106,-353062.93709359627,8139028.650762514,-408871.5394630108,75451.70834096421,778264.7839891536
490,32.93561717584917,74.00026882310317,12.062378496183639,115442.16027092398,5309707.291639692,-831380.2250971494,-3808270.8787590805,-4365123.418560534,122633.37646684743,-3979395.171310125,-374795.743481402,8947960.141604993,-1277585.818039426,-30937.733357537647,102475.79745498512
491,32.122823255639446,72.17349710620397,17.187491713146713,-18251.16051586764,5372420.89839494,-222027.908612577,-5932892.653582847,-7811864.799367236,114857.49823399975,-7509087.026923776,-202463.54883536787,12843692.405025637,-394828.94046149513,-111725.5666153727,638098.2423877243
492,32.935910760376466,74.00075572570105,17.187256165202808,236203.4623550172,6388738.613920088,-119444.9529809691,-5730704.365145943,-7678875.708739639,-28785.791536092853,-6921140.424572719,138350.1756280481,13288287.372238807,-501810.0306847417,-19631.2782847437,316519.66433653113
493,32.12318187513967,72.17403311032055,22.312435316935037,280741.1266787618,6842596.1540443795,461548.03282388486,-7624008.637056797,-8058573.108906194,71309.11663673246,-7900774.866069085,295338.1734039578,15190322.00621216,-317927.94852259365,-62245.33074710492,735096.7263966034
494,32.936226664406675,74.00130722811754,22.31219461929723,377157.34586492344,7117345.358267271,628253.4595918523,-7540620.543295394,-7934935.223895241,-41636.75970090777,-7649095.874203297,538783.4932511116,15233068.54467623,-198947.56631260394,-16731.99925832567,587643.0919919317
495,32.072691487389285,72.06034641842896,27.43739956964967,1033858.799905444,8673676.944790576,1650484.6649700636,-9752815.053934393,-8897413.807146495,148444.75788957666,-8624056.226220628,1227009.1129547595,18755067.522931956,-127865.65868824211,-22612.49388588986,923909.9361337235
496,32.98733583480905,74.11604001003516,27.43714062564513,515220.43795354175,8510820.136331692,1178759.225129055,-9988733.908867892,-8755351.570475565,-38648.98973493985,-9204423.909175035,933250.9918890318,18475972.716700286,-68405.45291176079,-8500.0395686839,849490.0041881196
497,32.42415987634028,72.03876435391277,11.770853204326471,-144321.75503313984,3602300.7544822637,-79262.3203416979,-4270499.6887529455,-4510394.1455092095,205538.2177279124,-4605434.191048671,-318751.81501079514,8302902.68516689,-401787.15958392917,54910.414997370404,755407.7568424875
498,33.24299502042008,73.86344605695646,11.770712893863475,99810.60969336168,5167227.634456583,-818305.9669299801,-3713639.4032036955,-4227974.27806,124526.42670988417,-3865356.8233083854,-383967.8902704183,8698056.990798771,-1265511.7266509943,-25627.067153490756,113089.60431304928
499,32.42450493423918,72.03924049352885,16.979159029826036,19074.261798472377,5551401.248198438,-183000.21447599446,-6023197.233662007,-8026536.519732067,120696.04070758872,-7634100.685536023,-168628.78181015042,13190204.762867087,-394855.4926937155,-114591.05855035971,629967.7895537451
500,33.24329475115878,73.86394035837782,16.978921973126518,218068.70181161165,6285882.580335832,-129143.3505128012,-5597147.034914702,-7540881.316842818,-13174.967960652528,-6774799.508278839,109171.70993404079,13040435.729979437,-517631.3464066052,-23684.48738551794,313463.44283403875
501,32.42487370728196,72.03978983571838,22.187434984964284,328192.39330051164,7073784.880162624,507692.56474907,-7750875.667090476,-8321598.64193434,75591.3508380211,-8051431.295033904,336547.78144717973,15624553.35179893,-321941.7515979048,-63946.59858229385,722034.3163288522
502,33.24362065870839,73.86450538067464,22.187191560578384,357970.5950402671,7007771.788052007,614150.319524023,-7381181.35488794,-7835342.579005715,-29407.627910847983,-7516006.210093334,508716.3908259633,14987182.521883667,-200570.19494605815,-16683.752412387283,591574.3614448508
503,32.37403694923529,71.926276649051,27.395731549158942,1104222.748964226,8980384.876136182,1720625.854749319,-9950035.626223166,-9206483.290295875,151016.7713181769,-8803867.210730761,1290054.257345891,19319046.4332346,-130177.78652968866,-23338.46694667693,916158.4170386032
504,33.295095972803,73.97909182282092,27.395469754707975,478562.1114170428,8348020.35154364,1144202.6821185355,-9770783.418042846,-8622590.909916015,-30469.442797517833,-9038284.313416038,887657.59565188,18121411.862843372,-68653.07457698885,-9052.921086172037,857128.2704862125
505,32.72213298733249,71.90390032210922,11.479187113781562,-141567.15546939836,3649092.623722359,-47056.45831981965,-4201608.089692843,-4492747.172931777,198252.20077909555,-4523509.062267831,-295156.2057775669,8279134.277978536,-394218.55127513513,37247.96316052708,728093.0693074913
506,33.55235724714354,73.72342834304013,11.479047218935737,100648.77467802167,5172253.327312403,-786588.1739295851,-3663139.392172174,-4215616.995477323,113566.06386773144,-3821012.8319295426,-356375.74525163503,8663702.505242012,-1245197.240109084,-17923.107038327624,117230.59934518058
507,32.72248441223469,71.90438308683702,16.770826166133425,17538.085952335736,5634076.492006902,-152776.6857316359,-5974848.988300974,-8055747.915695543,114229.1914593698,-7591056.961781634,-151452.09890690687,13241346.952916143,-395441.7942584589,-118525.36262974134,621302.124107826
508,33.55266289507512,73.72392985373565,16.770587598223607,213659.72949709115,6358817.681487889,-116602.13686874905,-5551352.075628924,-7571983.252910234,-17301.012602467505,-6747152.411038783,116328.7137850328,13086698.971369982,-531456.3416547753,-29180.928968669406,314575.35217433656
509,32.72286334312361,71.90494561727157,22.062434748159678,321294.83920352,7177156.076651644,528597.6729024071,-7698761.192951929,-8394312.533989698,66398.35147420023,-8031475.199455447,350357.0455848124,15708166.742628202,-326351.1261241076,-65362.88945245356,710193.3812057272
510,33.55299896004091,73.72450833691155,22.06218861067466,350013.2640993204,7097238.463042192,631518.1683639472,-7337027.700099195,-7907034.91880183,-36424.4499977922,-7505499.190037321,517731.28319691314,15066537.802345866,-202299.15926346547,-16416.049599568414,596514.5228537846
511,32.67132477955242,71.7917678739096,27.35406386364289,1101142.9730500858,9106195.713137932,1744303.4681525363,-9891928.460164988,-9285064.13800785,138420.21675059886,-8767957.14092318,1309562.3405895978,19410036.954674132,-132792.59099319906,-23719.25741011186,909594.9290816201
512,33.60519587101521,73.83878641439925,27.353799200153258,463632.54758180794,8447646.180339992,1162195.065215992,-9726427.889546089,-8698879.078953138,-39058.79529751548,-9022920.72123688,895741.4482416993,18200653.06613298,-68578.93765827498,-9192.127084639516,865407.9272303384
513,33.02209801475275,71.76585853765937,11.18752083700375,-147426.24891683634,3565511.2462123437,-31257.178645555512,-4056068.069477847,-4382078.467244704,205791.21647633836,-4371993.696735708,-298800.415947351,8057621.931333013,-389615.60268874874,22235.793771453882,696776.9949595613
514,33.858009295500835,73.58279159519464,11.187381303969527,131658.67074692878,5259384.381772008,-746366.3160547137,-3682079.5202200697,-4307158.974262774,110240.51989892914,-3849736.190005484,-312425.568698943,8806838.495168649,-1223942.9278315955,-8758.828768352198,112669.80031055349
515,33.02245599734556,71.7663478413309,16.56249360991616,6175.071853254689,5542692.0405891305,-142765.93520920537,-5830955.015251507,-7908467.567320683,127787.12844971214,-7418541.100724219,-167641.96371239363,12992284.241669798,-396445.4358890316,-122263.34472857928,611360.2375452877
516,33.858320690552866,73.58330026329568,16.56225361536378,251687.99937210628,6535885.952144505,-90166.0759067086,-5627635.920584541,-7777842.9037056025,-9284.96258391263,-6863469.4723655535,144785.10677915157,13416092.241196305,-543010.9321083359,-35236.86337645025,319783.81072263827
517,33.02284516644953,71.76692348722153,21.937434583385,302140.13219588716,7064705.490695663,514303.02709734533,-7519701.63387303,-8280695.375849802,77419.15671853125,-7878471.012332446,321490.140826221,15438129.521495119,-331456.6365579269,-66931.15106767941,698563.4246905674
518,33.85866693877124,73.58389202292031,21.93718584777325,395612.90492034843,7307594.0142922215,673440.2028477457,-7451716.68564995,-8158515.853975284,-29922.084813962618,-7648394.710739026,552871.035200003,15472170.79759934,-204223.43898591853,-16311.232982930283,601567.9969187606
519,32.97096124464001,71.65392141253207,27.312395988138388,1073843.7056464,8942641.792741442,1709398.5729398574,-9644662.817664294,-9138677.140750043,144451.9243000755,-8571534.868952502,1269131.1466555067,19028287.7936247,-135654.14772457443,-24034.296892618073,904083.6285197287
520,33.9112293863722,73.69802167813448,27.312128562795458,520264.0435372917,8716741.288088487,1224258.2380202808,-9912706.2690701,-8994638.292873979,-32478.123016064124,-9203807.50182852,943887.8380281648,18721183.233446404,-68426.95395434253,-9254.319330714945,873922.5092515997
521,33.319244238076635,71.62916747068303,10.89585445969712,-97402.0195383802,3775260.234111576,12272.174717098125,-4109597.6262797355,-4572835.758535728,204251.94235199122,-4436822.071832982,-251372.3244867737,8378324.785610044,-389853.40548066207,18474.762901908915,665272.7191268101
522,34.16647989988922,73.44080448185927,10.895715225120844,99267.37380745844,5010672.688159722,-748032.7713082789,-3468149.110914873,-4094181.7398285135,116061.5786492748,-3658586.926020223,-333399.4656713003,8353893.682350421,-1203541.2196799922,2929.7949743470963,104754.01878559332
523,33.31960895096898,71.62966338244497,16.35416087441933,83293.66255657817,5895051.869808876,-76431.46368413814,-5998026.676654747,-8296960.922319994,129324.24335864499,-7642946.634327399,-93550.12487493646,13638410.82788365,-394705.22171234747,-128659.95607344054,599719.6190498838
524,34.16679702820031,73.44132059660163,16.353919427140344,213323.0290997296,6299613.572051363,-111535.63994026417,-5367686.050963584,-7455779.050438355,8281.347330217457,-6559808.020669987,96363.9562483265,12864845.025632491,-553363.3595572822,-38181.01406122876,322480.6181410859
525,33.32000832006763,71.6302519698789,21.8124342641606,399406.91425978276,7504831.63482106,602498.1153931001,-7751609.404514808,-8724091.750617325,79771.89646640165,-8123582.180674133,410228.511584159,16220090.333563915,-335093.05185376,-68263.33399352842,685368.1909042484
526,34.16715351473449,73.44192555958863,21.812182930683257,354021.40824649716,7056190.1653477205,636342.9566203731,-7120805.930745531,-7860001.978517569,-15679.29166761269,-7328765.006204114,498064.1843989578,14877255.352019746,-206371.2780388227,-16607.05054916377,605155.8903271654
527,33.267426825484904,71.51759438463148,27.270727949688872,1213543.4837898025,9535984.04286308,1846674.5348164926,-10009658.458747743,-9671909.436053053,145646.35578114507,-8870717.683214828,1399796.407909705,20067123.336774506,-137417.19402572312,-24430.632355452126,895905.8805644313
528,34.22043392990223,73.55573801809619,27.27045775352966,450090.17084452976,8368063.165445449,1149446.6876669435,-9454674.534117317,-8626969.68809132,-23621.83119227663,-8806408.698714603,860697.3314787399,17913311.39119278,-68697.28465262085,-9580.937516124428,883118.0180506208
529,33.76231224382,71.41851737208397,10.604188526552942,-448987.32564434805,1346980.4963485124,-165160.45740898384,-1892011.5405596453,-1727039.0255931006,300889.781220677,-2000791.2845827166,-583767.4610454324,3317391.458923328,-376523.72719381936,-3654.362801325804,619692.7488696515
530,34.62650922159191,73.22215749851753,10.604046613350597,-417869.1500151382,1961015.5777499117,-1106788.233385812,-1657824.2673264868,-1555129.5399314305,145979.24044341204,-2002520.2599273655,-858692.5924748325,3297571.0467511583,-1170026.3916604505,-13785.44672888563,106010.9250715351
531,33.76268659951745,71.41902334890207,16.145827656084826,-501935.90098033857,2188074.9459347436,-461799.5763750189,-2780023.9101684205,-3252437.9915009486,221178.97295271643,-3486476.016676242,-703438.1278784296,5414253.613134055,-410860.0947982722,-118437.16748446405,561085.2483105303
532,34.6268344751046,73.22268491722978,16.145582922186694,-419507.11675099505,2546095.148698362,-576066.0906547377,-2602042.241888365,-3039963.6594561236,64353.7397945322,-3224086.5682081245,-547789.4427025202,5322397.952203274,-554088.0992399195,-19300.407940191406,313344.7072281411
533,33.763098520733095,71.41962737547021,21.68743345611132,-398696.7822258149,2821460.3225064026,-201814.9937342736,-3554791.7564734626,-3461635.6536128963,141583.83839591517,-3853000.4273780147,-437742.05055128626,6511691.024475617,-340245.46982620884,-70335.71524871857,671575.984440443
534,34.627203964240444,73.22330555235143,21.687178471560003,-348472.00321333215,2851772.6665602494,-90631.14158389869,-3447603.4057318782,-3272239.6632891684,24843.226058145512,-3670466.7129719155,-235315.51289594988,6318451.747630885,-207574.65710550133,-18185.69671413412,614709.099252247
535,33.70946943894303,71.30748496417378,27.229059696321194,136675.9109989932,3766729.897158394,582044.4332448556,-4521165.743652318,-3959476.355809532,162070.7922511319,-4108941.244540776,233955.1176741283,8360436.368268889,-140252.1947981305,-24145.976402440916,889319.0262016146
536,34.681556957522325,73.33663403785901,27.228785488386883,-470985.8966467029,3408381.0437249416,62383.67253448488,-4733009.729039886,-3712950.75655523,-30119.349928190753,-4747626.357624,-105509.92373756356,7852915.100974292,-67937.3812477211,-9087.32217387058,898997.6283063146
537,34.359781115819914,71.12990934310227,10.312522355778174,-460440.82580161537,1341307.289863484,-171707.78489174205,-1815537.338080663,-1775494.4414141478,303920.275392507,-1976099.9066014136,-608289.0330190656,3293547.618790605,-380643.04064170894,-7425.496599901796,567269.6934754287
538,35.22961702529217,72.93084769774762,10.312375841027118,-412475.3958558942,1988034.9353548891,-1103535.9068555404,-1636945.7936153014,-1659558.2999782888,149282.94232507033,-2060101.5138161217,-831839.3056083648,3363964.4520679433,-1149836.0435238583,-5924.198055174989,85133.08918092794
539,34.36016859632244,71.13042981087735,15.937494237082417,-509296.02425329376,2186668.7375394125,-463852.4432115784,-2732421.3808932095,-3269929.8186271987,228203.4431319794,-3468852.730367493,-715126.8705287338,5397499.870970767,-418809.139576091,-124791.1718471181,529767.3074897316
540,35.22995314863161,72.93139082890909,15.937244526148845,-412401.500428273,2593244.6101401895,-566628.3028446074,-2628442.5092416434,-3144553.3517463775,73097.99962492591,-3289447.418155941,-546266.8313206433,5449929.056343893,-545285.0703316681,-19054.52723110578,334390.9585270882
541,34.3605956500206,71.13105190459665,21.562431864167046,-401654.0685929159,2803238.255500639,-206640.88901728403,-3492752.5944229686,-3468248.7451710426,147880.79125670888,-3818634.855319883,-449980.76311431406,6463558.916324634,-346585.8408814279,-72314.12495703771,650083.9975587217
542,35.23033821953231,72.93202946828804,21.562172349240093,-340072.868592739,2905001.1910204114,-83319.87825514958,-3473917.620121533,-3372151.3058917536,33472.35903661018,-3723191.8321011476,-239077.82416692097,6443878.100440592,-206870.3734604595,-19404.731470876388,629798.8510775645
543,34.30662908064661,71.01909577384326,27.18739043749667,143315.40070045786,3729412.1530975415,576182.2833198924,-4432673.23431591,-3964377.724445615,167674.07198702238,-4054060.16996111,222751.8477888251,8280218.159290177,-143966.11060530142,-25026.344496249392,876757.3468231971
544,35.285058342505266,73.04520652919729,27.18711122205036,-464911.038733433,3470196.7896884657,71185.99707454804,-4773918.9017316485,-3831176.3046126985,-19477.172794941423,-4811992.565678131,-113566.15306812583,8002030.466775838,-67341.01058994628,-8716.356458506994,919953.2020833534
545,34.94887976731933,70.84552554974849,10.020855772117754,-445229.45611092687,1464319.280168023,-160408.72145827004,-1798724.1741329066,-1913054.9248424235,313831.3017742732,-1988723.1367214047,-619172.2997909016,3466576.539111131,-398852.2012789479,1197.3232904775114,538300.9508546353
546,35.84109253735883,72.63530943543786,10.02070580218971,-411920.58774765837,1895754.2141370894,-1118327.681476727,-1493639.8985400656,-1584250.181528589,157084.12250266416,-1975550.1403154824,-817199.0100325586,3158255.095260745,-1158170.0466862936,5783.252874785233,68765.30570860849
547,34.94928118757356,70.84606199193999,15.729160265684534,-480572.9757944916,2397278.5039966633,-435897.1140892301,-2784847.453671453,-3502808.0042966837,232827.67549992946,-3578004.223906453,-689948.4291194209,5748761.067138813,-424758.7764370679,-129289.86850555519,499800.0313026359
548,35.841440655122256,72.63587015213356,15.728905475359896,-405848.7574929574,2489929.5145334513,-568327.0788504891,-2473651.6095450916,-3006733.4783092025,83437.16079266072,-3124512.419950305,-551414.0762825068,5191680.174422815,-539202.6983219296,-16532.152126889887,350653.4473972741
549,34.949723513380825,70.84670196326383,21.437429641147546,-360991.24044077354,3041470.3285825187,-163659.2782901615,-3572784.4605355747,-3699433.5005209306,152710.9686212763,-3912455.016860325,-417193.01146832295,6846467.838180231,-351163.6541577663,-72817.05582027974,631763.7409641859
550,35.8418414418829,72.6365269948922,21.437165497147525,-328670.68732067046,2785843.7545880512,-94814.99052558269,-3272104.321478629,-3218103.495516726,42415.45273073081,-3517207.8501729406,-250189.81546847813,6129755.742383216,-204743.95446462664,-20985.733273340968,644465.8603016771
551,34.894373300660256,70.735460144232,27.145720527450894,212558.81611309492,4040110.351353672,647754.9237947705,-4562242.934797288,-4244023.573436812,171954.83534913632,-4160445.2982645296,279610.8027018554,8781258.586824214,-145297.6107261002,-23986.482705445185,868247.0303379965
552,35.89797520987463,72.7490243416161,27.14543631502662,-465159.89934979763,3300100.0473051034,37475.77517362789,-4495923.562341371,-3643460.5536200604,-10379.871495689844,-4553571.314332087,-145585.5238817067,7571572.7613427285,-67254.70871699504,-8688.996462531171,941627.4916214163
553,35.82124856900304,70.39678365371752,9.729190497573992,-402828.0818188421,328490.2430044506,-192114.03484259453,-663496.4734401687,-387737.0583185419,358013.568590581,-821737.7410358635,-398797.2400319448,954083.1074108223,-423070.0793215472,7678.576157409843,513700.5993206966
554,36.74691909698091,72.16962709155547,9.729033480568203,-435433.4190993635,494699.5153851367,-1253171.9443147187,-542065.3542455159,-221886.34919439047,139455.8878474312,-1288318.1291851192,-682719.2129272132,777131.4940833875,-1182737.4151239546,10989.222652624558,40508.767593842014
555,35.821671577232685,70.397346015314,15.520826759282624,-417295.7542803703,537979.4805744865,-574683.23690503,-990930.0712835762,-894774.5384427949,248197.44315886465,-1245976.632364489,-747706.884810294,1539684.0065638688,-448965.04561071773,-125257.2440142487,449569.30940565
556,36.747287444910505,72.17021546915673,15.520563462183183,-328958.8888010564,673793.7502969757,-706866.2637935964,-920826.5154623523,-722365.2218773249,53968.929259512915,-1200896.9118699664,-583852.3692438742,1422717.8788161634,-525470.0381207769,-5349.66849020974,367191.64956917445
557,35.822134818520105,70.39800894344536,21.312427387184083,-267899.91878134216,732427.4670752871,-467967.4817004665,-1258300.5561608202,-979272.0325446362,144534.39686969106,-1399886.469534554,-530367.1282225109,1926813.664350544,-361457.8491955898,-74839.35021212853,602848.9231341225
558,36.74770989736111,72.17089575879231,21.31215656723711,-161475.20086250908,759791.5384816339,-339971.90224482,-1234227.6148600816,-845970.4180239891,11109.127667888992,-1300912.5949868788,-290216.76006761316,1849473.7904287966,-198336.81117704694,-22859.26625810936,672173.461047377
559,35.7647128043191,70.28784637154065,27.104050754411258,208684.80933479161,1199697.9650375512,131916.49770649703,-1614074.1635508938,-1285067.3894086087,143971.25943380792,-1350165.0806773815,21397.330691018426,2869067.022065202,-150438.91799780566,-23994.531623792333,847852.6360939719
560,36.805955213572204,72.28235514025344,27.10375943733378,-381742.1848225997,902746.320516065,-387475.42149671045,-1945180.0971966276,-1099021.138298899,-57957.71232636262,-2097236.126181381,-336189.88259163493,2566954.72296977,-66660.39726556285,-7865.434650981342,973315.9150823306
561,36.993612885148366,69.7752129586722,9.437525561552047,-424896.0866475535,334971.1180880981,-201925.61548249202,-625849.9493603943,-378082.7138779475,377928.81896217307,-823538.0077713631,-393278.98527493357,924966.4090043495,-461116.25252310216,22355.45644442279,501211.7348267467
562,37.930368286887195,71.5422685274932,9.437358684755175,-463954.7206565007,519446.8247392998,-1294632.0058395187,-524194.01852107927,-244812.31540280284,172688.23198428072,-1341577.0893144463,-685375.7893141961,787812.9768719228,-1230257.752949515,10632.096362375576,22199.344493926634
563,36.99406507583221,69.77581161539862,15.312493292196418,-442155.49510871805,529600.6423237569,-602085.4228666307,-934252.9291910593,-903066.2557594103,254051.69854305615,-1234001.3603156318,-772305.4477225678,1491666.5323866084,-475494.93539842556,-127383.1231337398,397403.0103203709
564,37.93076540235549,71.54289355256059,15.31221852789917,-320921.352377289,705287.205479763,-694954.2684151056,-928134.056432994,-778603.7189053348,64618.49200693751,-1221793.1513432115,-573747.11255205,1484951.8485826298,-505779.86923587765,1382.5825153857863,400309.4095203682
565,36.994555352031654,69.77650311086069,21.187424021449047,-273472.63767064153,712534.19926023,-480800.82746177807,-1192243.9304337224,-977151.2097063969,145548.08297200294,-1364571.5134272617,-536826.8300932593,1859659.0776483312,-375250.0107932398,-76623.07420417987,563845.6156479376
566,37.93121537584289,71.54360239433139,21.187144897029043,-148381.97287397878,783231.2573995241,-333022.81349184935,-1241605.8063720656,-894147.5383362455,17675.14591158616,-1316267.3958553423,-283540.19977393886,1901634.066662977,-188063.45226939063,-23212.28474897413,709792.8974560391
567,36.93646481340846,69.6667259687185,27.062379529417754,232792.22031471686,1170995.117740959,133358.02903155136,-1524471.5522098115,-1278948.0218673062,146185.04252268485,-1280182.6120282703,30648.495811096578,2786679.483304401,-156295.31536977403,-25079.770270282068,819324.5705752012
568,37.99017863169716,71.65472365236549,27.062079542112937,-376777.8891663662,922733.9922532337,-392018.6896729099,-1953813.4370812357,-1156346.7638040576,-44234.33047251902,-2116144.208999238,-349098.59833860636,2619180.2207518006,-64825.47395434258,-4653.661829245917,1018432.6512367241
569,38.16054386777282,69.15673649165832,9.145859241539544,-437780.4310007047,365695.3755766228,-217181.4738202113,-608069.5467742577,-396994.71877156483,394112.80585872004,-825261.804130447,-407726.66348387033,943721.9383700241,-493069.71100342565,31509.179608617495,495606.6745442111
570,39.11924382811525,70.91180573428733,9.14568363090185,-473901.7768266853,495696.08042777673,-1347543.7190723883,-466099.1576231962,-209614.26362681208,200545.09403932677,-1398152.4343596776,-646268.2857689902,718671.3046573702,-1291931.5321129065,-9403.332442906409,30086.46761040073
571,38.161024550018084,69.15737145370764,15.104157452859372,-463055.2491175644,569252.9875407051,-625919.4781683419,-911377.6331299107,-972337.7150691348,260576.82552332137,-1273704.112395685,-787392.2673258056,1541374.63997629,-496963.5853408673,-125369.41249178853,362498.5595206903
572,39.11967116317453,70.91246658381569,15.103871521214462,-293793.2363503354,684422.5452441962,-689133.6309782196,-862200.301616883,-746397.0704356837,73628.66188935604,-1157152.3396884212,-554000.0361151458,1412648.0537192086,-497672.1578563385,6827.883199763328,420296.4362517742
573,38.16154239910027,69.1580919426886,21.062418048531846,-283772.1522865646,749280.7493266826,-486942.9662658293,-1173780.1972461115,-1041957.294897124,148126.90605269684,-1387393.5255823308,-540137.7091539494,1906096.8655105694,-385249.2714135127,-76562.22517951789,541740.7262520947
574,39.12014927713648,70.91320448912172,21.062130696635514,-104463.22150183748,748756.4592773352,-325704.02047889447,-1161745.6697600968,-856405.8852632398,21681.31115545392,-1226514.041323842,-263482.0132406422,1808585.2718610875,-178843.77718492443,-25054.755299883942,739288.6311342862
575,38.10210469708743,69.04908714592554,27.02070562843313,250245.0349425096,1218087.571083594,147001.73465246952,-1503098.0963866378,-1354967.3561125407,148605.51226684413,-1285168.8763216792,45883.607353725194,2854619.609646527,-158156.23865306488,-24194.36191148279,808669.6559043794
576,39.180509268962,71.02359957099381,27.020397358578414,-336898.77987014235,863355.3292055653,-401950.7680376582,-1845525.7432918348,-1110848.3489707962,-33461.982518382545,-2003465.090021783,-354567.22575601615,2482538.0970755643,-64785.8205990739,-3884.920395246548,1054800.3094534534
577,39.30031500047815,68.51547555442934,8.854194308738375,-459211.08180501504,388319.4436223375,-222253.1170871097,-568278.7626741357,-409244.4342168934,379398.3205647384,-806391.5765663428,-413381.97024151817,926628.7915380738,-506925.1085105413,30550.066590122697,483266.8458984726
578,40.30259228633127,70.24602905609352,8.854010566717712,-494397.9592873767,514591.9572525687,-1385198.6237355992,-424647.2458100526,-226692.5372894353,209596.75640667448,-1441556.2886587724,-631905.4948266929,708457.1577150577,-1337042.0762724783,-23379.091011085995,38220.564945284794
579,39.300823352251214,68.5161441677239,14.895823608710693,-503338.2565536115,593307.1005616284,-651563.4625012605,-852479.419700087,-1018300.0806813122,232540.3076371992,-1312144.0468524278,-778409.7877242052,1528959.2160833897,-514898.68150195293,-126055.01520419343,326673.188327819
580,40.303050863054786,70.24672300220234,14.895526812974587,-314830.12085636833,715992.4150387655,-691334.2861625501,-824349.5307731073,-789260.9335098632,58569.78123841162,-1179834.2103429553,-533376.1341925948,1423038.3525553972,-496115.7348594851,10932.925478237414,433013.1454781004
581,39.301369527647864,68.51689335607756,20.9374143409093,-331860.12290672073,767130.5717575275,-505061.76884692267,-1111678.915271929,-1086727.040893182,118299.99809339788,-1414209.8737942032,-534353.7711534061,1878772.3249514932,-398655.4810351639,-77339.52677844542,514892.2416441129
582,40.303558584605696,70.24748990680513,20.937118726658525,-129882.28206324819,775004.3933489083,-325204.17442159797,-1130206.6409814993,-897461.6877164934,48.896223452007874,-1245358.7513047303,-245200.18080864643,1810476.8689774396,-170714.8862729414,-25359.901188497082,769383.9633115713
583,39.23923302979183,68.40944326813391,26.97903397587531,208451.7806877647,1229706.4088103897,141270.3248033934,-1415281.8195560924,-1396432.316205561,112730.60793801979,-1284817.4617575186,62015.88443514614,2802230.0916239214,-163854.60532216317,-24172.822399069802,788569.8855231003
584,40.36666845294652,70.35637531056705,26.978717604536374,-387845.3622077409,874506.822693004,-416687.51180359116,-1797435.2223973442,-1150966.9503794748,-52971.02910545959,-2019310.891134012,-359859.4674941099,2449144.307309794,-63799.17100773513,-2061.18804796904,1091567.987012723
585,40.43471199384359,67.83917376698592,8.56252992577472,-457558.3217028637,364332.1735534279,-215714.28526203064,-507010.6615334892,-369178.47337893216,383440.2069980196,-788166.6358269601,-365924.91488028504,845151.1172957781,-513775.9547708366,19756.749752359552,471692.5387181967
586,41.458627200763566,69.55719517976925,8.562339181391232,-498162.0834365731,531283.5688028823,-1407406.69627082,-399079.36453823355,-262976.3571234695,235916.6206191251,-1479229.2480094503,-613016.7559261953,717960.7930311346,-1363444.2039916837,-31808.895642620166,43927.51726071201
587,40.43524734892975,67.83987305362596,14.687491872433235,-493901.97422112775,549683.0287177593,-668271.6071189607,-754659.6725873292,-966998.9230296599,237798.66695767158,-1251115.056618781,-763683.756485787,1402308.2604822398,-531036.6363558465,-125899.18049143579,286060.41093252256
588,41.45911662008376,69.55791829152233,14.68718515945831,-309322.08819407516,742511.9640600285,-691937.1660016318,-797814.1224997324,-849666.0720961841,75935.28356518893,-1197563.1248566776,-525415.7202196651,1464231.5549406647,-497836.14729689556,14496.987142069165,439959.7737352575
589,40.435822597791784,67.8406504952352,20.81241270681234,-308382.82981892995,709534.7153690443,-520119.52276462683,-993182.5137570373,-1038338.254040051,122037.91416346162,-1326563.5878958406,-522934.25395738933,1730530.2046387182,-414638.033952027,-78976.44433541622,480163.18053218187
590,41.4596548687844,69.55871306947449,20.812109284485953,-112803.58779443841,802204.6504395566,-318057.8393935165,-1112268.054803222,-955750.4514157071,8770.801347438297,-1249462.923511199,-234610.32749710584,1855416.4742599064,-164494.73879001045,-24391.749590308413,796028.591403064
591,40.37235938266377,67.73400565131237,26.937363963390307,261141.4627060778,1148783.8612652433,136613.91776560515,-1257091.5211468204,-1337774.8093578187,114787.91722473846,-1156258.469540242,89799.71137491171,2612997.9999022568,-171904.5002193511,-25251.246893361345,758878.6278622265
592,41.52414407398497,69.6668371828767,26.93704008062462,-376697.5994294238,895806.0342315311,-416532.6700882325,-1778392.5082507706,-1223351.5954269934,-38274.07737453824,-2022456.4769087576,-367715.62117047387,2492747.8627931057,-62580.7697339316,1311.64730044566,1126624.1768601132
593,41.563999083820235,67.16650238386302,8.270863352245259,-464368.2896127634,393879.49371938,-221291.6585567409,-474656.7019856407,-404574.7443982193,384866.001774201,-774797.753319527,-381784.07625589916,864801.3751253019,-522766.0843815786,13261.797951453827,451491.33986010763
594,42.619765389820984,68.8647231427154,8.270666687847239,-484675.89040230523,488129.38432496437,-1436102.8805757603,-335873.68055302626,-211240.57217866782,254165.94109702337,-1507899.4850886418,-555269.7225847597,630519.8210203005,-1393137.5982104316,-31707.155691504184,46221.25760130339
595,41.56455973093001,67.16722930681598,14.479156971047729,-493110.0363917722,581287.4596661339,-678293.4066332609,-713075.3447680678,-1036874.5005820652,241202.65379810764,-1295199.2260758348,-742572.5586189701,1447655.801335906,-537506.5633268654,-123627.93805733256,261637.44259084403
596,42.620284226704214,68.86547220612577,14.478841186434085,-271810.80512298655,688901.8472047304,-693256.605843521,-698642.967572209,-763317.4501135782,89883.48015253102,-1097984.1443333793,-495589.0966670289,1317407.6772386315,-503142.38800466544,17059.615120128154,447779.7832473526
597,41.565163608761594,67.16803405423977,20.68740826549293,-302208.0310416579,738041.9986914936,-525545.5433263689,-952695.5518585673,-1112042.7307947138,125815.33360718955,-1352567.5664290073,-509971.7705151287,1772827.7612676031,-422218.01189493906,-79749.21738875647,469522.53624304134
598,42.620853191106384,68.86629361697712,20.687097278524316,-50987.1805629021,740417.8646242716,-311638.4121767845,-994179.3092711663,-869350.8712585514,13827.342247414797,-1110565.1232809073,-203367.42512838411,1691724.820293876,-158523.92914784024,-25690.988088453443,818953.144611631
599,41.499735407775944,67.06264849004545,26.895691233997923,293386.8590730627,1182594.1997802518,147904.07835204017,-1209176.7768608797,-1428936.5717464683,116742.33537492887,-1171283.5559273905,120226.66756858805,2674942.025564157,-173361.34240784,-24098.520123029375,758910.0600664872
600,42.68736044887033,68.97320142656233,26.895360164754074,-313221.91981791327,797734.0796520833,-425866.7917439079,-1620456.3664425507,-1125079.652979599,-27534.990952917167,-1848776.3380995656,-362273.55028976436,2269695.256479592,-62329.37658888166,2709.671323072258,1160275.431320459
601,42.93542691457924,66.27754341187314,7.979199224270474,-333012.6075722934,88466.36096039656,-175191.4316086179,-181323.05752316894,224994.1792246568,369749.5827072658,-730172.0855978482,89986.58251260342,220447.82486473018,-519830.83158002864,6387.417682165746,427739.68452363665
602,44.04385385813911,67.94210587541802,7.9789955356508235,-343683.14919642644,103741.66436380084,-1436821.1793976545,-105421.74296079807,344926.7193633176,238668.67474428692,-1564056.6233279982,-295949.49222791183,183243.4513256299,-1412527.784309309,-41433.03473855702,47980.926713037836
603,42.93601703745416,66.27829887008143,14.270825644805425,-242100.56417895178,95345.58232667434,-653241.0555765653,-222735.12188576467,-30913.665542742663,217388.628539925,-751501.5232902281,-273391.54417209304,224897.0300334781,-545527.850462402,-121259.2022556341,219192.90682972208
604,44.04440782569051,67.94288148626885,14.27049943395814,43243.978097950225,265607.96692280995,-647164.0653482714,-285595.1209260755,120087.87358615393,63951.56006296481,-678278.3302887671,-124584.29048524806,464550.50044650387,-508373.5958573686,19357.65852968158,447315.29443891544
605,42.93665455049795,66.27913213740155,20.562407569796065,74504.95971375865,168435.8628511111,-528512.6968357221,-298895.56722533255,-128183.43569067543,98760.18580304256,-555360.5280137561,-180918.3390378917,450706.9927807955,-435067.29680009047,-80620.1863003073,444817.39484220673
606,44.04501387162969,67.94373044994406,20.56208774133834,421673.7273590354,314285.48685736366,-260948.48092352168,-435752.89807642245,-3594.8603622826045,-17996.524643480494,-262181.3461628646,-69951.47321283146,807143.5526685731,-156127.70031379897,-26840.68723376293,833975.5885485245
607,42.86796539140494,66.17587326419127,26.85402217468536,706166.2529579913,479920.90046653047,105654.22074207386,-365799.7806188676,-369919.36513485457,76555.79518204783,-144410.48162693414,370902.764917748,1065249.0908757814,-181074.76704455278,-23818.829595776366,736929.6771272174
608,44.11484556588027,68.0485568957509,26.8536826105373,175508.86122587687,275305.2728740057,-423800.251597431,-912261.0252282218,-208061.88976718762,-62955.93554873398,-787766.1546588723,-331744.9467268461,1146524.98388817,-63226.816911621,3736.0452747881927,1186803.7747282507
609,44.575319642298076,65.15546722202167,7.687535694352522,-362651.8720562747,79171.51821903107,-163123.03560384258,-154074.29335429042,262634.047325499,357331.3777145543,-733376.3602914051,28852.934704491712,257920.03614582715,-515551.02570750826,-16471.0403565377,412506.500382962
610,45.70456394140571,66.80616734524556,7.687325042807352,-361540.1618376649,116050.1411822015,-1447781.9276030017,-105675.69139221357,331911.06232325634,263761.33141384285,-1579543.0335094752,-302458.4272073525,188729.51245836305,-1421787.1878320547,-42623.106986740786,49727.44154366765
611,44.575942266390534,65.15625052089996,14.062496113246267,-276022.0118200121,88220.34213891177,-664976.763738965,-190460.7519550755,25422.08049171009,204552.50409446465,-764778.0594456263,-261869.61721557216,173869.24324113317,-554361.7850117167,-117522.57792515104,164516.5354738287
612,45.705156698585334,66.80696729123065,14.062159300641026,18737.405456232373,298116.10218818777,-650898.3408534825,-297748.6156393908,109996.4468643656,79966.9144998712,-684171.8027217791,-139423.2204860529,489550.18999876967,-510805.4838325633,24236.867485178183,458033.49965406244
613,44.57661813810343,65.15711255242731,20.43740846119578,55552.025208918625,162260.1664852996,-543997.9328802235,-264080.33350372425,-80052.92994286613,87873.74341164401,-559497.0208615713,-159778.37125691684,393089.6509324828,-449904.77666553366,-81933.7396918049,405413.39400740905
614,45.705804876333644,66.80784294222408,20.437079333024386,405535.66280122893,356848.85718997463,-258310.90439727547,-459896.84297924035,-11869.074353573445,-14947.295707850195,-260291.12238422196,-77374.70842473317,841739.4464028832,-152003.26802917823,-22966.44548742492,860694.0912401999
615,44.506662709761564,65.05474365808463,26.812354355714422,736142.4176218886,463000.9889235217,107379.48368339345,-293490.2151267148,-322301.7964141097,66736.46558247949,-94582.57290514663,412239.33771935117,988866.1254145991,-190110.426730731,-23937.082377876606,702531.0858065421
616,45.77697555823238,66.91182484808003,26.81200574768347,162984.02655544822,307005.2609207474,-426555.328943524,-922368.3632350154,-231607.63330658714,-50250.61669368005,-795145.0677570686,-333293.91642027575,1171872.942710016,-59572.15752891871,11021.984168616538,1228949.861166947
617,46.21285059970715,64.03547521727037,7.3958674245408815,-401817.5758087396,90594.73584876198,-182869.50616821554,-141176.60323785656,268019.7690432731,347288.98594431736,-747322.4290373458,-9954.74950814119,263184.8324172941,-525693.9984424427,-32876.58823116382,383424.07600358437
618,47.367618266675144,65.66812343741171,7.395652640344284,-366582.21849027486,117517.11630075425,-1478346.9856178265,-101428.7483147074,353669.184482545,280645.1443847304,-1622806.4778608186,-300288.0204871733,195682.41054064492,-1449461.1782810478,-34196.05875093362,44453.89420084036
619,46.213501583212704,64.0362795334286,13.854158955533537,-310644.03284446016,110967.10471521929,-672865.2967124878,-188996.3041444663,31349.33955200663,193961.71800764455,-770117.7211475328,-287730.2124050076,185305.70871081174,-557221.5975332656,-107989.79897258364,139908.91742902526
620,47.36824501092916,65.66894071437711,13.853813886143353,7647.240034589951,305341.46776657796,-661332.4190155049,-288086.86315424787,162619.8233946285,92069.54900913736,-716771.8347484177,-119803.25315125463,488231.37668533553,-526646.538707412,23675.665041841254,456742.58925858507
621,46.214213865813385,64.03716633612959,20.312402312377632,26365.47172898236,186493.49676781837,-551635.8623133686,-272399.0874678034,-81400.75068556752,76961.87710350154,-565024.2759342382,-177075.9530306731,403323.3351483436,-451339.64204251755,-84189.74731441338,403889.560139339
622,47.36893336926131,65.66983869477755,20.312064948311733,410305.4383769563,371477.23535422445,-250851.44041491195,-452515.7623472409,41843.711448776885,-16284.103557317136,-254228.9889677819,-60175.25046320544,845335.4727472563,-150247.6079061658,-27308.44785671864,868862.5339625458
623,46.14269722458419,63.93594673771789,26.77068002969108,748215.0123701801,480978.3469535349,111928.7893792571,-278056.90903925826,-334340.7704375134,56145.24378806033,-96919.96480315946,449928.8264094459,988113.2870966858,-189214.0229031434,-24701.88576179619,715908.8467575002
624,47.441736471913906,65.7727114618955,26.770323452694903,177902.09024479953,300995.91449250106,-427016.07853204245,-885361.5041670295,-183301.8491805278,-40470.00840630623,-728891.2234269469,-353491.580363234,1134264.7299954388,-62920.12549865862,9586.228611151628,1245482.4140063361
625,47.66404019292956,62.974754490969346,7.250034211537674,-117667.58071471206,-96260.89005963835,-28473.755328926683,-111248.3605442698,-20457.780355149524,324633.2259111342,-416799.85801949946,-101687.50478458367,276085.136700806,-527775.9905143038,-39061.55973802584,357872.9441744838
626,48.874182580826755,64.56665739113176,7.249815270254629,-101894.64264757004,-20237.45809699077,-1340095.8935927025,-49279.0628998655,100239.78783068994,255721.86370290816,-1399278.7681271522,-66309.42919111717,3360.202981006121,-1468225.445707991,-30067.541947384678,42696.614451691814
627,47.664713905146215,62.97557178153962,13.749991119896123,-92481.92642844457,-14009.085063181701,-499954.8373318932,-196361.36620049927,-436101.9633948339,166816.01322983135,-759465.4274465648,-226268.47205304907,379288.05067609425,-561502.5276371251,-98464.82521199097,108247.07231219426
628,48.87483708181048,64.5674848188976,13.749639241602704,173427.11075487378,191166.83025503374,-507452.79305458476,-284760.21938090393,-261185.65428745287,90473.91304227637,-594326.7299334947,-77562.8526595379,529030.7305483553,-533870.5257585824,26672.861879768174,463549.80118045997
629,47.66545421045332,62.97647264702476,20.249899703921834,48986.94476098535,166368.29452809188,-463155.2271112893,-343097.7095201325,-544236.6582687262,58279.76645692057,-796299.8021797191,-109601.44150627617,658101.2558637833,-454497.3703046702,-85250.40561718261,392920.48663714464
630,48.87555746161938,64.56839474668895,20.2495557869898,364728.6133420939,339799.5788575917,-177882.38589784663,-521125.2870753382,-380744.78114726243,-6077.130816664443,-477059.58907895273,64825.858730301225,938879.5366504905,-147043.5198810911,-26724.791812994456,883906.0542242564
631,47.59050305707243,62.87781130800616,26.74984332237634,625718.4983991386,566215.4104005205,137038.25769905723,-383855.0710957644,-823526.3959914853,30376.770018131134,-539546.9468680696,517704.2511003724,1350814.8622664134,-191717.13307776718,-25219.925690545966,713791.497324408
632,48.951851477446446,64.66873107431012,26.749480223127406,-52590.69866459536,355443.5859238395,-434808.44729445566,-993268.0200223154,-627974.9787461408,-34952.222359989944,-1151050.8212720433,-277306.8426060342,1296402.1038428668,-61751.68937798609,11850.963760360908,1267329.3506353665
633,48.956572332144944,61.952937463356776,7.2500362485909475,-108661.05572752043,-103376.81722108272,-18174.10866406821,-80401.0524897255,45816.38321688115,318428.0993736926,-411790.0577382959,-77567.41183740874,259145.48796303317,-526839.3676157637,-40695.997943704046,361343.15706534183
634,50.19657583226587,63.52214003855883,7.249813069901163,-104094.59557563368,-28813.655091023422,-1349795.151891127,-26098.07216928996,78852.11948797762,273123.88326805533,-1411971.6681736987,-50168.33703807183,-20563.397346013437,-1481907.3708689348,-45773.19127120719,43953.9226026414
635,48.95726385637239,61.95376152041301,13.749993695347483,-72567.19956503184,-40246.52897260169,-505365.9404873256,-147626.35443841034,-337317.0445353873,156773.46797553668,-691178.2126086302,-189550.83186224816,262549.3754459192,-563397.6746276561,-93702.17265752958,81866.9400543774
636,50.19725270034436,63.52297118438325,13.74963639547224,182387.48269450918,190730.5705907395,-505176.6211076965,-262514.8294584704,-288828.03719724546,99012.63532341448,-609455.1485522452,-47427.366115981735,524823.9468457792,-532557.7391523984,29092.776194400714,466854.3186079771
637,48.95802415365832,61.954666677211975,20.24990152183081,84101.711640823,131055.93994398767,-467236.5196385357,-281378.7092283247,-450305.1411699387,51609.962336051605,-719114.4114306691,-71110.41088028206,538145.954257226,-458799.400944788,-84638.7687128023,373302.234411244
638,50.19799650130205,63.52388321852728,20.249552922412246,373319.6119552051,341399.6348526094,-176639.53991574998,-495851.5351767543,-403527.88719456823,-3036.387336324022,-482643.49758335465,91634.04449247642,929089.1599829425,-146271.65106468942,-24886.356154317364,889609.4139762179
639,48.88122546298263,61.85742693653957,26.749844854715988,693855.8588921779,505082.8407579269,139378.6723929218,-281937.31205782044,-720589.8527537629,26437.266370600042,-442300.86119906866,595423.5702466689,1185194.6629954262,-196375.09164720823,-25877.03910123706,693258.1379185001
640,50.27617883955649,63.622801805742306,26.749476878101895,-48033.345116932454,341386.41681456135,-441110.5537424699,-944289.5106677929,-668731.8841152617,-20269.598604584844,-1143440.9910931976,-273155.0100858603,1268838.5191342174,-59990.687032552276,13885.739376975194,1278775.2125424265
641,50.240126103149244,60.93989399679773,7.250034456289437,-101264.63939456157,-113744.30521522829,-34148.81987667206,-65966.38202060515,44132.9814753233,313250.0764073735,-404026.8713739479,-92827.43746045236,247696.54434793832,-540086.6436446151,-28822.88711078644,358108.759563081
642,51.52793381762547,62.46883204488554,7.249809166531089,-92477.06826902642,-49988.562136072316,-1382731.620003518,-9507.15100668098,167210.77701463283,285001.11658617045,-1462297.262867276,-56520.303931029724,-6379.683610311808,-1513226.8636610392,-47186.79697590238,46772.87301567648
643,50.24083239583882,60.940721051976595,13.749990314214113,-58507.560363302146,-50997.192547579616,-506454.28290342086,-128008.36342505658,-355555.89214687346,146581.89038671172,-708345.0010039487,-160064.54270092057,252450.50789056643,-558233.01116392,-89107.50416704584,94853.30194850492
644,51.52863013441717,62.469662484174954,13.74962925196514,210202.44402694813,180147.9841644658,-505617.5223353005,-234921.48695082206,-144798.9494553344,102378.60658706367,-539273.4337454245,-37850.145139925575,461856.4847414636,-535892.009124723,30330.899881805326,470031.4793329748
645,50.241610548541495,60.94162789236444,20.249898041089928,101016.92296360468,115223.0228774273,-466370.228684344,-257513.18585996225,-473465.09030596155,44575.51266379141,-740778.5979274327,-34675.44616587167,525323.7612499921,-450943.3148990306,-87203.00934331212,395832.82055450784
646,51.52939530397699,62.47057367062804,20.249545703878983,419868.0382432876,333357.00489275466,-165882.85876329354,-458696.287106816,-260836.25130716767,-4114.420215623702,-340495.11351575865,60517.63160126582,867319.6662872415,-142511.66674696354,-26543.640676710285,895014.9454027484
647,50.16184134901326,60.846905456911244,26.7498415157918,734135.4147990264,473337.562025261,141937.7494490429,-232007.630808421,-760621.8059578806,22059.670714037915,-484617.79470186174,659930.3560557477,1174098.1649194444,-190137.1660170209,-27025.54763602454,728332.6716330136
648,51.61058606060333,62.56697433841811,26.74946975975184,11522.934076726015,307751.4219282261,-437925.1409717763,-870807.1145836784,-517471.6399903333,-9207.201553985775,-975131.9808187314,-286354.7940592234,1142835.9899111302,-59643.46806717487,13579.33038768581,1291190.039299641
649,52.06289339625481,59.30358332080817,7.395872178342725,180587.58347181036,-126188.11634256825,138455.06224438048,-52849.128888687104,821660.9530194205,307121.09646657266,-881284.1000103862,177456.4688114753,896682.160572533,-527167.4620771667,260.2914696668726,396459.2132178583
650,53.42143716241434,60.77102545756179,7.395644530110705,205009.59773383063,-193090.0346838595,-1257036.4666951685,-36997.22756273743,836418.0652635513,288338.83713819226,-1753795.7450788983,148312.77916348478,360366.0622702165,-1515150.5866709715,-84749.2430641891,52899.66164006286
651,52.06361371709205,59.30440455301731,13.85416572843056,321184.62246903207,-72632.74938280706,-329829.51642393944,-136577.82201748368,859751.456322402,153889.06907705433,-1100322.6954310304,350931.9019334184,668113.1501598974,-544710.3716722236,-85172.69315958633,110859.81012875398
652,53.4221546152928,60.77184444227571,13.853801239639292,668792.7520030189,166622.78614984127,-314361.984848548,-283281.26600277843,892134.562621441,129341.30956943463,-1042325.4477234405,621823.7414831611,941555.2595445913,-536507.9160573711,28222.527039491728,436138.77448881755
653,52.06440885397498,59.30530133965188,20.312407763732757,537929.7076277956,148682.2391812793,-317789.30563732394,-291889.3542180782,702654.9339926628,66641.32901930016,-861708.1257672718,415828.953276954,814701.8136620685,-447696.9085629331,-84126.26755214276,407801.74462029093
654,53.42294229952938,60.77274149526809,20.31205211231857,974397.9203718599,455233.04191450035,23810.31665347886,-541536.4166788803,743171.228178418,36666.2921955086,-618698.3067960242,635192.1939890581,1436947.391746805,-149781.80762963498,-29460.634707200294,865460.7443523495
655,51.98023549931907,59.214412629127324,26.770684644338,1203274.3349096049,540797.1551865998,269853.9209329545,-230075.15797217592,502342.77856738993,29421.228985233913,-135266.61657821535,853645.236653717,1295546.7909536578,-190474.91193482204,-24951.12298708307,732372.1845497978
656,53.50857680988178,60.8652844311361,26.770309270173474,593144.2327787906,498024.93666775106,-269822.58306874085,-937008.5785626993,537471.3195287324,23284.485845804764,-765983.2355364021,31785.59910451485,1555544.2228096877,-64628.36820007133,8110.054996254052,1266129.291130351
657,54.46023130319975,57.01325653022656,7.687545417117495,117770.67717133649,-69390.99953689809,186391.75947818626,-134029.50594831773,858945.1022871616,257272.66657739854,-882957.1003917219,176088.35998639476,941640.1775179515,-503146.9784409404,19115.116032603568,439759.6335792478
658,55.84171713977939,58.45945834495715,7.687317287991821,122145.6208228561,-162959.1108978005,-1231718.0303155254,-97187.29708813863,821412.6249800044,297737.9922571715,-1728596.6989699523,149980.60046395558,306084.5781155262,-1486894.7773147374,-96382.60832182391,57579.93859577388
659,54.46095758753748,57.01405607795021,14.062511924352151,137821.2100983441,17875.097653193603,-342891.6303713803,-271940.754045172,912616.2971488392,78386.8773394721,-1135935.5888526612,140892.44946822218,807847.8167645967,-535131.1397725441,-91307.0483381542,120543.52297519207
660,55.8424500424432,58.46024725708701,14.062146888451167,478344.19718086655,253593.00308738224,-329757.336395439,-410601.8533052925,885948.6081081724,107911.8578106484,-1043348.3114149073,407487.61706935486,1038040.5582183623,-530343.1896339462,32985.254818644746,431719.3460897489
661,54.46176368954834,57.01492629923633,20.437422583075232,279558.7228866436,260992.60391601478,-354233.22576366237,-461119.2991347906,757905.4507272822,-5898.670370831083,-921899.1655422158,117099.75474712503,991117.5118340867,-452322.79671153874,-83428.33539308837,396296.8783273077
662,55.843255984348815,58.46111134972206,20.43706582563245,720243.6333905774,583396.1262234186,-8314.31546735957,-717089.7606874486,749700.4184665923,1227.449179717833,-657343.3310114696,396182.2395452944,1556486.5356128118,-150918.30808758448,-20826.485929551396,874519.9897946726
663,54.37616877007086,56.925341007261814,26.81236665634296,971803.7842973631,670861.2848069383,249084.45226581546,-380060.74639629904,562910.9081503637,-30181.98019432217,-175828.31782140548,707754.0350580288,1359823.804133494,-196072.92839172133,-24651.221817010377,710764.5220992028
664,55.930344259521874,58.55229554866422,26.81198969454711,337830.69443464745,649041.3559510534,-297251.89196914545,-1094638.6084494381,531179.740354925,12891.11176671312,-865515.9124959155,-124236.99160740236,1679373.0625198726,-55494.61744827903,16129.628845650872,1288685.5521617974
665,56.86008899292507,54.72104142661297,7.97920616665156,54960.62693385232,-13521.947309842923,141890.39917620833,-211672.84592879424,856004.2399386918,202966.378663134,-886624.8009468887,146183.79716665007,923770.0825804569,-503174.84117423766,34157.61928555073,421721.62552917266
666,58.25944463250238,56.14974122932061,7.978983781693804,41762.22649473633,-119785.49330922379,-1275825.8725242806,-165717.2059207921,788538.0778946541,290695.60575785814,-1738262.1346533047,103045.86624268103,281367.1290718565,-1507329.4803495475,-97720.77195590336,46592.147012509166
667,56.86080573847879,54.72180174553835,14.270836280149066,19628.02238227817,136546.1833316334,-348672.83810365165,-417233.5146429724,932486.3870192656,3618.673677377772,-1130360.1979569541,-36218.728401180735,974080.2939683952,-528423.9599742437,-92032.69362945283,192658.89156901822
668,58.26017536744471,56.150482950093505,14.270477401909464,270957.8125955467,318650.1123797174,-384138.0496662419,-515250.9855637196,881907.6634795854,84635.28303607511,-1082735.4829030721,185146.7468788701,1103058.6113332245,-558398.4035924732,27167.41541580003,397913.28704155545
669,56.86161019965375,54.72263299917708,20.562415466703627,96226.09645761101,410042.60673448705,-357989.12548719975,-649954.1942012341,784612.9109244767,-83050.47011665469,-936645.2049922779,-139309.56213930526,1224234.3448364814,-435007.38942360884,-81761.86298558737,462810.4334637334
670,58.2609865261688,56.151300858085726,20.5620623403178,427831.66735639714,674016.2156860223,-52015.63379655505,-860436.7662095662,761893.733233863,-35701.05410668689,-742911.5989312237,146246.39004572527,1646497.4581313627,-161140.1499117454,-28411.048602279818,830231.2206019389
671,56.77489989496794,54.6341071973365,26.854027711945786,795671.6940652442,840833.3643014217,248006.37088693818,-562101.9146184527,591732.5594969491,-92778.03350477113,-177981.20323986677,486997.47206648125,1575495.1604269883,-183516.60973159227,-24737.186625943148,780147.6239855085
672,58.349200549017624,56.24134937617812,26.853654284552658,25416.661905991,750001.4399767695,-336982.00270306325,-1212603.8458276417,536265.7978166123,731.5431058792225,-1040160.1921161416,-265099.0793566665,1743695.370652505,-64367.31636204625,3413.0434858865883,1229232.5499816716
673,58.47414859167262,53.10131950602143,8.270867704297668,277044.8775030425,-824760.2622095976,110544.1118630516,-18608.331078388906,-234290.65731906026,194229.27882824474,-880797.1537011596,20660.56338569917,422965.3174719567,-511528.3627075134,23208.636406048943,431822.04311763897
674,59.93405825127856,54.46688322634042,8.270650711892976,258397.85418306955,-636772.1486133846,-1259712.1536502978,106227.58287449265,-162254.75952984375,244150.42129319438,-1342525.5024135397,-599173.1724643768,303612.22679730377,-1522536.6262833895,-82851.75071956062,45239.729361153855
675,58.47485271267132,53.10204568838173,14.479162005270114,374769.2530867723,-817852.4196476906,-331492.01826602896,35001.445456593676,-846575.2529764668,-6536.999981245377,-1455797.6188914983,297264.8961949673,383957.5378695839,-528882.8964158428,-97325.16758856096,245597.949982612
676,59.934779134371325,54.467585997360494,14.478810007994202,511384.0247661177,-469701.0478334774,-386249.54422188364,-18552.87509826852,-679321.7290619164,60876.84128015096,-1109068.4357892862,240629.1175902728,523872.7509097701,-570018.3069024391,25925.114457261454,397234.03271467466
677,58.475646654638716,53.102841360703295,20.68740914689419,442428.0164646013,-592437.6998312608,-398466.5628859107,47712.33256115571,-981667.7350384202,-94980.96911625146,-1482319.8817368874,361719.23581370525,572124.3996706118,-425197.6608886835,-80846.78358610382,498133.7210672081
678,59.93558387146477,54.468362738077175,20.687061276395205,575585.5879372732,-236577.8105035682,-131574.10140241776,-146879.86438802746,-792890.1419107191,-43672.31132213276,-990721.7409199759,529892.1281015285,668263.2888497345,-161615.66235534314,-24933.763530445623,824828.6175905496
679,58.38514398204198,53.01822975685821,26.895689358268886,1024884.0824280656,-340203.3548794468,88997.05695697802,313092.3835392559,-1288264.8540368164,-111199.20504648653,-1443067.162268229,812855.0095614621,1403889.9372123638,-175569.6436796031,-25127.11147785819,819091.7154305959
680,60.027579491542454,54.55442749907018,26.895321095973486,11994.843944602333,-324208.2505836938,-524590.0993686385,-326173.90389557916,-1096027.1983727105,-9807.61463692176,-1558370.7914832835,-31085.52536622282,752652.8108417764,-59827.46057211902,4951.393265263806,1218861.5260786046
681,59.332689878105526,52.12253413470481,8.562535480442946,276764.7083936611,-739216.510174577,119464.4384371393,-49753.273040433894,-80161.27402497428,199829.96929336997,-747627.3510394009,-14664.519716319668,419304.5074119436,-511275.5833560849,37818.02198959582,465552.26234928035
682,60.835290540720955,53.44245692565292,8.562320582623071,248235.44830198947,-713521.3598024652,-1266755.6654892792,110137.13770357372,-165539.63764950368,251089.2847019873,-1358400.211354609,-669266.1174139528,295624.7517788075,-1521208.5330295244,-105909.10167132223,48483.21463868978
683,59.33338371667081,52.12323887818127,14.687497611956386,368376.41503208363,-735353.9718152042,-336145.7117217275,-6938.359998178943,-601619.0415140562,-8545.652844594653,-1169690.199405613,98086.65760499635,368480.27329576825,-529819.6974361138,-100109.55600833657,263305.4582277917
684,60.83600238473436,53.44313567686025,14.687150112731645,507783.1444313377,-546698.4442206454,-395595.14189016714,-13576.750463720346,-698692.8182234399,62297.490327648535,-1174503.61379825,220935.08845658408,519058.0836621909,-562261.438349221,25598.16077517404,392611.01874892396
685,59.334163264754245,52.12400752783016,20.81241297156758,441926.6004607995,-506732.7076454472,-390235.83910398954,410.7007230166166,-738739.0165187109,-92128.67473873055,-1191890.9468650809,266615.10707720375,470233.8934992395,-424800.2975433689,-79919.74702901569,503138.108622663
686,60.83679486115389,53.44388227752459,20.81206964869133,570554.919413833,-320540.27826673834,-150569.3604601483,-119704.80948379223,-809735.513799524,-39807.35248571341,-1057950.3606128218,528300.6200100045,629095.0212897642,-166400.23125985777,-23997.130697050405,808019.5117166304
687,59.24098019420265,52.042223607560075,26.937361051333408,1035335.3111418198,-249843.2337797293,106291.17878821708,262695.5489484285,-1012555.8517391619,-104270.76652004302,-1108384.6956624899,748005.1137412761,1252162.8380715216,-177499.8423850486,-26575.85147908038,808769.5289359519
688,60.93144862994779,53.52706625036335,26.936997098858345,6443.6852476640925,-446534.1509322135,-549283.7182955551,-261081.3556902821,-1136391.000563256,1269.0933280146483,-1655032.9956389195,-27421.208941811798,693080.0206006272,-60801.79859034234,3382.306478606392,1192264.6907522096
689,60.200466714608645,51.13524270732664,8.854200606590988,285616.7107876537,-770498.3759125625,104013.55382276597,-69654.19244790886,-66407.19440103792,201076.49994495386,-778415.3441363365,-25389.142128724172,422936.3749629177,-519853.9772377117,63396.85791966999,485176.750628892
690,61.72728416406403,52.42653168860757,8.85398836970812,245134.80750701562,-703514.506212974,-1277580.682636523,93814.11723774788,-83624.79312154096,260378.00280980323,-1336110.0554981865,-694540.0186115064,294689.6927672111,-1526904.7710581534,-118232.61208641766,47452.721566251224
691,60.20114803084785,51.135924550015886,14.895829100545354,373210.88352170616,-774555.6870571879,-342779.0459028726,-9677.353606322022,-588725.6492364105,-15416.232381062397,-1185908.6852502932,68228.69785768328,373556.13795425504,-524742.1689938975,-101261.94883017229,298506.15346738347
692,61.72798527539473,52.42718435871116,14.895487105673412,503816.2785173623,-498044.1157587615,-392375.4791199963,-34484.11677944332,-571482.078662503,65426.58138871041,-1019356.8075498698,115524.03196909362,517229.45921938086,-553026.518571486,25441.729275417187,393414.15892101894
693,60.20191136698525,51.136664716890934,20.93741309634642,451441.3508545865,-555120.0426519653,-392681.2696122026,9583.302492937819,-725980.3025939757,-94518.80348318811,-1206297.4017127857,230182.47116068887,479754.9691425153,-415458.62468894484,-77332.04375950377,535868.3102540569
694,61.72876323412949,52.42789983128971,20.937075132339977,562974.3182077906,-269275.9003171774,-147849.56667121814,-135734.12241424416,-680719.8036792657,-33014.13549891612,-902238.3958761694,440923.8347922602,607163.4123033043,-168437.94910173336,-24448.02407329224,793081.1591686244
695,60.107201013385364,51.05664442731251,26.979029322124642,1042634.245882834,-338251.37437965255,91723.9710785735,293988.4991192343,-1009911.2831802737,-101776.95419790763,-1168227.1902184738,708971.3379172026,1255362.6948830262,-170370.24280967022,-24374.48476735012,837633.5103938186
696,61.82491880279143,52.50926526246645,26.97867055875707,8921.481098501623,-392810.4904607507,-538881.3190216697,-265372.47811297874,-995118.5811604374,14351.624479254773,-1483311.5675605678,-43175.919298137036,603717.1584747862,-61321.53065816725,1948.456973945922,1173793.5827392112
697,61.23214894439866,49.86768496136516,9.145867401183857,223485.9051074575,-274082.28278359806,139662.91849894664,-165677.53587920935,431612.477119573,176104.01368328006,-611702.415230265,265660.312317636,435108.64373543556,-516188.2926870205,77354.77985003575,505942.5589703339
698,62.79872153692166,51.110757428975546,9.145660919651801,160752.6032492532,-369067.1985904009,-1247748.6280852666,-24509.198916241072,320103.84691955947,271704.2356533198,-1397477.2903244293,-272244.02468468325,213658.09158269883,-1491090.246421319,-116990.13709670804,43981.73321543776
699,61.23280971665865,49.86833638715288,15.104165319725675,256686.1060613693,-157604.61461354382,-301415.77682735276,-211373.78406390356,211515.7830788417,-32963.237807711404,-467290.6037984331,-101108.83169002824,366065.1501089339,-520396.0726544118,-98337.3475248078,327374.1999971578
700,62.799404516904666,51.111375182119204,15.103832249337145,375513.7316116164,5500.413255063322,-371911.22889068903,-225688.08324177875,108123.09734731835,76075.34313454438,-424916.0604079895,-48927.75147859806,482946.7278625782,-547822.851549638,24712.189578271715,380760.2516545298
701,61.233552294755974,49.869042571636015,21.062418514102603,322258.0488042891,116079.49119043617,-318885.2984110958,-297598.87624087365,68856.03792626914,-103747.46111777301,-336739.08712532755,-95712.62492988186,551903.9536388387,-410851.8958040253,-75797.69218194443,554705.7412628216
702,62.80016349347518,51.11205335944303,21.06208831815591,432767.8447819812,321255.4124363374,-92887.62870838026,-410101.11909029435,2066.1123892726605,-20980.145746396996,-95764.7668335278,-34318.436487788895,791218.831831255,-173722.4314014253,-24445.985188103794,771527.338529558
703,61.13633997228001,49.79200510660082,27.020702514454115,975135.9096189056,454481.4391192368,221975.34919612494,-103558.58209075687,-137558.55295590786,-116642.01471111231,131503.71275922688,514491.87245092035,1005597.11272412,-167625.99769977797,-23613.70814062632,846808.2895283948
704,62.89878882453544,51.19037053709204,27.020351444948393,-49329.757661232565,311000.9636781798,-419147.3574164394,-601568.1712795985,-259896.95218828274,22950.528714195203,-614497.6083557275,-342765.36472820054,799786.8216844356,-63369.48256115122,-184.92307521513223,1143235.0532203657
705,62.447612927755344,48.29575439004573,9.437535361323922,212492.52661816851,-245446.21588658137,157678.3050740215,-179514.13722761621,454471.84576066845,149442.7869727383,-606782.2223333282,274293.4949098308,457213.3432291061,-490803.94010482356,76021.03695655773,512904.6209967465
706,64.02972547866925,49.51924162312387,9.43733774057713,171468.1817823018,-354470.1685343499,-1190498.0462334964,-41978.30667466945,303759.9563509496,259207.07809250097,-1333982.4646124854,-259015.13010583987,219497.56173278086,-1420900.479923189,-97114.1556914645,38691.129062689266
707,62.448243863630395,48.296366173859674,15.3125038940209,230021.832529531,-101979.70360554264,-286778.4999593044,-234125.08788988538,272187.0449291391,-45899.701833362065,-496985.3109240859,-58213.92667458565,396462.8665633554,-510105.57510535954,-101454.17862355096,355271.72803945903
708,64.03038140023352,49.51981597051773,15.312183095504329,352515.21749493177,16828.520974940402,-376149.0696939955,-224332.75744973385,112716.92133688019,74634.18903760932,-430248.5207062219,-41728.15232335117,465171.3418054498,-546931.7285334419,22253.069836361105,367375.80891707534
709,62.44895990791764,48.297031978445396,21.187427206593256,286972.1649456344,172819.91947856,-312668.9083610801,-321071.5716835308,132553.32584841238,-114772.11716842731,-348863.0539907521,-93280.19778030537,589266.4278341716,-409858.91105862183,-75650.71801267154,565198.0076612444
710,64.0311163268864,49.52045038468131,21.187107147482024,407541.36072512856,339732.30806038325,-99993.60183759526,-403499.31351055845,8846.200857208216,-20566.155961907647,-101284.97181287686,-30500.820318673464,779065.8590794669,-178832.15595633947,-21314.195816907544,756368.555807784
711,62.35075421747732,48.22118199858251,27.062379158021912,934345.2181148254,507086.9647850149,220917.44278014312,-124682.70632488008,-65927.54574718939,-122061.83263803094,177303.58980659491,503349.5612500287,981696.4746233602,-169155.2330632902,-23904.152671684606,844134.8810726102
712,64.13069375352914,49.597503086825355,27.062038323963403,-65069.7170148407,320559.07434485987,-415055.1732850542,-566298.5849790403,-258329.22625226594,30678.424790905276,-588210.3184248186,-341619.3086901234,770263.8111599067,-61756.65539356645,561.516716812509,1118546.1291414197
713,63.66517822708289,46.72149828697208,9.729198788296056,193876.16058490286,-211533.84504528655,141482.24184083292,-182706.9094221216,448629.6501026659,127945.03413599194,-581300.2924620649,258006.03969618175,447118.8101463326,-469867.75891965284,63931.32892631782,509803.30697502627
714,65.25862274528991,47.93004462597129,9.72901161644151,157141.073753304,-302257.5134300261,-1163305.8748358705,-57851.89313659672,293177.38503895083,247197.52725941004,-1297749.294250873,-212623.95396835514,201950.9337066358,-1376533.8595344215,-75165.36479084865,32284.366540069932
715,63.665776555109126,46.722067406280225,15.52083458598549,223906.32581334043,-57366.33401852463,-271555.95305774873,-248262.47102904343,293701.1272359035,-58381.20674198766,-491312.05062504974,-45361.549638445686,431657.6390005624,-497261.49977971625,-99529.38631756716,400219.73811204685
716,65.25924712908913,47.93057429186685,15.520527774431251,313852.28696398024,44426.510773282906,-388717.7301283947,-226973.8780698484,136163.6261728433,76256.929681733,-454581.09089689417,-18939.505550482732,443081.6640562455,-552930.8739297142,18910.874524799372,343063.22077642486
717,63.66646264346007,46.72269066085615,21.312428027998962,277636.2962017602,215319.21043011613,-298000.7676803622,-334204.99780833046,157773.1078248971,-127025.77673996784,-344987.2523174402,-85631.04021181556,625573.03148077,-398857.7211963789,-73496.8196817624,602383.8479130949
718,65.25995425452557,47.93116275746408,21.312119622424916,357710.7557579184,368782.7263926868,-107920.06326705027,-404303.9829738075,38472.60203409264,-19127.14160193523,-112334.47102903799,-38580.470396970944,769488.3603095638,-185282.16904683807,-22722.520780082672,721316.1555855632
719,63.567523281315246,46.64773592826425,27.104048354170462,913888.244154733,535870.8015116847,220409.63039944513,-131896.9960210737,-39267.78518431067,-128903.17179436277,185584.19700250076,512507.3179229529,972077.1611404088,-162709.12041471808,-22762.13481481381,873682.5360968912
720,65.36021673851127,48.00723969701369,27.103719471562883,-106815.56012535603,347147.0688976061,-409384.67472850124,-544399.7362295801,-226038.06415993976,38990.35288631261,-550743.5772441559,-366525.0680834041,748215.4793713087,-65321.745138213264,-5156.543634875158,1066585.6158392266
721,64.5433688420059,45.54128867414627,10.020862640253831,211582.00558646512,-1281357.580621233,15191.753909308114,-72507.14387672876,-365368.9474784338,116602.23447065952,-1378270.9807236572,21214.513640236684,302472.64595796017,-464170.8881576652,53353.69816308023,529944.2612825906
722,66.1699560070532,46.7043916907776,10.0206831876728,242702.07845914087,-1077566.2180574813,-1205546.063481863,112918.04346928764,-403712.31157147686,190398.7565473147,-1576484.457567335,-734182.6323426445,270256.8868297748,-1354381.9725453868,-60242.114579413515,31097.949798254063
723,64.54394235686348,45.541825693814445,15.729165492161318,354452.50878180395,-1496870.712503747,-409482.4388741909,94133.03184269022,-1050479.5103657807,-86044.8718219845,-2136529.343357055,154791.10966221985,429837.59109870077,-485560.86029196886,-101423.5835971389,436139.27532807365
724,66.17055476181201,46.70488812868683,15.728869819795014,477839.07140493824,-1157843.3185447522,-493217.74335980054,128384.15275186862,-1047729.921136765,15511.926686042463,-1929983.0181587473,256030.21686026917,500730.8107988639,-549878.5189552922,14612.159261420926,334338.86115756637
725,64.54460198166213,45.542414693877866,21.437428050952775,485514.16827145795,-1500061.7673184075,-518550.8114491613,266187.6940840115,-1205536.9045464888,-162405.95176324062,-2317024.655678571,91936.08781033577,691990.1573721244,-389085.0717058339,-71783.93205382346,627878.919189599
726,66.17123616409204,46.70543940626945,21.437129649714432,567612.7857483396,-1138085.149883411,-303370.39072718425,171211.8884494787,-1174294.3297999103,-74405.12062872952,-1970703.1687783306,387391.5080314427,709468.905884632,-187587.0990222199,-21832.709637345266,699095.9222454145
727,64.44356789663235,45.47026889625249,27.14571645442784,1031997.0799155945,-1630207.0557932234,-163376.71182191907,694488.7408832433,-1510654.602813323,-160950.57146597162,-2646332.3995346082,417648.80794043955,1467096.9038946212,-156068.94113392796,-22639.77338095637,892959.9236486275
728,66.2735476438636,46.778641811480625,27.145397826830052,37467.21043985756,-1536919.4803822841,-726857.1340911747,239441.0679161061,-1516092.9206880906,-13471.3125256371,-2713188.740464204,-5588.623114898606,492467.9595455007,-65977.78491880854,-5564.306328789772,1034228.1128898142
729,65.09875699936167,44.73240639379365,10.312529010329815,211853.973984187,-1157096.8344904692,24781.007482474262,-94963.01663599288,-247538.19227740596,121548.73753706613,-1210246.0067216414,-9737.994422160851,299522.14811999403,-459673.3698334574,56407.225931852896,553114.0154611892
730,66.74715545616802,45.86500567718065,10.312353301009926,226101.67018056347,-1132597.2769304174,-1206683.1644975408,107671.04443040096,-396474.9031162909,192737.48516266348,-1593289.520687892,-773819.7000236989,253930.44946419456,-1341721.86059769,-66062.08625770989,33166.486291861445
731,65.09931339555102,44.7329223561318,15.937499123550689,346324.59432293766,-1345866.2524187025,-395111.3412586628,47777.0799185899,-851686.1034984828,-82144.43737079011,-1845862.0980628377,71970.06546786851,379239.03324054094,-483745.87356820144,-101758.27671617037,451855.7973546024
732,66.74773644933563,45.86548055321835,15.937210603543416,457719.68089749356,-1217891.7580825416,-499691.4668325267,119463.0362052383,-1043096.9888459647,17921.947429657874,-1966754.3593567437,231426.83741393848,475463.9779252306,-536110.5300254247,14726.782188289886,337170.587764787
733,65.09995102230987,44.73348590807599,21.562430362315748,476577.63123734336,-1327344.0895154271,-490003.76605346974,200063.7674183805,-1000912.0354470421,-155257.67899786582,-1996270.2300388608,43982.47257425774,611517.5331330494,-385896.42775314633,-71646.47594367155,637415.135723602
734,66.74839608569144,45.86600489994473,21.56213927189265,542234.787498745,-1219885.790012013,-324117.5224683793,176842.44418766338,-1167316.386343207,-69186.78657243043,-2026728.2201489967,351748.9828334827,673210.7123338667,-188151.5524384747,-20924.855602497995,687759.7598077555
735,64.99753349631503,44.663222803972104,27.18738684759638,1023563.1640600907,-1411633.549419353,-124001.25685067935,601049.2856255479,-1275472.5360165623,-151733.9520859741,-2254790.979069446,383826.7517252347,1358892.5851342701,-155498.63822908874,-24091.610384910982,890881.547553404
736,66.85205105955517,45.93727541885227,27.187075640747075,12105.962457541493,-1665140.9589727907,-752978.0866039742,270064.5433946901,-1523656.748239821,-5883.80606933798,-2815622.0299785715,-37268.37982584994,446877.326685199,-66262.51248837792,-5052.261763591215,1011988.6261225019
737,65.65810035642855,43.91866138327178,10.604194237514172,204195.72739115247,-1175351.0622154279,9207.139910603,-111212.1091851984,-234440.7134698832,125903.21022667312,-1225254.5996362686,-32177.838747229627,295484.2434698255,-461732.4258156788,68799.86033095492,567556.7683538357
738,67.32039801610584,45.03048027212833,10.604022367083488,222317.65909929379,-1083899.7324660672,-1198173.7835030754,89485.6936256869,-321485.3696829911,197322.62823552833,-1493030.1410233777,-817567.7204767568,250842.00463028616,-1332626.8153797423,-69743.60633805367,32267.174732072734
739,65.65863910608681,43.91915630892615,16.145830916949542,331926.32890364766,-1372319.9976756754,-402497.82790381834,40692.55766278947,-829300.9108939066,-80787.18753552123,-1848085.7560915924,44840.166368778824,360354.0930469673,-477528.2640535452,-101505.51108523797,471081.4860309845
740,67.32096114872233,45.03093332585432,16.14554984635323,450355.3936141635,-1122822.012635017,-484503.0204209349,92443.76801879525,-921580.6905081681,22605.766740386487,-1782446.2347594795,167302.66917553454,458173.92614215595,-523820.6541517699,14520.551104452004,338330.0545525327
741,65.65925425608486,43.919694232043796,21.687430857974185,461227.6380032789,-1369545.9726702322,-495303.65645756584,198118.10961885712,-975296.2702569223,-151554.95570710997,-2004084.458316264,13939.665811754723,586522.8013799894,-377706.30262314575,-69391.26460355574,655084.418694163
742,67.32159845773194,45.03143100010248,21.687147333958368,531467.0231937692,-1113374.46390839,-309730.59094051307,144876.44226970294,-1040395.4985411324,-61274.05898700695,-1829905.2026847443,321484.9924133187,616782.178616291,-188298.21541110185,-21335.76766720942,673538.5481126814
743,65.55594744281126,43.850705908532774,27.229055500551176,992489.2532382063,-1496433.0687573692,-145907.11613438296,608496.6620416734,-1256249.769533617,-145326.36559288562,-2309343.803037535,342554.7458517937,1316938.125532195,-150263.66453640422,-22731.06669324002,900380.314399644
744,67.42610165034489,45.10137752635609,27.228752006687557,16147.261085091857,-1527944.2105576303,-722502.5868109479,233993.96079508675,-1380150.3038302874,4007.9891666242925,-2576829.2863475396,-25381.945950324032,367911.6960143784,-67308.89898606695,-5673.432947997848,989812.1229950218
745,66.28237433720696,42.95950108195687,10.895859954791547,223043.21633783335,-630890.69873907,72247.71769212568,-162229.1210745831,128259.09057287943,111816.19180884858,-689099.3782993245,62305.00170443741,291194.6118857758,-460121.7571899082,76388.385119956,580090.4785169112
746,67.96865094921154,44.03473063300859,10.895693737781976,214676.30387588474,-687571.9518981853,-1134727.0613814648,16334.55848282909,-22695.36837889548,199953.8133319465,-1165021.6673906327,-686461.8541236053,243860.81211047206,-1303172.2651320104,-66483.31094147632,30936.869638034044
747,66.28289120488606,42.95997216203294,16.354164638546102,338295.70678242634,-655058.4183409524,-308021.0087461934,-95485.40516884653,-231861.01406407767,-94141.80541692964,-785647.1356076393,-194996.92335512713,355860.33865804726,-474546.3424358295,-98691.46387268085,488887.35529524356
748,67.96919200384869,44.03515834076583,16.35389316336005,432165.81453724543,-532066.243376709,-411118.08756472927,-38107.956582955805,-406889.16751044086,22239.72377296015,-883107.2704744877,-63743.15419125605,435831.9082615512,-513777.62536596425,14773.923557364227,335103.02337726334
749,66.28348083700213,42.96048223291309,21.812433337990427,469059.2829969465,-526125.7098298881,-350990.61200261174,-38631.28367248923,-366276.97513002617,-160907.8866993516,-828323.0283768232,-80274.98211959537,500540.97166086547,-372479.9736908921,-68323.2691486388,666127.2653663626
750,67.96980370745786,44.03562677489376,21.812159084908714,517830.53257313557,-386117.9564454728,-195382.93717031018,-62957.79721368673,-510066.8168682294,-59906.93295385604,-815295.7106982165,228039.25888530834,523586.09077026043,-188666.22462871048,-21271.51953736483,660029.4034277154
751,66.17865206165169,42.89375481180006,27.270725863783827,1045996.8298743172,-442237.0878040335,63900.25632607512,262798.1035635848,-580822.1264945763,-155955.62663493535,-832650.3760716459,339988.9521917808,1160321.4222762242,-146843.08221386198,-22453.63587576952,902788.6410529222
752,68.07578232878491,44.103258773970886,27.27043189388091,64842.50905953595,-616232.7826324544,-534720.1242180049,-51702.79436168122,-799876.7055586516,3357.731788436088,-1377248.8453902395,57103.92139912035,234034.52620019586,-68294.01715518835,-6005.646764202663,965227.5686527162
753,66.98356894112422,41.8366306959262,11.187526365959528,212979.00583194196,-576007.0006723492,77749.29995102814,-173557.2672647638,168023.52007155778,106065.24254498072,-659865.5489009857,95596.63002360702,278990.2239879996,-450239.0789046294,77566.20277008171,587017.2205416113
754,68.6799252751666,42.896051350428166,11.187367459761154,210935.59001623478,-675961.9062100796,-1097912.7033003587,3789.0632901322388,-13966.192965529757,196694.82599211836,-1127290.5972609427,-675507.668059385,239859.24582612354,-1257297.878867493,-53632.86718526209,29290.427902147385
755,66.98405915389128,41.83707441235304,16.56249924832608,320983.3567092429,-580085.8363492371,-296564.19554980274,-111134.31872341264,-156690.69089070233,-92228.81662212226,-669205.1330084319,-229602.15775802927,343140.61557666434,-467386.61642353586,-99544.0947278064,507873.7971288051
756,68.68043997015944,42.89645066233867,16.56223921403831,416567.1567720431,-524680.2662143377,-410426.31852236623,-38096.76347311993,-384141.3016421954,25403.535356163957,-856037.5294819049,-83081.33848433348,420579.44000157766,-506227.94464587275,12670.599100703846,330543.2408065302
757,66.98461966594854,41.83755407574937,21.93743725961809,448051.5678950938,-452448.6387436036,-336763.5435267639,-57301.639250640306,-288437.70466049324,-157876.14600310827,-707025.8144472586,-112757.11694032278,478622.3170123079,-368157.2448229397,-68045.533906132,673182.6633288905
758,68.68102299092557,42.89688753835352,21.937173699236354,502471.47175632196,-385877.0763698588,-199893.5632213026,-56234.550697937164,-487714.6606128978,-54802.663840917055,-794110.2290858594,203482.21124554545,507328.8500054744,-188973.44812787295,-20173.259886514476,648565.851040863
759,66.87913439892601,41.77178637492764,27.31239791307688,1011667.4120054453,-362926.07358163304,70686.13923941841,234755.58468450926,-492428.1991697368,-149671.84409497882,-692182.7569490647,302854.2052728902,1108756.0293394048,-145532.3690200133,-22894.28514210078,898344.9093105411
760,68.78760574551384,42.96350189059635,27.31211497078314,61728.06910835844,-632422.4292669878,-531172.5334784169,-25752.491024852163,-777536.3975079181,10344.568536711244,-1361076.7668021354,57306.94124528855,201902.93191980073,-68277.25392017266,-5812.98941406042,939447.9766381263
761,67.68491232147473,40.71385287545309,11.479191026202093,201213.52981642733,-549221.698990109,65055.7455467814,-176352.47388464914,182154.18326292292,101470.84010273669,-645172.371039072,98442.20011580811,263777.7472963634,-441603.71595836093,73300.48719337562,590302.5498566381
762,69.39105051778093,41.75727867539037,11.479039937264677,201125.33634993812,-619796.3118256864,-1068539.4603873321,-7912.460877968549,9538.741986011202,194216.0070562185,-1097818.828843542,-619609.4763733161,230217.869353778,-1221247.3901679204,-42619.871532234014,27915.875271471396
763,67.68537522635154,40.71426873186869,16.770830854179426,309580.19050661515,-552146.4880013249,-291122.2022188168,-117662.1173582322,-122621.28093615136,-91620.6660315016,-622795.5957973809,-245414.3652239903,334521.46130784473,-458907.7172552427,-97144.11525504646,531960.9357580387
764,69.39153778022093,41.757649483934,16.77058282021233,394912.57150311506,-467386.72422843357,-406498.71346820367,-48460.730949660756,-325927.73701388773,30519.11155868463,-764491.2081958298,-115560.22498751557,401078.56698982336,-500432.93457060144,11590.579660574527,319759.9251153152
765,67.6859058700727,40.7147180037613,22.06243819611126,434727.90549973166,-434155.6329434417,-327713.3729003555,-59907.27291427619,-254777.10679924028,-155695.42865371486,-660549.2518310056,-132003.43368868582,465411.58517562586,-358171.1067226493,-65863.9553771462,689228.7263789782
766,69.39209123887755,41.75805476527057,22.06218580150062,475283.20298139344,-325197.24061715964,-196053.6933300165,-66192.57600810587,-426333.38074392825,-48407.942452471696,-697519.734427327,170436.84442988763,481115.1590316568,-190451.09891033056,-20338.302235751093,627045.4731886572
767,67.57978226271838,40.64992168345409,27.35406714473967,980339.0900181825,-364464.6630500971,63222.945343444066,231929.1166557994,-458218.89277325483,-144095.3413666805,-665094.7450629256,271373.3420657433,1072818.7753087117,-139904.45376559586,-21711.659322250078,905157.2654534976
768,69.49925849599096,41.82364025468572,27.353795703747736,49349.57577533086,-560628.4917910533,-511364.3077122178,-28912.256100097246,-705777.8112870391,18533.449246054417,-1242252.5492025362,40771.80780950959,178837.5176650867,-70544.93663117201,-7672.838013947696,901691.4195506944
769,68.27290353060444,39.732030953024804,11.770855799838571,153506.3733162735,-1030914.2721937821,-16300.565803871665,-168052.37612904157,-80140.46060283243,93818.43813396026,-1058568.8428662496,-57906.32119008483,222766.69937495395,-438604.38533479784,69804.23899098333,602335.0719713408
770,70.00139720948465,40.73785435030417,11.770711616499085,190689.14913147627,-988104.7879387328,-1091827.6397510613,24685.91435305059,-217074.21597233784,169788.52753818358,-1278340.8416778846,-823699.3851786195,212796.94829818633,-1191198.1329988698,-33633.4560818547,26690.554290478834
771,68.27334228477424,39.73242283876103,16.979163030657435,288702.03445574833,-1227098.1923172334,-382769.4876112892,-28338.796952540084,-554749.3830111026,-108468.89480810706,-1505074.2707821715,-124958.68850112997,308867.31381052645,-450341.25783770665,-96035.38357563532,550487.4033777964
772,70.00185949294702,40.738200445290985,16.97892592567017,399744.8471859206,-1041017.6318909974,-477034.53136537527,46963.23397404637,-716032.1857313405,-109.60391866320005,-1529364.0808572771,8738.431122099817,402318.333664725,-490200.72499427095,9773.79951744598,316741.86489455996
773,68.2738453124065,39.732845351556776,22.187439288090886,437532.3168432286,-1279593.9918686314,-460192.4333671878,128987.13188011796,-701318.8467100844,-173624.3324307799,-1682423.656083679,-137803.1753825657,517972.72307365393,-348543.20472335594,-64430.50898357294,700024.0959755164
774,70.00238496312691,40.73857770654891,22.18719726845871,495116.15789772355,-1077453.1548516457,-317828.72569897544,117125.40224258284,-832784.4577213343,-77013.50237058042,-1614487.3942462376,167790.92926870575,546530.742324634,-191066.92326878905,-20161.304144773952,609511.5534490802
775,68.16629970230063,39.67037425934287,27.395736258438305,932085.8157261235,-1451580.4950116999,-154065.53641648358,503934.30016345,-942428.986278263,-159293.61340487216,-1995218.801991169,170772.88293590792,1150885.7033532,-134264.0100952518,-21690.88144882692,907945.9722086265
776,70.11092389515048,40.80178716760432,27.395475450713473,52798.85296712647,-1516772.7451557068,-684986.0737616338,240113.90980824284,-1139214.9564521187,-9266.840387763155,-2329079.3140683263,-56336.742566700326,236456.0906848114,-72099.20159752828,-7907.494322482376,870744.9713480119
777,68.75872083112566,38.87236300986143,12.062521566695768,148437.8937525333,-928139.9519647635,-11975.366655642021,-180388.56358827604,-11029.982140046459,94825.85041266236,-957581.7861814923,-51590.108113807895,217494.4694274282,-434545.90609037207,69940.85237915583,614569.034065965
778,70.49978752202533,39.85657932192442,12.06238281371455,178279.21774186392,-991096.6826047115,-1073529.3949656645,12528.886707071862,-202818.14366356583,170560.811602639,-1253187.6156675697,-834442.1941108669,201282.94994992446,-1163384.6582992738,-27339.417042653327,26187.195904118926
779,68.75913806217281,38.8727346072119,17.187496051455366,276934.2330116588,-1102061.6006703367,-365549.44660458295,-52380.23363155271,-436827.0968008351,-106772.52187553512,-1310554.0804398037,-174630.55433107133,294507.8205076151,-445168.7636596782,-96070.61581358845,561604.0092358091
780,70.50022790141534,39.85690463291766,17.187268250982523,381355.9959685746,-1044621.2749676222,-474622.17763541406,36459.05469854715,-689808.3136218034,483.1889876618991,-1506481.6432271255,-14253.212759870046,382847.3993525342,-474988.1387803032,9242.141214487114,323462.1989808476
781,68.75961567036072,38.87313370789379,22.312441336562568,421586.9066366532,-1130540.439896742,-431196.97199040675,89572.7040181894,-580685.7173964244,-166698.55227376465,-1458716.8681060125,-164140.71048621624,482707.07334173314,-341433.22464539926,-63842.15327801652,705885.8016117937
782,70.50072766351411,39.85725805071085,22.312208366457565,470502.36496145197,-1095209.623485103,-326574.4760864624,115737.13348887936,-804577.5480242455,-72518.36153055653,-1604242.2856927398,135779.61137869384,517180.939703933,-190437.3074986993,-19253.01639503669,599618.6140932445
783,68.65126140652403,38.81199115626411,27.4374064758951,907394.9394592756,-1260405.460458979,-122657.06389959395,440371.87493526336,-803735.4135479562,-150285.11757495807,-1716613.599416343,153941.26094278478,1087004.7535742612,-131396.9053950046,-21965.635852007286,905776.9491575869
784,70.61002909714657,39.91909501113252,27.437154879556907,35257.44063369575,-1555661.50051764,-689875.0706292025,250624.23128938276,-1114603.581211537,-3714.034742107331,-2336223.449172911,-81453.0798907202,207397.398550485,-71924.04051495569,-6808.3434719506395,849107.358849071
785,69.24334922000098,38.015610185488,12.354186304996876,132396.96639024396,-933336.5414212754,-31553.478430723917,-197070.73617913993,7960.622449738104,93233.36443165746,-969243.1433410154,-65871.98003769407,202622.06991695394,-434368.5192792063,73508.05002599534,616365.8752423197
786,70.99936645533,38.97238711394955,12.35405310934056,170891.3670005983,-907830.065015037,-1046973.4172623991,-13473.796699456792,-138667.5058122529,170166.36500267472,-1147285.4594547418,-831799.2440151707,195172.58819307474,-1135509.346445213,-23266.284632984472,21508.767862854278
787,69.24374434707333,38.015961512832135,17.395827569175026,253059.40933679137,-1109574.3063040327,-368817.95618278976,-61971.20859122193,-403569.08373185206,-105621.1108292032,-1293349.6745798173,-202511.01355595147,270527.8349857376,-434931.2316081434,-94996.49935600664,570275.986960365
788,70.99978430584245,38.97269123499663,17.3956093977324,364612.10296824377,-911280.995721302,-454325.70461900544,4681.905971593305,-575250.6886916036,3025.083302621758,-1301785.1430904588,-63840.230884711775,364630.7766031075,-460549.2159512908,8054.16192233983,327003.5619516547
789,69.24419667818117,38.01633742683629,22.437441943025927,392400.2705905434,-1140325.636963049,-430591.67503422615,77836.72907995975,-547280.4004959703,-160357.49256164551,-1437758.1839640532,-187834.9200061647,447076.06256348605,-329578.3694616659,-61757.683235494114,713336.8773133634
790,71.00025811868356,38.973021343638,22.43721823097411,445839.19683759456,-937499.0020878657,-305546.4872411139,74137.88297329083,-684009.8283059974,-64686.90685240206,-1375408.0404194621,105756.59457133609,472445.1533567407,-191481.21663623728,-19957.166872349266,581029.3814604395
791,69.13488539110894,37.95688848830554,27.479075304984324,855906.9998110712,-1299110.4648336899,-140401.37506304687,426736.4896216176,-774756.782838057,-141853.6477262095,-1727121.1909325733,120003.80035172256,1023512.5504951857,-125599.73108344329,-21282.796687060927,904531.912353924
792,71.11047065254138,39.03312195230994,27.478833117604008,28960.429385349504,-1341129.334777452,-643635.2982038559,194000.53354236478,-975088.801195673,4247.29214567914,-2040528.0335618495,-65559.6078379018,150283.4378037935,-74386.86892615538,-7662.181637268597,819439.9662285408
793,69.85092220391137,36.857525042858406,12.645851319819718,132437.59583404096,-207906.72546021803,56437.94352124579,-227176.90474070885,368069.1918775907,68078.00113763857,-542540.1636156295,172291.3917841618,351217.5857265367,-423064.6376438384,65571.88114289354,607121.7873963811
794,71.63044578324192,37.77017990996639,12.645727222555864,137868.21496459306,-347117.5833466768,-934550.8436995214,-88258.10039123868,143905.69317774614,171648.60509841162,-998810.0917187987,-318131.01326691743,173140.89290411095,-1068506.2812124714,-3326.4944478033176,19078.777629844946
795,69.8512862665885,36.85785057446672,17.604161358707117,195780.92976064986,-106161.130634579,-228727.84596804267,-211187.6104603301,204230.13410430102,-110477.15044668314,-383779.0881695791,-124371.94619354914,369042.98752115655,-424475.78594669787,-93459.9983461512,577525.565584748
796,71.63083193550291,37.770456979530124,17.60395699296143,269312.00852438377,-86531.36141158818,-355965.78249725164,-145267.39784162943,-54316.498272997225,18306.059314265724,-366670.66774516465,-129463.5443934176,322949.0767541261,-447703.66978267394,5637.19959190799,328764.9513871978
797,69.8517071969707,36.85819913482323,22.56244539660483,298101.24420070957,83537.40195065567,-231067.31352724446,-214452.43088486427,84730.41876341168,-153904.3683385567,-275041.94171936886,-48655.44467359839,474268.719017088,-319556.6012219271,-61305.999727350594,713628.7628638885
798,71.631273222591,37.77075973246604,22.56223415142518,316941.6531009845,100085.26366087263,-158211.3871615936,-185946.04691293242,-132908.12646926614,-43599.79538410458,-239885.73826221062,73444.18294389141,425257.0849185827,-192786.3768346066,-19538.50431086587,566083.7965160252
799,69.74089935425626,36.801482829094745,27.52074681111942,807527.803832688,269800.39220297546,148342.0803025778,-15028.926302981958,-60794.52579500333,-138359.41201607577,97729.01504649025,292537.016928048,835404.2443637033,-120953.22323754193,-21356.2547117326,898530.2720743867
800,71.74292625821693,37.82807749052354,27.520517311858445,-28093.66904922519,-7918.077209915165,-390201.7883939781,-177722.73725590674,-359171.2007090871,19432.945577596412,-616002.3449620954,-102050.41561503807,291839.225924015,-74691.84094653251,-7421.705038840852,791602.2644312596
801,70.5931929651369,35.37604616023967,12.937516926678963,106036.10619972063,-172914.70271560005,57802.76241729576,-217294.25478438137,363679.34226228215,40029.80208151873,-505087.0773128137,128587.31978312232,367423.9234311079,-386249.62465955014,40581.86450501605,582264.82861722
802,72.38127163413878,36.27201875616377,12.937404987972496,132586.63888468815,-290528.4338634546,-849841.5125418886,-100587.53717064294,129591.68648254812,144168.03128770532,-904037.3911744755,-272036.4543324309,168290.53798625112,-963386.9381915443,1771.9345378995217,46115.97039462089
803,70.59351691957058,35.37633971212798,17.81249625691209,161102.93677554617,-39736.76269223494,-207160.8759725287,-209654.61717125613,235748.32730086468,-107470.59304018745,-376177.51608068426,-88199.57760241322,378582.39179388003,-399456.0194562503,-96452.38906034519,584946.7520807539
804,72.38161733800207,36.27226427849049,17.812309291806947,238973.87746271002,-62691.07576079479,-357722.20452825085,-135651.86536680468,-39564.210574592274,18068.181518255977,-362935.776719938,-110991.05669349055,292487.43058709294,-441576.0960099025,-596.7030904089343,320827.9107040067
805,70.59390031871855,35.37665678839388,22.687450843429016,257294.10587461165,146786.3793993759,-215239.14471561427,-219968.16241661174,122796.45765043369,-146155.01688286755,-267685.67637806333,-24583.095696653192,481110.11263308977,-306932.2684360073,-62376.33512736825,710223.4470583246
806,72.38202054437991,36.27253626498248,22.687254690010764,288730.88020766445,115998.24581749071,-165111.89801427833,-174753.67203243135,-114697.76711942305,-38976.81217796062,-225970.07184913414,66868.90202565229,398718.3978343588,-196772.3487539606,-18895.603130125863,546419.9000859606
807,70.48252522678183,35.32095416641514,27.562420581164947,739712.5238202862,335576.16323603794,143688.64796630404,-34237.656344489995,-14745.026119975159,-130115.76915354273,114431.41105775537,335516.75970424793,769029.1642606247,-117831.44873474073,-23032.005615050744,884815.8852679022
808,72.49417499968571,36.32878327677984,27.562206519118508,-34894.934413285024,4057.7026673088694,-375280.00350044866,-154819.1696592295,-336251.34253019484,22574.196867980972,-578314.1327478321,-98133.94601015332,270330.8435115606,-74790.41058954022,-8067.554109874591,755171.8570125374
809,71.33834797579078,33.88902190381385,13.229181265497788,78422.96927572982,-110263.13940536162,49153.52247480746,-188304.3504429342,347967.4466350889,29184.335442534237,-441403.50952064915,96204.8572041704,362512.00466165436,-343807.4184990256,15216.796204273003,574159.613639928
810,73.1292085069048,34.779398409169794,13.229082828131888,113684.91317511207,-209105.00980737337,-786167.9725039994,-85606.61745104562,97961.81717306386,134626.6931272885,-825435.9490941779,-203983.59739068095,147831.47734859827,-888534.7684733409,5214.487265446541,76485.74471855904
811,71.33863397983444,33.88928409848038,18.020828412309587,145494.14293432524,14884.143458834813,-186238.16907610028,-201350.8988010972,244847.8170941081,-103611.20361521016,-352058.3272807906,-62048.28438884903,388246.72898669937,-370403.87672633276,-93959.45927301925,606646.2056191363
812,73.12951503294053,34.779615228605756,18.02065887770308,209340.46640301493,-43358.26187378215,-370486.2707769997,-117350.38367704957,-29528.945313411892,20656.86679479889,-373319.5211618319,-88054.16312154912,256869.61803561414,-448576.8047741039,-5876.980479025079,295232.3235717496
813,71.33898092885823,33.88957076664917,22.81245316046188,239835.2345372631,187499.84129373176,-197865.59140798385,-213105.66070912062,136331.10414393846,-138499.19931809494,-253519.24514973312,-663.9511515406753,483652.6807242846,-288011.5390784077,-59713.29885718212,721488.9356513034
814,73.12988131728203,34.77985774430032,22.812271847540348,259818.54229221138,128057.27669978401,-172026.97367537057,-155915.42502638622,-95488.22989736189,-33913.281237377945,-213635.3819419108,65101.44658672286,364382.7806718127,-203166.6790523725,-17693.82296588305,510477.3077211508
815,71.2274000774838,33.834189834849305,27.60409118202112,695548.1494773502,362860.40389093896,136546.83158904387,-35455.4947247829,2542.89490690193,-123288.40743547856,110470.2703096757,359527.67662287055,724957.4380247868,-109893.78351784444,-21258.70756020367,886128.9375155027
816,73.24217721361079,34.83572873886163,27.60389250135872,-41738.31549306688,15142.567324241245,-358716.73067807395,-127710.53385815017,-310585.133995158,26014.970969034068,-537689.7175273893,-92377.69207516238,244754.93075565205,-77673.49157335964,-9459.105065501637,699590.1722539321
817,71.77256836780697,33.00933172736952,13.520846036148289,-627153.5116104089,-4213717.6374855,-702403.0959407071,-212300.9410135906,-1083764.7499975145,43053.35114781669,-4530777.582147679,-655463.5243222759,-357033.1385666601,-336152.24980031606,15915.119586502136,601740.9065251196
818,73.57959614997667,33.86587371957978,13.52075528567201,-281153.4541310549,-3018981.436981396,-1255719.25650012,69812.7002837637,-933022.3801521981,79715.23992023949,-3423930.9780443963,-857266.2778129154,-274656.89175525686,-873851.3685542177,10220.334246084483,109558.5740052742
819,71.77283359491217,33.00957563204818,18.22916026425792,-745440.9501180607,-5760688.500928638,-1231104.0544994492,193140.17998698144,-2325672.917712566,-121389.30259680345,-6744982.709477484,-805434.9999978737,-186815.79607078913,-332981.5755398328,-98108.22638153292,634706.7152522404
820,73.57988001027282,33.86607424637264,18.229000717631045,-318776.30893698044,-4328212.35074969,-1117794.8012180747,308499.7566895998,-2008474.0297309628,-50141.84809949988,-5307307.907966414,-423230.7082752576,-34244.844663073156,-448656.54811416427,-17773.741101418305,289374.66175493924
821,71.7731576086631,33.0098430583358,22.93745353488518,-840532.6456895956,-7079371.985802453,-1674302.9260013911,750350.1708135345,-2681453.5402626186,-170451.62692952013,-8237571.947115479,-1133299.0714924256,-223336.538885537,-270011.7401844376,-57353.92927497188,726713.6741653689
822,73.58022221605614,33.866298005728886,22.93728133976277,-412938.0438101087,-5461747.595493782,-1278522.7414710838,678127.8600784319,-2320711.2200464923,-101408.7378726338,-6549024.275267115,-673084.1266697834,68900.02116192222,-207941.13352468563,-18371.00250608143,476334.6675965838
823,71.66054561928775,32.956558805688246,27.64575928235199,-878976.711401555,-8970429.86419006,-1976394.5230414378,1547428.807406833,-3212547.1684991587,-145871.97653308304,-10425197.034884129,-1391068.2532257761,-9535.810523151604,-105404.3422725814,-25636.362943192813,868120.171999485
824,73.69350653177257,33.92003738330339,27.645570164351867,-1021931.1856428691,-7028449.45093017,-1900316.4763459242,1166433.9053288617,-2783295.9099267595,-37159.49961573994,-8399774.838376243,-1281978.8905346405,-268943.3840080817,-84925.88727837955,-13941.633627081022,646263.1368549874
825,71.90394025979226,32.72006008421251,13.812512191851562,-518480.326734836,-3690976.34450315,-615318.6064057965,-220342.62305025113,-862433.8561381947,42884.28383264668,-3928317.872159493,-561388.2068113338,-335069.1986729553,-331885.90506438044,8160.55118111746,614411.7496909576
826,73.72435330947192,33.54836290980101,13.812421372933716,-366306.7841866479,-3364880.1692549307,-1337142.513206151,52047.01152429702,-979583.9450239694,78353.98036433787,-3762578.0736284647,-946071.9531931865,-359679.4398260794,-881138.773666983,4027.513221486071,106632.9703770812
827,71.90419925584393,32.72029750958889,18.437492581038043,-590853.6773760661,-4962994.026494238,-1084399.4549925816,110258.65802753234,-1901468.2379303665,-117936.41425588205,-5740301.88486753,-655632.0485746294,-242313.22542072536,-336183.88391916285,-95433.26095277585,642215.9562905754
828,73.72462980312253,33.54855776106088,18.437335184390356,-427236.71376468777,-4734165.035636575,-1191799.1765757597,288366.4922770335,-2114266.541709899,-51963.135147692316,-5731907.044691991,-509933.76963667123,-111360.11164835739,-432569.8137048272,-16181.281910018779,298591.28208615683
829,71.90451296979889,32.720556024793595,23.06245347377133,-637401.4973692924,-6016180.706316594,-1445278.5060386201,575930.2260949864,-2206114.3306149654,-161516.6619549354,-6942920.115930553,-943175.205041453,-212765.38875250352,-265862.9184766734,-55131.636981121206,742565.5889214023
830,73.72496069502628,33.54877322622839,23.06228446681441,-552371.7446657572,-5939355.53488232,-1389578.4998675254,676492.3549643053,-2431697.716439027,-100452.14976683345,-7046440.35099788,-786849.8287874687,-48015.59963025429,-204998.88998584755,-16400.041788785617,477405.5598833953
831,71.79105390108084,32.66902779615386,27.687426886816073,-575520.5948179921,-7438755.002415851,-1618434.0564788068,1246038.2402030546,-2627761.553406298,-137708.03107417436,-8604812.225033943,-1091858.7008524055,63961.27217370036,-100284.70204893204,-21340.78234762984,893585.1828617088
832,73.83906982853533,33.600739579530014,27.687241136618283,-1210826.4374614053,-7687534.762601386,-2062852.785227527,1201056.6390870265,-2946787.4892492206,-36296.71650298277,-9099791.510506772,-1448312.758503698,-413109.71627985017,-79557.86532753323,-9179.92135957354,649701.9815682825
833,72.03945141717095,32.42237404150392,14.104178207891028,-560237.3343439647,-3877914.50983196,-658199.3332089325,-237607.5353023955,-905034.8850947956,41812.25841878926,-4128357.9052704084,-602436.9062504586,-365556.3658639906,-326299.8528547397,14508.27264368539,627017.5179221695
834,73.86497089688285,33.239265579852685,14.104086957835328,-339479.9774291153,-3245235.2269229456,-1317772.5347512276,41370.80444457645,-898947.0614563316,74856.7037024085,-3600746.1501433426,-968302.7905016558,-333438.7984582938,-877705.6033492615,496.4074434538207,111088.44640088327
835,72.03970398401073,32.422604995545974,18.645824795600355,-642176.3752033815,-5151994.539300369,-1125136.9173036334,105938.5846208644,-1935617.8889459053,-118000.51868525373,-5932060.941684203,-703651.4454605671,-283595.4446626122,-329970.2378790392,-95574.26879735164,644385.4327247993
836,73.86524027418363,33.239454862439516,18.645669505316892,-376726.5404107411,-4468583.25039905,-1129554.427488099,259166.51501000204,-1959081.9462490592,-51951.427370069534,-5382148.152178934,-467551.0060290441,-125165.0600899129,-417669.6272099424,-14101.781497909804,303178.76252561645
837,72.04000741688763,32.42285457983445,23.18745333005558,-697934.7297631209,-6206644.3682875,-1486812.2059475125,571511.214601124,-2232078.7748281723,-158346.80862342048,-7129826.1785887815,-989747.7364705546,-271817.3889387974,-258109.52340301254,-54912.938921905006,742737.9528607432
838,73.86556021317716,33.23966237295692,23.187287381941417,-484366.49649452174,-5559279.422147745,-1307426.5364127937,617201.6929042877,-2244094.723132577,-97181.49727879209,-6570594.512873743,-725622.4694125424,-54855.472768775835,-204497.9850261528,-17298.708656681203,468838.71657384286
839,71.92621859224477,32.37203059218019,27.72909437705087,-664209.3904972889,-7696340.352131327,-1683420.5998695134,1251313.812877017,-2674239.8964442504,-133568.46791249918,-8867821.906055745,-1157801.1492339892,-18347.287208388832,-98342.52036279788,-23513.84684282652,884894.6328788203
840,73.97997711524452,33.29090780609987,27.728911856187803,-1100590.1671124403,-7127292.215162152,-1930661.7438854985,1098997.3816733614,-2723720.3170829667,-32395.39237772822,-8429569.2804297,-1333383.300185419,-395591.5455449729,-80866.46039502684,-10051.86934202881,636182.0704547326
841,72.23702257559826,31.973320397748537,14.395844065267104,-43866.498317398655,-1358635.7512080674,-191108.70394964004,-177280.32047277183,-91097.15524337816,32210.001839223358,-1388316.564025023,-195843.52411160807,-9450.865338474801,-316497.9561580527,16303.051869124556,635579.3563015108
842,74.07014713224623,32.77307305549586,14.395754413074105,39160.943480233545,-1321471.0240076797,-951059.2728341299,-3647.4958743704947,-272040.91289206094,85518.0317423673,-1466269.267971398,-814149.5916164374,47049.50622625991,-868208.7676370193,-4441.17807829468,111313.77168003196
843,72.23726560699927,31.973543029362922,18.854157775124595,42094.037731019955,-1732010.1607072381,-464989.528036673,-47784.404319838555,-507707.6892442886,-115713.20433256123,-1913919.6406615176,-311019.68549724086,70033.67514586757,-332651.580358788,-91382.42540719111,643779.7029790916
844,74.07040618147205,32.77325491564281,18.854006567160244,160293.55038810463,-1663596.8536394332,-591978.3549601482,67791.60149596652,-739461.4852373353,-38753.88892982852,-2041797.5016398684,-225640.64269920925,172156.4861276021,-408468.2305772464,-8314.20879925612,298348.4930195848
845,72.2375561811601,31.97378186945598,23.31245399230889,153321.09713561536,-1968961.5840489874,-569174.471242347,120686.37991741087,-676392.536626601,-146297.0050568247,-2243758.9787542606,-359339.05837662687,218283.07897516794,-251111.19200234182,-53951.90982499453,749521.5629474727
846,74.0707124290929,32.77345276567763,23.312292521301195,211981.2880249623,-1964215.8983616484,-538451.805459353,198741.19879171182,-878691.7181698291,-79462.54942144336,-2390975.758935787,-181198.62910629867,281487.9722460464,-202842.54736938275,-16952.318851348155,463059.75816555566
847,72.12327941351037,31.924018786161007,27.770762399884063,454679.6037209858,-2353457.9355781293,-429328.0055382485,462500.2373764436,-896367.9056521544,-126949.70771930968,-2752709.713307227,-193445.64355361104,618049.0194654458,-93381.47878117919,-21346.350082984154,895129.9854769774
848,74.18559123053491,32.823617733709234,27.770584677235025,-171474.3496861781,-2608668.504629272,-871414.17229224,403031.9726256841,-1186070.3499455086,-18024.306544397823,-3250423.856236538,-409436.60116297926,8303.430791828852,-78881.89313957252,-8166.822466500082,629877.3652877302
849,72.50045624814214,31.364330348522667,14.687510218784377,-40422.659654427145,-1300590.7657919093,-187792.02815376344,-182000.69161064818,-58468.32916208964,35806.256217445094,-1328803.0509280437,-195834.17873418645,-4168.223937869648,-316926.4299426105,25959.13557244601,645421.5684226766
850,74.33607988654894,32.15835458808289,14.687424156930044,35878.46668445482,-1322838.3736075193,-940200.2626396748,-6752.381070974821,-248647.48233212874,86685.15380374962,-1445958.5259903679,-825343.3088426222,44141.66527025018,-853354.666075622,116.22078474025017,110341.88670157964
851,72.50068646191272,31.364542651669087,19.062490928120663,44478.88742855302,-1633779.3012630208,-445130.6798028069,-49432.01208737665,-457812.4363094501,-111704.36675818727,-1793405.1522699567,-311605.79994805745,70579.85858073948,-320435.74256398337,-90753.86115021583,653296.8307375661
852,74.33632552159912,32.15852727859103,19.062345549408526,151368.13606983633,-1640464.9201755982,-588036.2422503569,71914.75640393999,-708961.6611482046,-38620.767349947244,-1998183.307701225,-242638.45671262816,163688.7380577336,-404126.60499623464,-9909.877846315088,297164.7511920199
853,72.50096163888885,31.364768983578987,23.437455334238887,153055.35636509425,-1852275.4930005718,-543512.7911182528,107137.25235914165,-621914.3911517003,-139902.74258270502,-2101675.716385589,-351975.3761407526,210918.16477261114,-243047.64849795954,-53255.554811976945,754209.3165882754
854,74.33661572481293,32.15871400060379,23.437299587177364,200434.13281343703,-1933698.192501123,-533573.0348622528,197265.5013237088,-848709.4911770498,-75867.4248518094,-2342242.6750709685,-191506.35469309197,266911.9352141218,-201922.27258948234,-16415.560134654712,453222.41208620946
855,72.38651401798393,31.315352002416756,27.81243133159128,448611.0092893458,-2204329.2394392234,-402170.23910208524,434489.38041900937,-832138.3544289077,-120533.02361404442,-2573273.9126255224,-183188.28118975126,598573.7245633112,-89902.89354016178,-21091.56667061548,895452.4772546571
856,74.45163540574556,32.20851036842766,27.812259772858706,-174649.5620850664,-2569499.6660680952,-859482.6165741719,400548.02727601514,-1152685.2178817536,-15102.385975580513,-3190687.199597861,-412014.23737226584,-930.4077572080445,-78682.25191437763,-7513.258122596062,613988.5582562545
857,72.76269395034022,30.75822742350641,14.97917623800388,-48865.4912957449,-1291984.0206638302,-195345.74207463185,-187285.76459282695,-42520.56188846743,35550.09589280617,-1320797.3059515073,-203517.48386564694,-11880.464217052591,-312311.8220053161,30676.485347267197,651917.6356728848
858,74.60320840926704,31.540748672865412,14.979093691561346,39696.414426359406,-1251474.245359258,-915959.2767824782,-13230.025462562093,-212146.60019441025,84718.36985631846,-1354629.5495391625,-821060.9456447952,47953.38746858105,-835266.5852936563,1370.6175105652735,111795.79495292685
859,72.76291134621098,30.758429459941322,19.270823809405602,31204.623884112283,-1603859.52796494,-440336.4322370826,-54250.063608807926,-432804.118500624,-106772.13721185269,-1751266.0686780307,-317112.35025229,55387.082612410246,-308593.0923129262,-89287.47054346345,661697.9099921001
860,74.60344050902546,31.540912214977055,19.27068423682161,151409.7290847397,-1528191.7737270775,-570131.1312575582,64480.85965444447,-640283.7406206866,-35886.83739477984,-1849672.5272476496,-258556.0406468277,161315.39199458135,-402228.112131312,-11043.689363039124,289107.7641133716
861,72.76317179801366,30.758643791740372,23.56245629575598,134516.34964840754,-1817272.4684813179,-536032.092524116,96634.96133276596,-595870.9855455394,-133470.29321935985,-2052333.388723568,-353789.85092899814,187335.02829553967,-234384.3897364876,-52270.330236461334,756180.849808282
862,74.60371524906739,31.541088217889396,23.562306251682376,200427.95647473302,-1787938.8940760456,-506966.53404236893,176809.56350135052,-776005.9060049576,-70589.5149487484,-2160807.084430421,-189864.55431520697,256194.1671019463,-202999.95688038983,-16651.91212825617,436661.095173747
863,72.6484043377109,30.709934094780387,27.854099860663855,415424.6823395977,-2172752.1193986493,-403106.07708437066,417201.29882750765,-805743.2686846573,-114272.77732283167,-2526157.1268150564,-191472.30342541673,557195.9160970506,-86874.92927402249,-21633.94852836155,890154.7186875991
864,74.71902566111399,31.590155467505536,27.853934456833876,-157666.40646969771,-2369534.7052042163,-811997.4134802427,366774.32600445254,-1065517.2806503382,-11134.468652017176,-2947855.0171138644,-385958.4558337894,-5385.052206502766,-80496.77821438489,-8446.300794133658,589924.2168193728
865,73.01486985984491,30.154693246411913,15.270842187010714,-54717.14287891594,-1249288.7335531542,-195357.79104180087,-195876.59271392052,-18981.26209509516,29693.729525838335,-1280769.2533594398,-201054.01511710248,-17540.39899732872,-304332.76210363273,31560.12687883382,658892.5519517204
866,74.86502113586039,30.91414818577308,15.270763281611867,34801.01955985272,-1220446.4667860318,-896823.2068666234,-22425.78091384086,-189998.36015207367,77342.49661734072,-1308308.729898729,-816514.0870628393,42354.16286876548,-813119.7860707976,1443.8290299120085,118169.18723388581
867,73.01507467185213,30.154885328585785,19.479157224045757,24267.65338490886,-1533233.6000366162,-428361.4546957468,-71621.66930889284,-390974.4012543931,-106793.69928789206,-1663604.2662487435,-322114.73950977274,48391.60441106081,-298530.47432740533,-87099.12662561864,672384.3211166745
868,74.86523968551084,30.914302923716367,19.47902351908095,142271.74327559408,-1481596.6564436217,-565148.7668031461,52940.98510716495,-597820.4654753484,-38871.573664925934,-1777082.8013767307,-278208.4239673171,150817.5453728742,-401533.31490365206,-11843.010240794807,281354.7651007559
869,73.01532101114454,30.155088340875494,23.68745749051834,127843.53715207183,-1734632.9413624646,-518149.42948100617,68678.79436819663,-552255.2700516249,-133295.1108173744,-1948065.6222574525,-351222.64108320506,174349.42964925827,-226334.75689903577,-51148.51640992724,760146.3106000882
870,74.86549941939003,30.91446869489497,23.687313173613198,192709.53505147988,-1725294.2122259722,-496736.3151878433,155086.51855929248,-732893.9142267604,-72809.13317400639,-2072633.9076889036,-198284.10941541777,241597.02474198584,-203545.18198812584,-16315.431053958888,423421.490696245
871,72.89993738132299,30.107809389772815,27.895768341727557,403198.88758598524,-2063365.6760167049,-385001.39958411304,372134.39602039364,-752697.1494371359,-114593.85747578194,-2385483.9596238723,-187731.56574254986,528047.3373515897,-83383.06859295293,-21753.64503404704,889402.840892083
872,74.98139756337956,30.96208448911782,27.89560914454546,-151142.22068116826,-2277119.3947760155,-786849.9340976333,334571.675540415,-1012608.7397508975,-15536.928158962453,-2821168.651871743,-378318.6106149703,-15624.287068105115,-80689.10304001976,-8563.167862487697,570558.9520814131
873,73.2618022544459,29.542194456002846,15.562508576568103,-49171.218280412955,-1144563.4585456313,-181752.64524380013,-193415.14789255065,16417.515640083173,27987.08196684427,-1178150.9566034274,-184956.3867565068,-12379.978709909554,-293874.68218514783,30594.81917459711,667134.8870211343
874,75.11669939006568,30.290086841003564,15.562433388583655,26770.284442640666,-1204570.0955128237,-878932.2164873781,-22865.568400502892,-175818.0130928572,73758.41158588056,-1281436.7333535538,-809166.524833953,33871.230629945225,-790022.5932867976,2637.247281376072,128685.22503248564
875,73.26199475831979,29.542376848005933,19.687490684358618,27545.19883670559,-1386584.7396605304,-401918.8355102793,-83838.74564780964,-326087.5978188324,-100061.35237249467,-1492637.5583714237,-318142.0373611902,49821.219398509646,-289376.62596008007,-84516.13061113431,686375.2060331529
876,75.11690484279228,30.290233375373447,19.687362723503195,126268.84562935343,-1461112.0756915861,-566740.0530731293,50454.94073878687,-569304.1911446926,-35108.281538577954,-1738345.6472039274,-296780.22701194196,133542.59108050726,-402567.70110472455,-12455.648955512532,274984.0650222844
877,73.26222734820198,29.542569063314826,23.812458962611995,129482.24140145286,-1562873.4866693001,-482885.5751570752,44293.41450795464,-484372.3058015741,-126269.85341250579,-1748290.5022192735,-335919.05030791555,167932.73210226672,-218573.26339084224,-49899.71668584672,766467.1645926335
878,75.11715019060097,30.29038946549424,23.81232017373756,174157.71153565735,-1694749.4757080525,-493754.03286157636,147809.0616280401,-705312.6033583337,-68707.76466073768,-2025635.2402558639,-207786.97085395272,219076.4140758443,-202751.60831112362,-15074.684072108845,415145.10270245123
879,73.1465335576634,29.496002202225192,27.937437312094474,401902.2454871451,-1841305.6835947454,-343151.12615709525,328658.5133291205,-671759.7894151579,-108017.89944038281,-2127135.1822517463,-164980.9063110846,509561.52429813595,-79725.85049378297,-21070.892200588532,892773.2334302854
880,75.23333086628213,30.33727327767484,27.937284144040333,-163162.75134514726,-2241757.1830546753,-776406.656453952,325954.8687608052,-983501.209756296,-12973.016810037676,-2766917.4358674246,-381250.6734944884,-33158.48149186298,-79250.02859352244,-7473.012561682171,556668.38644299
881,73.50994790852317,28.926815237526526,15.854174817797603,-52545.48607290615,-1095391.1090231903,-181340.31173210833,-184190.67252010136,36914.690188503344,34155.28428134225,-1128844.199895232,-184067.76708117666,-16364.939851795783,-287861.17953733914,32430.919029921188,678406.2487251092
882,75.36716360021555,29.668904784133993,15.854103897532184,27845.92194208264,-1140342.0575802193,-860551.4018695268,-14505.862900861292,-162205.01359632012,77717.28473361934,-1214944.9005815494,-793403.1792587589,35300.542332644356,-782264.1070288471,5235.114280231715,134975.89659186415
883,73.51012884863587,28.926988271870712,19.89582383931074,20925.51675737591,-1327176.826041682,-390128.938572004,-89202.01231259375,-297976.84938155016,-94299.65922420096,-1422618.0713050764,-315767.93390950945,42005.757358275645,-280212.72155114706,-80871.17509552234,697970.5647598986
884,75.36735672731878,29.669043637940412,19.895701528008498,123761.17307463469,-1381559.5668158492,-558209.1007911351,47153.158641669615,-523026.77678511833,-31569.13460117439,-1635958.2414320381,-309805.0966493265,129755.8435490152,-406265.2776511412,-12367.261704546221,262730.5846776657
885,73.51034805533558,28.927170045534016,23.937460102271217,118874.57433779468,-1499232.2251145826,-469003.3058512962,37443.983895024256,-458929.68441305816,-119970.42211324329,-1674049.1856556856,-329324.63018140773,154012.8592090092,-210857.81618335855,-48689.33696967379,768688.8210767083
886,75.36758818825632,29.66919035697946,23.937326689144776,171609.10977784556,-1593476.325869944,-474378.99677152163,139257.58747617638,-658778.7933050712,-64287.95827376831,-1903047.7465688246,-205247.61632826654,212049.15003347205,-203002.1252840656,-14453.978516301715,399678.34592781356
887,73.39449624073868,28.880955445719067,27.97910591927664,380333.269981206,-1770696.3106024563,-334363.36469951185,313209.9269849083,-643541.5876900757,-102352.69242707196,-2044121.1586859096,-162656.83754003866,482051.5909051872,-76644.83433767254,-20904.752915854508,889472.7575384239
888,75.48390004647969,29.715702633077296,27.97895866437967,-152073.4791178701,-2106215.3825447327,-742072.6823811106,309198.853057573,-927424.6736542931,-10081.295915826364,-2605505.577420925,-363215.03440325835,-31640.932219529757,-80436.0662988607,-7679.097369067027,533956.4315582486
889,73.69059723502818,28.470689762036024,16.1458407718696,-511458.0419212895,-3220450.646975004,-607918.6890863099,-272578.4581196554,-448078.4390330399,45841.307446386054,-3319509.6189102614,-602727.8096971014,-417589.94937523967,-290756.66748251085,39495.93756537152,695356.1312380063
890,75.55466087766813,29.19532527682907,16.145772461749893,-314283.69967419957,-2791454.806664993,-1192671.6280611425,-1745.7989849861412,-507015.83790658554,66940.68169012832,-2938794.6542964517,-1051134.3968248302,-308481.08327905386,-787513.9367735632,8655.828331694755,140885.2999011757
891,73.69076995279963,28.470855624959345,20.10415694024694,-545298.612121479,-4015325.652824934,-917572.6994268324,-50966.900751244844,-1194327.8472972987,-98463.46232859258,-4423972.517605689,-605617.8765843322,-448606.5701832252,-266918.4048957976,-80702.59217845529,708167.7884308527
892,75.55484494559445,29.19545818902447,20.104038496565554,-317264.7054906244,-3575342.750853547,-980555.5107787434,138887.1282877652,-1270162.1682796655,-49747.51394451016,-4096779.5271590524,-511452.4976611349,-264930.94230272534,-403638.8293981803,-16690.673202411497,259671.09890348208
893,73.6909785712058,28.471028933577564,24.06246071172277,-560694.1984861668,-4720566.435824828,-1165424.6047811373,267736.3415479842,-1468238.4174955923,-129239.32182045518,-5257777.244773389,-810771.4797480251,-378136.5145707149,-204419.4430348743,-47939.009635484304,767966.2611831625
894,75.55506516818565,29.19559730709809,24.062331395261722,-380099.91243409866,-4313227.72719225,-1056186.7151176936,374450.2070240712,-1536135.8260420463,-82232.20586715548,-4945560.395406958,-620583.7920085164,-183370.16732856905,-203626.24229308416,-15138.883705777807,383055.52171063796
895,73.57468825305367,28.425896834184016,28.020773719143968,-499108.36942375835,-5740145.303981453,-1273549.1962836313,755689.215562004,-1804722.574238004,-108095.02555953093,-6455297.597479261,-896058.8083032293,-161446.4639063502,-76041.47736186505,-23432.388360779692,877145.8867743695
896,75.67179365131588,29.241011529745286,28.020631003335314,-853085.6749195255,-5438179.382462426,-1518396.8573302517,724044.8995462878,-1924430.7081795083,-27617.65611040775,-6305102.54906374,-1050429.1323432783,-454130.23330518627,-83080.5142020282,-9639.392826305704,510264.0454897261
897,73.80717468216407,28.165090717658295,16.43750695758236,-469277.1862000424,-3002623.1980458945,-570888.1206585821,-277274.4662812575,-387421.90571191174,45389.79210356089,-3090089.0255894447,-569854.4187831134,-382845.0605319597,-286462.7047794389,41326.03445425794,713882.9830852767
898,75.675767448957,28.878075593685047,16.43743892629066,-342778.3961731965,-2887130.9843236157,-1218681.6478934598,-13784.211635916901,-503209.75533369253,65202.666676986955,-3027156.6248540385,-1084625.676833448,-336808.7267027865,-789392.6794481091,6261.698950913499,146266.97404062067
899,73.80734188718876,28.16525133162782,20.31248962769423,-491813.3255492993,-3714873.707356016,-858730.447365646,-71394.13552327805,-1073193.2736256856,-97327.78818905482,-4075886.525028183,-564677.9815821877,-424852.9736605897,-263822.13307666336,-78328.68705216798,715840.6126453972
900,75.67594545780358,28.878204116883577,20.312373160968196,-346606.01581481565,-3655988.9210867826,-987765.6549477151,126037.54009892863,-1275427.5013421623,-50457.5077347736,-4170090.0249547306,-524792.2899508047,-295478.2769437791,-391625.0152069782,-14216.476200480014,265297.0405350004
901,73.8075424917332,28.165417925707846,24.187460945857183,-493537.98622891493,-4329581.50174557,-1079644.8027706973,220309.73350872323,-1327180.0495014137,-124532.80828712127,-4809065.958134938,-747084.7510732219,-346613.58153702284,-198299.09664159262,-45085.62572361847,779217.294910562
902,75.67615712878637,28.878337423788135,24.18733434526793,-416355.10734770715,-4389865.462570427,-1073387.0389154975,363949.3993801022,-1539263.584309116,-80343.78364341489,-5015028.5980087,-642840.1645056944,-221738.84631923505,-200845.90045840567,-13635.782813809865,383016.20354807266
903,73.69096084728808,28.121007428630996,28.062441365835934,-405490.1899217906,-5200849.501912172,-1149074.168344095,671490.7468993095,-1630461.384271586,-103736.57475169173,-5841670.048311584,-796862.5684834174,-116881.24338305682,-71455.16521307621,-20073.477078617576,891862.0677377016
904,75.79315975348668,28.92301794420155,28.062301673835385,-895777.3602865855,-5538071.21740819,-1543309.3493019226,718562.8350219388,-1937527.4697162071,-26267.646118356683,-6401804.979985643,-1081401.3842273562,-493951.5627837002,-79303.91239983522,-6585.428280067458,511560.3005985266
905,73.92382516581887,27.85951945414167,16.729173051270436,-499446.8896077577,-3107050.0826939554,-596407.9277561035,-302013.5047575833,-405275.0514892934,43607.15007274981,-3202335.0026972694,-595451.9462469132,-405117.9511136354,-283605.55663251004,44468.9208358884,723259.8845415575
906,75.79680099235028,28.56079809246014,16.729105038937554,-314175.994810889,-2728081.412877391,-1187752.0882598725,-31107.03315368662,-443373.8672353782,61521.83125051043,-2846665.8618052793,-1075227.1449560768,-308116.4891867948,-784547.0521716737,2961.2194194471863,145752.43062730844
907,73.92398678562809,27.859674907333734,20.520822255220576,-526165.5164497306,-3808575.058465269,-878376.1795871597,-84636.05050584662,-1085263.9941350743,-95990.64971121248,-4170095.0681513567,-586123.7238487384,-456897.9625020637,-259270.8991475308,-78807.54086291048,711658.4746210712
908,75.79697292605475,28.56092222864049,20.520707788547227,-302908.18680398865,-3398692.0268695713,-928233.839180247,102710.641508697,-1170106.6712120653,-49302.74618505293,-3866587.3051981097,-497744.97618351365,-265501.7714721842,-381580.6786571273,-13698.15953511223,261581.41327867412
909,73.9241795738594,27.85983487301054,24.312461103436007,-532170.4236387502,-4409134.385247139,-1097391.1370936944,205037.1444090883,-1334002.8315654325,-121037.02279048933,-4885033.4331778865,-765810.0210076793,-387852.49179401936,-193626.03372610628,-45370.52669577085,774605.2969311312
910,75.79717623768872,28.561049875525008,24.312337209339784,-360916.4379611064,-4050507.2923641717,-999925.168027318,320001.4042011031,-1410415.9314963026,-76695.19019302435,-4619817.227128899,-590522.3995632315,-201009.27166046618,-201538.69891951772,-15372.808440190181,369646.2038284973
911,73.80731577563783,27.816149495688027,28.104108913261765,-462141.5823610589,-5312228.028035033,-1180014.6644030206,659307.4057806842,-1648058.4487686476,-100018.54344128234,-5952469.663065946,-827712.3882187393,-174202.223514431,-71828.96266694435,-22980.31263597847,878293.8278734973
912,75.91444407390266,28.604993207109835,28.10397223779826,-807894.6669906492,-5063833.369362191,-1431796.9423225156,645707.6243238598,-1780431.7951805533,-23185.47857948219,-5859871.780104779,-986218.9886951784,-457434.20987539925,-81938.40117894068,-9038.251241180358,493392.64343023853
913,74.09296118431007,27.39899999265085,17.020839089168316,-57194.915624128946,-949098.9683985309,-180246.175823703,-221953.69835128277,85207.62007039957,30295.472829146587,-1011005.3153003613,-171116.0976924947,-4418.646853506847,-276538.5050714014,44454.70272977237,725438.4346063333
914,75.97245638985852,28.08270004786217,17.020772936161478,11912.527316821797,-1061975.7470316563,-849013.1640641073,-47888.71383287432,-86972.97254550028,66485.23199026227,-1093460.373945068,-825389.0073198976,19772.99748602456,-769079.4765844007,1083.0350897266921,146414.77502292205
915,74.0931146510649,27.399149030458073,20.729155706111122,5867.960702898214,-1119173.0417607888,-354132.5248395949,-130820.32099180705,-205316.76865034935,-93276.09633849478,-1189577.5400356504,-312471.76811538124,34611.7022535464,-258749.28822379714,-74695.92568884298,714455.5019592972
916,75.97261954962997,28.08281870174212,20.729045042539603,106037.27901450853,-1213420.2398326294,-508887.2302900178,7375.4495896574035,-424500.12597218127,-36644.047289803886,-1412832.6684748419,-312674.1061515718,109236.58351827505,-377087.75269446487,-8827.027186078687,257848.90308509834
917,74.09329773256552,27.399301229138004,24.43746201916181,98841.10953659273,-1222863.2545029414,-410979.44168131007,-30755.328227657064,-350386.9764693622,-111164.88923731961,-1356323.0589631665,-302226.6394841999,123548.11179970787,-187973.01425166297,-43617.40701637019,781442.5861981503
918,75.97281248906187,28.08293965300321,24.43734212574777,145808.19322988752,-1372330.7542328269,-430929.11590956606,82384.08576938868,-545805.6123768954,-61516.42715306206,-1623744.457564088,-204053.80889460773,170346.58954619092,-199319.24755328917,-13880.523697923005,366977.4509742459
919,73.97601680732642,27.35670686028318,28.145776918546026,342256.2459298965,-1404250.0148147906,-268195.14036767534,207352.971423967,-507830.59994112805,-93586.94884248721,-1611431.2422899744,-127723.93005001887,408966.263087424,-67290.72951309188,-19951.652855371685,890711.8027889903
920,76.09047726712426,28.125777812062754,28.145644708332092,-145925.66080831276,-1781547.69822757,-665004.3566303899,229149.64288551713,-788137.7766213415,-11291.900754717224,-2208248.20592092,-324132.6294898179,-60096.88025553638,-79129.6339746391,-6779.0820852211755,490042.3892524501
921,74.31784315079855,26.7747424457699,17.312505583290687,-57952.44688497277,-877552.6239151984,-171042.53557867464,-221981.524390892,106959.15845947192,30268.7384648768,-949670.2010720216,-155244.96027786637,-1632.4450289578124,-273169.1723955679,45425.399142020906,723262.2472744875
922,76.1994739291879,27.45257151567933,17.312443139438912,7109.294633667538,-1030178.093838914,-826037.6645004787,-52264.31693314615,-68374.31422441173,64353.83188474753,-1051908.6970911762,-812409.024798695,15211.258184145712,-746261.128345822,4423.556166549657,149202.30653862574
923,74.31798601089174,26.77488367498977,20.937489385669892,5478.6045878301375,-1007994.7159758563,-331895.5128677816,-135649.78865354342,-168588.03972252324,-86310.24162051371,-1069221.3453410536,-300501.76063790056,35311.4817231469,-249689.38753037257,-71474.91140215877,723042.5689761009
924,76.19962592724731,27.452683746075856,20.93738411687619,94904.21559872176,-1168008.8215474682,-507451.94660093245,6077.667210154132,-396913.8973547472,-32880.842595609545,-1354136.6836909647,-323872.24520103616,97452.37634232169,-381289.29209763673,-9736.36401274127,250096.5091586083
925,74.31815749816126,26.775027023542876,24.562463583136907,95237.16671439068,-1098941.9777960535,-385854.75224935455,-42239.23215573022,-311789.6501694388,-104767.46065789142,-1220498.0390204783,-286604.30639441404,117542.78208387595,-182395.3265961745,-42862.29532117269,783562.2664635133
926,76.19980676376915,27.452797089639695,24.562348805118464,134479.13845925854,-1314725.062897938,-420831.7817843504,76881.57083916376,-521160.0485826335,-57380.228084473456,-1555591.10844241,-202200.7197390502,156714.1219584295,-198549.53733699067,-12944.455148359526,357298.90470008715
927,74.20073167025265,26.732790976907552,28.18744577882816,333110.91198818875,-1251181.78138846,-242487.1207772817,183421.86584268208,-462761.42157517484,-87543.36963032039,-1442323.582131035,-110251.23696040075,392016.8289138827,-65219.64518236329,-19600.2930525739,890623.1624480186
928,76.31759302578047,27.495261058889746,28.187319278807365,-147704.11553293606,-1710796.3419182715,-645848.7417056307,220887.8363909064,-757793.263630732,-9105.301406916718,-2123172.3569436143,-316092.2516981441,-65084.590515080854,-78635.32449335657,-6193.4222425775015,475241.8520829703
929,74.54274392519541,26.15049136382869,17.604171997040996,-63066.048706828355,-826776.618370503,-170350.11534408768,-215489.85215957207,123600.62822770697,34737.86100413097,-905790.9566135784,-147976.1463207818,-6425.679487059036,-270461.32895162416,45761.243477113385,722889.6253286931
930,76.42647335695246,26.822436632694966,17.60411357665509,6706.900666335132,-961145.3274494995,-804630.1635014486,-48716.7998156946,-57413.86237604455,66550.63148475622,-980632.4231456709,-793477.2640390452,15041.096900103072,-735113.4474981512,6798.229572560167,149465.36769858244
931,74.54287677659002,26.150624866974102,21.14582277004187,-964.4866890129633,-938596.4912444836,-317373.5352730959,-141397.06461141165,-144841.44970886564,-80113.16858289954,-995073.1472810432,-292198.4711452521,30337.105219703328,-241928.74555278884,-67310.19801125179,729090.6254589921
932,76.426614694234,26.822542710316284,21.145722788598814,90640.37941989372,-1084857.4659288882,-499674.72878115857,1338.8416439495818,-356726.80879018106,-29214.853018528713,-1253732.441918966,-332613.8822911221,92454.50891993479,-386552.4138134938,-9512.532154301874,237144.48355017463
933,74.54303708454417,26.15075969334165,24.687464810961316,84663.1048078526,-1022263.2069117811,-370641.5673505775,-49069.81051330685,-290290.9072149363,-98307.28557369848,-1138198.1820270978,-275146.0985660371,105102.61113862888,-177038.16147403195,-41835.9831257912,781813.8571760629
934,76.42678386754848,26.822648696307443,24.687355060296305,130414.87270223966,-1211683.7336490573,-401342.70413527865,68749.14329992866,-483222.96535527584,-52733.765601228086,-1438145.5973166092,-194037.47061094764,149571.50284546026,-199160.2897027371,-12313.05991069001,340831.1377554818
935,74.42546892914953,26.108883134844724,28.229114290621553,313224.29778691643,-1163792.1583521613,-231225.12225696945,167636.39084168215,-438655.2793291299,-81859.70084202183,-1347290.906985568,-101763.50271997893,367261.4268833323,-63700.568257712526,-19422.398602585778,885169.7345046374
936,76.54468980404422,26.864737944839135,28.228993418565505,-138504.8341782136,-1576896.360224306,-612184.8486236928,205068.15232752095,-709783.6814865391,-6608.012344354777,-1970095.522802116,-295276.1116821874,-62214.408541908604,-80088.22482389123,-6343.601868634955,452710.54225504864
937,74.70616585978027,25.687912717831537,17.895838027539,-456524.72775365657,-2605140.9116789703,-531550.3773461595,-324209.1789498023,-214066.71693369912,47062.52317430181,-2672629.013757454,-553395.0706975092,-367191.9323238224,-272435.27147910773,49765.29278063192,734132.5643638619
938,76.5960839852841,26.3421608568661,17.895782024763797,-287297.54529510613,-2333539.2117190473,-1086704.351697304,-65727.80101461353,-277096.75248330884,58463.131914068945,-2393641.3123955266,-1034592.4501083075,-279307.34620762366,-737160.189696896,7719.801663365245,152452.59498895615
939,74.70629157170421,25.68804009421086,21.354156025429887,-456769.75311577006,-3068846.692296067,-730300.27950848,-164021.21011557285,-786680.8418756714,-79727.56561428559,-3320187.078685893,-504005.3935049947,-431724.2527294314,-231512.50890019996,-66916.38868052163,730335.3877097588
940,76.59621747798234,26.342262009900548,21.35405962373884,-260057.18747211987,-2801021.056463656,-826464.8085120979,34647.51311757384,-880332.5060940884,-42296.51791786218,-3136610.7360489224,-502087.1113871804,-248845.20501177103,-384747.3809955627,-12965.968207644755,229541.04374329263
941,74.70644308528966,25.688167918822543,24.812465476681957,-446400.71921552066,-3501891.207492005,-903129.5910598242,68131.71739631383,-1025453.9942911007,-102808.66437963728,-3858064.5637254342,-626394.2935529514,-366962.6604889634,-172833.3176897715,-41534.81979818783,777296.7950761348
942,76.59637726172171,26.342361972402262,24.81235955084283,-295114.741735226,-3285594.901159442,-840197.3579356407,205537.94714628064,-1120706.9768300215,-65505.68947402844,-3729715.268943611,-493161.3006886759,-198030.43119802306,-200838.52151510294,-13661.858419186032,321037.53594709205
943,74.58847940091472,25.647390719853234,28.270781992530875,-360368.4108276358,-4163563.2794088973,-940792.9312985099,436433.0392380152,-1287818.9924131664,-84790.4833896138,-4649397.536769552,-645593.4609670396,-169733.62379845217,-64575.389589729726,-22148.958672894307,869889.066252349
944,76.71466039282119,26.3833393723446,28.27066542993088,-667378.3947358988,-4076090.129300487,-1191656.1178251181,471903.2230721657,-1437652.9369098824,-20566.057015806742,-4715666.13828949,-808255.6752406395,-411202.8283313755,-83130.47049818518,-8507.815750549993,427927.4124268928
945,74.81120395987652,25.378157488740797,18.18750415686523,-417326.28899437224,-2395032.630132082,-494655.3450421216,-329317.4154018009,-168540.07882052517,43900.4763087217,-2461352.5817563185,-514384.12936407747,-331277.5530481806,-267207.26454794087,50799.81574601783,754711.5570866944
946,76.70521099437788,26.02059403977655,18.18744835833733,-309775.32803521206,-2387904.846113161,-1104543.4851406214,-82854.65290787598,-263794.575420666,55367.933366864505,-2442350.232029019,-1059014.708698864,-300858.71856111183,-737338.5726064793,4558.226754674127,158638.81905502154
947,74.81132481810987,25.37828021084064,21.562488809728396,-410256.63708324666,-2799143.426234337,-676057.12265698,-175546.52235335988,-697750.964564232,-78781.09878867546,-3021862.5567338103,-475245.0507783519,-388349.57846240135,-226757.89311213768,-65141.26464342501,733411.8752946318
948,76.70533920717114,26.02069135833953,21.56239418989187,-279396.82831191627,-2831533.38900813,-821117.5847361891,20141.242145058746,-878747.6203620697,-42854.44653204345,-3161486.0140205943,-501213.12485307164,-269348.6631825687,-370831.63064613123,-10065.555054376484,237159.6645430953
949,74.8114697497729,25.378402364439314,24.937465725918422,-389882.6107572225,-3156508.2212695605,-828817.1307266062,33599.96555191332,-916633.1256040868,-98161.40665943261,-3474132.516214034,-570718.8983756364,-330356.5481637177,-167425.04224546105,-38040.49583860211,789879.9581547894
950,76.70549191317842,26.02078664041217,24.937362330139972,-319079.6148201772,-3304842.465169995,-844569.604349101,191489.20324308905,-1116629.1611463781,-63055.00425115683,-3743169.6624664133,-500024.8728940096,-225297.14897885197,-198148.73041634806,-11797.550689503852,322200.60376715305
951,74.69324351801409,25.338357935392885,28.312449528513078,-283926.8451241893,-3702104.358925566,-835161.3832743727,374502.8225229546,-1152266.5515877772,-80732.62149115336,-4135550.599354402,-560572.1117012539,-125069.8762684706,-59723.13498469975,-18002.639130001695,886216.050504953
952,76.82402317408841,26.061021291899436,28.312335833299034,-692714.4920888314,-4101568.134033508,-1198464.0256105438,460142.3560576881,-1438299.5391422717,-19349.59504935846,-4736804.686833702,-821153.167798073,-434788.7971011086,-78427.89464506174,-4709.254588236868,432342.97289120936
953,74.91729242495691,25.06545855089941,18.479170133901235,-423631.429636117,-2404815.366772953,-494117.2590296089,-346302.1758287747,-173730.70194771825,35901.74029108462,-2477389.268577911,-508980.62625006126,-336194.1606107053,-260406.1582270639,50508.95900388296,768849.1863498078
954,76.81328824223468,25.701970775973308,18.47911407639078,-295175.6069855087,-2298523.8195770723,-1079026.147765669,-97150.69038603928,-224941.34177043257,45560.959556156784,-2342448.2224138957,-1043939.7809698151,-286337.57094453886,-725164.3886156,79.01548247638168,160576.45010529514
955,74.91740823623346,25.065576662238584,21.770821584620155,-417399.17630089255,-2785397.1695515467,-672164.3892787626,-178976.00077122942,-695376.9070090625,-76767.34199470282,-3008136.8533204957,-471059.21367686463,-395764.6681338407,-223038.77876091408,-67088.34019249042,721512.4900051506
956,76.81341111461256,25.702064255538293,21.770728718267176,-256412.9289859922,-2685219.165181518,-779893.2868021384,13557.954886431238,-834442.9697741274,-42412.281769727466,-2998994.6846526414,-475160.1484251232,-247370.54789188417,-359975.7155995393,-10362.68358376995,233475.0327839869
957,74.91754682074989,25.065693179830063,25.06246588863181,-396257.2799776314,-3112742.5275696726,-818502.7901288645,20556.79582501858,-901808.303398505,-94728.53307627863,-3424824.791938425,-562250.6069103136,-340427.19882743206,-164024.18290566496,-37092.84706109829,789525.7785521852
958,76.81355703121234,25.70215502138904,25.06236497557294,-291620.879797425,-3113893.379514672,-802502.19856864,171606.32314306253,-1052339.5341931193,-60479.872817899406,-3527135.4925057366,-470729.2945575774,-210151.67081742335,-198765.80815960257,-12883.832506582576,310881.23569529847
959,74.79918938649016,25.026013617833918,28.354116972106954,-296650.71341077203,-3651286.11901149,-826229.3110284801,359022.3618968503,-1138600.985572915,-77402.36113643806,-4078987.33774368,-554196.6728472254,-140982.13285983767,-59928.71381499496,-19257.80025154017,877575.5226191997
960,76.93220540214395,25.74201519012619,28.354006080332113,-646805.3985847089,-3840117.123266874,-1136066.2041175007,427735.5270150868,-1359501.5376324079,-17457.113917024588,-4445209.999865254,-769227.355297624,-408551.3708062058,-79367.57307563428,-5736.019839869211,418614.74658582074
961,75.02042358629215,24.755066520276646,18.625003061491505,-230427.71057712394,-1257062.8859482142,-380377.14769583195,-12499.041648319719,-270559.6100735997,35239.55681692678,-1333843.6695561202,-319271.59417877236,-214752.48048627717,-248076.43878168406,42963.927125345086,747489.0691529092
962,76.92036000684107,25.379717813801335,18.624948449590928,-165218.98583135378,-1406566.1368188427,-1001230.6473694916,243507.35536969613,-475121.7118877507,73024.86770984063,-1757766.089203301,-696475.1333183246,-118774.5474980623,-707309.5797669736,-3251.674545020017,155654.2695994177
963,75.02053460428056,24.755181291550752,21.874988552557422,-299817.3863981224,-1894944.0046361738,-668631.4459268114,126955.42583282373,-772777.3275573747,-45568.2872496837,-2272805.4052830385,-391439.39369164954,-199148.03798642056,-227948.88211431785,-62786.08682737744,716622.8194313224
964,76.92047774788182,25.379808544018218,21.874898249615,-197280.7370471374,-2019701.965095837,-837820.0622997084,330326.20652267506,-965011.2285818938,758.7623470593543,-2595220.6880500847,-403003.6403794382,-56578.4360131604,-362420.16802071896,-4686.78332713831,222603.58614555045
965,75.02066844303586,24.75529395868888,25.12496648385472,-334290.0001421493,-2544058.2087924466,-821409.263507008,212531.7725383712,-937620.4323121822,-61943.671322431524,-2966891.9910917194,-514721.0647299589,-218144.4166199273,-162332.6642976422,-36936.48862112461,787585.3059058578
966,76.9206185174855,25.379896195244754,25.124868081897365,-261957.00627142668,-2673741.066644998,-842569.9560984713,368558.8598913573,-1088237.0799805196,-23668.5916825191,-3216020.4352093935,-465378.8278059853,-96868.76599951743,-198120.53540888234,-11735.508956672138,307521.5617467604
967,74.90205976996516,24.716351952112287,28.374951055897256,-267606.4951257997,-3360706.371007102,-812319.971422699,393140.0105647702,-1115966.7630540067,-62921.82253436902,-3814144.1791871134,-525004.2462750418,-101484.41209344545,-57574.23175292377,-17218.913219441638,882835.6960754206
968,77.03950784545646,25.419012112823797,28.374842968927418,-625420.2727097714,-3587235.4062028867,-1128091.6807143728,468473.88031055353,-1332771.1192174172,736.0182776308702,-4222383.051629724,-745737.1977393752,-372627.1102579321,-79249.45694789763,-5349.740570191847,410873.8459963595
969,75.12256808452773,24.44105022983905,18.625003359016777,-215216.8228695559,-1149210.0323867518,-346170.2386733483,-21521.82438682562,-221495.61337902065,36193.344866789674,-1206392.612172893,-306913.3112835151,-197291.17047324788,-244936.62013663628,41766.64601449944,717295.3431906039
970,77.02445580773241,25.059766593320436,18.624952081669015,-161822.79230938427,-1353413.050625999,-967163.4324771394,231833.104655334,-448716.8213870057,71781.0103622533,-1684591.3986475936,-679718.3767949425,-118089.49996998555,-683267.600762972,1785.7128631170222,157105.89970247995
971,75.122674728204,24.44116273594833,21.874989399483745,-274837.6912462153,-1708953.6097306218,-624193.5167810691,101289.51038312698,-697930.5920097982,-39524.00794541597,-2053528.2395166792,-357366.01689030265,-197090.56135092524,-226033.6122503596,-57831.07695117872,729389.4318912745
972,77.0245688627158,25.05985574090669,21.874902348450057,-200921.28647979256,-1962361.7072774386,-839779.4229412787,319632.65032952145,-933909.088875666,4845.95118814751,-2524708.5502818115,-407473.1593832907,-70880.70703340747,-378021.58510720753,-5044.971501905019,216021.61242845355
973,75.12280518690861,24.44127331292798,25.124967527431775,-305649.1513125306,-2331256.9601912675,-771124.0445621518,184746.77019935678,-869152.2720620404,-58906.97865205066,-2727735.8183996733,-476022.05403361015,-204272.283632666,-161640.42828458574,-35936.52535362579,789452.2934265133
974,77.02470606178645,25.05994162897796,25.124871580578088,-264701.0406330644,-2609230.307849311,-830439.3416967393,356282.8504833975,-1071542.7998229547,-21388.988554386076,-3146602.296231823,-455403.317353612,-102365.07659367821,-198153.59842987498,-9349.26484920441,307217.0510810976
975,75.00407145883686,24.402700271485728,28.37495205359355,-229972.84385250194,-3089774.0056332713,-753586.9624492321,355642.9802181453,-1041312.4969103858,-59905.731345129854,-3516066.020867198,-476491.1050169315,-80776.68605087759,-56411.04762912022,-15461.5372269178,886439.0055148407
976,77.14371411143685,25.098684803268583,28.374846656044657,-626104.7345658932,-3531150.7925109747,-1112725.9094799194,455128.5224523845,-1314852.8472142671,1323.5635573736558,-4157716.512559565,-737767.0478188397,-374497.8761783823,-77968.45249318573,-3489.754694077124,407478.1238692136
977,75.22473154744712,24.127040303375086,18.6250038300075,-217361.97212820538,-1116015.8776283283,-338355.3999248559,-16935.993907395736,-198607.2782964619,42251.06839826647,-1163847.841625038,-311994.8948406957,-195890.5132156562,-245253.30808456073,38278.813037177606,681138.2335149501
978,77.12853345841859,24.739809792968934,18.62495606001426,-145344.67180173678,-1234383.982297474,-929671.9883919407,218633.8698486318,-413653.80408759724,75319.9824879312,-1557975.6324782846,-648364.0482150152,-103060.96179785173,-670378.4700623648,3976.547986375111,148390.24997526844
979,75.22483417983311,24.127150317387173,21.87499010604785,-274475.82711200387,-1633177.5048515154,-605492.4627968136,83538.82020136049,-667941.6221991853,-34331.82588661695,-1964175.286421367,-342178.82127525826,-206791.68706370782,-226091.20961781312,-54600.62672088537,731145.1824751842
980,77.12864206274804,24.739897462706153,21.874906295933094,-181622.85906774475,-1806845.271411628,-815866.5508251379,294255.9054482756,-859884.9901393168,8913.202761446108,-2335128.9594049454,-396693.9208723156,-72511.80102724783,-393843.97942863323,-6145.343015382384,200254.76320939607
981,75.22496121476605,24.12725889312037,25.12496847548195,-309705.81324056047,-2264453.8001311477,-756841.960417775,172005.7384099522,-852440.6858569818,-55697.39729228554,-2656241.259893677,-463666.89298400487,-211093.42091180215,-163100.6291253148,-37452.915569222234,778351.2115484213
982,77.12877568097836,24.739981565905985,25.12487497557413,-238536.64606723934,-2417279.489978969,-787661.6301538812,329695.165771331,-1008143.4866595464,-18735.421082249803,-2929959.752717392,-422352.781137701,-91165.2323449973,-201882.03346449026,-9773.281811618906,294579.4630047859
983,75.10610484184488,24.089055570666734,28.37495297990886,-240907.42150362348,-3031591.580913134,-746333.6417351958,339095.49223770684,-1029991.7456409442,-57201.945504465875,-3454652.028926341,-469318.6478145445,-94861.96741106783,-57867.66474919346,-17061.975554103363,873469.3548799925
984,77.24790023054487,24.77835116741983,28.37485022139354,-583044.0153121129,-3285608.8433702653,-1050486.566074301,420837.2684464719,-1240064.9897270717,2076.5315698050945,-3882508.2659387835,-687511.1771870699,-349119.9816308248,-80401.82191514538,-4804.971991743268,390795.2141633368
985,75.32397493234623,23.81538385531806,18.77083724624654,-395398.8521715616,-2063601.726287251,-438629.2175630939,-320320.04968036833,-68913.0020574846,40188.61619953666,-2125160.831071161,-458564.76870771224,-313904.19624303404,-249540.6414738896,41283.49314742965,686884.4567400024
986,77.23156891655286,24.4162441507887,18.770791357397183,-268254.60017307376,-1962998.237489653,-974903.8397927128,-99033.83161948479,-129860.56098539423,44868.1871907144,-1984770.490207033,-962775.0005718089,-258611.18667659687,-664304.2186591618,8684.788190684867,161968.12950826593
987,75.32407389484133,23.815490212221686,21.97915692000865,-373045.6813802897,-2258140.15022377,-581163.9456994943,-232345.68153606946,-517798.33172021864,-53587.34145688999,-2432672.6144411988,-435717.35911562777,-343959.8037467283,-217632.9958624078,-55180.14918535075,737519.1376968331
988,77.23167327098272,24.416329447292362,21.979075604077792,-230448.71306627995,-2251968.479456868,-745251.6977064625,-29962.613309392356,-649141.2446409795,-25454.375385294024,-2493664.5953113115,-504814.6037183793,-229189.6911999176,-398756.5897661112,-12141.305564267892,196296.26633576828
989,75.32419636324182,23.81559535057416,25.187468989987284,-346769.7197402631,-2537261.9497292535,-701928.3873617158,-56918.97997836075,-734708.5869495118,-81367.90701393271,-2797797.0488951067,-470555.4842918438,-317607.5236442808,-160806.80985032563,-35690.6933397515,779493.3807172463
990,77.23180202971841,24.416410536384646,25.187377928476273,-246167.6072009176,-2586031.8825952765,-702787.0780088819,97739.97467021253,-887957.1588750514,-50333.66102560327,-2940613.826466743,-395494.31433755223,-198878.42700078135,-203047.18535478078,-9996.03242355764,285169.2053496522
991,75.20509826987836,23.778132888488376,28.39578703467857,-238263.83800345077,-2966325.129411841,-689927.2213324746,238370.1665396786,-956077.6466667858,-67791.28789883193,-3327669.601396556,-439648.1647675109,-127198.4225836999,-58684.63908421249,-18321.491482549933,862406.5273561832
992,77.35115868339602,24.454032912328838,28.395686953480713,-558637.0653780305,-3205894.0235932656,-981442.2068626856,321186.71724711603,-1166179.3069174073,-16139.502644839406,-3731553.1963052116,-650105.945865337,-364314.1536634303,-80097.90176837542,-4337.467007746129,381043.28370337596
993,75.42219429155104,23.5001251289204,19.062503650453046,-370641.1660053237,-1923268.47731385,-421247.4564595895,-316119.5554146034,-50139.912121867324,41351.05600655171,-1986252.7350252979,-439439.52577124885,-289464.8389822158,-244005.06988136226,37996.60253368432,705987.9796651151
994,77.33166590930173,24.095024896708882,19.0624578933602,-274266.66423774546,-1959607.015827296,-978450.2927343657,-99604.43678682341,-131443.58888404391,43744.198910527266,-1981989.6360630707,-965685.8262562364,-264648.51048009977,-667675.1445218666,8462.918599592766,171196.04258836852
995,75.42228975243,23.50022688686157,22.187489618838523,-347874.07316360815,-2096918.9374555876,-548844.5991461389,-238617.60212524523,-472079.2917724069,-50792.43898150058,-2260512.5844418146,-418604.2194825139,-314520.80584100593,-216247.7815142793,-51896.27535724698,743208.8772132514
996,77.33176628238478,24.095106938404125,22.187409969686744,-232507.113989564,-2218775.181302029,-729451.9873708572,-41315.63472583887,-638253.9742244991,-23387.85716933881,-2455860.796331168,-493574.54634571495,-231298.9399855678,-390561.26410196273,-9366.439245942558,195553.89673452277
997,75.42240652909082,23.500327107596984,25.312469088796814,-317630.7776605667,-2340652.562462305,-657747.7675789769,-70912.5610218357,-680151.646104665,-78291.69495123536,-2584978.2474591625,-437543.98970924626,-293508.8705334415,-155656.94169440912,-33089.988186056136,784045.2416250897
998,77.33188903752342,24.095183857905294,25.312380362995874,-249461.54376642645,-2536394.2047328167,-689452.5419887879,87385.81267749969,-871701.1266120085,-49061.73776667629,-2884341.268710346,-386692.7305122404,-204274.29126544425,-198975.49849551253,-8323.363272882745,286596.9921448816
999,75.30318485723836,23.463232372669328,28.437454464241956,-201014.71151812293,-2706151.777013195,-630239.9730396455,209606.14478159478,-887479.7415770942,-64567.229866053014,-3044540.254261361,-390708.4978645214,-102157.7094450812,-54891.968054286284,-15112.704865739732,869680.8684173627
1000,77.45135645203214,24.132429950218505,28.43735702277691,-556707.7267862369,-3140204.390646609,-965151.0610469973,309659.53359423834,-1149895.1178022407,-15085.806285005865,-3660415.2282792814,-640081.843343906,-361566.1068566548,-76920.33469652927,-1542.0377014572882,380319.6101184756
1001,75.52043246134201,23.184871798138573,19.35416983016419,-372005.48051617725,-1892861.532184964,-425222.26907077397,-326960.9923122669,-47214.814092961984,48095.15040160783,-1961044.7457831868,-446890.7033735934,-282153.83261513594,-244974.72298423818,39881.99319585891,719582.7002181315
1002,77.43174415342051,23.77379984448247,19.35412444096773,-261454.57225197536,-1871935.1481705864,-970090.6022147253,-102052.76359917526,-112496.69547344111,47264.09139119047,-1891368.0149663186,-961234.0756882459,-250878.2319827232,-679566.0547076662,7765.9211644965935,169680.65954092873
1003,75.5205246138027,23.184969303380505,22.39582220599126,-349469.5097887434,-2059948.9208603154,-539526.5075012194,-248200.19463322984,-462658.9852685413,-48297.20554664435,-2223562.7508960497,-413998.8309352492,-311383.35631897894,-215379.1801396077,-50456.137456514334,738338.7357350547
1004,77.43184082541512,23.77387872266568,22.395744206418676,-211422.38682311383,-2081006.118050852,-692938.7986533823,-52093.66422364912,-597455.4329107999,-21812.712839577922,-2304264.463201993,-471222.55122391344,-209880.28910144098,-382752.74648992147,-7699.846278810287,188722.79299728092
1005,75.52063578483562,23.185064657840044,25.437469111301215,-319632.5286524572,-2284122.0326792602,-643737.8451564691,-80700.79140327193,-668109.7771926469,-75480.74765195251,-2526453.255708403,-423857.22545414855,-297181.92532563384,-152138.03792777035,-32574.092361949704,777842.19230416
1006,77.43195765937827,23.773951544525076,25.43738268590332,-225293.77712743543,-2364483.2721180758,-649483.941120059,72540.99910666654,-818233.0804096814,-47501.7718104722,-2693231.6650667377,-359168.5472297744,-186860.77806905704,-196731.80823623462,-8633.337235259789,278098.59544327285
1007,75.40129295609262,23.148338516284884,28.479121793744053,-206783.5896510459,-2634663.9075563014,-615343.1180809597,195457.49002434983,-873647.3599275098,-61415.197538688415,-2969657.3061760813,-377389.1077495339,-109744.20136269339,-54742.64800684987,-15294.376544402197,859754.3700585873
1008,77.55153365059837,23.810820861134967,28.479026977066315,-516473.1285187227,-2908439.9713673065,-909875.6714635345,283867.51981282287,-1083895.9046567194,-13473.052909043954,-3405876.3681059983,-593672.2686556046,-335240.13458796055,-78074.10578104922,-1974.1937545925628,365567.25019343215
1009,75.61577641508029,22.87200309849727,19.645835630571877,-364883.3297368193,-1811822.491036277,-419873.47012176365,-343259.1289237279,-30972.246699759606,54969.424271803684,-1889348.7030248726,-443124.32963906083,-264106.2582309248,-249631.54302727414,44401.128124039205,735476.5861208052
1010,77.53073123130157,23.448975348503108,19.645790686120556,-260901.7063087176,-1828400.8766774582,-975254.7131440211,-115092.329053487,-88776.7703919149,52740.71787327232,-1845074.8560258192,-971811.359306376,-247671.08079800295,-694666.48427602,7133.888966403667,164363.96677094753
1011,75.61586530576072,22.872096649463316,22.60415501201567,-338793.25869146147,-1963142.0665302384,-517974.2863786364,-259381.79342173447,-433999.14494778746,-48186.29275444623,-2122200.016912967,-402636.4791092043,-295073.11557816534,-212756.7001071159,-48197.34608731077,735043.8556685129
1012,77.53082428361606,23.44905104646711,22.60407866408103,-202045.5266810892,-1990232.8909111447,-664557.1607090129,-68483.61335654013,-568077.8894554366,-22517.107658252626,-2202953.099960407,-454458.0895233428,-199424.38881749683,-371702.72526087565,-4861.581856945999,188964.0200044548
1013,75.61597098927056,22.87218720770422,25.56246914017035,-306233.4184702014,-2153211.705032094,-614500.7084503083,-97765.25418953782,-632623.2257627142,-74160.18100795709,-2386496.811049085,-401128.3994299755,-286320.62147354527,-147889.25464142725,-30827.07202504472,776946.1991525607
1014,77.53093524127428,23.449119878231816,25.56238503022942,-214679.92164391436,-2249407.8452318157,-621862.5286139811,54596.13093402599,-781033.7362388693,-47665.73076812936,-2564031.2764504496,-340686.9285792839,-181232.0904599786,-193298.2442238821,-7892.432850829661,273756.3759040894
1015,75.49639459627902,22.836203706942854,28.520788857620822,-189462.03834247863,-2461027.529646641,-576471.8856120161,167592.44122533806,-828630.2051307772,-59773.2238228837,-2780669.505257258,-345082.87281407265,-101209.07552980504,-52845.79342555939,-13247.11841687951,858327.3301909924
1016,77.65073270552332,23.485238537527696,28.52069668977029,-493751.7535210341,-2751757.5724546276,-872612.8728085936,257986.05902840965,-1038306.6933293941,-13942.103000470175,-3231879.153543216,-564203.0722779555,-322039.9729630843,-77245.39464245025,-433.08162280851894,357774.5929964273
1017,75.71004818602856,22.5555404853073,19.93750153653058,-344834.3928785205,-1683480.2845839325,-402785.76491548074,-354806.9881479457,-6984.049946306269,60095.671128346316,-1771750.4702337298,-424222.8808603936,-235127.09128381166,-254782.3286672703,49935.34886531748,755773.7629853527
1018,77.62680568555966,23.1265300683324,19.937456819166727,-268852.38157148624,-1828031.836095256,-987423.4638981853,-131705.9559292645,-65691.05029218599,56865.937147031604,-1843396.830730338,-988379.5778941764,-252531.27294041374,-707253.7213295621,5833.784983856219,157814.86994872557
1019,75.71013363539046,22.555630250951566,22.812487556904678,-313676.0445182818,-1814335.9239875458,-484198.68594689964,-260009.10673806866,-396009.7279909686,-47477.41408090948,-1965288.4731416535,-380065.09513194615,-266857.086179128,-207930.041499856,-45742.966991037036,731774.4339326383
1020,77.62689508845418,23.126602481375972,22.812412770453985,-201376.54768622416,-1949529.9311127434,-641403.150460741,-79793.18456546123,-558555.990366001,-23325.40053321013,-2159086.755663723,-435497.7004118301,-197725.17318415557,-356196.6221500898,-1174.1554741656244,196249.31658632713
1021,75.71023392263164,22.55571602924667,25.687469180933526,-277782.0008608591,-1960807.831007664,-571935.7808047733,-108499.34710012935,-583192.4877618953,-70850.31065208548,-2181576.6229854566,-368263.2249917107,-260685.7646961298,-142821.81253721935,-27463.979276807804,782475.4852641895
1022,77.62700030056178,23.12666749122679,25.68738734092142,-216342.8719382799,-2196142.4944244553,-607080.9709913764,44925.61583343318,-766379.4692613279,-46431.272761975604,-2505779.0707792407,-329348.1020932196,-184439.1644816503,-189317.3309202901,-6248.534616734548,273429.6095989337
1023,75.59053921861772,22.520102025590223,28.56245616773695,-153429.216160918,-2211630.656359913,-519244.88252616243,144197.0106900936,-766198.989412316,-56447.650413010306,-2512517.0850760676,-297003.70626862353,-74783.96370230221,-48890.18304768582,-8602.85705663717,865486.4087625844
1024,77.74690448206957,23.162408894010323,28.56236657557519,-489305.7744672503,-2680900.989851257,-855467.20776922,246453.7371598242,-1021686.2654228165,-13023.191856276642,-3156300.2223355593,-552673.5183276192,-316700.23142454866,-74240.45482953681,3233.9492195048747,357246.05624768656
1025,75.80433922501962,22.23908360848747,20.229167201070858,-345771.7626098312,-1659221.5186445226,-398983.5726086089,-378996.44709016033,-862.6267758175559,58642.888188695986,-1760886.5193954012,-417498.8184558331,-225591.51601172867,-257528.9432544444,52505.04211749849,773259.4050301905
1026,77.72286187685313,22.80407973193778,20.229122213737877,-256787.3250061218,-1747421.0735277436,-968595.0155485375,-150622.1005830405,-24573.607773231313,53301.16260341555,-1762951.1341351115,-972344.3337793212,-237507.94616797025,-707489.988907153,1256.854091685149,146309.64275308183
1027,75.80442088229186,22.239169632013258,23.020820057240194,-312733.6320073187,-1776601.4821587568,-472580.6393210083,-261333.27321415537,-393896.7122397904,-45455.634996317385,-1929450.4506445068,-369590.96486066177,-262874.3379819165,-204192.75967796566,-46364.16686484077,712396.357338475
1028,77.72294736565371,22.804148640110164,23.02074682503845,-180933.7214203634,-1819722.7128238273,-600096.7355161402,-86120.24544367236,-528760.9653794862,-23898.688355822138,-2021348.4230926437,-403041.4272833289,-176363.31938435894,-340509.38813292346,405.53007305471175,196499.52987415003
1029,75.80451598653016,22.239250634222515,25.81246911958123,-275562.9678659638,-1888464.708702613,-554405.6600646498,-117482.39030831723,-568960.5961105834,-67434.69654934517,-2107894.902267865,-350719.4799767218,-259818.9543886398,-139422.63505381573,-25168.113558264944,779182.0697692733
1030,77.72304701440423,22.804209996679,25.81238955436159,-194604.04051081766,-2037938.1013463603,-570783.3087526491,31230.00672064958,-717823.5620168227,-44953.61404617351,-2330783.39847344,-304058.89658768685,-168483.155548699,-188279.2091696544,-7108.233177246047,262384.3949181207
1031,75.684705500293,22.204007018193067,28.60412339352353,-153916.7840826079,-2125170.8031772366,-499993.3633993504,133166.8280866723,-752758.6506309708,-53202.770182293796,-2425081.332465169,-278922.3251224123,-75077.29307161257,-48417.63746299881,-7164.582310081996,853698.2872279955
1032,77.84305572507685,22.839573495348006,28.60403633343478,-452541.8964712381,-2469672.6520720017,-805433.1122426463,223387.31911242972,-961868.6956545055,-11784.70521801077,-2925331.0725855064,-510351.1493170553,-291965.43888332427,-75281.19492277224,3434.765152042595,342910.34492271557
1033,75.89576265547336,21.925043582411007,20.37499980687405,-158275.48553499757,-612403.225704015,-273969.0167581865,-92926.61252427408,-90947.76338340926,47218.96154499792,-648213.0325720459,-283834.0968652459,-112600.59855990687,-256113.87252214592,47247.32977646632,751602.7381046716
1034,77.81777843136132,22.47804046736934,20.37495589816618,-119376.90605331006,-914411.193625089,-865235.0077824362,132224.66961510215,-259235.89069980002,69395.79772693115,-1170145.6472216155,-631985.976163845,-96891.48407537435,-700723.8728785762,-4240.312753891035,128120.62376869647
1035,75.89584063342598,21.92512709172877,23.12498669292255,-200222.18063663645,-1006154.2725688934,-455295.7858389623,-311.26969750772776,-462348.2252236023,-26739.70750416345,-1269065.3496874515,-219698.19082913405,-172908.69852790664,-205574.7737678909,-40158.68447674087,705061.4329335346
1036,77.81786010364067,22.478106917152836,23.124915724231002,-123417.01760203252,-1252592.4849410579,-639387.3399591562,173759.0048314008,-649400.1091140411,5097.661482130485,-1678552.1273624357,-274826.77005524194,-62017.94508456903,-334822.91900577163,5450.424586258118,203381.58590153515
1037,75.89593192801091,21.92520484916165,25.874969415702676,-217062.750188799,-1402596.8342435074,-549764.3213165435,45407.78930490557,-596080.2577880603,-43566.27332305109,-1709361.6428241385,-290990.8704337863,-169071.39249092538,-137574.7172169979,-22396.64635082724,774631.3200081742
1038,77.81795556302397,22.478165923120358,25.87489217102943,-169499.9730780441,-1679701.248353334,-605256.8195534793,192059.5021431695,-749776.8731379726,-17673.855646176133,-2078769.8174952082,-295864.29852630233,-79823.92496334644,-187054.06642957992,-6755.202657555598,257017.86517464256
1039,75.77589913099469,21.890708265232856,28.624957254436733,-124022.17009425518,-1864915.1048566992,-481589.9619440762,169444.39177002382,-735848.0434698731,-41854.60424795884,-2192492.032532034,-247222.8332214977,-30812.371141499538,-44041.679644111005,-978.2017807072853,856288.8503650314
1040,77.93817842197744,22.512777111976916,28.624872675739564,-433463.459559506,-2256990.664991516,-798989.7075390578,257478.851461501,-941021.3672508318,2221.7448019590342,-2741756.070231175,-490420.378484176,-257267.38337472914,-75266.5130170172,4894.475508603864,335934.2705921158
1041,75.98606535426998,21.6074192655079,20.374999812067546,-143416.82351572148,-519029.7451033803,-243577.9419966927,-98698.10123168147,-53249.83506584205,45867.25047073818,-548951.3397879554,-260857.9278874752,-96215.24294036377,-256254.99302550626,45554.34069426986,716874.0867416894
1042,77.9098087477742,22.15441290249464,20.374958447467314,-115604.00033958489,-863982.1498913054,-826144.2167870632,115874.94508716222,-237229.3489653335,64289.075602452525,-1099919.4792195244,-608944.5483585203,-96866.33943990846,-675615.1979177475,-3204.8146806218238,126370.62619121905
1043,75.98613996562477,21.607501274897295,23.124987133479834,-174875.44984960236,-848667.8597674721,-416387.7266358808,-12427.95735308854,-401975.06634278235,-19696.325351389492,-1089399.17035569,-185829.0246889365,-164702.8412083282,-204483.11745341218,-30241.868174021864,714175.3067666617
1044,77.9098869357285,22.154478038833613,23.124919039267134,-126397.7324369415,-1199010.5396116003,-638022.345817222,160296.21703113226,-620905.9703381473,6826.83664624219,-1612763.372511926,-277110.6687586121,-73556.57659522521,-346970.62840918836,3298.8844567992323,199750.974619606
1045,75.98622864740042,21.60757733089799,25.87497007038509,-189224.58702366034,-1219246.8751187692,-504412.96255508973,31874.35195818617,-540039.8605126619,-39533.28964544404,-1509499.6652421237,-253152.38681667025,-150232.37263872553,-136052.06547156375,-16124.305980405472,774527.0303471233
1046,77.90997954652127,22.154535923154715,25.874895141886068,-170537.54719170075,-1610900.2588810776,-591706.3472003706,177453.59727674004,-734973.9463483747,-16967.79111140177,-2007835.306798404,-282654.3691498877,-82654.47732485704,-186954.5903348821,-6740.003636959011,257704.39472561982
1047,75.86608537043712,21.573454403797054,28.624958030117455,-87457.38173549937,-1632593.201424428,-427842.00279541354,151356.89008803992,-681737.5373145641,-39333.00333827874,-1947953.6116461514,-199947.4614514541,8.487142265379841,-38130.49648958933,8167.132671293356,858932.3503293584
1048,78.03030768410758,22.188770535615625,28.624875768230492,-430659.2437584338,-2190163.0195537154,-781961.5581839501,241495.06049703818,-924763.4172114811,1405.186410844367,-2669444.9407470804,-480543.27287205495,-252795.60787696423,-74965.87737643393,5722.805575090194,332574.20254392934
1049,76.06712223659046,21.329344278267264,20.374999928626046,-206914.08234134148,-704595.5579683449,-293008.50782758347,-115697.4686013157,-106143.34342021502,46264.681594188354,-749729.918283253,-308624.2656584743,-146163.96419554288,-279622.0343395657,23653.672573882704,582845.1273627934
1050,78.01108602831965,21.79123728338852,20.374961297409012,-57957.16390383593,-477950.1047807867,-713983.7620203575,39015.874691256126,-67282.43296729562,62904.14200526201,-739192.0488110629,-461224.12336669886,-49474.858527218414,-657333.4910994474,-18461.854030738068,76523.90595929061
1051,76.06719397600445,21.32942470705242,23.12498739010502,-264819.67870809964,-1085800.7493291264,-478616.2126895518,-39885.70876502038,-483295.355099316,-10968.108460420604,-1354431.4466711406,-265086.68538360955,-209718.50867202756,-224368.68366985433,-43549.85479911404,596635.1251559522
1052,78.01116039927777,21.791300929869713,23.12492262057104,-48731.726201669546,-639115.4478319634,-515313.6637245964,63998.48161692551,-328504.6785111042,14097.02096956351,-915423.2977786537,-247345.72310245602,-40391.81687712023,-366877.8827343128,-15127.83635215825,140236.34137549682
1053,76.06728037930183,21.329499331468558,25.87497053676566,-312304.07188984327,-1544015.9043332518,-591825.7935592255,6146.121321540611,-638227.2973788386,-32320.010097634935,-1864214.5732187908,-329554.17282676493,-254377.02373676494,-160887.57776275632,-37783.482165757465,639026.8128328108
1054,78.01124986959212,21.791357569797718,25.87489846988619,-63391.21281108304,-858509.3111224967,-421438.18238932436,64827.78934553859,-425559.08288685355,-11058.4998221208,-1120693.0045892154,-177577.6294505302,-45068.07228315919,-204683.1098344939,-26717.35427336776,195066.09172998415
1055,75.94587126146334,21.30069396903308,28.624958658348042,-290821.2936634196,-2238285.178827263,-587685.9551051762,124580.31972919081,-846853.468022816,-32448.62915370619,-2600000.7987172874,-341460.0458022239,-175331.58307634736,-68528.41263524177,-21613.302126464314,688220.7124351666
1056,78.1328388031639,21.820271950045175,28.624879197342498,-264898.6292997294,-1173154.7163310016,-541189.9094046343,97105.68545258472,-564975.0700499258,2742.011579212929,-1510336.123880289,-287204.6768427824,-181702.4543122933,-97296.22393681057,-18397.003743555237,255472.18257790315
1057,76.5267681504702,18.923320937774765,21.104167077530114,-59343.24949291994,136721.92909713188,-53152.38508933357,-206665.71948005704,318563.73038914055,15049.422474588435,-359541.5235719396,-43669.499989512165,427437.31807633,-252617.48454232412,13799.24236312456,575790.6277461671
1058,78.49210865990722,19.293978139104638,21.10413715386182,-21797.946929884463,-46178.057074429824,-437275.788417134,-146946.79540629493,235481.6249784838,33014.02412705381,-564213.3152474496,-93019.33498563919,151980.8578116404,-546126.6217700439,-4438.222608499945,183513.1950714648
1059,76.52682158592046,18.923385493465112,23.645823632159694,-96719.1000422127,328632.07114961813,-85046.36422811824,-233429.78409873345,254578.4386663644,-59902.30706989723,-240369.46400738985,-151062.25403183026,538298.3249185072,-216173.72770402598,-29590.698505817112,589000.25649397
1060,78.49216331670094,19.294029382365064,23.645772984929955,-43999.93207800798,150105.21061322695,-193153.45636488183,-167035.04151594627,123029.72248071697,-16811.931544149298,-241799.99929459678,-120075.1473805616,274826.96884549543,-318192.2131209139,864.6008343428679,246034.5022051318
1061,76.52688658075375,18.923445301673443,26.18747685525811,-134246.42256870776,511897.0349226999,-76698.31451287455,-251766.0458717866,193717.87044695206,-76456.19534027553,-221709.81266696635,-134722.49911185075,657384.6096199347,-154542.9579832213,-20170.425721608204,626640.4628074003
1062,78.49223018625447,19.29407415858855,26.18741963172536,-117325.96907733074,299273.23134884407,-93663.61950441707,-175599.45931880924,48754.19093539489,-31743.96485392793,-183507.51481630636,-98552.85912077753,370344.0167041799,-167605.77078849846,-3863.7368952928814,310754.33316784713
1063,76.40411999448506,18.90032875381806,28.72913384794002,-20334.149318913464,741938.5725336359,87038.14898804875,-187378.7381404992,154885.18275529737,-38183.33491922094,-63941.278905798135,52372.30930314738,820211.5418054219,-58043.60749246346,348.4314183109205,676755.6183384968
1064,78.61513281467703,19.317276003607375,28.72906998514489,-297153.84007928456,354209.10122847476,-186812.4525633923,-137384.814094495,-33505.815503180966,13260.802616282717,-325240.6283410067,-188720.48019845263,384203.9171252574,-65746.46728965302,4023.222662810179,367041.1170030702
1065,77.37569489972819,14.343729522577153,22.562499961504955,-67327.563185504,96602.96428207096,-61741.860659100406,-128384.7772022005,231683.32156632293,8730.02497291532,-264816.6368008126,-58507.60795236773,290857.7851906469,-191354.71874432487,-10632.359802032577,427808.83760549506
1066,79.34219126224858,14.70825653607532,22.56248197863695,-22006.067137240214,9629.65784192257,-303578.34222694585,-103009.1582940795,174523.77368712352,20996.485654394262,-392001.1078218594,-59958.932084782035,136005.28838437793,-382006.1711031514,-6534.853121516517,196626.56036342034
1067,77.37572181844463,14.343768339542486,24.687493549892313,-83603.75374416733,235700.42643204896,-80695.20290128107,-151646.30782630952,186101.75313986628,-43609.65547764534,-179092.62117471124,-124425.4571794021,374919.54814071406,-171032.75913160652,-36902.81507090594,442185.48371234466
1068,79.34221862696691,14.708287725840814,24.687463491768213,-26344.35141602627,155515.98079911328,-141494.04930929892,-121976.9354694158,88219.64866966891,-12148.530973678984,-169885.63755783945,-78130.67481295564,235693.8924445831,-234054.00563727348,-5698.456576823572,235959.56999460259
1069,77.37319360704008,14.343328899940117,26.812485034262387,-93915.13956488388,377044.5692751884,-67815.41740905233,-168799.30375230688,140687.89407424736,-55714.302401640074,-150464.50424279968,-107649.72950326047,473428.24604731234,-127363.24950731511,-26158.61652953284,470583.18004759913
1070,79.34481276908613,14.708788232361977,26.812450500030856,-69408.69358262247,261389.54141531474,-75627.0622433132,-131680.83241568287,31789.42307560613,-24113.704076706388,-119177.340846367,-75605.29401943664,311136.42045518284,-133794.52448838917,-9944.965203492517,274745.761994805
1071,77.25032159440627,14.320573693321464,28.93747862253471,-22265.007930904307,536025.1543794348,48728.91659296033,-123691.63205076812,106113.86526049476,-28184.505993341834,-48845.10897526189,26694.953309192704,584639.2187075601,-52920.474248409264,-9771.845090012255,497312.7029304629
1072,79.46775387920478,14.73159120859897,28.93743946924257,-181502.81898213754,302816.8858089511,-135124.44786232448,-99816.64347010471,-22356.712077820266,5996.563883810677,-201304.44457048312,-136250.52478398636,323744.5883189585,-57587.954842934756,-2282.840625081734,313464.13831647247
1073,78.22410328749743,9.767224427453606,24.020831986176,-57336.83277475592,87455.21414973147,-74994.46753562284,-87327.28457547855,143916.06949665313,2617.8676067324486,-179202.474644191,-59553.55018935375,193879.93867289746,-148069.0502185273,-12334.054530294674,308522.82158151455
1074,80.19280087828068,10.119452385390305,24.020822308026265,-20643.558423246566,35410.69068949672,-205852.61003322157,-68227.47667869387,105667.57129103971,9575.010298461006,-250560.98702863784,-45530.11465163971,105005.62391330619,-268323.8478423656,-5766.323867279859,161485.6000189061
1075,78.22411517088831,9.767245318485044,25.72916057901162,-67108.54726167997,188302.00906819853,-78283.53424036878,-100468.23252601955,105900.73947260254,-34127.835769194746,-115282.01082819632,-101506.23433984691,259698.17273419307,-129617.070150171,-30619.192730189126,322157.7028793872
1076,80.19281275397951,10.119469189075648,25.72914493242982,-22811.60154968377,138198.4797096665,-98845.70611995988,-78322.08492740124,42077.38162029144,-13507.54558551277,-106093.2191921103,-54417.22471983396,177051.61595196708,-172220.46152762254,-6587.780994543223,188073.06915414045
1077,78.2061704882532,9.764133221588045,27.43748819649771,-60892.21555579643,283893.62140736374,-55755.419136671204,-104494.725664132,78243.53256073296,-39885.266083623574,-101075.81713778875,-63906.72035487278,332228.5242075578,-98197.32583046943,-21544.16448171228,339915.4502830239
1078,80.21078502728872,10.122612865104141,27.437470072258822,-53133.95873144065,204781.86078324396,-61301.45668801278,-82967.91319053038,4216.754915613445,-18901.864058086398,-88274.77513736418,-50848.16176948143,229469.38227063607,-103582.09631815003,-9180.1889406367,210996.2203765985
1079,78.08314102397105,9.742132514900755,29.145817010937836,-28742.197948873683,376477.15919089335,9505.086988515759,-73665.6695081806,58389.27501612757,-18199.36312685076,-43096.15874917498,1429.5767215248359,398906.6302581859,-45365.12559620462,-8846.417535512037,356832.7498510707
1080,80.3338432698314,10.144637540768793,29.14579657846373,-103546.33830580923,232872.96671970154,-86105.81016274758,-56588.22073639913,-17819.810613567992,2329.628804006664,-112822.84522937477,-87072.7859504085,243116.44943092798,-51146.97626203711,-1966.9330615886074,234555.0174918237
1081,78.66994817874165,7.1932626696168125,24.895831398862235,-70657.89286976981,-40136.47332673697,-109464.41078156304,-62348.71786938632,117495.08596302502,10216.797976855652,-212686.83932283474,-70551.43301091928,62979.495355684194,-112640.58413062955,-21378.183764619214,238572.82759484314
1082,80.65193006921999,7.446421102985658,24.895825786531304,-28169.44205575097,-31608.92750500441,-194980.798473901,-36704.67981972188,79609.63306745533,5390.267240963549,-229159.75989633944,-47413.70044684716,21814.29230853018,-190882.8045909027,-7918.737515362075,128720.95890968024
1083,78.66995394960911,7.193275387213269,26.354160642516547,-55073.28097015565,46472.68548964531,-100415.05152999994,-57735.5137817558,85746.41537040625,-7696.542800489584,-143778.44551568665,-70623.25975914083,105386.05826431714,-98882.81229413615,-32129.134916562834,261869.65586687918
1084,80.65193553506319,7.446431364545618,26.354151905627866,-14742.230402141311,25781.481748782644,-134307.81880953576,-34310.77916181931,32824.907701563185,-5989.197946133752,-140781.69864913268,-33248.88669554106,50762.01788177928,-136334.31375979033,-11732.270007699924,138274.49723948736
1085,78.63639661976514,7.189114079974816,27.812489547429358,-23809.637113027362,120002.18718581738,-71281.6648015671,-45028.6099551403,52250.64581180888,-12293.520207864725,-84635.40884231761,-36612.91441185421,146159.20852539485,-73393.00290655263,-24718.68531360544,279094.99155716074
1086,80.68550547850336,7.450611713167373,27.812479313692194,-14066.700932978212,57362.95372574929,-100932.33539942227,-29683.921342324647,-8935.076799999028,-10923.326130266469,-103316.65710850395,-22539.264641036163,68219.83914288897,-91008.51405742763,-13641.746821786244,144062.58036417488
1087,78.51252907193835,7.173299418832122,29.2708191928656,6345.7917421929305,177373.5768332087,-33108.979424267076,-17537.312172717833,9586.629977161141,-8005.824065394211,-34851.192785377556,5804.493027832758,179657.0889086794,-40739.50063922844,-13645.047959988115,289033.323751332
1088,80.80938590641254,7.466440723373345,29.270807904901787,-16336.045912933256,78479.15830569691,-80430.71458219229,-10091.256641852344,-36990.880488844516,-8187.472627192357,-90031.38989237006,-15558.129703128798,87301.91740607025,-47165.55355589299,-6021.967121287469,156958.13117234202
1089,78.7198713600279,6.572306699439372,25.187498104457244,-59096.0005553328,26360.914389896563,-98652.10417701607,-55542.87025513076,109019.07605859291,10252.718792188629,-174271.8982262185,-58494.509888615175,101379.21777238135,-106769.80998337643,-19749.921283804328,235266.69864633857
1090,80.7129359329853,6.738698440106884,25.18749341539928,-31408.72063403544,-23484.53137060824,-184905.07149756406,-39145.676009872695,79880.9884671055,6247.710110213585,-220076.46582997686,-48620.2507122428,28898.393040011837,-175122.47556769167,-6515.446617685594,133560.78679115625
1091,78.71987618342759,6.572317782493408,26.562494091517465,-47531.434252396975,105328.28532455253,-88448.97303444118,-51199.172857782876,82803.38456321046,-4692.511887147934,-121758.1884553607,-57405.31405713255,148511.38055020757,-92432.55701247758,-29107.215808540925,257078.86358405912
1092,80.71294035609753,6.738707543658417,26.562486842154605,-17840.70563476861,38691.40358224612,-127191.2690797924,-34641.95038157533,36244.850219516746,-3365.435489262085,-134895.0200062831,-32833.017658071774,61387.466532039965,-126505.09098470377,-8547.285518828849,142024.11069770562
1093,78.6809542721029,6.569077447332543,27.93749008191378,-19461.176434492038,177981.32508224563,-58654.78515291815,-41681.80315590739,57105.20487217812,-7340.85938737655,-71814.88621854938,-27532.208723652704,199212.45843703754,-68614.84517421725,-21359.861900073905,276996.5381676419
1094,80.7518725639975,6.741964640549295,27.93748160730992,-15735.808648390215,78500.89550105628,-92351.87815669307,-29491.164198857423,-1319.569523359837,-7224.032925920383,-93129.57312661083,-23429.28425770246,86972.06608028625,-81941.48619976746,-8084.261328317321,150787.9279005287
1095,78.55639297000359,6.558684777205038,29.312486764319612,7184.285555974813,236709.71607326757,-20869.029720123785,-18157.94712309071,23577.40531207509,-3223.0052787790028,-23094.22529342365,5820.669737636978,240298.52746490526,-34289.16359898688,-8373.513689750962,293170.0530052531
1096,80.87644446743087,6.75236999988607,29.312477514036004,-13770.82440241168,107165.22285370997,-66227.2990544017,-10057.686614961814,-23777.538662672487,-4767.1892416455485,-70087.99819058036,-13810.341291695879,111065.43887917287,-38725.56278789139,234.25184268929186,166916.06983973942
1097,78.77508566466162,5.911081851153902,25.47916501015365,-54983.42189827042,34412.35271036101,-93000.65905615632,-47205.90806549738,92644.71703439773,10397.356580150086,-152344.02263207413,-53877.94837422431,92650.24276223274,-98054.56623656128,-19214.17412178102,217000.76226898452
1098,80.76865094653678,6.071244365135019,25.479161082778468,-27851.732711355042,-9431.896142713806,-166640.61171421115,-34852.208198974964,67160.00843598039,5901.581750511351,-193349.02718349977,-42124.767981860285,31549.554597080056,-160514.55196705487,-5788.6979370740355,130689.18128344581
1099,78.77508967159203,5.911091384610414,26.770827730813203,-45274.10538941427,110480.4317912331,-87154.47867605241,-44606.26060508896,72359.54453086412,-1481.1766424147438,-113371.51023969016,-52459.068096719755,143882.42606217627,-89727.55678078943,-27456.741034146107,243077.07551407587
1100,80.76865454254724,6.071252435326193,26.770821681777075,-17043.54710542526,47380.5829877426,-120776.41089508879,-30699.997704369358,31927.125226672226,-1828.6273461538533,-126768.09969866787,-28325.71442375165,64654.43910964811,-122171.86201944468,-8325.064063097956,138827.45493363484
1101,78.73096482329314,5.907562374216062,28.062490746999714,-19223.05201773907,176543.59905965262,-56151.08814566917,-35261.82073797905,51000.302776488046,-4061.764398292655,-67085.05347151661,-24860.74215212476,193115.25451988593,-66500.44378250613,-20342.15077433173,260682.64411242804
1102,80.81278764454939,6.074796115174747,28.062483656146462,-15082.488240751445,85822.05828473653,-87105.73929383862,-25668.63103993602,-735.2890611540201,-5475.803134938577,-87562.96687760891,-20781.381125100153,91978.17875285544,-78315.41627736297,-7309.014332724758,147750.82186777273
1103,78.60637120481846,5.897558099822687,29.354154435045057,3850.741834127206,229757.64932691216,-22593.53700791143,-14656.82538794976,20299.415917680773,-1619.5323631990686,-24223.340659306195,2907.2353916879874,232330.9594207462,-33886.15984804158,-8070.319061438756,276015.11068362254
1104,80.93738962726414,6.084811520123056,29.354146720424787,-10160.23856868413,114569.63672387942,-59429.50668549171,-8103.854265207804,-19583.50988660075,-4209.49475634794,-62106.08727761148,-10113.279727247824,117199.25847456287,-37419.31102833383,899.5106029663157,162700.3669537829
1105,78.81287556380968,5.421942722608153,25.770831577871448,-92503.71991466173,-115158.45550092243,-141273.61868161708,-63772.653406676036,106562.3468069408,16850.41148541835,-254811.06927105552,-90829.20697300733,-3295.5178531384495,-94980.37504275597,-17978.736046992377,208287.03967557612
1106,80.80782580652804,5.563407188120328,25.770828168689516,-60238.68519315717,-127551.99813446641,-203721.16510970186,-44462.50409576003,88855.16785863377,9382.723302713493,-267474.84694838704,-94310.31983813917,-29726.681650799303,-154501.02290224377,-5325.025879793556,130691.5174680319
1107,78.81287905709368,5.4219509974033535,26.979161419202555,-73197.91174177232,-5826.073561278994,-120150.4258825926,-58641.74029655296,80328.72345061551,3759.5424504641983,-172114.77258243875,-82991.24257306599,55931.603969860815,-88652.56765230036,-25457.762138054266,236804.6759519958
1108,80.80782886719665,5.563414364354996,26.97915620998703,-39568.19644200244,-38256.34518934937,-144214.21889817456,-39489.91905014335,45560.408646270465,755.2317366102012,-162941.9203166057,-66979.64521630261,7882.805003381932,-120151.63907131324,-8457.374349863589,136062.17742840218
1109,78.76352729467058,5.418474583078165,28.187491194036383,-38931.109933084364,88638.11070549271,-74684.96052332985,-43046.08027071269,48680.933897560164,-1003.1053308917045,-90659.95642487847,-47848.24636194329,113530.24303590032,-64670.47301273848,-19589.029251730677,248628.23886586717
1110,80.85718750687617,5.566903714096376,28.187485080794747,-29440.156781928097,26727.062223878595,-98512.82059761172,-30532.713721759228,486.4991426428507,-4304.112304033383,-98797.6147987204,-42590.078204591904,40161.77784765107,-75872.16433406848,-7327.5859925954155,143408.86050505852
1111,78.63884629561423,5.409638151854781,29.395821632991503,-12166.179164402412,163427.32243736362,-37786.98534230829,-19198.77768788878,10678.918295941217,-761.5074039673418,-38354.80558565572,-14234.501074287458,166063.46459059604,-33762.110913863886,-8363.359946664823,261697.60110544652
1112,80.9818750945974,5.575749985501877,29.395814997974544,-18184.44927833009,71888.24501905184,-65224.2757277208,-9892.76151635005,-24461.360106123717,-4520.876543590841,-70190.62257724022,-18300.57809106598,76970.72068130715,-36825.22363262157,706.4334532475444,157506.82430924082
1113,78.83393385110226,5.095539932472411,26.062498127221403,-85251.91131649383,-76293.32446524316,-143655.82926453106,-61137.04257547155,102377.67886247278,18491.114322737318,-235685.44539924487,-84171.44148693714,14655.821839914024,-98796.25032825687,-16735.8721875724,214371.33045311333
1114,80.82976828907351,5.22453617812906,26.06249494452336,-61639.19637090541,-118425.73183896378,-210919.78505979365,-45527.67332263976,91451.14010487542,11261.949311364691,-272586.0867881545,-91793.26411798125,-26605.36236352706,-158105.63753798892,-5650.646707706886,136661.46763862317
1115,78.83393699626987,5.095547256749864,27.18749458602563,-66773.77858558392,19462.795497222767,-114484.02611386163,-54157.649794426536,77294.21009741693,4402.593732370482,-158443.27131029833,-74778.19588659091,71426.45799466645,-86494.0199614121,-23309.822189328668,236894.27385646745
1116,80.82977101020427,5.224542596270254,27.187489844261865,-38707.51792052029,-29829.67366083919,-139404.5769418021,-38378.23046002255,46408.153602775834,1131.2232413014176,-158256.26614778873,-62246.74174071588,12561.239365343085,-115195.90220572386,-7474.315829844685,138851.70322028256
1117,78.77936662835884,5.092026268794312,28.31249140195925,-33645.51731778396,107870.81229164844,-67337.22230452266,-38345.341127526226,46968.28069929524,-34.2337639965001,-81260.83990405493,-40088.38139077933,128237.29396417603,-61449.31959890538,-17614.35354081614,245664.3602499613
1118,80.88434740246953,5.228075070823682,28.312485877205035,-28552.076850044305,34584.91347123074,-94112.28777815707,-28992.65591089383,1386.5881358162899,-3932.0286481303947,-94348.29941394154,-39662.33017015245,45931.178427123385,-71708.12478575489,-6068.398674575556,145536.9573285038
1119,78.65462998502323,5.083968449088538,29.437488838833872,-9817.183238941914,177874.4863524574,-34010.9718097165,-16939.653208682266,12033.35238451333,-179.9258935482389,-34717.85612663631,-11299.729948727041,180063.91737916222,-31908.61811623909,-6765.33891995331,259528.94120186992
1120,81.00908983922338,5.236141649617823,29.437482861265433,-15765.432030547829,80744.42319835025,-60301.995298567796,-9294.416638860183,-21144.710501127334,-4450.278859703805,-64095.32990343594,-15803.943408311117,84576.26918098166,-34776.71311477077,1872.1017871952884,159453.46791032937
1121,78.85507018954632,4.769141975458643,26.35416456836933,-84902.9969527316,-65282.459944881324,-152560.14826573024,-62635.79115402057,106232.06065238777,20288.191542993784,-241605.40364612418,-84155.9740609001,23015.772543681116,-101902.04867009103,-15602.244582416446,221239.25489605067
1122,80.85163281740688,4.8856600594882,26.35416159650723,-58635.50657985332,-94768.36529175375,-210121.21594503862,-44765.233984535276,93317.69762255058,11746.46723044701,-267195.7669616456,-81608.94905107483,-14720.371803925273,-159082.8799185622,-6232.209391875372,140428.48692465035
1123,78.8550729548817,4.769148478462924,27.395827742042275,-65073.06819191835,23610.020110095888,-112170.33859657819,-51798.65375404331,75375.65110043794,5113.803253980247,-154074.110484118,-71948.44735953947,72389.17116525678,-83822.78519607804,-22488.915973991516,230078.56528505424
1124,80.85163517769315,4.885665790171827,27.395823451194474,-34853.148551317136,-11586.52598855392,-129361.48213489336,-35252.74645657826,43885.73124818629,781.3702972454137,-145276.70116136206,-53016.96040679352,22492.50489339115,-109724.96961937021,-7504.947391778579,136651.44573677258
1125,78.79528188293487,4.765680839698405,28.437491619002945,-31511.88153738573,113393.48986676174,-63311.40583792289,-35417.83899356956,45137.40530931063,997.2485479433892,-76368.92934307361,-36512.84280326922,131451.97463779594,-59223.59532198098,-16847.18715286539,237641.07123916323
1126,80.91143135880507,4.889143550415951,28.43748665401321,-25592.16317877976,49405.826957742305,-87713.0798444323,-26375.34938091789,1228.0570358620591,-3862.14730198645,-87953.5714789386,-33735.97353975217,57790.128953221014,-68647.5265882241,-5867.55230073219,143084.0171409159
1127,78.67049926979281,4.758402427067978,29.47915604237559,-9982.534688810687,180080.7911159149,-33172.29268062161,-15837.180387587048,11703.101660830458,338.4680161509829,-33876.31039952096,-11218.2640839327,182020.53822993633,-31990.298055542433,-6965.493846467012,249813.61468476462
1128,81.03621894898552,4.89642971016413,29.479150690637923,-12206.002112295595,94030.77246145593,-54409.85592434601,-8141.010545203781,-17488.58705820802,-4387.411834958659,-57073.3029605045,-12104.14774153507,96592.36512685388,-34345.50394561105,1567.9148133341264,155169.79004891322
1129,78.88056281954377,4.279207672854652,26.64583092832108,-46377.02137589462,78974.41364904214,-104322.73768284918,-40531.87924683169,73869.15638702476,14313.946540327084,-138687.44312571842,-45270.46130808399,112232.55902410077,-101654.79138903123,-15438.487226351343,216723.28815108837
1130,80.87815939564818,4.377005126536233,26.64582837448086,-26950.14906395583,23683.41368589172,-156697.45081861826,-31054.3106720325,60622.167574351,7560.576281586025,-176987.6096924081,-34875.8020431184,51899.22553884415,-152043.90962853646,-6814.130344310928,137471.19693239426
1131,78.87536221564278,4.2789750245903235,27.604161448018417,-36635.4818565824,126686.96816915189,-77075.83630699496,-32616.798109307725,52581.14128302684,3239.844660055243,-92134.03902228412,-39635.13197145801,144744.8209993167,-80458.29177073242,-21181.81317364897,219683.10321951937
1132,80.88336401862753,4.377248677019184,27.604157818776486,-14667.24404553802,72861.71220291033,-97971.36046523537,-23737.389588558348,25350.624157735405,-554.5271532298842,-101751.52042846226,-20303.01675191094,82277.64487251018,-103268.23851063146,-6733.392288703711,136590.8954089712
1133,78.81033813777285,4.275804452095413,28.562492135360916,-14864.497784307612,180313.77417141938,-44078.32298614861,-22101.346012798618,35893.018871311615,978.1574696429669,-50252.78059257347,-16608.063187701893,188231.7971812386,-56342.67313329468,-14934.416087983058,231191.51812721923
1134,80.94839218092169,4.380427988159321,28.562487939316192,-12106.117555679033,106102.78820997613,-69162.17942596518,-18148.944552292032,-1426.8930290054045,-3936.3933385521414,-69474.32483027954,-14521.516838218817,108830.33289683025,-64774.306264983956,-4576.406667370653,143685.30636487756
1135,78.690693251219,4.269933920031521,29.52082327424675,-843.3415279879264,221727.5406857559,-23101.29328651073,-9088.598420637689,13697.09711394891,841.3117886117186,-23944.777978288857,-1128.0992633689682,222855.78311291503,-30862.78512347917,-5505.438896056324,243800.6686654532
1136,81.0680410038328,4.386305115005565,29.52081879197886,-2930.75481612741,132267.56460606045,-42396.484318655865,-4988.722591061298,-10755.299603786269,-3946.8845900441197,-43501.8158403185,-2650.3489479658997,133092.49025956157,-32695.1927679644,2713.1115927795845,155685.86335319537
1137,78.91092921808574,3.6163764096599293,26.937497807054967,-44700.5676225192,71528.28013908361,-100288.31243836784,-34350.90103564866,68311.5498547403,12863.105428227365,-130805.17470972489,-43583.54562688089,100928.1204148023,-98096.5228053089,-16325.853364959374,198152.7461711485
1138,80.90883130564599,3.7079320361606576,26.937495779284177,-26675.198242822305,21134.720575803884,-143553.18142454705,-26553.273757215244,58888.451568797725,5299.64980490216,-163732.3816808137,-33006.46373554514,47645.18632479339,-139061.88942656628,-7253.626971453565,128975.18339225775
1139,78.89532233107249,3.615666039617916,27.812495202549577,-33072.51154363993,124982.29704323452,-72210.34789436118,-27134.948153310055,46898.19988728094,4303.919407903022,-84912.71879613443,-34743.387801838086,139355.54420320585,-77141.2423279723,-19744.346930199783,205613.71315347246
1140,80.92444114892457,3.708651721535542,27.81249233353676,-15140.291442888629,72955.39460386845,-93431.58780665544,-21267.176738437298,24339.330532569275,-641.0398966969182,-96990.45102130155,-19715.713475631004,81089.67985125701,-97237.8241223786,-6602.229350159097,132380.8929308029
1141,78.82508521357079,3.6124511298379822,28.687492940359636,-15041.280580517203,174710.14009514125,-43817.18201887915,-17850.494834843685,30186.78995881133,1660.3397746274725,-48420.85690038383,-16092.508667964314,180365.04306409293,-54093.11984951873,-13828.534598105123,217775.2126962304
1142,80.99468127183418,3.711873969144629,28.687489624833713,-9736.184080351704,107431.48485550992,-62717.44579364927,-15462.583261433036,326.2681327368151,-3930.1226707712462,-63011.3685013745,-11452.498603955459,109441.72208683897,-61052.44339097428,-3613.3119907622663,140613.4698617243
1143,78.71582639690786,3.6074469364249624,29.562491037496258,-1455.4423780776924,213998.81830913684,-24221.14999891472,-6869.481130017171,11251.278646886298,1125.1135426427668,-24841.6836664156,-1579.5796706454512,214743.48926920543,-30474.878849912577,-4534.562619301839,231662.27935163066
1144,81.10394294969552,3.7168836904880447,29.562487552580848,-666.2508318241598,134320.97809317088,-38349.96611163119,-4507.40224145937,-8194.751744634234,-3705.196503833055,-39137.38025254501,-405.13703634484943,134847.27843860543,-31489.503986128617,3739.363265158204,153524.9304083969
1145,78.94110719144524,2.9597925902584885,27.229164644904372,-42308.320290272444,69803.77133491918,-98890.3732675099,-29957.50644283261,63247.31668801307,11598.942034033767,-125206.057113265,-41584.98650216039,95396.12139256217,-93748.29137947847,-15926.667101099534,185017.35993291106
1146,80.9396917981205,3.0326117689474263,27.22916305566186,-24484.03502675236,27416.64481475395,-130609.15155970746,-22512.907066412743,54671.79983611983,3313.3425578777624,-148479.9055921568,-29352.867257589915,50156.2310780408,-127144.78164255696,-7481.0945077341285,121155.97435676394
1147,78.91508335628625,2.9588972338504087,28.020828892756,-29668.326206841994,122184.41597364479,-68085.18578264947,-22475.877836284722,42015.34867207794,4408.380220915326,-78660.25447900587,-30683.616763195132,133774.77522635442,-72919.56868502792,-18175.60999133288,191201.66718525245
1148,80.96571771384365,3.0335146919894456,28.02082668405152,-13800.223309880508,75918.91999750648,-85549.96535223606,-18341.347412676147,21763.739455687373,-1266.6917455733828,-88450.24409922032,-17285.52036701965,82304.49580162989,-89508.66446402352,-6147.692951910435,125569.79263575026
1149,78.83961615846756,2.9561750460276404,28.812493678575965,-14055.070698079086,169726.2039279419,-42860.80157443028,-14339.229644005976,24938.75781906631,1905.6531121381854,-46149.284233968865,-14701.174134512388,173660.79002391378,-51416.296414383716,-12204.330176877507,203718.58499332273
1150,81.04118702030844,3.036242886980413,28.812491150156003,-6790.532298635051,109923.9323401728,-55666.25743815563,-13063.67363345687,1855.828285817968,-3943.757188542304,-55986.431084915384,-7945.764649443858,111399.3383377414,-57200.06797504688,-2505.2591247631453,134806.3538222076
1151,78.74073064707308,2.9525253726365035,29.60415874382975,-1039.2009095734975,206852.5620537621,-24482.8167779867,-4783.717591821875,9423.654959729902,1320.3393191977445,-24962.21887070841,-1050.2384722263823,207343.0017091368,-30031.835657727614,-3203.0395931694893,217749.54598529838
1152,81.14007453759476,3.0398971959057715,29.60415613743942,1841.0292563998664,136209.66318548727,-34352.94172317798,-4595.29672084479,-5513.183755432972,-3279.4786110764326,-34851.88762888703,2012.4040427978343,136537.23430479833,-30752.082091728058,4761.15376372177,147878.10091330347
1153,78.96316761617044,2.1425141408997774,27.520831318157985,-28995.559878842847,97340.24279297765,-77285.96056982462,-20142.635534751607,44087.32991108618,7553.094745736637,-90206.90803417625,-28874.67647106956,110140.306849556,-84295.04709896584,-15056.925309594184,165193.1766550346
1154,80.96269504277286,2.184099726231561,27.520830206329542,-13712.176287283968,54993.30327510397,-99846.54472260803,-16839.738883568927,38691.54981969643,834.1374295042427,-109209.46600273461,-16720.333294789216,67364.38156273578,-108951.29133058684,-6252.721972463796,110753.87594754095
1155,78.92671796213193,2.1417916237945205,28.22916297097912,-18994.760655856226,139015.44822018064,-54204.54004884578,-13462.463679209759,27807.264257315815,2868.0142761262646,-58699.91386198036,-19448.266619412643,143964.32799687167,-65506.77016006229,-14755.81113945481,175791.16259370075
1156,80.99914595048293,2.184827971876979,28.229161459829132,-6136.434159824934,92071.3543400607,-68619.61713579428,-14713.344124568035,13111.715082608947,-1925.6155935499075,-69691.02876207947,-8293.391507647066,95299.72331416806,-78251.92704092237,-3313.3532060471402,120436.51274132887
1157,78.84600821706339,2.1401316505618335,28.937494558780106,-8293.30262459728,173672.06920003143,-37798.53124909769,-7237.078293694386,15949.467892141729,1509.1718417483319,-39131.516466357534,-8431.630430005354,175143.3822226994,-47479.49600488973,-8367.880169057844,190178.60448677058
1158,81.07985699795591,2.1864925940189908,28.937492858316155,-255.09716689182096,117993.40206638546,-45679.85490615029,-11004.266366590666,705.6118570446482,-3936.76443549151,-46018.86953104791,-938.3102564017449,119015.62978079304,-51623.614104854256,975.6328480564378,131347.9049964851
1159,78.75748881233561,2.1382597729361983,29.645826344717577,1720.49130863163,199658.11572193616,-23899.273942877007,-173.28919610655421,6955.992804973236,1458.3475317280397,-24198.084510774006,1802.9926016561974,199874.42499680864,-28862.72850615804,33.39232532845131,203505.20713918685
1160,81.16837766491814,2.188368221115065,29.645824643809192,6425.334316960834,137565.39269699826,-29841.89462458314,-5393.08838226266,-3239.2853039916286,-2915.768675858526,-30154.958196566236,6459.0207620231495,137844.76982391908,-29110.29941456552,7858.495134880759,143110.63026032745
1161,78.96977043082998,1.1488102590143028,27.812498402787543,-20364.99139515783,90756.42330513621,-62280.00832545366,-8016.732224878888,26402.269360987608,2003.621087047894,-66942.77936378456,-20623.921408100836,95678.12435641012,-67035.26045030174,-11536.187672953467,138396.86899496167
1162,80.98518148332653,1.1781268945399146,27.8124977100105,-6517.522015730032,56039.76060758422,-76177.76100724045,-15720.982015638552,25836.345578282566,1041.6071379295759,-81258.89358901861,-9601.66265420023,64205.033827832594,-83960.77874048272,-1475.9356123224452,98904.15903659335
1163,78.92290087241487,1.1481304603825628,28.437496967591393,-10173.21612354726,133618.39784600775,-45300.90899282739,-870.0837693300546,13613.966625704366,-569.3838765224165,-46337.83900424003,-10171.968488017377,134654.0802218906,-54373.33719807582,-7701.418441078761,159127.806924269
1164,81.03205173025395,1.1788106665418043,28.43749607498839,1888.9690257279253,91535.67354170137,-53034.82925759314,-16353.509883753035,6709.628220602256,-641.5701296740688,-53345.81094060106,-995.6274429486999,94731.25169338597,-63158.351590756385,2594.30826619868,113891.83056482204
1165,78.84478463389074,1.1469956790793223,29.062495609690142,-1134.6704176630883,165475.6794239638,-33366.56604743088,4308.1181319315265,6246.393636244366,-149.4145030244411,-33565.098397707116,-1243.0091886134253,165782.55054519017,-41460.41710202143,-1376.1097681849365,176634.67914681893
1166,81.1101687263271,1.179948702585093,29.06249465986359,7640.294634006608,116012.25634111019,-36045.30797236112,-14199.685423494284,-1505.0870253392693,-2677.0359590111066,-36246.68113479085,6003.404670918811,117850.51946662771,-43962.3350799437,6934.507426288454,127187.06446204375
1167,78.7666681687717,1.1458606525857389,29.687494369927347,6089.031486965476,184723.50895983266,-24247.121929718895,8211.263060634175,3560.2292501705215,1199.5169677906329,-24345.041637006954,5748.015018920061,185162.44513516608,-27837.625317175993,5023.323579728555,187632.5972049582
1168,81.18828572633237,1.181086422194756,29.687493481014286,12137.185521042047,131765.61570822613,-26295.267812793973,-9486.402499694372,-2227.635716409128,-2408.728134535618,-26496.413401265534,11564.749442458564,132539.19737528107,-27496.005145797648,12398.346084453067,136317.37010288695
1169,78.9686416132799,0.15841191733191706,28.104165486853503,-2248.176038120153,101741.18214605618,-40869.71180737587,11692.94114318982,2375.2698998311935,-5732.501927399227,-41818.362039005144,-2618.90087709977,103060.55721666504,-46305.678694011636,522.6533905045487,127115.49523685712
1170,81.0153996010143,0.16884877186079236,28.10416514143041,4729.346697622781,64605.10088097297,-46389.11527846211,-23115.031961483513,6393.233966118572,5439.492037800827,-47710.065066348136,-1990.6971337890134,72646.09450027082,-58533.14160408802,3045.1010776110106,94188.58492541453
1171,78.91135315238323,0.15816568079005935,28.645830962684144,7358.351591554543,135739.2734732096,-26053.18123733144,20130.0203614742,-4554.690228310898,-7717.003846375664,-27749.55278340891,5777.160084347427,139016.8365264943,-38877.24451175866,5031.7830720735055,150607.55658178826
1172,81.07268832427044,0.16909739277756924,28.645830567383854,13280.602344670548,94329.53167641832,-27374.134223183442,-26192.16020105385,-6085.02696275476,5305.643999001089,-28124.323993292935,5888.1645357328625,102472.15925546552,-45253.823764191315,6762.119127741599,111579.30572073851
1173,78.84364918651517,0.15776770171210097,29.187496727822207,14281.288449480668,160891.8651379303,-16953.006122417515,24717.3907930543,-7914.62275662386,-6795.496535340565,-18413.447631631123,11250.844494515293,165382.75060210933,-30320.828074162448,8938.835817069115,168001.1246500333
1174,81.14039264178736,0.1694973685102068,29.187496361873745,17554.960647214506,115641.05811592468,-17341.973909197295,-26425.49322468422,-11243.035825615432,4606.770937487957,-18470.08898172076,10988.166649785182,123335.96718587744,-33271.11444948023,10078.90810853948,126176.11950370361
1175,78.77594509745498,0.15736961105188574,29.729162548039273,17166.020456689388,177256.08839342813,-14842.279790079941,25072.22066337484,-6359.310476122139,-3291.436297197305,-15260.413015625694,13514.735358446724,181325.5067172166,-22497.895562254453,11609.139364336177,179286.5722731396
1176,81.2080969082992,0.16989717491439416,29.729162267351924,18793.553630295726,131729.37600576115,-15510.971781678723,-22249.387225967937,-9622.225847010282,2807.371077371872,-16195.340591750564,14598.274922684412,136609.0235234443,-22846.260966971386,13993.956437179128,137402.61701523967
1177,78.93848399065632,-0.8217081447515038,28.395832250467983,2431.4051331878,65066.11292463097,-32670.56232452226,23687.677137519604,-4366.572670928146,-7948.1286997431935,-34392.70043726053,-4216.900407281232,73436.55657783822,-40453.92204032112,-409.7890482984732,84401.53947748736
1178,81.03715178232487,-0.8505492760134715,28.395832177825607,4121.466594182812,46318.74673251173,-31784.613546376684,-28280.40977663722,-155.28469641268947,8448.273723383843,-34260.78009701768,-7755.5485320544085,60671.928409389926,-44434.82568080828,-3499.8602812569934,69692.83275056878
1179,78.8811995195516,-0.8209784705386554,28.85416511319088,8634.049665928998,81627.10332605721,-20474.575073945456,29451.096638357398,-5904.163904462314,-10478.663952821013,-23999.012681691413,1029.0012492946955,92756.5893504374,-35982.87853425862,2333.9516341028834,98432.25408718381
1180,81.09443643165974,-0.851277702584977,28.85416505401612,9825.057035718732,63504.56155906894,-19028.53931198851,-31877.6452876655,-5340.8231303022785,10411.428061059743,-22778.143450456944,-2131.0923119019053,79210.315045158,-38086.280138040485,-1006.1679817737013,81524.25860003998
1181,78.82391508173009,-0.8202489353337687,29.31249777078583,12453.376069202735,96647.43847763469,-13494.790814564101,32794.419076091384,-7267.784219179046,-11800.45268522203,-18362.872913521096,5112.663588265017,108856.23305752932,-31302.88515501429,4214.3595321364355,109901.73299378275
1182,81.15172091624731,-0.8520061766980344,29.312497745458533,12515.383525127681,77713.28667599762,-12581.001775417459,-33844.98191586256,-7557.051518663953,11726.652951573578,-17678.73393417958,1955.5176603225057,93370.8846995649,-32582.65360230682,1037.0175605359307,91712.1504386208
1183,78.7666306005819,-0.8195194283087813,29.770830462743916,12104.534809353412,110255.07125035314,-13252.662359429021,33767.86029753829,-6187.4205779851745,-8472.130882141048,-15993.42826974698,3821.354028384421,121279.01794164015,-25717.093480123018,2225.372349095501,120160.73047093312
1184,81.209005301365,-0.8527347992554005,29.77083048898147,11764.180004812219,91426.73557743795,-12278.864061734246,-33766.521660257444,-6471.8924235474215,8591.219072697091,-15287.334454849151,1685.1917738635466,104514.1942015016,-25682.365831509465,84.87768522060736,101667.19072008794
1185,78.87921636443721,-1.810883896561542,28.687499146432675,-2820.8853349230976,24206.239958857906,-33083.00672479531,20477.477204339997,87.1432279466954,-6184.2536018809715,-34646.68572260972,-12398.294038936388,35347.32766068561,-38414.45130917291,-7520.081751639813,43093.000668224195
1186,81.05051920083149,-1.8607320634618496,28.687499155226334,-1080.4784470651648,26598.81423633723,-30664.860450149856,-22109.57774016668,-275.15108233532743,7360.520624669093,-32898.280925535,-11301.432514407981,39053.18877906518,-37974.20224888868,-7470.0224852203255,43905.41520661992
1187,78.83235374662961,-1.8098077376118957,29.06249875118761,486.7225473195358,31799.161855263712,-24086.60969915497,23163.852745701002,-637.7739792756142,-8309.300693324885,-27519.82450965322,-8676.757694647244,44395.85690772873,-35297.40854634076,-5677.139533371329,49119.766450518466
1188,81.09738194662822,-1.861807645865931,29.062498765763326,2405.9541947467187,35804.68415989315,-21554.731960752095,-24561.73065904878,-2015.6804454176092,9325.509084615975,-25610.27095345683,-7079.346898381953,49345.524245726585,-34836.29368609675,-5540.125148824069,49972.731302388
1189,78.78549116306037,-1.8087315997913302,29.437498401252675,2038.3901821113868,39102.090165028785,-18586.947359862974,25166.77543018709,-1204.1410603485913,-9815.724823242947,-24040.77140068004,-5663.6817186779,52257.986106635144,-32562.169476389136,-4658.15280706489,54476.87556660434
1190,81.1442445347727,-1.8628831347787544,29.437498421473528,3976.096032877307,43721.82846332574,-16075.806495777479,-26399.455715882505,-2623.525304942468,10517.692826033133,-22004.97839787168,-3948.1112894786056,57575.207687775866,-32028.224489278982,-4419.466315810545,55232.39120366349
1191,78.73862853387406,-1.8076556269308515,29.812498089386327,651.4425305814293,45434.55884447155,-16423.79564660795,27245.80667207288,-1361.143665213534,-7434.1991852939045,-20975.97053398227,-7931.993147453143,58570.16940988043,-27826.585967533545,-8487.855974608372,59503.11597052011
1192,81.19110704263704,-1.8639587937392257,29.812498117102194,2534.394979739269,50188.70202659232,-14093.842709386334,-28339.5629735406,-2664.7645695011274,7846.830377192481,-18865.10935012992,-6316.197850860942,63810.56149793614,-27198.034768694684,-8319.034354258427,59909.53063619671
1193,78.82016301190251,-2.7990383142767143,28.979165977216724,-3833.2645785541135,12845.137388026811,-30960.141852154436,12968.266672781521,-509.82468357718943,-4913.321674188605,-31900.218146646395,-10127.509735115986,20079.458839080642,-34344.12232531428,-6605.779179548143,27353.914201917985
1194,81.0636719911047,-2.8719351892937612,28.979165981654486,-2519.8606718823285,17719.67798171443,-28181.73463852518,-13211.447082833773,-2896.6563608814563,5535.801796305676,-29325.65993121975,-8383.334353368396,24727.07695589507,-34024.111393696876,-7151.647335600847,26182.938893543418
1195,78.7837236524527,-2.797908531701657,29.270832207825315,-1688.8624437212338,17793.137079271022,-23443.143190248866,14227.838667604925,-1537.6884671472449,-5973.992316021573,-25095.848852933126,-7892.631878633613,25649.612176867653,-30793.881058895124,-5998.150881479507,29968.842291492587
1196,81.10011122863312,-2.873064657104219,29.270832211787102,-338.23006098011865,23131.091695777246,-20605.59648624566,-14475.00693739884,-3802.6288264495033,6447.608874010994,-22487.18304786974,-6112.433823857718,30786.882020278914,-30327.512632513826,-6492.453600901948,29112.443621913422
1197,78.74728444013355,-2.796778773273119,29.56249872228148,-1051.8563203728754,21370.323141423632,-19021.938618854838,15501.631256702181,-1674.4184032177025,-6317.487814493229,-21315.165712489284,-7074.583169542517,29686.277084227724,-27476.545097259102,-6402.9608352989435,32249.21955293104
1198,81.1365504442467,-2.8741940229812046,29.562498724974247,243.9293669288909,27020.53155864906,-16560.04410992714,-15690.55917648288,-3723.1493076922893,6633.436010303278,-18941.0753407603,-5355.555054325369,35001.04721073646,-27128.406143750173,-6866.181463039017,31530.398979728714
1199,78.71084527273325,-2.7956491698767465,29.854165268355217,-2390.648141110154,23117.189232611097,-17001.711305573488,17250.11891066127,-1488.6128717744957,-4511.500074929603,-18705.80417787612,-9617.067077526017,32047.701041329612,-23068.86461632062,-9560.933655855602,33960.15254333107
1200,81.1729897409865,-2.8753235425756576,29.85416526942035,-1291.4698052229578,28912.234438144853,-15324.066198701938,-17254.11540844219,-3111.7960052667013,4727.175388773372,-16919.70964257987,-7961.734980203065,37178.143057002904,-23217.862481116317,-10063.152534746714,33046.6080392114
1201,78.74295238181405,-3.7750487048473698,29.27083256426215,-3621.443210162461,6665.087514371164,-26908.345683462754,7158.765340650658,-1943.870792766467,-3048.8187470432267,-27333.25468940466,-7129.096523304211,10597.64983345482,-31924.60652731074,-5777.4450860173,15518.703278546149
1202,81.05751876388338,-3.893718834722536,29.270832566618246,-2614.9417434082325,10776.378521009745,-22981.552890012976,-6968.153025154979,-4569.202428506888,3480.602545895372,-23913.452949107217,-5478.727614185711,14572.06445088147,-30791.44628519566,-5945.948948731428,14450.516719580015
1203,78.71694327503978,-3.7737677426686345,29.47916589032224,-2126.9700440313272,9683.049431509578,-20536.653839281324,7975.964060943164,-2508.7559229394196,-3639.1455346528996,-21264.300222912905,-5854.775471651326,14138.501242761162,-28693.78388794304,-5849.2539058714865,16437.181559451314
1204,81.08352775117743,-3.8949994968025994,29.479165893131096,-1246.6518406175073,14088.083828728111,-16919.500223973788,-7728.516881568499,-4941.854636137804,3950.6929027512524,-18183.830647085873,-4253.743416567325,18359.505827790006,-27329.095497100992,-5913.125624913509,15884.231913581554
1205,78.69093430386022,-3.772486917421458,29.68749898663302,-1865.7950947202198,11390.738776286575,-17580.619104004523,8869.704862453946,-2219.731531183326,-3690.1131195193943,-18406.19045322828,-5878.824899898121,16229.339930688231,-25447.85323069879,-6437.14167154389,17345.920608717137
1206,81.10953672777968,-3.8962800449393793,29.6874989896304,-1212.163063099305,15978.241649930149,-14764.072465407055,-8520.89640824156,-4260.578413030837,3900.0648125940447,-15945.380710969439,-4380.942575651748,20328.329408044978,-24351.738852660048,-6456.280598559373,17086.637384467507
1207,78.6649253515065,-3.7712061029778945,29.895832101772093,-2854.266634006214,11885.64850143552,-17326.716511179115,10055.566718248341,-1307.661693072695,-2606.7423826280033,-17790.395215910452,-7647.89927000568,17142.95984216632,-21846.9066217764,-7959.597114718478,18218.4604448344
1208,81.13554581081216,-3.897560852130752,29.895832104692435,-2530.4872741790496,16639.247954653183,-15693.755365255098,-9518.630304506525,-2711.56545962245,2787.1465361516084,-16281.898726165542,-6214.5927579531,20911.49679933766,-21486.595093821932,-8011.909759287416,17968.172421306677
1209,78.64669338565088,-4.760281659846068,29.562499430376945,-2631.6314881599346,3234.960338023906,-17884.92150549057,3603.4370512726337,-3118.4846650828067,-1004.1067403660995,-18350.910105066796,-4332.019784146072,5401.337233586273,-27967.47847044443,-5504.002513508691,7185.9286068906495
1210,81.0329513843832,-4.904715659537515,29.562499430992396,-1600.781990672066,6748.081681092928,-13233.99315789065,-3348.5627257208457,-5993.642589194454,1347.0809824564144,-14906.731292792192,-2741.122868801454,9561.160694123853,-27870.444485522024,-5326.214986559544,7467.857895406672
1211,78.63109689724064,-4.759337614220437,29.687499339062953,-1468.2514471280233,5465.37461587237,-13300.517174239145,4173.848763802438,-3350.5530188157722,-1498.0900182447408,-13931.498623611275,-3426.875076990026,8054.979695106504,-25370.98683526404,-5462.941479650661,7897.443186064521
1212,81.04854775277904,-4.905659612837354,29.687499339598563,-623.3126251913523,9166.124841657229,-9208.212888168191,-3806.039277865009,-5893.773504105364,1672.599317139868,-10966.037411981095,-1918.3516547988436,12218.988395077631,-25291.031058647393,-5306.139113493151,8204.016394693019
1213,78.61550053737759,-4.758393572414291,29.812499255767687,-1506.482602166941,6418.876273103677,-12986.861279053113,4814.618693623413,-2646.9798166756814,-1605.3155966568697,-13426.198500361252,-3769.0898422523296,9120.820734497205,-22956.34677892335,-5609.718757138492,8654.53352010344
1214,81.06414411741326,-4.90660356959562,29.812499256188254,-980.5812084295721,10193.183737557069,-9967.79489665178,-4324.158489653204,-4647.565501548699,1731.7698736138616,-11051.68952174232,-2456.5255308841106,12753.02268510215,-22886.629130051555,-5466.1190981796535,8977.870781903941
1215,78.59990418245444,-4.757449408623864,29.937499179880295,-2564.1042187069347,6340.131159536145,-16138.770436754734,5582.492434986399,-1229.5268006633773,-1109.38810331573,-16258.371841876058,-5232.80521288562,9128.433558836155,-20696.155617814587,-5985.335308864185,9410.311564506586
1216,81.07974060204754,-4.907547528916648,29.937499180167848,-2473.0187338911473,10107.6230422232,-14608.517845614142,-4948.163176560767,-2455.420186578827,1320.6264269345586,-14910.352563899589,-4167.855573125326,12104.294599742821,-20642.893395435938,-5855.407339696821,9736.39179337204
1217,78.54988826716357,-5.756193733793147,29.854166312356153,3464.103877264146,7430.752605286021,10334.153380199848,1781.2243218148487,-10659.335397309122,358.1756640232272,-2309.0427760723755,3847.4056364410926,19690.647002381294,-23809.24792027726,-4846.207601744627,3568.9865903400555
1218,81.00892962070738,-5.905033106441108,29.854166312287663,4380.137175562267,9739.892701933151,14694.84934475357,-1468.2910914240256,-14482.021952009978,-1101.6821787013073,-2934.2451579835506,4838.857658345905,26910.26672188663,-23829.234930878985,-4812.124940379436,3665.464284732178
1219,78.54468939454604,-5.7558790953239285,29.89583278607379,4199.641868020663,9001.538027403963,12552.885335586836,1984.1631449990834,-9763.726231877736,-189.90728074001976,332.0431230618514,4599.402445094357,20822.61966285525,-22558.533794371095,-4669.060858969823,3852.84969697367
1220,81.01412836998846,-5.905347717778918,29.89583278596221,4879.219155947762,11180.640127307137,16039.465151358318,-1590.958783074185,-12736.006197788445,-542.7547622705912,123.44247240325461,5383.758862756604,26592.12309945336,-22574.764084596158,-4637.891065550041,3952.6208020052554
1221,78.53949064734627,-5.755564457276948,29.937499510866818,2670.07454491924,8268.012227878797,5802.188517207325,2209.3871149352526,-7102.088038309542,-401.0405993951827,-587.7682603614361,2763.0702978702584,14564.973252496544,-21349.696275269594,-4500.993402801869,4153.334694608154
1222,81.01932711881051,-5.905662454481144,29.937499510713824,3044.222965637272,10258.485392809282,8146.4736238306805,-1737.1080870242415,-9077.172586610195,-85.81916761071605,-380.6455972815795,3388.519746790268,18441.30783276855,-21364.939673301415,-4472.931841363292,4257.568148312073
1223,78.53429190050103,-5.755249694610282,29.979166236694237,-934.0217679713955,5422.995945415785,-9163.842909041598,2451.21406817036,-2821.2629564136437,-154.07818110325505,-9701.105373265818,-1699.8234080909717,6726.060049759588,-20194.418405238306,-4343.903869534928,4465.473057216367
1224,81.0245259922354,-5.905977066500649,29.979166236502948,-917.355988189147,7181.635838728371,-8167.893167486171,-1901.3335451364994,-3627.5213460168306,144.34560168851513,-8991.650373496861,-1290.835919622865,8378.87297617278,-20200.905335932384,-4316.111874744418,4576.952239732643
